<?xml version="1.0" encoding="utf-8" standalone="yes"?>
<Gesture Name="ZigZag5" NumPts="55">
	<Point X="15" Y="236" T="undefined" />
	<Point X="24" Y="222" T="undefined" />
	<Point X="69" Y="157" T="undefined" />
	<Point X="100" Y="105" T="undefined" />
	<Point X="113" Y="83" T="undefined" />
	<Point X="120" Y="72" T="undefined" />
	<Point X="122" Y="70" T="undefined" />
	<Point X="122" Y="68" T="undefined" />
	<Point X="123" Y="68" T="undefined" />
	<Point X="123" Y="69" T="undefined" />
	<Point X="124" Y="70" T="undefined" />
	<Point X="124" Y="74" T="undefined" />
	<Point X="126" Y="82" T="undefined" />
	<Point X="132" Y="117" T="undefined" />
	<Point X="137" Y="154" T="undefined" />
	<Point X="143" Y="192" T="undefined" />
	<Point X="150" Y="228" T="undefined" />
	<Point X="153" Y="243" T="undefined" />
	<Point X="156" Y="252" T="undefined" />
	<Point X="159" Y="258" T="undefined" />
	<Point X="160" Y="259" T="undefined" />
	<Point X="160" Y="260" T="undefined" />
	<Point X="162" Y="260" T="undefined" />
	<Point X="164" Y="257" T="undefined" />
	<Point X="194" Y="212" T="undefined" />
	<Point X="247" Y="128" T="undefined" />
	<Point X="279" Y="74" T="undefined" />
	<Point X="298" Y="39" T="undefined" />
	<Point X="302" Y="32" T="undefined" />
	<Point X="303" Y="30" T="undefined" />
	<Point X="304" Y="29" T="undefined" />
	<Point X="304" Y="30" T="undefined" />
	<Point X="304" Y="30" T="undefined" />
	<Point X="302" Y="36" T="undefined" />
	<Point X="302" Y="52" T="undefined" />
	<Point X="294" Y="87" T="undefined" />
	<Point X="276" Y="176" T="undefined" />
	<Point X="270" Y="214" T="undefined" />
	<Point X="268" Y="240" T="undefined" />
	<Point X="267" Y="262" T="undefined" />
	<Point X="268" Y="269" T="undefined" />
	<Point X="268" Y="273" T="undefined" />
	<Point X="269" Y="275" T="undefined" />
	<Point X="270" Y="276" T="undefined" />
	<Point X="271" Y="276" T="undefined" />
	<Point X="274" Y="274" T="undefined" />
	<Point X="279" Y="268" T="undefined" />
	<Point X="324" Y="216" T="undefined" />
	<Point X="362" Y="164" T="undefined" />
	<Point X="384" Y="130" T="undefined" />
	<Point X="396" Y="112" T="undefined" />
	<Point X="398" Y="109" T="undefined" />
	<Point X="399" Y="108" T="undefined" />
	<Point X="400" Y="108" T="undefined" />
	<Point X="400" Y="108" T="undefined" />
</Gesture>