<?xml version="1.0" encoding="utf-8" standalone="yes"?>
<Gesture Name="ZigZag0" NumPts="60">
	<Point X="69" Y="274" T="undefined" />
	<Point X="70" Y="272" T="undefined" />
	<Point X="74" Y="267" T="undefined" />
	<Point X="111" Y="224" T="undefined" />
	<Point X="140" Y="186" T="undefined" />
	<Point X="156" Y="166" T="undefined" />
	<Point X="164" Y="156" T="undefined" />
	<Point X="167" Y="152" T="undefined" />
	<Point X="169" Y="149" T="undefined" />
	<Point X="170" Y="148" T="undefined" />
	<Point X="170" Y="147" T="undefined" />
	<Point X="171" Y="147" T="undefined" />
	<Point X="171" Y="148" T="undefined" />
	<Point X="171" Y="154" T="undefined" />
	<Point X="168" Y="170" T="undefined" />
	<Point X="157" Y="218" T="undefined" />
	<Point X="149" Y="252" T="undefined" />
	<Point X="146" Y="273" T="undefined" />
	<Point X="145" Y="286" T="undefined" />
	<Point X="145" Y="292" T="undefined" />
	<Point X="145" Y="296" T="undefined" />
	<Point X="146" Y="298" T="undefined" />
	<Point X="146" Y="298" T="undefined" />
	<Point X="148" Y="298" T="undefined" />
	<Point X="155" Y="294" T="undefined" />
	<Point X="168" Y="279" T="undefined" />
	<Point X="190" Y="256" T="undefined" />
	<Point X="216" Y="221" T="undefined" />
	<Point X="240" Y="190" T="undefined" />
	<Point X="246" Y="180" T="undefined" />
	<Point X="250" Y="176" T="undefined" />
	<Point X="252" Y="172" T="undefined" />
	<Point X="254" Y="170" T="undefined" />
	<Point X="255" Y="169" T="undefined" />
	<Point X="256" Y="168" T="undefined" />
	<Point X="256" Y="168" T="undefined" />
	<Point X="256" Y="170" T="undefined" />
	<Point X="255" Y="183" T="undefined" />
	<Point X="248" Y="206" T="undefined" />
	<Point X="234" Y="241" T="undefined" />
	<Point X="227" Y="264" T="undefined" />
	<Point X="220" Y="282" T="undefined" />
	<Point X="218" Y="294" T="undefined" />
	<Point X="218" Y="300" T="undefined" />
	<Point X="218" Y="304" T="undefined" />
	<Point X="218" Y="306" T="undefined" />
	<Point X="218" Y="307" T="undefined" />
	<Point X="219" Y="308" T="undefined" />
	<Point X="220" Y="308" T="undefined" />
	<Point X="224" Y="306" T="undefined" />
	<Point X="230" Y="298" T="undefined" />
	<Point X="244" Y="282" T="undefined" />
	<Point X="267" Y="252" T="undefined" />
	<Point X="298" Y="204" T="undefined" />
	<Point X="314" Y="177" T="undefined" />
	<Point X="325" Y="160" T="undefined" />
	<Point X="329" Y="152" T="undefined" />
	<Point X="330" Y="148" T="undefined" />
	<Point X="332" Y="147" T="undefined" />
	<Point X="332" Y="146" T="undefined" />
</Gesture>