<?xml version="1.0" encoding="utf-8" standalone="yes"?>
<Gesture Name="ZigZag2" NumPts="60">
	<Point X="58" Y="294" T="undefined" />
	<Point X="60" Y="291" T="undefined" />
	<Point X="70" Y="272" T="undefined" />
	<Point X="92" Y="224" T="undefined" />
	<Point X="116" Y="168" T="undefined" />
	<Point X="130" Y="141" T="undefined" />
	<Point X="136" Y="127" T="undefined" />
	<Point X="140" Y="122" T="undefined" />
	<Point X="142" Y="120" T="undefined" />
	<Point X="144" Y="120" T="undefined" />
	<Point X="146" Y="120" T="undefined" />
	<Point X="147" Y="123" T="undefined" />
	<Point X="148" Y="130" T="undefined" />
	<Point X="148" Y="146" T="undefined" />
	<Point X="148" Y="176" T="undefined" />
	<Point X="145" Y="224" T="undefined" />
	<Point X="144" Y="249" T="undefined" />
	<Point X="144" Y="269" T="undefined" />
	<Point X="144" Y="282" T="undefined" />
	<Point X="146" Y="289" T="undefined" />
	<Point X="148" Y="294" T="undefined" />
	<Point X="148" Y="296" T="undefined" />
	<Point X="150" Y="298" T="undefined" />
	<Point X="151" Y="298" T="undefined" />
	<Point X="156" Y="296" T="undefined" />
	<Point X="180" Y="270" T="undefined" />
	<Point X="216" Y="226" T="undefined" />
	<Point X="244" Y="183" T="undefined" />
	<Point X="261" Y="154" T="undefined" />
	<Point X="272" Y="135" T="undefined" />
	<Point X="276" Y="128" T="undefined" />
	<Point X="278" Y="126" T="undefined" />
	<Point X="278" Y="125" T="undefined" />
	<Point X="279" Y="124" T="undefined" />
	<Point X="280" Y="124" T="undefined" />
	<Point X="280" Y="126" T="undefined" />
	<Point X="280" Y="130" T="undefined" />
	<Point X="276" Y="146" T="undefined" />
	<Point X="264" Y="189" T="undefined" />
	<Point X="248" Y="236" T="undefined" />
	<Point X="242" Y="260" T="undefined" />
	<Point X="240" Y="274" T="undefined" />
	<Point X="238" Y="281" T="undefined" />
	<Point X="239" Y="286" T="undefined" />
	<Point X="239" Y="290" T="undefined" />
	<Point X="240" Y="294" T="undefined" />
	<Point X="240" Y="296" T="undefined" />
	<Point X="240" Y="297" T="undefined" />
	<Point X="241" Y="298" T="undefined" />
	<Point X="243" Y="298" T="undefined" />
	<Point X="251" Y="292" T="undefined" />
	<Point X="272" Y="274" T="undefined" />
	<Point X="306" Y="234" T="undefined" />
	<Point X="330" Y="207" T="undefined" />
	<Point X="342" Y="194" T="undefined" />
	<Point X="346" Y="190" T="undefined" />
	<Point X="348" Y="188" T="undefined" />
	<Point X="349" Y="187" T="undefined" />
	<Point X="350" Y="186" T="undefined" />
	<Point X="350" Y="186" T="undefined" />
</Gesture>