<?xml version="1.0" encoding="utf-8" standalone="yes"?>
<Gesture Name="ZigZag7" NumPts="58">
	<Point X="66" Y="290" T="undefined" />
	<Point X="72" Y="278" T="undefined" />
	<Point X="85" Y="258" T="undefined" />
	<Point X="120" Y="203" T="undefined" />
	<Point X="132" Y="184" T="undefined" />
	<Point X="142" Y="172" T="undefined" />
	<Point X="144" Y="168" T="undefined" />
	<Point X="145" Y="168" T="undefined" />
	<Point X="146" Y="167" T="undefined" />
	<Point X="146" Y="167" T="undefined" />
	<Point X="147" Y="172" T="undefined" />
	<Point X="147" Y="181" T="undefined" />
	<Point X="145" Y="226" T="undefined" />
	<Point X="142" Y="260" T="undefined" />
	<Point X="142" Y="283" T="undefined" />
	<Point X="142" Y="308" T="undefined" />
	<Point X="144" Y="316" T="undefined" />
	<Point X="144" Y="322" T="undefined" />
	<Point X="146" Y="326" T="undefined" />
	<Point X="146" Y="327" T="undefined" />
	<Point X="147" Y="328" T="undefined" />
	<Point X="148" Y="328" T="undefined" />
	<Point X="150" Y="326" T="undefined" />
	<Point X="162" Y="308" T="undefined" />
	<Point X="194" Y="263" T="undefined" />
	<Point X="224" Y="218" T="undefined" />
	<Point X="242" Y="185" T="undefined" />
	<Point X="248" Y="174" T="undefined" />
	<Point X="252" Y="168" T="undefined" />
	<Point X="254" Y="164" T="undefined" />
	<Point X="255" Y="163" T="undefined" />
	<Point X="256" Y="162" T="undefined" />
	<Point X="256" Y="162" T="undefined" />
	<Point X="257" Y="162" T="undefined" />
	<Point X="257" Y="163" T="undefined" />
	<Point X="257" Y="168" T="undefined" />
	<Point X="256" Y="189" T="undefined" />
	<Point X="250" Y="224" T="undefined" />
	<Point X="244" Y="253" T="undefined" />
	<Point X="238" Y="286" T="undefined" />
	<Point X="237" Y="299" T="undefined" />
	<Point X="236" Y="308" T="undefined" />
	<Point X="236" Y="316" T="undefined" />
	<Point X="236" Y="318" T="undefined" />
	<Point X="236" Y="320" T="undefined" />
	<Point X="236" Y="321" T="undefined" />
	<Point X="236" Y="321" T="undefined" />
	<Point X="237" Y="321" T="undefined" />
	<Point X="238" Y="320" T="undefined" />
	<Point X="244" Y="314" T="undefined" />
	<Point X="270" Y="282" T="undefined" />
	<Point X="292" Y="249" T="undefined" />
	<Point X="308" Y="226" T="undefined" />
	<Point X="318" Y="206" T="undefined" />
	<Point X="321" Y="202" T="undefined" />
	<Point X="323" Y="198" T="undefined" />
	<Point X="323" Y="198" T="undefined" />
	<Point X="324" Y="198" T="undefined" />
</Gesture>