<?xml version="1.0" encoding="utf-8" standalone="yes"?>
<Gesture Name="ZigZag3" NumPts="72">
	<Point X="152" Y="320" T="undefined" />
	<Point X="152" Y="320" T="undefined" />
	<Point X="152" Y="316" T="undefined" />
	<Point X="154" Y="311" T="undefined" />
	<Point X="163" Y="292" T="undefined" />
	<Point X="175" Y="268" T="undefined" />
	<Point X="182" Y="250" T="undefined" />
	<Point X="186" Y="239" T="undefined" />
	<Point X="190" Y="232" T="undefined" />
	<Point X="191" Y="228" T="undefined" />
	<Point X="192" Y="224" T="undefined" />
	<Point X="193" Y="223" T="undefined" />
	<Point X="194" Y="223" T="undefined" />
	<Point X="194" Y="223" T="undefined" />
	<Point X="196" Y="223" T="undefined" />
	<Point X="197" Y="226" T="undefined" />
	<Point X="198" Y="232" T="undefined" />
	<Point X="202" Y="247" T="undefined" />
	<Point X="202" Y="262" T="undefined" />
	<Point X="205" Y="277" T="undefined" />
	<Point X="207" Y="289" T="undefined" />
	<Point X="208" Y="298" T="undefined" />
	<Point X="210" Y="303" T="undefined" />
	<Point X="212" Y="307" T="undefined" />
	<Point X="212" Y="309" T="undefined" />
	<Point X="213" Y="310" T="undefined" />
	<Point X="213" Y="310" T="undefined" />
	<Point X="213" Y="310" T="undefined" />
	<Point X="213" Y="308" T="undefined" />
	<Point X="214" Y="304" T="undefined" />
	<Point X="214" Y="298" T="undefined" />
	<Point X="221" Y="284" T="undefined" />
	<Point X="227" Y="270" T="undefined" />
	<Point X="234" Y="254" T="undefined" />
	<Point X="242" Y="241" T="undefined" />
	<Point X="247" Y="233" T="undefined" />
	<Point X="251" Y="228" T="undefined" />
	<Point X="254" Y="224" T="undefined" />
	<Point X="255" Y="221" T="undefined" />
	<Point X="256" Y="218" T="undefined" />
	<Point X="257" Y="218" T="undefined" />
	<Point X="258" Y="217" T="undefined" />
	<Point X="258" Y="217" T="undefined" />
	<Point X="259" Y="217" T="undefined" />
	<Point X="260" Y="218" T="undefined" />
	<Point X="260" Y="222" T="undefined" />
	<Point X="262" Y="229" T="undefined" />
	<Point X="265" Y="250" T="undefined" />
	<Point X="266" Y="267" T="undefined" />
	<Point X="267" Y="280" T="undefined" />
	<Point X="268" Y="292" T="undefined" />
	<Point X="270" Y="302" T="undefined" />
	<Point X="272" Y="308" T="undefined" />
	<Point X="274" Y="313" T="undefined" />
	<Point X="274" Y="318" T="undefined" />
	<Point X="275" Y="319" T="undefined" />
	<Point X="275" Y="320" T="undefined" />
	<Point X="275" Y="320" T="undefined" />
	<Point X="276" Y="321" T="undefined" />
	<Point X="276" Y="322" T="undefined" />
	<Point X="276" Y="322" T="undefined" />
	<Point X="280" Y="320" T="undefined" />
	<Point X="286" Y="314" T="undefined" />
	<Point X="296" Y="303" T="undefined" />
	<Point X="309" Y="288" T="undefined" />
	<Point X="321" Y="271" T="undefined" />
	<Point X="330" Y="255" T="undefined" />
	<Point X="336" Y="242" T="undefined" />
	<Point X="338" Y="236" T="undefined" />
	<Point X="340" Y="232" T="undefined" />
	<Point X="341" Y="231" T="undefined" />
	<Point X="342" Y="230" T="undefined" />
</Gesture>