<?xml version="1.0" encoding="utf-8" standalone="yes"?>
<Gesture Name="ZigZag9" NumPts="53">
	<Point X="28" Y="274" T="undefined" />
	<Point X="37" Y="264" T="undefined" />
	<Point X="52" Y="244" T="undefined" />
	<Point X="76" Y="210" T="undefined" />
	<Point X="91" Y="186" T="undefined" />
	<Point X="102" Y="169" T="undefined" />
	<Point X="106" Y="164" T="undefined" />
	<Point X="108" Y="162" T="undefined" />
	<Point X="108" Y="162" T="undefined" />
	<Point X="110" Y="162" T="undefined" />
	<Point X="110" Y="163" T="undefined" />
	<Point X="112" Y="173" T="undefined" />
	<Point X="113" Y="191" T="undefined" />
	<Point X="114" Y="236" T="undefined" />
	<Point X="112" Y="263" T="undefined" />
	<Point X="110" Y="286" T="undefined" />
	<Point X="106" Y="307" T="undefined" />
	<Point X="104" Y="314" T="undefined" />
	<Point X="104" Y="318" T="undefined" />
	<Point X="104" Y="320" T="undefined" />
	<Point X="104" Y="321" T="undefined" />
	<Point X="105" Y="321" T="undefined" />
	<Point X="113" Y="314" T="undefined" />
	<Point X="136" Y="291" T="undefined" />
	<Point X="173" Y="246" T="undefined" />
	<Point X="204" Y="200" T="undefined" />
	<Point X="213" Y="179" T="undefined" />
	<Point X="218" Y="165" T="undefined" />
	<Point X="220" Y="162" T="undefined" />
	<Point X="220" Y="159" T="undefined" />
	<Point X="221" Y="158" T="undefined" />
	<Point X="222" Y="157" T="undefined" />
	<Point X="222" Y="158" T="undefined" />
	<Point X="222" Y="158" T="undefined" />
	<Point X="223" Y="161" T="undefined" />
	<Point X="225" Y="166" T="undefined" />
	<Point X="227" Y="192" T="undefined" />
	<Point X="227" Y="228" T="undefined" />
	<Point X="226" Y="279" T="undefined" />
	<Point X="226" Y="302" T="undefined" />
	<Point X="226" Y="314" T="undefined" />
	<Point X="226" Y="326" T="undefined" />
	<Point X="226" Y="329" T="undefined" />
	<Point X="227" Y="331" T="undefined" />
	<Point X="228" Y="332" T="undefined" />
	<Point X="230" Y="332" T="undefined" />
	<Point X="243" Y="322" T="undefined" />
	<Point X="271" Y="298" T="undefined" />
	<Point X="312" Y="258" T="undefined" />
	<Point X="348" Y="210" T="undefined" />
	<Point X="358" Y="191" T="undefined" />
	<Point X="363" Y="182" T="undefined" />
	<Point X="366" Y="176" T="undefined" />
</Gesture>