<?xml version="1.0" encoding="utf-8" standalone="yes"?>
<Gesture Name="ZigZag1" NumPts="52">
	<Point X="30" Y="245" T="undefined" />
	<Point X="30" Y="245" T="undefined" />
	<Point X="32" Y="242" T="undefined" />
	<Point X="45" Y="224" T="undefined" />
	<Point X="70" Y="188" T="undefined" />
	<Point X="96" Y="141" T="undefined" />
	<Point X="114" Y="108" T="undefined" />
	<Point X="125" Y="92" T="undefined" />
	<Point X="130" Y="85" T="undefined" />
	<Point X="132" Y="83" T="undefined" />
	<Point X="134" Y="83" T="undefined" />
	<Point X="134" Y="84" T="undefined" />
	<Point X="136" Y="90" T="undefined" />
	<Point X="139" Y="110" T="undefined" />
	<Point X="139" Y="165" T="undefined" />
	<Point X="140" Y="204" T="undefined" />
	<Point X="140" Y="229" T="undefined" />
	<Point X="142" Y="242" T="undefined" />
	<Point X="142" Y="248" T="undefined" />
	<Point X="143" Y="250" T="undefined" />
	<Point X="143" Y="252" T="undefined" />
	<Point X="144" Y="253" T="undefined" />
	<Point X="148" Y="250" T="undefined" />
	<Point X="158" Y="238" T="undefined" />
	<Point X="176" Y="214" T="undefined" />
	<Point X="208" Y="165" T="undefined" />
	<Point X="219" Y="144" T="undefined" />
	<Point X="226" Y="129" T="undefined" />
	<Point X="233" Y="119" T="undefined" />
	<Point X="236" Y="114" T="undefined" />
	<Point X="238" Y="111" T="undefined" />
	<Point X="240" Y="110" T="undefined" />
	<Point X="240" Y="109" T="undefined" />
	<Point X="241" Y="109" T="undefined" />
	<Point X="241" Y="112" T="undefined" />
	<Point X="240" Y="124" T="undefined" />
	<Point X="236" Y="151" T="undefined" />
	<Point X="228" Y="188" T="undefined" />
	<Point X="218" Y="219" T="undefined" />
	<Point X="213" Y="240" T="undefined" />
	<Point X="210" Y="256" T="undefined" />
	<Point X="210" Y="266" T="undefined" />
	<Point X="210" Y="270" T="undefined" />
	<Point X="210" Y="272" T="undefined" />
	<Point X="213" Y="273" T="undefined" />
	<Point X="231" Y="265" T="undefined" />
	<Point X="243" Y="256" T="undefined" />
	<Point X="285" Y="221" T="undefined" />
	<Point X="303" Y="204" T="undefined" />
	<Point X="310" Y="196" T="undefined" />
	<Point X="314" Y="192" T="undefined" />
	<Point X="316" Y="191" T="undefined" />
</Gesture>