<?xml version="1.0" encoding="utf-8" standalone="yes"?>
<Gesture Name="V0" NumPts="32">
	<Point X="126" Y="168" T="undefined" />
	<Point X="128" Y="174" T="undefined" />
	<Point X="133" Y="184" T="undefined" />
	<Point X="152" Y="217" T="undefined" />
	<Point X="191" Y="276" T="undefined" />
	<Point X="206" Y="298" T="undefined" />
	<Point X="216" Y="309" T="undefined" />
	<Point X="221" Y="316" T="undefined" />
	<Point X="224" Y="318" T="undefined" />
	<Point X="226" Y="321" T="undefined" />
	<Point X="228" Y="323" T="undefined" />
	<Point X="230" Y="324" T="undefined" />
	<Point X="233" Y="328" T="undefined" />
	<Point X="236" Y="332" T="undefined" />
	<Point X="237" Y="335" T="undefined" />
	<Point X="240" Y="338" T="undefined" />
	<Point X="241" Y="339" T="undefined" />
	<Point X="242" Y="339" T="undefined" />
	<Point X="242" Y="339" T="undefined" />
	<Point X="244" Y="338" T="undefined" />
	<Point X="250" Y="330" T="undefined" />
	<Point X="278" Y="272" T="undefined" />
	<Point X="293" Y="237" T="undefined" />
	<Point X="302" Y="214" T="undefined" />
	<Point X="306" Y="205" T="undefined" />
	<Point X="310" Y="198" T="undefined" />
	<Point X="313" Y="190" T="undefined" />
	<Point X="314" Y="188" T="undefined" />
	<Point X="315" Y="186" T="undefined" />
	<Point X="316" Y="185" T="undefined" />
	<Point X="316" Y="184" T="undefined" />
	<Point X="316" Y="184" T="undefined" />
</Gesture>