<?xml version="1.0" encoding="utf-8" standalone="yes"?>
<Gesture Name="V1" NumPts="31">
	<Point X="153" Y="171" T="undefined" />
	<Point X="154" Y="173" T="undefined" />
	<Point X="160" Y="186" T="undefined" />
	<Point X="171" Y="208" T="undefined" />
	<Point X="190" Y="252" T="undefined" />
	<Point X="198" Y="277" T="undefined" />
	<Point X="205" Y="292" T="undefined" />
	<Point X="214" Y="315" T="undefined" />
	<Point X="219" Y="329" T="undefined" />
	<Point X="224" Y="338" T="undefined" />
	<Point X="228" Y="346" T="undefined" />
	<Point X="229" Y="348" T="undefined" />
	<Point X="230" Y="348" T="undefined" />
	<Point X="230" Y="349" T="undefined" />
	<Point X="231" Y="350" T="undefined" />
	<Point X="231" Y="350" T="undefined" />
	<Point X="232" Y="350" T="undefined" />
	<Point X="232" Y="352" T="undefined" />
	<Point X="233" Y="352" T="undefined" />
	<Point X="234" Y="350" T="undefined" />
	<Point X="236" Y="345" T="undefined" />
	<Point X="245" Y="310" T="undefined" />
	<Point X="256" Y="250" T="undefined" />
	<Point X="264" Y="210" T="undefined" />
	<Point X="270" Y="187" T="undefined" />
	<Point X="270" Y="184" T="undefined" />
	<Point X="270" Y="184" T="undefined" />
	<Point X="271" Y="183" T="undefined" />
	<Point X="272" Y="183" T="undefined" />
	<Point X="272" Y="183" T="undefined" />
	<Point X="273" Y="184" T="undefined" />
</Gesture>