<?xml version="1.0" encoding="utf-8" standalone="yes"?>
<Gesture Name="V2" NumPts="27">
	<Point X="101" Y="121" T="undefined" />
	<Point X="101" Y="121" T="undefined" />
	<Point X="112" Y="142" T="undefined" />
	<Point X="149" Y="214" T="undefined" />
	<Point X="186" Y="286" T="undefined" />
	<Point X="210" Y="338" T="undefined" />
	<Point X="224" Y="370" T="undefined" />
	<Point X="237" Y="396" T="undefined" />
	<Point X="248" Y="410" T="undefined" />
	<Point X="257" Y="419" T="undefined" />
	<Point X="262" Y="424" T="undefined" />
	<Point X="264" Y="426" T="undefined" />
	<Point X="265" Y="426" T="undefined" />
	<Point X="266" Y="426" T="undefined" />
	<Point X="268" Y="423" T="undefined" />
	<Point X="274" Y="405" T="undefined" />
	<Point X="285" Y="377" T="undefined" />
	<Point X="299" Y="343" T="undefined" />
	<Point X="314" Y="300" T="undefined" />
	<Point X="322" Y="261" T="undefined" />
	<Point X="326" Y="235" T="undefined" />
	<Point X="330" Y="222" T="undefined" />
	<Point X="330" Y="216" T="undefined" />
	<Point X="332" Y="214" T="undefined" />
	<Point X="333" Y="212" T="undefined" />
	<Point X="333" Y="211" T="undefined" />
	<Point X="334" Y="210" T="undefined" />
</Gesture>