<?xml version="1.0" encoding="utf-8" standalone="yes"?>
<Gesture Name="V3" NumPts="64">
	<Point X="108" Y="149" T="undefined" />
	<Point X="108" Y="149" T="undefined" />
	<Point X="108" Y="149" T="undefined" />
	<Point X="113" Y="157" T="undefined" />
	<Point X="119" Y="169" T="undefined" />
	<Point X="129" Y="186" T="undefined" />
	<Point X="140" Y="205" T="undefined" />
	<Point X="146" Y="216" T="undefined" />
	<Point X="154" Y="226" T="undefined" />
	<Point X="161" Y="233" T="undefined" />
	<Point X="164" Y="236" T="undefined" />
	<Point X="167" Y="240" T="undefined" />
	<Point X="170" Y="243" T="undefined" />
	<Point X="173" Y="248" T="undefined" />
	<Point X="176" Y="251" T="undefined" />
	<Point X="178" Y="255" T="undefined" />
	<Point X="182" Y="260" T="undefined" />
	<Point X="184" Y="266" T="undefined" />
	<Point X="187" Y="270" T="undefined" />
	<Point X="190" Y="276" T="undefined" />
	<Point X="192" Y="281" T="undefined" />
	<Point X="194" Y="285" T="undefined" />
	<Point X="200" Y="296" T="undefined" />
	<Point X="204" Y="305" T="undefined" />
	<Point X="212" Y="319" T="undefined" />
	<Point X="216" Y="324" T="undefined" />
	<Point X="220" Y="331" T="undefined" />
	<Point X="224" Y="336" T="undefined" />
	<Point X="228" Y="345" T="undefined" />
	<Point X="230" Y="348" T="undefined" />
	<Point X="232" Y="352" T="undefined" />
	<Point X="233" Y="352" T="undefined" />
	<Point X="234" Y="353" T="undefined" />
	<Point X="234" Y="352" T="undefined" />
	<Point X="236" Y="350" T="undefined" />
	<Point X="238" Y="338" T="undefined" />
	<Point X="248" Y="299" T="undefined" />
	<Point X="264" Y="248" T="undefined" />
	<Point X="274" Y="212" T="undefined" />
	<Point X="277" Y="200" T="undefined" />
	<Point X="280" Y="195" T="undefined" />
	<Point X="281" Y="192" T="undefined" />
	<Point X="281" Y="191" T="undefined" />
	<Point X="282" Y="190" T="undefined" />
	<Point X="282" Y="189" T="undefined" />
	<Point X="282" Y="188" T="undefined" />
	<Point X="284" Y="187" T="undefined" />
	<Point X="286" Y="184" T="undefined" />
	<Point X="287" Y="182" T="undefined" />
	<Point X="289" Y="178" T="undefined" />
	<Point X="292" Y="168" T="undefined" />
	<Point X="294" Y="162" T="undefined" />
	<Point X="298" Y="148" T="undefined" />
	<Point X="300" Y="142" T="undefined" />
	<Point X="302" Y="138" T="undefined" />
	<Point X="302" Y="136" T="undefined" />
	<Point X="302" Y="136" T="undefined" />
	<Point X="303" Y="135" T="undefined" />
	<Point X="304" Y="134" T="undefined" />
	<Point X="304" Y="134" T="undefined" />
	<Point X="304" Y="133" T="undefined" />
	<Point X="304" Y="132" T="undefined" />
	<Point X="304" Y="132" T="undefined" />
	<Point X="304" Y="131" T="undefined" />
</Gesture>