<?xml version="1.0" encoding="utf-8" standalone="yes"?>
<Gesture Name="V5" NumPts="27">
	<Point X="57" Y="77" T="undefined" />
	<Point X="57" Y="77" T="undefined" />
	<Point X="62" Y="99" T="undefined" />
	<Point X="75" Y="138" T="undefined" />
	<Point X="104" Y="212" T="undefined" />
	<Point X="135" Y="274" T="undefined" />
	<Point X="177" Y="353" T="undefined" />
	<Point X="198" Y="384" T="undefined" />
	<Point X="211" Y="400" T="undefined" />
	<Point X="220" Y="411" T="undefined" />
	<Point X="223" Y="412" T="undefined" />
	<Point X="224" Y="413" T="undefined" />
	<Point X="225" Y="413" T="undefined" />
	<Point X="226" Y="413" T="undefined" />
	<Point X="226" Y="413" T="undefined" />
	<Point X="227" Y="413" T="undefined" />
	<Point X="228" Y="413" T="undefined" />
	<Point X="233" Y="405" T="undefined" />
	<Point X="250" Y="373" T="undefined" />
	<Point X="289" Y="292" T="undefined" />
	<Point X="322" Y="198" T="undefined" />
	<Point X="330" Y="168" T="undefined" />
	<Point X="333" Y="158" T="undefined" />
	<Point X="335" Y="154" T="undefined" />
	<Point X="335" Y="152" T="undefined" />
	<Point X="336" Y="152" T="undefined" />
	<Point X="337" Y="152" T="undefined" />
</Gesture>