<?xml version="1.0" encoding="utf-8" standalone="yes"?>
<Gesture Name="V7" NumPts="16">
	<Point X="109" Y="112" T="undefined" />
	<Point X="109" Y="112" T="undefined" />
	<Point X="118" Y="142" T="undefined" />
	<Point X="148" Y="252" T="undefined" />
	<Point X="180" Y="332" T="undefined" />
	<Point X="207" Y="385" T="undefined" />
	<Point X="227" Y="422" T="undefined" />
	<Point X="230" Y="427" T="undefined" />
	<Point X="233" Y="430" T="undefined" />
	<Point X="234" Y="430" T="undefined" />
	<Point X="235" Y="428" T="undefined" />
	<Point X="268" Y="368" T="undefined" />
	<Point X="321" Y="242" T="undefined" />
	<Point X="354" Y="147" T="undefined" />
	<Point X="386" Y="71" T="undefined" />
	<Point X="392" Y="62" T="undefined" />
</Gesture>