<?xml version="1.0" encoding="utf-8" standalone="yes"?>
<Gesture Name="V8" NumPts="15">
	<Point X="124" Y="136" T="undefined" />
	<Point X="124" Y="136" T="undefined" />
	<Point X="134" Y="165" T="undefined" />
	<Point X="168" Y="261" T="undefined" />
	<Point X="187" Y="312" T="undefined" />
	<Point X="198" Y="334" T="undefined" />
	<Point X="204" Y="346" T="undefined" />
	<Point X="205" Y="348" T="undefined" />
	<Point X="206" Y="349" T="undefined" />
	<Point X="208" Y="349" T="undefined" />
	<Point X="210" Y="344" T="undefined" />
	<Point X="232" Y="297" T="undefined" />
	<Point X="258" Y="230" T="undefined" />
	<Point X="271" Y="193" T="undefined" />
	<Point X="282" Y="169" T="undefined" />
</Gesture>