<?xml version="1.0" encoding="utf-8" standalone="yes"?>
<Gesture Name="V9" NumPts="22">
	<Point X="106" Y="129" T="undefined" />
	<Point X="106" Y="129" T="undefined" />
	<Point X="112" Y="140" T="undefined" />
	<Point X="139" Y="190" T="undefined" />
	<Point X="162" Y="231" T="undefined" />
	<Point X="182" Y="264" T="undefined" />
	<Point X="206" Y="301" T="undefined" />
	<Point X="218" Y="317" T="undefined" />
	<Point X="228" Y="332" T="undefined" />
	<Point X="232" Y="338" T="undefined" />
	<Point X="234" Y="340" T="undefined" />
	<Point X="236" Y="344" T="undefined" />
	<Point X="236" Y="344" T="undefined" />
	<Point X="237" Y="344" T="undefined" />
	<Point X="238" Y="342" T="undefined" />
	<Point X="240" Y="337" T="undefined" />
	<Point X="244" Y="314" T="undefined" />
	<Point X="252" Y="166" T="undefined" />
	<Point X="256" Y="90" T="undefined" />
	<Point X="258" Y="52" T="undefined" />
	<Point X="258" Y="38" T="undefined" />
	<Point X="258" Y="37" T="undefined" />
</Gesture>