<?xml version="1.0" encoding="utf-8" standalone="yes"?>
<Gesture Name="Arrow7" NumPts="60">
	<Point X="210" Y="175" T="undefined" />
	<Point X="211" Y="176" T="undefined" />
	<Point X="215" Y="179" T="undefined" />
	<Point X="221" Y="182" T="undefined" />
	<Point X="228" Y="185" T="undefined" />
	<Point X="238" Y="190" T="undefined" />
	<Point X="253" Y="199" T="undefined" />
	<Point X="270" Y="209" T="undefined" />
	<Point X="281" Y="216" T="undefined" />
	<Point X="285" Y="218" T="undefined" />
	<Point X="286" Y="218" T="undefined" />
	<Point X="286" Y="219" T="undefined" />
	<Point X="287" Y="219" T="undefined" />
	<Point X="288" Y="220" T="undefined" />
	<Point X="288" Y="220" T="undefined" />
	<Point X="287" Y="220" T="undefined" />
	<Point X="286" Y="220" T="undefined" />
	<Point X="284" Y="219" T="undefined" />
	<Point X="281" Y="218" T="undefined" />
	<Point X="278" Y="215" T="undefined" />
	<Point X="273" Y="212" T="undefined" />
	<Point X="269" Y="208" T="undefined" />
	<Point X="267" Y="207" T="undefined" />
	<Point X="266" Y="205" T="undefined" />
	<Point X="264" Y="201" T="undefined" />
	<Point X="263" Y="198" T="undefined" />
	<Point X="262" Y="195" T="undefined" />
	<Point X="261" Y="194" T="undefined" />
	<Point X="261" Y="191" T="undefined" />
	<Point X="259" Y="186" T="undefined" />
	<Point X="259" Y="184" T="undefined" />
	<Point X="259" Y="183" T="undefined" />
	<Point X="259" Y="182" T="undefined" />
	<Point X="259" Y="181" T="undefined" />
	<Point X="260" Y="182" T="undefined" />
	<Point X="260" Y="183" T="undefined" />
	<Point X="266" Y="190" T="undefined" />
	<Point X="276" Y="202" T="undefined" />
	<Point X="285" Y="210" T="undefined" />
	<Point X="290" Y="214" T="undefined" />
	<Point X="291" Y="216" T="undefined" />
	<Point X="294" Y="218" T="undefined" />
	<Point X="298" Y="224" T="undefined" />
	<Point X="301" Y="227" T="undefined" />
	<Point X="303" Y="229" T="undefined" />
	<Point X="306" Y="232" T="undefined" />
	<Point X="308" Y="235" T="undefined" />
	<Point X="309" Y="238" T="undefined" />
	<Point X="310" Y="238" T="undefined" />
	<Point X="310" Y="239" T="undefined" />
	<Point X="309" Y="239" T="undefined" />
	<Point X="308" Y="239" T="undefined" />
	<Point X="306" Y="239" T="undefined" />
	<Point X="304" Y="240" T="undefined" />
	<Point X="297" Y="240" T="undefined" />
	<Point X="289" Y="240" T="undefined" />
	<Point X="275" Y="242" T="undefined" />
	<Point X="257" Y="246" T="undefined" />
	<Point X="239" Y="251" T="undefined" />
	<Point X="228" Y="257" T="undefined" />
</Gesture>