<?xml version="1.0" encoding="utf-8" standalone="yes"?>
<Gesture Name="Delete5" NumPts="31">
	<Point X="208" Y="146" T="undefined" />
	<Point X="220" Y="160" T="undefined" />
	<Point X="247" Y="194" T="undefined" />
	<Point X="319" Y="282" T="undefined" />
	<Point X="362" Y="336" T="undefined" />
	<Point X="394" Y="376" T="undefined" />
	<Point X="420" Y="411" T="undefined" />
	<Point X="425" Y="420" T="undefined" />
	<Point X="426" Y="423" T="undefined" />
	<Point X="428" Y="424" T="undefined" />
	<Point X="426" Y="424" T="undefined" />
	<Point X="424" Y="424" T="undefined" />
	<Point X="374" Y="415" T="undefined" />
	<Point X="254" Y="403" T="undefined" />
	<Point X="182" Y="402" T="undefined" />
	<Point X="114" Y="410" T="undefined" />
	<Point X="90" Y="412" T="undefined" />
	<Point X="74" Y="413" T="undefined" />
	<Point X="71" Y="413" T="undefined" />
	<Point X="70" Y="413" T="undefined" />
	<Point X="69" Y="412" T="undefined" />
	<Point X="69" Y="411" T="undefined" />
	<Point X="70" Y="409" T="undefined" />
	<Point X="90" Y="391" T="undefined" />
	<Point X="169" Y="327" T="undefined" />
	<Point X="252" Y="260" T="undefined" />
	<Point X="330" Y="197" T="undefined" />
	<Point X="350" Y="178" T="undefined" />
	<Point X="358" Y="168" T="undefined" />
	<Point X="360" Y="165" T="undefined" />
	<Point X="361" Y="164" T="undefined" />
</Gesture>