<?xml version="1.0" encoding="utf-8" standalone="yes"?>
<Gesture Name="Delete4" NumPts="34">
	<Point X="170" Y="96" T="undefined" />
	<Point X="178" Y="110" T="undefined" />
	<Point X="192" Y="136" T="undefined" />
	<Point X="228" Y="199" T="undefined" />
	<Point X="254" Y="244" T="undefined" />
	<Point X="282" Y="288" T="undefined" />
	<Point X="295" Y="307" T="undefined" />
	<Point X="302" Y="317" T="undefined" />
	<Point X="306" Y="323" T="undefined" />
	<Point X="308" Y="324" T="undefined" />
	<Point X="308" Y="325" T="undefined" />
	<Point X="309" Y="326" T="undefined" />
	<Point X="309" Y="327" T="undefined" />
	<Point X="309" Y="328" T="undefined" />
	<Point X="309" Y="328" T="undefined" />
	<Point X="308" Y="328" T="undefined" />
	<Point X="306" Y="328" T="undefined" />
	<Point X="295" Y="328" T="undefined" />
	<Point X="245" Y="328" T="undefined" />
	<Point X="138" Y="336" T="undefined" />
	<Point X="108" Y="338" T="undefined" />
	<Point X="83" Y="341" T="undefined" />
	<Point X="78" Y="341" T="undefined" />
	<Point X="76" Y="341" T="undefined" />
	<Point X="74" Y="341" T="undefined" />
	<Point X="74" Y="340" T="undefined" />
	<Point X="74" Y="340" T="undefined" />
	<Point X="74" Y="339" T="undefined" />
	<Point X="74" Y="338" T="undefined" />
	<Point X="75" Y="338" T="undefined" />
	<Point X="77" Y="335" T="undefined" />
	<Point X="83" Y="327" T="undefined" />
	<Point X="110" Y="290" T="undefined" />
	<Point X="218" Y="134" T="undefined" />
</Gesture>