<?xml version="1.0" encoding="utf-8" standalone="yes"?>
<Gesture Name="Delete6" NumPts="35">
	<Point X="193" Y="136" T="undefined" />
	<Point X="203" Y="156" T="undefined" />
	<Point X="222" Y="196" T="undefined" />
	<Point X="263" Y="275" T="undefined" />
	<Point X="290" Y="337" T="undefined" />
	<Point X="322" Y="397" T="undefined" />
	<Point X="336" Y="419" T="undefined" />
	<Point X="345" Y="433" T="undefined" />
	<Point X="348" Y="436" T="undefined" />
	<Point X="348" Y="437" T="undefined" />
	<Point X="349" Y="437" T="undefined" />
	<Point X="348" Y="437" T="undefined" />
	<Point X="342" Y="436" T="undefined" />
	<Point X="291" Y="434" T="undefined" />
	<Point X="199" Y="432" T="undefined" />
	<Point X="138" Y="432" T="undefined" />
	<Point X="97" Y="433" T="undefined" />
	<Point X="82" Y="433" T="undefined" />
	<Point X="75" Y="433" T="undefined" />
	<Point X="70" Y="433" T="undefined" />
	<Point X="70" Y="433" T="undefined" />
	<Point X="70" Y="432" T="undefined" />
	<Point X="70" Y="432" T="undefined" />
	<Point X="71" Y="432" T="undefined" />
	<Point X="76" Y="427" T="undefined" />
	<Point X="120" Y="386" T="undefined" />
	<Point X="203" Y="298" T="undefined" />
	<Point X="264" Y="228" T="undefined" />
	<Point X="328" Y="144" T="undefined" />
	<Point X="343" Y="118" T="undefined" />
	<Point X="349" Y="109" T="undefined" />
	<Point X="349" Y="108" T="undefined" />
	<Point X="350" Y="108" T="undefined" />
	<Point X="350" Y="109" T="undefined" />
	<Point X="350" Y="110" T="undefined" />
</Gesture>