<?xml version="1.0" encoding="utf-8" standalone="yes"?>
<Gesture Name="Delete8" NumPts="39">
	<Point X="137" Y="104" T="undefined" />
	<Point X="145" Y="116" T="undefined" />
	<Point X="166" Y="140" T="undefined" />
	<Point X="187" Y="170" T="undefined" />
	<Point X="242" Y="232" T="undefined" />
	<Point X="264" Y="260" T="undefined" />
	<Point X="286" Y="286" T="undefined" />
	<Point X="296" Y="298" T="undefined" />
	<Point X="301" Y="303" T="undefined" />
	<Point X="305" Y="307" T="undefined" />
	<Point X="306" Y="309" T="undefined" />
	<Point X="306" Y="310" T="undefined" />
	<Point X="307" Y="310" T="undefined" />
	<Point X="307" Y="311" T="undefined" />
	<Point X="307" Y="312" T="undefined" />
	<Point X="307" Y="312" T="undefined" />
	<Point X="306" Y="313" T="undefined" />
	<Point X="300" Y="314" T="undefined" />
	<Point X="284" Y="317" T="undefined" />
	<Point X="238" Y="323" T="undefined" />
	<Point X="176" Y="326" T="undefined" />
	<Point X="150" Y="328" T="undefined" />
	<Point X="138" Y="328" T="undefined" />
	<Point X="126" Y="326" T="undefined" />
	<Point X="122" Y="326" T="undefined" />
	<Point X="120" Y="326" T="undefined" />
	<Point X="118" Y="324" T="undefined" />
	<Point X="118" Y="324" T="undefined" />
	<Point X="118" Y="323" T="undefined" />
	<Point X="118" Y="322" T="undefined" />
	<Point X="119" Y="320" T="undefined" />
	<Point X="124" Y="315" T="undefined" />
	<Point X="137" Y="299" T="undefined" />
	<Point X="180" Y="244" T="undefined" />
	<Point X="252" Y="151" T="undefined" />
	<Point X="272" Y="125" T="undefined" />
	<Point X="282" Y="115" T="undefined" />
	<Point X="284" Y="113" T="undefined" />
	<Point X="285" Y="112" T="undefined" />
</Gesture>