<?xml version="1.0" encoding="utf-8" standalone="yes"?>
<Gesture Name="Delete1" NumPts="50">
	<Point X="140" Y="178" T="undefined" />
	<Point X="142" Y="178" T="undefined" />
	<Point X="151" Y="188" T="undefined" />
	<Point X="157" Y="196" T="undefined" />
	<Point X="176" Y="221" T="undefined" />
	<Point X="192" Y="240" T="undefined" />
	<Point X="212" Y="268" T="undefined" />
	<Point X="220" Y="278" T="undefined" />
	<Point X="229" Y="294" T="undefined" />
	<Point X="237" Y="306" T="undefined" />
	<Point X="242" Y="315" T="undefined" />
	<Point X="247" Y="320" T="undefined" />
	<Point X="250" Y="325" T="undefined" />
	<Point X="252" Y="327" T="undefined" />
	<Point X="254" Y="329" T="undefined" />
	<Point X="256" Y="330" T="undefined" />
	<Point X="257" Y="331" T="undefined" />
	<Point X="258" Y="332" T="undefined" />
	<Point X="258" Y="332" T="undefined" />
	<Point X="258" Y="332" T="undefined" />
	<Point X="257" Y="332" T="undefined" />
	<Point X="255" Y="332" T="undefined" />
	<Point X="242" Y="330" T="undefined" />
	<Point X="213" Y="328" T="undefined" />
	<Point X="178" Y="328" T="undefined" />
	<Point X="140" Y="330" T="undefined" />
	<Point X="128" Y="330" T="undefined" />
	<Point X="115" Y="332" T="undefined" />
	<Point X="112" Y="332" T="undefined" />
	<Point X="111" Y="332" T="undefined" />
	<Point X="110" Y="331" T="undefined" />
	<Point X="109" Y="330" T="undefined" />
	<Point X="109" Y="329" T="undefined" />
	<Point X="110" Y="324" T="undefined" />
	<Point X="118" Y="310" T="undefined" />
	<Point X="147" Y="269" T="undefined" />
	<Point X="183" Y="216" T="undefined" />
	<Point X="199" Y="188" T="undefined" />
	<Point X="206" Y="175" T="undefined" />
	<Point X="208" Y="172" T="undefined" />
	<Point X="209" Y="171" T="undefined" />
	<Point X="210" Y="170" T="undefined" />
	<Point X="211" Y="170" T="undefined" />
	<Point X="212" Y="168" T="undefined" />
	<Point X="213" Y="168" T="undefined" />
	<Point X="214" Y="166" T="undefined" />
	<Point X="216" Y="165" T="undefined" />
	<Point X="218" Y="164" T="undefined" />
	<Point X="218" Y="164" T="undefined" />
	<Point X="219" Y="163" T="undefined" />
</Gesture>