<?xml version="1.0" encoding="utf-8" standalone="yes"?>
<Gesture Name="Arrow4" NumPts="64">
	<Point X="148" Y="346" T="undefined" />
	<Point X="148" Y="346" T="undefined" />
	<Point X="150" Y="344" T="undefined" />
	<Point X="153" Y="339" T="undefined" />
	<Point X="158" Y="327" T="undefined" />
	<Point X="172" Y="311" T="undefined" />
	<Point X="190" Y="298" T="undefined" />
	<Point X="207" Y="287" T="undefined" />
	<Point X="224" Y="283" T="undefined" />
	<Point X="240" Y="278" T="undefined" />
	<Point X="255" Y="273" T="undefined" />
	<Point X="266" Y="268" T="undefined" />
	<Point X="284" Y="260" T="undefined" />
	<Point X="293" Y="256" T="undefined" />
	<Point X="302" Y="252" T="undefined" />
	<Point X="308" Y="249" T="undefined" />
	<Point X="310" Y="247" T="undefined" />
	<Point X="311" Y="246" T="undefined" />
	<Point X="311" Y="245" T="undefined" />
	<Point X="311" Y="243" T="undefined" />
	<Point X="310" Y="242" T="undefined" />
	<Point X="307" Y="241" T="undefined" />
	<Point X="296" Y="239" T="undefined" />
	<Point X="281" Y="235" T="undefined" />
	<Point X="261" Y="232" T="undefined" />
	<Point X="238" Y="229" T="undefined" />
	<Point X="207" Y="223" T="undefined" />
	<Point X="196" Y="220" T="undefined" />
	<Point X="194" Y="219" T="undefined" />
	<Point X="194" Y="218" T="undefined" />
	<Point X="195" Y="217" T="undefined" />
	<Point X="200" Y="217" T="undefined" />
	<Point X="209" Y="217" T="undefined" />
	<Point X="226" Y="217" T="undefined" />
	<Point X="237" Y="218" T="undefined" />
	<Point X="249" Y="220" T="undefined" />
	<Point X="262" Y="222" T="undefined" />
	<Point X="271" Y="222" T="undefined" />
	<Point X="281" Y="224" T="undefined" />
	<Point X="286" Y="225" T="undefined" />
	<Point X="289" Y="227" T="undefined" />
	<Point X="292" Y="230" T="undefined" />
	<Point X="296" Y="233" T="undefined" />
	<Point X="303" Y="238" T="undefined" />
	<Point X="311" Y="245" T="undefined" />
	<Point X="318" Y="253" T="undefined" />
	<Point X="325" Y="262" T="undefined" />
	<Point X="329" Y="270" T="undefined" />
	<Point X="335" Y="280" T="undefined" />
	<Point X="340" Y="288" T="undefined" />
	<Point X="343" Y="295" T="undefined" />
	<Point X="347" Y="298" T="undefined" />
	<Point X="348" Y="301" T="undefined" />
	<Point X="349" Y="302" T="undefined" />
	<Point X="349" Y="302" T="undefined" />
	<Point X="349" Y="301" T="undefined" />
	<Point X="346" Y="296" T="undefined" />
	<Point X="337" Y="285" T="undefined" />
	<Point X="325" Y="273" T="undefined" />
	<Point X="312" Y="258" T="undefined" />
	<Point X="301" Y="245" T="undefined" />
	<Point X="290" Y="235" T="undefined" />
	<Point X="284" Y="229" T="undefined" />
	<Point X="281" Y="225" T="undefined" />
</Gesture>