<?xml version="1.0" encoding="utf-8" standalone="yes"?>
<Gesture Name="Arrow5" NumPts="114">
	<Point X="170" Y="367" T="undefined" />
	<Point X="170" Y="366" T="undefined" />
	<Point X="170" Y="365" T="undefined" />
	<Point X="173" Y="362" T="undefined" />
	<Point X="179" Y="359" T="undefined" />
	<Point X="188" Y="354" T="undefined" />
	<Point X="206" Y="346" T="undefined" />
	<Point X="218" Y="340" T="undefined" />
	<Point X="230" Y="335" T="undefined" />
	<Point X="240" Y="331" T="undefined" />
	<Point X="248" Y="328" T="undefined" />
	<Point X="254" Y="325" T="undefined" />
	<Point X="258" Y="321" T="undefined" />
	<Point X="267" Y="314" T="undefined" />
	<Point X="270" Y="311" T="undefined" />
	<Point X="274" Y="308" T="undefined" />
	<Point X="277" Y="305" T="undefined" />
	<Point X="279" Y="303" T="undefined" />
	<Point X="281" Y="302" T="undefined" />
	<Point X="282" Y="301" T="undefined" />
	<Point X="283" Y="299" T="undefined" />
	<Point X="284" Y="298" T="undefined" />
	<Point X="284" Y="298" T="undefined" />
	<Point X="284" Y="297" T="undefined" />
	<Point X="282" Y="295" T="undefined" />
	<Point X="280" Y="294" T="undefined" />
	<Point X="278" Y="293" T="undefined" />
	<Point X="272" Y="292" T="undefined" />
	<Point X="265" Y="292" T="undefined" />
	<Point X="257" Y="292" T="undefined" />
	<Point X="249" Y="291" T="undefined" />
	<Point X="243" Y="291" T="undefined" />
	<Point X="234" Y="291" T="undefined" />
	<Point X="228" Y="291" T="undefined" />
	<Point X="220" Y="291" T="undefined" />
	<Point X="215" Y="291" T="undefined" />
	<Point X="211" Y="289" T="undefined" />
	<Point X="208" Y="289" T="undefined" />
	<Point X="203" Y="288" T="undefined" />
	<Point X="200" Y="288" T="undefined" />
	<Point X="197" Y="288" T="undefined" />
	<Point X="193" Y="288" T="undefined" />
	<Point X="192" Y="289" T="undefined" />
	<Point X="191" Y="289" T="undefined" />
	<Point X="190" Y="289" T="undefined" />
	<Point X="191" Y="289" T="undefined" />
	<Point X="193" Y="289" T="undefined" />
	<Point X="198" Y="290" T="undefined" />
	<Point X="208" Y="291" T="undefined" />
	<Point X="219" Y="293" T="undefined" />
	<Point X="229" Y="295" T="undefined" />
	<Point X="235" Y="295" T="undefined" />
	<Point X="239" Y="295" T="undefined" />
	<Point X="241" Y="295" T="undefined" />
	<Point X="244" Y="294" T="undefined" />
	<Point X="245" Y="293" T="undefined" />
	<Point X="247" Y="293" T="undefined" />
	<Point X="250" Y="292" T="undefined" />
	<Point X="252" Y="292" T="undefined" />
	<Point X="255" Y="292" T="undefined" />
	<Point X="257" Y="292" T="undefined" />
	<Point X="258" Y="291" T="undefined" />
	<Point X="259" Y="291" T="undefined" />
	<Point X="259" Y="291" T="undefined" />
	<Point X="260" Y="291" T="undefined" />
	<Point X="262" Y="291" T="undefined" />
	<Point X="263" Y="291" T="undefined" />
	<Point X="265" Y="291" T="undefined" />
	<Point X="267" Y="291" T="undefined" />
	<Point X="268" Y="292" T="undefined" />
	<Point X="270" Y="293" T="undefined" />
	<Point X="272" Y="293" T="undefined" />
	<Point X="273" Y="294" T="undefined" />
	<Point X="274" Y="295" T="undefined" />
	<Point X="275" Y="296" T="undefined" />
	<Point X="276" Y="298" T="undefined" />
	<Point X="278" Y="299" T="undefined" />
	<Point X="278" Y="300" T="undefined" />
	<Point X="279" Y="301" T="undefined" />
	<Point X="280" Y="302" T="undefined" />
	<Point X="281" Y="303" T="undefined" />
	<Point X="283" Y="303" T="undefined" />
	<Point X="287" Y="305" T="undefined" />
	<Point X="291" Y="306" T="undefined" />
	<Point X="296" Y="307" T="undefined" />
	<Point X="298" Y="307" T="undefined" />
	<Point X="298" Y="307" T="undefined" />
	<Point X="298" Y="308" T="undefined" />
	<Point X="297" Y="309" T="undefined" />
	<Point X="294" Y="312" T="undefined" />
	<Point X="292" Y="315" T="undefined" />
	<Point X="289" Y="318" T="undefined" />
	<Point X="286" Y="321" T="undefined" />
	<Point X="283" Y="323" T="undefined" />
	<Point X="280" Y="328" T="undefined" />
	<Point X="277" Y="333" T="undefined" />
	<Point X="274" Y="339" T="undefined" />
	<Point X="271" Y="343" T="undefined" />
	<Point X="266" Y="349" T="undefined" />
	<Point X="264" Y="352" T="undefined" />
	<Point X="261" Y="355" T="undefined" />
	<Point X="259" Y="358" T="undefined" />
	<Point X="258" Y="361" T="undefined" />
	<Point X="256" Y="363" T="undefined" />
	<Point X="256" Y="366" T="undefined" />
	<Point X="255" Y="369" T="undefined" />
	<Point X="254" Y="373" T="undefined" />
	<Point X="253" Y="375" T="undefined" />
	<Point X="253" Y="378" T="undefined" />
	<Point X="252" Y="380" T="undefined" />
	<Point X="252" Y="383" T="undefined" />
	<Point X="252" Y="385" T="undefined" />
	<Point X="252" Y="386" T="undefined" />
	<Point X="252" Y="387" T="undefined" />
</Gesture>