<?xml version="1.0" encoding="utf-8" standalone="yes"?>
<Gesture Name="Arrow2" NumPts="118">
	<Point X="131" Y="360" T="undefined" />
	<Point X="131" Y="360" T="undefined" />
	<Point X="131" Y="359" T="undefined" />
	<Point X="132" Y="358" T="undefined" />
	<Point X="134" Y="355" T="undefined" />
	<Point X="139" Y="351" T="undefined" />
	<Point X="145" Y="348" T="undefined" />
	<Point X="150" Y="345" T="undefined" />
	<Point X="157" Y="341" T="undefined" />
	<Point X="166" Y="338" T="undefined" />
	<Point X="175" Y="334" T="undefined" />
	<Point X="183" Y="331" T="undefined" />
	<Point X="192" Y="327" T="undefined" />
	<Point X="204" Y="322" T="undefined" />
	<Point X="210" Y="319" T="undefined" />
	<Point X="216" Y="316" T="undefined" />
	<Point X="222" Y="313" T="undefined" />
	<Point X="228" Y="311" T="undefined" />
	<Point X="236" Y="307" T="undefined" />
	<Point X="246" Y="303" T="undefined" />
	<Point X="254" Y="300" T="undefined" />
	<Point X="262" Y="297" T="undefined" />
	<Point X="268" Y="292" T="undefined" />
	<Point X="271" Y="289" T="undefined" />
	<Point X="274" Y="286" T="undefined" />
	<Point X="277" Y="283" T="undefined" />
	<Point X="280" Y="281" T="undefined" />
	<Point X="282" Y="279" T="undefined" />
	<Point X="286" Y="276" T="undefined" />
	<Point X="290" Y="272" T="undefined" />
	<Point X="291" Y="270" T="undefined" />
	<Point X="292" Y="269" T="undefined" />
	<Point X="293" Y="268" T="undefined" />
	<Point X="293" Y="267" T="undefined" />
	<Point X="293" Y="266" T="undefined" />
	<Point X="293" Y="266" T="undefined" />
	<Point X="293" Y="264" T="undefined" />
	<Point X="292" Y="263" T="undefined" />
	<Point X="291" Y="261" T="undefined" />
	<Point X="289" Y="260" T="undefined" />
	<Point X="286" Y="259" T="undefined" />
	<Point X="283" Y="257" T="undefined" />
	<Point X="279" Y="256" T="undefined" />
	<Point X="276" Y="254" T="undefined" />
	<Point X="272" Y="253" T="undefined" />
	<Point X="269" Y="252" T="undefined" />
	<Point X="267" Y="251" T="undefined" />
	<Point X="264" Y="251" T="undefined" />
	<Point X="262" Y="251" T="undefined" />
	<Point X="260" Y="250" T="undefined" />
	<Point X="258" Y="250" T="undefined" />
	<Point X="257" Y="250" T="undefined" />
	<Point X="256" Y="250" T="undefined" />
	<Point X="256" Y="250" T="undefined" />
	<Point X="255" Y="250" T="undefined" />
	<Point X="254" Y="250" T="undefined" />
	<Point X="254" Y="250" T="undefined" />
	<Point X="252" Y="250" T="undefined" />
	<Point X="252" Y="250" T="undefined" />
	<Point X="253" Y="250" T="undefined" />
	<Point X="254" Y="250" T="undefined" />
	<Point X="256" Y="250" T="undefined" />
	<Point X="257" Y="251" T="undefined" />
	<Point X="259" Y="251" T="undefined" />
	<Point X="260" Y="252" T="undefined" />
	<Point X="262" Y="252" T="undefined" />
	<Point X="263" Y="253" T="undefined" />
	<Point X="266" Y="254" T="undefined" />
	<Point X="271" Y="255" T="undefined" />
	<Point X="274" Y="257" T="undefined" />
	<Point X="277" Y="258" T="undefined" />
	<Point X="280" Y="258" T="undefined" />
	<Point X="282" Y="258" T="undefined" />
	<Point X="284" Y="259" T="undefined" />
	<Point X="286" Y="260" T="undefined" />
	<Point X="288" Y="260" T="undefined" />
	<Point X="288" Y="260" T="undefined" />
	<Point X="289" Y="260" T="undefined" />
	<Point X="290" Y="260" T="undefined" />
	<Point X="291" Y="260" T="undefined" />
	<Point X="293" Y="260" T="undefined" />
	<Point X="295" Y="261" T="undefined" />
	<Point X="298" Y="262" T="undefined" />
	<Point X="299" Y="263" T="undefined" />
	<Point X="300" Y="263" T="undefined" />
	<Point X="300" Y="264" T="undefined" />
	<Point X="301" Y="264" T="undefined" />
	<Point X="300" Y="265" T="undefined" />
	<Point X="300" Y="265" T="undefined" />
	<Point X="300" Y="265" T="undefined" />
	<Point X="300" Y="267" T="undefined" />
	<Point X="299" Y="268" T="undefined" />
	<Point X="299" Y="270" T="undefined" />
	<Point X="299" Y="273" T="undefined" />
	<Point X="299" Y="275" T="undefined" />
	<Point X="299" Y="278" T="undefined" />
	<Point X="299" Y="280" T="undefined" />
	<Point X="298" Y="284" T="undefined" />
	<Point X="298" Y="290" T="undefined" />
	<Point X="297" Y="295" T="undefined" />
	<Point X="297" Y="299" T="undefined" />
	<Point X="296" Y="302" T="undefined" />
	<Point X="296" Y="306" T="undefined" />
	<Point X="295" Y="310" T="undefined" />
	<Point X="294" Y="315" T="undefined" />
	<Point X="293" Y="320" T="undefined" />
	<Point X="292" Y="325" T="undefined" />
	<Point X="290" Y="329" T="undefined" />
	<Point X="290" Y="333" T="undefined" />
	<Point X="289" Y="335" T="undefined" />
	<Point X="288" Y="338" T="undefined" />
	<Point X="286" Y="341" T="undefined" />
	<Point X="285" Y="343" T="undefined" />
	<Point X="283" Y="346" T="undefined" />
	<Point X="281" Y="350" T="undefined" />
	<Point X="281" Y="351" T="undefined" />
	<Point X="281" Y="352" T="undefined" />
	<Point X="280" Y="353" T="undefined" />
</Gesture>