<?xml version="1.0" encoding="utf-8" standalone="yes"?>
<Gesture Name="Arrow7" NumPts="81">
	<Point X="170" Y="415" T="undefined" />
	<Point X="171" Y="415" T="undefined" />
	<Point X="173" Y="414" T="undefined" />
	<Point X="175" Y="413" T="undefined" />
	<Point X="177" Y="413" T="undefined" />
	<Point X="180" Y="412" T="undefined" />
	<Point X="185" Y="411" T="undefined" />
	<Point X="195" Y="409" T="undefined" />
	<Point X="201" Y="408" T="undefined" />
	<Point X="205" Y="408" T="undefined" />
	<Point X="207" Y="408" T="undefined" />
	<Point X="210" Y="406" T="undefined" />
	<Point X="212" Y="405" T="undefined" />
	<Point X="214" Y="404" T="undefined" />
	<Point X="217" Y="403" T="undefined" />
	<Point X="220" Y="402" T="undefined" />
	<Point X="224" Y="402" T="undefined" />
	<Point X="226" Y="402" T="undefined" />
	<Point X="226" Y="401" T="undefined" />
	<Point X="227" Y="401" T="undefined" />
	<Point X="227" Y="401" T="undefined" />
	<Point X="227" Y="401" T="undefined" />
	<Point X="227" Y="400" T="undefined" />
	<Point X="227" Y="399" T="undefined" />
	<Point X="224" Y="398" T="undefined" />
	<Point X="221" Y="396" T="undefined" />
	<Point X="218" Y="394" T="undefined" />
	<Point X="214" Y="392" T="undefined" />
	<Point X="210" Y="389" T="undefined" />
	<Point X="207" Y="388" T="undefined" />
	<Point X="203" Y="387" T="undefined" />
	<Point X="200" Y="387" T="undefined" />
	<Point X="199" Y="387" T="undefined" />
	<Point X="198" Y="386" T="undefined" />
	<Point X="197" Y="386" T="undefined" />
	<Point X="196" Y="386" T="undefined" />
	<Point X="198" Y="387" T="undefined" />
	<Point X="199" Y="387" T="undefined" />
	<Point X="200" Y="388" T="undefined" />
	<Point X="204" Y="389" T="undefined" />
	<Point X="207" Y="389" T="undefined" />
	<Point X="210" Y="390" T="undefined" />
	<Point X="212" Y="391" T="undefined" />
	<Point X="214" Y="391" T="undefined" />
	<Point X="214" Y="391" T="undefined" />
	<Point X="215" Y="392" T="undefined" />
	<Point X="216" Y="394" T="undefined" />
	<Point X="217" Y="395" T="undefined" />
	<Point X="218" Y="395" T="undefined" />
	<Point X="218" Y="395" T="undefined" />
	<Point X="218" Y="396" T="undefined" />
	<Point X="219" Y="397" T="undefined" />
	<Point X="220" Y="397" T="undefined" />
	<Point X="222" Y="398" T="undefined" />
	<Point X="222" Y="399" T="undefined" />
	<Point X="223" Y="399" T="undefined" />
	<Point X="223" Y="399" T="undefined" />
	<Point X="223" Y="399" T="undefined" />
	<Point X="224" Y="399" T="undefined" />
	<Point X="224" Y="399" T="undefined" />
	<Point X="225" Y="401" T="undefined" />
	<Point X="226" Y="404" T="undefined" />
	<Point X="226" Y="405" T="undefined" />
	<Point X="226" Y="408" T="undefined" />
	<Point X="225" Y="411" T="undefined" />
	<Point X="224" Y="413" T="undefined" />
	<Point X="223" Y="416" T="undefined" />
	<Point X="223" Y="419" T="undefined" />
	<Point X="223" Y="421" T="undefined" />
	<Point X="223" Y="422" T="undefined" />
	<Point X="223" Y="423" T="undefined" />
	<Point X="223" Y="424" T="undefined" />
	<Point X="222" Y="424" T="undefined" />
	<Point X="222" Y="423" T="undefined" />
	<Point X="222" Y="419" T="undefined" />
	<Point X="222" Y="415" T="undefined" />
	<Point X="223" Y="411" T="undefined" />
	<Point X="223" Y="409" T="undefined" />
	<Point X="223" Y="407" T="undefined" />
	<Point X="224" Y="407" T="undefined" />
	<Point X="224" Y="407" T="undefined" />
</Gesture>