<?xml version="1.0" encoding="utf-8" standalone="yes"?>
<Gesture Name="Arrow0" NumPts="85">
	<Point X="95" Y="309" T="undefined" />
	<Point X="96" Y="309" T="undefined" />
	<Point X="98" Y="309" T="undefined" />
	<Point X="99" Y="308" T="undefined" />
	<Point X="102" Y="308" T="undefined" />
	<Point X="105" Y="306" T="undefined" />
	<Point X="109" Y="303" T="undefined" />
	<Point X="112" Y="300" T="undefined" />
	<Point X="116" Y="297" T="undefined" />
	<Point X="120" Y="294" T="undefined" />
	<Point X="124" Y="291" T="undefined" />
	<Point X="130" Y="286" T="undefined" />
	<Point X="138" Y="282" T="undefined" />
	<Point X="146" Y="278" T="undefined" />
	<Point X="158" Y="273" T="undefined" />
	<Point X="167" Y="269" T="undefined" />
	<Point X="178" Y="266" T="undefined" />
	<Point X="186" Y="263" T="undefined" />
	<Point X="198" Y="260" T="undefined" />
	<Point X="211" Y="256" T="undefined" />
	<Point X="223" Y="253" T="undefined" />
	<Point X="234" Y="251" T="undefined" />
	<Point X="252" Y="246" T="undefined" />
	<Point X="260" Y="242" T="undefined" />
	<Point X="264" Y="239" T="undefined" />
	<Point X="268" Y="236" T="undefined" />
	<Point X="270" Y="234" T="undefined" />
	<Point X="272" Y="233" T="undefined" />
	<Point X="272" Y="233" T="undefined" />
	<Point X="272" Y="232" T="undefined" />
	<Point X="272" Y="232" T="undefined" />
	<Point X="272" Y="231" T="undefined" />
	<Point X="272" Y="229" T="undefined" />
	<Point X="270" Y="226" T="undefined" />
	<Point X="265" Y="224" T="undefined" />
	<Point X="255" Y="220" T="undefined" />
	<Point X="244" Y="217" T="undefined" />
	<Point X="232" Y="215" T="undefined" />
	<Point X="220" Y="212" T="undefined" />
	<Point X="214" Y="211" T="undefined" />
	<Point X="208" Y="209" T="undefined" />
	<Point X="205" Y="208" T="undefined" />
	<Point X="204" Y="208" T="undefined" />
	<Point X="204" Y="208" T="undefined" />
	<Point X="203" Y="208" T="undefined" />
	<Point X="203" Y="207" T="undefined" />
	<Point X="204" Y="207" T="undefined" />
	<Point X="207" Y="207" T="undefined" />
	<Point X="212" Y="208" T="undefined" />
	<Point X="221" Y="210" T="undefined" />
	<Point X="234" Y="214" T="undefined" />
	<Point X="248" Y="218" T="undefined" />
	<Point X="260" Y="222" T="undefined" />
	<Point X="268" Y="225" T="undefined" />
	<Point X="272" Y="226" T="undefined" />
	<Point X="272" Y="227" T="undefined" />
	<Point X="272" Y="228" T="undefined" />
	<Point X="272" Y="230" T="undefined" />
	<Point X="270" Y="234" T="undefined" />
	<Point X="268" Y="240" T="undefined" />
	<Point X="266" Y="245" T="undefined" />
	<Point X="264" Y="251" T="undefined" />
	<Point X="262" Y="256" T="undefined" />
	<Point X="260" Y="262" T="undefined" />
	<Point X="258" Y="265" T="undefined" />
	<Point X="258" Y="268" T="undefined" />
	<Point X="258" Y="271" T="undefined" />
	<Point X="257" Y="274" T="undefined" />
	<Point X="256" Y="276" T="undefined" />
	<Point X="256" Y="276" T="undefined" />
	<Point X="256" Y="276" T="undefined" />
	<Point X="255" Y="275" T="undefined" />
	<Point X="255" Y="272" T="undefined" />
	<Point X="255" Y="268" T="undefined" />
	<Point X="257" Y="262" T="undefined" />
	<Point X="258" Y="257" T="undefined" />
	<Point X="258" Y="254" T="undefined" />
	<Point X="260" Y="251" T="undefined" />
	<Point X="260" Y="248" T="undefined" />
	<Point X="261" Y="245" T="undefined" />
	<Point X="262" Y="242" T="undefined" />
	<Point X="263" Y="239" T="undefined" />
	<Point X="264" Y="237" T="undefined" />
	<Point X="264" Y="236" T="undefined" />
	<Point X="264" Y="236" T="undefined" />
</Gesture>