<?xml version="1.0" encoding="utf-8" standalone="yes"?>
<Gesture Name="Arrow8" NumPts="64">
	<Point X="120" Y="396" T="undefined" />
	<Point X="120" Y="395" T="undefined" />
	<Point X="122" Y="393" T="undefined" />
	<Point X="126" Y="391" T="undefined" />
	<Point X="132" Y="388" T="undefined" />
	<Point X="140" Y="383" T="undefined" />
	<Point X="152" Y="379" T="undefined" />
	<Point X="167" Y="370" T="undefined" />
	<Point X="189" Y="363" T="undefined" />
	<Point X="216" Y="356" T="undefined" />
	<Point X="245" Y="345" T="undefined" />
	<Point X="267" Y="339" T="undefined" />
	<Point X="290" Y="331" T="undefined" />
	<Point X="301" Y="327" T="undefined" />
	<Point X="307" Y="324" T="undefined" />
	<Point X="314" Y="321" T="undefined" />
	<Point X="318" Y="318" T="undefined" />
	<Point X="323" Y="315" T="undefined" />
	<Point X="327" Y="312" T="undefined" />
	<Point X="328" Y="309" T="undefined" />
	<Point X="328" Y="307" T="undefined" />
	<Point X="326" Y="306" T="undefined" />
	<Point X="324" Y="305" T="undefined" />
	<Point X="321" Y="302" T="undefined" />
	<Point X="314" Y="300" T="undefined" />
	<Point X="303" Y="298" T="undefined" />
	<Point X="276" Y="294" T="undefined" />
	<Point X="256" Y="295" T="undefined" />
	<Point X="240" Y="296" T="undefined" />
	<Point X="227" Y="297" T="undefined" />
	<Point X="224" Y="297" T="undefined" />
	<Point X="222" Y="297" T="undefined" />
	<Point X="223" Y="298" T="undefined" />
	<Point X="223" Y="299" T="undefined" />
	<Point X="236" Y="301" T="undefined" />
	<Point X="255" Y="302" T="undefined" />
	<Point X="282" Y="308" T="undefined" />
	<Point X="297" Y="310" T="undefined" />
	<Point X="307" Y="310" T="undefined" />
	<Point X="310" Y="310" T="undefined" />
	<Point X="312" Y="310" T="undefined" />
	<Point X="314" Y="310" T="undefined" />
	<Point X="317" Y="310" T="undefined" />
	<Point X="323" Y="310" T="undefined" />
	<Point X="327" Y="310" T="undefined" />
	<Point X="329" Y="311" T="undefined" />
	<Point X="330" Y="312" T="undefined" />
	<Point X="333" Y="313" T="undefined" />
	<Point X="336" Y="315" T="undefined" />
	<Point X="337" Y="315" T="undefined" />
	<Point X="337" Y="315" T="undefined" />
	<Point X="338" Y="316" T="undefined" />
	<Point X="338" Y="318" T="undefined" />
	<Point X="338" Y="324" T="undefined" />
	<Point X="338" Y="334" T="undefined" />
	<Point X="338" Y="345" T="undefined" />
	<Point X="338" Y="357" T="undefined" />
	<Point X="335" Y="369" T="undefined" />
	<Point X="332" Y="381" T="undefined" />
	<Point X="330" Y="388" T="undefined" />
	<Point X="329" Y="391" T="undefined" />
	<Point X="328" Y="393" T="undefined" />
	<Point X="329" Y="391" T="undefined" />
	<Point X="331" Y="389" T="undefined" />
</Gesture>