<?xml version="1.0" encoding="utf-8" standalone="yes"?>
<Gesture Name="Arrow9" NumPts="73">
	<Point X="151" Y="414" T="undefined" />
	<Point X="151" Y="414" T="undefined" />
	<Point X="151" Y="414" T="undefined" />
	<Point X="153" Y="413" T="undefined" />
	<Point X="165" Y="407" T="undefined" />
	<Point X="184" Y="400" T="undefined" />
	<Point X="212" Y="389" T="undefined" />
	<Point X="255" Y="378" T="undefined" />
	<Point X="282" Y="367" T="undefined" />
	<Point X="304" Y="357" T="undefined" />
	<Point X="322" Y="351" T="undefined" />
	<Point X="345" Y="343" T="undefined" />
	<Point X="358" Y="336" T="undefined" />
	<Point X="370" Y="330" T="undefined" />
	<Point X="380" Y="326" T="undefined" />
	<Point X="386" Y="323" T="undefined" />
	<Point X="389" Y="321" T="undefined" />
	<Point X="392" Y="319" T="undefined" />
	<Point X="393" Y="319" T="undefined" />
	<Point X="393" Y="319" T="undefined" />
	<Point X="392" Y="318" T="undefined" />
	<Point X="390" Y="317" T="undefined" />
	<Point X="378" Y="313" T="undefined" />
	<Point X="361" Y="309" T="undefined" />
	<Point X="345" Y="305" T="undefined" />
	<Point X="320" Y="299" T="undefined" />
	<Point X="306" Y="295" T="undefined" />
	<Point X="298" Y="293" T="undefined" />
	<Point X="293" Y="293" T="undefined" />
	<Point X="290" Y="292" T="undefined" />
	<Point X="289" Y="292" T="undefined" />
	<Point X="288" Y="292" T="undefined" />
	<Point X="288" Y="292" T="undefined" />
	<Point X="288" Y="292" T="undefined" />
	<Point X="289" Y="292" T="undefined" />
	<Point X="298" Y="293" T="undefined" />
	<Point X="310" Y="295" T="undefined" />
	<Point X="321" Y="298" T="undefined" />
	<Point X="331" Y="301" T="undefined" />
	<Point X="336" Y="302" T="undefined" />
	<Point X="340" Y="303" T="undefined" />
	<Point X="342" Y="303" T="undefined" />
	<Point X="344" Y="303" T="undefined" />
	<Point X="347" Y="303" T="undefined" />
	<Point X="351" Y="303" T="undefined" />
	<Point X="353" Y="303" T="undefined" />
	<Point X="356" Y="303" T="undefined" />
	<Point X="357" Y="303" T="undefined" />
	<Point X="359" Y="303" T="undefined" />
	<Point X="360" Y="303" T="undefined" />
	<Point X="363" Y="304" T="undefined" />
	<Point X="364" Y="305" T="undefined" />
	<Point X="367" Y="308" T="undefined" />
	<Point X="373" Y="312" T="undefined" />
	<Point X="381" Y="316" T="undefined" />
	<Point X="387" Y="319" T="undefined" />
	<Point X="389" Y="320" T="undefined" />
	<Point X="390" Y="320" T="undefined" />
	<Point X="390" Y="321" T="undefined" />
	<Point X="390" Y="321" T="undefined" />
	<Point X="391" Y="323" T="undefined" />
	<Point X="391" Y="327" T="undefined" />
	<Point X="391" Y="333" T="undefined" />
	<Point X="389" Y="343" T="undefined" />
	<Point X="385" Y="354" T="undefined" />
	<Point X="381" Y="366" T="undefined" />
	<Point X="378" Y="377" T="undefined" />
	<Point X="374" Y="394" T="undefined" />
	<Point X="374" Y="399" T="undefined" />
	<Point X="373" Y="402" T="undefined" />
	<Point X="372" Y="405" T="undefined" />
	<Point X="372" Y="407" T="undefined" />
	<Point X="372" Y="409" T="undefined" />
</Gesture>