<?xml version="1.0" encoding="utf-8" standalone="yes"?>
<Gesture Name="Arrow3" NumPts="60">
	<Point X="136" Y="358" T="undefined" />
	<Point X="136" Y="357" T="undefined" />
	<Point X="138" Y="356" T="undefined" />
	<Point X="142" Y="354" T="undefined" />
	<Point X="160" Y="343" T="undefined" />
	<Point X="168" Y="340" T="undefined" />
	<Point X="193" Y="330" T="undefined" />
	<Point X="210" Y="323" T="undefined" />
	<Point X="226" Y="314" T="undefined" />
	<Point X="242" Y="305" T="undefined" />
	<Point X="258" Y="296" T="undefined" />
	<Point X="274" Y="290" T="undefined" />
	<Point X="285" Y="286" T="undefined" />
	<Point X="297" Y="283" T="undefined" />
	<Point X="313" Y="277" T="undefined" />
	<Point X="318" Y="274" T="undefined" />
	<Point X="323" Y="271" T="undefined" />
	<Point X="327" Y="268" T="undefined" />
	<Point X="330" Y="265" T="undefined" />
	<Point X="332" Y="263" T="undefined" />
	<Point X="333" Y="261" T="undefined" />
	<Point X="334" Y="259" T="undefined" />
	<Point X="334" Y="258" T="undefined" />
	<Point X="333" Y="256" T="undefined" />
	<Point X="330" Y="253" T="undefined" />
	<Point X="325" Y="251" T="undefined" />
	<Point X="316" Y="249" T="undefined" />
	<Point X="301" Y="247" T="undefined" />
	<Point X="285" Y="247" T="undefined" />
	<Point X="258" Y="245" T="undefined" />
	<Point X="247" Y="243" T="undefined" />
	<Point X="243" Y="242" T="undefined" />
	<Point X="242" Y="242" T="undefined" />
	<Point X="244" Y="242" T="undefined" />
	<Point X="248" Y="243" T="undefined" />
	<Point X="256" Y="243" T="undefined" />
	<Point X="271" Y="244" T="undefined" />
	<Point X="286" Y="244" T="undefined" />
	<Point X="298" Y="244" T="undefined" />
	<Point X="305" Y="243" T="undefined" />
	<Point X="307" Y="243" T="undefined" />
	<Point X="308" Y="243" T="undefined" />
	<Point X="310" Y="243" T="undefined" />
	<Point X="313" Y="243" T="undefined" />
	<Point X="315" Y="243" T="undefined" />
	<Point X="317" Y="243" T="undefined" />
	<Point X="318" Y="244" T="undefined" />
	<Point X="320" Y="247" T="undefined" />
	<Point X="323" Y="251" T="undefined" />
	<Point X="326" Y="259" T="undefined" />
	<Point X="333" Y="275" T="undefined" />
	<Point X="337" Y="287" T="undefined" />
	<Point X="341" Y="300" T="undefined" />
	<Point X="346" Y="311" T="undefined" />
	<Point X="349" Y="320" T="undefined" />
	<Point X="352" Y="324" T="undefined" />
	<Point X="354" Y="327" T="undefined" />
	<Point X="354" Y="329" T="undefined" />
	<Point X="354" Y="331" T="undefined" />
	<Point X="354" Y="332" T="undefined" />
</Gesture>