<?xml version="1.0" encoding="utf-8" standalone="yes"?>
<Gesture Name="Arrow6" NumPts="60">
	<Point X="94" Y="356" T="undefined" />
	<Point X="94" Y="356" T="undefined" />
	<Point X="95" Y="355" T="undefined" />
	<Point X="98" Y="353" T="undefined" />
	<Point X="102" Y="349" T="undefined" />
	<Point X="111" Y="346" T="undefined" />
	<Point X="129" Y="336" T="undefined" />
	<Point X="142" Y="330" T="undefined" />
	<Point X="157" Y="326" T="undefined" />
	<Point X="171" Y="322" T="undefined" />
	<Point X="184" Y="317" T="undefined" />
	<Point X="198" Y="310" T="undefined" />
	<Point X="212" Y="304" T="undefined" />
	<Point X="229" Y="296" T="undefined" />
	<Point X="237" Y="293" T="undefined" />
	<Point X="241" Y="290" T="undefined" />
	<Point X="244" Y="287" T="undefined" />
	<Point X="246" Y="284" T="undefined" />
	<Point X="248" Y="281" T="undefined" />
	<Point X="251" Y="278" T="undefined" />
	<Point X="254" Y="275" T="undefined" />
	<Point X="256" Y="273" T="undefined" />
	<Point X="258" Y="272" T="undefined" />
	<Point X="260" Y="271" T="undefined" />
	<Point X="261" Y="270" T="undefined" />
	<Point X="262" Y="270" T="undefined" />
	<Point X="262" Y="270" T="undefined" />
	<Point X="258" Y="270" T="undefined" />
	<Point X="247" Y="268" T="undefined" />
	<Point X="230" Y="266" T="undefined" />
	<Point X="213" Y="263" T="undefined" />
	<Point X="185" Y="257" T="undefined" />
	<Point X="172" Y="253" T="undefined" />
	<Point X="168" Y="249" T="undefined" />
	<Point X="166" Y="249" T="undefined" />
	<Point X="169" Y="249" T="undefined" />
	<Point X="172" Y="251" T="undefined" />
	<Point X="186" Y="254" T="undefined" />
	<Point X="202" Y="258" T="undefined" />
	<Point X="216" Y="262" T="undefined" />
	<Point X="228" Y="265" T="undefined" />
	<Point X="238" Y="267" T="undefined" />
	<Point X="244" Y="269" T="undefined" />
	<Point X="246" Y="269" T="undefined" />
	<Point X="249" Y="269" T="undefined" />
	<Point X="252" Y="269" T="undefined" />
	<Point X="254" Y="269" T="undefined" />
	<Point X="257" Y="269" T="undefined" />
	<Point X="260" Y="268" T="undefined" />
	<Point X="262" Y="267" T="undefined" />
	<Point X="264" Y="266" T="undefined" />
	<Point X="264" Y="266" T="undefined" />
	<Point X="265" Y="267" T="undefined" />
	<Point X="265" Y="269" T="undefined" />
	<Point X="265" Y="277" T="undefined" />
	<Point X="264" Y="295" T="undefined" />
	<Point X="260" Y="311" T="undefined" />
	<Point X="260" Y="326" T="undefined" />
	<Point X="260" Y="338" T="undefined" />
	<Point X="258" Y="345" T="undefined" />
</Gesture>