<?xml version="1.0" encoding="utf-8" standalone="yes"?>
<Gesture Name="Arrow2" NumPts="60">
	<Point X="96" Y="232" T="undefined" />
	<Point X="98" Y="232" T="undefined" />
	<Point X="102" Y="232" T="undefined" />
	<Point X="108" Y="232" T="undefined" />
	<Point X="129" Y="232" T="undefined" />
	<Point X="147" Y="232" T="undefined" />
	<Point X="214" Y="232" T="undefined" />
	<Point X="250" Y="234" T="undefined" />
	<Point X="279" Y="236" T="undefined" />
	<Point X="314" Y="238" T="undefined" />
	<Point X="326" Y="238" T="undefined" />
	<Point X="338" Y="238" T="undefined" />
	<Point X="342" Y="238" T="undefined" />
	<Point X="345" Y="238" T="undefined" />
	<Point X="348" Y="238" T="undefined" />
	<Point X="350" Y="237" T="undefined" />
	<Point X="351" Y="237" T="undefined" />
	<Point X="352" Y="236" T="undefined" />
	<Point X="350" Y="234" T="undefined" />
	<Point X="345" Y="230" T="undefined" />
	<Point X="335" Y="221" T="undefined" />
	<Point X="309" Y="204" T="undefined" />
	<Point X="288" Y="192" T="undefined" />
	<Point X="268" Y="180" T="undefined" />
	<Point X="260" Y="176" T="undefined" />
	<Point X="255" Y="172" T="undefined" />
	<Point X="251" Y="169" T="undefined" />
	<Point X="250" Y="168" T="undefined" />
	<Point X="248" Y="167" T="undefined" />
	<Point X="248" Y="166" T="undefined" />
	<Point X="248" Y="166" T="undefined" />
	<Point X="248" Y="166" T="undefined" />
	<Point X="251" Y="168" T="undefined" />
	<Point X="256" Y="172" T="undefined" />
	<Point X="272" Y="186" T="undefined" />
	<Point X="289" Y="200" T="undefined" />
	<Point X="310" Y="216" T="undefined" />
	<Point X="335" Y="239" T="undefined" />
	<Point X="346" Y="247" T="undefined" />
	<Point X="354" Y="253" T="undefined" />
	<Point X="358" Y="256" T="undefined" />
	<Point X="359" Y="257" T="undefined" />
	<Point X="361" Y="258" T="undefined" />
	<Point X="362" Y="258" T="undefined" />
	<Point X="362" Y="258" T="undefined" />
	<Point X="363" Y="258" T="undefined" />
	<Point X="364" Y="258" T="undefined" />
	<Point X="364" Y="258" T="undefined" />
	<Point X="364" Y="259" T="undefined" />
	<Point X="364" Y="260" T="undefined" />
	<Point X="360" Y="262" T="undefined" />
	<Point X="356" Y="266" T="undefined" />
	<Point X="344" Y="276" T="undefined" />
	<Point X="332" Y="285" T="undefined" />
	<Point X="324" Y="292" T="undefined" />
	<Point X="312" Y="300" T="undefined" />
	<Point X="308" Y="302" T="undefined" />
	<Point X="306" Y="304" T="undefined" />
	<Point X="304" Y="304" T="undefined" />
	<Point X="303" Y="304" T="undefined" />
</Gesture>