<?xml version="1.0" encoding="utf-8" standalone="yes"?>
<Gesture Name="Arrow4" NumPts="50">
	<Point X="104" Y="214" T="undefined" />
	<Point X="117" Y="212" T="undefined" />
	<Point X="149" Y="205" T="undefined" />
	<Point X="228" Y="193" T="undefined" />
	<Point X="289" Y="187" T="undefined" />
	<Point X="328" Y="186" T="undefined" />
	<Point X="356" Y="186" T="undefined" />
	<Point X="361" Y="186" T="undefined" />
	<Point X="366" Y="186" T="undefined" />
	<Point X="368" Y="186" T="undefined" />
	<Point X="368" Y="186" T="undefined" />
	<Point X="369" Y="186" T="undefined" />
	<Point X="370" Y="186" T="undefined" />
	<Point X="367" Y="183" T="undefined" />
	<Point X="360" Y="177" T="undefined" />
	<Point X="342" Y="164" T="undefined" />
	<Point X="282" Y="132" T="undefined" />
	<Point X="249" Y="118" T="undefined" />
	<Point X="224" Y="108" T="undefined" />
	<Point X="219" Y="105" T="undefined" />
	<Point X="217" Y="103" T="undefined" />
	<Point X="215" Y="103" T="undefined" />
	<Point X="216" Y="103" T="undefined" />
	<Point X="218" Y="104" T="undefined" />
	<Point X="224" Y="104" T="undefined" />
	<Point X="245" Y="111" T="undefined" />
	<Point X="276" Y="122" T="undefined" />
	<Point X="312" Y="134" T="undefined" />
	<Point X="358" Y="152" T="undefined" />
	<Point X="379" Y="160" T="undefined" />
	<Point X="396" Y="168" T="undefined" />
	<Point X="400" Y="171" T="undefined" />
	<Point X="404" Y="173" T="undefined" />
	<Point X="406" Y="174" T="undefined" />
	<Point X="406" Y="174" T="undefined" />
	<Point X="407" Y="174" T="undefined" />
	<Point X="408" Y="174" T="undefined" />
	<Point X="408" Y="174" T="undefined" />
	<Point X="408" Y="175" T="undefined" />
	<Point X="408" Y="176" T="undefined" />
	<Point X="408" Y="176" T="undefined" />
	<Point X="405" Y="182" T="undefined" />
	<Point X="384" Y="213" T="undefined" />
	<Point X="280" Y="375" T="undefined" />
	<Point X="252" Y="420" T="undefined" />
	<Point X="243" Y="436" T="undefined" />
	<Point X="241" Y="441" T="undefined" />
	<Point X="241" Y="442" T="undefined" />
	<Point X="241" Y="440" T="undefined" />
	<Point X="241" Y="438" T="undefined" />
</Gesture>