<?xml version="1.0" encoding="utf-8" standalone="yes"?>
<Gesture Name="Arrow3" NumPts="50">
	<Point X="111" Y="227" T="undefined" />
	<Point X="114" Y="226" T="undefined" />
	<Point X="126" Y="224" T="undefined" />
	<Point X="174" Y="214" T="undefined" />
	<Point X="257" Y="198" T="undefined" />
	<Point X="348" Y="191" T="undefined" />
	<Point X="366" Y="191" T="undefined" />
	<Point X="399" Y="191" T="undefined" />
	<Point X="408" Y="191" T="undefined" />
	<Point X="412" Y="191" T="undefined" />
	<Point X="414" Y="190" T="undefined" />
	<Point X="416" Y="188" T="undefined" />
	<Point X="416" Y="186" T="undefined" />
	<Point X="416" Y="183" T="undefined" />
	<Point X="415" Y="179" T="undefined" />
	<Point X="408" Y="172" T="undefined" />
	<Point X="366" Y="156" T="undefined" />
	<Point X="324" Y="146" T="undefined" />
	<Point X="297" Y="141" T="undefined" />
	<Point X="282" Y="138" T="undefined" />
	<Point X="276" Y="137" T="undefined" />
	<Point X="274" Y="135" T="undefined" />
	<Point X="272" Y="134" T="undefined" />
	<Point X="271" Y="134" T="undefined" />
	<Point X="276" Y="134" T="undefined" />
	<Point X="286" Y="136" T="undefined" />
	<Point X="314" Y="144" T="undefined" />
	<Point X="370" Y="163" T="undefined" />
	<Point X="400" Y="174" T="undefined" />
	<Point X="418" Y="182" T="undefined" />
	<Point X="427" Y="186" T="undefined" />
	<Point X="432" Y="190" T="undefined" />
	<Point X="436" Y="190" T="undefined" />
	<Point X="438" Y="191" T="undefined" />
	<Point X="440" Y="191" T="undefined" />
	<Point X="442" Y="191" T="undefined" />
	<Point X="444" Y="192" T="undefined" />
	<Point X="445" Y="192" T="undefined" />
	<Point X="446" Y="193" T="undefined" />
	<Point X="446" Y="195" T="undefined" />
	<Point X="445" Y="199" T="undefined" />
	<Point X="440" Y="212" T="undefined" />
	<Point X="426" Y="236" T="undefined" />
	<Point X="408" Y="264" T="undefined" />
	<Point X="396" Y="282" T="undefined" />
	<Point X="391" Y="289" T="undefined" />
	<Point X="390" Y="292" T="undefined" />
	<Point X="388" Y="294" T="undefined" />
	<Point X="388" Y="295" T="undefined" />
	<Point X="387" Y="295" T="undefined" />
</Gesture>