<?xml version="1.0" encoding="utf-8" standalone="yes"?>
<Gesture Name="Arrow9" NumPts="40">
	<Point X="52" Y="194" T="undefined" />
	<Point X="76" Y="194" T="undefined" />
	<Point X="126" Y="193" T="undefined" />
	<Point X="211" Y="191" T="undefined" />
	<Point X="306" Y="191" T="undefined" />
	<Point X="340" Y="190" T="undefined" />
	<Point X="361" Y="187" T="undefined" />
	<Point X="374" Y="184" T="undefined" />
	<Point X="378" Y="182" T="undefined" />
	<Point X="380" Y="181" T="undefined" />
	<Point X="381" Y="180" T="undefined" />
	<Point X="382" Y="180" T="undefined" />
	<Point X="382" Y="180" T="undefined" />
	<Point X="380" Y="179" T="undefined" />
	<Point X="376" Y="177" T="undefined" />
	<Point X="360" Y="171" T="undefined" />
	<Point X="309" Y="158" T="undefined" />
	<Point X="243" Y="142" T="undefined" />
	<Point X="222" Y="135" T="undefined" />
	<Point X="212" Y="131" T="undefined" />
	<Point X="208" Y="128" T="undefined" />
	<Point X="208" Y="128" T="undefined" />
	<Point X="209" Y="128" T="undefined" />
	<Point X="210" Y="128" T="undefined" />
	<Point X="216" Y="129" T="undefined" />
	<Point X="266" Y="142" T="undefined" />
	<Point X="338" Y="166" T="undefined" />
	<Point X="398" Y="189" T="undefined" />
	<Point X="444" Y="210" T="undefined" />
	<Point X="454" Y="215" T="undefined" />
	<Point X="458" Y="218" T="undefined" />
	<Point X="460" Y="218" T="undefined" />
	<Point X="460" Y="219" T="undefined" />
	<Point X="460" Y="220" T="undefined" />
	<Point X="459" Y="222" T="undefined" />
	<Point X="448" Y="233" T="undefined" />
	<Point X="372" Y="288" T="undefined" />
	<Point X="346" Y="307" T="undefined" />
	<Point X="337" Y="311" T="undefined" />
	<Point X="334" Y="313" T="undefined" />
</Gesture>