<?xml version="1.0" encoding="utf-8" standalone="yes"?>
<Gesture Name="Arrow0" NumPts="98">
	<Point X="118" Y="350" T="undefined" />
	<Point X="120" Y="348" T="undefined" />
	<Point X="125" Y="344" T="undefined" />
	<Point X="143" Y="330" T="undefined" />
	<Point X="169" Y="312" T="undefined" />
	<Point X="198" Y="293" T="undefined" />
	<Point X="248" Y="265" T="undefined" />
	<Point X="274" Y="253" T="undefined" />
	<Point X="299" Y="244" T="undefined" />
	<Point X="306" Y="241" T="undefined" />
	<Point X="310" Y="240" T="undefined" />
	<Point X="312" Y="238" T="undefined" />
	<Point X="315" Y="238" T="undefined" />
	<Point X="317" Y="237" T="undefined" />
	<Point X="319" Y="236" T="undefined" />
	<Point X="320" Y="236" T="undefined" />
	<Point X="322" Y="236" T="undefined" />
	<Point X="322" Y="235" T="undefined" />
	<Point X="322" Y="234" T="undefined" />
	<Point X="322" Y="234" T="undefined" />
	<Point X="318" Y="233" T="undefined" />
	<Point X="306" Y="230" T="undefined" />
	<Point X="289" Y="229" T="undefined" />
	<Point X="270" Y="228" T="undefined" />
	<Point X="247" Y="228" T="undefined" />
	<Point X="234" Y="229" T="undefined" />
	<Point X="224" Y="229" T="undefined" />
	<Point X="215" Y="230" T="undefined" />
	<Point X="210" Y="231" T="undefined" />
	<Point X="206" Y="232" T="undefined" />
	<Point X="201" Y="232" T="undefined" />
	<Point X="199" Y="232" T="undefined" />
	<Point X="196" Y="232" T="undefined" />
	<Point X="194" Y="232" T="undefined" />
	<Point X="194" Y="232" T="undefined" />
	<Point X="192" Y="232" T="undefined" />
	<Point X="192" Y="232" T="undefined" />
	<Point X="191" Y="232" T="undefined" />
	<Point X="192" Y="232" T="undefined" />
	<Point X="193" Y="232" T="undefined" />
	<Point X="196" Y="232" T="undefined" />
	<Point X="200" Y="232" T="undefined" />
	<Point X="210" Y="231" T="undefined" />
	<Point X="225" Y="229" T="undefined" />
	<Point X="238" Y="226" T="undefined" />
	<Point X="257" Y="224" T="undefined" />
	<Point X="270" Y="224" T="undefined" />
	<Point X="280" Y="224" T="undefined" />
	<Point X="290" Y="224" T="undefined" />
	<Point X="295" Y="224" T="undefined" />
	<Point X="300" Y="224" T="undefined" />
	<Point X="308" Y="224" T="undefined" />
	<Point X="313" Y="224" T="undefined" />
	<Point X="322" Y="224" T="undefined" />
	<Point X="327" Y="224" T="undefined" />
	<Point X="332" Y="224" T="undefined" />
	<Point X="338" Y="226" T="undefined" />
	<Point X="341" Y="226" T="undefined" />
	<Point X="343" Y="227" T="undefined" />
	<Point X="345" Y="227" T="undefined" />
	<Point X="346" Y="228" T="undefined" />
	<Point X="347" Y="228" T="undefined" />
	<Point X="348" Y="229" T="undefined" />
	<Point X="348" Y="230" T="undefined" />
	<Point X="348" Y="230" T="undefined" />
	<Point X="348" Y="231" T="undefined" />
	<Point X="348" Y="232" T="undefined" />
	<Point X="346" Y="234" T="undefined" />
	<Point X="345" Y="236" T="undefined" />
	<Point X="343" Y="240" T="undefined" />
	<Point X="340" Y="244" T="undefined" />
	<Point X="336" Y="251" T="undefined" />
	<Point X="333" Y="254" T="undefined" />
	<Point X="331" Y="258" T="undefined" />
	<Point X="330" Y="258" T="undefined" />
	<Point X="330" Y="260" T="undefined" />
	<Point X="329" Y="262" T="undefined" />
	<Point X="328" Y="262" T="undefined" />
	<Point X="328" Y="264" T="undefined" />
	<Point X="326" Y="265" T="undefined" />
	<Point X="325" Y="267" T="undefined" />
	<Point X="324" Y="268" T="undefined" />
	<Point X="322" Y="272" T="undefined" />
	<Point X="320" Y="276" T="undefined" />
	<Point X="316" Y="280" T="undefined" />
	<Point X="312" Y="286" T="undefined" />
	<Point X="309" Y="292" T="undefined" />
	<Point X="306" Y="297" T="undefined" />
	<Point X="302" Y="304" T="undefined" />
	<Point X="300" Y="306" T="undefined" />
	<Point X="298" Y="310" T="undefined" />
	<Point X="297" Y="312" T="undefined" />
	<Point X="296" Y="313" T="undefined" />
	<Point X="295" Y="314" T="undefined" />
	<Point X="295" Y="315" T="undefined" />
	<Point X="295" Y="316" T="undefined" />
	<Point X="295" Y="316" T="undefined" />
	<Point X="295" Y="317" T="undefined" />
</Gesture>