<?xml version="1.0" encoding="utf-8" standalone="yes"?>
<Gesture Name="Delete4" NumPts="38">
	<Point X="176" Y="138" T="undefined" />
	<Point X="177" Y="140" T="undefined" />
	<Point X="188" Y="160" T="undefined" />
	<Point X="225" Y="242" T="undefined" />
	<Point X="262" Y="336" T="undefined" />
	<Point X="288" Y="397" T="undefined" />
	<Point X="303" Y="430" T="undefined" />
	<Point X="315" Y="449" T="undefined" />
	<Point X="322" Y="459" T="undefined" />
	<Point X="325" Y="464" T="undefined" />
	<Point X="328" Y="466" T="undefined" />
	<Point X="328" Y="466" T="undefined" />
	<Point X="329" Y="467" T="undefined" />
	<Point X="328" Y="467" T="undefined" />
	<Point X="326" Y="466" T="undefined" />
	<Point X="312" Y="460" T="undefined" />
	<Point X="263" Y="445" T="undefined" />
	<Point X="207" Y="436" T="undefined" />
	<Point X="168" Y="433" T="undefined" />
	<Point X="138" Y="433" T="undefined" />
	<Point X="115" Y="432" T="undefined" />
	<Point X="102" Y="431" T="undefined" />
	<Point X="96" Y="429" T="undefined" />
	<Point X="92" Y="426" T="undefined" />
	<Point X="91" Y="425" T="undefined" />
	<Point X="92" Y="420" T="undefined" />
	<Point X="101" Y="409" T="undefined" />
	<Point X="120" Y="390" T="undefined" />
	<Point X="168" Y="340" T="undefined" />
	<Point X="221" Y="281" T="undefined" />
	<Point X="262" Y="222" T="undefined" />
	<Point X="293" Y="174" T="undefined" />
	<Point X="312" Y="144" T="undefined" />
	<Point X="319" Y="133" T="undefined" />
	<Point X="320" Y="130" T="undefined" />
	<Point X="320" Y="129" T="undefined" />
	<Point X="320" Y="130" T="undefined" />
	<Point X="320" Y="130" T="undefined" />
</Gesture>