<?xml version="1.0" encoding="utf-8" standalone="yes"?>
<Gesture Name="Delete5" NumPts="41">
	<Point X="213" Y="174" T="undefined" />
	<Point X="220" Y="181" T="undefined" />
	<Point X="233" Y="195" T="undefined" />
	<Point X="266" Y="231" T="undefined" />
	<Point X="294" Y="261" T="undefined" />
	<Point X="326" Y="292" T="undefined" />
	<Point X="361" Y="332" T="undefined" />
	<Point X="378" Y="353" T="undefined" />
	<Point X="387" Y="364" T="undefined" />
	<Point X="392" Y="368" T="undefined" />
	<Point X="393" Y="370" T="undefined" />
	<Point X="394" Y="371" T="undefined" />
	<Point X="394" Y="371" T="undefined" />
	<Point X="393" Y="371" T="undefined" />
	<Point X="388" Y="371" T="undefined" />
	<Point X="368" Y="370" T="undefined" />
	<Point X="326" Y="373" T="undefined" />
	<Point X="265" Y="380" T="undefined" />
	<Point X="238" Y="384" T="undefined" />
	<Point X="220" Y="386" T="undefined" />
	<Point X="201" Y="390" T="undefined" />
	<Point X="194" Y="390" T="undefined" />
	<Point X="191" Y="390" T="undefined" />
	<Point X="189" Y="390" T="undefined" />
	<Point X="188" Y="390" T="undefined" />
	<Point X="188" Y="389" T="undefined" />
	<Point X="188" Y="388" T="undefined" />
	<Point X="190" Y="388" T="undefined" />
	<Point X="192" Y="384" T="undefined" />
	<Point X="208" Y="366" T="undefined" />
	<Point X="229" Y="334" T="undefined" />
	<Point X="264" Y="290" T="undefined" />
	<Point X="300" Y="242" T="undefined" />
	<Point X="310" Y="228" T="undefined" />
	<Point X="316" Y="222" T="undefined" />
	<Point X="318" Y="218" T="undefined" />
	<Point X="319" Y="217" T="undefined" />
	<Point X="320" Y="216" T="undefined" />
	<Point X="320" Y="216" T="undefined" />
	<Point X="320" Y="215" T="undefined" />
	<Point X="320" Y="214" T="undefined" />
</Gesture>