<?xml version="1.0" encoding="utf-8" standalone="yes"?>
<Gesture Name="Right Curly Brace3" NumPts="60">
	<Point X="294" Y="94" T="undefined" />
	<Point X="294" Y="94" T="undefined" />
	<Point X="294" Y="94" T="undefined" />
	<Point X="295" Y="94" T="undefined" />
	<Point X="301" Y="92" T="undefined" />
	<Point X="308" Y="91" T="undefined" />
	<Point X="328" Y="89" T="undefined" />
	<Point X="350" Y="91" T="undefined" />
	<Point X="376" Y="97" T="undefined" />
	<Point X="406" Y="118" T="undefined" />
	<Point X="414" Y="124" T="undefined" />
	<Point X="421" Y="135" T="undefined" />
	<Point X="426" Y="150" T="undefined" />
	<Point X="425" Y="157" T="undefined" />
	<Point X="422" Y="164" T="undefined" />
	<Point X="417" Y="174" T="undefined" />
	<Point X="405" Y="187" T="undefined" />
	<Point X="384" Y="206" T="undefined" />
	<Point X="358" Y="224" T="undefined" />
	<Point X="342" Y="238" T="undefined" />
	<Point X="332" Y="248" T="undefined" />
	<Point X="324" Y="256" T="undefined" />
	<Point X="324" Y="260" T="undefined" />
	<Point X="324" Y="263" T="undefined" />
	<Point X="327" Y="266" T="undefined" />
	<Point X="334" Y="268" T="undefined" />
	<Point X="351" Y="270" T="undefined" />
	<Point X="366" Y="270" T="undefined" />
	<Point X="376" Y="270" T="undefined" />
	<Point X="382" Y="268" T="undefined" />
	<Point X="386" Y="267" T="undefined" />
	<Point X="392" Y="264" T="undefined" />
	<Point X="394" Y="264" T="undefined" />
	<Point X="396" Y="263" T="undefined" />
	<Point X="397" Y="262" T="undefined" />
	<Point X="397" Y="262" T="undefined" />
	<Point X="396" Y="262" T="undefined" />
	<Point X="394" Y="262" T="undefined" />
	<Point X="392" Y="262" T="undefined" />
	<Point X="386" Y="262" T="undefined" />
	<Point X="372" Y="269" T="undefined" />
	<Point X="362" Y="276" T="undefined" />
	<Point X="356" Y="280" T="undefined" />
	<Point X="353" Y="284" T="undefined" />
	<Point X="354" Y="288" T="undefined" />
	<Point X="358" Y="292" T="undefined" />
	<Point X="370" Y="297" T="undefined" />
	<Point X="386" Y="305" T="undefined" />
	<Point X="404" Y="320" T="undefined" />
	<Point X="412" Y="332" T="undefined" />
	<Point X="417" Y="344" T="undefined" />
	<Point X="418" Y="353" T="undefined" />
	<Point X="418" Y="362" T="undefined" />
	<Point X="413" Y="370" T="undefined" />
	<Point X="402" Y="379" T="undefined" />
	<Point X="369" Y="393" T="undefined" />
	<Point X="346" Y="400" T="undefined" />
	<Point X="331" Y="402" T="undefined" />
	<Point X="324" Y="401" T="undefined" />
	<Point X="319" Y="398" T="undefined" />
</Gesture>