<?xml version="1.0" encoding="utf-8" standalone="yes"?>
<Gesture Name="Right Curly Brace8" NumPts="53">
	<Point X="199" Y="204" T="undefined" />
	<Point X="199" Y="204" T="undefined" />
	<Point X="202" Y="204" T="undefined" />
	<Point X="205" Y="204" T="undefined" />
	<Point X="210" Y="204" T="undefined" />
	<Point X="220" Y="204" T="undefined" />
	<Point X="232" Y="208" T="undefined" />
	<Point X="237" Y="210" T="undefined" />
	<Point X="242" Y="212" T="undefined" />
	<Point X="245" Y="216" T="undefined" />
	<Point X="246" Y="218" T="undefined" />
	<Point X="248" Y="222" T="undefined" />
	<Point X="248" Y="224" T="undefined" />
	<Point X="246" Y="230" T="undefined" />
	<Point X="243" Y="235" T="undefined" />
	<Point X="239" Y="240" T="undefined" />
	<Point X="233" Y="249" T="undefined" />
	<Point X="228" Y="256" T="undefined" />
	<Point X="224" Y="261" T="undefined" />
	<Point X="221" Y="268" T="undefined" />
	<Point X="219" Y="271" T="undefined" />
	<Point X="218" Y="277" T="undefined" />
	<Point X="218" Y="280" T="undefined" />
	<Point X="218" Y="282" T="undefined" />
	<Point X="220" Y="284" T="undefined" />
	<Point X="221" Y="286" T="undefined" />
	<Point X="224" Y="286" T="undefined" />
	<Point X="228" Y="286" T="undefined" />
	<Point X="230" Y="286" T="undefined" />
	<Point X="233" Y="286" T="undefined" />
	<Point X="234" Y="286" T="undefined" />
	<Point X="236" Y="286" T="undefined" />
	<Point X="236" Y="286" T="undefined" />
	<Point X="237" Y="286" T="undefined" />
	<Point X="236" Y="286" T="undefined" />
	<Point X="234" Y="287" T="undefined" />
	<Point X="230" Y="288" T="undefined" />
	<Point X="227" Y="290" T="undefined" />
	<Point X="223" Y="294" T="undefined" />
	<Point X="218" Y="300" T="undefined" />
	<Point X="216" Y="305" T="undefined" />
	<Point X="215" Y="309" T="undefined" />
	<Point X="217" Y="314" T="undefined" />
	<Point X="220" Y="318" T="undefined" />
	<Point X="225" Y="323" T="undefined" />
	<Point X="241" Y="336" T="undefined" />
	<Point X="254" Y="350" T="undefined" />
	<Point X="265" Y="366" T="undefined" />
	<Point X="274" Y="387" T="undefined" />
	<Point X="276" Y="397" T="undefined" />
	<Point X="268" Y="414" T="undefined" />
	<Point X="255" Y="426" T="undefined" />
	<Point X="245" Y="432" T="undefined" />
</Gesture>