<?xml version="1.0" encoding="utf-8" standalone="yes"?>
<Gesture Name="arrow01" NumPts="85">
	<Point X="95" Y="309" T="0" />
	<Point X="96" Y="309" T="0" />
	<Point X="98" Y="309" T="0" />
	<Point X="99" Y="308" T="0" />
	<Point X="102" Y="308" T="0" />
	<Point X="105" Y="306" T="0" />
	<Point X="109" Y="303" T="0" />
	<Point X="112" Y="300" T="0" />
	<Point X="116" Y="297" T="0" />
	<Point X="120" Y="294" T="0" />
	<Point X="124" Y="291" T="0" />
	<Point X="130" Y="286" T="0" />
	<Point X="138" Y="282" T="0" />
	<Point X="146" Y="278" T="0" />
	<Point X="158" Y="273" T="0" />
	<Point X="167" Y="269" T="0" />
	<Point X="178" Y="266" T="0" />
	<Point X="186" Y="263" T="0" />
	<Point X="198" Y="260" T="0" />
	<Point X="211" Y="256" T="0" />
	<Point X="223" Y="253" T="0" />
	<Point X="234" Y="251" T="0" />
	<Point X="252" Y="246" T="0" />
	<Point X="260" Y="242" T="0" />
	<Point X="264" Y="239" T="0" />
	<Point X="268" Y="236" T="0" />
	<Point X="270" Y="234" T="0" />
	<Point X="272" Y="233" T="0" />
	<Point X="272" Y="233" T="0" />
	<Point X="272" Y="232" T="0" />
	<Point X="272" Y="232" T="0" />
	<Point X="272" Y="231" T="0" />
	<Point X="272" Y="229" T="0" />
	<Point X="270" Y="226" T="0" />
	<Point X="265" Y="224" T="0" />
	<Point X="255" Y="220" T="0" />
	<Point X="244" Y="217" T="0" />
	<Point X="232" Y="215" T="0" />
	<Point X="220" Y="212" T="0" />
	<Point X="214" Y="211" T="0" />
	<Point X="208" Y="209" T="0" />
	<Point X="205" Y="208" T="0" />
	<Point X="204" Y="208" T="0" />
	<Point X="204" Y="208" T="0" />
	<Point X="203" Y="208" T="0" />
	<Point X="203" Y="207" T="0" />
	<Point X="204" Y="207" T="0" />
	<Point X="207" Y="207" T="0" />
	<Point X="212" Y="208" T="0" />
	<Point X="221" Y="210" T="0" />
	<Point X="234" Y="214" T="0" />
	<Point X="248" Y="218" T="0" />
	<Point X="260" Y="222" T="0" />
	<Point X="268" Y="225" T="0" />
	<Point X="272" Y="226" T="0" />
	<Point X="272" Y="227" T="0" />
	<Point X="272" Y="228" T="0" />
	<Point X="272" Y="230" T="0" />
	<Point X="270" Y="234" T="0" />
	<Point X="268" Y="240" T="0" />
	<Point X="266" Y="245" T="0" />
	<Point X="264" Y="251" T="0" />
	<Point X="262" Y="256" T="0" />
	<Point X="260" Y="262" T="0" />
	<Point X="258" Y="265" T="0" />
	<Point X="258" Y="268" T="0" />
	<Point X="258" Y="271" T="0" />
	<Point X="257" Y="274" T="0" />
	<Point X="256" Y="276" T="0" />
	<Point X="256" Y="276" T="0" />
	<Point X="256" Y="276" T="0" />
	<Point X="255" Y="275" T="0" />
	<Point X="255" Y="272" T="0" />
	<Point X="255" Y="268" T="0" />
	<Point X="257" Y="262" T="0" />
	<Point X="258" Y="257" T="0" />
	<Point X="258" Y="254" T="0" />
	<Point X="260" Y="251" T="0" />
	<Point X="260" Y="248" T="0" />
	<Point X="261" Y="245" T="0" />
	<Point X="262" Y="242" T="0" />
	<Point X="263" Y="239" T="0" />
	<Point X="264" Y="237" T="0" />
	<Point X="264" Y="236" T="0" />
	<Point X="264" Y="236" T="0" />
</Gesture>