<?xml version="1.0" encoding="utf-8" standalone="yes"?>
<Gesture Name="arrow02" NumPts="88">
	<Point X="104" Y="346" T="0" />
	<Point X="104" Y="346" T="0" />
	<Point X="105" Y="345" T="0" />
	<Point X="106" Y="344" T="0" />
	<Point X="109" Y="341" T="0" />
	<Point X="113" Y="337" T="0" />
	<Point X="116" Y="335" T="0" />
	<Point X="120" Y="333" T="0" />
	<Point X="128" Y="328" T="0" />
	<Point X="138" Y="321" T="0" />
	<Point X="149" Y="313" T="0" />
	<Point X="158" Y="307" T="0" />
	<Point X="166" Y="303" T="0" />
	<Point X="180" Y="293" T="0" />
	<Point X="189" Y="287" T="0" />
	<Point X="198" Y="281" T="0" />
	<Point X="210" Y="274" T="0" />
	<Point X="222" Y="268" T="0" />
	<Point X="235" Y="262" T="0" />
	<Point X="247" Y="258" T="0" />
	<Point X="264" Y="252" T="0" />
	<Point X="276" Y="249" T="0" />
	<Point X="286" Y="245" T="0" />
	<Point X="295" Y="241" T="0" />
	<Point X="299" Y="239" T="0" />
	<Point X="303" Y="237" T="0" />
	<Point X="305" Y="236" T="0" />
	<Point X="305" Y="236" T="0" />
	<Point X="306" Y="236" T="0" />
	<Point X="306" Y="235" T="0" />
	<Point X="306" Y="235" T="0" />
	<Point X="305" Y="234" T="0" />
	<Point X="302" Y="231" T="0" />
	<Point X="298" Y="228" T="0" />
	<Point X="282" Y="223" T="0" />
	<Point X="264" Y="219" T="0" />
	<Point X="246" Y="213" T="0" />
	<Point X="228" Y="208" T="0" />
	<Point X="209" Y="204" T="0" />
	<Point X="196" Y="199" T="0" />
	<Point X="186" Y="195" T="0" />
	<Point X="179" Y="192" T="0" />
	<Point X="176" Y="191" T="0" />
	<Point X="175" Y="191" T="0" />
	<Point X="175" Y="191" T="0" />
	<Point X="176" Y="191" T="0" />
	<Point X="178" Y="193" T="0" />
	<Point X="181" Y="196" T="0" />
	<Point X="187" Y="199" T="0" />
	<Point X="196" Y="203" T="0" />
	<Point X="207" Y="207" T="0" />
	<Point X="223" Y="211" T="0" />
	<Point X="237" Y="215" T="0" />
	<Point X="251" Y="220" T="0" />
	<Point X="262" Y="223" T="0" />
	<Point X="274" Y="226" T="0" />
	<Point X="288" Y="230" T="0" />
	<Point X="292" Y="232" T="0" />
	<Point X="297" Y="235" T="0" />
	<Point X="300" Y="237" T="0" />
	<Point X="304" Y="238" T="0" />
	<Point X="308" Y="239" T="0" />
	<Point X="316" Y="240" T="0" />
	<Point X="319" Y="240" T="0" />
	<Point X="321" Y="241" T="0" />
	<Point X="323" Y="241" T="0" />
	<Point X="324" Y="241" T="0" />
	<Point X="324" Y="241" T="0" />
	<Point X="324" Y="242" T="0" />
	<Point X="323" Y="245" T="0" />
	<Point X="322" Y="248" T="0" />
	<Point X="319" Y="253" T="0" />
	<Point X="315" Y="263" T="0" />
	<Point X="306" Y="280" T="0" />
	<Point X="300" Y="295" T="0" />
	<Point X="290" Y="312" T="0" />
	<Point X="284" Y="326" T="0" />
	<Point X="280" Y="338" T="0" />
	<Point X="274" Y="349" T="0" />
	<Point X="270" Y="357" T="0" />
	<Point X="267" Y="360" T="0" />
	<Point X="266" Y="363" T="0" />
	<Point X="266" Y="366" T="0" />
	<Point X="265" Y="368" T="0" />
	<Point X="264" Y="370" T="0" />
	<Point X="264" Y="373" T="0" />
	<Point X="264" Y="375" T="0" />
	<Point X="264" Y="376" T="0" />
</Gesture>