<?xml version="1.0" encoding="utf-8" standalone="yes"?>
<Gesture Name="caret04" NumPts="25">
	<Point X="144" Y="357" T="0" />
	<Point X="148" Y="348" T="0" />
	<Point X="156" Y="336" T="0" />
	<Point X="167" Y="318" T="0" />
	<Point X="181" Y="297" T="0" />
	<Point X="200" Y="257" T="0" />
	<Point X="215" Y="229" T="0" />
	<Point X="225" Y="209" T="0" />
	<Point X="229" Y="195" T="0" />
	<Point X="233" Y="184" T="0" />
	<Point X="237" Y="172" T="0" />
	<Point X="238" Y="165" T="0" />
	<Point X="241" Y="157" T="0" />
	<Point X="243" Y="155" T="0" />
	<Point X="244" Y="152" T="0" />
	<Point X="245" Y="149" T="0" />
	<Point X="246" Y="147" T="0" />
	<Point X="247" Y="147" T="0" />
	<Point X="251" Y="153" T="0" />
	<Point X="265" Y="175" T="0" />
	<Point X="286" Y="209" T="0" />
	<Point X="323" Y="278" T="0" />
	<Point X="348" Y="316" T="0" />
	<Point X="362" Y="333" T="0" />
	<Point X="372" Y="344" T="0" />
</Gesture>