<?xml version="1.0" encoding="utf-8" standalone="yes"?>
<Gesture Name="caret06" NumPts="37">
	<Point X="143" Y="366" T="0" />
	<Point X="143" Y="365" T="0" />
	<Point X="144" Y="363" T="0" />
	<Point X="147" Y="360" T="0" />
	<Point X="151" Y="351" T="0" />
	<Point X="154" Y="339" T="0" />
	<Point X="160" Y="323" T="0" />
	<Point X="164" Y="312" T="0" />
	<Point X="168" Y="300" T="0" />
	<Point X="171" Y="288" T="0" />
	<Point X="174" Y="274" T="0" />
	<Point X="177" Y="261" T="0" />
	<Point X="180" Y="250" T="0" />
	<Point X="184" Y="234" T="0" />
	<Point X="188" Y="226" T="0" />
	<Point X="190" Y="223" T="0" />
	<Point X="192" Y="220" T="0" />
	<Point X="192" Y="219" T="0" />
	<Point X="192" Y="219" T="0" />
	<Point X="193" Y="219" T="0" />
	<Point X="194" Y="221" T="0" />
	<Point X="200" Y="231" T="0" />
	<Point X="206" Y="247" T="0" />
	<Point X="214" Y="263" T="0" />
	<Point X="228" Y="289" T="0" />
	<Point X="238" Y="306" T="0" />
	<Point X="248" Y="321" T="0" />
	<Point X="255" Y="334" T="0" />
	<Point X="259" Y="343" T="0" />
	<Point X="263" Y="347" T="0" />
	<Point X="265" Y="349" T="0" />
	<Point X="268" Y="352" T="0" />
	<Point X="270" Y="353" T="0" />
	<Point X="272" Y="354" T="0" />
	<Point X="274" Y="355" T="0" />
	<Point X="277" Y="356" T="0" />
	<Point X="280" Y="357" T="0" />
</Gesture>