<?xml version="1.0" encoding="utf-8" standalone="yes"?>
<Gesture Name="caret10" NumPts="52">
	<Point X="158" Y="298" T="0" />
	<Point X="158" Y="297" T="0" />
	<Point X="159" Y="293" T="0" />
	<Point X="162" Y="285" T="0" />
	<Point X="166" Y="273" T="0" />
	<Point X="170" Y="259" T="0" />
	<Point X="174" Y="245" T="0" />
	<Point X="177" Y="230" T="0" />
	<Point X="181" Y="215" T="0" />
	<Point X="185" Y="198" T="0" />
	<Point X="189" Y="187" T="0" />
	<Point X="195" Y="170" T="0" />
	<Point X="198" Y="160" T="0" />
	<Point X="202" Y="150" T="0" />
	<Point X="206" Y="142" T="0" />
	<Point X="209" Y="135" T="0" />
	<Point X="210" Y="130" T="0" />
	<Point X="212" Y="126" T="0" />
	<Point X="214" Y="122" T="0" />
	<Point X="216" Y="119" T="0" />
	<Point X="218" Y="117" T="0" />
	<Point X="219" Y="117" T="0" />
	<Point X="219" Y="117" T="0" />
	<Point X="219" Y="116" T="0" />
	<Point X="220" Y="116" T="0" />
	<Point X="220" Y="117" T="0" />
	<Point X="221" Y="117" T="0" />
	<Point X="223" Y="120" T="0" />
	<Point X="226" Y="123" T="0" />
	<Point X="228" Y="125" T="0" />
	<Point X="231" Y="131" T="0" />
	<Point X="237" Y="140" T="0" />
	<Point X="242" Y="159" T="0" />
	<Point X="248" Y="173" T="0" />
	<Point X="252" Y="189" T="0" />
	<Point X="256" Y="205" T="0" />
	<Point X="259" Y="219" T="0" />
	<Point X="263" Y="231" T="0" />
	<Point X="266" Y="243" T="0" />
	<Point X="269" Y="255" T="0" />
	<Point X="273" Y="262" T="0" />
	<Point X="276" Y="268" T="0" />
	<Point X="278" Y="273" T="0" />
	<Point X="279" Y="275" T="0" />
	<Point X="279" Y="277" T="0" />
	<Point X="280" Y="279" T="0" />
	<Point X="281" Y="282" T="0" />
	<Point X="282" Y="284" T="0" />
	<Point X="284" Y="289" T="0" />
	<Point X="285" Y="295" T="0" />
	<Point X="286" Y="298" T="0" />
	<Point X="286" Y="300" T="0" />
</Gesture>