<?xml version="1.0" encoding="utf-8" standalone="yes"?>
<Gesture Name="check04" NumPts="28">
	<Point X="78" Y="292" T="0" />
	<Point X="78" Y="291" T="0" />
	<Point X="80" Y="291" T="0" />
	<Point X="84" Y="291" T="0" />
	<Point X="100" Y="290" T="0" />
	<Point X="118" Y="291" T="0" />
	<Point X="138" Y="295" T="0" />
	<Point X="162" Y="298" T="0" />
	<Point X="182" Y="305" T="0" />
	<Point X="196" Y="314" T="0" />
	<Point X="208" Y="326" T="0" />
	<Point X="211" Y="335" T="0" />
	<Point X="215" Y="345" T="0" />
	<Point X="218" Y="349" T="0" />
	<Point X="219" Y="350" T="0" />
	<Point X="221" Y="349" T="0" />
	<Point X="226" Y="331" T="0" />
	<Point X="242" Y="299" T="0" />
	<Point X="275" Y="248" T="0" />
	<Point X="338" Y="167" T="0" />
	<Point X="372" Y="134" T="0" />
	<Point X="388" Y="121" T="0" />
	<Point X="400" Y="114" T="0" />
	<Point X="404" Y="112" T="0" />
	<Point X="406" Y="111" T="0" />
	<Point X="406" Y="111" T="0" />
	<Point X="408" Y="111" T="0" />
	<Point X="408" Y="111" T="0" />
</Gesture>