<?xml version="1.0" encoding="utf-8" standalone="yes"?>
<Gesture Name="check03" NumPts="43">
	<Point X="150" Y="261" T="0" />
	<Point X="150" Y="263" T="0" />
	<Point X="154" Y="269" T="0" />
	<Point X="158" Y="281" T="0" />
	<Point X="163" Y="293" T="0" />
	<Point X="168" Y="307" T="0" />
	<Point X="176" Y="324" T="0" />
	<Point X="181" Y="337" T="0" />
	<Point X="187" Y="351" T="0" />
	<Point X="190" Y="357" T="0" />
	<Point X="194" Y="363" T="0" />
	<Point X="197" Y="368" T="0" />
	<Point X="199" Y="372" T="0" />
	<Point X="201" Y="375" T="0" />
	<Point X="202" Y="377" T="0" />
	<Point X="204" Y="379" T="0" />
	<Point X="204" Y="379" T="0" />
	<Point X="204" Y="379" T="0" />
	<Point X="204" Y="377" T="0" />
	<Point X="205" Y="374" T="0" />
	<Point X="209" Y="362" T="0" />
	<Point X="215" Y="344" T="0" />
	<Point X="218" Y="332" T="0" />
	<Point X="222" Y="321" T="0" />
	<Point X="226" Y="309" T="0" />
	<Point X="230" Y="296" T="0" />
	<Point X="234" Y="285" T="0" />
	<Point X="240" Y="269" T="0" />
	<Point X="246" Y="257" T="0" />
	<Point X="254" Y="246" T="0" />
	<Point X="261" Y="237" T="0" />
	<Point X="268" Y="228" T="0" />
	<Point X="273" Y="222" T="0" />
	<Point X="277" Y="219" T="0" />
	<Point X="282" Y="215" T="0" />
	<Point X="285" Y="212" T="0" />
	<Point X="291" Y="207" T="0" />
	<Point X="294" Y="204" T="0" />
	<Point X="297" Y="201" T="0" />
	<Point X="299" Y="198" T="0" />
	<Point X="301" Y="195" T="0" />
	<Point X="303" Y="193" T="0" />
	<Point X="304" Y="192" T="0" />
</Gesture>