<?xml version="1.0" encoding="utf-8" standalone="yes"?>
<Gesture Name="check02" NumPts="31">
	<Point X="142" Y="204" T="0" />
	<Point X="142" Y="205" T="0" />
	<Point X="142" Y="205" T="0" />
	<Point X="143" Y="207" T="0" />
	<Point X="144" Y="208" T="0" />
	<Point X="148" Y="213" T="0" />
	<Point X="153" Y="223" T="0" />
	<Point X="162" Y="236" T="0" />
	<Point X="175" Y="253" T="0" />
	<Point X="190" Y="277" T="0" />
	<Point X="197" Y="295" T="0" />
	<Point X="206" Y="313" T="0" />
	<Point X="218" Y="330" T="0" />
	<Point X="229" Y="347" T="0" />
	<Point X="234" Y="356" T="0" />
	<Point X="237" Y="359" T="0" />
	<Point X="238" Y="359" T="0" />
	<Point X="239" Y="355" T="0" />
	<Point X="242" Y="341" T="0" />
	<Point X="244" Y="332" T="0" />
	<Point X="250" Y="311" T="0" />
	<Point X="262" Y="282" T="0" />
	<Point X="281" Y="248" T="0" />
	<Point X="298" Y="225" T="0" />
	<Point X="310" Y="206" T="0" />
	<Point X="334" Y="181" T="0" />
	<Point X="350" Y="169" T="0" />
	<Point X="362" Y="160" T="0" />
	<Point X="370" Y="155" T="0" />
	<Point X="374" Y="151" T="0" />
	<Point X="376" Y="148" T="0" />
</Gesture>