<?xml version="1.0" encoding="utf-8" standalone="yes"?>
<Gesture Name="check07" NumPts="80">
	<Point X="64" Y="321" T="0" />
	<Point X="64" Y="321" T="0" />
	<Point X="65" Y="320" T="0" />
	<Point X="66" Y="319" T="0" />
	<Point X="68" Y="319" T="0" />
	<Point X="71" Y="318" T="0" />
	<Point X="74" Y="317" T="0" />
	<Point X="76" Y="317" T="0" />
	<Point X="80" Y="317" T="0" />
	<Point X="82" Y="317" T="0" />
	<Point X="86" Y="317" T="0" />
	<Point X="90" Y="319" T="0" />
	<Point X="93" Y="320" T="0" />
	<Point X="96" Y="321" T="0" />
	<Point X="98" Y="322" T="0" />
	<Point X="101" Y="324" T="0" />
	<Point X="104" Y="326" T="0" />
	<Point X="108" Y="329" T="0" />
	<Point X="111" Y="332" T="0" />
	<Point X="114" Y="335" T="0" />
	<Point X="117" Y="338" T="0" />
	<Point X="120" Y="341" T="0" />
	<Point X="122" Y="343" T="0" />
	<Point X="126" Y="347" T="0" />
	<Point X="128" Y="350" T="0" />
	<Point X="131" Y="353" T="0" />
	<Point X="134" Y="357" T="0" />
	<Point X="136" Y="360" T="0" />
	<Point X="138" Y="363" T="0" />
	<Point X="139" Y="365" T="0" />
	<Point X="141" Y="368" T="0" />
	<Point X="142" Y="371" T="0" />
	<Point X="142" Y="373" T="0" />
	<Point X="143" Y="376" T="0" />
	<Point X="143" Y="380" T="0" />
	<Point X="143" Y="383" T="0" />
	<Point X="143" Y="385" T="0" />
	<Point X="144" Y="388" T="0" />
	<Point X="144" Y="389" T="0" />
	<Point X="144" Y="392" T="0" />
	<Point X="144" Y="395" T="0" />
	<Point X="144" Y="397" T="0" />
	<Point X="144" Y="399" T="0" />
	<Point X="144" Y="401" T="0" />
	<Point X="144" Y="403" T="0" />
	<Point X="144" Y="404" T="0" />
	<Point X="144" Y="405" T="0" />
	<Point X="144" Y="406" T="0" />
	<Point X="145" Y="405" T="0" />
	<Point X="145" Y="403" T="0" />
	<Point X="146" Y="395" T="0" />
	<Point X="147" Y="385" T="0" />
	<Point X="148" Y="375" T="0" />
	<Point X="150" Y="363" T="0" />
	<Point X="150" Y="352" T="0" />
	<Point X="150" Y="344" T="0" />
	<Point X="151" Y="333" T="0" />
	<Point X="153" Y="317" T="0" />
	<Point X="153" Y="305" T="0" />
	<Point X="153" Y="295" T="0" />
	<Point X="155" Y="283" T="0" />
	<Point X="157" Y="272" T="0" />
	<Point X="160" Y="261" T="0" />
	<Point X="164" Y="249" T="0" />
	<Point X="168" Y="237" T="0" />
	<Point X="173" Y="219" T="0" />
	<Point X="175" Y="213" T="0" />
	<Point X="180" Y="201" T="0" />
	<Point X="183" Y="195" T="0" />
	<Point X="186" Y="189" T="0" />
	<Point X="189" Y="185" T="0" />
	<Point X="192" Y="182" T="0" />
	<Point X="195" Y="179" T="0" />
	<Point X="200" Y="177" T="0" />
	<Point X="208" Y="175" T="0" />
	<Point X="214" Y="173" T="0" />
	<Point X="220" Y="173" T="0" />
	<Point X="222" Y="172" T="0" />
	<Point X="224" Y="172" T="0" />
	<Point X="224" Y="172" T="0" />
</Gesture>