<?xml version="1.0" encoding="utf-8" standalone="yes"?>
<Gesture Name="check08" NumPts="30">
	<Point X="152" Y="287" T="0" />
	<Point X="152" Y="288" T="0" />
	<Point X="154" Y="290" T="0" />
	<Point X="158" Y="297" T="0" />
	<Point X="166" Y="312" T="0" />
	<Point X="170" Y="322" T="0" />
	<Point X="175" Y="331" T="0" />
	<Point X="178" Y="336" T="0" />
	<Point X="181" Y="340" T="0" />
	<Point X="184" Y="343" T="0" />
	<Point X="186" Y="345" T="0" />
	<Point X="188" Y="348" T="0" />
	<Point X="190" Y="350" T="0" />
	<Point X="192" Y="353" T="0" />
	<Point X="193" Y="355" T="0" />
	<Point X="193" Y="353" T="0" />
	<Point X="194" Y="348" T="0" />
	<Point X="197" Y="331" T="0" />
	<Point X="201" Y="312" T="0" />
	<Point X="224" Y="272" T="0" />
	<Point X="236" Y="255" T="0" />
	<Point X="249" Y="241" T="0" />
	<Point X="261" Y="232" T="0" />
	<Point X="273" Y="225" T="0" />
	<Point X="280" Y="221" T="0" />
	<Point X="284" Y="218" T="0" />
	<Point X="286" Y="217" T="0" />
	<Point X="288" Y="214" T="0" />
	<Point X="292" Y="210" T="0" />
	<Point X="294" Y="209" T="0" />
</Gesture>