<?xml version="1.0" encoding="utf-8" standalone="yes"?>
<Gesture Name="check10" NumPts="22">
	<Point X="150" Y="262" T="0" />
	<Point X="152" Y="265" T="0" />
	<Point X="154" Y="268" T="0" />
	<Point X="157" Y="275" T="0" />
	<Point X="164" Y="287" T="0" />
	<Point X="174" Y="300" T="0" />
	<Point X="186" Y="316" T="0" />
	<Point X="194" Y="328" T="0" />
	<Point X="201" Y="337" T="0" />
	<Point X="203" Y="340" T="0" />
	<Point X="204" Y="342" T="0" />
	<Point X="204" Y="343" T="0" />
	<Point X="204" Y="344" T="0" />
	<Point X="204" Y="343" T="0" />
	<Point X="204" Y="341" T="0" />
	<Point X="205" Y="336" T="0" />
	<Point X="210" Y="317" T="0" />
	<Point X="236" Y="268" T="0" />
	<Point X="266" Y="235" T="0" />
	<Point X="294" Y="215" T="0" />
	<Point X="312" Y="199" T="0" />
	<Point X="326" Y="187" T="0" />
</Gesture>