<?xml version="1.0" encoding="utf-8" standalone="yes"?>
<Gesture Name="check01" NumPts="30">
	<Point X="132" Y="262" T="0" />
	<Point X="132" Y="262" T="0" />
	<Point X="133" Y="264" T="0" />
	<Point X="136" Y="271" T="0" />
	<Point X="140" Y="282" T="0" />
	<Point X="144" Y="293" T="0" />
	<Point X="149" Y="306" T="0" />
	<Point X="154" Y="318" T="0" />
	<Point X="166" Y="336" T="0" />
	<Point X="170" Y="346" T="0" />
	<Point X="175" Y="355" T="0" />
	<Point X="178" Y="359" T="0" />
	<Point X="180" Y="363" T="0" />
	<Point X="181" Y="364" T="0" />
	<Point X="181" Y="365" T="0" />
	<Point X="183" Y="361" T="0" />
	<Point X="187" Y="348" T="0" />
	<Point X="191" Y="333" T="0" />
	<Point X="200" Y="316" T="0" />
	<Point X="210" Y="299" T="0" />
	<Point X="223" Y="279" T="0" />
	<Point X="238" Y="259" T="0" />
	<Point X="261" Y="233" T="0" />
	<Point X="276" Y="217" T="0" />
	<Point X="288" Y="203" T="0" />
	<Point X="299" Y="191" T="0" />
	<Point X="303" Y="183" T="0" />
	<Point X="306" Y="179" T="0" />
	<Point X="309" Y="176" T="0" />
	<Point X="312" Y="171" T="0" />
</Gesture>