<?xml version="1.0" encoding="utf-8" standalone="yes"?>
<Gesture Name="circle10" NumPts="50">
	<Point X="275" Y="228" T="0" />
	<Point X="275" Y="228" T="0" />
	<Point X="275" Y="228" T="0" />
	<Point X="274" Y="230" T="0" />
	<Point X="265" Y="234" T="0" />
	<Point X="253" Y="238" T="0" />
	<Point X="242" Y="242" T="0" />
	<Point X="231" Y="249" T="0" />
	<Point X="222" Y="257" T="0" />
	<Point X="218" Y="270" T="0" />
	<Point X="219" Y="291" T="0" />
	<Point X="224" Y="305" T="0" />
	<Point X="234" Y="319" T="0" />
	<Point X="242" Y="332" T="0" />
	<Point X="250" Y="344" T="0" />
	<Point X="257" Y="353" T="0" />
	<Point X="268" Y="366" T="0" />
	<Point X="281" Y="378" T="0" />
	<Point X="304" Y="395" T="0" />
	<Point X="322" Y="401" T="0" />
	<Point X="340" Y="406" T="0" />
	<Point X="359" Y="406" T="0" />
	<Point X="374" Y="404" T="0" />
	<Point X="387" Y="400" T="0" />
	<Point X="396" Y="393" T="0" />
	<Point X="401" Y="379" T="0" />
	<Point X="405" Y="367" T="0" />
	<Point X="407" Y="350" T="0" />
	<Point X="405" Y="339" T="0" />
	<Point X="402" Y="327" T="0" />
	<Point X="398" Y="316" T="0" />
	<Point X="394" Y="307" T="0" />
	<Point X="390" Y="295" T="0" />
	<Point X="383" Y="285" T="0" />
	<Point X="373" Y="270" T="0" />
	<Point X="365" Y="262" T="0" />
	<Point X="355" Y="255" T="0" />
	<Point X="347" Y="250" T="0" />
	<Point X="339" Y="245" T="0" />
	<Point X="332" Y="242" T="0" />
	<Point X="324" Y="238" T="0" />
	<Point X="312" Y="235" T="0" />
	<Point X="299" Y="231" T="0" />
	<Point X="290" Y="230" T="0" />
	<Point X="284" Y="230" T="0" />
	<Point X="279" Y="231" T="0" />
	<Point X="277" Y="232" T="0" />
	<Point X="276" Y="232" T="0" />
	<Point X="277" Y="234" T="0" />
	<Point X="282" Y="238" T="0" />
</Gesture>