<?xml version="1.0" encoding="utf-8" standalone="yes"?>
<Gesture Name="circle08" NumPts="52">
	<Point X="294" Y="174" T="0" />
	<Point X="293" Y="174" T="0" />
	<Point X="290" Y="174" T="0" />
	<Point X="285" Y="175" T="0" />
	<Point X="280" Y="177" T="0" />
	<Point X="270" Y="181" T="0" />
	<Point X="254" Y="185" T="0" />
	<Point X="233" Y="192" T="0" />
	<Point X="219" Y="199" T="0" />
	<Point X="203" Y="205" T="0" />
	<Point X="189" Y="210" T="0" />
	<Point X="178" Y="215" T="0" />
	<Point X="172" Y="219" T="0" />
	<Point X="168" Y="225" T="0" />
	<Point X="164" Y="230" T="0" />
	<Point X="163" Y="235" T="0" />
	<Point X="162" Y="250" T="0" />
	<Point X="164" Y="260" T="0" />
	<Point X="168" Y="273" T="0" />
	<Point X="171" Y="285" T="0" />
	<Point X="176" Y="296" T="0" />
	<Point X="185" Y="307" T="0" />
	<Point X="203" Y="319" T="0" />
	<Point X="215" Y="324" T="0" />
	<Point X="228" Y="328" T="0" />
	<Point X="244" Y="327" T="0" />
	<Point X="263" Y="324" T="0" />
	<Point X="281" Y="320" T="0" />
	<Point X="292" Y="316" T="0" />
	<Point X="298" Y="310" T="0" />
	<Point X="302" Y="304" T="0" />
	<Point X="304" Y="288" T="0" />
	<Point X="307" Y="277" T="0" />
	<Point X="309" Y="264" T="0" />
	<Point X="310" Y="253" T="0" />
	<Point X="310" Y="244" T="0" />
	<Point X="310" Y="235" T="0" />
	<Point X="310" Y="228" T="0" />
	<Point X="310" Y="221" T="0" />
	<Point X="309" Y="214" T="0" />
	<Point X="306" Y="203" T="0" />
	<Point X="306" Y="197" T="0" />
	<Point X="304" Y="194" T="0" />
	<Point X="302" Y="191" T="0" />
	<Point X="301" Y="189" T="0" />
	<Point X="300" Y="189" T="0" />
	<Point X="297" Y="185" T="0" />
	<Point X="294" Y="183" T="0" />
	<Point X="292" Y="181" T="0" />
	<Point X="290" Y="178" T="0" />
	<Point X="287" Y="175" T="0" />
	<Point X="286" Y="174" T="0" />
</Gesture>