<?xml version="1.0" encoding="utf-8" standalone="yes"?>
<Gesture Name="circle07" NumPts="54">
	<Point X="231" Y="164" T="0" />
	<Point X="231" Y="164" T="0" />
	<Point X="229" Y="167" T="0" />
	<Point X="227" Y="169" T="0" />
	<Point X="223" Y="174" T="0" />
	<Point X="220" Y="177" T="0" />
	<Point X="212" Y="180" T="0" />
	<Point X="201" Y="184" T="0" />
	<Point X="188" Y="188" T="0" />
	<Point X="172" Y="194" T="0" />
	<Point X="158" Y="203" T="0" />
	<Point X="146" Y="217" T="0" />
	<Point X="139" Y="239" T="0" />
	<Point X="141" Y="258" T="0" />
	<Point X="149" Y="281" T="0" />
	<Point X="161" Y="304" T="0" />
	<Point X="176" Y="322" T="0" />
	<Point X="194" Y="338" T="0" />
	<Point X="218" Y="355" T="0" />
	<Point X="271" Y="380" T="0" />
	<Point X="301" Y="386" T="0" />
	<Point X="326" Y="388" T="0" />
	<Point X="346" Y="386" T="0" />
	<Point X="362" Y="382" T="0" />
	<Point X="374" Y="377" T="0" />
	<Point X="385" Y="371" T="0" />
	<Point X="391" Y="359" T="0" />
	<Point X="394" Y="348" T="0" />
	<Point X="395" Y="333" T="0" />
	<Point X="393" Y="311" T="0" />
	<Point X="390" Y="296" T="0" />
	<Point X="386" Y="285" T="0" />
	<Point X="382" Y="272" T="0" />
	<Point X="378" Y="261" T="0" />
	<Point X="375" Y="251" T="0" />
	<Point X="371" Y="244" T="0" />
	<Point X="366" Y="233" T="0" />
	<Point X="358" Y="222" T="0" />
	<Point X="347" Y="209" T="0" />
	<Point X="336" Y="199" T="0" />
	<Point X="325" Y="193" T="0" />
	<Point X="317" Y="188" T="0" />
	<Point X="307" Y="184" T="0" />
	<Point X="288" Y="177" T="0" />
	<Point X="269" Y="173" T="0" />
	<Point X="252" Y="170" T="0" />
	<Point X="236" Y="167" T="0" />
	<Point X="229" Y="166" T="0" />
	<Point X="226" Y="166" T="0" />
	<Point X="224" Y="167" T="0" />
	<Point X="223" Y="168" T="0" />
	<Point X="223" Y="171" T="0" />
	<Point X="222" Y="179" T="0" />
	<Point X="226" Y="193" T="0" />
</Gesture>