<?xml version="1.0" encoding="utf-8" standalone="yes"?>
<Gesture Name="circle04" NumPts="63">
	<Point X="265" Y="151" T="0" />
	<Point X="264" Y="151" T="0" />
	<Point X="261" Y="151" T="0" />
	<Point X="258" Y="153" T="0" />
	<Point X="255" Y="155" T="0" />
	<Point X="246" Y="159" T="0" />
	<Point X="236" Y="163" T="0" />
	<Point X="224" Y="165" T="0" />
	<Point X="213" Y="169" T="0" />
	<Point X="197" Y="173" T="0" />
	<Point X="185" Y="178" T="0" />
	<Point X="174" Y="184" T="0" />
	<Point X="163" Y="190" T="0" />
	<Point X="150" Y="198" T="0" />
	<Point X="138" Y="207" T="0" />
	<Point X="129" Y="215" T="0" />
	<Point X="122" Y="230" T="0" />
	<Point X="120" Y="238" T="0" />
	<Point X="120" Y="246" T="0" />
	<Point X="122" Y="258" T="0" />
	<Point X="127" Y="271" T="0" />
	<Point X="131" Y="282" T="0" />
	<Point X="136" Y="293" T="0" />
	<Point X="140" Y="304" T="0" />
	<Point X="146" Y="315" T="0" />
	<Point X="160" Y="332" T="0" />
	<Point X="176" Y="345" T="0" />
	<Point X="193" Y="359" T="0" />
	<Point X="209" Y="371" T="0" />
	<Point X="221" Y="377" T="0" />
	<Point X="232" Y="381" T="0" />
	<Point X="244" Y="383" T="0" />
	<Point X="256" Y="384" T="0" />
	<Point X="280" Y="380" T="0" />
	<Point X="297" Y="375" T="0" />
	<Point X="314" Y="365" T="0" />
	<Point X="329" Y="357" T="0" />
	<Point X="341" Y="348" T="0" />
	<Point X="351" Y="337" T="0" />
	<Point X="359" Y="325" T="0" />
	<Point X="368" Y="307" T="0" />
	<Point X="371" Y="296" T="0" />
	<Point X="372" Y="282" T="0" />
	<Point X="371" Y="271" T="0" />
	<Point X="370" Y="260" T="0" />
	<Point X="366" Y="250" T="0" />
	<Point X="364" Y="239" T="0" />
	<Point X="360" Y="228" T="0" />
	<Point X="355" Y="219" T="0" />
	<Point X="348" Y="209" T="0" />
	<Point X="344" Y="204" T="0" />
	<Point X="341" Y="201" T="0" />
	<Point X="338" Y="199" T="0" />
	<Point X="332" Y="195" T="0" />
	<Point X="326" Y="191" T="0" />
	<Point X="320" Y="188" T="0" />
	<Point X="314" Y="185" T="0" />
	<Point X="307" Y="181" T="0" />
	<Point X="299" Y="177" T="0" />
	<Point X="292" Y="173" T="0" />
	<Point X="287" Y="171" T="0" />
	<Point X="281" Y="168" T="0" />
	<Point X="276" Y="166" T="0" />
</Gesture>