<?xml version="1.0" encoding="utf-8" standalone="yes"?>
<Gesture Name="circle03" NumPts="107">
	<Point X="262" Y="167" T="0" />
	<Point X="262" Y="167" T="0" />
	<Point X="262" Y="166" T="0" />
	<Point X="262" Y="165" T="0" />
	<Point X="262" Y="164" T="0" />
	<Point X="262" Y="163" T="0" />
	<Point X="262" Y="161" T="0" />
	<Point X="259" Y="159" T="0" />
	<Point X="257" Y="158" T="0" />
	<Point X="254" Y="158" T="0" />
	<Point X="248" Y="158" T="0" />
	<Point X="241" Y="157" T="0" />
	<Point X="226" Y="158" T="0" />
	<Point X="214" Y="159" T="0" />
	<Point X="201" Y="162" T="0" />
	<Point X="187" Y="166" T="0" />
	<Point X="176" Y="169" T="0" />
	<Point X="164" Y="173" T="0" />
	<Point X="153" Y="176" T="0" />
	<Point X="144" Y="180" T="0" />
	<Point X="137" Y="183" T="0" />
	<Point X="125" Y="189" T="0" />
	<Point X="120" Y="193" T="0" />
	<Point X="116" Y="197" T="0" />
	<Point X="111" Y="203" T="0" />
	<Point X="106" Y="207" T="0" />
	<Point X="103" Y="213" T="0" />
	<Point X="97" Y="220" T="0" />
	<Point X="90" Y="229" T="0" />
	<Point X="85" Y="237" T="0" />
	<Point X="80" Y="248" T="0" />
	<Point X="78" Y="254" T="0" />
	<Point X="76" Y="261" T="0" />
	<Point X="75" Y="268" T="0" />
	<Point X="76" Y="275" T="0" />
	<Point X="78" Y="287" T="0" />
	<Point X="81" Y="298" T="0" />
	<Point X="85" Y="309" T="0" />
	<Point X="90" Y="321" T="0" />
	<Point X="96" Y="330" T="0" />
	<Point X="101" Y="338" T="0" />
	<Point X="110" Y="351" T="0" />
	<Point X="120" Y="360" T="0" />
	<Point X="132" Y="373" T="0" />
	<Point X="141" Y="383" T="0" />
	<Point X="157" Y="392" T="0" />
	<Point X="168" Y="397" T="0" />
	<Point X="180" Y="402" T="0" />
	<Point X="192" Y="406" T="0" />
	<Point X="202" Y="409" T="0" />
	<Point X="212" Y="412" T="0" />
	<Point X="220" Y="413" T="0" />
	<Point X="230" Y="414" T="0" />
	<Point X="240" Y="414" T="0" />
	<Point X="248" Y="414" T="0" />
	<Point X="253" Y="414" T="0" />
	<Point X="261" Y="412" T="0" />
	<Point X="271" Y="409" T="0" />
	<Point X="281" Y="405" T="0" />
	<Point X="289" Y="402" T="0" />
	<Point X="297" Y="397" T="0" />
	<Point X="304" Y="392" T="0" />
	<Point X="314" Y="386" T="0" />
	<Point X="320" Y="375" T="0" />
	<Point X="324" Y="367" T="0" />
	<Point X="327" Y="359" T="0" />
	<Point X="331" Y="352" T="0" />
	<Point X="334" Y="343" T="0" />
	<Point X="338" Y="334" T="0" />
	<Point X="338" Y="319" T="0" />
	<Point X="338" Y="309" T="0" />
	<Point X="336" Y="299" T="0" />
	<Point X="334" Y="291" T="0" />
	<Point X="331" Y="282" T="0" />
	<Point X="330" Y="274" T="0" />
	<Point X="326" Y="269" T="0" />
	<Point X="324" Y="265" T="0" />
	<Point X="321" Y="259" T="0" />
	<Point X="317" Y="252" T="0" />
	<Point X="314" Y="248" T="0" />
	<Point X="310" Y="242" T="0" />
	<Point X="307" Y="237" T="0" />
	<Point X="303" Y="230" T="0" />
	<Point X="300" Y="224" T="0" />
	<Point X="297" Y="219" T="0" />
	<Point X="294" Y="215" T="0" />
	<Point X="291" Y="213" T="0" />
	<Point X="288" Y="208" T="0" />
	<Point X="286" Y="206" T="0" />
	<Point X="282" Y="203" T="0" />
	<Point X="280" Y="200" T="0" />
	<Point X="278" Y="196" T="0" />
	<Point X="276" Y="193" T="0" />
	<Point X="274" Y="189" T="0" />
	<Point X="272" Y="187" T="0" />
	<Point X="270" Y="185" T="0" />
	<Point X="267" Y="182" T="0" />
	<Point X="265" Y="179" T="0" />
	<Point X="263" Y="176" T="0" />
	<Point X="260" Y="173" T="0" />
	<Point X="259" Y="173" T="0" />
	<Point X="257" Y="171" T="0" />
	<Point X="256" Y="170" T="0" />
	<Point X="256" Y="169" T="0" />
	<Point X="255" Y="169" T="0" />
	<Point X="255" Y="170" T="0" />
	<Point X="255" Y="170" T="0" />
</Gesture>