<?xml version="1.0" encoding="utf-8" standalone="yes"?>
<Gesture Name="Delete06" NumPts="54">
	<Point X="136" Y="192" T="0" />
	<Point X="138" Y="193" T="0" />
	<Point X="144" Y="198" T="0" />
	<Point X="152" Y="209" T="0" />
	<Point X="163" Y="221" T="0" />
	<Point X="176" Y="237" T="0" />
	<Point X="200" Y="264" T="0" />
	<Point X="215" Y="279" T="0" />
	<Point X="228" Y="291" T="0" />
	<Point X="240" Y="303" T="0" />
	<Point X="248" Y="311" T="0" />
	<Point X="255" Y="319" T="0" />
	<Point X="262" Y="328" T="0" />
	<Point X="266" Y="333" T="0" />
	<Point X="269" Y="337" T="0" />
	<Point X="273" Y="342" T="0" />
	<Point X="274" Y="345" T="0" />
	<Point X="276" Y="348" T="0" />
	<Point X="276" Y="349" T="0" />
	<Point X="276" Y="349" T="0" />
	<Point X="276" Y="350" T="0" />
	<Point X="274" Y="351" T="0" />
	<Point X="270" Y="353" T="0" />
	<Point X="260" Y="355" T="0" />
	<Point X="247" Y="357" T="0" />
	<Point X="227" Y="359" T="0" />
	<Point X="197" Y="362" T="0" />
	<Point X="163" Y="364" T="0" />
	<Point X="144" Y="364" T="0" />
	<Point X="124" Y="363" T="0" />
	<Point X="118" Y="362" T="0" />
	<Point X="116" Y="362" T="0" />
	<Point X="115" Y="362" T="0" />
	<Point X="114" Y="361" T="0" />
	<Point X="113" Y="361" T="0" />
	<Point X="113" Y="360" T="0" />
	<Point X="111" Y="357" T="0" />
	<Point X="108" Y="353" T="0" />
	<Point X="107" Y="349" T="0" />
	<Point X="107" Y="344" T="0" />
	<Point X="110" Y="335" T="0" />
	<Point X="119" Y="320" T="0" />
	<Point X="134" Y="306" T="0" />
	<Point X="154" Y="288" T="0" />
	<Point X="184" Y="267" T="0" />
	<Point X="216" Y="250" T="0" />
	<Point X="242" Y="231" T="0" />
	<Point X="255" Y="220" T="0" />
	<Point X="258" Y="215" T="0" />
	<Point X="258" Y="211" T="0" />
	<Point X="258" Y="209" T="0" />
	<Point X="259" Y="207" T="0" />
	<Point X="261" Y="204" T="0" />
	<Point X="265" Y="201" T="0" />
</Gesture>