<?xml version="1.0" encoding="utf-8" standalone="yes"?>
<Gesture Name="left_curly_brace03" NumPts="76">
	<Point X="284" Y="119" T="0" />
	<Point X="283" Y="119" T="0" />
	<Point X="280" Y="118" T="0" />
	<Point X="276" Y="117" T="0" />
	<Point X="272" Y="117" T="0" />
	<Point X="266" Y="117" T="0" />
	<Point X="260" Y="117" T="0" />
	<Point X="254" Y="117" T="0" />
	<Point X="248" Y="119" T="0" />
	<Point X="244" Y="121" T="0" />
	<Point X="241" Y="124" T="0" />
	<Point X="238" Y="127" T="0" />
	<Point X="236" Y="130" T="0" />
	<Point X="232" Y="133" T="0" />
	<Point X="230" Y="136" T="0" />
	<Point X="228" Y="139" T="0" />
	<Point X="224" Y="144" T="0" />
	<Point X="223" Y="148" T="0" />
	<Point X="222" Y="151" T="0" />
	<Point X="221" Y="155" T="0" />
	<Point X="221" Y="158" T="0" />
	<Point X="222" Y="162" T="0" />
	<Point X="224" Y="166" T="0" />
	<Point X="226" Y="170" T="0" />
	<Point X="229" Y="174" T="0" />
	<Point X="232" Y="178" T="0" />
	<Point X="237" Y="184" T="0" />
	<Point X="241" Y="189" T="0" />
	<Point X="245" Y="193" T="0" />
	<Point X="248" Y="198" T="0" />
	<Point X="251" Y="201" T="0" />
	<Point X="254" Y="204" T="0" />
	<Point X="256" Y="207" T="0" />
	<Point X="260" Y="211" T="0" />
	<Point X="262" Y="215" T="0" />
	<Point X="265" Y="219" T="0" />
	<Point X="267" Y="222" T="0" />
	<Point X="268" Y="225" T="0" />
	<Point X="268" Y="227" T="0" />
	<Point X="268" Y="230" T="0" />
	<Point X="266" Y="233" T="0" />
	<Point X="261" Y="237" T="0" />
	<Point X="258" Y="240" T="0" />
	<Point X="254" Y="243" T="0" />
	<Point X="251" Y="247" T="0" />
	<Point X="248" Y="250" T="0" />
	<Point X="246" Y="253" T="0" />
	<Point X="245" Y="256" T="0" />
	<Point X="246" Y="259" T="0" />
	<Point X="247" Y="263" T="0" />
	<Point X="254" Y="272" T="0" />
	<Point X="260" Y="279" T="0" />
	<Point X="272" Y="290" T="0" />
	<Point X="284" Y="301" T="0" />
	<Point X="295" Y="308" T="0" />
	<Point X="300" Y="311" T="0" />
	<Point X="302" Y="313" T="0" />
	<Point X="302" Y="314" T="0" />
	<Point X="302" Y="316" T="0" />
	<Point X="299" Y="319" T="0" />
	<Point X="294" Y="322" T="0" />
	<Point X="278" Y="329" T="0" />
	<Point X="267" Y="334" T="0" />
	<Point X="255" Y="339" T="0" />
	<Point X="245" Y="346" T="0" />
	<Point X="242" Y="351" T="0" />
	<Point X="239" Y="356" T="0" />
	<Point X="240" Y="366" T="0" />
	<Point X="244" Y="379" T="0" />
	<Point X="251" Y="393" T="0" />
	<Point X="273" Y="419" T="0" />
	<Point X="292" Y="438" T="0" />
	<Point X="314" Y="455" T="0" />
	<Point X="340" Y="471" T="0" />
	<Point X="358" Y="476" T="0" />
	<Point X="372" Y="477" T="0" />
</Gesture>