<?xml version="1.0" encoding="utf-8" standalone="yes"?>
<Gesture Name="left_square_bracket03" NumPts="64">
	<Point X="202" Y="159" T="0" />
	<Point X="201" Y="159" T="0" />
	<Point X="201" Y="159" T="0" />
	<Point X="200" Y="159" T="0" />
	<Point X="198" Y="159" T="0" />
	<Point X="193" Y="157" T="0" />
	<Point X="189" Y="155" T="0" />
	<Point X="182" Y="153" T="0" />
	<Point X="167" Y="149" T="0" />
	<Point X="156" Y="147" T="0" />
	<Point X="145" Y="144" T="0" />
	<Point X="135" Y="141" T="0" />
	<Point X="128" Y="139" T="0" />
	<Point X="124" Y="139" T="0" />
	<Point X="121" Y="139" T="0" />
	<Point X="118" Y="139" T="0" />
	<Point X="116" Y="139" T="0" />
	<Point X="115" Y="141" T="0" />
	<Point X="114" Y="143" T="0" />
	<Point X="114" Y="145" T="0" />
	<Point X="112" Y="149" T="0" />
	<Point X="111" Y="157" T="0" />
	<Point X="111" Y="169" T="0" />
	<Point X="111" Y="179" T="0" />
	<Point X="111" Y="189" T="0" />
	<Point X="111" Y="200" T="0" />
	<Point X="111" Y="211" T="0" />
	<Point X="114" Y="224" T="0" />
	<Point X="118" Y="235" T="0" />
	<Point X="120" Y="246" T="0" />
	<Point X="122" Y="258" T="0" />
	<Point X="126" Y="269" T="0" />
	<Point X="132" Y="288" T="0" />
	<Point X="136" Y="298" T="0" />
	<Point X="140" Y="308" T="0" />
	<Point X="142" Y="319" T="0" />
	<Point X="145" Y="330" T="0" />
	<Point X="148" Y="339" T="0" />
	<Point X="151" Y="347" T="0" />
	<Point X="154" Y="357" T="0" />
	<Point X="158" Y="365" T="0" />
	<Point X="160" Y="370" T="0" />
	<Point X="162" Y="373" T="0" />
	<Point X="162" Y="375" T="0" />
	<Point X="163" Y="378" T="0" />
	<Point X="164" Y="379" T="0" />
	<Point X="164" Y="380" T="0" />
	<Point X="164" Y="381" T="0" />
	<Point X="168" Y="382" T="0" />
	<Point X="172" Y="383" T="0" />
	<Point X="179" Y="385" T="0" />
	<Point X="190" Y="385" T="0" />
	<Point X="201" Y="385" T="0" />
	<Point X="212" Y="387" T="0" />
	<Point X="222" Y="388" T="0" />
	<Point X="228" Y="389" T="0" />
	<Point X="230" Y="389" T="0" />
	<Point X="231" Y="389" T="0" />
	<Point X="232" Y="389" T="0" />
	<Point X="232" Y="389" T="0" />
	<Point X="233" Y="389" T="0" />
	<Point X="234" Y="388" T="0" />
	<Point X="234" Y="387" T="0" />
	<Point X="234" Y="387" T="0" />
</Gesture>