<?xml version="1.0" encoding="utf-8" standalone="yes"?>
<Gesture Name="left_curly_brace06" NumPts="69">
	<Point X="237" Y="179" T="0" />
	<Point X="236" Y="179" T="0" />
	<Point X="235" Y="179" T="0" />
	<Point X="234" Y="180" T="0" />
	<Point X="231" Y="182" T="0" />
	<Point X="226" Y="185" T="0" />
	<Point X="222" Y="188" T="0" />
	<Point X="219" Y="191" T="0" />
	<Point X="214" Y="194" T="0" />
	<Point X="212" Y="196" T="0" />
	<Point X="209" Y="199" T="0" />
	<Point X="206" Y="201" T="0" />
	<Point X="202" Y="206" T="0" />
	<Point X="200" Y="209" T="0" />
	<Point X="199" Y="211" T="0" />
	<Point X="198" Y="215" T="0" />
	<Point X="198" Y="219" T="0" />
	<Point X="198" Y="225" T="0" />
	<Point X="198" Y="231" T="0" />
	<Point X="199" Y="235" T="0" />
	<Point X="200" Y="238" T="0" />
	<Point X="202" Y="241" T="0" />
	<Point X="203" Y="244" T="0" />
	<Point X="206" Y="247" T="0" />
	<Point X="208" Y="251" T="0" />
	<Point X="210" Y="253" T="0" />
	<Point X="213" Y="256" T="0" />
	<Point X="215" Y="259" T="0" />
	<Point X="217" Y="263" T="0" />
	<Point X="218" Y="266" T="0" />
	<Point X="218" Y="268" T="0" />
	<Point X="218" Y="271" T="0" />
	<Point X="218" Y="273" T="0" />
	<Point X="218" Y="276" T="0" />
	<Point X="218" Y="279" T="0" />
	<Point X="216" Y="281" T="0" />
	<Point X="215" Y="285" T="0" />
	<Point X="214" Y="288" T="0" />
	<Point X="214" Y="290" T="0" />
	<Point X="214" Y="293" T="0" />
	<Point X="215" Y="295" T="0" />
	<Point X="218" Y="298" T="0" />
	<Point X="220" Y="301" T="0" />
	<Point X="225" Y="305" T="0" />
	<Point X="226" Y="307" T="0" />
	<Point X="226" Y="308" T="0" />
	<Point X="226" Y="310" T="0" />
	<Point X="226" Y="313" T="0" />
	<Point X="226" Y="315" T="0" />
	<Point X="224" Y="318" T="0" />
	<Point X="221" Y="321" T="0" />
	<Point X="217" Y="326" T="0" />
	<Point X="214" Y="334" T="0" />
	<Point X="210" Y="339" T="0" />
	<Point X="204" Y="347" T="0" />
	<Point X="200" Y="355" T="0" />
	<Point X="198" Y="361" T="0" />
	<Point X="196" Y="368" T="0" />
	<Point X="196" Y="376" T="0" />
	<Point X="197" Y="387" T="0" />
	<Point X="200" Y="404" T="0" />
	<Point X="204" Y="417" T="0" />
	<Point X="209" Y="429" T="0" />
	<Point X="220" Y="443" T="0" />
	<Point X="236" Y="456" T="0" />
	<Point X="250" Y="469" T="0" />
	<Point X="265" Y="479" T="0" />
	<Point X="285" Y="484" T="0" />
	<Point X="299" Y="488" T="0" />
</Gesture>