<?xml version="1.0" encoding="utf-8" standalone="yes"?>
<Gesture Name="left_curly_brace04" NumPts="88">
	<Point X="269" Y="128" T="0" />
	<Point X="268" Y="128" T="0" />
	<Point X="268" Y="128" T="0" />
	<Point X="266" Y="128" T="0" />
	<Point X="265" Y="128" T="0" />
	<Point X="263" Y="128" T="0" />
	<Point X="261" Y="127" T="0" />
	<Point X="260" Y="127" T="0" />
	<Point X="258" Y="126" T="0" />
	<Point X="255" Y="126" T="0" />
	<Point X="252" Y="126" T="0" />
	<Point X="250" Y="126" T="0" />
	<Point X="245" Y="128" T="0" />
	<Point X="241" Y="130" T="0" />
	<Point X="236" Y="135" T="0" />
	<Point X="234" Y="137" T="0" />
	<Point X="232" Y="140" T="0" />
	<Point X="232" Y="143" T="0" />
	<Point X="230" Y="145" T="0" />
	<Point X="230" Y="148" T="0" />
	<Point X="230" Y="152" T="0" />
	<Point X="230" Y="155" T="0" />
	<Point X="231" Y="157" T="0" />
	<Point X="233" Y="160" T="0" />
	<Point X="235" Y="163" T="0" />
	<Point X="237" Y="166" T="0" />
	<Point X="239" Y="169" T="0" />
	<Point X="241" Y="171" T="0" />
	<Point X="246" Y="175" T="0" />
	<Point X="248" Y="179" T="0" />
	<Point X="250" Y="181" T="0" />
	<Point X="252" Y="184" T="0" />
	<Point X="254" Y="187" T="0" />
	<Point X="256" Y="189" T="0" />
	<Point X="257" Y="192" T="0" />
	<Point X="258" Y="195" T="0" />
	<Point X="260" Y="199" T="0" />
	<Point X="262" Y="206" T="0" />
	<Point X="264" Y="221" T="0" />
	<Point X="262" Y="232" T="0" />
	<Point X="260" Y="239" T="0" />
	<Point X="258" Y="241" T="0" />
	<Point X="256" Y="243" T="0" />
	<Point X="256" Y="243" T="0" />
	<Point X="254" Y="244" T="0" />
	<Point X="253" Y="245" T="0" />
	<Point X="252" Y="246" T="0" />
	<Point X="250" Y="248" T="0" />
	<Point X="247" Y="251" T="0" />
	<Point X="244" Y="255" T="0" />
	<Point X="243" Y="257" T="0" />
	<Point X="242" Y="260" T="0" />
	<Point X="242" Y="262" T="0" />
	<Point X="243" Y="264" T="0" />
	<Point X="244" Y="266" T="0" />
	<Point X="246" Y="269" T="0" />
	<Point X="249" Y="272" T="0" />
	<Point X="253" Y="276" T="0" />
	<Point X="256" Y="279" T="0" />
	<Point X="259" Y="281" T="0" />
	<Point X="260" Y="283" T="0" />
	<Point X="261" Y="285" T="0" />
	<Point X="261" Y="287" T="0" />
	<Point X="261" Y="290" T="0" />
	<Point X="260" Y="293" T="0" />
	<Point X="257" Y="299" T="0" />
	<Point X="255" Y="305" T="0" />
	<Point X="252" Y="313" T="0" />
	<Point X="248" Y="321" T="0" />
	<Point X="246" Y="331" T="0" />
	<Point X="243" Y="339" T="0" />
	<Point X="242" Y="349" T="0" />
	<Point X="242" Y="354" T="0" />
	<Point X="242" Y="365" T="0" />
	<Point X="243" Y="373" T="0" />
	<Point X="245" Y="381" T="0" />
	<Point X="248" Y="391" T="0" />
	<Point X="251" Y="400" T="0" />
	<Point X="256" Y="408" T="0" />
	<Point X="263" Y="416" T="0" />
	<Point X="272" Y="419" T="0" />
	<Point X="284" Y="423" T="0" />
	<Point X="300" Y="429" T="0" />
	<Point X="308" Y="431" T="0" />
	<Point X="317" Y="432" T="0" />
	<Point X="327" Y="433" T="0" />
	<Point X="338" Y="433" T="0" />
	<Point X="352" Y="434" T="0" />
</Gesture>