<?xml version="1.0" encoding="utf-8" standalone="yes"?>
<Gesture Name="left_square_bracket07" NumPts="64">
	<Point X="142" Y="179" T="0" />
	<Point X="140" Y="179" T="0" />
	<Point X="140" Y="179" T="0" />
	<Point X="139" Y="179" T="0" />
	<Point X="139" Y="180" T="0" />
	<Point X="138" Y="180" T="0" />
	<Point X="136" Y="180" T="0" />
	<Point X="135" Y="180" T="0" />
	<Point X="132" Y="180" T="0" />
	<Point X="130" Y="180" T="0" />
	<Point X="126" Y="179" T="0" />
	<Point X="123" Y="178" T="0" />
	<Point X="120" Y="178" T="0" />
	<Point X="116" Y="177" T="0" />
	<Point X="112" Y="177" T="0" />
	<Point X="106" Y="176" T="0" />
	<Point X="102" Y="175" T="0" />
	<Point X="94" Y="174" T="0" />
	<Point X="89" Y="173" T="0" />
	<Point X="84" Y="173" T="0" />
	<Point X="76" Y="173" T="0" />
	<Point X="69" Y="173" T="0" />
	<Point X="64" Y="174" T="0" />
	<Point X="59" Y="175" T="0" />
	<Point X="56" Y="176" T="0" />
	<Point X="55" Y="176" T="0" />
	<Point X="54" Y="177" T="0" />
	<Point X="54" Y="177" T="0" />
	<Point X="54" Y="179" T="0" />
	<Point X="54" Y="182" T="0" />
	<Point X="56" Y="191" T="0" />
	<Point X="57" Y="201" T="0" />
	<Point X="60" Y="213" T="0" />
	<Point X="62" Y="225" T="0" />
	<Point X="63" Y="238" T="0" />
	<Point X="65" Y="249" T="0" />
	<Point X="65" Y="261" T="0" />
	<Point X="66" Y="271" T="0" />
	<Point X="67" Y="279" T="0" />
	<Point X="71" Y="291" T="0" />
	<Point X="72" Y="303" T="0" />
	<Point X="73" Y="316" T="0" />
	<Point X="74" Y="327" T="0" />
	<Point X="77" Y="337" T="0" />
	<Point X="78" Y="345" T="0" />
	<Point X="78" Y="353" T="0" />
	<Point X="77" Y="359" T="0" />
	<Point X="77" Y="367" T="0" />
	<Point X="77" Y="374" T="0" />
	<Point X="77" Y="380" T="0" />
	<Point X="78" Y="385" T="0" />
	<Point X="78" Y="388" T="0" />
	<Point X="78" Y="391" T="0" />
	<Point X="78" Y="393" T="0" />
	<Point X="78" Y="394" T="0" />
	<Point X="79" Y="395" T="0" />
	<Point X="80" Y="395" T="0" />
	<Point X="83" Y="397" T="0" />
	<Point X="96" Y="403" T="0" />
	<Point X="114" Y="407" T="0" />
	<Point X="134" Y="411" T="0" />
	<Point X="154" Y="413" T="0" />
	<Point X="164" Y="415" T="0" />
	<Point X="169" Y="413" T="0" />
</Gesture>