<?xml version="1.0" encoding="utf-8" standalone="yes"?>
<Gesture Name="left_curly_brace02" NumPts="96">
	<Point X="268" Y="105" T="0" />
	<Point X="268" Y="105" T="0" />
	<Point X="266" Y="106" T="0" />
	<Point X="263" Y="108" T="0" />
	<Point X="260" Y="109" T="0" />
	<Point X="257" Y="111" T="0" />
	<Point X="253" Y="112" T="0" />
	<Point X="250" Y="115" T="0" />
	<Point X="245" Y="117" T="0" />
	<Point X="242" Y="119" T="0" />
	<Point X="239" Y="120" T="0" />
	<Point X="236" Y="122" T="0" />
	<Point X="232" Y="126" T="0" />
	<Point X="229" Y="129" T="0" />
	<Point X="226" Y="132" T="0" />
	<Point X="225" Y="134" T="0" />
	<Point X="223" Y="137" T="0" />
	<Point X="221" Y="140" T="0" />
	<Point X="220" Y="144" T="0" />
	<Point X="220" Y="147" T="0" />
	<Point X="220" Y="149" T="0" />
	<Point X="221" Y="153" T="0" />
	<Point X="222" Y="157" T="0" />
	<Point X="223" Y="161" T="0" />
	<Point X="225" Y="164" T="0" />
	<Point X="228" Y="168" T="0" />
	<Point X="232" Y="172" T="0" />
	<Point X="236" Y="177" T="0" />
	<Point X="239" Y="182" T="0" />
	<Point X="242" Y="187" T="0" />
	<Point X="245" Y="193" T="0" />
	<Point X="248" Y="197" T="0" />
	<Point X="251" Y="201" T="0" />
	<Point X="254" Y="205" T="0" />
	<Point X="257" Y="209" T="0" />
	<Point X="261" Y="215" T="0" />
	<Point X="264" Y="219" T="0" />
	<Point X="267" Y="224" T="0" />
	<Point X="270" Y="227" T="0" />
	<Point X="271" Y="230" T="0" />
	<Point X="272" Y="232" T="0" />
	<Point X="272" Y="235" T="0" />
	<Point X="270" Y="239" T="0" />
	<Point X="268" Y="242" T="0" />
	<Point X="263" Y="245" T="0" />
	<Point X="254" Y="247" T="0" />
	<Point X="243" Y="248" T="0" />
	<Point X="233" Y="250" T="0" />
	<Point X="226" Y="252" T="0" />
	<Point X="222" Y="253" T="0" />
	<Point X="219" Y="253" T="0" />
	<Point X="219" Y="254" T="0" />
	<Point X="218" Y="254" T="0" />
	<Point X="218" Y="254" T="0" />
	<Point X="217" Y="256" T="0" />
	<Point X="218" Y="258" T="0" />
	<Point X="220" Y="261" T="0" />
	<Point X="223" Y="262" T="0" />
	<Point X="226" Y="265" T="0" />
	<Point X="229" Y="267" T="0" />
	<Point X="232" Y="270" T="0" />
	<Point X="237" Y="273" T="0" />
	<Point X="244" Y="276" T="0" />
	<Point X="255" Y="281" T="0" />
	<Point X="258" Y="283" T="0" />
	<Point X="261" Y="286" T="0" />
	<Point X="264" Y="288" T="0" />
	<Point X="266" Y="290" T="0" />
	<Point X="267" Y="291" T="0" />
	<Point X="268" Y="291" T="0" />
	<Point X="268" Y="291" T="0" />
	<Point X="268" Y="292" T="0" />
	<Point X="265" Y="295" T="0" />
	<Point X="262" Y="297" T="0" />
	<Point X="260" Y="301" T="0" />
	<Point X="254" Y="309" T="0" />
	<Point X="250" Y="317" T="0" />
	<Point X="246" Y="325" T="0" />
	<Point X="243" Y="333" T="0" />
	<Point X="240" Y="340" T="0" />
	<Point X="240" Y="349" T="0" />
	<Point X="240" Y="359" T="0" />
	<Point X="244" Y="376" T="0" />
	<Point X="246" Y="385" T="0" />
	<Point X="250" Y="397" T="0" />
	<Point X="254" Y="407" T="0" />
	<Point X="260" Y="417" T="0" />
	<Point X="266" Y="427" T="0" />
	<Point X="273" Y="437" T="0" />
	<Point X="280" Y="445" T="0" />
	<Point X="287" Y="450" T="0" />
	<Point X="293" Y="453" T="0" />
	<Point X="296" Y="453" T="0" />
	<Point X="299" Y="454" T="0" />
	<Point X="304" Y="455" T="0" />
	<Point X="311" Y="457" T="0" />
</Gesture>