<?xml version="1.0" encoding="utf-8" standalone="yes"?>
<Gesture Name="left_square_bracket08" NumPts="98">
	<Point X="312" Y="123" T="0" />
	<Point X="312" Y="123" T="0" />
	<Point X="305" Y="123" T="0" />
	<Point X="292" Y="121" T="0" />
	<Point X="277" Y="117" T="0" />
	<Point X="256" Y="113" T="0" />
	<Point X="240" Y="109" T="0" />
	<Point X="224" Y="105" T="0" />
	<Point X="213" Y="102" T="0" />
	<Point X="208" Y="100" T="0" />
	<Point X="204" Y="99" T="0" />
	<Point X="201" Y="98" T="0" />
	<Point X="198" Y="97" T="0" />
	<Point X="196" Y="95" T="0" />
	<Point X="193" Y="95" T="0" />
	<Point X="190" Y="94" T="0" />
	<Point X="186" Y="93" T="0" />
	<Point X="184" Y="92" T="0" />
	<Point X="182" Y="92" T="0" />
	<Point X="182" Y="91" T="0" />
	<Point X="181" Y="91" T="0" />
	<Point X="180" Y="91" T="0" />
	<Point X="179" Y="91" T="0" />
	<Point X="179" Y="91" T="0" />
	<Point X="178" Y="91" T="0" />
	<Point X="174" Y="97" T="0" />
	<Point X="173" Y="104" T="0" />
	<Point X="170" Y="118" T="0" />
	<Point X="167" Y="135" T="0" />
	<Point X="166" Y="152" T="0" />
	<Point X="164" Y="170" T="0" />
	<Point X="165" Y="186" T="0" />
	<Point X="167" Y="201" T="0" />
	<Point X="171" Y="216" T="0" />
	<Point X="172" Y="235" T="0" />
	<Point X="168" Y="247" T="0" />
	<Point X="164" Y="261" T="0" />
	<Point X="161" Y="275" T="0" />
	<Point X="159" Y="287" T="0" />
	<Point X="159" Y="298" T="0" />
	<Point X="159" Y="311" T="0" />
	<Point X="159" Y="316" T="0" />
	<Point X="160" Y="319" T="0" />
	<Point X="161" Y="322" T="0" />
	<Point X="161" Y="325" T="0" />
	<Point X="162" Y="328" T="0" />
	<Point X="164" Y="333" T="0" />
	<Point X="165" Y="337" T="0" />
	<Point X="166" Y="342" T="0" />
	<Point X="170" Y="349" T="0" />
	<Point X="172" Y="354" T="0" />
	<Point X="175" Y="359" T="0" />
	<Point X="177" Y="365" T="0" />
	<Point X="180" Y="369" T="0" />
	<Point X="182" Y="375" T="0" />
	<Point X="184" Y="380" T="0" />
	<Point X="186" Y="385" T="0" />
	<Point X="187" Y="391" T="0" />
	<Point X="188" Y="401" T="0" />
	<Point X="188" Y="405" T="0" />
	<Point X="189" Y="408" T="0" />
	<Point X="190" Y="413" T="0" />
	<Point X="190" Y="417" T="0" />
	<Point X="190" Y="420" T="0" />
	<Point X="190" Y="426" T="0" />
	<Point X="190" Y="429" T="0" />
	<Point X="191" Y="432" T="0" />
	<Point X="191" Y="435" T="0" />
	<Point X="192" Y="437" T="0" />
	<Point X="192" Y="439" T="0" />
	<Point X="193" Y="441" T="0" />
	<Point X="193" Y="443" T="0" />
	<Point X="194" Y="444" T="0" />
	<Point X="195" Y="446" T="0" />
	<Point X="196" Y="447" T="0" />
	<Point X="197" Y="448" T="0" />
	<Point X="200" Y="450" T="0" />
	<Point X="205" Y="451" T="0" />
	<Point X="217" Y="454" T="0" />
	<Point X="232" Y="457" T="0" />
	<Point X="248" Y="458" T="0" />
	<Point X="264" Y="460" T="0" />
	<Point X="279" Y="460" T="0" />
	<Point X="293" Y="461" T="0" />
	<Point X="305" Y="461" T="0" />
	<Point X="317" Y="461" T="0" />
	<Point X="322" Y="461" T="0" />
	<Point X="325" Y="460" T="0" />
	<Point X="329" Y="459" T="0" />
	<Point X="333" Y="459" T="0" />
	<Point X="341" Y="457" T="0" />
	<Point X="348" Y="457" T="0" />
	<Point X="353" Y="457" T="0" />
	<Point X="355" Y="457" T="0" />
	<Point X="357" Y="457" T="0" />
	<Point X="358" Y="456" T="0" />
	<Point X="358" Y="456" T="0" />
	<Point X="360" Y="456" T="0" />
</Gesture>