<?xml version="1.0" encoding="utf-8" standalone="yes"?>
<Gesture Name="left_square_bracket05" NumPts="51">
	<Point X="180" Y="188" T="0" />
	<Point X="180" Y="187" T="0" />
	<Point X="180" Y="187" T="0" />
	<Point X="180" Y="186" T="0" />
	<Point X="180" Y="185" T="0" />
	<Point X="176" Y="182" T="0" />
	<Point X="174" Y="180" T="0" />
	<Point X="160" Y="175" T="0" />
	<Point X="145" Y="171" T="0" />
	<Point X="131" Y="167" T="0" />
	<Point X="118" Y="163" T="0" />
	<Point X="108" Y="160" T="0" />
	<Point X="102" Y="159" T="0" />
	<Point X="99" Y="158" T="0" />
	<Point X="97" Y="158" T="0" />
	<Point X="96" Y="157" T="0" />
	<Point X="96" Y="157" T="0" />
	<Point X="96" Y="159" T="0" />
	<Point X="97" Y="169" T="0" />
	<Point X="98" Y="180" T="0" />
	<Point X="98" Y="191" T="0" />
	<Point X="102" Y="215" T="0" />
	<Point X="106" Y="229" T="0" />
	<Point X="110" Y="245" T="0" />
	<Point X="113" Y="261" T="0" />
	<Point X="116" Y="277" T="0" />
	<Point X="120" Y="291" T="0" />
	<Point X="124" Y="306" T="0" />
	<Point X="126" Y="320" T="0" />
	<Point X="129" Y="334" T="0" />
	<Point X="130" Y="341" T="0" />
	<Point X="131" Y="345" T="0" />
	<Point X="132" Y="349" T="0" />
	<Point X="132" Y="353" T="0" />
	<Point X="132" Y="355" T="0" />
	<Point X="132" Y="358" T="0" />
	<Point X="132" Y="360" T="0" />
	<Point X="131" Y="362" T="0" />
	<Point X="131" Y="363" T="0" />
	<Point X="131" Y="364" T="0" />
	<Point X="131" Y="365" T="0" />
	<Point X="130" Y="365" T="0" />
	<Point X="131" Y="365" T="0" />
	<Point X="133" Y="366" T="0" />
	<Point X="140" Y="368" T="0" />
	<Point X="150" Y="371" T="0" />
	<Point X="168" Y="373" T="0" />
	<Point X="180" Y="373" T="0" />
	<Point X="184" Y="373" T="0" />
	<Point X="185" Y="373" T="0" />
	<Point X="187" Y="371" T="0" />
</Gesture>