<?xml version="1.0" encoding="utf-8" standalone="yes"?>
<Gesture Name="left_curly_brace10" NumPts="94">
	<Point X="273" Y="141" T="0" />
	<Point X="272" Y="142" T="0" />
	<Point X="270" Y="142" T="0" />
	<Point X="268" Y="143" T="0" />
	<Point X="266" Y="143" T="0" />
	<Point X="264" Y="144" T="0" />
	<Point X="262" Y="145" T="0" />
	<Point X="260" Y="145" T="0" />
	<Point X="257" Y="147" T="0" />
	<Point X="254" Y="148" T="0" />
	<Point X="252" Y="149" T="0" />
	<Point X="248" Y="152" T="0" />
	<Point X="246" Y="154" T="0" />
	<Point X="243" Y="157" T="0" />
	<Point X="240" Y="159" T="0" />
	<Point X="237" Y="161" T="0" />
	<Point X="234" Y="164" T="0" />
	<Point X="232" Y="166" T="0" />
	<Point X="228" Y="169" T="0" />
	<Point X="227" Y="172" T="0" />
	<Point X="226" Y="175" T="0" />
	<Point X="223" Y="177" T="0" />
	<Point X="221" Y="180" T="0" />
	<Point X="218" Y="183" T="0" />
	<Point X="216" Y="186" T="0" />
	<Point X="216" Y="188" T="0" />
	<Point X="216" Y="191" T="0" />
	<Point X="216" Y="196" T="0" />
	<Point X="218" Y="199" T="0" />
	<Point X="219" Y="202" T="0" />
	<Point X="222" Y="206" T="0" />
	<Point X="225" Y="209" T="0" />
	<Point X="228" Y="213" T="0" />
	<Point X="231" Y="218" T="0" />
	<Point X="234" Y="226" T="0" />
	<Point X="238" Y="236" T="0" />
	<Point X="241" Y="242" T="0" />
	<Point X="244" Y="245" T="0" />
	<Point X="244" Y="249" T="0" />
	<Point X="245" Y="251" T="0" />
	<Point X="246" Y="254" T="0" />
	<Point X="246" Y="257" T="0" />
	<Point X="245" Y="262" T="0" />
	<Point X="243" Y="265" T="0" />
	<Point X="242" Y="268" T="0" />
	<Point X="240" Y="271" T="0" />
	<Point X="238" Y="273" T="0" />
	<Point X="236" Y="276" T="0" />
	<Point X="234" Y="279" T="0" />
	<Point X="232" Y="280" T="0" />
	<Point X="232" Y="281" T="0" />
	<Point X="231" Y="281" T="0" />
	<Point X="231" Y="282" T="0" />
	<Point X="230" Y="282" T="0" />
	<Point X="230" Y="283" T="0" />
	<Point X="230" Y="285" T="0" />
	<Point X="230" Y="287" T="0" />
	<Point X="232" Y="289" T="0" />
	<Point X="234" Y="292" T="0" />
	<Point X="238" Y="296" T="0" />
	<Point X="241" Y="299" T="0" />
	<Point X="244" Y="301" T="0" />
	<Point X="246" Y="303" T="0" />
	<Point X="248" Y="305" T="0" />
	<Point X="248" Y="305" T="0" />
	<Point X="249" Y="306" T="0" />
	<Point X="249" Y="306" T="0" />
	<Point X="250" Y="307" T="0" />
	<Point X="250" Y="308" T="0" />
	<Point X="250" Y="309" T="0" />
	<Point X="250" Y="311" T="0" />
	<Point X="249" Y="314" T="0" />
	<Point X="248" Y="316" T="0" />
	<Point X="246" Y="319" T="0" />
	<Point X="244" Y="322" T="0" />
	<Point X="240" Y="326" T="0" />
	<Point X="238" Y="331" T="0" />
	<Point X="236" Y="334" T="0" />
	<Point X="233" Y="337" T="0" />
	<Point X="230" Y="343" T="0" />
	<Point X="228" Y="346" T="0" />
	<Point X="228" Y="349" T="0" />
	<Point X="227" Y="352" T="0" />
	<Point X="230" Y="361" T="0" />
	<Point X="232" Y="367" T="0" />
	<Point X="235" Y="372" T="0" />
	<Point X="239" Y="381" T="0" />
	<Point X="247" Y="391" T="0" />
	<Point X="257" Y="399" T="0" />
	<Point X="265" Y="403" T="0" />
	<Point X="276" Y="408" T="0" />
	<Point X="286" Y="411" T="0" />
	<Point X="297" Y="413" T="0" />
	<Point X="308" Y="414" T="0" />
</Gesture>