<?xml version="1.0" encoding="utf-8" standalone="yes"?>
<Gesture Name="left_square_bracket06" NumPts="46">
	<Point X="216" Y="177" T="0" />
	<Point X="214" Y="176" T="0" />
	<Point X="210" Y="175" T="0" />
	<Point X="205" Y="174" T="0" />
	<Point X="194" Y="172" T="0" />
	<Point X="180" Y="169" T="0" />
	<Point X="164" Y="165" T="0" />
	<Point X="144" Y="162" T="0" />
	<Point X="130" Y="161" T="0" />
	<Point X="115" Y="161" T="0" />
	<Point X="101" Y="161" T="0" />
	<Point X="98" Y="161" T="0" />
	<Point X="97" Y="161" T="0" />
	<Point X="96" Y="161" T="0" />
	<Point X="96" Y="163" T="0" />
	<Point X="93" Y="169" T="0" />
	<Point X="90" Y="179" T="0" />
	<Point X="86" Y="191" T="0" />
	<Point X="84" Y="206" T="0" />
	<Point X="80" Y="223" T="0" />
	<Point X="78" Y="239" T="0" />
	<Point X="78" Y="261" T="0" />
	<Point X="78" Y="274" T="0" />
	<Point X="76" Y="285" T="0" />
	<Point X="76" Y="296" T="0" />
	<Point X="75" Y="305" T="0" />
	<Point X="74" Y="310" T="0" />
	<Point X="73" Y="312" T="0" />
	<Point X="73" Y="313" T="0" />
	<Point X="73" Y="315" T="0" />
	<Point X="72" Y="318" T="0" />
	<Point X="72" Y="319" T="0" />
	<Point X="72" Y="321" T="0" />
	<Point X="72" Y="322" T="0" />
	<Point X="72" Y="323" T="0" />
	<Point X="72" Y="324" T="0" />
	<Point X="72" Y="325" T="0" />
	<Point X="72" Y="326" T="0" />
	<Point X="72" Y="327" T="0" />
	<Point X="76" Y="329" T="0" />
	<Point X="91" Y="333" T="0" />
	<Point X="117" Y="337" T="0" />
	<Point X="200" Y="347" T="0" />
	<Point X="252" Y="353" T="0" />
	<Point X="287" Y="359" T="0" />
	<Point X="305" Y="362" T="0" />
</Gesture>