<?xml version="1.0" encoding="utf-8" standalone="yes"?>
<Gesture Name="left_curly_brace01" NumPts="123">
	<Point X="184" Y="102" T="0" />
	<Point X="184" Y="102" T="0" />
	<Point X="182" Y="102" T="0" />
	<Point X="181" Y="102" T="0" />
	<Point X="180" Y="102" T="0" />
	<Point X="178" Y="102" T="0" />
	<Point X="176" Y="102" T="0" />
	<Point X="173" Y="103" T="0" />
	<Point X="170" Y="104" T="0" />
	<Point X="167" Y="104" T="0" />
	<Point X="163" Y="106" T="0" />
	<Point X="162" Y="106" T="0" />
	<Point X="158" Y="108" T="0" />
	<Point X="155" Y="108" T="0" />
	<Point X="153" Y="110" T="0" />
	<Point X="150" Y="111" T="0" />
	<Point X="148" Y="113" T="0" />
	<Point X="146" Y="116" T="0" />
	<Point X="143" Y="119" T="0" />
	<Point X="138" Y="123" T="0" />
	<Point X="136" Y="126" T="0" />
	<Point X="134" Y="129" T="0" />
	<Point X="133" Y="131" T="0" />
	<Point X="132" Y="132" T="0" />
	<Point X="132" Y="133" T="0" />
	<Point X="131" Y="135" T="0" />
	<Point X="131" Y="138" T="0" />
	<Point X="131" Y="140" T="0" />
	<Point X="131" Y="141" T="0" />
	<Point X="131" Y="142" T="0" />
	<Point X="131" Y="144" T="0" />
	<Point X="131" Y="146" T="0" />
	<Point X="131" Y="147" T="0" />
	<Point X="132" Y="148" T="0" />
	<Point X="134" Y="151" T="0" />
	<Point X="134" Y="152" T="0" />
	<Point X="136" Y="155" T="0" />
	<Point X="137" Y="158" T="0" />
	<Point X="139" Y="160" T="0" />
	<Point X="141" Y="163" T="0" />
	<Point X="143" Y="166" T="0" />
	<Point X="146" Y="168" T="0" />
	<Point X="148" Y="171" T="0" />
	<Point X="150" Y="174" T="0" />
	<Point X="152" Y="177" T="0" />
	<Point X="154" Y="180" T="0" />
	<Point X="155" Y="183" T="0" />
	<Point X="157" Y="185" T="0" />
	<Point X="158" Y="188" T="0" />
	<Point X="160" Y="190" T="0" />
	<Point X="162" Y="192" T="0" />
	<Point X="164" Y="196" T="0" />
	<Point X="166" Y="198" T="0" />
	<Point X="168" Y="200" T="0" />
	<Point X="169" Y="203" T="0" />
	<Point X="170" Y="205" T="0" />
	<Point X="171" Y="206" T="0" />
	<Point X="172" Y="208" T="0" />
	<Point X="172" Y="209" T="0" />
	<Point X="172" Y="210" T="0" />
	<Point X="172" Y="210" T="0" />
	<Point X="172" Y="211" T="0" />
	<Point X="172" Y="212" T="0" />
	<Point X="170" Y="214" T="0" />
	<Point X="168" Y="216" T="0" />
	<Point X="165" Y="218" T="0" />
	<Point X="162" Y="221" T="0" />
	<Point X="160" Y="224" T="0" />
	<Point X="157" Y="226" T="0" />
	<Point X="154" Y="229" T="0" />
	<Point X="148" Y="234" T="0" />
	<Point X="145" Y="237" T="0" />
	<Point X="142" Y="239" T="0" />
	<Point X="140" Y="242" T="0" />
	<Point X="138" Y="244" T="0" />
	<Point X="137" Y="244" T="0" />
	<Point X="136" Y="244" T="0" />
	<Point X="136" Y="245" T="0" />
	<Point X="137" Y="246" T="0" />
	<Point X="140" Y="247" T="0" />
	<Point X="143" Y="248" T="0" />
	<Point X="148" Y="250" T="0" />
	<Point X="152" Y="252" T="0" />
	<Point X="157" Y="254" T="0" />
	<Point X="159" Y="254" T="0" />
	<Point X="161" Y="255" T="0" />
	<Point X="162" Y="255" T="0" />
	<Point X="162" Y="256" T="0" />
	<Point X="162" Y="256" T="0" />
	<Point X="162" Y="257" T="0" />
	<Point X="161" Y="259" T="0" />
	<Point X="160" Y="262" T="0" />
	<Point X="157" Y="265" T="0" />
	<Point X="155" Y="268" T="0" />
	<Point X="153" Y="270" T="0" />
	<Point X="150" Y="274" T="0" />
	<Point X="147" Y="278" T="0" />
	<Point X="144" Y="281" T="0" />
	<Point X="142" Y="284" T="0" />
	<Point X="140" Y="288" T="0" />
	<Point X="140" Y="292" T="0" />
	<Point X="138" Y="297" T="0" />
	<Point X="138" Y="302" T="0" />
	<Point X="139" Y="312" T="0" />
	<Point X="140" Y="321" T="0" />
	<Point X="142" Y="330" T="0" />
	<Point X="143" Y="335" T="0" />
	<Point X="144" Y="338" T="0" />
	<Point X="146" Y="341" T="0" />
	<Point X="148" Y="345" T="0" />
	<Point X="151" Y="350" T="0" />
	<Point X="157" Y="359" T="0" />
	<Point X="163" Y="366" T="0" />
	<Point X="169" Y="372" T="0" />
	<Point X="175" Y="378" T="0" />
	<Point X="181" Y="382" T="0" />
	<Point X="189" Y="386" T="0" />
	<Point X="199" Y="390" T="0" />
	<Point X="207" Y="393" T="0" />
	<Point X="215" Y="396" T="0" />
	<Point X="218" Y="398" T="0" />
	<Point X="221" Y="398" T="0" />
	<Point X="222" Y="398" T="0" />
</Gesture>