<?xml version="1.0" encoding="utf-8" standalone="yes"?>
<Gesture Name="left_curly_brace05" NumPts="71">
	<Point X="260" Y="108" T="0" />
	<Point X="257" Y="108" T="0" />
	<Point X="254" Y="108" T="0" />
	<Point X="252" Y="107" T="0" />
	<Point X="248" Y="107" T="0" />
	<Point X="242" Y="107" T="0" />
	<Point X="232" Y="108" T="0" />
	<Point X="220" Y="112" T="0" />
	<Point X="209" Y="115" T="0" />
	<Point X="198" Y="120" T="0" />
	<Point X="188" Y="128" T="0" />
	<Point X="176" Y="141" T="0" />
	<Point X="170" Y="151" T="0" />
	<Point X="167" Y="157" T="0" />
	<Point X="164" Y="165" T="0" />
	<Point X="161" Y="171" T="0" />
	<Point X="161" Y="179" T="0" />
	<Point X="161" Y="186" T="0" />
	<Point X="163" Y="193" T="0" />
	<Point X="166" Y="204" T="0" />
	<Point X="169" Y="211" T="0" />
	<Point X="173" Y="218" T="0" />
	<Point X="176" Y="225" T="0" />
	<Point X="183" Y="235" T="0" />
	<Point X="194" Y="248" T="0" />
	<Point X="206" Y="266" T="0" />
	<Point X="213" Y="275" T="0" />
	<Point X="218" Y="281" T="0" />
	<Point X="221" Y="287" T="0" />
	<Point X="224" Y="289" T="0" />
	<Point X="225" Y="292" T="0" />
	<Point X="226" Y="295" T="0" />
	<Point X="227" Y="297" T="0" />
	<Point X="227" Y="297" T="0" />
	<Point X="227" Y="298" T="0" />
	<Point X="225" Y="299" T="0" />
	<Point X="221" Y="301" T="0" />
	<Point X="218" Y="303" T="0" />
	<Point X="210" Y="304" T="0" />
	<Point X="201" Y="306" T="0" />
	<Point X="196" Y="307" T="0" />
	<Point X="193" Y="309" T="0" />
	<Point X="192" Y="310" T="0" />
	<Point X="192" Y="313" T="0" />
	<Point X="194" Y="315" T="0" />
	<Point X="197" Y="319" T="0" />
	<Point X="201" Y="324" T="0" />
	<Point X="207" Y="331" T="0" />
	<Point X="213" Y="337" T="0" />
	<Point X="216" Y="341" T="0" />
	<Point X="220" Y="345" T="0" />
	<Point X="222" Y="349" T="0" />
	<Point X="222" Y="351" T="0" />
	<Point X="223" Y="354" T="0" />
	<Point X="223" Y="357" T="0" />
	<Point X="221" Y="359" T="0" />
	<Point X="218" Y="364" T="0" />
	<Point X="214" Y="369" T="0" />
	<Point X="211" Y="375" T="0" />
	<Point X="206" Y="381" T="0" />
	<Point X="204" Y="385" T="0" />
	<Point X="203" Y="389" T="0" />
	<Point X="202" Y="395" T="0" />
	<Point X="201" Y="401" T="0" />
	<Point X="204" Y="409" T="0" />
	<Point X="209" Y="419" T="0" />
	<Point X="218" Y="431" T="0" />
	<Point X="246" Y="452" T="0" />
	<Point X="264" Y="465" T="0" />
	<Point X="290" Y="473" T="0" />
	<Point X="317" Y="474" T="0" />
</Gesture>