<?xml version="1.0" encoding="utf-8" standalone="yes"?>
<Gesture Name="Pigtail06" NumPts="35">
	<Point X="221" Y="352" T="0" />
	<Point X="221" Y="351" T="0" />
	<Point X="226" Y="349" T="0" />
	<Point X="250" Y="344" T="0" />
	<Point X="272" Y="340" T="0" />
	<Point X="296" Y="332" T="0" />
	<Point X="315" Y="319" T="0" />
	<Point X="330" Y="305" T="0" />
	<Point X="342" Y="288" T="0" />
	<Point X="350" Y="269" T="0" />
	<Point X="353" Y="252" T="0" />
	<Point X="355" Y="226" T="0" />
	<Point X="351" Y="210" T="0" />
	<Point X="346" Y="197" T="0" />
	<Point X="337" Y="186" T="0" />
	<Point X="332" Y="182" T="0" />
	<Point X="327" Y="180" T="0" />
	<Point X="324" Y="181" T="0" />
	<Point X="321" Y="183" T="0" />
	<Point X="317" Y="193" T="0" />
	<Point X="311" Y="216" T="0" />
	<Point X="307" Y="234" T="0" />
	<Point X="304" Y="252" T="0" />
	<Point X="307" Y="276" T="0" />
	<Point X="311" Y="300" T="0" />
	<Point X="315" Y="318" T="0" />
	<Point X="320" Y="335" T="0" />
	<Point X="332" Y="348" T="0" />
	<Point X="356" Y="373" T="0" />
	<Point X="374" Y="389" T="0" />
	<Point X="391" Y="399" T="0" />
	<Point X="408" Y="407" T="0" />
	<Point X="423" Y="411" T="0" />
	<Point X="440" Y="414" T="0" />
	<Point X="458" Y="416" T="0" />
</Gesture>