<?xml version="1.0" encoding="utf-8" standalone="yes"?>
<Gesture Name="Pigtail02" NumPts="18">
	<Point X="171" Y="359" T="0" />
	<Point X="172" Y="358" T="0" />
	<Point X="220" Y="328" T="0" />
	<Point X="270" Y="294" T="0" />
	<Point X="318" Y="244" T="0" />
	<Point X="363" Y="188" T="0" />
	<Point X="391" Y="149" T="0" />
	<Point X="406" Y="133" T="0" />
	<Point X="409" Y="122" T="0" />
	<Point X="404" Y="110" T="0" />
	<Point X="388" Y="97" T="0" />
	<Point X="358" Y="83" T="0" />
	<Point X="343" Y="82" T="0" />
	<Point X="332" Y="87" T="0" />
	<Point X="323" Y="106" T="0" />
	<Point X="320" Y="164" T="0" />
	<Point X="326" Y="263" T="0" />
	<Point X="352" Y="352" T="0" />
</Gesture>