<?xml version="1.0" encoding="utf-8" standalone="yes"?>
<Gesture Name="Pigtail04" NumPts="55">
	<Point X="137" Y="302" T="0" />
	<Point X="142" Y="302" T="0" />
	<Point X="149" Y="302" T="0" />
	<Point X="155" Y="302" T="0" />
	<Point X="161" Y="302" T="0" />
	<Point X="167" Y="299" T="0" />
	<Point X="177" Y="296" T="0" />
	<Point X="189" Y="292" T="0" />
	<Point X="211" Y="279" T="0" />
	<Point X="226" Y="266" T="0" />
	<Point X="242" Y="251" T="0" />
	<Point X="256" Y="235" T="0" />
	<Point X="266" Y="218" T="0" />
	<Point X="270" Y="204" T="0" />
	<Point X="274" Y="185" T="0" />
	<Point X="276" Y="175" T="0" />
	<Point X="276" Y="168" T="0" />
	<Point X="272" Y="160" T="0" />
	<Point X="267" Y="153" T="0" />
	<Point X="260" Y="144" T="0" />
	<Point X="249" Y="133" T="0" />
	<Point X="237" Y="125" T="0" />
	<Point X="226" Y="119" T="0" />
	<Point X="206" Y="112" T="0" />
	<Point X="192" Y="109" T="0" />
	<Point X="178" Y="108" T="0" />
	<Point X="166" Y="108" T="0" />
	<Point X="154" Y="112" T="0" />
	<Point X="145" Y="116" T="0" />
	<Point X="138" Y="119" T="0" />
	<Point X="134" Y="125" T="0" />
	<Point X="130" Y="131" T="0" />
	<Point X="126" Y="147" T="0" />
	<Point X="127" Y="158" T="0" />
	<Point X="132" Y="173" T="0" />
	<Point X="138" Y="190" T="0" />
	<Point X="148" Y="206" T="0" />
	<Point X="158" Y="221" T="0" />
	<Point X="172" Y="235" T="0" />
	<Point X="194" Y="252" T="0" />
	<Point X="208" Y="265" T="0" />
	<Point X="223" Y="278" T="0" />
	<Point X="235" Y="288" T="0" />
	<Point X="249" Y="296" T="0" />
	<Point X="264" Y="303" T="0" />
	<Point X="278" Y="309" T="0" />
	<Point X="292" Y="313" T="0" />
	<Point X="311" Y="317" T="0" />
	<Point X="322" Y="320" T="0" />
	<Point X="333" Y="320" T="0" />
	<Point X="344" Y="320" T="0" />
	<Point X="352" Y="320" T="0" />
	<Point X="360" Y="319" T="0" />
	<Point X="366" Y="318" T="0" />
	<Point X="371" Y="318" T="0" />
</Gesture>