<?xml version="1.0" encoding="utf-8" standalone="yes"?>
<Gesture Name="Pigtail09" NumPts="22">
	<Point X="235" Y="337" T="0" />
	<Point X="235" Y="337" T="0" />
	<Point X="235" Y="336" T="0" />
	<Point X="246" Y="333" T="0" />
	<Point X="270" Y="326" T="0" />
	<Point X="309" Y="310" T="0" />
	<Point X="348" Y="292" T="0" />
	<Point X="378" Y="272" T="0" />
	<Point X="399" Y="253" T="0" />
	<Point X="402" Y="242" T="0" />
	<Point X="402" Y="232" T="0" />
	<Point X="398" Y="222" T="0" />
	<Point X="394" Y="216" T="0" />
	<Point X="392" Y="213" T="0" />
	<Point X="389" Y="210" T="0" />
	<Point X="385" Y="209" T="0" />
	<Point X="378" Y="213" T="0" />
	<Point X="360" Y="234" T="0" />
	<Point X="356" Y="257" T="0" />
	<Point X="356" Y="288" T="0" />
	<Point X="366" Y="328" T="0" />
	<Point X="392" Y="367" T="0" />
</Gesture>