<?xml version="1.0" encoding="utf-8" standalone="yes"?>
<Gesture Name="Pigtail07" NumPts="38">
	<Point X="172" Y="363" T="0" />
	<Point X="172" Y="363" T="0" />
	<Point X="172" Y="362" T="0" />
	<Point X="176" Y="361" T="0" />
	<Point X="190" Y="356" T="0" />
	<Point X="205" Y="345" T="0" />
	<Point X="219" Y="330" T="0" />
	<Point X="232" Y="309" T="0" />
	<Point X="246" Y="288" T="0" />
	<Point X="261" Y="265" T="0" />
	<Point X="273" Y="249" T="0" />
	<Point X="284" Y="233" T="0" />
	<Point X="290" Y="221" T="0" />
	<Point X="294" Y="207" T="0" />
	<Point X="294" Y="189" T="0" />
	<Point X="292" Y="182" T="0" />
	<Point X="287" Y="171" T="0" />
	<Point X="282" Y="160" T="0" />
	<Point X="265" Y="143" T="0" />
	<Point X="253" Y="132" T="0" />
	<Point X="242" Y="127" T="0" />
	<Point X="233" Y="126" T="0" />
	<Point X="228" Y="126" T="0" />
	<Point X="224" Y="128" T="0" />
	<Point X="221" Y="133" T="0" />
	<Point X="217" Y="143" T="0" />
	<Point X="214" Y="164" T="0" />
	<Point X="217" Y="181" T="0" />
	<Point X="225" Y="203" T="0" />
	<Point X="235" Y="225" T="0" />
	<Point X="248" Y="247" T="0" />
	<Point X="266" Y="273" T="0" />
	<Point X="283" Y="293" T="0" />
	<Point X="299" Y="312" T="0" />
	<Point X="330" Y="338" T="0" />
	<Point X="347" Y="351" T="0" />
	<Point X="359" Y="355" T="0" />
	<Point X="368" Y="359" T="0" />
</Gesture>