<?xml version="1.0" encoding="utf-8" standalone="yes"?>
<Gesture Name="Pigtail01" NumPts="94">
	<Point X="117" Y="282" T="0" />
	<Point X="118" Y="282" T="0" />
	<Point X="119" Y="282" T="0" />
	<Point X="122" Y="283" T="0" />
	<Point X="126" Y="283" T="0" />
	<Point X="130" Y="283" T="0" />
	<Point X="142" Y="282" T="0" />
	<Point X="153" Y="279" T="0" />
	<Point X="164" Y="276" T="0" />
	<Point X="176" Y="273" T="0" />
	<Point X="187" Y="270" T="0" />
	<Point X="198" Y="266" T="0" />
	<Point X="214" Y="262" T="0" />
	<Point X="222" Y="258" T="0" />
	<Point X="226" Y="255" T="0" />
	<Point X="230" Y="252" T="0" />
	<Point X="233" Y="250" T="0" />
	<Point X="237" Y="245" T="0" />
	<Point X="243" Y="239" T="0" />
	<Point X="248" Y="234" T="0" />
	<Point X="252" Y="228" T="0" />
	<Point X="256" Y="220" T="0" />
	<Point X="259" Y="216" T="0" />
	<Point X="261" Y="212" T="0" />
	<Point X="262" Y="208" T="0" />
	<Point X="264" Y="204" T="0" />
	<Point X="264" Y="202" T="0" />
	<Point X="264" Y="198" T="0" />
	<Point X="264" Y="196" T="0" />
	<Point X="264" Y="193" T="0" />
	<Point X="261" Y="189" T="0" />
	<Point X="259" Y="186" T="0" />
	<Point X="257" Y="184" T="0" />
	<Point X="254" Y="182" T="0" />
	<Point X="252" Y="179" T="0" />
	<Point X="249" Y="176" T="0" />
	<Point X="244" Y="174" T="0" />
	<Point X="242" Y="172" T="0" />
	<Point X="239" Y="171" T="0" />
	<Point X="236" Y="170" T="0" />
	<Point X="234" Y="168" T="0" />
	<Point X="231" Y="168" T="0" />
	<Point X="228" Y="167" T="0" />
	<Point X="227" Y="167" T="0" />
	<Point X="224" Y="168" T="0" />
	<Point X="222" Y="168" T="0" />
	<Point X="220" Y="170" T="0" />
	<Point X="218" Y="172" T="0" />
	<Point X="215" Y="174" T="0" />
	<Point X="213" Y="177" T="0" />
	<Point X="211" Y="180" T="0" />
	<Point X="209" Y="183" T="0" />
	<Point X="206" Y="186" T="0" />
	<Point X="204" Y="188" T="0" />
	<Point X="202" Y="192" T="0" />
	<Point X="201" Y="195" T="0" />
	<Point X="201" Y="198" T="0" />
	<Point X="200" Y="200" T="0" />
	<Point X="200" Y="203" T="0" />
	<Point X="200" Y="206" T="0" />
	<Point X="200" Y="209" T="0" />
	<Point X="200" Y="212" T="0" />
	<Point X="200" Y="214" T="0" />
	<Point X="200" Y="217" T="0" />
	<Point X="200" Y="220" T="0" />
	<Point X="200" Y="222" T="0" />
	<Point X="201" Y="225" T="0" />
	<Point X="203" Y="228" T="0" />
	<Point X="205" Y="232" T="0" />
	<Point X="206" Y="236" T="0" />
	<Point X="208" Y="241" T="0" />
	<Point X="212" Y="246" T="0" />
	<Point X="215" Y="252" T="0" />
	<Point X="218" Y="256" T="0" />
	<Point X="221" Y="262" T="0" />
	<Point X="224" Y="267" T="0" />
	<Point X="227" Y="270" T="0" />
	<Point X="230" Y="274" T="0" />
	<Point X="234" Y="278" T="0" />
	<Point X="237" Y="280" T="0" />
	<Point X="240" Y="284" T="0" />
	<Point X="242" Y="286" T="0" />
	<Point X="245" Y="288" T="0" />
	<Point X="248" Y="291" T="0" />
	<Point X="253" Y="294" T="0" />
	<Point X="265" Y="300" T="0" />
	<Point X="276" Y="303" T="0" />
	<Point X="288" Y="307" T="0" />
	<Point X="302" Y="311" T="0" />
	<Point X="316" Y="315" T="0" />
	<Point X="328" Y="319" T="0" />
	<Point X="339" Y="323" T="0" />
	<Point X="346" Y="324" T="0" />
	<Point X="348" Y="324" T="0" />
</Gesture>