<?xml version="1.0" encoding="utf-8" standalone="yes"?>
<Gesture Name="Rectangle03" NumPts="108">
	<Point X="142" Y="162" T="0" />
	<Point X="141" Y="167" T="0" />
	<Point X="140" Y="176" T="0" />
	<Point X="138" Y="187" T="0" />
	<Point X="136" Y="204" T="0" />
	<Point X="136" Y="214" T="0" />
	<Point X="135" Y="225" T="0" />
	<Point X="135" Y="234" T="0" />
	<Point X="135" Y="247" T="0" />
	<Point X="135" Y="257" T="0" />
	<Point X="135" Y="268" T="0" />
	<Point X="136" Y="279" T="0" />
	<Point X="136" Y="294" T="0" />
	<Point X="137" Y="303" T="0" />
	<Point X="138" Y="308" T="0" />
	<Point X="138" Y="311" T="0" />
	<Point X="138" Y="313" T="0" />
	<Point X="138" Y="315" T="0" />
	<Point X="138" Y="315" T="0" />
	<Point X="138" Y="316" T="0" />
	<Point X="140" Y="317" T="0" />
	<Point X="146" Y="321" T="0" />
	<Point X="156" Y="324" T="0" />
	<Point X="169" Y="328" T="0" />
	<Point X="183" Y="332" T="0" />
	<Point X="200" Y="337" T="0" />
	<Point X="218" Y="339" T="0" />
	<Point X="234" Y="341" T="0" />
	<Point X="248" Y="341" T="0" />
	<Point X="263" Y="341" T="0" />
	<Point X="281" Y="345" T="0" />
	<Point X="293" Y="348" T="0" />
	<Point X="305" Y="349" T="0" />
	<Point X="314" Y="350" T="0" />
	<Point X="319" Y="350" T="0" />
	<Point X="322" Y="350" T="0" />
	<Point X="324" Y="350" T="0" />
	<Point X="325" Y="350" T="0" />
	<Point X="326" Y="350" T="0" />
	<Point X="327" Y="350" T="0" />
	<Point X="328" Y="349" T="0" />
	<Point X="328" Y="347" T="0" />
	<Point X="328" Y="341" T="0" />
	<Point X="328" Y="332" T="0" />
	<Point X="329" Y="313" T="0" />
	<Point X="329" Y="299" T="0" />
	<Point X="329" Y="286" T="0" />
	<Point X="328" Y="275" T="0" />
	<Point X="326" Y="262" T="0" />
	<Point X="323" Y="249" T="0" />
	<Point X="320" Y="238" T="0" />
	<Point X="318" Y="229" T="0" />
	<Point X="317" Y="222" T="0" />
	<Point X="314" Y="213" T="0" />
	<Point X="313" Y="209" T="0" />
	<Point X="312" Y="206" T="0" />
	<Point X="312" Y="204" T="0" />
	<Point X="311" Y="201" T="0" />
	<Point X="310" Y="197" T="0" />
	<Point X="309" Y="192" T="0" />
	<Point X="309" Y="189" T="0" />
	<Point X="308" Y="187" T="0" />
	<Point X="307" Y="184" T="0" />
	<Point X="307" Y="183" T="0" />
	<Point X="307" Y="182" T="0" />
	<Point X="307" Y="182" T="0" />
	<Point X="307" Y="181" T="0" />
	<Point X="308" Y="181" T="0" />
	<Point X="308" Y="181" T="0" />
	<Point X="307" Y="180" T="0" />
	<Point X="306" Y="180" T="0" />
	<Point X="304" Y="180" T="0" />
	<Point X="302" Y="180" T="0" />
	<Point X="299" Y="180" T="0" />
	<Point X="295" Y="181" T="0" />
	<Point X="287" Y="181" T="0" />
	<Point X="270" Y="185" T="0" />
	<Point X="258" Y="187" T="0" />
	<Point X="247" Y="189" T="0" />
	<Point X="236" Y="189" T="0" />
	<Point X="229" Y="189" T="0" />
	<Point X="224" Y="189" T="0" />
	<Point X="222" Y="189" T="0" />
	<Point X="218" Y="189" T="0" />
	<Point X="214" Y="189" T="0" />
	<Point X="209" Y="189" T="0" />
	<Point X="206" Y="189" T="0" />
	<Point X="203" Y="188" T="0" />
	<Point X="200" Y="187" T="0" />
	<Point X="198" Y="186" T="0" />
	<Point X="195" Y="185" T="0" />
	<Point X="192" Y="184" T="0" />
	<Point X="189" Y="183" T="0" />
	<Point X="185" Y="182" T="0" />
	<Point X="182" Y="181" T="0" />
	<Point X="180" Y="180" T="0" />
	<Point X="177" Y="179" T="0" />
	<Point X="174" Y="177" T="0" />
	<Point X="172" Y="177" T="0" />
	<Point X="169" Y="176" T="0" />
	<Point X="166" Y="176" T="0" />
	<Point X="165" Y="176" T="0" />
	<Point X="165" Y="176" T="0" />
	<Point X="164" Y="175" T="0" />
	<Point X="162" Y="175" T="0" />
	<Point X="162" Y="175" T="0" />
	<Point X="161" Y="175" T="0" />
	<Point X="160" Y="175" T="0" />
</Gesture>