<?xml version="1.0" encoding="utf-8" standalone="yes"?>
<Gesture Name="Rectangle05" NumPts="90">
	<Point X="149" Y="144" T="0" />
	<Point X="149" Y="145" T="0" />
	<Point X="149" Y="149" T="0" />
	<Point X="151" Y="154" T="0" />
	<Point X="154" Y="163" T="0" />
	<Point X="158" Y="173" T="0" />
	<Point X="162" Y="185" T="0" />
	<Point X="166" Y="197" T="0" />
	<Point X="170" Y="209" T="0" />
	<Point X="176" Y="228" T="0" />
	<Point X="180" Y="241" T="0" />
	<Point X="182" Y="252" T="0" />
	<Point X="186" Y="264" T="0" />
	<Point X="190" Y="272" T="0" />
	<Point X="191" Y="275" T="0" />
	<Point X="191" Y="278" T="0" />
	<Point X="191" Y="280" T="0" />
	<Point X="191" Y="280" T="0" />
	<Point X="191" Y="281" T="0" />
	<Point X="191" Y="282" T="0" />
	<Point X="192" Y="283" T="0" />
	<Point X="194" Y="284" T="0" />
	<Point X="199" Y="286" T="0" />
	<Point X="211" Y="289" T="0" />
	<Point X="224" Y="291" T="0" />
	<Point X="246" Y="294" T="0" />
	<Point X="272" Y="294" T="0" />
	<Point X="299" Y="295" T="0" />
	<Point X="327" Y="298" T="0" />
	<Point X="350" Y="298" T="0" />
	<Point X="372" Y="298" T="0" />
	<Point X="387" Y="298" T="0" />
	<Point X="402" Y="297" T="0" />
	<Point X="414" Y="295" T="0" />
	<Point X="419" Y="294" T="0" />
	<Point X="425" Y="293" T="0" />
	<Point X="427" Y="293" T="0" />
	<Point X="431" Y="292" T="0" />
	<Point X="432" Y="291" T="0" />
	<Point X="432" Y="291" T="0" />
	<Point X="433" Y="289" T="0" />
	<Point X="433" Y="286" T="0" />
	<Point X="431" Y="275" T="0" />
	<Point X="428" Y="262" T="0" />
	<Point X="425" Y="249" T="0" />
	<Point X="422" Y="234" T="0" />
	<Point X="418" Y="218" T="0" />
	<Point X="415" Y="204" T="0" />
	<Point X="413" Y="193" T="0" />
	<Point X="410" Y="176" T="0" />
	<Point X="409" Y="166" T="0" />
	<Point X="408" Y="157" T="0" />
	<Point X="408" Y="152" T="0" />
	<Point X="408" Y="147" T="0" />
	<Point X="408" Y="143" T="0" />
	<Point X="410" Y="139" T="0" />
	<Point X="410" Y="136" T="0" />
	<Point X="410" Y="132" T="0" />
	<Point X="408" Y="129" T="0" />
	<Point X="408" Y="128" T="0" />
	<Point X="406" Y="127" T="0" />
	<Point X="404" Y="127" T="0" />
	<Point X="402" Y="126" T="0" />
	<Point X="399" Y="125" T="0" />
	<Point X="394" Y="125" T="0" />
	<Point X="384" Y="125" T="0" />
	<Point X="365" Y="123" T="0" />
	<Point X="348" Y="123" T="0" />
	<Point X="330" Y="122" T="0" />
	<Point X="312" Y="122" T="0" />
	<Point X="296" Y="122" T="0" />
	<Point X="281" Y="122" T="0" />
	<Point X="266" Y="120" T="0" />
	<Point X="254" Y="121" T="0" />
	<Point X="240" Y="123" T="0" />
	<Point X="234" Y="123" T="0" />
	<Point X="230" Y="125" T="0" />
	<Point X="226" Y="126" T="0" />
	<Point X="223" Y="127" T="0" />
	<Point X="219" Y="129" T="0" />
	<Point X="215" Y="131" T="0" />
	<Point X="209" Y="136" T="0" />
	<Point X="205" Y="138" T="0" />
	<Point X="202" Y="139" T="0" />
	<Point X="198" Y="141" T="0" />
	<Point X="195" Y="141" T="0" />
	<Point X="192" Y="142" T="0" />
	<Point X="189" Y="143" T="0" />
	<Point X="187" Y="143" T="0" />
	<Point X="185" Y="143" T="0" />
</Gesture>