<?xml version="1.0" encoding="utf-8" standalone="yes"?>
<Gesture Name="Rectangle04" NumPts="84">
	<Point X="138" Y="173" T="0" />
	<Point X="138" Y="174" T="0" />
	<Point X="138" Y="175" T="0" />
	<Point X="138" Y="178" T="0" />
	<Point X="138" Y="184" T="0" />
	<Point X="137" Y="192" T="0" />
	<Point X="137" Y="204" T="0" />
	<Point X="138" Y="228" T="0" />
	<Point X="142" Y="247" T="0" />
	<Point X="145" Y="267" T="0" />
	<Point X="143" Y="283" T="0" />
	<Point X="140" Y="301" T="0" />
	<Point X="137" Y="318" T="0" />
	<Point X="134" Y="335" T="0" />
	<Point X="131" Y="355" T="0" />
	<Point X="129" Y="365" T="0" />
	<Point X="128" Y="371" T="0" />
	<Point X="128" Y="374" T="0" />
	<Point X="128" Y="376" T="0" />
	<Point X="128" Y="377" T="0" />
	<Point X="128" Y="377" T="0" />
	<Point X="128" Y="378" T="0" />
	<Point X="130" Y="379" T="0" />
	<Point X="135" Y="379" T="0" />
	<Point X="154" Y="379" T="0" />
	<Point X="172" Y="379" T="0" />
	<Point X="198" Y="381" T="0" />
	<Point X="226" Y="385" T="0" />
	<Point X="258" Y="387" T="0" />
	<Point X="290" Y="390" T="0" />
	<Point X="316" Y="391" T="0" />
	<Point X="334" Y="391" T="0" />
	<Point X="353" Y="390" T="0" />
	<Point X="365" Y="387" T="0" />
	<Point X="376" Y="383" T="0" />
	<Point X="386" Y="381" T="0" />
	<Point X="392" Y="379" T="0" />
	<Point X="395" Y="378" T="0" />
	<Point X="398" Y="377" T="0" />
	<Point X="399" Y="377" T="0" />
	<Point X="399" Y="377" T="0" />
	<Point X="399" Y="377" T="0" />
	<Point X="400" Y="376" T="0" />
	<Point X="400" Y="373" T="0" />
	<Point X="401" Y="370" T="0" />
	<Point X="400" Y="363" T="0" />
	<Point X="397" Y="350" T="0" />
	<Point X="391" Y="329" T="0" />
	<Point X="387" Y="312" T="0" />
	<Point X="383" Y="296" T="0" />
	<Point X="379" Y="279" T="0" />
	<Point X="375" Y="265" T="0" />
	<Point X="371" Y="251" T="0" />
	<Point X="368" Y="241" T="0" />
	<Point X="367" Y="230" T="0" />
	<Point X="366" Y="219" T="0" />
	<Point X="364" Y="207" T="0" />
	<Point X="364" Y="201" T="0" />
	<Point X="364" Y="198" T="0" />
	<Point X="363" Y="195" T="0" />
	<Point X="362" Y="193" T="0" />
	<Point X="361" Y="190" T="0" />
	<Point X="360" Y="187" T="0" />
	<Point X="359" Y="185" T="0" />
	<Point X="357" Y="183" T="0" />
	<Point X="354" Y="182" T="0" />
	<Point X="348" Y="182" T="0" />
	<Point X="337" Y="181" T="0" />
	<Point X="320" Y="181" T="0" />
	<Point X="302" Y="182" T="0" />
	<Point X="281" Y="183" T="0" />
	<Point X="261" Y="184" T="0" />
	<Point X="233" Y="184" T="0" />
	<Point X="219" Y="184" T="0" />
	<Point X="213" Y="184" T="0" />
	<Point X="211" Y="184" T="0" />
	<Point X="208" Y="184" T="0" />
	<Point X="206" Y="184" T="0" />
	<Point X="204" Y="184" T="0" />
	<Point X="202" Y="184" T="0" />
	<Point X="196" Y="184" T="0" />
	<Point X="194" Y="183" T="0" />
	<Point X="191" Y="183" T="0" />
	<Point X="188" Y="183" T="0" />
</Gesture>