<?xml version="1.0" encoding="utf-8" standalone="yes"?>
<Gesture Name="Rectangle01" NumPts="75">
	<Point X="122" Y="99" T="0" />
	<Point X="124" Y="104" T="0" />
	<Point X="126" Y="116" T="0" />
	<Point X="128" Y="129" T="0" />
	<Point X="132" Y="147" T="0" />
	<Point X="137" Y="170" T="0" />
	<Point X="141" Y="193" T="0" />
	<Point X="143" Y="213" T="0" />
	<Point X="146" Y="232" T="0" />
	<Point X="152" Y="252" T="0" />
	<Point X="156" Y="262" T="0" />
	<Point X="157" Y="268" T="0" />
	<Point X="157" Y="270" T="0" />
	<Point X="157" Y="272" T="0" />
	<Point X="157" Y="273" T="0" />
	<Point X="157" Y="274" T="0" />
	<Point X="157" Y="275" T="0" />
	<Point X="159" Y="276" T="0" />
	<Point X="162" Y="277" T="0" />
	<Point X="166" Y="279" T="0" />
	<Point X="180" Y="280" T="0" />
	<Point X="195" Y="280" T="0" />
	<Point X="218" Y="281" T="0" />
	<Point X="244" Y="282" T="0" />
	<Point X="271" Y="282" T="0" />
	<Point X="287" Y="282" T="0" />
	<Point X="303" Y="281" T="0" />
	<Point X="314" Y="278" T="0" />
	<Point X="322" Y="277" T="0" />
	<Point X="324" Y="276" T="0" />
	<Point X="325" Y="276" T="0" />
	<Point X="325" Y="276" T="0" />
	<Point X="325" Y="276" T="0" />
	<Point X="325" Y="275" T="0" />
	<Point X="326" Y="275" T="0" />
	<Point X="326" Y="274" T="0" />
	<Point X="329" Y="264" T="0" />
	<Point X="329" Y="250" T="0" />
	<Point X="328" Y="234" T="0" />
	<Point X="324" Y="214" T="0" />
	<Point X="321" Y="188" T="0" />
	<Point X="316" Y="168" T="0" />
	<Point X="312" Y="150" T="0" />
	<Point X="306" Y="133" T="0" />
	<Point X="302" Y="119" T="0" />
	<Point X="296" Y="104" T="0" />
	<Point X="294" Y="97" T="0" />
	<Point X="293" Y="94" T="0" />
	<Point X="292" Y="92" T="0" />
	<Point X="292" Y="92" T="0" />
	<Point X="291" Y="92" T="0" />
	<Point X="290" Y="92" T="0" />
	<Point X="282" Y="92" T="0" />
	<Point X="268" Y="93" T="0" />
	<Point X="253" Y="93" T="0" />
	<Point X="219" Y="93" T="0" />
	<Point X="206" Y="93" T="0" />
	<Point X="176" Y="92" T="0" />
	<Point X="160" Y="88" T="0" />
	<Point X="148" Y="85" T="0" />
	<Point X="142" Y="85" T="0" />
	<Point X="138" Y="85" T="0" />
	<Point X="137" Y="85" T="0" />
	<Point X="137" Y="86" T="0" />
	<Point X="136" Y="86" T="0" />
	<Point X="136" Y="86" T="0" />
	<Point X="135" Y="87" T="0" />
	<Point X="133" Y="88" T="0" />
	<Point X="132" Y="89" T="0" />
	<Point X="130" Y="92" T="0" />
	<Point X="128" Y="94" T="0" />
	<Point X="126" Y="95" T="0" />
	<Point X="124" Y="96" T="0" />
	<Point X="122" Y="98" T="0" />
	<Point X="122" Y="98" T="0" />
</Gesture>