<?xml version="1.0" encoding="utf-8" standalone="yes"?>
<Gesture Name="right_curly_brace01" NumPts="128">
	<Point X="188" Y="85" T="0" />
	<Point X="189" Y="85" T="0" />
	<Point X="190" Y="85" T="0" />
	<Point X="192" Y="85" T="0" />
	<Point X="193" Y="85" T="0" />
	<Point X="195" Y="85" T="0" />
	<Point X="198" Y="85" T="0" />
	<Point X="200" Y="85" T="0" />
	<Point X="203" Y="86" T="0" />
	<Point X="206" Y="87" T="0" />
	<Point X="212" Y="91" T="0" />
	<Point X="214" Y="94" T="0" />
	<Point X="219" Y="96" T="0" />
	<Point X="222" Y="99" T="0" />
	<Point X="224" Y="102" T="0" />
	<Point X="227" Y="104" T="0" />
	<Point X="230" Y="106" T="0" />
	<Point X="234" Y="111" T="0" />
	<Point X="237" Y="114" T="0" />
	<Point X="240" Y="116" T="0" />
	<Point X="243" Y="119" T="0" />
	<Point X="246" Y="122" T="0" />
	<Point X="249" Y="125" T="0" />
	<Point X="252" Y="128" T="0" />
	<Point X="254" Y="132" T="0" />
	<Point X="258" Y="136" T="0" />
	<Point X="262" Y="144" T="0" />
	<Point X="264" Y="148" T="0" />
	<Point X="266" Y="154" T="0" />
	<Point X="266" Y="159" T="0" />
	<Point X="266" Y="163" T="0" />
	<Point X="266" Y="166" T="0" />
	<Point X="266" Y="170" T="0" />
	<Point X="265" Y="174" T="0" />
	<Point X="262" Y="178" T="0" />
	<Point X="257" Y="186" T="0" />
	<Point X="254" Y="190" T="0" />
	<Point X="251" Y="195" T="0" />
	<Point X="248" Y="198" T="0" />
	<Point X="246" Y="200" T="0" />
	<Point X="244" Y="203" T="0" />
	<Point X="242" Y="205" T="0" />
	<Point X="240" Y="208" T="0" />
	<Point X="238" Y="210" T="0" />
	<Point X="238" Y="211" T="0" />
	<Point X="237" Y="212" T="0" />
	<Point X="237" Y="214" T="0" />
	<Point X="236" Y="215" T="0" />
	<Point X="236" Y="216" T="0" />
	<Point X="236" Y="218" T="0" />
	<Point X="236" Y="219" T="0" />
	<Point X="235" Y="219" T="0" />
	<Point X="235" Y="220" T="0" />
	<Point X="235" Y="220" T="0" />
	<Point X="236" Y="222" T="0" />
	<Point X="238" Y="223" T="0" />
	<Point X="240" Y="224" T="0" />
	<Point X="242" Y="227" T="0" />
	<Point X="246" Y="230" T="0" />
	<Point X="252" Y="234" T="0" />
	<Point X="255" Y="237" T="0" />
	<Point X="258" Y="239" T="0" />
	<Point X="259" Y="240" T="0" />
	<Point X="261" Y="241" T="0" />
	<Point X="261" Y="241" T="0" />
	<Point X="261" Y="242" T="0" />
	<Point X="261" Y="242" T="0" />
	<Point X="260" Y="243" T="0" />
	<Point X="258" Y="246" T="0" />
	<Point X="252" Y="250" T="0" />
	<Point X="250" Y="253" T="0" />
	<Point X="247" Y="255" T="0" />
	<Point X="245" Y="257" T="0" />
	<Point X="242" Y="258" T="0" />
	<Point X="240" Y="259" T="0" />
	<Point X="238" Y="260" T="0" />
	<Point X="236" Y="262" T="0" />
	<Point X="234" Y="263" T="0" />
	<Point X="231" Y="264" T="0" />
	<Point X="228" Y="266" T="0" />
	<Point X="226" Y="268" T="0" />
	<Point X="225" Y="269" T="0" />
	<Point X="225" Y="269" T="0" />
	<Point X="226" Y="272" T="0" />
	<Point X="230" Y="276" T="0" />
	<Point X="232" Y="278" T="0" />
	<Point X="235" Y="281" T="0" />
	<Point X="240" Y="284" T="0" />
	<Point X="243" Y="287" T="0" />
	<Point X="248" Y="290" T="0" />
	<Point X="252" Y="293" T="0" />
	<Point X="254" Y="296" T="0" />
	<Point X="258" Y="300" T="0" />
	<Point X="261" Y="303" T="0" />
	<Point X="264" Y="306" T="0" />
	<Point X="267" Y="310" T="0" />
	<Point X="270" Y="315" T="0" />
	<Point X="274" Y="324" T="0" />
	<Point X="278" Y="336" T="0" />
	<Point X="280" Y="347" T="0" />
	<Point X="280" Y="359" T="0" />
	<Point X="279" Y="364" T="0" />
	<Point X="279" Y="368" T="0" />
	<Point X="276" Y="371" T="0" />
	<Point X="274" Y="374" T="0" />
	<Point X="272" Y="376" T="0" />
	<Point X="268" Y="381" T="0" />
	<Point X="266" Y="384" T="0" />
	<Point X="263" Y="386" T="0" />
	<Point X="260" Y="389" T="0" />
	<Point X="258" Y="390" T="0" />
	<Point X="256" Y="392" T="0" />
	<Point X="256" Y="393" T="0" />
	<Point X="255" Y="393" T="0" />
	<Point X="254" Y="393" T="0" />
	<Point X="252" Y="394" T="0" />
	<Point X="248" Y="395" T="0" />
	<Point X="246" Y="396" T="0" />
	<Point X="243" Y="398" T="0" />
	<Point X="240" Y="399" T="0" />
	<Point X="238" Y="399" T="0" />
	<Point X="236" Y="399" T="0" />
	<Point X="235" Y="399" T="0" />
	<Point X="234" Y="400" T="0" />
	<Point X="233" Y="400" T="0" />
	<Point X="232" Y="400" T="0" />
	<Point X="231" Y="400" T="0" />
	<Point X="231" Y="401" T="0" />
</Gesture>