<?xml version="1.0" encoding="utf-8" standalone="yes"?>
<Gesture Name="right_square_bracket07" NumPts="46">
	<Point X="153" Y="149" T="0" />
	<Point X="153" Y="149" T="0" />
	<Point X="160" Y="152" T="0" />
	<Point X="174" Y="156" T="0" />
	<Point X="198" Y="160" T="0" />
	<Point X="219" Y="163" T="0" />
	<Point X="240" Y="166" T="0" />
	<Point X="258" Y="167" T="0" />
	<Point X="272" Y="167" T="0" />
	<Point X="274" Y="167" T="0" />
	<Point X="275" Y="167" T="0" />
	<Point X="276" Y="167" T="0" />
	<Point X="277" Y="168" T="0" />
	<Point X="278" Y="170" T="0" />
	<Point X="280" Y="179" T="0" />
	<Point X="285" Y="197" T="0" />
	<Point X="287" Y="204" T="0" />
	<Point X="291" Y="228" T="0" />
	<Point X="294" Y="245" T="0" />
	<Point X="299" Y="263" T="0" />
	<Point X="302" Y="280" T="0" />
	<Point X="306" Y="294" T="0" />
	<Point X="309" Y="308" T="0" />
	<Point X="311" Y="321" T="0" />
	<Point X="312" Y="333" T="0" />
	<Point X="312" Y="344" T="0" />
	<Point X="312" Y="348" T="0" />
	<Point X="313" Y="353" T="0" />
	<Point X="313" Y="359" T="0" />
	<Point X="313" Y="365" T="0" />
	<Point X="313" Y="367" T="0" />
	<Point X="312" Y="371" T="0" />
	<Point X="312" Y="371" T="0" />
	<Point X="312" Y="371" T="0" />
	<Point X="312" Y="372" T="0" />
	<Point X="310" Y="373" T="0" />
	<Point X="310" Y="373" T="0" />
	<Point X="302" Y="373" T="0" />
	<Point X="289" Y="373" T="0" />
	<Point X="268" Y="375" T="0" />
	<Point X="243" Y="376" T="0" />
	<Point X="218" Y="377" T="0" />
	<Point X="198" Y="377" T="0" />
	<Point X="183" Y="378" T="0" />
	<Point X="178" Y="379" T="0" />
	<Point X="179" Y="379" T="0" />
</Gesture>