<?xml version="1.0" encoding="utf-8" standalone="yes"?>
<Gesture Name="right_curly_brace10" NumPts="82">
	<Point X="215" Y="104" T="0" />
	<Point X="215" Y="105" T="0" />
	<Point X="216" Y="107" T="0" />
	<Point X="221" Y="111" T="0" />
	<Point X="228" Y="117" T="0" />
	<Point X="233" Y="119" T="0" />
	<Point X="245" Y="127" T="0" />
	<Point X="255" Y="137" T="0" />
	<Point X="267" Y="147" T="0" />
	<Point X="278" Y="155" T="0" />
	<Point X="293" Y="170" T="0" />
	<Point X="299" Y="179" T="0" />
	<Point X="304" Y="185" T="0" />
	<Point X="307" Y="192" T="0" />
	<Point X="310" Y="200" T="0" />
	<Point X="313" Y="206" T="0" />
	<Point X="314" Y="211" T="0" />
	<Point X="314" Y="217" T="0" />
	<Point X="316" Y="225" T="0" />
	<Point X="316" Y="231" T="0" />
	<Point X="316" Y="236" T="0" />
	<Point X="315" Y="241" T="0" />
	<Point X="312" Y="247" T="0" />
	<Point X="309" Y="250" T="0" />
	<Point X="306" Y="255" T="0" />
	<Point X="304" Y="258" T="0" />
	<Point X="300" Y="262" T="0" />
	<Point X="298" Y="263" T="0" />
	<Point X="297" Y="267" T="0" />
	<Point X="296" Y="268" T="0" />
	<Point X="296" Y="268" T="0" />
	<Point X="296" Y="269" T="0" />
	<Point X="296" Y="269" T="0" />
	<Point X="296" Y="271" T="0" />
	<Point X="296" Y="272" T="0" />
	<Point X="298" Y="274" T="0" />
	<Point X="300" Y="277" T="0" />
	<Point X="304" Y="279" T="0" />
	<Point X="308" Y="283" T="0" />
	<Point X="312" Y="285" T="0" />
	<Point X="315" Y="287" T="0" />
	<Point X="316" Y="287" T="0" />
	<Point X="316" Y="288" T="0" />
	<Point X="316" Y="288" T="0" />
	<Point X="316" Y="290" T="0" />
	<Point X="314" Y="292" T="0" />
	<Point X="312" Y="294" T="0" />
	<Point X="309" Y="296" T="0" />
	<Point X="306" Y="298" T="0" />
	<Point X="303" Y="301" T="0" />
	<Point X="299" Y="304" T="0" />
	<Point X="297" Y="306" T="0" />
	<Point X="295" Y="309" T="0" />
	<Point X="294" Y="311" T="0" />
	<Point X="293" Y="313" T="0" />
	<Point X="292" Y="313" T="0" />
	<Point X="292" Y="315" T="0" />
	<Point X="294" Y="317" T="0" />
	<Point X="298" Y="320" T="0" />
	<Point X="302" Y="323" T="0" />
	<Point X="311" Y="329" T="0" />
	<Point X="318" Y="334" T="0" />
	<Point X="322" Y="337" T="0" />
	<Point X="324" Y="340" T="0" />
	<Point X="327" Y="343" T="0" />
	<Point X="330" Y="346" T="0" />
	<Point X="334" Y="352" T="0" />
	<Point X="338" Y="359" T="0" />
	<Point X="340" Y="367" T="0" />
	<Point X="340" Y="377" T="0" />
	<Point X="340" Y="383" T="0" />
	<Point X="338" Y="387" T="0" />
	<Point X="335" Y="391" T="0" />
	<Point X="332" Y="394" T="0" />
	<Point X="328" Y="398" T="0" />
	<Point X="325" Y="401" T="0" />
	<Point X="320" Y="404" T="0" />
	<Point X="316" Y="406" T="0" />
	<Point X="314" Y="407" T="0" />
	<Point X="311" Y="409" T="0" />
	<Point X="308" Y="409" T="0" />
	<Point X="306" Y="410" T="0" />
</Gesture>