<?xml version="1.0" encoding="utf-8" standalone="yes"?>
<Gesture Name="right_curly_brace03" NumPts="75">
	<Point X="172" Y="90" T="0" />
	<Point X="172" Y="91" T="0" />
	<Point X="180" Y="93" T="0" />
	<Point X="192" Y="97" T="0" />
	<Point X="204" Y="101" T="0" />
	<Point X="217" Y="104" T="0" />
	<Point X="231" Y="108" T="0" />
	<Point X="242" Y="112" T="0" />
	<Point X="250" Y="117" T="0" />
	<Point X="253" Y="120" T="0" />
	<Point X="256" Y="125" T="0" />
	<Point X="259" Y="130" T="0" />
	<Point X="263" Y="138" T="0" />
	<Point X="265" Y="146" T="0" />
	<Point X="266" Y="154" T="0" />
	<Point X="266" Y="170" T="0" />
	<Point X="265" Y="180" T="0" />
	<Point X="261" Y="192" T="0" />
	<Point X="257" Y="202" T="0" />
	<Point X="252" Y="211" T="0" />
	<Point X="248" Y="219" T="0" />
	<Point X="243" Y="225" T="0" />
	<Point X="238" Y="230" T="0" />
	<Point X="234" Y="234" T="0" />
	<Point X="232" Y="237" T="0" />
	<Point X="229" Y="240" T="0" />
	<Point X="228" Y="241" T="0" />
	<Point X="228" Y="242" T="0" />
	<Point X="227" Y="243" T="0" />
	<Point X="227" Y="244" T="0" />
	<Point X="227" Y="246" T="0" />
	<Point X="227" Y="248" T="0" />
	<Point X="230" Y="251" T="0" />
	<Point X="234" Y="255" T="0" />
	<Point X="241" Y="258" T="0" />
	<Point X="252" Y="262" T="0" />
	<Point X="262" Y="266" T="0" />
	<Point X="270" Y="269" T="0" />
	<Point X="274" Y="272" T="0" />
	<Point X="276" Y="273" T="0" />
	<Point X="277" Y="273" T="0" />
	<Point X="277" Y="274" T="0" />
	<Point X="277" Y="275" T="0" />
	<Point X="274" Y="277" T="0" />
	<Point X="264" Y="281" T="0" />
	<Point X="253" Y="284" T="0" />
	<Point X="241" Y="286" T="0" />
	<Point X="229" Y="289" T="0" />
	<Point X="220" Y="293" T="0" />
	<Point X="218" Y="294" T="0" />
	<Point X="216" Y="295" T="0" />
	<Point X="216" Y="295" T="0" />
	<Point X="216" Y="296" T="0" />
	<Point X="216" Y="299" T="0" />
	<Point X="218" Y="302" T="0" />
	<Point X="222" Y="305" T="0" />
	<Point X="237" Y="315" T="0" />
	<Point X="250" Y="322" T="0" />
	<Point X="261" Y="329" T="0" />
	<Point X="273" Y="336" T="0" />
	<Point X="281" Y="341" T="0" />
	<Point X="286" Y="346" T="0" />
	<Point X="288" Y="349" T="0" />
	<Point X="293" Y="355" T="0" />
	<Point X="295" Y="360" T="0" />
	<Point X="296" Y="367" T="0" />
	<Point X="296" Y="371" T="0" />
	<Point X="293" Y="379" T="0" />
	<Point X="290" Y="386" T="0" />
	<Point X="287" Y="391" T="0" />
	<Point X="284" Y="395" T="0" />
	<Point X="279" Y="399" T="0" />
	<Point X="272" Y="400" T="0" />
	<Point X="263" Y="400" T="0" />
	<Point X="255" Y="400" T="0" />
</Gesture>