<?xml version="1.0" encoding="utf-8" standalone="yes"?>
<Gesture Name="right_curly_brace07" NumPts="65">
	<Point X="208" Y="153" T="0" />
	<Point X="209" Y="154" T="0" />
	<Point X="213" Y="155" T="0" />
	<Point X="215" Y="156" T="0" />
	<Point X="223" Y="156" T="0" />
	<Point X="234" Y="157" T="0" />
	<Point X="245" Y="157" T="0" />
	<Point X="257" Y="159" T="0" />
	<Point X="270" Y="162" T="0" />
	<Point X="278" Y="165" T="0" />
	<Point X="283" Y="169" T="0" />
	<Point X="286" Y="172" T="0" />
	<Point X="288" Y="175" T="0" />
	<Point X="291" Y="178" T="0" />
	<Point X="294" Y="181" T="0" />
	<Point X="296" Y="185" T="0" />
	<Point X="297" Y="189" T="0" />
	<Point X="297" Y="198" T="0" />
	<Point X="294" Y="207" T="0" />
	<Point X="290" Y="217" T="0" />
	<Point X="287" Y="225" T="0" />
	<Point X="284" Y="231" T="0" />
	<Point X="280" Y="236" T="0" />
	<Point X="276" Y="240" T="0" />
	<Point X="273" Y="243" T="0" />
	<Point X="268" Y="247" T="0" />
	<Point X="266" Y="249" T="0" />
	<Point X="266" Y="250" T="0" />
	<Point X="264" Y="251" T="0" />
	<Point X="264" Y="252" T="0" />
	<Point X="264" Y="253" T="0" />
	<Point X="266" Y="255" T="0" />
	<Point X="268" Y="257" T="0" />
	<Point X="273" Y="261" T="0" />
	<Point X="282" Y="264" T="0" />
	<Point X="292" Y="267" T="0" />
	<Point X="296" Y="268" T="0" />
	<Point X="298" Y="269" T="0" />
	<Point X="298" Y="269" T="0" />
	<Point X="297" Y="271" T="0" />
	<Point X="294" Y="273" T="0" />
	<Point X="290" Y="275" T="0" />
	<Point X="285" Y="279" T="0" />
	<Point X="282" Y="281" T="0" />
	<Point X="280" Y="284" T="0" />
	<Point X="280" Y="287" T="0" />
	<Point X="281" Y="290" T="0" />
	<Point X="285" Y="293" T="0" />
	<Point X="291" Y="296" T="0" />
	<Point X="302" Y="300" T="0" />
	<Point X="309" Y="303" T="0" />
	<Point X="314" Y="307" T="0" />
	<Point X="317" Y="311" T="0" />
	<Point X="318" Y="314" T="0" />
	<Point X="318" Y="321" T="0" />
	<Point X="316" Y="329" T="0" />
	<Point X="314" Y="339" T="0" />
	<Point X="310" Y="351" T="0" />
	<Point X="302" Y="364" T="0" />
	<Point X="294" Y="377" T="0" />
	<Point X="282" Y="401" T="0" />
	<Point X="275" Y="411" T="0" />
	<Point X="268" Y="415" T="0" />
	<Point X="259" Y="419" T="0" />
	<Point X="253" Y="419" T="0" />
</Gesture>