<?xml version="1.0" encoding="utf-8" standalone="yes"?>
<Gesture Name="right_square_bracket06" NumPts="42">
	<Point X="203" Y="181" T="0" />
	<Point X="205" Y="181" T="0" />
	<Point X="210" Y="181" T="0" />
	<Point X="215" Y="181" T="0" />
	<Point X="230" Y="182" T="0" />
	<Point X="241" Y="184" T="0" />
	<Point X="252" Y="186" T="0" />
	<Point X="264" Y="189" T="0" />
	<Point X="274" Y="191" T="0" />
	<Point X="278" Y="193" T="0" />
	<Point X="282" Y="196" T="0" />
	<Point X="284" Y="199" T="0" />
	<Point X="288" Y="203" T="0" />
	<Point X="291" Y="209" T="0" />
	<Point X="294" Y="221" T="0" />
	<Point X="297" Y="232" T="0" />
	<Point X="299" Y="243" T="0" />
	<Point X="299" Y="255" T="0" />
	<Point X="302" Y="271" T="0" />
	<Point X="308" Y="293" T="0" />
	<Point X="312" Y="307" T="0" />
	<Point X="316" Y="319" T="0" />
	<Point X="320" Y="330" T="0" />
	<Point X="323" Y="340" T="0" />
	<Point X="324" Y="351" T="0" />
	<Point X="326" Y="363" T="0" />
	<Point X="329" Y="373" T="0" />
	<Point X="332" Y="383" T="0" />
	<Point X="336" Y="399" T="0" />
	<Point X="338" Y="410" T="0" />
	<Point X="339" Y="415" T="0" />
	<Point X="340" Y="418" T="0" />
	<Point X="340" Y="419" T="0" />
	<Point X="340" Y="421" T="0" />
	<Point X="340" Y="421" T="0" />
	<Point X="337" Y="423" T="0" />
	<Point X="331" Y="424" T="0" />
	<Point X="316" Y="424" T="0" />
	<Point X="294" Y="421" T="0" />
	<Point X="273" Y="420" T="0" />
	<Point X="246" Y="417" T="0" />
	<Point X="232" Y="415" T="0" />
</Gesture>