<?xml version="1.0" encoding="utf-8" standalone="yes"?>
<Gesture Name="right_square_bracket10" NumPts="49">
	<Point X="144" Y="102" T="0" />
	<Point X="144" Y="102" T="0" />
	<Point X="144" Y="103" T="0" />
	<Point X="145" Y="103" T="0" />
	<Point X="152" Y="106" T="0" />
	<Point X="163" Y="110" T="0" />
	<Point X="179" Y="116" T="0" />
	<Point X="216" Y="124" T="0" />
	<Point X="236" Y="128" T="0" />
	<Point X="255" Y="132" T="0" />
	<Point X="270" Y="137" T="0" />
	<Point X="280" Y="139" T="0" />
	<Point X="284" Y="140" T="0" />
	<Point X="285" Y="140" T="0" />
	<Point X="285" Y="141" T="0" />
	<Point X="285" Y="142" T="0" />
	<Point X="284" Y="144" T="0" />
	<Point X="284" Y="147" T="0" />
	<Point X="283" Y="161" T="0" />
	<Point X="283" Y="174" T="0" />
	<Point X="284" Y="190" T="0" />
	<Point X="289" Y="207" T="0" />
	<Point X="293" Y="223" T="0" />
	<Point X="296" Y="240" T="0" />
	<Point X="300" Y="259" T="0" />
	<Point X="304" Y="277" T="0" />
	<Point X="304" Y="301" T="0" />
	<Point X="305" Y="307" T="0" />
	<Point X="307" Y="323" T="0" />
	<Point X="310" Y="335" T="0" />
	<Point X="312" Y="342" T="0" />
	<Point X="314" Y="347" T="0" />
	<Point X="316" Y="350" T="0" />
	<Point X="316" Y="352" T="0" />
	<Point X="317" Y="354" T="0" />
	<Point X="317" Y="355" T="0" />
	<Point X="317" Y="355" T="0" />
	<Point X="317" Y="356" T="0" />
	<Point X="317" Y="357" T="0" />
	<Point X="314" Y="359" T="0" />
	<Point X="310" Y="360" T="0" />
	<Point X="300" Y="362" T="0" />
	<Point X="272" Y="366" T="0" />
	<Point X="248" Y="366" T="0" />
	<Point X="222" Y="364" T="0" />
	<Point X="198" Y="360" T="0" />
	<Point X="183" Y="357" T="0" />
	<Point X="179" Y="357" T="0" />
	<Point X="179" Y="357" T="0" />
</Gesture>