<?xml version="1.0" encoding="utf-8" standalone="yes"?>
<Gesture Name="right_square_bracket08" NumPts="260">
	<Point X="55" Y="80" T="0" />
	<Point X="57" Y="80" T="0" />
	<Point X="69" Y="77" T="0" />
	<Point X="105" Y="73" T="0" />
	<Point X="125" Y="73" T="0" />
	<Point X="140" Y="76" T="0" />
	<Point X="155" Y="80" T="0" />
	<Point X="169" Y="82" T="0" />
	<Point X="183" Y="86" T="0" />
	<Point X="200" Y="89" T="0" />
	<Point X="214" Y="91" T="0" />
	<Point X="220" Y="93" T="0" />
	<Point X="222" Y="93" T="0" />
	<Point X="225" Y="93" T="0" />
	<Point X="228" Y="94" T="0" />
	<Point X="234" Y="95" T="0" />
	<Point X="244" Y="97" T="0" />
	<Point X="254" Y="97" T="0" />
	<Point X="264" Y="97" T="0" />
	<Point X="272" Y="97" T="0" />
	<Point X="280" Y="97" T="0" />
	<Point X="288" Y="96" T="0" />
	<Point X="296" Y="95" T="0" />
	<Point X="308" Y="93" T="0" />
	<Point X="320" Y="93" T="0" />
	<Point X="331" Y="91" T="0" />
	<Point X="341" Y="89" T="0" />
	<Point X="348" Y="87" T="0" />
	<Point X="358" Y="87" T="0" />
	<Point X="363" Y="86" T="0" />
	<Point X="366" Y="86" T="0" />
	<Point X="370" Y="86" T="0" />
	<Point X="376" Y="86" T="0" />
	<Point X="381" Y="86" T="0" />
	<Point X="390" Y="87" T="0" />
	<Point X="400" Y="87" T="0" />
	<Point X="408" Y="87" T="0" />
	<Point X="412" Y="87" T="0" />
	<Point X="414" Y="88" T="0" />
	<Point X="417" Y="89" T="0" />
	<Point X="420" Y="90" T="0" />
	<Point X="422" Y="91" T="0" />
	<Point X="423" Y="91" T="0" />
	<Point X="424" Y="91" T="0" />
	<Point X="424" Y="92" T="0" />
	<Point X="425" Y="93" T="0" />
	<Point X="427" Y="95" T="0" />
	<Point X="429" Y="98" T="0" />
	<Point X="432" Y="104" T="0" />
	<Point X="436" Y="115" T="0" />
	<Point X="439" Y="122" T="0" />
	<Point X="442" Y="131" T="0" />
	<Point X="444" Y="141" T="0" />
	<Point X="445" Y="149" T="0" />
	<Point X="447" Y="159" T="0" />
	<Point X="451" Y="170" T="0" />
	<Point X="455" Y="184" T="0" />
	<Point X="461" Y="204" T="0" />
	<Point X="464" Y="215" T="0" />
	<Point X="466" Y="227" T="0" />
	<Point X="468" Y="234" T="0" />
	<Point X="472" Y="244" T="0" />
	<Point X="474" Y="251" T="0" />
	<Point X="475" Y="256" T="0" />
	<Point X="476" Y="265" T="0" />
	<Point X="477" Y="273" T="0" />
	<Point X="479" Y="281" T="0" />
	<Point X="479" Y="289" T="0" />
	<Point X="479" Y="295" T="0" />
	<Point X="480" Y="299" T="0" />
	<Point X="480" Y="303" T="0" />
	<Point X="482" Y="307" T="0" />
	<Point X="483" Y="312" T="0" />
	<Point X="484" Y="321" T="0" />
	<Point X="487" Y="331" T="0" />
	<Point X="488" Y="336" T="0" />
	<Point X="490" Y="342" T="0" />
	<Point X="492" Y="347" T="0" />
	<Point X="492" Y="353" T="0" />
	<Point X="493" Y="358" T="0" />
	<Point X="494" Y="363" T="0" />
	<Point X="494" Y="370" T="0" />
	<Point X="495" Y="374" T="0" />
	<Point X="495" Y="377" T="0" />
	<Point X="495" Y="380" T="0" />
	<Point X="494" Y="383" T="0" />
	<Point X="494" Y="386" T="0" />
	<Point X="493" Y="389" T="0" />
	<Point X="493" Y="393" T="0" />
	<Point X="493" Y="396" T="0" />
	<Point X="492" Y="399" T="0" />
	<Point X="492" Y="401" T="0" />
	<Point X="492" Y="404" T="0" />
	<Point X="490" Y="407" T="0" />
	<Point X="489" Y="409" T="0" />
	<Point X="489" Y="412" T="0" />
	<Point X="488" Y="415" T="0" />
	<Point X="487" Y="417" T="0" />
	<Point X="487" Y="420" T="0" />
	<Point X="487" Y="423" T="0" />
	<Point X="486" Y="425" T="0" />
	<Point X="486" Y="428" T="0" />
	<Point X="485" Y="431" T="0" />
	<Point X="485" Y="433" T="0" />
	<Point X="484" Y="436" T="0" />
	<Point X="484" Y="440" T="0" />
	<Point X="484" Y="442" T="0" />
	<Point X="483" Y="445" T="0" />
	<Point X="483" Y="447" T="0" />
	<Point X="483" Y="449" T="0" />
	<Point X="482" Y="451" T="0" />
	<Point X="482" Y="453" T="0" />
	<Point X="482" Y="456" T="0" />
	<Point X="481" Y="459" T="0" />
	<Point X="481" Y="461" T="0" />
	<Point X="481" Y="462" T="0" />
	<Point X="481" Y="463" T="0" />
	<Point X="481" Y="463" T="0" />
	<Point X="480" Y="464" T="0" />
	<Point X="480" Y="465" T="0" />
	<Point X="479" Y="465" T="0" />
	<Point X="478" Y="465" T="0" />
	<Point X="477" Y="466" T="0" />
	<Point X="475" Y="466" T="0" />
	<Point X="472" Y="466" T="0" />
	<Point X="470" Y="466" T="0" />
	<Point X="466" Y="466" T="0" />
	<Point X="461" Y="465" T="0" />
	<Point X="458" Y="465" T="0" />
	<Point X="456" Y="465" T="0" />
	<Point X="453" Y="465" T="0" />
	<Point X="450" Y="465" T="0" />
	<Point X="448" Y="465" T="0" />
	<Point X="444" Y="465" T="0" />
	<Point X="437" Y="465" T="0" />
	<Point X="432" Y="465" T="0" />
	<Point X="428" Y="465" T="0" />
	<Point X="418" Y="465" T="0" />
	<Point X="415" Y="465" T="0" />
	<Point X="412" Y="465" T="0" />
	<Point X="407" Y="465" T="0" />
	<Point X="403" Y="465" T="0" />
	<Point X="396" Y="465" T="0" />
	<Point X="392" Y="465" T="0" />
	<Point X="390" Y="467" T="0" />
	<Point X="387" Y="467" T="0" />
	<Point X="384" Y="468" T="0" />
	<Point X="382" Y="469" T="0" />
	<Point X="379" Y="470" T="0" />
	<Point X="376" Y="470" T="0" />
	<Point X="374" Y="471" T="0" />
	<Point X="367" Y="472" T="0" />
	<Point X="364" Y="472" T="0" />
	<Point X="358" Y="473" T="0" />
	<Point X="353" Y="472" T="0" />
	<Point X="350" Y="471" T="0" />
	<Point X="346" Y="471" T="0" />
	<Point X="342" Y="471" T="0" />
	<Point X="337" Y="470" T="0" />
	<Point X="335" Y="469" T="0" />
	<Point X="332" Y="469" T="0" />
	<Point X="329" Y="467" T="0" />
	<Point X="327" Y="467" T="0" />
	<Point X="324" Y="466" T="0" />
	<Point X="320" Y="465" T="0" />
	<Point X="317" Y="464" T="0" />
	<Point X="313" Y="462" T="0" />
	<Point X="306" Y="461" T="0" />
	<Point X="302" Y="461" T="0" />
	<Point X="298" Y="461" T="0" />
	<Point X="296" Y="460" T="0" />
	<Point X="293" Y="460" T="0" />
	<Point X="290" Y="460" T="0" />
	<Point X="288" Y="459" T="0" />
	<Point X="285" Y="459" T="0" />
	<Point X="283" Y="459" T="0" />
	<Point X="278" Y="459" T="0" />
	<Point X="273" Y="459" T="0" />
	<Point X="268" Y="459" T="0" />
	<Point X="264" Y="460" T="0" />
	<Point X="259" Y="461" T="0" />
	<Point X="255" Y="461" T="0" />
	<Point X="249" Y="462" T="0" />
	<Point X="246" Y="463" T="0" />
	<Point X="241" Y="464" T="0" />
	<Point X="237" Y="464" T="0" />
	<Point X="233" Y="464" T="0" />
	<Point X="228" Y="461" T="0" />
	<Point X="223" Y="459" T="0" />
	<Point X="218" Y="458" T="0" />
	<Point X="211" Y="457" T="0" />
	<Point X="208" Y="457" T="0" />
	<Point X="205" Y="457" T="0" />
	<Point X="203" Y="457" T="0" />
	<Point X="200" Y="457" T="0" />
	<Point X="199" Y="457" T="0" />
	<Point X="197" Y="457" T="0" />
	<Point X="195" Y="457" T="0" />
	<Point X="192" Y="456" T="0" />
	<Point X="185" Y="453" T="0" />
	<Point X="182" Y="451" T="0" />
	<Point X="178" Y="450" T="0" />
	<Point X="174" Y="449" T="0" />
	<Point X="165" Y="447" T="0" />
	<Point X="157" Y="447" T="0" />
	<Point X="150" Y="447" T="0" />
	<Point X="142" Y="447" T="0" />
	<Point X="140" Y="447" T="0" />
	<Point X="137" Y="448" T="0" />
	<Point X="134" Y="449" T="0" />
	<Point X="132" Y="450" T="0" />
	<Point X="130" Y="451" T="0" />
	<Point X="130" Y="451" T="0" />
	<Point X="129" Y="452" T="0" />
	<Point X="127" Y="453" T="0" />
	<Point X="126" Y="453" T="0" />
	<Point X="126" Y="453" T="0" />
	<Point X="124" Y="452" T="0" />
	<Point X="122" Y="452" T="0" />
	<Point X="121" Y="452" T="0" />
	<Point X="120" Y="452" T="0" />
	<Point X="118" Y="452" T="0" />
	<Point X="117" Y="452" T="0" />
	<Point X="116" Y="453" T="0" />
	<Point X="115" Y="453" T="0" />
	<Point X="114" Y="453" T="0" />
	<Point X="113" Y="454" T="0" />
	<Point X="113" Y="454" T="0" />
	<Point X="112" Y="454" T="0" />
	<Point X="112" Y="454" T="0" />
	<Point X="111" Y="455" T="0" />
	<Point X="110" Y="455" T="0" />
	<Point X="108" Y="456" T="0" />
	<Point X="108" Y="457" T="0" />
	<Point X="106" Y="458" T="0" />
	<Point X="103" Y="459" T="0" />
	<Point X="102" Y="459" T="0" />
	<Point X="100" Y="459" T="0" />
	<Point X="100" Y="460" T="0" />
	<Point X="99" Y="460" T="0" />
	<Point X="98" Y="460" T="0" />
	<Point X="98" Y="461" T="0" />
	<Point X="97" Y="461" T="0" />
	<Point X="96" Y="461" T="0" />
	<Point X="96" Y="461" T="0" />
	<Point X="96" Y="461" T="0" />
	<Point X="96" Y="462" T="0" />
	<Point X="96" Y="462" T="0" />
	<Point X="96" Y="463" T="0" />
	<Point X="95" Y="463" T="0" />
	<Point X="95" Y="464" T="0" />
	<Point X="95" Y="464" T="0" />
	<Point X="95" Y="465" T="0" />
	<Point X="94" Y="465" T="0" />
	<Point X="94" Y="466" T="0" />
	<Point X="94" Y="466" T="0" />
	<Point X="94" Y="467" T="0" />
	<Point X="94" Y="467" T="0" />
	<Point X="94" Y="466" T="0" />
	<Point X="93" Y="466" T="0" />
</Gesture>