<?xml version="1.0" encoding="utf-8" standalone="yes"?>
<Gesture Name="right_square_bracket03" NumPts="55">
	<Point X="156" Y="129" T="0" />
	<Point X="157" Y="129" T="0" />
	<Point X="158" Y="129" T="0" />
	<Point X="159" Y="130" T="0" />
	<Point X="162" Y="131" T="0" />
	<Point X="168" Y="133" T="0" />
	<Point X="180" Y="136" T="0" />
	<Point X="198" Y="140" T="0" />
	<Point X="214" Y="143" T="0" />
	<Point X="228" Y="145" T="0" />
	<Point X="240" Y="147" T="0" />
	<Point X="246" Y="148" T="0" />
	<Point X="249" Y="149" T="0" />
	<Point X="251" Y="151" T="0" />
	<Point X="252" Y="153" T="0" />
	<Point X="254" Y="157" T="0" />
	<Point X="258" Y="165" T="0" />
	<Point X="262" Y="176" T="0" />
	<Point X="266" Y="189" T="0" />
	<Point X="270" Y="204" T="0" />
	<Point X="274" Y="218" T="0" />
	<Point X="280" Y="237" T="0" />
	<Point X="283" Y="249" T="0" />
	<Point X="286" Y="266" T="0" />
	<Point X="290" Y="282" T="0" />
	<Point X="290" Y="296" T="0" />
	<Point X="294" Y="309" T="0" />
	<Point X="297" Y="318" T="0" />
	<Point X="299" Y="323" T="0" />
	<Point X="299" Y="325" T="0" />
	<Point X="300" Y="328" T="0" />
	<Point X="303" Y="333" T="0" />
	<Point X="305" Y="338" T="0" />
	<Point X="306" Y="342" T="0" />
	<Point X="307" Y="345" T="0" />
	<Point X="308" Y="347" T="0" />
	<Point X="308" Y="350" T="0" />
	<Point X="309" Y="353" T="0" />
	<Point X="309" Y="354" T="0" />
	<Point X="309" Y="355" T="0" />
	<Point X="309" Y="356" T="0" />
	<Point X="309" Y="357" T="0" />
	<Point X="309" Y="357" T="0" />
	<Point X="307" Y="358" T="0" />
	<Point X="304" Y="359" T="0" />
	<Point X="302" Y="361" T="0" />
	<Point X="296" Y="363" T="0" />
	<Point X="281" Y="365" T="0" />
	<Point X="267" Y="369" T="0" />
	<Point X="249" Y="373" T="0" />
	<Point X="232" Y="375" T="0" />
	<Point X="217" Y="374" T="0" />
	<Point X="210" Y="373" T="0" />
	<Point X="208" Y="373" T="0" />
	<Point X="207" Y="373" T="0" />
</Gesture>