<?xml version="1.0" encoding="utf-8" standalone="yes"?>
<Gesture Name="right_square_bracket09" NumPts="48">
	<Point X="177" Y="133" T="0" />
	<Point X="177" Y="133" T="0" />
	<Point X="182" Y="135" T="0" />
	<Point X="191" Y="139" T="0" />
	<Point X="206" Y="143" T="0" />
	<Point X="223" Y="146" T="0" />
	<Point X="238" Y="150" T="0" />
	<Point X="252" Y="153" T="0" />
	<Point X="265" Y="155" T="0" />
	<Point X="270" Y="155" T="0" />
	<Point X="270" Y="155" T="0" />
	<Point X="271" Y="155" T="0" />
	<Point X="272" Y="156" T="0" />
	<Point X="273" Y="159" T="0" />
	<Point X="276" Y="165" T="0" />
	<Point X="279" Y="177" T="0" />
	<Point X="281" Y="190" T="0" />
	<Point X="284" Y="207" T="0" />
	<Point X="288" Y="225" T="0" />
	<Point X="292" Y="241" T="0" />
	<Point X="296" Y="262" T="0" />
	<Point X="298" Y="275" T="0" />
	<Point X="298" Y="287" T="0" />
	<Point X="300" Y="298" T="0" />
	<Point X="302" Y="309" T="0" />
	<Point X="305" Y="322" T="0" />
	<Point X="309" Y="335" T="0" />
	<Point X="313" Y="355" T="0" />
	<Point X="316" Y="367" T="0" />
	<Point X="316" Y="377" T="0" />
	<Point X="316" Y="387" T="0" />
	<Point X="316" Y="394" T="0" />
	<Point X="316" Y="399" T="0" />
	<Point X="316" Y="401" T="0" />
	<Point X="316" Y="405" T="0" />
	<Point X="315" Y="407" T="0" />
	<Point X="314" Y="409" T="0" />
	<Point X="314" Y="410" T="0" />
	<Point X="313" Y="410" T="0" />
	<Point X="312" Y="410" T="0" />
	<Point X="310" Y="411" T="0" />
	<Point X="306" Y="413" T="0" />
	<Point X="296" Y="416" T="0" />
	<Point X="272" Y="420" T="0" />
	<Point X="255" Y="425" T="0" />
	<Point X="247" Y="428" T="0" />
	<Point X="244" Y="432" T="0" />
	<Point X="245" Y="434" T="0" />
</Gesture>