<?xml version="1.0" encoding="utf-8" standalone="yes"?>
<Gesture Name="right_square_bracket04" NumPts="55">
	<Point X="212" Y="158" T="0" />
	<Point X="212" Y="158" T="0" />
	<Point X="213" Y="159" T="0" />
	<Point X="216" Y="162" T="0" />
	<Point X="221" Y="165" T="0" />
	<Point X="230" Y="170" T="0" />
	<Point X="238" Y="173" T="0" />
	<Point X="247" Y="176" T="0" />
	<Point X="257" Y="179" T="0" />
	<Point X="265" Y="181" T="0" />
	<Point X="270" Y="181" T="0" />
	<Point X="272" Y="182" T="0" />
	<Point X="274" Y="182" T="0" />
	<Point X="274" Y="183" T="0" />
	<Point X="275" Y="183" T="0" />
	<Point X="275" Y="184" T="0" />
	<Point X="276" Y="186" T="0" />
	<Point X="278" Y="195" T="0" />
	<Point X="280" Y="207" T="0" />
	<Point X="284" Y="218" T="0" />
	<Point X="286" Y="233" T="0" />
	<Point X="290" Y="249" T="0" />
	<Point X="294" Y="261" T="0" />
	<Point X="300" Y="284" T="0" />
	<Point X="305" Y="301" T="0" />
	<Point X="308" Y="314" T="0" />
	<Point X="311" Y="328" T="0" />
	<Point X="312" Y="338" T="0" />
	<Point X="314" Y="347" T="0" />
	<Point X="314" Y="353" T="0" />
	<Point X="314" Y="358" T="0" />
	<Point X="314" Y="366" T="0" />
	<Point X="314" Y="372" T="0" />
	<Point X="314" Y="376" T="0" />
	<Point X="315" Y="381" T="0" />
	<Point X="315" Y="383" T="0" />
	<Point X="316" Y="386" T="0" />
	<Point X="316" Y="389" T="0" />
	<Point X="316" Y="391" T="0" />
	<Point X="316" Y="393" T="0" />
	<Point X="315" Y="394" T="0" />
	<Point X="315" Y="395" T="0" />
	<Point X="314" Y="395" T="0" />
	<Point X="313" Y="395" T="0" />
	<Point X="311" Y="395" T="0" />
	<Point X="306" Y="395" T="0" />
	<Point X="299" Y="395" T="0" />
	<Point X="288" Y="396" T="0" />
	<Point X="282" Y="399" T="0" />
	<Point X="276" Y="400" T="0" />
	<Point X="274" Y="402" T="0" />
	<Point X="271" Y="404" T="0" />
	<Point X="269" Y="404" T="0" />
	<Point X="267" Y="405" T="0" />
	<Point X="266" Y="406" T="0" />
</Gesture>