<?xml version="1.0" encoding="utf-8" standalone="yes"?>
<Gesture Name="right_curly_brace08" NumPts="80">
	<Point X="179" Y="87" T="0" />
	<Point X="181" Y="87" T="0" />
	<Point X="194" Y="91" T="0" />
	<Point X="208" Y="94" T="0" />
	<Point X="224" Y="98" T="0" />
	<Point X="238" Y="103" T="0" />
	<Point X="254" Y="109" T="0" />
	<Point X="266" Y="114" T="0" />
	<Point X="276" Y="119" T="0" />
	<Point X="282" Y="123" T="0" />
	<Point X="287" Y="129" T="0" />
	<Point X="288" Y="132" T="0" />
	<Point X="289" Y="135" T="0" />
	<Point X="290" Y="137" T="0" />
	<Point X="291" Y="141" T="0" />
	<Point X="292" Y="147" T="0" />
	<Point X="292" Y="152" T="0" />
	<Point X="292" Y="158" T="0" />
	<Point X="292" Y="164" T="0" />
	<Point X="288" Y="176" T="0" />
	<Point X="285" Y="185" T="0" />
	<Point X="282" Y="194" T="0" />
	<Point X="278" Y="202" T="0" />
	<Point X="275" Y="207" T="0" />
	<Point X="272" Y="212" T="0" />
	<Point X="269" Y="217" T="0" />
	<Point X="263" Y="223" T="0" />
	<Point X="259" Y="226" T="0" />
	<Point X="255" Y="229" T="0" />
	<Point X="252" Y="232" T="0" />
	<Point X="250" Y="235" T="0" />
	<Point X="248" Y="238" T="0" />
	<Point X="247" Y="239" T="0" />
	<Point X="246" Y="240" T="0" />
	<Point X="246" Y="241" T="0" />
	<Point X="246" Y="242" T="0" />
	<Point X="249" Y="244" T="0" />
	<Point X="254" Y="245" T="0" />
	<Point X="266" Y="249" T="0" />
	<Point X="272" Y="252" T="0" />
	<Point X="276" Y="254" T="0" />
	<Point X="277" Y="255" T="0" />
	<Point X="276" Y="255" T="0" />
	<Point X="275" Y="256" T="0" />
	<Point X="270" Y="259" T="0" />
	<Point X="263" Y="262" T="0" />
	<Point X="252" Y="267" T="0" />
	<Point X="248" Y="270" T="0" />
	<Point X="245" Y="272" T="0" />
	<Point X="244" Y="273" T="0" />
	<Point X="243" Y="273" T="0" />
	<Point X="243" Y="275" T="0" />
	<Point X="243" Y="276" T="0" />
	<Point X="244" Y="277" T="0" />
	<Point X="247" Y="281" T="0" />
	<Point X="257" Y="285" T="0" />
	<Point X="269" Y="291" T="0" />
	<Point X="282" Y="297" T="0" />
	<Point X="295" Y="302" T="0" />
	<Point X="304" Y="306" T="0" />
	<Point X="307" Y="309" T="0" />
	<Point X="311" Y="313" T="0" />
	<Point X="314" Y="315" T="0" />
	<Point X="316" Y="318" T="0" />
	<Point X="319" Y="323" T="0" />
	<Point X="322" Y="329" T="0" />
	<Point X="325" Y="338" T="0" />
	<Point X="325" Y="348" T="0" />
	<Point X="324" Y="359" T="0" />
	<Point X="322" Y="370" T="0" />
	<Point X="315" Y="387" T="0" />
	<Point X="310" Y="391" T="0" />
	<Point X="298" Y="395" T="0" />
	<Point X="287" Y="397" T="0" />
	<Point X="272" Y="397" T="0" />
	<Point X="256" Y="397" T="0" />
	<Point X="241" Y="393" T="0" />
	<Point X="229" Y="390" T="0" />
	<Point X="228" Y="389" T="0" />
	<Point X="228" Y="389" T="0" />
</Gesture>