<?xml version="1.0" encoding="utf-8" standalone="yes"?>
<Gesture Name="right_square_bracket01" NumPts="55">
	<Point X="114" Y="106" T="0" />
	<Point X="115" Y="106" T="0" />
	<Point X="118" Y="106" T="0" />
	<Point X="122" Y="107" T="0" />
	<Point X="132" Y="111" T="0" />
	<Point X="143" Y="114" T="0" />
	<Point X="156" Y="117" T="0" />
	<Point X="172" Y="119" T="0" />
	<Point X="188" Y="122" T="0" />
	<Point X="205" Y="126" T="0" />
	<Point X="222" Y="130" T="0" />
	<Point X="238" Y="134" T="0" />
	<Point X="253" Y="136" T="0" />
	<Point X="256" Y="137" T="0" />
	<Point X="258" Y="137" T="0" />
	<Point X="258" Y="137" T="0" />
	<Point X="258" Y="138" T="0" />
	<Point X="259" Y="138" T="0" />
	<Point X="260" Y="140" T="0" />
	<Point X="263" Y="145" T="0" />
	<Point X="266" Y="153" T="0" />
	<Point X="270" Y="164" T="0" />
	<Point X="276" Y="183" T="0" />
	<Point X="280" Y="197" T="0" />
	<Point X="283" Y="211" T="0" />
	<Point X="286" Y="225" T="0" />
	<Point X="289" Y="240" T="0" />
	<Point X="293" Y="255" T="0" />
	<Point X="297" Y="269" T="0" />
	<Point X="301" Y="286" T="0" />
	<Point X="307" Y="311" T="0" />
	<Point X="310" Y="324" T="0" />
	<Point X="313" Y="332" T="0" />
	<Point X="314" Y="338" T="0" />
	<Point X="316" Y="342" T="0" />
	<Point X="317" Y="346" T="0" />
	<Point X="317" Y="348" T="0" />
	<Point X="317" Y="351" T="0" />
	<Point X="317" Y="352" T="0" />
	<Point X="317" Y="354" T="0" />
	<Point X="317" Y="354" T="0" />
	<Point X="317" Y="355" T="0" />
	<Point X="314" Y="357" T="0" />
	<Point X="312" Y="358" T="0" />
	<Point X="308" Y="361" T="0" />
	<Point X="301" Y="363" T="0" />
	<Point X="288" Y="366" T="0" />
	<Point X="272" Y="370" T="0" />
	<Point X="257" Y="373" T="0" />
	<Point X="228" Y="377" T="0" />
	<Point X="208" Y="377" T="0" />
	<Point X="192" Y="380" T="0" />
	<Point X="178" Y="380" T="0" />
	<Point X="167" Y="382" T="0" />
	<Point X="163" Y="382" T="0" />
</Gesture>