<?xml version="1.0" encoding="utf-8" standalone="yes"?>
<Gesture Name="right_square_bracket02" NumPts="50">
	<Point X="120" Y="120" T="0" />
	<Point X="120" Y="121" T="0" />
	<Point X="123" Y="122" T="0" />
	<Point X="129" Y="125" T="0" />
	<Point X="135" Y="128" T="0" />
	<Point X="146" Y="132" T="0" />
	<Point X="165" Y="137" T="0" />
	<Point X="204" Y="144" T="0" />
	<Point X="228" Y="147" T="0" />
	<Point X="244" Y="148" T="0" />
	<Point X="252" Y="149" T="0" />
	<Point X="255" Y="149" T="0" />
	<Point X="256" Y="149" T="0" />
	<Point X="256" Y="149" T="0" />
	<Point X="256" Y="149" T="0" />
	<Point X="257" Y="150" T="0" />
	<Point X="259" Y="156" T="0" />
	<Point X="263" Y="167" T="0" />
	<Point X="267" Y="181" T="0" />
	<Point X="271" Y="198" T="0" />
	<Point X="276" Y="215" T="0" />
	<Point X="280" Y="238" T="0" />
	<Point X="285" Y="261" T="0" />
	<Point X="290" Y="277" T="0" />
	<Point X="295" Y="303" T="0" />
	<Point X="295" Y="317" T="0" />
	<Point X="292" Y="329" T="0" />
	<Point X="288" Y="339" T="0" />
	<Point X="285" Y="345" T="0" />
	<Point X="282" Y="350" T="0" />
	<Point X="279" Y="354" T="0" />
	<Point X="278" Y="355" T="0" />
	<Point X="277" Y="358" T="0" />
	<Point X="276" Y="360" T="0" />
	<Point X="274" Y="363" T="0" />
	<Point X="273" Y="364" T="0" />
	<Point X="272" Y="366" T="0" />
	<Point X="270" Y="369" T="0" />
	<Point X="269" Y="370" T="0" />
	<Point X="266" Y="374" T="0" />
	<Point X="264" Y="376" T="0" />
	<Point X="261" Y="378" T="0" />
	<Point X="258" Y="380" T="0" />
	<Point X="252" Y="383" T="0" />
	<Point X="238" Y="385" T="0" />
	<Point X="219" Y="387" T="0" />
	<Point X="192" Y="385" T="0" />
	<Point X="168" Y="382" T="0" />
	<Point X="142" Y="377" T="0" />
	<Point X="128" Y="375" T="0" />
</Gesture>