<?xml version="1.0" encoding="utf-8" standalone="yes"?>
<Gesture Name="star10" NumPts="94">
	<Point X="134" Y="372" T="0" />
	<Point X="134" Y="372" T="0" />
	<Point X="134" Y="372" T="0" />
	<Point X="134" Y="371" T="0" />
	<Point X="135" Y="370" T="0" />
	<Point X="139" Y="364" T="0" />
	<Point X="154" Y="347" T="0" />
	<Point X="162" Y="335" T="0" />
	<Point X="168" Y="319" T="0" />
	<Point X="176" Y="300" T="0" />
	<Point X="184" Y="282" T="0" />
	<Point X="194" Y="263" T="0" />
	<Point X="205" Y="250" T="0" />
	<Point X="214" Y="237" T="0" />
	<Point X="221" Y="225" T="0" />
	<Point X="226" Y="211" T="0" />
	<Point X="227" Y="204" T="0" />
	<Point X="228" Y="199" T="0" />
	<Point X="228" Y="195" T="0" />
	<Point X="228" Y="193" T="0" />
	<Point X="228" Y="191" T="0" />
	<Point X="228" Y="190" T="0" />
	<Point X="229" Y="190" T="0" />
	<Point X="230" Y="191" T="0" />
	<Point X="232" Y="197" T="0" />
	<Point X="237" Y="206" T="0" />
	<Point X="241" Y="217" T="0" />
	<Point X="250" Y="240" T="0" />
	<Point X="254" Y="257" T="0" />
	<Point X="258" Y="275" T="0" />
	<Point X="263" Y="291" T="0" />
	<Point X="267" Y="309" T="0" />
	<Point X="271" Y="324" T="0" />
	<Point X="274" Y="339" T="0" />
	<Point X="278" Y="354" T="0" />
	<Point X="278" Y="359" T="0" />
	<Point X="279" Y="362" T="0" />
	<Point X="280" Y="365" T="0" />
	<Point X="280" Y="366" T="0" />
	<Point X="280" Y="367" T="0" />
	<Point X="279" Y="367" T="0" />
	<Point X="276" Y="365" T="0" />
	<Point X="272" Y="362" T="0" />
	<Point X="250" Y="345" T="0" />
	<Point X="232" Y="333" T="0" />
	<Point X="212" Y="320" T="0" />
	<Point X="196" Y="307" T="0" />
	<Point X="182" Y="294" T="0" />
	<Point X="170" Y="282" T="0" />
	<Point X="158" Y="269" T="0" />
	<Point X="145" Y="257" T="0" />
	<Point X="140" Y="253" T="0" />
	<Point X="134" Y="248" T="0" />
	<Point X="130" Y="245" T="0" />
	<Point X="127" Y="243" T="0" />
	<Point X="126" Y="241" T="0" />
	<Point X="131" Y="242" T="0" />
	<Point X="138" Y="244" T="0" />
	<Point X="162" Y="248" T="0" />
	<Point X="193" Y="253" T="0" />
	<Point X="224" Y="257" T="0" />
	<Point X="251" Y="261" T="0" />
	<Point X="265" Y="264" T="0" />
	<Point X="270" Y="264" T="0" />
	<Point X="273" Y="261" T="0" />
	<Point X="275" Y="259" T="0" />
	<Point X="275" Y="258" T="0" />
	<Point X="276" Y="259" T="0" />
	<Point X="278" Y="261" T="0" />
	<Point X="281" Y="263" T="0" />
	<Point X="283" Y="264" T="0" />
	<Point X="283" Y="265" T="0" />
	<Point X="283" Y="265" T="0" />
	<Point X="280" Y="267" T="0" />
	<Point X="275" Y="270" T="0" />
	<Point X="264" Y="273" T="0" />
	<Point X="248" Y="278" T="0" />
	<Point X="224" Y="284" T="0" />
	<Point X="202" Y="291" T="0" />
	<Point X="179" Y="306" T="0" />
	<Point X="167" Y="317" T="0" />
	<Point X="162" Y="328" T="0" />
	<Point X="158" Y="337" T="0" />
	<Point X="155" Y="345" T="0" />
	<Point X="152" Y="351" T="0" />
	<Point X="149" Y="355" T="0" />
	<Point X="146" Y="358" T="0" />
	<Point X="143" Y="361" T="0" />
	<Point X="140" Y="364" T="0" />
	<Point X="139" Y="366" T="0" />
	<Point X="138" Y="368" T="0" />
	<Point X="138" Y="369" T="0" />
	<Point X="137" Y="369" T="0" />
	<Point X="137" Y="371" T="0" />
</Gesture>