<?xml version="1.0" encoding="utf-8" standalone="yes"?>
<Gesture Name="star02" NumPts="93">
	<Point X="155" Y="374" T="0" />
	<Point X="155" Y="374" T="0" />
	<Point X="155" Y="373" T="0" />
	<Point X="156" Y="364" T="0" />
	<Point X="159" Y="354" T="0" />
	<Point X="162" Y="341" T="0" />
	<Point X="166" Y="329" T="0" />
	<Point X="170" Y="312" T="0" />
	<Point X="174" Y="297" T="0" />
	<Point X="178" Y="281" T="0" />
	<Point X="183" Y="265" T="0" />
	<Point X="187" Y="247" T="0" />
	<Point X="197" Y="215" T="0" />
	<Point X="201" Y="199" T="0" />
	<Point X="205" Y="186" T="0" />
	<Point X="208" Y="175" T="0" />
	<Point X="211" Y="168" T="0" />
	<Point X="212" Y="164" T="0" />
	<Point X="213" Y="161" T="0" />
	<Point X="214" Y="159" T="0" />
	<Point X="214" Y="158" T="0" />
	<Point X="216" Y="159" T="0" />
	<Point X="220" Y="167" T="0" />
	<Point X="228" Y="183" T="0" />
	<Point X="244" Y="216" T="0" />
	<Point X="257" Y="243" T="0" />
	<Point X="278" Y="278" T="0" />
	<Point X="294" Y="307" T="0" />
	<Point X="305" Y="331" T="0" />
	<Point X="313" Y="350" T="0" />
	<Point X="319" Y="366" T="0" />
	<Point X="325" Y="377" T="0" />
	<Point X="330" Y="389" T="0" />
	<Point X="336" Y="403" T="0" />
	<Point X="338" Y="407" T="0" />
	<Point X="340" Y="409" T="0" />
	<Point X="341" Y="411" T="0" />
	<Point X="341" Y="412" T="0" />
	<Point X="342" Y="412" T="0" />
	<Point X="342" Y="410" T="0" />
	<Point X="330" Y="398" T="0" />
	<Point X="314" Y="383" T="0" />
	<Point X="290" Y="365" T="0" />
	<Point X="252" Y="344" T="0" />
	<Point X="215" Y="323" T="0" />
	<Point X="181" Y="303" T="0" />
	<Point X="152" Y="287" T="0" />
	<Point X="122" Y="267" T="0" />
	<Point X="90" Y="245" T="0" />
	<Point X="76" Y="233" T="0" />
	<Point X="70" Y="228" T="0" />
	<Point X="66" Y="224" T="0" />
	<Point X="64" Y="221" T="0" />
	<Point X="64" Y="221" T="0" />
	<Point X="64" Y="221" T="0" />
	<Point X="65" Y="220" T="0" />
	<Point X="67" Y="220" T="0" />
	<Point X="75" Y="219" T="0" />
	<Point X="93" Y="219" T="0" />
	<Point X="120" Y="222" T="0" />
	<Point X="158" Y="226" T="0" />
	<Point X="203" Y="229" T="0" />
	<Point X="256" Y="233" T="0" />
	<Point X="306" Y="243" T="0" />
	<Point X="349" Y="249" T="0" />
	<Point X="362" Y="249" T="0" />
	<Point X="369" Y="251" T="0" />
	<Point X="371" Y="251" T="0" />
	<Point X="370" Y="251" T="0" />
	<Point X="369" Y="252" T="0" />
	<Point X="366" Y="255" T="0" />
	<Point X="352" Y="261" T="0" />
	<Point X="336" Y="268" T="0" />
	<Point X="311" Y="273" T="0" />
	<Point X="279" Y="283" T="0" />
	<Point X="244" Y="297" T="0" />
	<Point X="202" Y="313" T="0" />
	<Point X="169" Y="329" T="0" />
	<Point X="150" Y="338" T="0" />
	<Point X="141" Y="352" T="0" />
	<Point X="140" Y="361" T="0" />
	<Point X="142" Y="369" T="0" />
	<Point X="145" Y="375" T="0" />
	<Point X="148" Y="381" T="0" />
	<Point X="151" Y="385" T="0" />
	<Point X="156" Y="388" T="0" />
	<Point X="159" Y="392" T="0" />
	<Point X="162" Y="395" T="0" />
	<Point X="165" Y="397" T="0" />
	<Point X="169" Y="399" T="0" />
	<Point X="171" Y="400" T="0" />
	<Point X="174" Y="400" T="0" />
	<Point X="176" Y="401" T="0" />
</Gesture>