<?xml version="1.0" encoding="utf-8" standalone="yes"?>
<Gesture Name="star04" NumPts="130">
	<Point X="142" Y="375" T="0" />
	<Point X="142" Y="375" T="0" />
	<Point X="144" Y="375" T="0" />
	<Point X="146" Y="372" T="0" />
	<Point X="150" Y="368" T="0" />
	<Point X="154" Y="362" T="0" />
	<Point X="161" Y="349" T="0" />
	<Point X="170" Y="332" T="0" />
	<Point X="178" Y="311" T="0" />
	<Point X="183" Y="294" T="0" />
	<Point X="188" Y="279" T="0" />
	<Point X="194" Y="262" T="0" />
	<Point X="203" Y="246" T="0" />
	<Point X="210" Y="232" T="0" />
	<Point X="214" Y="218" T="0" />
	<Point X="218" Y="206" T="0" />
	<Point X="222" Y="194" T="0" />
	<Point X="225" Y="189" T="0" />
	<Point X="227" Y="186" T="0" />
	<Point X="229" Y="183" T="0" />
	<Point X="230" Y="181" T="0" />
	<Point X="230" Y="179" T="0" />
	<Point X="230" Y="179" T="0" />
	<Point X="231" Y="180" T="0" />
	<Point X="234" Y="186" T="0" />
	<Point X="238" Y="198" T="0" />
	<Point X="242" Y="209" T="0" />
	<Point X="246" Y="223" T="0" />
	<Point X="250" Y="239" T="0" />
	<Point X="254" Y="254" T="0" />
	<Point X="260" Y="279" T="0" />
	<Point X="264" Y="295" T="0" />
	<Point X="268" Y="309" T="0" />
	<Point X="272" Y="321" T="0" />
	<Point X="275" Y="327" T="0" />
	<Point X="278" Y="333" T="0" />
	<Point X="281" Y="337" T="0" />
	<Point X="282" Y="340" T="0" />
	<Point X="284" Y="343" T="0" />
	<Point X="285" Y="347" T="0" />
	<Point X="285" Y="349" T="0" />
	<Point X="285" Y="352" T="0" />
	<Point X="285" Y="355" T="0" />
	<Point X="285" Y="357" T="0" />
	<Point X="285" Y="360" T="0" />
	<Point X="285" Y="362" T="0" />
	<Point X="285" Y="365" T="0" />
	<Point X="285" Y="368" T="0" />
	<Point X="285" Y="369" T="0" />
	<Point X="285" Y="370" T="0" />
	<Point X="285" Y="371" T="0" />
	<Point X="285" Y="371" T="0" />
	<Point X="284" Y="371" T="0" />
	<Point X="283" Y="369" T="0" />
	<Point X="281" Y="368" T="0" />
	<Point X="271" Y="355" T="0" />
	<Point X="260" Y="344" T="0" />
	<Point X="242" Y="329" T="0" />
	<Point X="224" Y="311" T="0" />
	<Point X="201" Y="294" T="0" />
	<Point X="182" Y="279" T="0" />
	<Point X="156" Y="263" T="0" />
	<Point X="132" Y="249" T="0" />
	<Point X="113" Y="235" T="0" />
	<Point X="94" Y="222" T="0" />
	<Point X="89" Y="219" T="0" />
	<Point X="86" Y="216" T="0" />
	<Point X="84" Y="214" T="0" />
	<Point X="84" Y="213" T="0" />
	<Point X="84" Y="213" T="0" />
	<Point X="84" Y="213" T="0" />
	<Point X="88" Y="213" T="0" />
	<Point X="98" Y="217" T="0" />
	<Point X="116" Y="221" T="0" />
	<Point X="142" Y="226" T="0" />
	<Point X="165" Y="230" T="0" />
	<Point X="182" Y="233" T="0" />
	<Point X="199" Y="235" T="0" />
	<Point X="222" Y="239" T="0" />
	<Point X="234" Y="239" T="0" />
	<Point X="243" Y="239" T="0" />
	<Point X="246" Y="239" T="0" />
	<Point X="249" Y="239" T="0" />
	<Point X="252" Y="239" T="0" />
	<Point X="256" Y="239" T="0" />
	<Point X="261" Y="239" T="0" />
	<Point X="268" Y="241" T="0" />
	<Point X="271" Y="242" T="0" />
	<Point X="274" Y="244" T="0" />
	<Point X="276" Y="245" T="0" />
	<Point X="279" Y="247" T="0" />
	<Point X="282" Y="247" T="0" />
	<Point X="284" Y="249" T="0" />
	<Point X="287" Y="251" T="0" />
	<Point X="289" Y="253" T="0" />
	<Point X="292" Y="255" T="0" />
	<Point X="294" Y="255" T="0" />
	<Point X="298" Y="255" T="0" />
	<Point X="304" Y="255" T="0" />
	<Point X="311" Y="256" T="0" />
	<Point X="314" Y="257" T="0" />
	<Point X="314" Y="257" T="0" />
	<Point X="315" Y="257" T="0" />
	<Point X="315" Y="258" T="0" />
	<Point X="314" Y="260" T="0" />
	<Point X="312" Y="261" T="0" />
	<Point X="309" Y="265" T="0" />
	<Point X="306" Y="269" T="0" />
	<Point X="301" Y="275" T="0" />
	<Point X="292" Y="286" T="0" />
	<Point X="275" Y="300" T="0" />
	<Point X="264" Y="307" T="0" />
	<Point X="252" Y="311" T="0" />
	<Point X="242" Y="315" T="0" />
	<Point X="235" Y="319" T="0" />
	<Point X="230" Y="322" T="0" />
	<Point X="221" Y="325" T="0" />
	<Point X="210" Y="330" T="0" />
	<Point X="193" Y="338" T="0" />
	<Point X="182" Y="342" T="0" />
	<Point X="170" Y="347" T="0" />
	<Point X="161" Y="350" T="0" />
	<Point X="154" Y="353" T="0" />
	<Point X="150" Y="357" T="0" />
	<Point X="145" Y="360" T="0" />
	<Point X="143" Y="361" T="0" />
	<Point X="141" Y="365" T="0" />
	<Point X="140" Y="367" T="0" />
	<Point X="139" Y="368" T="0" />
	<Point X="138" Y="369" T="0" />
</Gesture>