<?xml version="1.0" encoding="utf-8" standalone="yes"?>
<Gesture Name="star05" NumPts="155">
	<Point X="180" Y="389" T="0" />
	<Point X="180" Y="389" T="0" />
	<Point X="179" Y="388" T="0" />
	<Point X="178" Y="385" T="0" />
	<Point X="180" Y="372" T="0" />
	<Point X="186" Y="354" T="0" />
	<Point X="196" Y="335" T="0" />
	<Point X="216" Y="291" T="0" />
	<Point X="224" Y="263" T="0" />
	<Point X="231" Y="237" T="0" />
	<Point X="238" Y="217" T="0" />
	<Point X="249" Y="199" T="0" />
	<Point X="261" Y="183" T="0" />
	<Point X="271" Y="173" T="0" />
	<Point X="274" Y="168" T="0" />
	<Point X="278" Y="163" T="0" />
	<Point X="280" Y="161" T="0" />
	<Point X="282" Y="159" T="0" />
	<Point X="283" Y="158" T="0" />
	<Point X="284" Y="158" T="0" />
	<Point X="286" Y="159" T="0" />
	<Point X="289" Y="165" T="0" />
	<Point X="294" Y="175" T="0" />
	<Point X="302" Y="189" T="0" />
	<Point X="309" Y="209" T="0" />
	<Point X="317" Y="231" T="0" />
	<Point X="326" Y="265" T="0" />
	<Point X="331" Y="288" T="0" />
	<Point X="334" Y="304" T="0" />
	<Point X="334" Y="318" T="0" />
	<Point X="334" Y="331" T="0" />
	<Point X="333" Y="341" T="0" />
	<Point X="330" Y="347" T="0" />
	<Point X="328" Y="350" T="0" />
	<Point X="327" Y="353" T="0" />
	<Point X="324" Y="357" T="0" />
	<Point X="323" Y="359" T="0" />
	<Point X="321" Y="361" T="0" />
	<Point X="320" Y="361" T="0" />
	<Point X="319" Y="361" T="0" />
	<Point X="316" Y="359" T="0" />
	<Point X="306" Y="350" T="0" />
	<Point X="295" Y="338" T="0" />
	<Point X="279" Y="323" T="0" />
	<Point X="257" Y="303" T="0" />
	<Point X="232" Y="281" T="0" />
	<Point X="199" Y="259" T="0" />
	<Point X="156" Y="231" T="0" />
	<Point X="126" Y="214" T="0" />
	<Point X="109" Y="201" T="0" />
	<Point X="98" Y="193" T="0" />
	<Point X="96" Y="191" T="0" />
	<Point X="96" Y="190" T="0" />
	<Point X="96" Y="190" T="0" />
	<Point X="101" Y="191" T="0" />
	<Point X="120" Y="195" T="0" />
	<Point X="146" Y="201" T="0" />
	<Point X="181" Y="206" T="0" />
	<Point X="222" Y="211" T="0" />
	<Point X="251" Y="215" T="0" />
	<Point X="278" Y="215" T="0" />
	<Point X="300" Y="213" T="0" />
	<Point X="313" Y="212" T="0" />
	<Point X="318" Y="211" T="0" />
	<Point X="322" Y="211" T="0" />
	<Point X="324" Y="211" T="0" />
	<Point X="329" Y="211" T="0" />
	<Point X="334" Y="211" T="0" />
	<Point X="342" Y="212" T="0" />
	<Point X="346" Y="213" T="0" />
	<Point X="349" Y="214" T="0" />
	<Point X="351" Y="215" T="0" />
	<Point X="354" Y="218" T="0" />
	<Point X="356" Y="220" T="0" />
	<Point X="359" Y="221" T="0" />
	<Point X="361" Y="222" T="0" />
	<Point X="363" Y="223" T="0" />
	<Point X="367" Y="225" T="0" />
	<Point X="369" Y="225" T="0" />
	<Point X="373" Y="225" T="0" />
	<Point X="376" Y="226" T="0" />
	<Point X="378" Y="227" T="0" />
	<Point X="381" Y="227" T="0" />
	<Point X="381" Y="228" T="0" />
	<Point X="381" Y="229" T="0" />
	<Point X="378" Y="231" T="0" />
	<Point X="376" Y="234" T="0" />
	<Point X="372" Y="237" T="0" />
	<Point X="364" Y="241" T="0" />
	<Point X="352" Y="246" T="0" />
	<Point X="342" Y="251" T="0" />
	<Point X="334" Y="258" T="0" />
	<Point X="321" Y="266" T="0" />
	<Point X="314" Y="273" T="0" />
	<Point X="309" Y="275" T="0" />
	<Point X="303" Y="281" T="0" />
	<Point X="299" Y="284" T="0" />
	<Point X="293" Y="288" T="0" />
	<Point X="287" Y="291" T="0" />
	<Point X="273" Y="297" T="0" />
	<Point X="268" Y="301" T="0" />
	<Point X="265" Y="304" T="0" />
	<Point X="262" Y="307" T="0" />
	<Point X="260" Y="310" T="0" />
	<Point X="258" Y="314" T="0" />
	<Point X="257" Y="317" T="0" />
	<Point X="255" Y="319" T="0" />
	<Point X="252" Y="323" T="0" />
	<Point X="249" Y="326" T="0" />
	<Point X="246" Y="329" T="0" />
	<Point X="244" Y="332" T="0" />
	<Point X="242" Y="334" T="0" />
	<Point X="240" Y="337" T="0" />
	<Point X="237" Y="339" T="0" />
	<Point X="234" Y="341" T="0" />
	<Point X="231" Y="343" T="0" />
	<Point X="228" Y="345" T="0" />
	<Point X="224" Y="348" T="0" />
	<Point X="222" Y="351" T="0" />
	<Point X="220" Y="353" T="0" />
	<Point X="218" Y="355" T="0" />
	<Point X="217" Y="356" T="0" />
	<Point X="216" Y="358" T="0" />
	<Point X="216" Y="359" T="0" />
	<Point X="215" Y="361" T="0" />
	<Point X="213" Y="362" T="0" />
	<Point X="208" Y="364" T="0" />
	<Point X="205" Y="365" T="0" />
	<Point X="201" Y="367" T="0" />
	<Point X="198" Y="369" T="0" />
	<Point X="198" Y="370" T="0" />
	<Point X="198" Y="370" T="0" />
	<Point X="198" Y="371" T="0" />
	<Point X="197" Y="371" T="0" />
	<Point X="196" Y="371" T="0" />
	<Point X="196" Y="373" T="0" />
	<Point X="195" Y="374" T="0" />
	<Point X="194" Y="374" T="0" />
	<Point X="194" Y="375" T="0" />
	<Point X="194" Y="375" T="0" />
	<Point X="194" Y="375" T="0" />
	<Point X="194" Y="376" T="0" />
	<Point X="194" Y="377" T="0" />
	<Point X="195" Y="379" T="0" />
	<Point X="195" Y="380" T="0" />
	<Point X="195" Y="381" T="0" />
	<Point X="194" Y="384" T="0" />
	<Point X="192" Y="385" T="0" />
	<Point X="191" Y="387" T="0" />
	<Point X="189" Y="388" T="0" />
	<Point X="188" Y="389" T="0" />
	<Point X="186" Y="390" T="0" />
	<Point X="186" Y="390" T="0" />
	<Point X="184" Y="390" T="0" />
	<Point X="184" Y="390" T="0" />
</Gesture>