<?xml version="1.0" encoding="utf-8" standalone="yes"?>
<Gesture Name="star08" NumPts="127">
	<Point X="111" Y="383" T="0" />
	<Point X="112" Y="384" T="0" />
	<Point X="114" Y="384" T="0" />
	<Point X="115" Y="384" T="0" />
	<Point X="118" Y="381" T="0" />
	<Point X="121" Y="378" T="0" />
	<Point X="124" Y="374" T="0" />
	<Point X="128" Y="367" T="0" />
	<Point X="136" Y="353" T="0" />
	<Point X="147" Y="327" T="0" />
	<Point X="155" Y="305" T="0" />
	<Point X="159" Y="288" T="0" />
	<Point X="163" Y="272" T="0" />
	<Point X="167" Y="256" T="0" />
	<Point X="171" Y="242" T="0" />
	<Point X="175" Y="228" T="0" />
	<Point X="181" Y="207" T="0" />
	<Point X="186" Y="191" T="0" />
	<Point X="192" Y="174" T="0" />
	<Point X="198" Y="157" T="0" />
	<Point X="202" Y="145" T="0" />
	<Point X="204" Y="137" T="0" />
	<Point X="205" Y="132" T="0" />
	<Point X="206" Y="128" T="0" />
	<Point X="208" Y="124" T="0" />
	<Point X="208" Y="122" T="0" />
	<Point X="209" Y="121" T="0" />
	<Point X="209" Y="121" T="0" />
	<Point X="210" Y="121" T="0" />
	<Point X="212" Y="127" T="0" />
	<Point X="216" Y="139" T="0" />
	<Point X="220" Y="155" T="0" />
	<Point X="225" Y="174" T="0" />
	<Point X="232" Y="205" T="0" />
	<Point X="237" Y="225" T="0" />
	<Point X="241" Y="242" T="0" />
	<Point X="245" Y="260" T="0" />
	<Point X="249" Y="277" T="0" />
	<Point X="253" Y="292" T="0" />
	<Point X="257" Y="305" T="0" />
	<Point X="262" Y="321" T="0" />
	<Point X="268" Y="342" T="0" />
	<Point X="272" Y="355" T="0" />
	<Point X="275" Y="365" T="0" />
	<Point X="278" Y="372" T="0" />
	<Point X="280" Y="377" T="0" />
	<Point X="282" Y="382" T="0" />
	<Point X="283" Y="385" T="0" />
	<Point X="284" Y="387" T="0" />
	<Point X="285" Y="390" T="0" />
	<Point X="286" Y="394" T="0" />
	<Point X="286" Y="395" T="0" />
	<Point X="286" Y="395" T="0" />
	<Point X="285" Y="395" T="0" />
	<Point X="284" Y="395" T="0" />
	<Point X="280" Y="392" T="0" />
	<Point X="265" Y="378" T="0" />
	<Point X="248" Y="364" T="0" />
	<Point X="230" Y="351" T="0" />
	<Point X="213" Y="338" T="0" />
	<Point X="192" Y="325" T="0" />
	<Point X="172" Y="312" T="0" />
	<Point X="152" Y="299" T="0" />
	<Point X="138" Y="286" T="0" />
	<Point X="123" Y="275" T="0" />
	<Point X="107" Y="262" T="0" />
	<Point X="99" Y="255" T="0" />
	<Point X="92" Y="248" T="0" />
	<Point X="84" Y="240" T="0" />
	<Point X="78" Y="235" T="0" />
	<Point X="75" Y="231" T="0" />
	<Point X="72" Y="229" T="0" />
	<Point X="68" Y="224" T="0" />
	<Point X="65" Y="221" T="0" />
	<Point X="62" Y="219" T="0" />
	<Point X="60" Y="216" T="0" />
	<Point X="59" Y="215" T="0" />
	<Point X="58" Y="215" T="0" />
	<Point X="59" Y="214" T="0" />
	<Point X="60" Y="213" T="0" />
	<Point X="66" Y="210" T="0" />
	<Point X="77" Y="207" T="0" />
	<Point X="93" Y="204" T="0" />
	<Point X="115" Y="203" T="0" />
	<Point X="137" Y="202" T="0" />
	<Point X="164" Y="203" T="0" />
	<Point X="190" Y="207" T="0" />
	<Point X="227" Y="211" T="0" />
	<Point X="244" Y="211" T="0" />
	<Point X="260" Y="213" T="0" />
	<Point X="274" Y="217" T="0" />
	<Point X="290" Y="217" T="0" />
	<Point X="302" Y="217" T="0" />
	<Point X="311" Y="217" T="0" />
	<Point X="317" Y="217" T="0" />
	<Point X="320" Y="217" T="0" />
	<Point X="322" Y="218" T="0" />
	<Point X="324" Y="219" T="0" />
	<Point X="325" Y="220" T="0" />
	<Point X="326" Y="221" T="0" />
	<Point X="326" Y="222" T="0" />
	<Point X="326" Y="225" T="0" />
	<Point X="320" Y="230" T="0" />
	<Point X="311" Y="238" T="0" />
	<Point X="299" Y="246" T="0" />
	<Point X="286" Y="254" T="0" />
	<Point X="271" Y="263" T="0" />
	<Point X="254" Y="275" T="0" />
	<Point X="239" Y="288" T="0" />
	<Point X="225" Y="301" T="0" />
	<Point X="213" Y="312" T="0" />
	<Point X="197" Y="327" T="0" />
	<Point X="188" Y="339" T="0" />
	<Point X="178" Y="350" T="0" />
	<Point X="168" Y="361" T="0" />
	<Point X="161" Y="369" T="0" />
	<Point X="158" Y="373" T="0" />
	<Point X="156" Y="376" T="0" />
	<Point X="151" Y="379" T="0" />
	<Point X="148" Y="381" T="0" />
	<Point X="146" Y="384" T="0" />
	<Point X="143" Y="387" T="0" />
	<Point X="140" Y="390" T="0" />
	<Point X="137" Y="392" T="0" />
	<Point X="134" Y="393" T="0" />
	<Point X="132" Y="394" T="0" />
	<Point X="132" Y="395" T="0" />
</Gesture>