<?xml version="1.0" encoding="utf-8" standalone="yes"?>
<Gesture Name="star09" NumPts="92">
	<Point X="213" Y="400" T="0" />
	<Point X="214" Y="400" T="0" />
	<Point X="216" Y="400" T="0" />
	<Point X="219" Y="399" T="0" />
	<Point X="222" Y="397" T="0" />
	<Point X="226" Y="390" T="0" />
	<Point X="238" Y="370" T="0" />
	<Point X="248" Y="350" T="0" />
	<Point X="258" Y="327" T="0" />
	<Point X="265" Y="305" T="0" />
	<Point X="270" Y="283" T="0" />
	<Point X="275" Y="265" T="0" />
	<Point X="279" Y="251" T="0" />
	<Point X="282" Y="240" T="0" />
	<Point X="288" Y="225" T="0" />
	<Point X="292" Y="216" T="0" />
	<Point X="294" Y="211" T="0" />
	<Point X="294" Y="206" T="0" />
	<Point X="294" Y="204" T="0" />
	<Point X="294" Y="201" T="0" />
	<Point X="294" Y="199" T="0" />
	<Point X="294" Y="196" T="0" />
	<Point X="294" Y="193" T="0" />
	<Point X="296" Y="192" T="0" />
	<Point X="296" Y="191" T="0" />
	<Point X="296" Y="190" T="0" />
	<Point X="297" Y="190" T="0" />
	<Point X="297" Y="191" T="0" />
	<Point X="301" Y="200" T="0" />
	<Point X="307" Y="223" T="0" />
	<Point X="310" Y="240" T="0" />
	<Point X="313" Y="259" T="0" />
	<Point X="317" Y="275" T="0" />
	<Point X="319" Y="291" T="0" />
	<Point X="322" Y="303" T="0" />
	<Point X="324" Y="312" T="0" />
	<Point X="327" Y="318" T="0" />
	<Point X="329" Y="321" T="0" />
	<Point X="330" Y="323" T="0" />
	<Point X="331" Y="326" T="0" />
	<Point X="332" Y="329" T="0" />
	<Point X="332" Y="331" T="0" />
	<Point X="332" Y="334" T="0" />
	<Point X="332" Y="336" T="0" />
	<Point X="332" Y="341" T="0" />
	<Point X="333" Y="346" T="0" />
	<Point X="333" Y="352" T="0" />
	<Point X="332" Y="356" T="0" />
	<Point X="332" Y="359" T="0" />
	<Point X="333" Y="366" T="0" />
	<Point X="336" Y="372" T="0" />
	<Point X="338" Y="375" T="0" />
	<Point X="339" Y="377" T="0" />
	<Point X="340" Y="380" T="0" />
	<Point X="341" Y="380" T="0" />
	<Point X="341" Y="381" T="0" />
	<Point X="341" Y="381" T="0" />
	<Point X="340" Y="381" T="0" />
	<Point X="337" Y="376" T="0" />
	<Point X="331" Y="366" T="0" />
	<Point X="316" Y="347" T="0" />
	<Point X="303" Y="331" T="0" />
	<Point X="289" Y="315" T="0" />
	<Point X="276" Y="299" T="0" />
	<Point X="263" Y="285" T="0" />
	<Point X="251" Y="272" T="0" />
	<Point X="238" Y="262" T="0" />
	<Point X="235" Y="258" T="0" />
	<Point X="230" Y="254" T="0" />
	<Point X="228" Y="252" T="0" />
	<Point X="226" Y="250" T="0" />
	<Point X="225" Y="248" T="0" />
	<Point X="227" Y="248" T="0" />
	<Point X="232" Y="250" T="0" />
	<Point X="240" Y="252" T="0" />
	<Point X="264" Y="259" T="0" />
	<Point X="304" Y="270" T="0" />
	<Point X="387" Y="287" T="0" />
	<Point X="413" Y="292" T="0" />
	<Point X="423" Y="295" T="0" />
	<Point X="424" Y="295" T="0" />
	<Point X="424" Y="295" T="0" />
	<Point X="421" Y="298" T="0" />
	<Point X="403" Y="309" T="0" />
	<Point X="386" Y="317" T="0" />
	<Point X="368" Y="328" T="0" />
	<Point X="349" Y="341" T="0" />
	<Point X="332" Y="349" T="0" />
	<Point X="319" Y="358" T="0" />
	<Point X="307" Y="367" T="0" />
	<Point X="296" Y="374" T="0" />
	<Point X="287" Y="378" T="0" />
</Gesture>