<?xml version="1.0" encoding="utf-8" standalone="yes"?>
<Gesture Name="star06" NumPts="171">
	<Point X="148" Y="358" T="0" />
	<Point X="148" Y="357" T="0" />
	<Point X="148" Y="357" T="0" />
	<Point X="146" Y="356" T="0" />
	<Point X="146" Y="355" T="0" />
	<Point X="146" Y="352" T="0" />
	<Point X="146" Y="349" T="0" />
	<Point X="148" Y="345" T="0" />
	<Point X="151" Y="337" T="0" />
	<Point X="156" Y="329" T="0" />
	<Point X="157" Y="323" T="0" />
	<Point X="158" Y="316" T="0" />
	<Point X="159" Y="306" T="0" />
	<Point X="160" Y="300" T="0" />
	<Point X="162" Y="295" T="0" />
	<Point X="165" Y="289" T="0" />
	<Point X="168" Y="283" T="0" />
	<Point X="172" Y="277" T="0" />
	<Point X="177" Y="264" T="0" />
	<Point X="180" Y="257" T="0" />
	<Point X="183" Y="252" T="0" />
	<Point X="186" Y="244" T="0" />
	<Point X="190" Y="233" T="0" />
	<Point X="194" Y="223" T="0" />
	<Point X="197" Y="211" T="0" />
	<Point X="198" Y="203" T="0" />
	<Point X="199" Y="196" T="0" />
	<Point X="202" Y="190" T="0" />
	<Point X="203" Y="184" T="0" />
	<Point X="204" Y="179" T="0" />
	<Point X="206" Y="174" T="0" />
	<Point X="206" Y="169" T="0" />
	<Point X="208" Y="165" T="0" />
	<Point X="208" Y="161" T="0" />
	<Point X="208" Y="159" T="0" />
	<Point X="208" Y="157" T="0" />
	<Point X="209" Y="158" T="0" />
	<Point X="210" Y="159" T="0" />
	<Point X="211" Y="163" T="0" />
	<Point X="215" Y="175" T="0" />
	<Point X="221" Y="192" T="0" />
	<Point X="224" Y="203" T="0" />
	<Point X="226" Y="213" T="0" />
	<Point X="229" Y="221" T="0" />
	<Point X="230" Y="227" T="0" />
	<Point X="230" Y="234" T="0" />
	<Point X="233" Y="243" T="0" />
	<Point X="235" Y="252" T="0" />
	<Point X="236" Y="257" T="0" />
	<Point X="237" Y="264" T="0" />
	<Point X="238" Y="267" T="0" />
	<Point X="238" Y="273" T="0" />
	<Point X="239" Y="277" T="0" />
	<Point X="239" Y="279" T="0" />
	<Point X="239" Y="282" T="0" />
	<Point X="239" Y="285" T="0" />
	<Point X="239" Y="288" T="0" />
	<Point X="240" Y="293" T="0" />
	<Point X="241" Y="297" T="0" />
	<Point X="242" Y="301" T="0" />
	<Point X="243" Y="305" T="0" />
	<Point X="244" Y="308" T="0" />
	<Point X="244" Y="312" T="0" />
	<Point X="245" Y="315" T="0" />
	<Point X="247" Y="319" T="0" />
	<Point X="248" Y="321" T="0" />
	<Point X="248" Y="324" T="0" />
	<Point X="249" Y="326" T="0" />
	<Point X="250" Y="327" T="0" />
	<Point X="250" Y="327" T="0" />
	<Point X="250" Y="328" T="0" />
	<Point X="250" Y="329" T="0" />
	<Point X="248" Y="327" T="0" />
	<Point X="247" Y="325" T="0" />
	<Point X="244" Y="321" T="0" />
	<Point X="241" Y="318" T="0" />
	<Point X="238" Y="315" T="0" />
	<Point X="234" Y="311" T="0" />
	<Point X="229" Y="304" T="0" />
	<Point X="228" Y="303" T="0" />
	<Point X="222" Y="296" T="0" />
	<Point X="218" Y="291" T="0" />
	<Point X="214" Y="287" T="0" />
	<Point X="209" Y="283" T="0" />
	<Point X="201" Y="277" T="0" />
	<Point X="193" Y="272" T="0" />
	<Point X="183" Y="264" T="0" />
	<Point X="176" Y="259" T="0" />
	<Point X="168" Y="253" T="0" />
	<Point X="164" Y="249" T="0" />
	<Point X="160" Y="245" T="0" />
	<Point X="156" Y="242" T="0" />
	<Point X="151" Y="239" T="0" />
	<Point X="147" Y="236" T="0" />
	<Point X="144" Y="233" T="0" />
	<Point X="141" Y="231" T="0" />
	<Point X="137" Y="226" T="0" />
	<Point X="134" Y="223" T="0" />
	<Point X="132" Y="221" T="0" />
	<Point X="129" Y="218" T="0" />
	<Point X="126" Y="216" T="0" />
	<Point X="123" Y="213" T="0" />
	<Point X="120" Y="211" T="0" />
	<Point X="118" Y="209" T="0" />
	<Point X="116" Y="207" T="0" />
	<Point X="114" Y="206" T="0" />
	<Point X="115" Y="206" T="0" />
	<Point X="117" Y="206" T="0" />
	<Point X="124" Y="207" T="0" />
	<Point X="135" Y="207" T="0" />
	<Point X="144" Y="209" T="0" />
	<Point X="156" Y="210" T="0" />
	<Point X="166" Y="212" T="0" />
	<Point X="174" Y="214" T="0" />
	<Point X="183" Y="215" T="0" />
	<Point X="194" Y="216" T="0" />
	<Point X="210" Y="217" T="0" />
	<Point X="218" Y="217" T="0" />
	<Point X="225" Y="217" T="0" />
	<Point X="230" Y="217" T="0" />
	<Point X="236" Y="219" T="0" />
	<Point X="248" Y="222" T="0" />
	<Point X="260" Y="225" T="0" />
	<Point X="273" Y="227" T="0" />
	<Point X="284" Y="227" T="0" />
	<Point X="286" Y="227" T="0" />
	<Point X="287" Y="227" T="0" />
	<Point X="289" Y="227" T="0" />
	<Point X="292" Y="227" T="0" />
	<Point X="294" Y="227" T="0" />
	<Point X="296" Y="227" T="0" />
	<Point X="295" Y="227" T="0" />
	<Point X="291" Y="231" T="0" />
	<Point X="282" Y="236" T="0" />
	<Point X="270" Y="240" T="0" />
	<Point X="258" Y="244" T="0" />
	<Point X="249" Y="248" T="0" />
	<Point X="241" Y="253" T="0" />
	<Point X="232" Y="258" T="0" />
	<Point X="224" Y="264" T="0" />
	<Point X="216" Y="271" T="0" />
	<Point X="213" Y="275" T="0" />
	<Point X="210" Y="280" T="0" />
	<Point X="207" Y="283" T="0" />
	<Point X="205" Y="285" T="0" />
	<Point X="204" Y="289" T="0" />
	<Point X="202" Y="292" T="0" />
	<Point X="202" Y="295" T="0" />
	<Point X="198" Y="299" T="0" />
	<Point X="196" Y="302" T="0" />
	<Point X="194" Y="305" T="0" />
	<Point X="192" Y="308" T="0" />
	<Point X="190" Y="311" T="0" />
	<Point X="188" Y="313" T="0" />
	<Point X="186" Y="316" T="0" />
	<Point X="183" Y="319" T="0" />
	<Point X="178" Y="323" T="0" />
	<Point X="176" Y="326" T="0" />
	<Point X="173" Y="329" T="0" />
	<Point X="170" Y="331" T="0" />
	<Point X="168" Y="333" T="0" />
	<Point X="166" Y="334" T="0" />
	<Point X="165" Y="335" T="0" />
	<Point X="163" Y="336" T="0" />
	<Point X="161" Y="338" T="0" />
	<Point X="160" Y="339" T="0" />
	<Point X="159" Y="340" T="0" />
	<Point X="159" Y="341" T="0" />
	<Point X="159" Y="342" T="0" />
	<Point X="159" Y="343" T="0" />
	<Point X="162" Y="346" T="0" />
</Gesture>