<?xml version="1.0" encoding="utf-8" standalone="yes"?>
<Gesture Name="star03" NumPts="144">
	<Point X="166" Y="410" T="0" />
	<Point X="166" Y="408" T="0" />
	<Point X="168" Y="407" T="0" />
	<Point X="169" Y="405" T="0" />
	<Point X="174" Y="393" T="0" />
	<Point X="179" Y="381" T="0" />
	<Point X="184" Y="370" T="0" />
	<Point X="189" Y="357" T="0" />
	<Point X="194" Y="343" T="0" />
	<Point X="200" Y="327" T="0" />
	<Point X="207" Y="300" T="0" />
	<Point X="211" Y="284" T="0" />
	<Point X="215" Y="269" T="0" />
	<Point X="218" Y="253" T="0" />
	<Point X="221" Y="236" T="0" />
	<Point X="225" Y="218" T="0" />
	<Point X="230" Y="201" T="0" />
	<Point X="232" Y="185" T="0" />
	<Point X="234" Y="174" T="0" />
	<Point X="235" Y="164" T="0" />
	<Point X="235" Y="161" T="0" />
	<Point X="236" Y="158" T="0" />
	<Point X="236" Y="156" T="0" />
	<Point X="236" Y="155" T="0" />
	<Point X="236" Y="155" T="0" />
	<Point X="238" Y="157" T="0" />
	<Point X="243" Y="167" T="0" />
	<Point X="252" Y="182" T="0" />
	<Point X="262" Y="199" T="0" />
	<Point X="272" Y="217" T="0" />
	<Point X="284" Y="235" T="0" />
	<Point X="293" Y="252" T="0" />
	<Point X="301" Y="270" T="0" />
	<Point X="307" Y="293" T="0" />
	<Point X="310" Y="309" T="0" />
	<Point X="313" Y="319" T="0" />
	<Point X="316" Y="329" T="0" />
	<Point X="317" Y="339" T="0" />
	<Point X="321" Y="351" T="0" />
	<Point X="324" Y="357" T="0" />
	<Point X="324" Y="366" T="0" />
	<Point X="325" Y="371" T="0" />
	<Point X="325" Y="373" T="0" />
	<Point X="325" Y="377" T="0" />
	<Point X="325" Y="379" T="0" />
	<Point X="325" Y="382" T="0" />
	<Point X="325" Y="385" T="0" />
	<Point X="325" Y="389" T="0" />
	<Point X="325" Y="391" T="0" />
	<Point X="326" Y="394" T="0" />
	<Point X="324" Y="393" T="0" />
	<Point X="322" Y="391" T="0" />
	<Point X="315" Y="384" T="0" />
	<Point X="296" Y="373" T="0" />
	<Point X="281" Y="359" T="0" />
	<Point X="263" Y="345" T="0" />
	<Point X="248" Y="333" T="0" />
	<Point X="236" Y="323" T="0" />
	<Point X="225" Y="312" T="0" />
	<Point X="217" Y="306" T="0" />
	<Point X="210" Y="298" T="0" />
	<Point X="208" Y="294" T="0" />
	<Point X="205" Y="291" T="0" />
	<Point X="202" Y="288" T="0" />
	<Point X="199" Y="285" T="0" />
	<Point X="196" Y="283" T="0" />
	<Point X="193" Y="280" T="0" />
	<Point X="190" Y="277" T="0" />
	<Point X="188" Y="274" T="0" />
	<Point X="183" Y="270" T="0" />
	<Point X="180" Y="267" T="0" />
	<Point X="178" Y="264" T="0" />
	<Point X="175" Y="261" T="0" />
	<Point X="172" Y="259" T="0" />
	<Point X="169" Y="255" T="0" />
	<Point X="166" Y="253" T="0" />
	<Point X="164" Y="250" T="0" />
	<Point X="160" Y="247" T="0" />
	<Point X="156" Y="243" T="0" />
	<Point X="154" Y="240" T="0" />
	<Point X="150" Y="237" T="0" />
	<Point X="148" Y="234" T="0" />
	<Point X="145" Y="231" T="0" />
	<Point X="142" Y="229" T="0" />
	<Point X="140" Y="228" T="0" />
	<Point X="139" Y="227" T="0" />
	<Point X="138" Y="227" T="0" />
	<Point X="140" Y="227" T="0" />
	<Point X="145" Y="227" T="0" />
	<Point X="152" Y="227" T="0" />
	<Point X="163" Y="227" T="0" />
	<Point X="185" Y="232" T="0" />
	<Point X="202" Y="236" T="0" />
	<Point X="217" Y="240" T="0" />
	<Point X="232" Y="244" T="0" />
	<Point X="248" Y="247" T="0" />
	<Point X="264" Y="250" T="0" />
	<Point X="280" Y="250" T="0" />
	<Point X="292" Y="250" T="0" />
	<Point X="306" Y="252" T="0" />
	<Point X="309" Y="253" T="0" />
	<Point X="312" Y="253" T="0" />
	<Point X="314" Y="253" T="0" />
	<Point X="317" Y="253" T="0" />
	<Point X="321" Y="253" T="0" />
	<Point X="324" Y="253" T="0" />
	<Point X="331" Y="253" T="0" />
	<Point X="334" Y="252" T="0" />
	<Point X="337" Y="252" T="0" />
	<Point X="340" Y="252" T="0" />
	<Point X="342" Y="252" T="0" />
	<Point X="343" Y="252" T="0" />
	<Point X="342" Y="253" T="0" />
	<Point X="340" Y="256" T="0" />
	<Point X="332" Y="267" T="0" />
	<Point X="323" Y="274" T="0" />
	<Point X="310" Y="283" T="0" />
	<Point X="298" Y="290" T="0" />
	<Point X="288" Y="296" T="0" />
	<Point X="276" Y="301" T="0" />
	<Point X="266" Y="308" T="0" />
	<Point X="258" Y="317" T="0" />
	<Point X="245" Y="332" T="0" />
	<Point X="240" Y="338" T="0" />
	<Point X="236" Y="343" T="0" />
	<Point X="232" Y="349" T="0" />
	<Point X="226" Y="356" T="0" />
	<Point X="220" Y="362" T="0" />
	<Point X="214" Y="368" T="0" />
	<Point X="207" Y="374" T="0" />
	<Point X="203" Y="379" T="0" />
	<Point X="200" Y="382" T="0" />
	<Point X="197" Y="386" T="0" />
	<Point X="195" Y="389" T="0" />
	<Point X="194" Y="391" T="0" />
	<Point X="192" Y="394" T="0" />
	<Point X="191" Y="397" T="0" />
	<Point X="190" Y="398" T="0" />
	<Point X="188" Y="401" T="0" />
	<Point X="187" Y="402" T="0" />
	<Point X="184" Y="404" T="0" />
	<Point X="181" Y="405" T="0" />
	<Point X="179" Y="406" T="0" />
	<Point X="177" Y="406" T="0" />
</Gesture>