<?xml version="1.0" encoding="utf-8" standalone="yes"?>
<Gesture Name="triangle01" NumPts="71">
	<Point X="244" Y="166" T="0" />
	<Point X="244" Y="167" T="0" />
	<Point X="244" Y="180" T="0" />
	<Point X="242" Y="194" T="0" />
	<Point X="238" Y="209" T="0" />
	<Point X="234" Y="222" T="0" />
	<Point X="231" Y="233" T="0" />
	<Point X="220" Y="252" T="0" />
	<Point X="212" Y="265" T="0" />
	<Point X="206" Y="277" T="0" />
	<Point X="196" Y="288" T="0" />
	<Point X="190" Y="294" T="0" />
	<Point X="188" Y="297" T="0" />
	<Point X="185" Y="300" T="0" />
	<Point X="182" Y="303" T="0" />
	<Point X="179" Y="306" T="0" />
	<Point X="176" Y="309" T="0" />
	<Point X="172" Y="315" T="0" />
	<Point X="169" Y="318" T="0" />
	<Point X="168" Y="321" T="0" />
	<Point X="167" Y="323" T="0" />
	<Point X="167" Y="324" T="0" />
	<Point X="168" Y="324" T="0" />
	<Point X="171" Y="324" T="0" />
	<Point X="182" Y="326" T="0" />
	<Point X="196" Y="328" T="0" />
	<Point X="212" Y="328" T="0" />
	<Point X="232" Y="329" T="0" />
	<Point X="252" Y="332" T="0" />
	<Point X="282" Y="338" T="0" />
	<Point X="302" Y="343" T="0" />
	<Point X="317" Y="347" T="0" />
	<Point X="330" Y="351" T="0" />
	<Point X="341" Y="354" T="0" />
	<Point X="347" Y="355" T="0" />
	<Point X="351" Y="356" T="0" />
	<Point X="352" Y="356" T="0" />
	<Point X="354" Y="356" T="0" />
	<Point X="354" Y="355" T="0" />
	<Point X="354" Y="353" T="0" />
	<Point X="353" Y="350" T="0" />
	<Point X="350" Y="341" T="0" />
	<Point X="346" Y="329" T="0" />
	<Point X="340" Y="315" T="0" />
	<Point X="333" Y="295" T="0" />
	<Point X="328" Y="284" T="0" />
	<Point X="324" Y="273" T="0" />
	<Point X="319" Y="264" T="0" />
	<Point X="315" Y="257" T="0" />
	<Point X="312" Y="252" T="0" />
	<Point X="309" Y="249" T="0" />
	<Point X="306" Y="244" T="0" />
	<Point X="303" Y="240" T="0" />
	<Point X="298" Y="233" T="0" />
	<Point X="295" Y="228" T="0" />
	<Point X="292" Y="225" T="0" />
	<Point X="289" Y="220" T="0" />
	<Point X="286" Y="217" T="0" />
	<Point X="283" Y="212" T="0" />
	<Point X="280" Y="208" T="0" />
	<Point X="277" Y="205" T="0" />
	<Point X="272" Y="200" T="0" />
	<Point X="269" Y="196" T="0" />
	<Point X="266" Y="192" T="0" />
	<Point X="263" Y="188" T="0" />
	<Point X="260" Y="185" T="0" />
	<Point X="258" Y="182" T="0" />
	<Point X="256" Y="179" T="0" />
	<Point X="254" Y="175" T="0" />
	<Point X="252" Y="174" T="0" />
	<Point X="251" Y="173" T="0" />
</Gesture>