<?xml version="1.0" encoding="utf-8" standalone="yes"?>
<Gesture Name="triangle09" NumPts="69">
	<Point X="223" Y="143" T="0" />
	<Point X="223" Y="143" T="0" />
	<Point X="223" Y="144" T="0" />
	<Point X="222" Y="144" T="0" />
	<Point X="222" Y="145" T="0" />
	<Point X="221" Y="146" T="0" />
	<Point X="217" Y="157" T="0" />
	<Point X="209" Y="174" T="0" />
	<Point X="201" Y="191" T="0" />
	<Point X="190" Y="208" T="0" />
	<Point X="172" Y="226" T="0" />
	<Point X="154" Y="241" T="0" />
	<Point X="137" Y="254" T="0" />
	<Point X="121" Y="267" T="0" />
	<Point X="105" Y="279" T="0" />
	<Point X="102" Y="281" T="0" />
	<Point X="100" Y="284" T="0" />
	<Point X="100" Y="287" T="0" />
	<Point X="100" Y="289" T="0" />
	<Point X="100" Y="290" T="0" />
	<Point X="100" Y="290" T="0" />
	<Point X="100" Y="291" T="0" />
	<Point X="100" Y="291" T="0" />
	<Point X="103" Y="292" T="0" />
	<Point X="120" Y="295" T="0" />
	<Point X="150" Y="301" T="0" />
	<Point X="193" Y="305" T="0" />
	<Point X="245" Y="305" T="0" />
	<Point X="288" Y="308" T="0" />
	<Point X="306" Y="309" T="0" />
	<Point X="318" Y="309" T="0" />
	<Point X="326" Y="309" T="0" />
	<Point X="329" Y="309" T="0" />
	<Point X="332" Y="309" T="0" />
	<Point X="335" Y="307" T="0" />
	<Point X="339" Y="305" T="0" />
	<Point X="345" Y="301" T="0" />
	<Point X="348" Y="299" T="0" />
	<Point X="349" Y="298" T="0" />
	<Point X="350" Y="297" T="0" />
	<Point X="350" Y="296" T="0" />
	<Point X="350" Y="293" T="0" />
	<Point X="350" Y="291" T="0" />
	<Point X="347" Y="277" T="0" />
	<Point X="343" Y="263" T="0" />
	<Point X="336" Y="249" T="0" />
	<Point X="323" Y="233" T="0" />
	<Point X="310" Y="214" T="0" />
	<Point X="299" Y="200" T="0" />
	<Point X="289" Y="189" T="0" />
	<Point X="282" Y="179" T="0" />
	<Point X="278" Y="172" T="0" />
	<Point X="276" Y="171" T="0" />
	<Point X="274" Y="167" T="0" />
	<Point X="271" Y="165" T="0" />
	<Point X="270" Y="162" T="0" />
	<Point X="268" Y="160" T="0" />
	<Point X="266" Y="159" T="0" />
	<Point X="264" Y="157" T="0" />
	<Point X="262" Y="154" T="0" />
	<Point X="258" Y="150" T="0" />
	<Point X="254" Y="147" T="0" />
	<Point X="251" Y="145" T="0" />
	<Point X="248" Y="143" T="0" />
	<Point X="247" Y="143" T="0" />
	<Point X="246" Y="143" T="0" />
	<Point X="244" Y="141" T="0" />
	<Point X="242" Y="141" T="0" />
	<Point X="242" Y="140" T="0" />
</Gesture>