<?xml version="1.0" encoding="utf-8" standalone="yes"?>
<Gesture Name="triangle08" NumPts="75">
	<Point X="232" Y="182" T="0" />
	<Point X="232" Y="183" T="0" />
	<Point X="230" Y="183" T="0" />
	<Point X="227" Y="184" T="0" />
	<Point X="220" Y="188" T="0" />
	<Point X="210" Y="191" T="0" />
	<Point X="198" Y="196" T="0" />
	<Point X="185" Y="203" T="0" />
	<Point X="168" Y="214" T="0" />
	<Point X="150" Y="224" T="0" />
	<Point X="131" Y="233" T="0" />
	<Point X="114" Y="239" T="0" />
	<Point X="98" Y="245" T="0" />
	<Point X="78" Y="251" T="0" />
	<Point X="60" Y="254" T="0" />
	<Point X="43" Y="258" T="0" />
	<Point X="27" Y="261" T="0" />
	<Point X="14" Y="265" T="0" />
	<Point X="5" Y="267" T="0" />
	<Point X="1" Y="269" T="0" />
	<Point X="-2" Y="269" T="0" />
	<Point X="-2" Y="269" T="0" />
	<Point X="-2" Y="270" T="0" />
	<Point X="-1" Y="270" T="0" />
	<Point X="3" Y="271" T="0" />
	<Point X="18" Y="274" T="0" />
	<Point X="44" Y="279" T="0" />
	<Point X="72" Y="282" T="0" />
	<Point X="98" Y="284" T="0" />
	<Point X="120" Y="285" T="0" />
	<Point X="154" Y="283" T="0" />
	<Point X="174" Y="280" T="0" />
	<Point X="188" Y="278" T="0" />
	<Point X="198" Y="277" T="0" />
	<Point X="210" Y="277" T="0" />
	<Point X="220" Y="277" T="0" />
	<Point X="230" Y="279" T="0" />
	<Point X="232" Y="279" T="0" />
	<Point X="234" Y="279" T="0" />
	<Point X="236" Y="279" T="0" />
	<Point X="236" Y="279" T="0" />
	<Point X="237" Y="279" T="0" />
	<Point X="238" Y="278" T="0" />
	<Point X="239" Y="277" T="0" />
	<Point X="239" Y="275" T="0" />
	<Point X="239" Y="273" T="0" />
	<Point X="239" Y="271" T="0" />
	<Point X="239" Y="269" T="0" />
	<Point X="239" Y="266" T="0" />
	<Point X="239" Y="264" T="0" />
	<Point X="239" Y="261" T="0" />
	<Point X="239" Y="258" T="0" />
	<Point X="239" Y="254" T="0" />
	<Point X="239" Y="249" T="0" />
	<Point X="238" Y="243" T="0" />
	<Point X="237" Y="237" T="0" />
	<Point X="234" Y="233" T="0" />
	<Point X="232" Y="229" T="0" />
	<Point X="230" Y="226" T="0" />
	<Point X="228" Y="222" T="0" />
	<Point X="227" Y="219" T="0" />
	<Point X="224" Y="215" T="0" />
	<Point X="223" Y="213" T="0" />
	<Point X="222" Y="210" T="0" />
	<Point X="221" Y="207" T="0" />
	<Point X="220" Y="205" T="0" />
	<Point X="220" Y="202" T="0" />
	<Point X="219" Y="199" T="0" />
	<Point X="218" Y="197" T="0" />
	<Point X="218" Y="193" T="0" />
	<Point X="217" Y="190" T="0" />
	<Point X="216" Y="187" T="0" />
	<Point X="216" Y="186" T="0" />
	<Point X="215" Y="185" T="0" />
	<Point X="215" Y="183" T="0" />
</Gesture>