<?xml version="1.0" encoding="utf-8" standalone="yes"?>
<Gesture Name="triangle03" NumPts="77">
	<Point X="238" Y="171" T="0" />
	<Point X="238" Y="171" T="0" />
	<Point X="238" Y="171" T="0" />
	<Point X="237" Y="173" T="0" />
	<Point X="233" Y="177" T="0" />
	<Point X="227" Y="180" T="0" />
	<Point X="222" Y="183" T="0" />
	<Point X="218" Y="186" T="0" />
	<Point X="213" Y="189" T="0" />
	<Point X="207" Y="192" T="0" />
	<Point X="204" Y="195" T="0" />
	<Point X="197" Y="199" T="0" />
	<Point X="194" Y="202" T="0" />
	<Point X="190" Y="206" T="0" />
	<Point X="187" Y="209" T="0" />
	<Point X="182" Y="212" T="0" />
	<Point X="175" Y="215" T="0" />
	<Point X="166" Y="219" T="0" />
	<Point X="157" Y="223" T="0" />
	<Point X="150" Y="226" T="0" />
	<Point X="142" Y="231" T="0" />
	<Point X="138" Y="233" T="0" />
	<Point X="135" Y="236" T="0" />
	<Point X="131" Y="239" T="0" />
	<Point X="124" Y="243" T="0" />
	<Point X="116" Y="246" T="0" />
	<Point X="111" Y="252" T="0" />
	<Point X="108" Y="257" T="0" />
	<Point X="104" Y="261" T="0" />
	<Point X="103" Y="263" T="0" />
	<Point X="102" Y="264" T="0" />
	<Point X="104" Y="265" T="0" />
	<Point X="105" Y="265" T="0" />
	<Point X="108" Y="265" T="0" />
	<Point X="124" Y="266" T="0" />
	<Point X="142" Y="267" T="0" />
	<Point X="162" Y="271" T="0" />
	<Point X="189" Y="275" T="0" />
	<Point X="213" Y="277" T="0" />
	<Point X="238" Y="279" T="0" />
	<Point X="272" Y="284" T="0" />
	<Point X="291" Y="285" T="0" />
	<Point X="307" Y="283" T="0" />
	<Point X="322" Y="282" T="0" />
	<Point X="333" Y="282" T="0" />
	<Point X="342" Y="282" T="0" />
	<Point X="351" Y="281" T="0" />
	<Point X="355" Y="281" T="0" />
	<Point X="358" Y="281" T="0" />
	<Point X="361" Y="280" T="0" />
	<Point X="363" Y="279" T="0" />
	<Point X="363" Y="279" T="0" />
	<Point X="364" Y="279" T="0" />
	<Point X="364" Y="277" T="0" />
	<Point X="364" Y="276" T="0" />
	<Point X="365" Y="273" T="0" />
	<Point X="364" Y="270" T="0" />
	<Point X="362" Y="267" T="0" />
	<Point X="359" Y="261" T="0" />
	<Point X="352" Y="252" T="0" />
	<Point X="342" Y="241" T="0" />
	<Point X="324" Y="228" T="0" />
	<Point X="311" Y="217" T="0" />
	<Point X="296" Y="207" T="0" />
	<Point X="281" Y="198" T="0" />
	<Point X="270" Y="191" T="0" />
	<Point X="259" Y="186" T="0" />
	<Point X="253" Y="182" T="0" />
	<Point X="250" Y="179" T="0" />
	<Point X="247" Y="176" T="0" />
	<Point X="242" Y="172" T="0" />
	<Point X="239" Y="169" T="0" />
	<Point X="236" Y="166" T="0" />
	<Point X="233" Y="163" T="0" />
	<Point X="230" Y="162" T="0" />
	<Point X="229" Y="160" T="0" />
	<Point X="227" Y="159" T="0" />
</Gesture>