<?xml version="1.0" encoding="utf-8" standalone="yes"?>
<Gesture Name="triangle05" NumPts="73">
	<Point X="237" Y="113" T="0" />
	<Point X="237" Y="115" T="0" />
	<Point X="236" Y="119" T="0" />
	<Point X="232" Y="123" T="0" />
	<Point X="230" Y="127" T="0" />
	<Point X="227" Y="133" T="0" />
	<Point X="222" Y="139" T="0" />
	<Point X="211" Y="151" T="0" />
	<Point X="196" Y="162" T="0" />
	<Point X="182" Y="171" T="0" />
	<Point X="170" Y="182" T="0" />
	<Point X="158" Y="193" T="0" />
	<Point X="145" Y="210" T="0" />
	<Point X="138" Y="219" T="0" />
	<Point X="130" Y="224" T="0" />
	<Point X="123" Y="231" T="0" />
	<Point X="120" Y="235" T="0" />
	<Point X="117" Y="242" T="0" />
	<Point X="114" Y="251" T="0" />
	<Point X="112" Y="262" T="0" />
	<Point X="108" Y="269" T="0" />
	<Point X="107" Y="273" T="0" />
	<Point X="106" Y="274" T="0" />
	<Point X="106" Y="275" T="0" />
	<Point X="107" Y="275" T="0" />
	<Point X="109" Y="275" T="0" />
	<Point X="118" Y="275" T="0" />
	<Point X="139" Y="274" T="0" />
	<Point X="158" Y="274" T="0" />
	<Point X="182" Y="277" T="0" />
	<Point X="208" Y="279" T="0" />
	<Point X="235" Y="281" T="0" />
	<Point X="262" Y="284" T="0" />
	<Point X="288" Y="288" T="0" />
	<Point X="315" Y="293" T="0" />
	<Point X="342" Y="296" T="0" />
	<Point X="378" Y="294" T="0" />
	<Point X="392" Y="291" T="0" />
	<Point X="394" Y="289" T="0" />
	<Point X="396" Y="288" T="0" />
	<Point X="396" Y="287" T="0" />
	<Point X="396" Y="286" T="0" />
	<Point X="397" Y="285" T="0" />
	<Point X="397" Y="285" T="0" />
	<Point X="397" Y="283" T="0" />
	<Point X="397" Y="282" T="0" />
	<Point X="397" Y="279" T="0" />
	<Point X="394" Y="275" T="0" />
	<Point X="391" Y="267" T="0" />
	<Point X="385" Y="257" T="0" />
	<Point X="380" Y="245" T="0" />
	<Point X="370" Y="227" T="0" />
	<Point X="359" Y="215" T="0" />
	<Point X="348" Y="202" T="0" />
	<Point X="336" Y="192" T="0" />
	<Point X="324" Y="183" T="0" />
	<Point X="316" Y="176" T="0" />
	<Point X="312" Y="170" T="0" />
	<Point X="306" Y="165" T="0" />
	<Point X="302" Y="162" T="0" />
	<Point X="299" Y="159" T="0" />
	<Point X="294" Y="155" T="0" />
	<Point X="290" Y="151" T="0" />
	<Point X="286" Y="147" T="0" />
	<Point X="281" Y="143" T="0" />
	<Point X="278" Y="141" T="0" />
	<Point X="275" Y="138" T="0" />
	<Point X="270" Y="133" T="0" />
	<Point X="268" Y="131" T="0" />
	<Point X="265" Y="129" T="0" />
	<Point X="264" Y="128" T="0" />
	<Point X="262" Y="128" T="0" />
	<Point X="261" Y="128" T="0" />
</Gesture>