<?xml version="1.0" encoding="utf-8" standalone="yes"?>
<Gesture Name="v01" NumPts="58">
	<Point X="102" Y="144" T="0" />
	<Point X="102" Y="144" T="0" />
	<Point X="103" Y="145" T="0" />
	<Point X="104" Y="145" T="0" />
	<Point X="105" Y="148" T="0" />
	<Point X="107" Y="152" T="0" />
	<Point X="110" Y="156" T="0" />
	<Point X="114" Y="165" T="0" />
	<Point X="116" Y="174" T="0" />
	<Point X="119" Y="181" T="0" />
	<Point X="121" Y="190" T="0" />
	<Point X="125" Y="199" T="0" />
	<Point X="128" Y="206" T="0" />
	<Point X="133" Y="217" T="0" />
	<Point X="137" Y="225" T="0" />
	<Point X="140" Y="232" T="0" />
	<Point X="142" Y="237" T="0" />
	<Point X="146" Y="242" T="0" />
	<Point X="148" Y="246" T="0" />
	<Point X="152" Y="252" T="0" />
	<Point X="155" Y="256" T="0" />
	<Point X="158" Y="262" T="0" />
	<Point X="162" Y="270" T="0" />
	<Point X="165" Y="274" T="0" />
	<Point X="168" Y="279" T="0" />
	<Point X="171" Y="283" T="0" />
	<Point X="172" Y="286" T="0" />
	<Point X="175" Y="289" T="0" />
	<Point X="176" Y="291" T="0" />
	<Point X="180" Y="296" T="0" />
	<Point X="181" Y="298" T="0" />
	<Point X="182" Y="299" T="0" />
	<Point X="182" Y="300" T="0" />
	<Point X="183" Y="302" T="0" />
	<Point X="183" Y="302" T="0" />
	<Point X="183" Y="303" T="0" />
	<Point X="184" Y="302" T="0" />
	<Point X="184" Y="302" T="0" />
	<Point X="187" Y="297" T="0" />
	<Point X="190" Y="289" T="0" />
	<Point X="194" Y="278" T="0" />
	<Point X="198" Y="265" T="0" />
	<Point X="201" Y="248" T="0" />
	<Point X="205" Y="236" T="0" />
	<Point X="209" Y="224" T="0" />
	<Point X="214" Y="212" T="0" />
	<Point X="217" Y="206" T="0" />
	<Point X="220" Y="202" T="0" />
	<Point X="223" Y="197" T="0" />
	<Point X="226" Y="192" T="0" />
	<Point X="230" Y="184" T="0" />
	<Point X="233" Y="175" T="0" />
	<Point X="238" Y="167" T="0" />
	<Point X="241" Y="165" T="0" />
	<Point X="242" Y="161" T="0" />
	<Point X="243" Y="159" T="0" />
	<Point X="243" Y="158" T="0" />
	<Point X="243" Y="158" T="0" />
</Gesture>