<?xml version="1.0" encoding="utf-8" standalone="yes"?>
<Gesture Name="v02" NumPts="40">
	<Point X="156" Y="172" T="0" />
	<Point X="157" Y="172" T="0" />
	<Point X="159" Y="175" T="0" />
	<Point X="162" Y="179" T="0" />
	<Point X="166" Y="185" T="0" />
	<Point X="170" Y="191" T="0" />
	<Point X="175" Y="200" T="0" />
	<Point X="181" Y="210" T="0" />
	<Point X="187" Y="221" T="0" />
	<Point X="197" Y="244" T="0" />
	<Point X="208" Y="261" T="0" />
	<Point X="214" Y="277" T="0" />
	<Point X="218" Y="289" T="0" />
	<Point X="222" Y="300" T="0" />
	<Point X="226" Y="311" T="0" />
	<Point X="229" Y="322" T="0" />
	<Point X="233" Y="331" T="0" />
	<Point X="236" Y="337" T="0" />
	<Point X="241" Y="346" T="0" />
	<Point X="244" Y="351" T="0" />
	<Point X="246" Y="354" T="0" />
	<Point X="248" Y="357" T="0" />
	<Point X="248" Y="357" T="0" />
	<Point X="248" Y="358" T="0" />
	<Point X="248" Y="358" T="0" />
	<Point X="250" Y="353" T="0" />
	<Point X="252" Y="346" T="0" />
	<Point X="256" Y="331" T="0" />
	<Point X="265" Y="314" T="0" />
	<Point X="272" Y="297" T="0" />
	<Point X="282" Y="272" T="0" />
	<Point X="289" Y="256" T="0" />
	<Point X="296" Y="242" T="0" />
	<Point X="304" Y="230" T="0" />
	<Point X="309" Y="223" T="0" />
	<Point X="312" Y="219" T="0" />
	<Point X="315" Y="216" T="0" />
	<Point X="317" Y="214" T="0" />
	<Point X="318" Y="214" T="0" />
	<Point X="318" Y="213" T="0" />
</Gesture>