<?xml version="1.0" encoding="utf-8" standalone="yes"?>
<Gesture Name="v03" NumPts="49">
	<Point X="127" Y="181" T="0" />
	<Point X="128" Y="182" T="0" />
	<Point X="130" Y="186" T="0" />
	<Point X="133" Y="190" T="0" />
	<Point X="136" Y="196" T="0" />
	<Point X="140" Y="207" T="0" />
	<Point X="145" Y="219" T="0" />
	<Point X="151" Y="233" T="0" />
	<Point X="157" Y="244" T="0" />
	<Point X="164" Y="262" T="0" />
	<Point X="168" Y="273" T="0" />
	<Point X="172" Y="285" T="0" />
	<Point X="175" Y="295" T="0" />
	<Point X="179" Y="305" T="0" />
	<Point X="183" Y="317" T="0" />
	<Point X="188" Y="329" T="0" />
	<Point X="196" Y="346" T="0" />
	<Point X="201" Y="354" T="0" />
	<Point X="203" Y="358" T="0" />
	<Point X="204" Y="361" T="0" />
	<Point X="205" Y="362" T="0" />
	<Point X="206" Y="363" T="0" />
	<Point X="206" Y="365" T="0" />
	<Point X="206" Y="365" T="0" />
	<Point X="206" Y="364" T="0" />
	<Point X="208" Y="362" T="0" />
	<Point X="209" Y="358" T="0" />
	<Point X="211" Y="355" T="0" />
	<Point X="214" Y="351" T="0" />
	<Point X="218" Y="341" T="0" />
	<Point X="222" Y="330" T="0" />
	<Point X="226" Y="319" T="0" />
	<Point X="231" Y="307" T="0" />
	<Point X="238" Y="289" T="0" />
	<Point X="244" Y="274" T="0" />
	<Point X="250" Y="261" T="0" />
	<Point X="257" Y="243" T="0" />
	<Point X="261" Y="232" T="0" />
	<Point X="266" Y="220" T="0" />
	<Point X="270" Y="209" T="0" />
	<Point X="273" Y="199" T="0" />
	<Point X="276" Y="190" T="0" />
	<Point X="280" Y="182" T="0" />
	<Point X="284" Y="175" T="0" />
	<Point X="286" Y="171" T="0" />
	<Point X="289" Y="169" T="0" />
	<Point X="289" Y="167" T="0" />
	<Point X="290" Y="164" T="0" />
	<Point X="291" Y="163" T="0" />
</Gesture>