<?xml version="1.0" encoding="utf-8" standalone="yes"?>
<Gesture Name="v05" NumPts="27">
	<Point X="166" Y="206" T="0" />
	<Point X="166" Y="208" T="0" />
	<Point X="168" Y="211" T="0" />
	<Point X="172" Y="222" T="0" />
	<Point X="176" Y="237" T="0" />
	<Point X="184" Y="257" T="0" />
	<Point X="191" Y="283" T="0" />
	<Point X="198" Y="308" T="0" />
	<Point X="211" Y="344" T="0" />
	<Point X="217" Y="363" T="0" />
	<Point X="221" Y="376" T="0" />
	<Point X="224" Y="385" T="0" />
	<Point X="225" Y="387" T="0" />
	<Point X="225" Y="388" T="0" />
	<Point X="226" Y="382" T="0" />
	<Point X="228" Y="370" T="0" />
	<Point X="232" Y="354" T="0" />
	<Point X="239" Y="332" T="0" />
	<Point X="254" Y="295" T="0" />
	<Point X="272" Y="248" T="0" />
	<Point X="298" Y="201" T="0" />
	<Point X="320" Y="169" T="0" />
	<Point X="333" Y="153" T="0" />
	<Point X="344" Y="143" T="0" />
	<Point X="346" Y="140" T="0" />
	<Point X="348" Y="137" T="0" />
	<Point X="350" Y="137" T="0" />
</Gesture>