<?xml version="1.0" encoding="utf-8" standalone="yes"?>
<Gesture Name="v06" NumPts="28">
	<Point X="154" Y="218" T="0" />
	<Point X="154" Y="218" T="0" />
	<Point X="156" Y="219" T="0" />
	<Point X="159" Y="222" T="0" />
	<Point X="163" Y="227" T="0" />
	<Point X="172" Y="238" T="0" />
	<Point X="181" Y="251" T="0" />
	<Point X="192" Y="267" T="0" />
	<Point X="203" Y="281" T="0" />
	<Point X="214" Y="296" T="0" />
	<Point X="229" Y="322" T="0" />
	<Point X="234" Y="337" T="0" />
	<Point X="238" Y="350" T="0" />
	<Point X="241" Y="359" T="0" />
	<Point X="243" Y="363" T="0" />
	<Point X="244" Y="365" T="0" />
	<Point X="245" Y="365" T="0" />
	<Point X="245" Y="365" T="0" />
	<Point X="250" Y="357" T="0" />
	<Point X="257" Y="344" T="0" />
	<Point X="266" Y="329" T="0" />
	<Point X="280" Y="309" T="0" />
	<Point X="295" Y="290" T="0" />
	<Point X="303" Y="274" T="0" />
	<Point X="310" Y="261" T="0" />
	<Point X="316" Y="249" T="0" />
	<Point X="319" Y="246" T="0" />
	<Point X="320" Y="243" T="0" />
</Gesture>