<?xml version="1.0" encoding="utf-8" standalone="yes"?>
<Gesture Name="v07" NumPts="26">
	<Point X="131" Y="160" T="0" />
	<Point X="132" Y="161" T="0" />
	<Point X="133" Y="162" T="0" />
	<Point X="137" Y="169" T="0" />
	<Point X="142" Y="181" T="0" />
	<Point X="147" Y="192" T="0" />
	<Point X="159" Y="222" T="0" />
	<Point X="164" Y="231" T="0" />
	<Point X="170" Y="243" T="0" />
	<Point X="176" Y="257" T="0" />
	<Point X="179" Y="267" T="0" />
	<Point X="182" Y="272" T="0" />
	<Point X="184" Y="274" T="0" />
	<Point X="185" Y="277" T="0" />
	<Point X="186" Y="280" T="0" />
	<Point X="186" Y="281" T="0" />
	<Point X="186" Y="281" T="0" />
	<Point X="192" Y="268" T="0" />
	<Point X="206" Y="241" T="0" />
	<Point X="223" Y="212" T="0" />
	<Point X="236" Y="192" T="0" />
	<Point X="248" Y="181" T="0" />
	<Point X="254" Y="177" T="0" />
	<Point X="257" Y="174" T="0" />
	<Point X="263" Y="172" T="0" />
	<Point X="281" Y="172" T="0" />
</Gesture>