<?xml version="1.0" encoding="utf-8" standalone="yes"?>
<Gesture Name="v09" NumPts="21">
	<Point X="208" Y="229" T="0" />
	<Point X="208" Y="229" T="0" />
	<Point X="208" Y="231" T="0" />
	<Point X="208" Y="232" T="0" />
	<Point X="210" Y="235" T="0" />
	<Point X="214" Y="240" T="0" />
	<Point X="216" Y="249" T="0" />
	<Point X="220" Y="262" T="0" />
	<Point X="223" Y="278" T="0" />
	<Point X="229" Y="303" T="0" />
	<Point X="234" Y="319" T="0" />
	<Point X="237" Y="330" T="0" />
	<Point X="240" Y="336" T="0" />
	<Point X="240" Y="338" T="0" />
	<Point X="240" Y="338" T="0" />
	<Point X="241" Y="337" T="0" />
	<Point X="244" Y="327" T="0" />
	<Point X="256" Y="308" T="0" />
	<Point X="278" Y="289" T="0" />
	<Point X="320" Y="254" T="0" />
	<Point X="368" Y="227" T="0" />
</Gesture>