<?xml version="1.0" encoding="utf-8" standalone="yes"?>
<Gesture Name="x01" NumPts="73">
	<Point X="269" Y="160" T="0" />
	<Point X="269" Y="158" T="0" />
	<Point X="267" Y="156" T="0" />
	<Point X="264" Y="152" T="0" />
	<Point X="256" Y="148" T="0" />
	<Point X="238" Y="142" T="0" />
	<Point X="226" Y="142" T="0" />
	<Point X="211" Y="142" T="0" />
	<Point X="197" Y="146" T="0" />
	<Point X="183" Y="151" T="0" />
	<Point X="170" Y="157" T="0" />
	<Point X="158" Y="165" T="0" />
	<Point X="146" Y="174" T="0" />
	<Point X="133" Y="186" T="0" />
	<Point X="120" Y="204" T="0" />
	<Point X="115" Y="214" T="0" />
	<Point X="112" Y="227" T="0" />
	<Point X="112" Y="238" T="0" />
	<Point X="110" Y="252" T="0" />
	<Point X="111" Y="262" T="0" />
	<Point X="115" Y="274" T="0" />
	<Point X="120" Y="291" T="0" />
	<Point X="126" Y="303" T="0" />
	<Point X="129" Y="314" T="0" />
	<Point X="139" Y="326" T="0" />
	<Point X="152" Y="336" T="0" />
	<Point X="164" Y="344" T="0" />
	<Point X="176" Y="348" T="0" />
	<Point X="201" Y="353" T="0" />
	<Point X="217" Y="354" T="0" />
	<Point X="234" Y="355" T="0" />
	<Point X="248" Y="353" T="0" />
	<Point X="263" Y="348" T="0" />
	<Point X="278" Y="342" T="0" />
	<Point X="292" Y="333" T="0" />
	<Point X="304" Y="320" T="0" />
	<Point X="314" Y="312" T="0" />
	<Point X="318" Y="302" T="0" />
	<Point X="323" Y="288" T="0" />
	<Point X="326" Y="276" T="0" />
	<Point X="330" Y="261" T="0" />
	<Point X="333" Y="244" T="0" />
	<Point X="335" Y="228" T="0" />
	<Point X="336" Y="214" T="0" />
	<Point X="335" Y="202" T="0" />
	<Point X="329" Y="186" T="0" />
	<Point X="325" Y="176" T="0" />
	<Point X="322" Y="168" T="0" />
	<Point X="317" Y="160" T="0" />
	<Point X="314" Y="155" T="0" />
	<Point X="312" Y="152" T="0" />
	<Point X="308" Y="149" T="0" />
	<Point X="304" Y="146" T="0" />
	<Point X="302" Y="144" T="0" />
	<Point X="299" Y="142" T="0" />
	<Point X="296" Y="140" T="0" />
	<Point X="291" Y="140" T="0" />
	<Point X="286" Y="138" T="0" />
	<Point X="281" Y="136" T="0" />
	<Point X="278" Y="135" T="0" />
	<Point X="275" Y="134" T="0" />
	<Point X="268" Y="133" T="0" />
	<Point X="263" Y="133" T="0" />
	<Point X="259" Y="133" T="0" />
	<Point X="256" Y="134" T="0" />
	<Point X="254" Y="134" T="0" />
	<Point X="252" Y="134" T="0" />
	<Point X="250" Y="134" T="0" />
	<Point X="248" Y="134" T="0" />
	<Point X="246" Y="136" T="0" />
	<Point X="242" Y="138" T="0" />
	<Point X="239" Y="140" T="0" />
	<Point X="237" Y="142" T="0" />
</Gesture>