<?xml version="1.0" encoding="utf-8" standalone="yes"?>
<Gesture Name="x03" NumPts="81">
	<Point X="148" Y="156" T="0" />
	<Point X="148" Y="157" T="0" />
	<Point X="148" Y="160" T="0" />
	<Point X="151" Y="163" T="0" />
	<Point X="154" Y="166" T="0" />
	<Point X="159" Y="171" T="0" />
	<Point X="167" Y="179" T="0" />
	<Point X="182" Y="195" T="0" />
	<Point X="194" Y="208" T="0" />
	<Point X="204" Y="220" T="0" />
	<Point X="212" Y="230" T="0" />
	<Point X="224" Y="242" T="0" />
	<Point X="235" Y="255" T="0" />
	<Point X="246" Y="267" T="0" />
	<Point X="258" Y="279" T="0" />
	<Point X="275" Y="298" T="0" />
	<Point X="284" Y="310" T="0" />
	<Point X="292" Y="322" T="0" />
	<Point X="300" Y="334" T="0" />
	<Point X="306" Y="346" T="0" />
	<Point X="312" Y="355" T="0" />
	<Point X="316" Y="362" T="0" />
	<Point X="320" Y="369" T="0" />
	<Point X="323" Y="372" T="0" />
	<Point X="325" Y="375" T="0" />
	<Point X="326" Y="377" T="0" />
	<Point X="328" Y="379" T="0" />
	<Point X="328" Y="381" T="0" />
	<Point X="328" Y="381" T="0" />
	<Point X="328" Y="381" T="0" />
	<Point X="329" Y="365" T="0" />
	<Point X="330" Y="345" T="0" />
	<Point X="332" Y="324" T="0" />
	<Point X="332" Y="307" T="0" />
	<Point X="332" Y="295" T="0" />
	<Point X="332" Y="280" T="0" />
	<Point X="332" Y="259" T="0" />
	<Point X="332" Y="245" T="0" />
	<Point X="332" Y="230" T="0" />
	<Point X="331" Y="218" T="0" />
	<Point X="329" Y="207" T="0" />
	<Point X="328" Y="198" T="0" />
	<Point X="326" Y="189" T="0" />
	<Point X="325" Y="184" T="0" />
	<Point X="325" Y="181" T="0" />
	<Point X="325" Y="177" T="0" />
	<Point X="324" Y="174" T="0" />
	<Point X="324" Y="171" T="0" />
	<Point X="321" Y="167" T="0" />
	<Point X="319" Y="164" T="0" />
	<Point X="318" Y="161" T="0" />
	<Point X="316" Y="159" T="0" />
	<Point X="314" Y="157" T="0" />
	<Point X="312" Y="155" T="0" />
	<Point X="312" Y="155" T="0" />
	<Point X="312" Y="155" T="0" />
	<Point X="310" Y="155" T="0" />
	<Point X="308" Y="157" T="0" />
	<Point X="305" Y="159" T="0" />
	<Point X="300" Y="164" T="0" />
	<Point X="291" Y="174" T="0" />
	<Point X="282" Y="186" T="0" />
	<Point X="274" Y="199" T="0" />
	<Point X="268" Y="213" T="0" />
	<Point X="259" Y="230" T="0" />
	<Point X="250" Y="246" T="0" />
	<Point X="239" Y="265" T="0" />
	<Point X="233" Y="275" T="0" />
	<Point X="228" Y="281" T="0" />
	<Point X="226" Y="285" T="0" />
	<Point X="222" Y="289" T="0" />
	<Point X="220" Y="294" T="0" />
	<Point X="217" Y="297" T="0" />
	<Point X="213" Y="303" T="0" />
	<Point X="212" Y="306" T="0" />
	<Point X="210" Y="309" T="0" />
	<Point X="209" Y="311" T="0" />
	<Point X="208" Y="314" T="0" />
	<Point X="207" Y="317" T="0" />
	<Point X="206" Y="320" T="0" />
	<Point X="206" Y="321" T="0" />
</Gesture>