<?xml version="1.0" encoding="utf-8" standalone="yes"?>
<Gesture Name="x04" NumPts="70">
	<Point X="193" Y="167" T="0" />
	<Point X="194" Y="169" T="0" />
	<Point X="195" Y="170" T="0" />
	<Point X="198" Y="175" T="0" />
	<Point X="202" Y="183" T="0" />
	<Point X="206" Y="193" T="0" />
	<Point X="212" Y="205" T="0" />
	<Point X="215" Y="217" T="0" />
	<Point X="222" Y="230" T="0" />
	<Point X="235" Y="252" T="0" />
	<Point X="243" Y="265" T="0" />
	<Point X="252" Y="283" T="0" />
	<Point X="260" Y="297" T="0" />
	<Point X="268" Y="309" T="0" />
	<Point X="274" Y="320" T="0" />
	<Point X="280" Y="331" T="0" />
	<Point X="286" Y="342" T="0" />
	<Point X="292" Y="353" T="0" />
	<Point X="297" Y="362" T="0" />
	<Point X="300" Y="371" T="0" />
	<Point X="304" Y="377" T="0" />
	<Point X="307" Y="383" T="0" />
	<Point X="310" Y="388" T="0" />
	<Point X="313" Y="394" T="0" />
	<Point X="316" Y="398" T="0" />
	<Point X="318" Y="401" T="0" />
	<Point X="319" Y="401" T="0" />
	<Point X="317" Y="395" T="0" />
	<Point X="312" Y="380" T="0" />
	<Point X="310" Y="363" T="0" />
	<Point X="308" Y="346" T="0" />
	<Point X="306" Y="327" T="0" />
	<Point X="304" Y="308" T="0" />
	<Point X="301" Y="292" T="0" />
	<Point X="297" Y="274" T="0" />
	<Point X="293" Y="259" T="0" />
	<Point X="290" Y="247" T="0" />
	<Point X="288" Y="231" T="0" />
	<Point X="288" Y="219" T="0" />
	<Point X="290" Y="208" T="0" />
	<Point X="293" Y="201" T="0" />
	<Point X="295" Y="195" T="0" />
	<Point X="297" Y="192" T="0" />
	<Point X="300" Y="187" T="0" />
	<Point X="301" Y="185" T="0" />
	<Point X="303" Y="182" T="0" />
	<Point X="304" Y="179" T="0" />
	<Point X="306" Y="177" T="0" />
	<Point X="306" Y="177" T="0" />
	<Point X="306" Y="177" T="0" />
	<Point X="306" Y="179" T="0" />
	<Point X="306" Y="181" T="0" />
	<Point X="304" Y="191" T="0" />
	<Point X="298" Y="208" T="0" />
	<Point X="292" Y="221" T="0" />
	<Point X="286" Y="235" T="0" />
	<Point X="279" Y="253" T="0" />
	<Point X="268" Y="272" T="0" />
	<Point X="259" Y="289" T="0" />
	<Point X="248" Y="311" T="0" />
	<Point X="244" Y="323" T="0" />
	<Point X="240" Y="335" T="0" />
	<Point X="237" Y="346" T="0" />
	<Point X="232" Y="357" T="0" />
	<Point X="225" Y="367" T="0" />
	<Point X="218" Y="377" T="0" />
	<Point X="212" Y="383" T="0" />
	<Point X="206" Y="389" T="0" />
	<Point X="203" Y="392" T="0" />
	<Point X="202" Y="394" T="0" />
</Gesture>