<?xml version="1.0" encoding="utf-8" standalone="yes"?>
<Gesture Name="zigzag10" NumPts="75">
	<Point X="79" Y="313" T="0" />
	<Point X="79" Y="313" T="0" />
	<Point X="80" Y="312" T="0" />
	<Point X="82" Y="309" T="0" />
	<Point X="85" Y="306" T="0" />
	<Point X="87" Y="301" T="0" />
	<Point X="92" Y="294" T="0" />
	<Point X="95" Y="286" T="0" />
	<Point X="98" Y="280" T="0" />
	<Point X="101" Y="274" T="0" />
	<Point X="104" Y="268" T="0" />
	<Point X="108" Y="260" T="0" />
	<Point X="110" Y="254" T="0" />
	<Point X="115" Y="248" T="0" />
	<Point X="118" Y="244" T="0" />
	<Point X="120" Y="241" T="0" />
	<Point X="122" Y="239" T="0" />
	<Point X="123" Y="237" T="0" />
	<Point X="124" Y="236" T="0" />
	<Point X="124" Y="236" T="0" />
	<Point X="125" Y="236" T="0" />
	<Point X="126" Y="238" T="0" />
	<Point X="130" Y="247" T="0" />
	<Point X="134" Y="259" T="0" />
	<Point X="138" Y="270" T="0" />
	<Point X="144" Y="285" T="0" />
	<Point X="148" Y="297" T="0" />
	<Point X="152" Y="306" T="0" />
	<Point X="155" Y="315" T="0" />
	<Point X="158" Y="320" T="0" />
	<Point X="160" Y="324" T="0" />
	<Point X="161" Y="327" T="0" />
	<Point X="162" Y="329" T="0" />
	<Point X="162" Y="329" T="0" />
	<Point X="162" Y="329" T="0" />
	<Point X="162" Y="328" T="0" />
	<Point X="162" Y="325" T="0" />
	<Point X="164" Y="316" T="0" />
	<Point X="168" Y="305" T="0" />
	<Point X="172" Y="290" T="0" />
	<Point X="182" Y="270" T="0" />
	<Point X="191" Y="258" T="0" />
	<Point X="197" Y="246" T="0" />
	<Point X="203" Y="239" T="0" />
	<Point X="206" Y="235" T="0" />
	<Point X="209" Y="233" T="0" />
	<Point X="211" Y="231" T="0" />
	<Point X="212" Y="229" T="0" />
	<Point X="213" Y="229" T="0" />
	<Point X="213" Y="229" T="0" />
	<Point X="213" Y="230" T="0" />
	<Point X="215" Y="232" T="0" />
	<Point X="218" Y="235" T="0" />
	<Point X="222" Y="241" T="0" />
	<Point X="230" Y="253" T="0" />
	<Point X="238" Y="268" T="0" />
	<Point X="249" Y="284" T="0" />
	<Point X="262" Y="308" T="0" />
	<Point X="266" Y="319" T="0" />
	<Point X="268" Y="330" T="0" />
	<Point X="271" Y="337" T="0" />
	<Point X="273" Y="343" T="0" />
	<Point X="274" Y="345" T="0" />
	<Point X="274" Y="347" T="0" />
	<Point X="275" Y="347" T="0" />
	<Point X="276" Y="345" T="0" />
	<Point X="278" Y="336" T="0" />
	<Point X="283" Y="324" T="0" />
	<Point X="289" Y="312" T="0" />
	<Point X="301" Y="295" T="0" />
	<Point X="308" Y="287" T="0" />
	<Point X="311" Y="281" T="0" />
	<Point X="314" Y="279" T="0" />
	<Point X="316" Y="277" T="0" />
	<Point X="316" Y="277" T="0" />
</Gesture>