<?xml version="1.0" encoding="utf-8" standalone="yes"?>
<Gesture Name="zigzag04" NumPts="66">
	<Point X="70" Y="297" T="0" />
	<Point X="72" Y="297" T="0" />
	<Point X="80" Y="294" T="0" />
	<Point X="88" Y="291" T="0" />
	<Point X="102" Y="285" T="0" />
	<Point X="114" Y="281" T="0" />
	<Point X="126" Y="277" T="0" />
	<Point X="137" Y="273" T="0" />
	<Point X="149" Y="268" T="0" />
	<Point X="158" Y="260" T="0" />
	<Point X="168" Y="253" T="0" />
	<Point X="176" Y="245" T="0" />
	<Point X="178" Y="242" T="0" />
	<Point X="178" Y="240" T="0" />
	<Point X="179" Y="239" T="0" />
	<Point X="180" Y="239" T="0" />
	<Point X="183" Y="245" T="0" />
	<Point X="192" Y="258" T="0" />
	<Point X="205" Y="274" T="0" />
	<Point X="219" Y="292" T="0" />
	<Point X="232" Y="307" T="0" />
	<Point X="251" Y="328" T="0" />
	<Point X="262" Y="337" T="0" />
	<Point X="268" Y="340" T="0" />
	<Point X="270" Y="341" T="0" />
	<Point X="271" Y="341" T="0" />
	<Point X="273" Y="340" T="0" />
	<Point X="275" Y="336" T="0" />
	<Point X="278" Y="331" T="0" />
	<Point X="283" Y="315" T="0" />
	<Point X="287" Y="302" T="0" />
	<Point X="291" Y="289" T="0" />
	<Point X="295" Y="277" T="0" />
	<Point X="299" Y="266" T="0" />
	<Point X="302" Y="254" T="0" />
	<Point X="306" Y="245" T="0" />
	<Point X="308" Y="239" T="0" />
	<Point X="310" Y="235" T="0" />
	<Point X="312" Y="233" T="0" />
	<Point X="312" Y="232" T="0" />
	<Point X="313" Y="232" T="0" />
	<Point X="314" Y="233" T="0" />
	<Point X="317" Y="236" T="0" />
	<Point X="321" Y="243" T="0" />
	<Point X="331" Y="256" T="0" />
	<Point X="351" Y="282" T="0" />
	<Point X="363" Y="298" T="0" />
	<Point X="371" Y="313" T="0" />
	<Point X="376" Y="325" T="0" />
	<Point X="381" Y="336" T="0" />
	<Point X="384" Y="343" T="0" />
	<Point X="387" Y="347" T="0" />
	<Point X="390" Y="349" T="0" />
	<Point X="392" Y="351" T="0" />
	<Point X="392" Y="352" T="0" />
	<Point X="394" Y="352" T="0" />
	<Point X="395" Y="352" T="0" />
	<Point X="397" Y="349" T="0" />
	<Point X="402" Y="345" T="0" />
	<Point X="409" Y="334" T="0" />
	<Point X="419" Y="324" T="0" />
	<Point X="429" Y="312" T="0" />
	<Point X="440" Y="300" T="0" />
	<Point X="444" Y="297" T="0" />
	<Point X="448" Y="294" T="0" />
	<Point X="451" Y="293" T="0" />
</Gesture>