<?xml version="1.0" encoding="utf-8" standalone="yes"?>
<Gesture Name="zigzag08" NumPts="71">
	<Point X="95" Y="346" T="0" />
	<Point X="95" Y="346" T="0" />
	<Point X="96" Y="346" T="0" />
	<Point X="96" Y="345" T="0" />
	<Point X="98" Y="342" T="0" />
	<Point X="100" Y="339" T="0" />
	<Point X="103" Y="337" T="0" />
	<Point X="106" Y="333" T="0" />
	<Point X="109" Y="331" T="0" />
	<Point X="112" Y="328" T="0" />
	<Point X="114" Y="325" T="0" />
	<Point X="119" Y="322" T="0" />
	<Point X="121" Y="321" T="0" />
	<Point X="123" Y="321" T="0" />
	<Point X="124" Y="321" T="0" />
	<Point X="126" Y="321" T="0" />
	<Point X="127" Y="321" T="0" />
	<Point X="129" Y="322" T="0" />
	<Point X="132" Y="325" T="0" />
	<Point X="136" Y="330" T="0" />
	<Point X="138" Y="334" T="0" />
	<Point X="141" Y="337" T="0" />
	<Point X="144" Y="341" T="0" />
	<Point X="147" Y="344" T="0" />
	<Point X="150" Y="347" T="0" />
	<Point X="151" Y="349" T="0" />
	<Point X="152" Y="350" T="0" />
	<Point X="153" Y="351" T="0" />
	<Point X="153" Y="351" T="0" />
	<Point X="154" Y="350" T="0" />
	<Point X="158" Y="345" T="0" />
	<Point X="160" Y="341" T="0" />
	<Point X="163" Y="337" T="0" />
	<Point X="166" Y="332" T="0" />
	<Point X="169" Y="329" T="0" />
	<Point X="171" Y="327" T="0" />
	<Point X="172" Y="325" T="0" />
	<Point X="174" Y="323" T="0" />
	<Point X="175" Y="323" T="0" />
	<Point X="177" Y="321" T="0" />
	<Point X="179" Y="321" T="0" />
	<Point X="179" Y="321" T="0" />
	<Point X="182" Y="323" T="0" />
	<Point X="185" Y="325" T="0" />
	<Point X="188" Y="328" T="0" />
	<Point X="191" Y="333" T="0" />
	<Point X="195" Y="339" T="0" />
	<Point X="198" Y="343" T="0" />
	<Point X="203" Y="348" T="0" />
	<Point X="206" Y="352" T="0" />
	<Point X="209" Y="356" T="0" />
	<Point X="212" Y="358" T="0" />
	<Point X="213" Y="358" T="0" />
	<Point X="213" Y="359" T="0" />
	<Point X="213" Y="359" T="0" />
	<Point X="214" Y="359" T="0" />
	<Point X="214" Y="359" T="0" />
	<Point X="215" Y="359" T="0" />
	<Point X="217" Y="358" T="0" />
	<Point X="221" Y="357" T="0" />
	<Point X="229" Y="353" T="0" />
	<Point X="238" Y="350" T="0" />
	<Point X="247" Y="346" T="0" />
	<Point X="254" Y="343" T="0" />
	<Point X="257" Y="340" T="0" />
	<Point X="260" Y="337" T="0" />
	<Point X="264" Y="335" T="0" />
	<Point X="266" Y="334" T="0" />
	<Point X="272" Y="335" T="0" />
	<Point X="280" Y="337" T="0" />
	<Point X="285" Y="339" T="0" />
</Gesture>