<?xml version="1.0" encoding="utf-8" standalone="yes"?>
<Gesture Name="zigzag05" NumPts="62">
	<Point X="70" Y="288" T="0" />
	<Point X="70" Y="288" T="0" />
	<Point X="71" Y="287" T="0" />
	<Point X="76" Y="279" T="0" />
	<Point X="83" Y="267" T="0" />
	<Point X="93" Y="256" T="0" />
	<Point X="107" Y="243" T="0" />
	<Point X="113" Y="237" T="0" />
	<Point X="117" Y="233" T="0" />
	<Point X="120" Y="230" T="0" />
	<Point X="123" Y="227" T="0" />
	<Point X="125" Y="224" T="0" />
	<Point X="127" Y="221" T="0" />
	<Point X="129" Y="221" T="0" />
	<Point X="130" Y="221" T="0" />
	<Point X="130" Y="221" T="0" />
	<Point X="133" Y="225" T="0" />
	<Point X="139" Y="236" T="0" />
	<Point X="157" Y="258" T="0" />
	<Point X="171" Y="275" T="0" />
	<Point X="185" Y="293" T="0" />
	<Point X="199" Y="307" T="0" />
	<Point X="211" Y="319" T="0" />
	<Point X="217" Y="324" T="0" />
	<Point X="220" Y="328" T="0" />
	<Point X="222" Y="329" T="0" />
	<Point X="222" Y="328" T="0" />
	<Point X="222" Y="327" T="0" />
	<Point X="224" Y="318" T="0" />
	<Point X="227" Y="305" T="0" />
	<Point X="228" Y="286" T="0" />
	<Point X="234" Y="257" T="0" />
	<Point X="239" Y="243" T="0" />
	<Point X="242" Y="231" T="0" />
	<Point X="244" Y="220" T="0" />
	<Point X="245" Y="216" T="0" />
	<Point X="246" Y="213" T="0" />
	<Point X="246" Y="211" T="0" />
	<Point X="248" Y="209" T="0" />
	<Point X="249" Y="207" T="0" />
	<Point X="250" Y="207" T="0" />
	<Point X="250" Y="207" T="0" />
	<Point X="253" Y="209" T="0" />
	<Point X="267" Y="225" T="0" />
	<Point X="278" Y="237" T="0" />
	<Point X="290" Y="251" T="0" />
	<Point X="302" Y="267" T="0" />
	<Point X="315" Y="281" T="0" />
	<Point X="324" Y="296" T="0" />
	<Point X="331" Y="307" T="0" />
	<Point X="337" Y="316" T="0" />
	<Point X="342" Y="322" T="0" />
	<Point X="344" Y="325" T="0" />
	<Point X="347" Y="326" T="0" />
	<Point X="348" Y="327" T="0" />
	<Point X="351" Y="326" T="0" />
	<Point X="356" Y="319" T="0" />
	<Point X="366" Y="307" T="0" />
	<Point X="378" Y="292" T="0" />
	<Point X="390" Y="279" T="0" />
	<Point X="408" Y="265" T="0" />
	<Point X="416" Y="262" T="0" />
</Gesture>