<?xml version="1.0" encoding="utf-8" standalone="yes"?>
<Gesture Name="zigzag07" NumPts="76">
	<Point X="15" Y="307" T="0" />
	<Point X="16" Y="306" T="0" />
	<Point X="17" Y="306" T="0" />
	<Point X="18" Y="305" T="0" />
	<Point X="23" Y="302" T="0" />
	<Point X="31" Y="299" T="0" />
	<Point X="41" Y="294" T="0" />
	<Point X="53" Y="287" T="0" />
	<Point X="64" Y="279" T="0" />
	<Point X="76" Y="267" T="0" />
	<Point X="86" Y="257" T="0" />
	<Point X="94" Y="249" T="0" />
	<Point X="100" Y="243" T="0" />
	<Point X="103" Y="239" T="0" />
	<Point X="106" Y="235" T="0" />
	<Point X="106" Y="232" T="0" />
	<Point X="106" Y="230" T="0" />
	<Point X="107" Y="230" T="0" />
	<Point X="110" Y="237" T="0" />
	<Point X="119" Y="255" T="0" />
	<Point X="127" Y="272" T="0" />
	<Point X="136" Y="287" T="0" />
	<Point X="143" Y="301" T="0" />
	<Point X="149" Y="313" T="0" />
	<Point X="153" Y="321" T="0" />
	<Point X="156" Y="327" T="0" />
	<Point X="158" Y="329" T="0" />
	<Point X="160" Y="333" T="0" />
	<Point X="161" Y="334" T="0" />
	<Point X="162" Y="335" T="0" />
	<Point X="163" Y="335" T="0" />
	<Point X="164" Y="335" T="0" />
	<Point X="167" Y="333" T="0" />
	<Point X="170" Y="327" T="0" />
	<Point X="177" Y="317" T="0" />
	<Point X="184" Y="306" T="0" />
	<Point X="194" Y="289" T="0" />
	<Point X="209" Y="265" T="0" />
	<Point X="215" Y="253" T="0" />
	<Point X="218" Y="245" T="0" />
	<Point X="222" Y="240" T="0" />
	<Point X="224" Y="235" T="0" />
	<Point X="228" Y="232" T="0" />
	<Point X="232" Y="227" T="0" />
	<Point X="233" Y="226" T="0" />
	<Point X="234" Y="226" T="0" />
	<Point X="235" Y="226" T="0" />
	<Point X="235" Y="227" T="0" />
	<Point X="238" Y="229" T="0" />
	<Point X="241" Y="234" T="0" />
	<Point X="244" Y="243" T="0" />
	<Point X="252" Y="261" T="0" />
	<Point X="257" Y="272" T="0" />
	<Point X="263" Y="285" T="0" />
	<Point X="269" Y="297" T="0" />
	<Point X="273" Y="309" T="0" />
	<Point X="278" Y="320" T="0" />
	<Point X="282" Y="328" T="0" />
	<Point X="285" Y="333" T="0" />
	<Point X="288" Y="336" T="0" />
	<Point X="292" Y="339" T="0" />
	<Point X="292" Y="340" T="0" />
	<Point X="294" Y="340" T="0" />
	<Point X="296" Y="340" T="0" />
	<Point X="302" Y="337" T="0" />
	<Point X="317" Y="327" T="0" />
	<Point X="336" Y="311" T="0" />
	<Point X="358" Y="289" T="0" />
	<Point X="371" Y="277" T="0" />
	<Point X="376" Y="267" T="0" />
	<Point X="378" Y="265" T="0" />
	<Point X="380" Y="263" T="0" />
	<Point X="381" Y="263" T="0" />
	<Point X="383" Y="262" T="0" />
	<Point X="386" Y="262" T="0" />
	<Point X="390" Y="265" T="0" />
</Gesture>