<?xml version="1.0" encoding="utf-8" standalone="yes"?>
<Gesture Name="zigzag06" NumPts="75">
	<Point X="101" Y="346" T="0" />
	<Point X="104" Y="345" T="0" />
	<Point X="107" Y="343" T="0" />
	<Point X="114" Y="338" T="0" />
	<Point X="120" Y="335" T="0" />
	<Point X="125" Y="331" T="0" />
	<Point X="130" Y="326" T="0" />
	<Point X="134" Y="322" T="0" />
	<Point X="136" Y="316" T="0" />
	<Point X="140" Y="312" T="0" />
	<Point X="142" Y="307" T="0" />
	<Point X="145" Y="305" T="0" />
	<Point X="148" Y="303" T="0" />
	<Point X="151" Y="301" T="0" />
	<Point X="151" Y="301" T="0" />
	<Point X="152" Y="301" T="0" />
	<Point X="152" Y="301" T="0" />
	<Point X="154" Y="301" T="0" />
	<Point X="157" Y="303" T="0" />
	<Point X="160" Y="308" T="0" />
	<Point X="168" Y="323" T="0" />
	<Point X="171" Y="335" T="0" />
	<Point X="177" Y="348" T="0" />
	<Point X="181" Y="358" T="0" />
	<Point X="185" Y="369" T="0" />
	<Point X="188" Y="373" T="0" />
	<Point X="190" Y="376" T="0" />
	<Point X="193" Y="379" T="0" />
	<Point X="195" Y="382" T="0" />
	<Point X="196" Y="384" T="0" />
	<Point X="197" Y="384" T="0" />
	<Point X="198" Y="384" T="0" />
	<Point X="199" Y="384" T="0" />
	<Point X="202" Y="382" T="0" />
	<Point X="205" Y="378" T="0" />
	<Point X="210" Y="372" T="0" />
	<Point X="227" Y="355" T="0" />
	<Point X="240" Y="343" T="0" />
	<Point X="252" Y="331" T="0" />
	<Point X="262" Y="321" T="0" />
	<Point X="266" Y="313" T="0" />
	<Point X="269" Y="308" T="0" />
	<Point X="272" Y="305" T="0" />
	<Point X="275" Y="302" T="0" />
	<Point X="279" Y="299" T="0" />
	<Point X="280" Y="299" T="0" />
	<Point X="280" Y="299" T="0" />
	<Point X="281" Y="299" T="0" />
	<Point X="284" Y="301" T="0" />
	<Point X="287" Y="305" T="0" />
	<Point X="290" Y="313" T="0" />
	<Point X="296" Y="326" T="0" />
	<Point X="300" Y="338" T="0" />
	<Point X="304" Y="349" T="0" />
	<Point X="307" Y="359" T="0" />
	<Point X="310" Y="366" T="0" />
	<Point X="313" Y="370" T="0" />
	<Point X="315" Y="374" T="0" />
	<Point X="317" Y="377" T="0" />
	<Point X="318" Y="380" T="0" />
	<Point X="319" Y="382" T="0" />
	<Point X="320" Y="382" T="0" />
	<Point X="321" Y="383" T="0" />
	<Point X="322" Y="383" T="0" />
	<Point X="328" Y="380" T="0" />
	<Point X="342" Y="374" T="0" />
	<Point X="363" Y="363" T="0" />
	<Point X="394" Y="351" T="0" />
	<Point X="418" Y="341" T="0" />
	<Point X="440" Y="332" T="0" />
	<Point X="448" Y="329" T="0" />
	<Point X="450" Y="328" T="0" />
	<Point X="450" Y="328" T="0" />
	<Point X="451" Y="328" T="0" />
	<Point X="454" Y="329" T="0" />
</Gesture>