<?xml version="1.0" encoding="utf-8" standalone="yes"?>
<Gesture Name="Triangle4" NumPts="38">
	<Point X="149" Y="192" T="undefined" />
	<Point X="149" Y="195" T="undefined" />
	<Point X="148" Y="203" T="undefined" />
	<Point X="139" Y="241" T="undefined" />
	<Point X="120" Y="309" T="undefined" />
	<Point X="102" Y="362" T="undefined" />
	<Point X="91" Y="390" T="undefined" />
	<Point X="84" Y="408" T="undefined" />
	<Point X="78" Y="419" T="undefined" />
	<Point X="74" Y="425" T="undefined" />
	<Point X="73" Y="430" T="undefined" />
	<Point X="72" Y="434" T="undefined" />
	<Point X="72" Y="435" T="undefined" />
	<Point X="73" Y="438" T="undefined" />
	<Point X="76" Y="438" T="undefined" />
	<Point X="114" Y="446" T="undefined" />
	<Point X="194" Y="454" T="undefined" />
	<Point X="268" Y="458" T="undefined" />
	<Point X="310" Y="460" T="undefined" />
	<Point X="333" Y="460" T="undefined" />
	<Point X="345" Y="458" T="undefined" />
	<Point X="350" Y="458" T="undefined" />
	<Point X="354" Y="455" T="undefined" />
	<Point X="355" Y="454" T="undefined" />
	<Point X="356" Y="452" T="undefined" />
	<Point X="356" Y="449" T="undefined" />
	<Point X="348" Y="436" T="undefined" />
	<Point X="330" Y="413" T="undefined" />
	<Point X="292" Y="372" T="undefined" />
	<Point X="247" Y="323" T="undefined" />
	<Point X="214" Y="274" T="undefined" />
	<Point X="185" Y="232" T="undefined" />
	<Point X="167" Y="202" T="undefined" />
	<Point X="156" Y="181" T="undefined" />
	<Point X="150" Y="172" T="undefined" />
	<Point X="148" Y="168" T="undefined" />
	<Point X="147" Y="167" T="undefined" />
	<Point X="146" Y="166" T="undefined" />
</Gesture>