<?xml version="1.0" encoding="utf-8" standalone="yes"?>
<Gesture Name="Triangle8" NumPts="40">
	<Point X="210" Y="190" T="undefined" />
	<Point X="203" Y="200" T="undefined" />
	<Point X="194" Y="216" T="undefined" />
	<Point X="174" Y="251" T="undefined" />
	<Point X="160" Y="276" T="undefined" />
	<Point X="152" Y="296" T="undefined" />
	<Point X="143" Y="320" T="undefined" />
	<Point X="140" Y="331" T="undefined" />
	<Point X="137" Y="338" T="undefined" />
	<Point X="136" Y="344" T="undefined" />
	<Point X="135" Y="346" T="undefined" />
	<Point X="135" Y="347" T="undefined" />
	<Point X="135" Y="348" T="undefined" />
	<Point X="135" Y="348" T="undefined" />
	<Point X="135" Y="349" T="undefined" />
	<Point X="136" Y="350" T="undefined" />
	<Point X="138" Y="350" T="undefined" />
	<Point X="156" Y="352" T="undefined" />
	<Point X="190" Y="351" T="undefined" />
	<Point X="250" Y="349" T="undefined" />
	<Point X="317" Y="348" T="undefined" />
	<Point X="344" Y="348" T="undefined" />
	<Point X="360" Y="348" T="undefined" />
	<Point X="372" Y="346" T="undefined" />
	<Point X="374" Y="346" T="undefined" />
	<Point X="376" Y="345" T="undefined" />
	<Point X="376" Y="345" T="undefined" />
	<Point X="376" Y="344" T="undefined" />
	<Point X="376" Y="344" T="undefined" />
	<Point X="375" Y="341" T="undefined" />
	<Point X="371" Y="337" T="undefined" />
	<Point X="342" Y="314" T="undefined" />
	<Point X="300" Y="280" T="undefined" />
	<Point X="266" Y="253" T="undefined" />
	<Point X="231" Y="224" T="undefined" />
	<Point X="214" Y="208" T="undefined" />
	<Point X="200" Y="192" T="undefined" />
	<Point X="194" Y="187" T="undefined" />
	<Point X="191" Y="184" T="undefined" />
	<Point X="189" Y="182" T="undefined" />
</Gesture>