<?xml version="1.0" encoding="utf-8" standalone="yes"?>
<Gesture Name="Triangle9" NumPts="39">
	<Point X="184" Y="176" T="undefined" />
	<Point X="175" Y="196" T="undefined" />
	<Point X="160" Y="228" T="undefined" />
	<Point X="137" Y="277" T="undefined" />
	<Point X="121" Y="310" T="undefined" />
	<Point X="110" Y="334" T="undefined" />
	<Point X="105" Y="348" T="undefined" />
	<Point X="104" Y="352" T="undefined" />
	<Point X="104" Y="354" T="undefined" />
	<Point X="104" Y="353" T="undefined" />
	<Point X="104" Y="353" T="undefined" />
	<Point X="108" Y="352" T="undefined" />
	<Point X="142" Y="350" T="undefined" />
	<Point X="225" Y="344" T="undefined" />
	<Point X="306" Y="344" T="undefined" />
	<Point X="384" Y="348" T="undefined" />
	<Point X="409" Y="352" T="undefined" />
	<Point X="424" Y="354" T="undefined" />
	<Point X="425" Y="354" T="undefined" />
	<Point X="426" Y="354" T="undefined" />
	<Point X="426" Y="354" T="undefined" />
	<Point X="426" Y="353" T="undefined" />
	<Point X="426" Y="352" T="undefined" />
	<Point X="422" Y="348" T="undefined" />
	<Point X="413" Y="337" T="undefined" />
	<Point X="368" Y="298" T="undefined" />
	<Point X="324" Y="263" T="undefined" />
	<Point X="286" Y="234" T="undefined" />
	<Point X="249" Y="204" T="undefined" />
	<Point X="233" Y="190" T="undefined" />
	<Point X="220" Y="182" T="undefined" />
	<Point X="211" Y="175" T="undefined" />
	<Point X="206" Y="172" T="undefined" />
	<Point X="204" Y="169" T="undefined" />
	<Point X="202" Y="168" T="undefined" />
	<Point X="202" Y="167" T="undefined" />
	<Point X="201" Y="166" T="undefined" />
	<Point X="200" Y="166" T="undefined" />
	<Point X="200" Y="165" T="undefined" />
</Gesture>