<?xml version="1.0" encoding="utf-8" standalone="yes"?>
<Gesture Name="X3" NumPts="46">
	<Point X="116" Y="122" T="undefined" />
	<Point X="116" Y="123" T="undefined" />
	<Point X="118" Y="128" T="undefined" />
	<Point X="129" Y="152" T="undefined" />
	<Point X="164" Y="229" T="undefined" />
	<Point X="179" Y="257" T="undefined" />
	<Point X="220" Y="330" T="undefined" />
	<Point X="244" Y="366" T="undefined" />
	<Point X="258" Y="387" T="undefined" />
	<Point X="268" Y="401" T="undefined" />
	<Point X="275" Y="410" T="undefined" />
	<Point X="278" Y="415" T="undefined" />
	<Point X="280" Y="418" T="undefined" />
	<Point X="281" Y="420" T="undefined" />
	<Point X="282" Y="421" T="undefined" />
	<Point X="282" Y="421" T="undefined" />
	<Point X="283" Y="418" T="undefined" />
	<Point X="285" Y="412" T="undefined" />
	<Point X="288" Y="389" T="undefined" />
	<Point X="299" Y="334" T="undefined" />
	<Point X="309" Y="249" T="undefined" />
	<Point X="318" Y="187" T="undefined" />
	<Point X="321" Y="148" T="undefined" />
	<Point X="321" Y="129" T="undefined" />
	<Point X="321" Y="122" T="undefined" />
	<Point X="321" Y="118" T="undefined" />
	<Point X="321" Y="116" T="undefined" />
	<Point X="321" Y="116" T="undefined" />
	<Point X="321" Y="115" T="undefined" />
	<Point X="321" Y="114" T="undefined" />
	<Point X="321" Y="114" T="undefined" />
	<Point X="320" Y="112" T="undefined" />
	<Point X="320" Y="112" T="undefined" />
	<Point X="319" Y="110" T="undefined" />
	<Point X="316" Y="110" T="undefined" />
	<Point X="310" Y="114" T="undefined" />
	<Point X="282" Y="144" T="undefined" />
	<Point X="210" Y="237" T="undefined" />
	<Point X="160" Y="318" T="undefined" />
	<Point X="134" Y="362" T="undefined" />
	<Point X="121" Y="386" T="undefined" />
	<Point X="112" Y="401" T="undefined" />
	<Point X="110" Y="408" T="undefined" />
	<Point X="109" Y="409" T="undefined" />
	<Point X="109" Y="410" T="undefined" />
	<Point X="109" Y="410" T="undefined" />
</Gesture>