<?xml version="1.0" encoding="utf-8" standalone="yes"?>
<Gesture Name="X6" NumPts="34">
	<Point X="116" Y="106" T="undefined" />
	<Point X="116" Y="106" T="undefined" />
	<Point X="126" Y="123" T="undefined" />
	<Point X="188" Y="222" T="undefined" />
	<Point X="228" Y="279" T="undefined" />
	<Point X="262" Y="324" T="undefined" />
	<Point X="274" Y="336" T="undefined" />
	<Point X="280" Y="341" T="undefined" />
	<Point X="286" Y="346" T="undefined" />
	<Point X="288" Y="347" T="undefined" />
	<Point X="292" Y="349" T="undefined" />
	<Point X="294" Y="352" T="undefined" />
	<Point X="295" Y="353" T="undefined" />
	<Point X="296" Y="353" T="undefined" />
	<Point X="298" Y="352" T="undefined" />
	<Point X="300" Y="343" T="undefined" />
	<Point X="310" Y="254" T="undefined" />
	<Point X="318" Y="174" T="undefined" />
	<Point X="321" Y="141" T="undefined" />
	<Point X="322" Y="120" T="undefined" />
	<Point X="322" Y="116" T="undefined" />
	<Point X="322" Y="114" T="undefined" />
	<Point X="321" Y="113" T="undefined" />
	<Point X="320" Y="111" T="undefined" />
	<Point X="317" Y="111" T="undefined" />
	<Point X="310" Y="112" T="undefined" />
	<Point X="295" Y="119" T="undefined" />
	<Point X="244" Y="158" T="undefined" />
	<Point X="190" Y="215" T="undefined" />
	<Point X="149" Y="263" T="undefined" />
	<Point X="123" Y="301" T="undefined" />
	<Point X="117" Y="310" T="undefined" />
	<Point X="116" Y="313" T="undefined" />
	<Point X="116" Y="314" T="undefined" />
</Gesture>