<?xml version="1.0" encoding="utf-8" standalone="yes"?>
<Gesture Name="X7" NumPts="30">
	<Point X="145" Y="142" T="undefined" />
	<Point X="153" Y="154" T="undefined" />
	<Point X="189" Y="221" T="undefined" />
	<Point X="221" Y="275" T="undefined" />
	<Point X="241" Y="310" T="undefined" />
	<Point X="256" Y="335" T="undefined" />
	<Point X="269" Y="356" T="undefined" />
	<Point X="274" Y="362" T="undefined" />
	<Point X="277" Y="366" T="undefined" />
	<Point X="278" Y="366" T="undefined" />
	<Point X="278" Y="367" T="undefined" />
	<Point X="278" Y="365" T="undefined" />
	<Point X="278" Y="356" T="undefined" />
	<Point X="282" Y="322" T="undefined" />
	<Point X="304" Y="174" T="undefined" />
	<Point X="322" Y="103" T="undefined" />
	<Point X="332" Y="68" T="undefined" />
	<Point X="338" Y="52" T="undefined" />
	<Point X="338" Y="50" T="undefined" />
	<Point X="339" Y="50" T="undefined" />
	<Point X="339" Y="51" T="undefined" />
	<Point X="339" Y="52" T="undefined" />
	<Point X="338" Y="54" T="undefined" />
	<Point X="321" Y="74" T="undefined" />
	<Point X="254" Y="150" T="undefined" />
	<Point X="186" Y="230" T="undefined" />
	<Point X="140" Y="286" T="undefined" />
	<Point X="126" Y="302" T="undefined" />
	<Point X="120" Y="311" T="undefined" />
	<Point X="118" Y="314" T="undefined" />
</Gesture>