<?xml version="1.0" encoding="utf-8" standalone="yes"?>
<Gesture Name="X9" NumPts="44">
	<Point X="168" Y="159" T="undefined" />
	<Point X="168" Y="159" T="undefined" />
	<Point X="174" Y="168" T="undefined" />
	<Point X="192" Y="207" T="undefined" />
	<Point X="212" Y="242" T="undefined" />
	<Point X="228" Y="268" T="undefined" />
	<Point X="243" Y="293" T="undefined" />
	<Point X="248" Y="304" T="undefined" />
	<Point X="252" Y="310" T="undefined" />
	<Point X="254" Y="314" T="undefined" />
	<Point X="256" Y="316" T="undefined" />
	<Point X="257" Y="317" T="undefined" />
	<Point X="258" Y="318" T="undefined" />
	<Point X="258" Y="319" T="undefined" />
	<Point X="258" Y="320" T="undefined" />
	<Point X="262" Y="299" T="undefined" />
	<Point X="273" Y="257" T="undefined" />
	<Point X="281" Y="222" T="undefined" />
	<Point X="299" Y="150" T="undefined" />
	<Point X="303" Y="131" T="undefined" />
	<Point X="305" Y="124" T="undefined" />
	<Point X="305" Y="122" T="undefined" />
	<Point X="305" Y="122" T="undefined" />
	<Point X="305" Y="122" T="undefined" />
	<Point X="305" Y="123" T="undefined" />
	<Point X="305" Y="124" T="undefined" />
	<Point X="304" Y="126" T="undefined" />
	<Point X="303" Y="128" T="undefined" />
	<Point X="300" Y="133" T="undefined" />
	<Point X="275" Y="169" T="undefined" />
	<Point X="225" Y="228" T="undefined" />
	<Point X="180" Y="274" T="undefined" />
	<Point X="155" Y="301" T="undefined" />
	<Point X="146" Y="308" T="undefined" />
	<Point X="141" Y="312" T="undefined" />
	<Point X="140" Y="314" T="undefined" />
	<Point X="140" Y="314" T="undefined" />
	<Point X="139" Y="315" T="undefined" />
	<Point X="138" Y="316" T="undefined" />
	<Point X="138" Y="316" T="undefined" />
	<Point X="137" Y="316" T="undefined" />
	<Point X="136" Y="316" T="undefined" />
	<Point X="136" Y="315" T="undefined" />
	<Point X="136" Y="314" T="undefined" />
</Gesture>