<?xml version="1.0" encoding="utf-8" standalone="yes"?>
<Gesture Name="Triangle6" NumPts="58">
	<Point X="200" Y="169" T="undefined" />
	<Point X="199" Y="169" T="undefined" />
	<Point X="198" Y="171" T="undefined" />
	<Point X="194" Y="173" T="undefined" />
	<Point X="188" Y="177" T="undefined" />
	<Point X="178" Y="181" T="undefined" />
	<Point X="160" Y="189" T="undefined" />
	<Point X="148" Y="194" T="undefined" />
	<Point X="136" Y="200" T="undefined" />
	<Point X="124" Y="209" T="undefined" />
	<Point X="112" Y="217" T="undefined" />
	<Point X="100" Y="226" T="undefined" />
	<Point X="83" Y="241" T="undefined" />
	<Point X="71" Y="247" T="undefined" />
	<Point X="60" Y="257" T="undefined" />
	<Point X="50" Y="264" T="undefined" />
	<Point X="44" Y="270" T="undefined" />
	<Point X="40" Y="274" T="undefined" />
	<Point X="38" Y="276" T="undefined" />
	<Point X="37" Y="278" T="undefined" />
	<Point X="38" Y="278" T="undefined" />
	<Point X="42" Y="278" T="undefined" />
	<Point X="49" Y="277" T="undefined" />
	<Point X="66" Y="276" T="undefined" />
	<Point X="94" Y="277" T="undefined" />
	<Point X="117" Y="281" T="undefined" />
	<Point X="152" Y="285" T="undefined" />
	<Point X="173" Y="284" T="undefined" />
	<Point X="192" Y="282" T="undefined" />
	<Point X="212" Y="279" T="undefined" />
	<Point X="231" Y="278" T="undefined" />
	<Point X="250" Y="275" T="undefined" />
	<Point X="270" Y="275" T="undefined" />
	<Point X="277" Y="275" T="undefined" />
	<Point X="281" Y="275" T="undefined" />
	<Point X="283" Y="275" T="undefined" />
	<Point X="285" Y="275" T="undefined" />
	<Point X="286" Y="275" T="undefined" />
	<Point X="287" Y="274" T="undefined" />
	<Point X="288" Y="272" T="undefined" />
	<Point X="288" Y="269" T="undefined" />
	<Point X="286" Y="264" T="undefined" />
	<Point X="282" Y="253" T="undefined" />
	<Point X="274" Y="242" T="undefined" />
	<Point X="260" Y="227" T="undefined" />
	<Point X="252" Y="217" T="undefined" />
	<Point X="244" Y="208" T="undefined" />
	<Point X="236" Y="196" T="undefined" />
	<Point X="229" Y="187" T="undefined" />
	<Point X="220" Y="177" T="undefined" />
	<Point X="209" Y="169" T="undefined" />
	<Point X="200" Y="162" T="undefined" />
	<Point X="193" Y="158" T="undefined" />
	<Point X="188" Y="153" T="undefined" />
	<Point X="186" Y="150" T="undefined" />
	<Point X="183" Y="147" T="undefined" />
	<Point X="180" Y="144" T="undefined" />
	<Point X="177" Y="143" T="undefined" />
</Gesture>