<?xml version="1.0" encoding="utf-8" standalone="yes"?>
<Gesture Name="Triangle1" NumPts="60">
	<Point X="199" Y="121" T="undefined" />
	<Point X="198" Y="125" T="undefined" />
	<Point X="182" Y="153" T="undefined" />
	<Point X="175" Y="159" T="undefined" />
	<Point X="164" Y="169" T="undefined" />
	<Point X="153" Y="184" T="undefined" />
	<Point X="147" Y="192" T="undefined" />
	<Point X="137" Y="207" T="undefined" />
	<Point X="128" Y="219" T="undefined" />
	<Point X="120" Y="228" T="undefined" />
	<Point X="118" Y="235" T="undefined" />
	<Point X="117" Y="236" T="undefined" />
	<Point X="117" Y="237" T="undefined" />
	<Point X="118" Y="238" T="undefined" />
	<Point X="120" Y="239" T="undefined" />
	<Point X="122" Y="241" T="undefined" />
	<Point X="131" Y="246" T="undefined" />
	<Point X="140" Y="248" T="undefined" />
	<Point X="150" Y="251" T="undefined" />
	<Point X="161" Y="253" T="undefined" />
	<Point X="174" Y="256" T="undefined" />
	<Point X="186" Y="258" T="undefined" />
	<Point X="198" Y="260" T="undefined" />
	<Point X="210" Y="263" T="undefined" />
	<Point X="220" Y="265" T="undefined" />
	<Point X="237" Y="268" T="undefined" />
	<Point X="245" Y="268" T="undefined" />
	<Point X="252" Y="268" T="undefined" />
	<Point X="258" Y="267" T="undefined" />
	<Point X="262" Y="267" T="undefined" />
	<Point X="264" Y="267" T="undefined" />
	<Point X="267" Y="267" T="undefined" />
	<Point X="268" Y="267" T="undefined" />
	<Point X="270" Y="266" T="undefined" />
	<Point X="271" Y="266" T="undefined" />
	<Point X="272" Y="265" T="undefined" />
	<Point X="272" Y="265" T="undefined" />
	<Point X="273" Y="262" T="undefined" />
	<Point X="274" Y="260" T="undefined" />
	<Point X="274" Y="257" T="undefined" />
	<Point X="273" Y="245" T="undefined" />
	<Point X="269" Y="234" T="undefined" />
	<Point X="265" Y="222" T="undefined" />
	<Point X="261" Y="211" T="undefined" />
	<Point X="254" Y="199" T="undefined" />
	<Point X="246" Y="187" T="undefined" />
	<Point X="238" Y="175" T="undefined" />
	<Point X="232" Y="164" T="undefined" />
	<Point X="227" Y="157" T="undefined" />
	<Point X="220" Y="148" T="undefined" />
	<Point X="218" Y="145" T="undefined" />
	<Point X="215" Y="142" T="undefined" />
	<Point X="212" Y="139" T="undefined" />
	<Point X="209" Y="135" T="undefined" />
	<Point X="206" Y="132" T="undefined" />
	<Point X="204" Y="129" T="undefined" />
	<Point X="202" Y="127" T="undefined" />
	<Point X="200" Y="124" T="undefined" />
	<Point X="199" Y="123" T="undefined" />
	<Point X="199" Y="122" T="undefined" />
</Gesture>