<?xml version="1.0" encoding="utf-8" standalone="yes"?>
<Gesture Name="Triangle5" NumPts="82">
	<Point X="209" Y="163" T="undefined" />
	<Point X="209" Y="163" T="undefined" />
	<Point X="208" Y="164" T="undefined" />
	<Point X="206" Y="165" T="undefined" />
	<Point X="198" Y="176" T="undefined" />
	<Point X="192" Y="187" T="undefined" />
	<Point X="182" Y="197" T="undefined" />
	<Point X="170" Y="209" T="undefined" />
	<Point X="157" Y="219" T="undefined" />
	<Point X="146" Y="229" T="undefined" />
	<Point X="140" Y="237" T="undefined" />
	<Point X="135" Y="245" T="undefined" />
	<Point X="129" Y="253" T="undefined" />
	<Point X="124" Y="258" T="undefined" />
	<Point X="118" Y="265" T="undefined" />
	<Point X="108" Y="275" T="undefined" />
	<Point X="99" Y="280" T="undefined" />
	<Point X="87" Y="285" T="undefined" />
	<Point X="75" Y="293" T="undefined" />
	<Point X="66" Y="298" T="undefined" />
	<Point X="63" Y="301" T="undefined" />
	<Point X="61" Y="304" T="undefined" />
	<Point X="61" Y="305" T="undefined" />
	<Point X="63" Y="305" T="undefined" />
	<Point X="66" Y="307" T="undefined" />
	<Point X="79" Y="311" T="undefined" />
	<Point X="98" Y="314" T="undefined" />
	<Point X="121" Y="317" T="undefined" />
	<Point X="143" Y="322" T="undefined" />
	<Point X="174" Y="323" T="undefined" />
	<Point X="192" Y="323" T="undefined" />
	<Point X="214" Y="322" T="undefined" />
	<Point X="232" Y="320" T="undefined" />
	<Point X="249" Y="316" T="undefined" />
	<Point X="264" Y="312" T="undefined" />
	<Point X="276" Y="310" T="undefined" />
	<Point X="283" Y="308" T="undefined" />
	<Point X="286" Y="306" T="undefined" />
	<Point X="293" Y="304" T="undefined" />
	<Point X="304" Y="301" T="undefined" />
	<Point X="312" Y="299" T="undefined" />
	<Point X="317" Y="298" T="undefined" />
	<Point X="320" Y="297" T="undefined" />
	<Point X="320" Y="297" T="undefined" />
	<Point X="320" Y="296" T="undefined" />
	<Point X="320" Y="295" T="undefined" />
	<Point X="320" Y="295" T="undefined" />
	<Point X="320" Y="294" T="undefined" />
	<Point X="318" Y="291" T="undefined" />
	<Point X="315" Y="287" T="undefined" />
	<Point X="312" Y="279" T="undefined" />
	<Point X="308" Y="273" T="undefined" />
	<Point X="302" Y="266" T="undefined" />
	<Point X="294" Y="258" T="undefined" />
	<Point X="284" Y="247" T="undefined" />
	<Point X="280" Y="241" T="undefined" />
	<Point X="274" Y="234" T="undefined" />
	<Point X="268" Y="227" T="undefined" />
	<Point X="264" Y="223" T="undefined" />
	<Point X="262" Y="219" T="undefined" />
	<Point X="258" Y="216" T="undefined" />
	<Point X="255" Y="213" T="undefined" />
	<Point X="251" Y="209" T="undefined" />
	<Point X="248" Y="206" T="undefined" />
	<Point X="245" Y="203" T="undefined" />
	<Point X="242" Y="200" T="undefined" />
	<Point X="239" Y="197" T="undefined" />
	<Point X="236" Y="195" T="undefined" />
	<Point X="234" Y="192" T="undefined" />
	<Point X="231" Y="189" T="undefined" />
	<Point X="226" Y="185" T="undefined" />
	<Point X="224" Y="182" T="undefined" />
	<Point X="221" Y="180" T="undefined" />
	<Point X="218" Y="177" T="undefined" />
	<Point X="216" Y="175" T="undefined" />
	<Point X="213" Y="173" T="undefined" />
	<Point X="211" Y="171" T="undefined" />
	<Point X="208" Y="169" T="undefined" />
	<Point X="207" Y="168" T="undefined" />
	<Point X="206" Y="167" T="undefined" />
	<Point X="205" Y="167" T="undefined" />
	<Point X="204" Y="167" T="undefined" />
</Gesture>