<?xml version="1.0" encoding="utf-8" standalone="yes"?>
<Gesture Name="Triangle3" NumPts="61">
	<Point X="200" Y="167" T="undefined" />
	<Point X="200" Y="167" T="undefined" />
	<Point X="201" Y="169" T="undefined" />
	<Point X="201" Y="172" T="undefined" />
	<Point X="197" Y="184" T="undefined" />
	<Point X="188" Y="196" T="undefined" />
	<Point X="175" Y="212" T="undefined" />
	<Point X="163" Y="232" T="undefined" />
	<Point X="154" Y="249" T="undefined" />
	<Point X="149" Y="261" T="undefined" />
	<Point X="145" Y="272" T="undefined" />
	<Point X="141" Y="283" T="undefined" />
	<Point X="136" Y="293" T="undefined" />
	<Point X="133" Y="297" T="undefined" />
	<Point X="130" Y="300" T="undefined" />
	<Point X="128" Y="302" T="undefined" />
	<Point X="128" Y="303" T="undefined" />
	<Point X="128" Y="303" T="undefined" />
	<Point X="130" Y="303" T="undefined" />
	<Point X="135" Y="303" T="undefined" />
	<Point X="151" Y="303" T="undefined" />
	<Point X="179" Y="305" T="undefined" />
	<Point X="197" Y="307" T="undefined" />
	<Point X="215" Y="309" T="undefined" />
	<Point X="231" Y="311" T="undefined" />
	<Point X="247" Y="312" T="undefined" />
	<Point X="265" Y="314" T="undefined" />
	<Point X="280" Y="316" T="undefined" />
	<Point X="288" Y="316" T="undefined" />
	<Point X="294" Y="316" T="undefined" />
	<Point X="296" Y="315" T="undefined" />
	<Point X="298" Y="314" T="undefined" />
	<Point X="300" Y="313" T="undefined" />
	<Point X="303" Y="310" T="undefined" />
	<Point X="306" Y="308" T="undefined" />
	<Point X="308" Y="307" T="undefined" />
	<Point X="309" Y="307" T="undefined" />
	<Point X="310" Y="307" T="undefined" />
	<Point X="310" Y="306" T="undefined" />
	<Point X="310" Y="305" T="undefined" />
	<Point X="310" Y="302" T="undefined" />
	<Point X="309" Y="296" T="undefined" />
	<Point X="306" Y="287" T="undefined" />
	<Point X="296" Y="269" T="undefined" />
	<Point X="288" Y="258" T="undefined" />
	<Point X="277" Y="246" T="undefined" />
	<Point X="267" Y="235" T="undefined" />
	<Point X="256" Y="224" T="undefined" />
	<Point X="251" Y="218" T="undefined" />
	<Point X="246" Y="212" T="undefined" />
	<Point X="240" Y="205" T="undefined" />
	<Point X="235" Y="200" T="undefined" />
	<Point X="231" Y="195" T="undefined" />
	<Point X="228" Y="192" T="undefined" />
	<Point X="225" Y="189" T="undefined" />
	<Point X="222" Y="186" T="undefined" />
	<Point X="220" Y="183" T="undefined" />
	<Point X="217" Y="180" T="undefined" />
	<Point X="214" Y="177" T="undefined" />
	<Point X="211" Y="174" T="undefined" />
	<Point X="208" Y="171" T="undefined" />
</Gesture>