<?xml version="1.0" encoding="utf-8" standalone="yes"?>
<Gesture Name="Triangle9" NumPts="56">
	<Point X="184" Y="178" T="undefined" />
	<Point X="184" Y="179" T="undefined" />
	<Point X="182" Y="180" T="undefined" />
	<Point X="180" Y="183" T="undefined" />
	<Point X="174" Y="188" T="undefined" />
	<Point X="162" Y="197" T="undefined" />
	<Point X="150" Y="208" T="undefined" />
	<Point X="130" Y="227" T="undefined" />
	<Point X="118" Y="237" T="undefined" />
	<Point X="106" Y="249" T="undefined" />
	<Point X="96" Y="263" T="undefined" />
	<Point X="88" Y="275" T="undefined" />
	<Point X="83" Y="286" T="undefined" />
	<Point X="78" Y="298" T="undefined" />
	<Point X="73" Y="308" T="undefined" />
	<Point X="71" Y="311" T="undefined" />
	<Point X="69" Y="314" T="undefined" />
	<Point X="68" Y="316" T="undefined" />
	<Point X="68" Y="318" T="undefined" />
	<Point X="67" Y="318" T="undefined" />
	<Point X="71" Y="318" T="undefined" />
	<Point X="76" Y="318" T="undefined" />
	<Point X="108" Y="322" T="undefined" />
	<Point X="140" Y="325" T="undefined" />
	<Point X="176" Y="330" T="undefined" />
	<Point X="203" Y="334" T="undefined" />
	<Point X="228" Y="340" T="undefined" />
	<Point X="246" Y="343" T="undefined" />
	<Point X="265" Y="343" T="undefined" />
	<Point X="270" Y="339" T="undefined" />
	<Point X="273" Y="337" T="undefined" />
	<Point X="276" Y="334" T="undefined" />
	<Point X="278" Y="331" T="undefined" />
	<Point X="280" Y="328" T="undefined" />
	<Point X="282" Y="325" T="undefined" />
	<Point X="284" Y="322" T="undefined" />
	<Point X="283" Y="319" T="undefined" />
	<Point X="279" Y="311" T="undefined" />
	<Point X="276" Y="300" T="undefined" />
	<Point X="271" Y="290" T="undefined" />
	<Point X="266" Y="281" T="undefined" />
	<Point X="261" Y="269" T="undefined" />
	<Point X="257" Y="260" T="undefined" />
	<Point X="251" Y="250" T="undefined" />
	<Point X="244" Y="239" T="undefined" />
	<Point X="230" Y="220" T="undefined" />
	<Point X="221" Y="209" T="undefined" />
	<Point X="216" Y="200" T="undefined" />
	<Point X="213" Y="195" T="undefined" />
	<Point X="210" Y="189" T="undefined" />
	<Point X="207" Y="185" T="undefined" />
	<Point X="204" Y="180" T="undefined" />
	<Point X="200" Y="175" T="undefined" />
	<Point X="197" Y="172" T="undefined" />
	<Point X="194" Y="169" T="undefined" />
	<Point X="192" Y="166" T="undefined" />
</Gesture>