<?xml version="1.0" encoding="utf-8" standalone="yes"?>
<Gesture Name="V0" NumPts="27">
	<Point X="108" Y="180" T="undefined" />
	<Point X="109" Y="182" T="undefined" />
	<Point X="111" Y="191" T="undefined" />
	<Point X="123" Y="228" T="undefined" />
	<Point X="152" Y="302" T="undefined" />
	<Point X="174" Y="360" T="undefined" />
	<Point X="187" Y="389" T="undefined" />
	<Point X="192" Y="400" T="undefined" />
	<Point X="200" Y="414" T="undefined" />
	<Point X="205" Y="419" T="undefined" />
	<Point X="206" Y="421" T="undefined" />
	<Point X="207" Y="422" T="undefined" />
	<Point X="208" Y="422" T="undefined" />
	<Point X="208" Y="422" T="undefined" />
	<Point X="209" Y="422" T="undefined" />
	<Point X="213" Y="420" T="undefined" />
	<Point X="221" Y="410" T="undefined" />
	<Point X="262" Y="366" T="undefined" />
	<Point X="295" Y="322" T="undefined" />
	<Point X="319" Y="274" T="undefined" />
	<Point X="326" Y="246" T="undefined" />
	<Point X="330" Y="222" T="undefined" />
	<Point X="333" Y="213" T="undefined" />
	<Point X="334" Y="210" T="undefined" />
	<Point X="335" Y="209" T="undefined" />
	<Point X="335" Y="210" T="undefined" />
	<Point X="335" Y="210" T="undefined" />
</Gesture>