<?xml version="1.0" encoding="utf-8" standalone="yes"?>
<Gesture Name="V1" NumPts="28">
	<Point X="149" Y="179" T="undefined" />
	<Point X="149" Y="179" T="undefined" />
	<Point X="149" Y="179" T="undefined" />
	<Point X="149" Y="179" T="undefined" />
	<Point X="150" Y="183" T="undefined" />
	<Point X="166" Y="220" T="undefined" />
	<Point X="201" Y="306" T="undefined" />
	<Point X="224" Y="370" T="undefined" />
	<Point X="233" Y="388" T="undefined" />
	<Point X="247" Y="416" T="undefined" />
	<Point X="262" Y="440" T="undefined" />
	<Point X="268" Y="447" T="undefined" />
	<Point X="270" Y="450" T="undefined" />
	<Point X="272" Y="452" T="undefined" />
	<Point X="272" Y="452" T="undefined" />
	<Point X="272" Y="451" T="undefined" />
	<Point X="272" Y="449" T="undefined" />
	<Point X="273" Y="442" T="undefined" />
	<Point X="278" Y="411" T="undefined" />
	<Point X="286" Y="380" T="undefined" />
	<Point X="294" Y="348" T="undefined" />
	<Point X="304" Y="306" T="undefined" />
	<Point X="307" Y="284" T="undefined" />
	<Point X="311" Y="266" T="undefined" />
	<Point X="314" Y="253" T="undefined" />
	<Point X="315" Y="249" T="undefined" />
	<Point X="316" Y="248" T="undefined" />
	<Point X="316" Y="247" T="undefined" />
</Gesture>