<?xml version="1.0" encoding="utf-8" standalone="yes"?>
<Gesture Name="V5" NumPts="20">
	<Point X="96" Y="205" T="undefined" />
	<Point X="99" Y="214" T="undefined" />
	<Point X="108" Y="242" T="undefined" />
	<Point X="123" Y="277" T="undefined" />
	<Point X="140" Y="314" T="undefined" />
	<Point X="156" Y="343" T="undefined" />
	<Point X="159" Y="348" T="undefined" />
	<Point X="161" Y="352" T="undefined" />
	<Point X="162" Y="353" T="undefined" />
	<Point X="162" Y="354" T="undefined" />
	<Point X="163" Y="354" T="undefined" />
	<Point X="164" Y="354" T="undefined" />
	<Point X="166" Y="350" T="undefined" />
	<Point X="171" Y="344" T="undefined" />
	<Point X="196" Y="313" T="undefined" />
	<Point X="234" Y="260" T="undefined" />
	<Point X="265" Y="204" T="undefined" />
	<Point X="275" Y="184" T="undefined" />
	<Point X="284" Y="172" T="undefined" />
	<Point X="286" Y="169" T="undefined" />
</Gesture>