<?xml version="1.0" encoding="utf-8" standalone="yes"?>
<Gesture Name="V6" NumPts="21">
	<Point X="64" Y="109" T="undefined" />
	<Point X="64" Y="109" T="undefined" />
	<Point X="73" Y="130" T="undefined" />
	<Point X="108" Y="202" T="undefined" />
	<Point X="140" Y="264" T="undefined" />
	<Point X="160" Y="313" T="undefined" />
	<Point X="179" Y="352" T="undefined" />
	<Point X="184" Y="361" T="undefined" />
	<Point X="187" Y="364" T="undefined" />
	<Point X="188" Y="366" T="undefined" />
	<Point X="189" Y="366" T="undefined" />
	<Point X="190" Y="366" T="undefined" />
	<Point X="192" Y="364" T="undefined" />
	<Point X="196" Y="359" T="undefined" />
	<Point X="219" Y="325" T="undefined" />
	<Point X="265" Y="254" T="undefined" />
	<Point X="311" Y="182" T="undefined" />
	<Point X="359" Y="94" T="undefined" />
	<Point X="370" Y="75" T="undefined" />
	<Point X="374" Y="69" T="undefined" />
	<Point X="373" Y="70" T="undefined" />
</Gesture>