<?xml version="1.0" encoding="utf-8" standalone="yes"?>
<Gesture Name="V9" NumPts="19">
	<Point X="107" Y="197" T="undefined" />
	<Point X="107" Y="197" T="undefined" />
	<Point X="112" Y="210" T="undefined" />
	<Point X="137" Y="268" T="undefined" />
	<Point X="152" Y="309" T="undefined" />
	<Point X="165" Y="338" T="undefined" />
	<Point X="182" Y="377" T="undefined" />
	<Point X="194" Y="397" T="undefined" />
	<Point X="204" Y="413" T="undefined" />
	<Point X="214" Y="426" T="undefined" />
	<Point X="216" Y="428" T="undefined" />
	<Point X="218" Y="430" T="undefined" />
	<Point X="220" Y="426" T="undefined" />
	<Point X="224" Y="408" T="undefined" />
	<Point X="233" Y="336" T="undefined" />
	<Point X="251" Y="222" T="undefined" />
	<Point X="258" Y="193" T="undefined" />
	<Point X="263" Y="178" T="undefined" />
	<Point X="264" Y="176" T="undefined" />
</Gesture>