<?xml version="1.0" encoding="utf-8" standalone="yes"?>
<Gesture Name="Right Square Bracket7" NumPts="24">
	<Point X="254" Y="125" T="undefined" />
	<Point X="264" Y="126" T="undefined" />
	<Point X="275" Y="130" T="undefined" />
	<Point X="297" Y="140" T="undefined" />
	<Point X="312" Y="148" T="undefined" />
	<Point X="328" Y="155" T="undefined" />
	<Point X="334" Y="157" T="undefined" />
	<Point X="340" Y="160" T="undefined" />
	<Point X="347" Y="166" T="undefined" />
	<Point X="357" Y="191" T="undefined" />
	<Point X="365" Y="243" T="undefined" />
	<Point X="367" Y="309" T="undefined" />
	<Point X="367" Y="360" T="undefined" />
	<Point X="368" Y="380" T="undefined" />
	<Point X="369" Y="390" T="undefined" />
	<Point X="370" Y="395" T="undefined" />
	<Point X="371" Y="396" T="undefined" />
	<Point X="372" Y="397" T="undefined" />
	<Point X="370" Y="397" T="undefined" />
	<Point X="360" Y="397" T="undefined" />
	<Point X="330" Y="396" T="undefined" />
	<Point X="276" Y="390" T="undefined" />
	<Point X="264" Y="388" T="undefined" />
	<Point X="259" Y="386" T="undefined" />
</Gesture>