<?xml version="1.0" encoding="utf-8" standalone="yes"?>
<Gesture Name="Right Square Bracket4" NumPts="36">
	<Point X="186" Y="99" T="undefined" />
	<Point X="194" Y="99" T="undefined" />
	<Point X="206" Y="99" T="undefined" />
	<Point X="248" Y="99" T="undefined" />
	<Point X="288" Y="101" T="undefined" />
	<Point X="312" Y="105" T="undefined" />
	<Point X="318" Y="105" T="undefined" />
	<Point X="319" Y="106" T="undefined" />
	<Point X="321" Y="106" T="undefined" />
	<Point X="322" Y="106" T="undefined" />
	<Point X="322" Y="106" T="undefined" />
	<Point X="323" Y="106" T="undefined" />
	<Point X="323" Y="107" T="undefined" />
	<Point X="324" Y="109" T="undefined" />
	<Point X="326" Y="133" T="undefined" />
	<Point X="330" Y="204" T="undefined" />
	<Point X="334" Y="306" T="undefined" />
	<Point X="339" Y="394" T="undefined" />
	<Point X="344" Y="426" T="undefined" />
	<Point X="346" Y="444" T="undefined" />
	<Point X="348" Y="452" T="undefined" />
	<Point X="348" Y="454" T="undefined" />
	<Point X="348" Y="455" T="undefined" />
	<Point X="348" Y="456" T="undefined" />
	<Point X="346" Y="456" T="undefined" />
	<Point X="338" Y="455" T="undefined" />
	<Point X="313" Y="454" T="undefined" />
	<Point X="263" Y="450" T="undefined" />
	<Point X="200" Y="443" T="undefined" />
	<Point X="182" Y="440" T="undefined" />
	<Point X="174" Y="439" T="undefined" />
	<Point X="174" Y="439" T="undefined" />
	<Point X="173" Y="439" T="undefined" />
	<Point X="173" Y="438" T="undefined" />
	<Point X="173" Y="438" T="undefined" />
	<Point X="173" Y="436" T="undefined" />
</Gesture>