<?xml version="1.0" encoding="utf-8" standalone="yes"?>
<Gesture Name="Right Square Bracket6" NumPts="34">
	<Point X="216" Y="114" T="undefined" />
	<Point X="216" Y="114" T="undefined" />
	<Point X="225" Y="116" T="undefined" />
	<Point X="242" Y="122" T="undefined" />
	<Point X="286" Y="134" T="undefined" />
	<Point X="306" Y="140" T="undefined" />
	<Point X="319" Y="143" T="undefined" />
	<Point X="327" Y="145" T="undefined" />
	<Point X="329" Y="146" T="undefined" />
	<Point X="330" Y="146" T="undefined" />
	<Point X="331" Y="146" T="undefined" />
	<Point X="331" Y="146" T="undefined" />
	<Point X="331" Y="147" T="undefined" />
	<Point X="331" Y="153" T="undefined" />
	<Point X="328" Y="168" T="undefined" />
	<Point X="326" Y="216" T="undefined" />
	<Point X="324" Y="260" T="undefined" />
	<Point X="325" Y="298" T="undefined" />
	<Point X="329" Y="344" T="undefined" />
	<Point X="333" Y="372" T="undefined" />
	<Point X="337" Y="394" T="undefined" />
	<Point X="342" Y="415" T="undefined" />
	<Point X="343" Y="422" T="undefined" />
	<Point X="344" Y="426" T="undefined" />
	<Point X="345" Y="428" T="undefined" />
	<Point X="345" Y="428" T="undefined" />
	<Point X="344" Y="428" T="undefined" />
	<Point X="339" Y="428" T="undefined" />
	<Point X="302" Y="424" T="undefined" />
	<Point X="264" Y="420" T="undefined" />
	<Point X="240" Y="418" T="undefined" />
	<Point X="226" Y="414" T="undefined" />
	<Point X="224" Y="414" T="undefined" />
	<Point X="221" Y="413" T="undefined" />
</Gesture>