<?xml version="1.0" encoding="utf-8" standalone="yes"?>
<Gesture Name="Right Square Bracket3" NumPts="34">
	<Point X="265" Y="104" T="undefined" />
	<Point X="265" Y="104" T="undefined" />
	<Point X="268" Y="104" T="undefined" />
	<Point X="275" Y="104" T="undefined" />
	<Point X="288" Y="106" T="undefined" />
	<Point X="333" Y="118" T="undefined" />
	<Point X="372" Y="134" T="undefined" />
	<Point X="386" Y="140" T="undefined" />
	<Point X="394" Y="144" T="undefined" />
	<Point X="395" Y="145" T="undefined" />
	<Point X="396" Y="145" T="undefined" />
	<Point X="397" Y="145" T="undefined" />
	<Point X="397" Y="146" T="undefined" />
	<Point X="397" Y="147" T="undefined" />
	<Point X="396" Y="162" T="undefined" />
	<Point X="390" Y="198" T="undefined" />
	<Point X="385" Y="259" T="undefined" />
	<Point X="384" Y="330" T="undefined" />
	<Point X="388" Y="378" T="undefined" />
	<Point X="396" Y="424" T="undefined" />
	<Point X="403" Y="448" T="undefined" />
	<Point X="409" Y="469" T="undefined" />
	<Point X="410" Y="474" T="undefined" />
	<Point X="411" Y="476" T="undefined" />
	<Point X="411" Y="476" T="undefined" />
	<Point X="410" Y="476" T="undefined" />
	<Point X="406" Y="476" T="undefined" />
	<Point X="398" Y="476" T="undefined" />
	<Point X="354" Y="476" T="undefined" />
	<Point X="325" Y="473" T="undefined" />
	<Point X="298" Y="468" T="undefined" />
	<Point X="293" Y="467" T="undefined" />
	<Point X="291" Y="466" T="undefined" />
	<Point X="290" Y="466" T="undefined" />
</Gesture>