<?xml version="1.0" encoding="utf-8" standalone="yes"?>
<Gesture Name="Right Square Bracket5" NumPts="29">
	<Point X="178" Y="80" T="undefined" />
	<Point X="178" Y="80" T="undefined" />
	<Point X="231" Y="84" T="undefined" />
	<Point X="281" Y="94" T="undefined" />
	<Point X="318" Y="102" T="undefined" />
	<Point X="336" Y="106" T="undefined" />
	<Point X="340" Y="108" T="undefined" />
	<Point X="342" Y="108" T="undefined" />
	<Point X="342" Y="108" T="undefined" />
	<Point X="342" Y="109" T="undefined" />
	<Point X="342" Y="117" T="undefined" />
	<Point X="335" Y="138" T="undefined" />
	<Point X="325" Y="176" T="undefined" />
	<Point X="310" Y="264" T="undefined" />
	<Point X="306" Y="316" T="undefined" />
	<Point X="305" Y="367" T="undefined" />
	<Point X="306" Y="392" T="undefined" />
	<Point X="308" Y="409" T="undefined" />
	<Point X="309" Y="418" T="undefined" />
	<Point X="309" Y="420" T="undefined" />
	<Point X="309" Y="420" T="undefined" />
	<Point X="308" Y="420" T="undefined" />
	<Point X="289" Y="418" T="undefined" />
	<Point X="239" Y="415" T="undefined" />
	<Point X="186" Y="413" T="undefined" />
	<Point X="148" Y="412" T="undefined" />
	<Point X="140" Y="412" T="undefined" />
	<Point X="135" Y="411" T="undefined" />
	<Point X="134" Y="411" T="undefined" />
</Gesture>