<?xml version="1.0" encoding="utf-8" standalone="yes"?>
<Gesture Name="arrow02" NumPts="39">
	<Point X="127" Y="320" T="0" />
	<Point X="127" Y="320" T="0" />
	<Point X="129" Y="318" T="0" />
	<Point X="144" Y="306" T="0" />
	<Point X="214" Y="266" T="0" />
	<Point X="245" Y="250" T="0" />
	<Point X="272" Y="240" T="0" />
	<Point X="296" Y="232" T="0" />
	<Point X="313" Y="226" T="0" />
	<Point X="326" Y="222" T="0" />
	<Point X="330" Y="220" T="0" />
	<Point X="332" Y="219" T="0" />
	<Point X="333" Y="217" T="0" />
	<Point X="334" Y="216" T="0" />
	<Point X="333" Y="215" T="0" />
	<Point X="332" Y="213" T="0" />
	<Point X="316" Y="207" T="0" />
	<Point X="291" Y="200" T="0" />
	<Point X="262" Y="198" T="0" />
	<Point X="241" Y="196" T="0" />
	<Point X="234" Y="194" T="0" />
	<Point X="229" Y="194" T="0" />
	<Point X="226" Y="194" T="0" />
	<Point X="226" Y="194" T="0" />
	<Point X="226" Y="194" T="0" />
	<Point X="228" Y="194" T="0" />
	<Point X="240" Y="194" T="0" />
	<Point X="251" Y="197" T="0" />
	<Point X="308" Y="212" T="0" />
	<Point X="334" Y="221" T="0" />
	<Point X="350" Y="228" T="0" />
	<Point X="358" Y="234" T="0" />
	<Point X="363" Y="240" T="0" />
	<Point X="365" Y="245" T="0" />
	<Point X="364" Y="254" T="0" />
	<Point X="360" Y="269" T="0" />
	<Point X="350" Y="290" T="0" />
	<Point X="342" Y="306" T="0" />
	<Point X="338" Y="316" T="0" />
</Gesture>