<?xml version="1.0" encoding="utf-8" standalone="yes"?>
<Gesture Name="arrow05" NumPts="51">
	<Point X="112" Y="297" T="0" />
	<Point X="116" Y="296" T="0" />
	<Point X="123" Y="294" T="0" />
	<Point X="135" Y="290" T="0" />
	<Point X="203" Y="276" T="0" />
	<Point X="281" Y="266" T="0" />
	<Point X="340" Y="256" T="0" />
	<Point X="382" Y="248" T="0" />
	<Point X="397" Y="244" T="0" />
	<Point X="402" Y="242" T="0" />
	<Point X="406" Y="240" T="0" />
	<Point X="407" Y="240" T="0" />
	<Point X="409" Y="238" T="0" />
	<Point X="410" Y="238" T="0" />
	<Point X="411" Y="237" T="0" />
	<Point X="412" Y="236" T="0" />
	<Point X="411" Y="236" T="0" />
	<Point X="406" Y="234" T="0" />
	<Point X="391" Y="232" T="0" />
	<Point X="362" Y="229" T="0" />
	<Point X="333" Y="226" T="0" />
	<Point X="314" Y="224" T="0" />
	<Point X="303" Y="222" T="0" />
	<Point X="298" Y="220" T="0" />
	<Point X="294" Y="218" T="0" />
	<Point X="291" Y="217" T="0" />
	<Point X="289" Y="216" T="0" />
	<Point X="288" Y="215" T="0" />
	<Point X="287" Y="214" T="0" />
	<Point X="288" Y="214" T="0" />
	<Point X="292" Y="214" T="0" />
	<Point X="308" Y="217" T="0" />
	<Point X="347" Y="223" T="0" />
	<Point X="394" Y="232" T="0" />
	<Point X="418" Y="239" T="0" />
	<Point X="428" Y="241" T="0" />
	<Point X="434" Y="243" T="0" />
	<Point X="436" Y="243" T="0" />
	<Point X="437" Y="243" T="0" />
	<Point X="438" Y="243" T="0" />
	<Point X="438" Y="243" T="0" />
	<Point X="439" Y="244" T="0" />
	<Point X="439" Y="244" T="0" />
	<Point X="439" Y="245" T="0" />
	<Point X="437" Y="248" T="0" />
	<Point X="432" Y="258" T="0" />
	<Point X="415" Y="280" T="0" />
	<Point X="394" Y="302" T="0" />
	<Point X="380" Y="317" T="0" />
	<Point X="378" Y="319" T="0" />
	<Point X="376" Y="321" T="0" />
</Gesture>