<?xml version="1.0" encoding="utf-8" standalone="yes"?>
<Gesture Name="arrow09" NumPts="51">
	<Point X="125" Y="264" T="0" />
	<Point X="132" Y="264" T="0" />
	<Point X="148" Y="262" T="0" />
	<Point X="170" Y="260" T="0" />
	<Point X="259" Y="251" T="0" />
	<Point X="314" Y="244" T="0" />
	<Point X="362" Y="239" T="0" />
	<Point X="383" Y="235" T="0" />
	<Point X="392" Y="234" T="0" />
	<Point X="398" Y="232" T="0" />
	<Point X="399" Y="232" T="0" />
	<Point X="400" Y="232" T="0" />
	<Point X="401" Y="232" T="0" />
	<Point X="401" Y="231" T="0" />
	<Point X="400" Y="229" T="0" />
	<Point X="396" Y="224" T="0" />
	<Point X="371" Y="206" T="0" />
	<Point X="342" Y="189" T="0" />
	<Point X="315" Y="176" T="0" />
	<Point X="288" Y="163" T="0" />
	<Point X="281" Y="160" T="0" />
	<Point X="278" Y="158" T="0" />
	<Point X="276" Y="156" T="0" />
	<Point X="276" Y="156" T="0" />
	<Point X="276" Y="156" T="0" />
	<Point X="277" Y="156" T="0" />
	<Point X="278" Y="156" T="0" />
	<Point X="287" Y="161" T="0" />
	<Point X="304" Y="167" T="0" />
	<Point X="345" Y="183" T="0" />
	<Point X="370" Y="192" T="0" />
	<Point X="389" Y="200" T="0" />
	<Point X="406" Y="207" T="0" />
	<Point X="413" Y="210" T="0" />
	<Point X="416" Y="212" T="0" />
	<Point X="418" Y="214" T="0" />
	<Point X="418" Y="214" T="0" />
	<Point X="419" Y="214" T="0" />
	<Point X="419" Y="215" T="0" />
	<Point X="419" Y="216" T="0" />
	<Point X="418" Y="216" T="0" />
	<Point X="416" Y="220" T="0" />
	<Point X="405" Y="238" T="0" />
	<Point X="386" Y="272" T="0" />
	<Point X="362" Y="316" T="0" />
	<Point X="334" Y="358" T="0" />
	<Point X="323" Y="372" T="0" />
	<Point X="317" Y="379" T="0" />
	<Point X="314" Y="382" T="0" />
	<Point X="313" Y="383" T="0" />
	<Point X="313" Y="382" T="0" />
</Gesture>