<?xml version="1.0" encoding="utf-8" standalone="yes"?>
<Gesture Name="arrow01" NumPts="49">
	<Point X="107" Y="303" T="0" />
	<Point X="108" Y="302" T="0" />
	<Point X="115" Y="300" T="0" />
	<Point X="125" Y="294" T="0" />
	<Point X="219" Y="254" T="0" />
	<Point X="270" Y="235" T="0" />
	<Point X="311" Y="220" T="0" />
	<Point X="334" Y="212" T="0" />
	<Point X="345" Y="208" T="0" />
	<Point X="351" Y="205" T="0" />
	<Point X="353" Y="204" T="0" />
	<Point X="354" Y="204" T="0" />
	<Point X="354" Y="203" T="0" />
	<Point X="354" Y="202" T="0" />
	<Point X="354" Y="202" T="0" />
	<Point X="354" Y="202" T="0" />
	<Point X="350" Y="200" T="0" />
	<Point X="334" Y="195" T="0" />
	<Point X="314" Y="193" T="0" />
	<Point X="290" Y="189" T="0" />
	<Point X="265" Y="184" T="0" />
	<Point X="253" Y="182" T="0" />
	<Point X="244" Y="182" T="0" />
	<Point X="238" Y="182" T="0" />
	<Point X="235" Y="182" T="0" />
	<Point X="232" Y="182" T="0" />
	<Point X="230" Y="182" T="0" />
	<Point X="232" Y="182" T="0" />
	<Point X="239" Y="182" T="0" />
	<Point X="279" Y="185" T="0" />
	<Point X="318" Y="189" T="0" />
	<Point X="350" Y="192" T="0" />
	<Point X="370" Y="194" T="0" />
	<Point X="372" Y="195" T="0" />
	<Point X="374" Y="195" T="0" />
	<Point X="376" Y="195" T="0" />
	<Point X="376" Y="196" T="0" />
	<Point X="376" Y="196" T="0" />
	<Point X="376" Y="198" T="0" />
	<Point X="375" Y="199" T="0" />
	<Point X="371" Y="207" T="0" />
	<Point X="358" Y="226" T="0" />
	<Point X="347" Y="241" T="0" />
	<Point X="332" Y="266" T="0" />
	<Point X="330" Y="272" T="0" />
	<Point X="328" Y="276" T="0" />
	<Point X="328" Y="276" T="0" />
	<Point X="328" Y="277" T="0" />
	<Point X="327" Y="277" T="0" />
</Gesture>