<?xml version="1.0" encoding="utf-8" standalone="yes"?>
<Gesture Name="arrow08" NumPts="51">
	<Point X="133" Y="246" T="0" />
	<Point X="144" Y="246" T="0" />
	<Point X="169" Y="244" T="0" />
	<Point X="226" Y="240" T="0" />
	<Point X="282" Y="234" T="0" />
	<Point X="318" Y="231" T="0" />
	<Point X="351" Y="224" T="0" />
	<Point X="358" Y="224" T="0" />
	<Point X="360" Y="223" T="0" />
	<Point X="362" Y="223" T="0" />
	<Point X="363" Y="223" T="0" />
	<Point X="364" Y="223" T="0" />
	<Point X="364" Y="222" T="0" />
	<Point X="363" Y="221" T="0" />
	<Point X="360" Y="220" T="0" />
	<Point X="355" Y="216" T="0" />
	<Point X="333" Y="210" T="0" />
	<Point X="310" Y="203" T="0" />
	<Point X="287" Y="200" T="0" />
	<Point X="260" Y="194" T="0" />
	<Point X="253" Y="194" T="0" />
	<Point X="248" Y="193" T="0" />
	<Point X="246" Y="192" T="0" />
	<Point X="246" Y="192" T="0" />
	<Point X="244" Y="191" T="0" />
	<Point X="245" Y="191" T="0" />
	<Point X="247" Y="191" T="0" />
	<Point X="252" Y="191" T="0" />
	<Point X="274" Y="196" T="0" />
	<Point X="300" Y="204" T="0" />
	<Point X="327" Y="214" T="0" />
	<Point X="360" Y="226" T="0" />
	<Point X="371" Y="230" T="0" />
	<Point X="378" Y="234" T="0" />
	<Point X="380" Y="234" T="0" />
	<Point X="382" Y="234" T="0" />
	<Point X="383" Y="235" T="0" />
	<Point X="384" Y="235" T="0" />
	<Point X="384" Y="235" T="0" />
	<Point X="384" Y="235" T="0" />
	<Point X="383" Y="236" T="0" />
	<Point X="380" Y="238" T="0" />
	<Point X="364" Y="250" T="0" />
	<Point X="341" Y="269" T="0" />
	<Point X="317" Y="290" T="0" />
	<Point X="294" Y="313" T="0" />
	<Point X="285" Y="320" T="0" />
	<Point X="280" Y="326" T="0" />
	<Point X="279" Y="326" T="0" />
	<Point X="278" Y="327" T="0" />
	<Point X="278" Y="326" T="0" />
</Gesture>