<?xml version="1.0" encoding="utf-8" standalone="yes"?>
<Gesture Name="arrow10" NumPts="56">
	<Point X="115" Y="292" T="0" />
	<Point X="123" Y="289" T="0" />
	<Point X="138" Y="282" T="0" />
	<Point X="179" Y="266" T="0" />
	<Point X="212" Y="251" T="0" />
	<Point X="230" Y="242" T="0" />
	<Point X="246" Y="235" T="0" />
	<Point X="251" Y="232" T="0" />
	<Point X="254" Y="230" T="0" />
	<Point X="257" Y="228" T="0" />
	<Point X="258" Y="227" T="0" />
	<Point X="259" Y="226" T="0" />
	<Point X="260" Y="226" T="0" />
	<Point X="260" Y="225" T="0" />
	<Point X="260" Y="224" T="0" />
	<Point X="259" Y="223" T="0" />
	<Point X="257" Y="222" T="0" />
	<Point X="242" Y="216" T="0" />
	<Point X="218" Y="210" T="0" />
	<Point X="187" Y="206" T="0" />
	<Point X="159" Y="204" T="0" />
	<Point X="149" Y="204" T="0" />
	<Point X="142" Y="204" T="0" />
	<Point X="140" Y="204" T="0" />
	<Point X="139" Y="204" T="0" />
	<Point X="138" Y="204" T="0" />
	<Point X="138" Y="204" T="0" />
	<Point X="140" Y="204" T="0" />
	<Point X="146" Y="202" T="0" />
	<Point X="154" Y="202" T="0" />
	<Point X="176" Y="204" T="0" />
	<Point X="220" Y="212" T="0" />
	<Point X="244" Y="220" T="0" />
	<Point X="260" Y="225" T="0" />
	<Point X="270" Y="229" T="0" />
	<Point X="275" Y="230" T="0" />
	<Point X="277" Y="230" T="0" />
	<Point X="278" Y="231" T="0" />
	<Point X="280" Y="231" T="0" />
	<Point X="280" Y="231" T="0" />
	<Point X="281" Y="231" T="0" />
	<Point X="282" Y="231" T="0" />
	<Point X="282" Y="232" T="0" />
	<Point X="282" Y="232" T="0" />
	<Point X="282" Y="234" T="0" />
	<Point X="281" Y="236" T="0" />
	<Point X="278" Y="243" T="0" />
	<Point X="271" Y="254" T="0" />
	<Point X="260" Y="268" T="0" />
	<Point X="246" Y="290" T="0" />
	<Point X="240" Y="298" T="0" />
	<Point X="238" Y="302" T="0" />
	<Point X="236" Y="306" T="0" />
	<Point X="236" Y="306" T="0" />
	<Point X="235" Y="306" T="0" />
	<Point X="235" Y="304" T="0" />
</Gesture>