<?xml version="1.0" encoding="utf-8" standalone="yes"?>
<Gesture Name="arrow06" NumPts="47">
	<Point X="130" Y="265" T="0" />
	<Point X="153" Y="261" T="0" />
	<Point X="246" Y="242" T="0" />
	<Point X="315" Y="230" T="0" />
	<Point X="361" Y="224" T="0" />
	<Point X="391" Y="220" T="0" />
	<Point X="397" Y="219" T="0" />
	<Point X="399" Y="219" T="0" />
	<Point X="400" Y="219" T="0" />
	<Point X="400" Y="218" T="0" />
	<Point X="398" Y="218" T="0" />
	<Point X="393" Y="216" T="0" />
	<Point X="380" Y="212" T="0" />
	<Point X="334" Y="198" T="0" />
	<Point X="303" Y="193" T="0" />
	<Point X="282" Y="189" T="0" />
	<Point X="266" Y="187" T="0" />
	<Point X="261" Y="186" T="0" />
	<Point X="257" Y="185" T="0" />
	<Point X="254" Y="184" T="0" />
	<Point X="253" Y="184" T="0" />
	<Point X="253" Y="183" T="0" />
	<Point X="254" Y="183" T="0" />
	<Point X="254" Y="183" T="0" />
	<Point X="257" Y="183" T="0" />
	<Point X="263" Y="183" T="0" />
	<Point X="296" Y="188" T="0" />
	<Point X="349" Y="199" T="0" />
	<Point X="382" Y="208" T="0" />
	<Point X="406" Y="216" T="0" />
	<Point X="422" Y="221" T="0" />
	<Point X="426" Y="222" T="0" />
	<Point X="428" Y="223" T="0" />
	<Point X="428" Y="224" T="0" />
	<Point X="429" Y="224" T="0" />
	<Point X="429" Y="225" T="0" />
	<Point X="429" Y="226" T="0" />
	<Point X="428" Y="226" T="0" />
	<Point X="426" Y="227" T="0" />
	<Point X="422" Y="230" T="0" />
	<Point X="402" Y="252" T="0" />
	<Point X="375" Y="278" T="0" />
	<Point X="356" Y="299" T="0" />
	<Point X="346" Y="311" T="0" />
	<Point X="341" Y="317" T="0" />
	<Point X="340" Y="318" T="0" />
	<Point X="339" Y="320" T="0" />
</Gesture>