<?xml version="1.0" encoding="utf-8" standalone="yes"?>
<Gesture Name="arrow04" NumPts="80">
	<Point X="126" Y="332" T="0" />
	<Point X="128" Y="330" T="0" />
	<Point X="134" Y="326" T="0" />
	<Point X="158" Y="312" T="0" />
	<Point X="184" Y="298" T="0" />
	<Point X="206" Y="288" T="0" />
	<Point X="225" Y="281" T="0" />
	<Point X="238" Y="277" T="0" />
	<Point X="249" Y="274" T="0" />
	<Point X="258" Y="272" T="0" />
	<Point X="264" Y="270" T="0" />
	<Point X="274" Y="266" T="0" />
	<Point X="280" Y="263" T="0" />
	<Point X="286" Y="260" T="0" />
	<Point X="290" Y="259" T="0" />
	<Point X="294" Y="256" T="0" />
	<Point X="297" Y="256" T="0" />
	<Point X="298" Y="254" T="0" />
	<Point X="301" Y="253" T="0" />
	<Point X="302" Y="253" T="0" />
	<Point X="302" Y="252" T="0" />
	<Point X="303" Y="252" T="0" />
	<Point X="302" Y="250" T="0" />
	<Point X="301" Y="250" T="0" />
	<Point X="298" Y="248" T="0" />
	<Point X="295" Y="246" T="0" />
	<Point X="291" Y="244" T="0" />
	<Point X="286" Y="242" T="0" />
	<Point X="280" Y="240" T="0" />
	<Point X="275" Y="238" T="0" />
	<Point X="271" Y="238" T="0" />
	<Point X="267" Y="236" T="0" />
	<Point X="264" Y="236" T="0" />
	<Point X="262" Y="236" T="0" />
	<Point X="258" Y="236" T="0" />
	<Point X="256" Y="236" T="0" />
	<Point X="255" Y="236" T="0" />
	<Point X="253" Y="236" T="0" />
	<Point X="252" Y="236" T="0" />
	<Point X="250" Y="236" T="0" />
	<Point X="248" Y="235" T="0" />
	<Point X="247" Y="234" T="0" />
	<Point X="246" Y="234" T="0" />
	<Point X="244" Y="233" T="0" />
	<Point X="243" Y="232" T="0" />
	<Point X="242" Y="232" T="0" />
	<Point X="244" Y="232" T="0" />
	<Point X="248" Y="232" T="0" />
	<Point X="254" Y="234" T="0" />
	<Point X="262" Y="236" T="0" />
	<Point X="273" Y="239" T="0" />
	<Point X="280" Y="240" T="0" />
	<Point X="285" Y="242" T="0" />
	<Point X="290" Y="244" T="0" />
	<Point X="295" Y="244" T="0" />
	<Point X="300" Y="246" T="0" />
	<Point X="305" Y="248" T="0" />
	<Point X="307" Y="249" T="0" />
	<Point X="309" Y="250" T="0" />
	<Point X="313" Y="252" T="0" />
	<Point X="315" Y="253" T="0" />
	<Point X="318" Y="255" T="0" />
	<Point X="320" Y="256" T="0" />
	<Point X="323" Y="257" T="0" />
	<Point X="324" Y="257" T="0" />
	<Point X="326" Y="258" T="0" />
	<Point X="326" Y="258" T="0" />
	<Point X="327" Y="259" T="0" />
	<Point X="327" Y="260" T="0" />
	<Point X="326" Y="260" T="0" />
	<Point X="325" Y="260" T="0" />
	<Point X="315" Y="266" T="0" />
	<Point X="302" Y="278" T="0" />
	<Point X="285" Y="295" T="0" />
	<Point X="272" Y="310" T="0" />
	<Point X="262" Y="321" T="0" />
	<Point X="258" Y="328" T="0" />
	<Point X="255" Y="331" T="0" />
	<Point X="254" Y="332" T="0" />
	<Point X="254" Y="334" T="0" />
</Gesture>