<?xml version="1.0" encoding="utf-8" standalone="yes"?>
<Gesture Name="caret02" NumPts="22">
	<Point X="122" Y="318" T="0" />
	<Point X="122" Y="318" T="0" />
	<Point X="123" Y="315" T="0" />
	<Point X="146" Y="284" T="0" />
	<Point X="205" Y="204" T="0" />
	<Point X="250" Y="148" T="0" />
	<Point X="270" Y="123" T="0" />
	<Point X="278" Y="112" T="0" />
	<Point X="280" Y="107" T="0" />
	<Point X="281" Y="106" T="0" />
	<Point X="282" Y="104" T="0" />
	<Point X="282" Y="104" T="0" />
	<Point X="283" Y="105" T="0" />
	<Point X="284" Y="109" T="0" />
	<Point X="286" Y="118" T="0" />
	<Point X="288" Y="140" T="0" />
	<Point X="296" Y="178" T="0" />
	<Point X="309" Y="220" T="0" />
	<Point X="318" Y="244" T="0" />
	<Point X="325" Y="258" T="0" />
	<Point X="329" Y="266" T="0" />
	<Point X="332" Y="268" T="0" />
</Gesture>