<?xml version="1.0" encoding="utf-8" standalone="yes"?>
<Gesture Name="caret07" NumPts="25">
	<Point X="120" Y="293" T="0" />
	<Point X="128" Y="282" T="0" />
	<Point X="148" Y="252" T="0" />
	<Point X="216" Y="162" T="0" />
	<Point X="245" Y="116" T="0" />
	<Point X="266" Y="80" T="0" />
	<Point X="274" Y="64" T="0" />
	<Point X="276" Y="56" T="0" />
	<Point X="277" Y="51" T="0" />
	<Point X="278" Y="50" T="0" />
	<Point X="278" Y="50" T="0" />
	<Point X="281" Y="52" T="0" />
	<Point X="284" Y="58" T="0" />
	<Point X="290" Y="71" T="0" />
	<Point X="303" Y="104" T="0" />
	<Point X="315" Y="130" T="0" />
	<Point X="326" Y="158" T="0" />
	<Point X="332" Y="172" T="0" />
	<Point X="336" Y="186" T="0" />
	<Point X="341" Y="202" T="0" />
	<Point X="344" Y="211" T="0" />
	<Point X="346" Y="222" T="0" />
	<Point X="349" Y="236" T="0" />
	<Point X="350" Y="244" T="0" />
	<Point X="350" Y="247" T="0" />
</Gesture>