<?xml version="1.0" encoding="utf-8" standalone="yes"?>
<Gesture Name="caret08" NumPts="21">
	<Point X="101" Y="292" T="0" />
	<Point X="110" Y="271" T="0" />
	<Point X="153" Y="189" T="0" />
	<Point X="182" Y="126" T="0" />
	<Point X="198" Y="98" T="0" />
	<Point X="206" Y="82" T="0" />
	<Point X="208" Y="81" T="0" />
	<Point X="208" Y="81" T="0" />
	<Point X="209" Y="81" T="0" />
	<Point X="209" Y="82" T="0" />
	<Point X="210" Y="84" T="0" />
	<Point X="212" Y="89" T="0" />
	<Point X="215" Y="96" T="0" />
	<Point X="223" Y="114" T="0" />
	<Point X="242" Y="155" T="0" />
	<Point X="255" Y="187" T="0" />
	<Point X="268" Y="215" T="0" />
	<Point X="286" Y="244" T="0" />
	<Point X="296" Y="260" T="0" />
	<Point X="305" Y="278" T="0" />
	<Point X="310" Y="287" T="0" />
</Gesture>