<?xml version="1.0" encoding="utf-8" standalone="yes"?>
<Gesture Name="caret01" NumPts="25">
	<Point X="110" Y="339" T="0" />
	<Point X="112" Y="337" T="0" />
	<Point X="126" Y="315" T="0" />
	<Point X="163" Y="254" T="0" />
	<Point X="198" Y="199" T="0" />
	<Point X="214" Y="166" T="0" />
	<Point X="221" Y="150" T="0" />
	<Point X="225" Y="144" T="0" />
	<Point X="228" Y="140" T="0" />
	<Point X="228" Y="138" T="0" />
	<Point X="230" Y="136" T="0" />
	<Point X="232" Y="134" T="0" />
	<Point X="234" Y="133" T="0" />
	<Point X="235" Y="132" T="0" />
	<Point X="236" Y="132" T="0" />
	<Point X="237" Y="132" T="0" />
	<Point X="239" Y="132" T="0" />
	<Point X="241" Y="137" T="0" />
	<Point X="246" Y="149" T="0" />
	<Point X="255" Y="176" T="0" />
	<Point X="280" Y="255" T="0" />
	<Point X="292" Y="288" T="0" />
	<Point X="301" Y="309" T="0" />
	<Point X="308" Y="320" T="0" />
	<Point X="310" Y="324" T="0" />
</Gesture>