<?xml version="1.0" encoding="utf-8" standalone="yes"?>
<Gesture Name="caret05" NumPts="23">
	<Point X="108" Y="318" T="0" />
	<Point X="110" Y="316" T="0" />
	<Point X="119" Y="307" T="0" />
	<Point X="183" Y="240" T="0" />
	<Point X="209" Y="212" T="0" />
	<Point X="246" Y="162" T="0" />
	<Point X="255" Y="144" T="0" />
	<Point X="259" Y="134" T="0" />
	<Point X="261" Y="129" T="0" />
	<Point X="262" Y="126" T="0" />
	<Point X="263" Y="125" T="0" />
	<Point X="263" Y="124" T="0" />
	<Point X="264" Y="123" T="0" />
	<Point X="266" Y="122" T="0" />
	<Point X="268" Y="122" T="0" />
	<Point X="271" Y="125" T="0" />
	<Point X="280" Y="143" T="0" />
	<Point X="292" Y="175" T="0" />
	<Point X="309" Y="222" T="0" />
	<Point X="331" Y="258" T="0" />
	<Point X="349" Y="286" T="0" />
	<Point X="361" Y="300" T="0" />
	<Point X="362" Y="303" T="0" />
</Gesture>