<?xml version="1.0" encoding="utf-8" standalone="yes"?>
<Gesture Name="caret10" NumPts="20">
	<Point X="104" Y="314" T="0" />
	<Point X="108" Y="306" T="0" />
	<Point X="114" Y="290" T="0" />
	<Point X="130" Y="260" T="0" />
	<Point X="164" Y="192" T="0" />
	<Point X="186" Y="154" T="0" />
	<Point X="203" Y="120" T="0" />
	<Point X="208" Y="112" T="0" />
	<Point X="210" Y="108" T="0" />
	<Point X="212" Y="107" T="0" />
	<Point X="212" Y="107" T="0" />
	<Point X="212" Y="108" T="0" />
	<Point X="213" Y="114" T="0" />
	<Point X="215" Y="132" T="0" />
	<Point X="230" Y="201" T="0" />
	<Point X="246" Y="260" T="0" />
	<Point X="260" Y="312" T="0" />
	<Point X="280" Y="358" T="0" />
	<Point X="290" Y="374" T="0" />
	<Point X="294" Y="378" T="0" />
</Gesture>