<?xml version="1.0" encoding="utf-8" standalone="yes"?>
<Gesture Name="check06" NumPts="14">
	<Point X="118" Y="278" T="0" />
	<Point X="127" Y="292" T="0" />
	<Point X="143" Y="314" T="0" />
	<Point X="178" Y="356" T="0" />
	<Point X="204" Y="383" T="0" />
	<Point X="228" Y="404" T="0" />
	<Point X="234" Y="407" T="0" />
	<Point X="238" Y="408" T="0" />
	<Point X="241" Y="407" T="0" />
	<Point X="253" Y="390" T="0" />
	<Point X="309" Y="268" T="0" />
	<Point X="332" Y="190" T="0" />
	<Point X="347" Y="126" T="0" />
	<Point X="354" Y="88" T="0" />
</Gesture>