<?xml version="1.0" encoding="utf-8" standalone="yes"?>
<Gesture Name="check02" NumPts="26">
	<Point X="124" Y="248" T="0" />
	<Point X="125" Y="250" T="0" />
	<Point X="129" Y="255" T="0" />
	<Point X="133" Y="262" T="0" />
	<Point X="153" Y="288" T="0" />
	<Point X="167" Y="306" T="0" />
	<Point X="179" Y="320" T="0" />
	<Point X="193" Y="337" T="0" />
	<Point X="200" Y="344" T="0" />
	<Point X="203" Y="347" T="0" />
	<Point X="206" Y="349" T="0" />
	<Point X="206" Y="350" T="0" />
	<Point X="207" Y="350" T="0" />
	<Point X="207" Y="348" T="0" />
	<Point X="208" Y="344" T="0" />
	<Point X="211" Y="331" T="0" />
	<Point X="235" Y="274" T="0" />
	<Point X="280" Y="179" T="0" />
	<Point X="332" Y="81" T="0" />
	<Point X="350" Y="52" T="0" />
	<Point X="355" Y="44" T="0" />
	<Point X="356" Y="44" T="0" />
	<Point X="356" Y="45" T="0" />
	<Point X="356" Y="46" T="0" />
	<Point X="356" Y="46" T="0" />
	<Point X="356" Y="47" T="0" />
</Gesture>