<?xml version="1.0" encoding="utf-8" standalone="yes"?>
<Gesture Name="check01" NumPts="28">
	<Point X="178" Y="250" T="0" />
	<Point X="178" Y="250" T="0" />
	<Point X="178" Y="252" T="0" />
	<Point X="180" Y="254" T="0" />
	<Point X="190" Y="268" T="0" />
	<Point X="206" Y="293" T="0" />
	<Point X="228" Y="326" T="0" />
	<Point X="246" Y="352" T="0" />
	<Point X="256" Y="365" T="0" />
	<Point X="261" Y="372" T="0" />
	<Point X="265" Y="376" T="0" />
	<Point X="268" Y="378" T="0" />
	<Point X="268" Y="379" T="0" />
	<Point X="270" Y="381" T="0" />
	<Point X="270" Y="382" T="0" />
	<Point X="271" Y="382" T="0" />
	<Point X="272" Y="382" T="0" />
	<Point X="272" Y="380" T="0" />
	<Point X="272" Y="379" T="0" />
	<Point X="274" Y="375" T="0" />
	<Point X="282" Y="355" T="0" />
	<Point X="318" Y="289" T="0" />
	<Point X="374" Y="201" T="0" />
	<Point X="402" Y="162" T="0" />
	<Point X="416" Y="145" T="0" />
	<Point X="424" Y="136" T="0" />
	<Point X="426" Y="135" T="0" />
	<Point X="426" Y="134" T="0" />
</Gesture>