<?xml version="1.0" encoding="utf-8" standalone="yes"?>
<Gesture Name="check09" NumPts="22">
	<Point X="124" Y="288" T="0" />
	<Point X="124" Y="288" T="0" />
	<Point X="134" Y="300" T="0" />
	<Point X="150" Y="318" T="0" />
	<Point X="163" Y="333" T="0" />
	<Point X="194" Y="369" T="0" />
	<Point X="207" Y="381" T="0" />
	<Point X="212" Y="386" T="0" />
	<Point X="216" Y="389" T="0" />
	<Point X="217" Y="389" T="0" />
	<Point X="218" Y="389" T="0" />
	<Point X="220" Y="387" T="0" />
	<Point X="224" Y="380" T="0" />
	<Point X="252" Y="324" T="0" />
	<Point X="292" Y="251" T="0" />
	<Point X="332" Y="186" T="0" />
	<Point X="368" Y="132" T="0" />
	<Point X="381" Y="118" T="0" />
	<Point X="387" Y="112" T="0" />
	<Point X="389" Y="108" T="0" />
	<Point X="390" Y="108" T="0" />
	<Point X="390" Y="108" T="0" />
</Gesture>