<?xml version="1.0" encoding="utf-8" standalone="yes"?>
<Gesture Name="circle08" NumPts="40">
	<Point X="227" Y="172" T="0" />
	<Point X="218" Y="176" T="0" />
	<Point X="204" Y="184" T="0" />
	<Point X="178" Y="201" T="0" />
	<Point X="157" Y="217" T="0" />
	<Point X="140" Y="233" T="0" />
	<Point X="135" Y="242" T="0" />
	<Point X="132" Y="249" T="0" />
	<Point X="130" Y="266" T="0" />
	<Point X="130" Y="280" T="0" />
	<Point X="132" Y="293" T="0" />
	<Point X="144" Y="311" T="0" />
	<Point X="160" Y="326" T="0" />
	<Point X="196" Y="350" T="0" />
	<Point X="224" Y="362" T="0" />
	<Point X="251" Y="370" T="0" />
	<Point X="279" Y="374" T="0" />
	<Point X="289" Y="374" T="0" />
	<Point X="301" Y="369" T="0" />
	<Point X="307" Y="362" T="0" />
	<Point X="314" Y="350" T="0" />
	<Point X="321" Y="335" T="0" />
	<Point X="331" Y="303" T="0" />
	<Point X="334" Y="280" T="0" />
	<Point X="333" Y="252" T="0" />
	<Point X="330" Y="236" T="0" />
	<Point X="324" Y="224" T="0" />
	<Point X="309" Y="209" T="0" />
	<Point X="298" Y="202" T="0" />
	<Point X="281" Y="194" T="0" />
	<Point X="272" Y="190" T="0" />
	<Point X="262" Y="186" T="0" />
	<Point X="251" Y="182" T="0" />
	<Point X="247" Y="181" T="0" />
	<Point X="243" Y="180" T="0" />
	<Point X="240" Y="180" T="0" />
	<Point X="237" Y="180" T="0" />
	<Point X="236" Y="180" T="0" />
	<Point X="234" Y="181" T="0" />
	<Point X="233" Y="181" T="0" />
</Gesture>