<?xml version="1.0" encoding="utf-8" standalone="yes"?>
<Gesture Name="circle02" NumPts="36">
	<Point X="207" Y="154" T="0" />
	<Point X="206" Y="154" T="0" />
	<Point X="201" Y="154" T="0" />
	<Point X="189" Y="154" T="0" />
	<Point X="168" Y="160" T="0" />
	<Point X="131" Y="181" T="0" />
	<Point X="122" Y="188" T="0" />
	<Point X="104" Y="210" T="0" />
	<Point X="95" Y="225" T="0" />
	<Point X="92" Y="238" T="0" />
	<Point X="90" Y="254" T="0" />
	<Point X="92" Y="267" T="0" />
	<Point X="98" Y="282" T="0" />
	<Point X="105" Y="298" T="0" />
	<Point X="118" Y="314" T="0" />
	<Point X="138" Y="331" T="0" />
	<Point X="196" Y="350" T="0" />
	<Point X="233" Y="353" T="0" />
	<Point X="264" Y="351" T="0" />
	<Point X="288" Y="343" T="0" />
	<Point X="302" Y="330" T="0" />
	<Point X="309" Y="311" T="0" />
	<Point X="314" Y="280" T="0" />
	<Point X="311" Y="242" T="0" />
	<Point X="303" Y="212" T="0" />
	<Point X="292" Y="188" T="0" />
	<Point X="281" Y="169" T="0" />
	<Point X="272" Y="156" T="0" />
	<Point X="257" Y="142" T="0" />
	<Point X="244" Y="134" T="0" />
	<Point X="227" Y="127" T="0" />
	<Point X="209" Y="124" T="0" />
	<Point X="188" Y="125" T="0" />
	<Point X="173" Y="128" T="0" />
	<Point X="166" Y="130" T="0" />
	<Point X="163" Y="132" T="0" />
</Gesture>