<?xml version="1.0" encoding="utf-8" standalone="yes"?>
<Gesture Name="circle01" NumPts="71">
	<Point X="214" Y="172" T="0" />
	<Point X="213" Y="172" T="0" />
	<Point X="209" Y="173" T="0" />
	<Point X="205" Y="174" T="0" />
	<Point X="192" Y="177" T="0" />
	<Point X="172" Y="183" T="0" />
	<Point X="166" Y="185" T="0" />
	<Point X="144" Y="193" T="0" />
	<Point X="134" Y="198" T="0" />
	<Point X="126" Y="202" T="0" />
	<Point X="121" Y="206" T="0" />
	<Point X="116" Y="210" T="0" />
	<Point X="113" Y="215" T="0" />
	<Point X="110" Y="220" T="0" />
	<Point X="109" Y="226" T="0" />
	<Point X="107" Y="233" T="0" />
	<Point X="106" Y="242" T="0" />
	<Point X="106" Y="246" T="0" />
	<Point X="107" Y="257" T="0" />
	<Point X="109" Y="264" T="0" />
	<Point X="111" Y="272" T="0" />
	<Point X="115" Y="281" T="0" />
	<Point X="122" Y="292" T="0" />
	<Point X="130" Y="302" T="0" />
	<Point X="138" Y="311" T="0" />
	<Point X="146" Y="318" T="0" />
	<Point X="155" Y="324" T="0" />
	<Point X="163" Y="328" T="0" />
	<Point X="177" Y="332" T="0" />
	<Point X="186" Y="334" T="0" />
	<Point X="196" Y="334" T="0" />
	<Point X="204" Y="334" T="0" />
	<Point X="212" Y="332" T="0" />
	<Point X="222" Y="330" T="0" />
	<Point X="230" Y="328" T="0" />
	<Point X="236" Y="324" T="0" />
	<Point X="244" Y="319" T="0" />
	<Point X="250" Y="316" T="0" />
	<Point X="256" Y="312" T="0" />
	<Point X="260" Y="306" T="0" />
	<Point X="264" Y="301" T="0" />
	<Point X="271" Y="292" T="0" />
	<Point X="278" Y="280" T="0" />
	<Point X="282" Y="271" T="0" />
	<Point X="285" Y="260" T="0" />
	<Point X="287" Y="251" T="0" />
	<Point X="288" Y="238" T="0" />
	<Point X="288" Y="228" T="0" />
	<Point X="286" Y="219" T="0" />
	<Point X="285" Y="212" T="0" />
	<Point X="283" Y="206" T="0" />
	<Point X="280" Y="200" T="0" />
	<Point X="278" Y="194" T="0" />
	<Point X="274" Y="189" T="0" />
	<Point X="270" Y="182" T="0" />
	<Point X="266" Y="179" T="0" />
	<Point X="262" Y="176" T="0" />
	<Point X="258" Y="172" T="0" />
	<Point X="251" Y="170" T="0" />
	<Point X="244" Y="167" T="0" />
	<Point X="237" Y="165" T="0" />
	<Point X="230" Y="164" T="0" />
	<Point X="224" Y="162" T="0" />
	<Point X="220" Y="162" T="0" />
	<Point X="217" Y="161" T="0" />
	<Point X="212" Y="161" T="0" />
	<Point X="208" Y="161" T="0" />
	<Point X="206" Y="161" T="0" />
	<Point X="205" Y="161" T="0" />
	<Point X="204" Y="161" T="0" />
	<Point X="202" Y="161" T="0" />
</Gesture>