<?xml version="1.0" encoding="utf-8" standalone="yes"?>
<Gesture Name="circle06" NumPts="31">
	<Point X="136" Y="136" T="0" />
	<Point X="133" Y="137" T="0" />
	<Point X="120" Y="144" T="0" />
	<Point X="111" Y="149" T="0" />
	<Point X="68" Y="186" T="0" />
	<Point X="54" Y="201" T="0" />
	<Point X="28" Y="244" T="0" />
	<Point X="20" Y="269" T="0" />
	<Point X="20" Y="290" T="0" />
	<Point X="24" Y="316" T="0" />
	<Point X="35" Y="339" T="0" />
	<Point X="53" Y="360" T="0" />
	<Point X="76" Y="383" T="0" />
	<Point X="115" Y="403" T="0" />
	<Point X="154" Y="414" T="0" />
	<Point X="206" Y="416" T="0" />
	<Point X="262" Y="405" T="0" />
	<Point X="288" Y="389" T="0" />
	<Point X="305" Y="369" T="0" />
	<Point X="314" Y="338" T="0" />
	<Point X="320" Y="286" T="0" />
	<Point X="316" Y="226" T="0" />
	<Point X="304" Y="174" T="0" />
	<Point X="288" Y="146" T="0" />
	<Point X="266" Y="124" T="0" />
	<Point X="239" Y="114" T="0" />
	<Point X="182" Y="106" T="0" />
	<Point X="150" Y="110" T="0" />
	<Point X="130" Y="114" T="0" />
	<Point X="124" Y="116" T="0" />
	<Point X="122" Y="116" T="0" />
</Gesture>