<?xml version="1.0" encoding="utf-8" standalone="yes"?>
<Gesture Name="Delete04" NumPts="42">
	<Point X="200" Y="183" T="0" />
	<Point X="202" Y="183" T="0" />
	<Point X="204" Y="186" T="0" />
	<Point X="210" Y="192" T="0" />
	<Point X="225" Y="210" T="0" />
	<Point X="238" Y="226" T="0" />
	<Point X="250" Y="246" T="0" />
	<Point X="260" Y="264" T="0" />
	<Point X="272" Y="285" T="0" />
	<Point X="282" Y="302" T="0" />
	<Point X="290" Y="318" T="0" />
	<Point X="300" Y="331" T="0" />
	<Point X="306" Y="342" T="0" />
	<Point X="312" Y="351" T="0" />
	<Point X="316" Y="358" T="0" />
	<Point X="320" Y="362" T="0" />
	<Point X="321" Y="364" T="0" />
	<Point X="322" Y="364" T="0" />
	<Point X="322" Y="365" T="0" />
	<Point X="322" Y="365" T="0" />
	<Point X="315" Y="364" T="0" />
	<Point X="285" Y="359" T="0" />
	<Point X="202" Y="353" T="0" />
	<Point X="142" Y="353" T="0" />
	<Point X="108" Y="354" T="0" />
	<Point X="90" Y="354" T="0" />
	<Point X="82" Y="354" T="0" />
	<Point X="79" Y="354" T="0" />
	<Point X="79" Y="353" T="0" />
	<Point X="79" Y="352" T="0" />
	<Point X="81" Y="351" T="0" />
	<Point X="91" Y="343" T="0" />
	<Point X="119" Y="324" T="0" />
	<Point X="179" Y="277" T="0" />
	<Point X="242" Y="230" T="0" />
	<Point X="291" Y="188" T="0" />
	<Point X="300" Y="180" T="0" />
	<Point X="310" Y="169" T="0" />
	<Point X="312" Y="167" T="0" />
	<Point X="313" Y="166" T="0" />
	<Point X="314" Y="165" T="0" />
	<Point X="314" Y="164" T="0" />
</Gesture>