<?xml version="1.0" encoding="utf-8" standalone="yes"?>
<Gesture Name="Delete07" NumPts="45">
	<Point X="164" Y="226" T="0" />
	<Point X="178" Y="244" T="0" />
	<Point X="202" Y="277" T="0" />
	<Point X="247" Y="340" T="0" />
	<Point X="293" Y="404" T="0" />
	<Point X="310" Y="426" T="0" />
	<Point X="322" Y="439" T="0" />
	<Point X="325" Y="442" T="0" />
	<Point X="326" Y="442" T="0" />
	<Point X="326" Y="443" T="0" />
	<Point X="327" Y="443" T="0" />
	<Point X="327" Y="444" T="0" />
	<Point X="327" Y="444" T="0" />
	<Point X="326" Y="444" T="0" />
	<Point X="326" Y="444" T="0" />
	<Point X="312" Y="442" T="0" />
	<Point X="287" Y="438" T="0" />
	<Point X="242" Y="433" T="0" />
	<Point X="197" Y="429" T="0" />
	<Point X="180" Y="428" T="0" />
	<Point X="162" Y="427" T="0" />
	<Point X="158" Y="427" T="0" />
	<Point X="155" Y="427" T="0" />
	<Point X="152" Y="427" T="0" />
	<Point X="150" Y="427" T="0" />
	<Point X="150" Y="426" T="0" />
	<Point X="148" Y="426" T="0" />
	<Point X="147" Y="426" T="0" />
	<Point X="146" Y="426" T="0" />
	<Point X="146" Y="426" T="0" />
	<Point X="146" Y="426" T="0" />
	<Point X="146" Y="425" T="0" />
	<Point X="146" Y="424" T="0" />
	<Point X="146" Y="424" T="0" />
	<Point X="146" Y="423" T="0" />
	<Point X="150" Y="417" T="0" />
	<Point X="164" Y="400" T="0" />
	<Point X="206" Y="340" T="0" />
	<Point X="284" Y="238" T="0" />
	<Point X="312" Y="205" T="0" />
	<Point X="324" Y="187" T="0" />
	<Point X="330" Y="180" T="0" />
	<Point X="330" Y="179" T="0" />
	<Point X="331" Y="178" T="0" />
	<Point X="331" Y="179" T="0" />
</Gesture>