<?xml version="1.0" encoding="utf-8" standalone="yes"?>
<Gesture Name="Delete09" NumPts="35">
	<Point X="214" Y="112" T="0" />
	<Point X="220" Y="128" T="0" />
	<Point X="236" Y="160" T="0" />
	<Point X="269" Y="231" T="0" />
	<Point X="312" Y="316" T="0" />
	<Point X="337" Y="358" T="0" />
	<Point X="356" Y="387" T="0" />
	<Point X="368" Y="407" T="0" />
	<Point X="370" Y="410" T="0" />
	<Point X="372" Y="412" T="0" />
	<Point X="372" Y="412" T="0" />
	<Point X="372" Y="413" T="0" />
	<Point X="372" Y="414" T="0" />
	<Point X="372" Y="414" T="0" />
	<Point X="368" Y="414" T="0" />
	<Point X="352" Y="413" T="0" />
	<Point X="271" Y="408" T="0" />
	<Point X="220" Y="403" T="0" />
	<Point X="173" Y="394" T="0" />
	<Point X="158" Y="391" T="0" />
	<Point X="151" Y="389" T="0" />
	<Point X="148" Y="388" T="0" />
	<Point X="146" Y="387" T="0" />
	<Point X="146" Y="386" T="0" />
	<Point X="146" Y="386" T="0" />
	<Point X="146" Y="385" T="0" />
	<Point X="146" Y="383" T="0" />
	<Point X="150" Y="377" T="0" />
	<Point X="164" Y="358" T="0" />
	<Point X="205" Y="304" T="0" />
	<Point X="288" Y="198" T="0" />
	<Point X="323" Y="156" T="0" />
	<Point X="340" Y="136" T="0" />
	<Point X="349" Y="125" T="0" />
	<Point X="350" Y="123" T="0" />
</Gesture>