<?xml version="1.0" encoding="utf-8" standalone="yes"?>
<Gesture Name="Delete05" NumPts="38">
	<Point X="176" Y="138" T="0" />
	<Point X="177" Y="140" T="0" />
	<Point X="188" Y="160" T="0" />
	<Point X="225" Y="242" T="0" />
	<Point X="262" Y="336" T="0" />
	<Point X="288" Y="397" T="0" />
	<Point X="303" Y="430" T="0" />
	<Point X="315" Y="449" T="0" />
	<Point X="322" Y="459" T="0" />
	<Point X="325" Y="464" T="0" />
	<Point X="328" Y="466" T="0" />
	<Point X="328" Y="466" T="0" />
	<Point X="329" Y="467" T="0" />
	<Point X="328" Y="467" T="0" />
	<Point X="326" Y="466" T="0" />
	<Point X="312" Y="460" T="0" />
	<Point X="263" Y="445" T="0" />
	<Point X="207" Y="436" T="0" />
	<Point X="168" Y="433" T="0" />
	<Point X="138" Y="433" T="0" />
	<Point X="115" Y="432" T="0" />
	<Point X="102" Y="431" T="0" />
	<Point X="96" Y="429" T="0" />
	<Point X="92" Y="426" T="0" />
	<Point X="91" Y="425" T="0" />
	<Point X="92" Y="420" T="0" />
	<Point X="101" Y="409" T="0" />
	<Point X="120" Y="390" T="0" />
	<Point X="168" Y="340" T="0" />
	<Point X="221" Y="281" T="0" />
	<Point X="262" Y="222" T="0" />
	<Point X="293" Y="174" T="0" />
	<Point X="312" Y="144" T="0" />
	<Point X="319" Y="133" T="0" />
	<Point X="320" Y="130" T="0" />
	<Point X="320" Y="129" T="0" />
	<Point X="320" Y="130" T="0" />
	<Point X="320" Y="130" T="0" />
</Gesture>