<?xml version="1.0" encoding="utf-8" standalone="yes"?>
<Gesture Name="Delete02" NumPts="42">
	<Point X="164" Y="160" T="0" />
	<Point X="164" Y="162" T="0" />
	<Point X="168" Y="170" T="0" />
	<Point X="173" Y="184" T="0" />
	<Point X="191" Y="228" T="0" />
	<Point X="211" Y="285" T="0" />
	<Point X="226" Y="323" T="0" />
	<Point X="238" Y="350" T="0" />
	<Point X="248" Y="368" T="0" />
	<Point X="256" Y="380" T="0" />
	<Point X="262" Y="388" T="0" />
	<Point X="263" Y="389" T="0" />
	<Point X="264" Y="390" T="0" />
	<Point X="264" Y="390" T="0" />
	<Point X="265" Y="391" T="0" />
	<Point X="263" Y="391" T="0" />
	<Point X="260" Y="391" T="0" />
	<Point X="247" Y="391" T="0" />
	<Point X="198" Y="384" T="0" />
	<Point X="164" Y="376" T="0" />
	<Point X="136" Y="370" T="0" />
	<Point X="120" Y="364" T="0" />
	<Point X="108" Y="359" T="0" />
	<Point X="102" Y="356" T="0" />
	<Point X="96" Y="354" T="0" />
	<Point X="93" Y="351" T="0" />
	<Point X="90" Y="350" T="0" />
	<Point X="88" Y="348" T="0" />
	<Point X="86" Y="347" T="0" />
	<Point X="84" Y="346" T="0" />
	<Point X="82" Y="345" T="0" />
	<Point X="80" Y="344" T="0" />
	<Point X="79" Y="344" T="0" />
	<Point X="79" Y="343" T="0" />
	<Point X="78" Y="342" T="0" />
	<Point X="78" Y="340" T="0" />
	<Point X="81" Y="337" T="0" />
	<Point X="107" Y="314" T="0" />
	<Point X="188" Y="246" T="0" />
	<Point X="251" Y="194" T="0" />
	<Point X="268" Y="178" T="0" />
	<Point X="273" Y="172" T="0" />
</Gesture>