<?xml version="1.0" encoding="utf-8" standalone="yes"?>
<Gesture Name="Delete08" NumPts="32">
	<Point X="172" Y="176" T="0" />
	<Point X="186" Y="193" T="0" />
	<Point X="209" Y="226" T="0" />
	<Point X="234" Y="259" T="0" />
	<Point X="286" Y="338" T="0" />
	<Point X="310" Y="371" T="0" />
	<Point X="330" Y="398" T="0" />
	<Point X="337" Y="406" T="0" />
	<Point X="338" Y="408" T="0" />
	<Point X="340" Y="410" T="0" />
	<Point X="340" Y="410" T="0" />
	<Point X="336" Y="409" T="0" />
	<Point X="319" Y="406" T="0" />
	<Point X="212" Y="393" T="0" />
	<Point X="156" Y="389" T="0" />
	<Point X="122" Y="388" T="0" />
	<Point X="93" Y="388" T="0" />
	<Point X="84" Y="388" T="0" />
	<Point X="81" Y="388" T="0" />
	<Point X="79" Y="388" T="0" />
	<Point X="78" Y="388" T="0" />
	<Point X="79" Y="388" T="0" />
	<Point X="80" Y="386" T="0" />
	<Point X="90" Y="377" T="0" />
	<Point X="160" Y="316" T="0" />
	<Point X="216" Y="265" T="0" />
	<Point X="254" Y="225" T="0" />
	<Point X="280" Y="195" T="0" />
	<Point X="286" Y="190" T="0" />
	<Point X="290" Y="186" T="0" />
	<Point X="290" Y="186" T="0" />
	<Point X="291" Y="186" T="0" />
</Gesture>