<?xml version="1.0" encoding="utf-8" standalone="yes"?>
<Gesture Name="Delete01" NumPts="44">
	<Point X="180" Y="152" T="0" />
	<Point X="181" Y="154" T="0" />
	<Point X="184" Y="157" T="0" />
	<Point X="191" Y="173" T="0" />
	<Point X="203" Y="196" T="0" />
	<Point X="216" Y="228" T="0" />
	<Point X="231" Y="262" T="0" />
	<Point X="241" Y="282" T="0" />
	<Point X="250" Y="300" T="0" />
	<Point X="262" Y="320" T="0" />
	<Point X="266" Y="328" T="0" />
	<Point X="268" Y="332" T="0" />
	<Point X="270" Y="336" T="0" />
	<Point X="271" Y="336" T="0" />
	<Point X="272" Y="337" T="0" />
	<Point X="272" Y="338" T="0" />
	<Point X="272" Y="338" T="0" />
	<Point X="271" Y="338" T="0" />
	<Point X="266" Y="340" T="0" />
	<Point X="251" Y="342" T="0" />
	<Point X="210" Y="348" T="0" />
	<Point X="176" Y="354" T="0" />
	<Point X="152" Y="357" T="0" />
	<Point X="144" Y="357" T="0" />
	<Point X="140" Y="357" T="0" />
	<Point X="137" Y="357" T="0" />
	<Point X="136" Y="357" T="0" />
	<Point X="136" Y="356" T="0" />
	<Point X="136" Y="356" T="0" />
	<Point X="137" Y="354" T="0" />
	<Point X="138" Y="351" T="0" />
	<Point X="152" Y="334" T="0" />
	<Point X="179" Y="297" T="0" />
	<Point X="230" Y="216" T="0" />
	<Point X="248" Y="182" T="0" />
	<Point X="258" Y="162" T="0" />
	<Point X="263" Y="149" T="0" />
	<Point X="264" Y="146" T="0" />
	<Point X="265" Y="144" T="0" />
	<Point X="265" Y="142" T="0" />
	<Point X="266" Y="140" T="0" />
	<Point X="266" Y="138" T="0" />
	<Point X="266" Y="138" T="0" />
	<Point X="266" Y="137" T="0" />
</Gesture>