<?xml version="1.0" encoding="utf-8" standalone="yes"?>
<Gesture Name="left_curly_brace01" NumPts="78">
	<Point X="231" Y="115" T="0" />
	<Point X="231" Y="115" T="0" />
	<Point X="230" Y="115" T="0" />
	<Point X="228" Y="114" T="0" />
	<Point X="223" Y="114" T="0" />
	<Point X="212" Y="113" T="0" />
	<Point X="199" Y="113" T="0" />
	<Point X="186" Y="116" T="0" />
	<Point X="170" Y="121" T="0" />
	<Point X="162" Y="126" T="0" />
	<Point X="156" Y="130" T="0" />
	<Point X="152" Y="136" T="0" />
	<Point X="149" Y="140" T="0" />
	<Point X="146" Y="146" T="0" />
	<Point X="144" Y="151" T="0" />
	<Point X="143" Y="155" T="0" />
	<Point X="142" Y="159" T="0" />
	<Point X="142" Y="164" T="0" />
	<Point X="142" Y="168" T="0" />
	<Point X="142" Y="175" T="0" />
	<Point X="144" Y="180" T="0" />
	<Point X="146" Y="184" T="0" />
	<Point X="150" Y="188" T="0" />
	<Point X="153" Y="191" T="0" />
	<Point X="158" Y="194" T="0" />
	<Point X="162" Y="197" T="0" />
	<Point X="166" Y="200" T="0" />
	<Point X="169" Y="205" T="0" />
	<Point X="172" Y="208" T="0" />
	<Point X="174" Y="214" T="0" />
	<Point X="174" Y="218" T="0" />
	<Point X="174" Y="223" T="0" />
	<Point X="174" Y="228" T="0" />
	<Point X="172" Y="232" T="0" />
	<Point X="170" Y="236" T="0" />
	<Point X="166" Y="240" T="0" />
	<Point X="163" Y="242" T="0" />
	<Point X="156" Y="246" T="0" />
	<Point X="151" Y="248" T="0" />
	<Point X="143" Y="252" T="0" />
	<Point X="140" Y="253" T="0" />
	<Point X="138" Y="254" T="0" />
	<Point X="137" Y="254" T="0" />
	<Point X="136" Y="254" T="0" />
	<Point X="135" Y="254" T="0" />
	<Point X="134" Y="254" T="0" />
	<Point X="135" Y="254" T="0" />
	<Point X="136" Y="254" T="0" />
	<Point X="138" Y="254" T="0" />
	<Point X="140" Y="254" T="0" />
	<Point X="148" Y="255" T="0" />
	<Point X="151" Y="256" T="0" />
	<Point X="159" Y="257" T="0" />
	<Point X="164" Y="258" T="0" />
	<Point X="168" Y="260" T="0" />
	<Point X="172" Y="263" T="0" />
	<Point X="174" Y="264" T="0" />
	<Point X="176" Y="268" T="0" />
	<Point X="177" Y="271" T="0" />
	<Point X="178" Y="275" T="0" />
	<Point X="178" Y="280" T="0" />
	<Point X="173" Y="289" T="0" />
	<Point X="168" Y="297" T="0" />
	<Point X="163" Y="306" T="0" />
	<Point X="160" Y="312" T="0" />
	<Point X="156" Y="320" T="0" />
	<Point X="154" Y="326" T="0" />
	<Point X="153" Y="332" T="0" />
	<Point X="153" Y="338" T="0" />
	<Point X="154" Y="344" T="0" />
	<Point X="161" Y="353" T="0" />
	<Point X="186" Y="369" T="0" />
	<Point X="206" Y="375" T="0" />
	<Point X="222" Y="378" T="0" />
	<Point X="234" Y="378" T="0" />
	<Point X="240" Y="378" T="0" />
	<Point X="242" Y="378" T="0" />
	<Point X="241" Y="378" T="0" />
</Gesture>