<?xml version="1.0" encoding="utf-8" standalone="yes"?>
<Gesture Name="left_curly_brace09" NumPts="66">
	<Point X="129" Y="110" T="0" />
	<Point X="129" Y="110" T="0" />
	<Point X="124" Y="114" T="0" />
	<Point X="116" Y="120" T="0" />
	<Point X="101" Y="134" T="0" />
	<Point X="90" Y="146" T="0" />
	<Point X="84" Y="153" T="0" />
	<Point X="80" Y="161" T="0" />
	<Point X="77" Y="170" T="0" />
	<Point X="76" Y="175" T="0" />
	<Point X="75" Y="183" T="0" />
	<Point X="75" Y="188" T="0" />
	<Point X="77" Y="192" T="0" />
	<Point X="80" Y="198" T="0" />
	<Point X="81" Y="202" T="0" />
	<Point X="84" Y="206" T="0" />
	<Point X="88" Y="210" T="0" />
	<Point X="91" Y="213" T="0" />
	<Point X="96" Y="216" T="0" />
	<Point X="102" Y="219" T="0" />
	<Point X="106" Y="222" T="0" />
	<Point X="110" Y="223" T="0" />
	<Point X="115" Y="225" T="0" />
	<Point X="116" Y="226" T="0" />
	<Point X="118" Y="226" T="0" />
	<Point X="120" Y="227" T="0" />
	<Point X="121" Y="228" T="0" />
	<Point X="122" Y="228" T="0" />
	<Point X="123" Y="228" T="0" />
	<Point X="123" Y="229" T="0" />
	<Point X="122" Y="229" T="0" />
	<Point X="120" Y="230" T="0" />
	<Point X="116" Y="230" T="0" />
	<Point X="110" Y="232" T="0" />
	<Point X="104" Y="233" T="0" />
	<Point X="99" Y="234" T="0" />
	<Point X="97" Y="234" T="0" />
	<Point X="96" Y="235" T="0" />
	<Point X="95" Y="236" T="0" />
	<Point X="94" Y="236" T="0" />
	<Point X="94" Y="237" T="0" />
	<Point X="96" Y="240" T="0" />
	<Point X="98" Y="241" T="0" />
	<Point X="102" Y="244" T="0" />
	<Point X="114" Y="250" T="0" />
	<Point X="123" Y="252" T="0" />
	<Point X="135" Y="258" T="0" />
	<Point X="140" Y="261" T="0" />
	<Point X="144" Y="266" T="0" />
	<Point X="148" Y="272" T="0" />
	<Point X="150" Y="277" T="0" />
	<Point X="150" Y="282" T="0" />
	<Point X="148" Y="292" T="0" />
	<Point X="138" Y="305" T="0" />
	<Point X="123" Y="324" T="0" />
	<Point X="101" Y="352" T="0" />
	<Point X="93" Y="364" T="0" />
	<Point X="91" Y="377" T="0" />
	<Point X="92" Y="382" T="0" />
	<Point X="100" Y="387" T="0" />
	<Point X="125" Y="392" T="0" />
	<Point X="149" Y="392" T="0" />
	<Point X="170" Y="392" T="0" />
	<Point X="192" Y="390" T="0" />
	<Point X="198" Y="389" T="0" />
	<Point X="200" Y="388" T="0" />
</Gesture>