<?xml version="1.0" encoding="utf-8" standalone="yes"?>
<Gesture Name="left_curly_brace10" NumPts="53">
	<Point X="182" Y="176" T="0" />
	<Point X="180" Y="176" T="0" />
	<Point X="167" Y="179" T="0" />
	<Point X="151" Y="185" T="0" />
	<Point X="137" Y="195" T="0" />
	<Point X="118" Y="212" T="0" />
	<Point X="108" Y="224" T="0" />
	<Point X="104" Y="232" T="0" />
	<Point X="100" Y="240" T="0" />
	<Point X="98" Y="245" T="0" />
	<Point X="98" Y="248" T="0" />
	<Point X="100" Y="254" T="0" />
	<Point X="104" Y="258" T="0" />
	<Point X="112" Y="266" T="0" />
	<Point X="117" Y="270" T="0" />
	<Point X="122" Y="274" T="0" />
	<Point X="126" Y="277" T="0" />
	<Point X="129" Y="279" T="0" />
	<Point X="130" Y="280" T="0" />
	<Point X="132" Y="282" T="0" />
	<Point X="132" Y="283" T="0" />
	<Point X="129" Y="286" T="0" />
	<Point X="125" Y="288" T="0" />
	<Point X="120" Y="290" T="0" />
	<Point X="113" Y="292" T="0" />
	<Point X="110" Y="292" T="0" />
	<Point X="107" Y="293" T="0" />
	<Point X="105" Y="293" T="0" />
	<Point X="104" Y="293" T="0" />
	<Point X="103" Y="293" T="0" />
	<Point X="102" Y="293" T="0" />
	<Point X="103" Y="294" T="0" />
	<Point X="104" Y="294" T="0" />
	<Point X="111" Y="296" T="0" />
	<Point X="118" Y="297" T="0" />
	<Point X="125" Y="299" T="0" />
	<Point X="133" Y="302" T="0" />
	<Point X="136" Y="304" T="0" />
	<Point X="139" Y="306" T="0" />
	<Point X="140" Y="306" T="0" />
	<Point X="140" Y="309" T="0" />
	<Point X="132" Y="320" T="0" />
	<Point X="120" Y="335" T="0" />
	<Point X="108" Y="352" T="0" />
	<Point X="98" Y="370" T="0" />
	<Point X="96" Y="377" T="0" />
	<Point X="98" Y="384" T="0" />
	<Point X="119" Y="397" T="0" />
	<Point X="165" Y="415" T="0" />
	<Point X="210" Y="424" T="0" />
	<Point X="252" Y="431" T="0" />
	<Point X="263" Y="432" T="0" />
	<Point X="268" Y="432" T="0" />
</Gesture>