<?xml version="1.0" encoding="utf-8" standalone="yes"?>
<Gesture Name="left_square_bracket01" NumPts="38">
	<Point X="185" Y="117" T="0" />
	<Point X="185" Y="117" T="0" />
	<Point X="180" Y="117" T="0" />
	<Point X="171" Y="116" T="0" />
	<Point X="125" Y="116" T="0" />
	<Point X="67" Y="120" T="0" />
	<Point X="38" Y="123" T="0" />
	<Point X="28" Y="124" T="0" />
	<Point X="24" Y="125" T="0" />
	<Point X="23" Y="125" T="0" />
	<Point X="22" Y="125" T="0" />
	<Point X="22" Y="126" T="0" />
	<Point X="22" Y="126" T="0" />
	<Point X="24" Y="129" T="0" />
	<Point X="24" Y="132" T="0" />
	<Point X="28" Y="154" T="0" />
	<Point X="32" Y="208" T="0" />
	<Point X="36" Y="278" T="0" />
	<Point X="36" Y="308" T="0" />
	<Point X="36" Y="343" T="0" />
	<Point X="37" Y="359" T="0" />
	<Point X="39" Y="371" T="0" />
	<Point X="40" Y="374" T="0" />
	<Point X="41" Y="374" T="0" />
	<Point X="42" Y="376" T="0" />
	<Point X="43" Y="376" T="0" />
	<Point X="43" Y="377" T="0" />
	<Point X="44" Y="378" T="0" />
	<Point X="45" Y="378" T="0" />
	<Point X="46" Y="378" T="0" />
	<Point X="46" Y="379" T="0" />
	<Point X="55" Y="379" T="0" />
	<Point X="86" Y="381" T="0" />
	<Point X="168" Y="381" T="0" />
	<Point X="225" Y="378" T="0" />
	<Point X="236" Y="377" T="0" />
	<Point X="238" Y="376" T="0" />
	<Point X="238" Y="376" T="0" />
</Gesture>