<?xml version="1.0" encoding="utf-8" standalone="yes"?>
<Gesture Name="left_square_bracket07" NumPts="34">
	<Point X="156" Y="162" T="0" />
	<Point X="144" Y="162" T="0" />
	<Point X="114" Y="166" T="0" />
	<Point X="91" Y="168" T="0" />
	<Point X="78" Y="170" T="0" />
	<Point X="74" Y="170" T="0" />
	<Point X="73" Y="170" T="0" />
	<Point X="72" Y="170" T="0" />
	<Point X="71" Y="170" T="0" />
	<Point X="70" Y="170" T="0" />
	<Point X="70" Y="172" T="0" />
	<Point X="69" Y="180" T="0" />
	<Point X="69" Y="206" T="0" />
	<Point X="70" Y="294" T="0" />
	<Point X="74" Y="348" T="0" />
	<Point X="78" Y="385" T="0" />
	<Point X="81" Y="399" T="0" />
	<Point X="83" Y="405" T="0" />
	<Point X="84" Y="410" T="0" />
	<Point X="85" Y="411" T="0" />
	<Point X="86" Y="412" T="0" />
	<Point X="86" Y="412" T="0" />
	<Point X="86" Y="413" T="0" />
	<Point X="86" Y="414" T="0" />
	<Point X="86" Y="414" T="0" />
	<Point X="88" Y="414" T="0" />
	<Point X="90" Y="414" T="0" />
	<Point X="117" Y="414" T="0" />
	<Point X="169" Y="418" T="0" />
	<Point X="216" Y="421" T="0" />
	<Point X="227" Y="421" T="0" />
	<Point X="232" Y="421" T="0" />
	<Point X="235" Y="421" T="0" />
	<Point X="236" Y="421" T="0" />
</Gesture>