<?xml version="1.0" encoding="utf-8" standalone="yes"?>
<Gesture Name="left_square_bracket06" NumPts="23">
	<Point X="171" Y="140" T="0" />
	<Point X="155" Y="141" T="0" />
	<Point X="102" Y="150" T="0" />
	<Point X="76" Y="152" T="0" />
	<Point X="57" Y="155" T="0" />
	<Point X="53" Y="155" T="0" />
	<Point X="52" Y="155" T="0" />
	<Point X="50" Y="155" T="0" />
	<Point X="52" Y="161" T="0" />
	<Point X="54" Y="176" T="0" />
	<Point X="61" Y="227" T="0" />
	<Point X="72" Y="332" T="0" />
	<Point X="76" Y="376" T="0" />
	<Point X="80" Y="406" T="0" />
	<Point X="82" Y="429" T="0" />
	<Point X="84" Y="436" T="0" />
	<Point X="86" Y="440" T="0" />
	<Point X="87" Y="441" T="0" />
	<Point X="88" Y="442" T="0" />
	<Point X="91" Y="442" T="0" />
	<Point X="95" Y="442" T="0" />
	<Point X="101" Y="442" T="0" />
	<Point X="115" Y="442" T="0" />
</Gesture>