<?xml version="1.0" encoding="utf-8" standalone="yes"?>
<Gesture Name="left_square_bracket05" NumPts="30">
	<Point X="144" Y="140" T="0" />
	<Point X="144" Y="140" T="0" />
	<Point X="142" Y="139" T="0" />
	<Point X="134" Y="138" T="0" />
	<Point X="108" Y="138" T="0" />
	<Point X="69" Y="143" T="0" />
	<Point X="34" Y="150" T="0" />
	<Point X="10" Y="158" T="0" />
	<Point X="-1" Y="161" T="0" />
	<Point X="-2" Y="165" T="0" />
	<Point X="1" Y="166" T="0" />
	<Point X="3" Y="169" T="0" />
	<Point X="10" Y="183" T="0" />
	<Point X="20" Y="209" T="0" />
	<Point X="27" Y="251" T="0" />
	<Point X="36" Y="322" T="0" />
	<Point X="39" Y="356" T="0" />
	<Point X="43" Y="390" T="0" />
	<Point X="46" Y="403" T="0" />
	<Point X="47" Y="408" T="0" />
	<Point X="50" Y="412" T="0" />
	<Point X="52" Y="413" T="0" />
	<Point X="55" Y="415" T="0" />
	<Point X="73" Y="413" T="0" />
	<Point X="90" Y="411" T="0" />
	<Point X="110" Y="407" T="0" />
	<Point X="137" Y="403" T="0" />
	<Point X="152" Y="403" T="0" />
	<Point X="162" Y="403" T="0" />
	<Point X="166" Y="403" T="0" />
</Gesture>