<?xml version="1.0" encoding="utf-8" standalone="yes"?>
<Gesture Name="left_curly_brace08" NumPts="65">
	<Point X="171" Y="112" T="0" />
	<Point X="164" Y="114" T="0" />
	<Point X="154" Y="118" T="0" />
	<Point X="137" Y="127" T="0" />
	<Point X="123" Y="135" T="0" />
	<Point X="108" Y="145" T="0" />
	<Point X="102" Y="150" T="0" />
	<Point X="98" Y="154" T="0" />
	<Point X="93" Y="161" T="0" />
	<Point X="90" Y="166" T="0" />
	<Point X="90" Y="170" T="0" />
	<Point X="89" Y="177" T="0" />
	<Point X="89" Y="182" T="0" />
	<Point X="89" Y="188" T="0" />
	<Point X="92" Y="196" T="0" />
	<Point X="96" Y="202" T="0" />
	<Point X="101" Y="209" T="0" />
	<Point X="110" Y="218" T="0" />
	<Point X="117" Y="224" T="0" />
	<Point X="122" Y="232" T="0" />
	<Point X="129" Y="238" T="0" />
	<Point X="134" Y="243" T="0" />
	<Point X="137" Y="249" T="0" />
	<Point X="138" Y="253" T="0" />
	<Point X="138" Y="256" T="0" />
	<Point X="138" Y="261" T="0" />
	<Point X="135" Y="264" T="0" />
	<Point X="132" Y="269" T="0" />
	<Point X="128" Y="274" T="0" />
	<Point X="126" Y="276" T="0" />
	<Point X="124" Y="278" T="0" />
	<Point X="123" Y="280" T="0" />
	<Point X="122" Y="280" T="0" />
	<Point X="122" Y="280" T="0" />
	<Point X="122" Y="280" T="0" />
	<Point X="122" Y="279" T="0" />
	<Point X="124" Y="278" T="0" />
	<Point X="124" Y="278" T="0" />
	<Point X="128" Y="277" T="0" />
	<Point X="135" Y="276" T="0" />
	<Point X="142" Y="276" T="0" />
	<Point X="148" Y="276" T="0" />
	<Point X="156" Y="277" T="0" />
	<Point X="160" Y="278" T="0" />
	<Point X="164" Y="280" T="0" />
	<Point X="168" Y="284" T="0" />
	<Point X="170" Y="287" T="0" />
	<Point X="170" Y="291" T="0" />
	<Point X="170" Y="298" T="0" />
	<Point X="168" Y="305" T="0" />
	<Point X="162" Y="313" T="0" />
	<Point X="151" Y="330" T="0" />
	<Point X="143" Y="342" T="0" />
	<Point X="134" Y="355" T="0" />
	<Point X="130" Y="363" T="0" />
	<Point X="129" Y="367" T="0" />
	<Point X="129" Y="374" T="0" />
	<Point X="132" Y="379" T="0" />
	<Point X="139" Y="388" T="0" />
	<Point X="152" Y="394" T="0" />
	<Point X="169" Y="402" T="0" />
	<Point X="206" Y="411" T="0" />
	<Point X="223" Y="413" T="0" />
	<Point X="232" Y="414" T="0" />
	<Point X="240" Y="414" T="0" />
</Gesture>