<?xml version="1.0" encoding="utf-8" standalone="yes"?>
<Gesture Name="left_curly_brace03" NumPts="72">
	<Point X="226" Y="76" T="0" />
	<Point X="224" Y="76" T="0" />
	<Point X="220" Y="76" T="0" />
	<Point X="214" Y="76" T="0" />
	<Point X="192" Y="78" T="0" />
	<Point X="170" Y="86" T="0" />
	<Point X="150" Y="94" T="0" />
	<Point X="137" Y="102" T="0" />
	<Point X="127" Y="110" T="0" />
	<Point X="122" Y="117" T="0" />
	<Point X="118" Y="125" T="0" />
	<Point X="116" Y="132" T="0" />
	<Point X="116" Y="138" T="0" />
	<Point X="117" Y="144" T="0" />
	<Point X="118" Y="148" T="0" />
	<Point X="121" Y="152" T="0" />
	<Point X="126" Y="157" T="0" />
	<Point X="129" Y="161" T="0" />
	<Point X="132" Y="164" T="0" />
	<Point X="138" Y="170" T="0" />
	<Point X="142" Y="173" T="0" />
	<Point X="144" Y="178" T="0" />
	<Point X="148" Y="181" T="0" />
	<Point X="150" Y="185" T="0" />
	<Point X="152" Y="188" T="0" />
	<Point X="153" Y="192" T="0" />
	<Point X="154" Y="195" T="0" />
	<Point X="154" Y="198" T="0" />
	<Point X="154" Y="200" T="0" />
	<Point X="153" Y="205" T="0" />
	<Point X="150" Y="208" T="0" />
	<Point X="147" Y="211" T="0" />
	<Point X="142" Y="214" T="0" />
	<Point X="137" Y="217" T="0" />
	<Point X="133" Y="220" T="0" />
	<Point X="130" Y="221" T="0" />
	<Point X="128" Y="222" T="0" />
	<Point X="125" Y="222" T="0" />
	<Point X="124" Y="222" T="0" />
	<Point X="123" Y="222" T="0" />
	<Point X="123" Y="223" T="0" />
	<Point X="122" Y="223" T="0" />
	<Point X="123" Y="223" T="0" />
	<Point X="124" Y="223" T="0" />
	<Point X="126" Y="223" T="0" />
	<Point X="129" Y="223" T="0" />
	<Point X="133" Y="224" T="0" />
	<Point X="138" Y="224" T="0" />
	<Point X="142" Y="225" T="0" />
	<Point X="147" Y="226" T="0" />
	<Point X="151" Y="228" T="0" />
	<Point X="154" Y="229" T="0" />
	<Point X="156" Y="230" T="0" />
	<Point X="158" Y="233" T="0" />
	<Point X="158" Y="238" T="0" />
	<Point X="158" Y="244" T="0" />
	<Point X="155" Y="250" T="0" />
	<Point X="150" Y="259" T="0" />
	<Point X="143" Y="270" T="0" />
	<Point X="136" Y="280" T="0" />
	<Point X="128" Y="290" T="0" />
	<Point X="123" Y="297" T="0" />
	<Point X="120" Y="306" T="0" />
	<Point X="119" Y="314" T="0" />
	<Point X="123" Y="329" T="0" />
	<Point X="132" Y="339" T="0" />
	<Point X="151" Y="353" T="0" />
	<Point X="176" Y="368" T="0" />
	<Point X="200" Y="378" T="0" />
	<Point X="216" Y="383" T="0" />
	<Point X="224" Y="386" T="0" />
	<Point X="228" Y="386" T="0" />
</Gesture>