<?xml version="1.0" encoding="utf-8" standalone="yes"?>
<Gesture Name="left_square_bracket03" NumPts="39">
	<Point X="206" Y="131" T="0" />
	<Point X="206" Y="131" T="0" />
	<Point X="202" Y="130" T="0" />
	<Point X="192" Y="128" T="0" />
	<Point X="150" Y="120" T="0" />
	<Point X="120" Y="119" T="0" />
	<Point X="97" Y="121" T="0" />
	<Point X="85" Y="123" T="0" />
	<Point X="79" Y="125" T="0" />
	<Point X="77" Y="126" T="0" />
	<Point X="76" Y="126" T="0" />
	<Point X="76" Y="126" T="0" />
	<Point X="74" Y="128" T="0" />
	<Point X="73" Y="130" T="0" />
	<Point X="73" Y="138" T="0" />
	<Point X="71" Y="160" T="0" />
	<Point X="70" Y="197" T="0" />
	<Point X="70" Y="253" T="0" />
	<Point X="74" Y="308" T="0" />
	<Point X="75" Y="336" T="0" />
	<Point X="78" Y="360" T="0" />
	<Point X="78" Y="363" T="0" />
	<Point X="78" Y="369" T="0" />
	<Point X="78" Y="370" T="0" />
	<Point X="78" Y="371" T="0" />
	<Point X="78" Y="372" T="0" />
	<Point X="78" Y="372" T="0" />
	<Point X="78" Y="373" T="0" />
	<Point X="79" Y="373" T="0" />
	<Point X="80" Y="373" T="0" />
	<Point X="82" Y="373" T="0" />
	<Point X="90" Y="372" T="0" />
	<Point X="127" Y="371" T="0" />
	<Point X="185" Y="366" T="0" />
	<Point X="212" Y="364" T="0" />
	<Point X="218" Y="364" T="0" />
	<Point X="222" Y="364" T="0" />
	<Point X="222" Y="363" T="0" />
	<Point X="222" Y="362" T="0" />
</Gesture>