<?xml version="1.0" encoding="utf-8" standalone="yes"?>
<Gesture Name="left_square_bracket10" NumPts="31">
	<Point X="138" Y="136" T="0" />
	<Point X="138" Y="136" T="0" />
	<Point X="130" Y="138" T="0" />
	<Point X="116" Y="142" T="0" />
	<Point X="70" Y="152" T="0" />
	<Point X="52" Y="157" T="0" />
	<Point X="42" Y="160" T="0" />
	<Point X="38" Y="160" T="0" />
	<Point X="37" Y="160" T="0" />
	<Point X="36" Y="160" T="0" />
	<Point X="36" Y="162" T="0" />
	<Point X="36" Y="163" T="0" />
	<Point X="36" Y="174" T="0" />
	<Point X="36" Y="202" T="0" />
	<Point X="39" Y="254" T="0" />
	<Point X="44" Y="322" T="0" />
	<Point X="46" Y="352" T="0" />
	<Point X="50" Y="378" T="0" />
	<Point X="50" Y="383" T="0" />
	<Point X="51" Y="385" T="0" />
	<Point X="52" Y="387" T="0" />
	<Point X="52" Y="387" T="0" />
	<Point X="56" Y="387" T="0" />
	<Point X="70" Y="386" T="0" />
	<Point X="96" Y="382" T="0" />
	<Point X="126" Y="381" T="0" />
	<Point X="158" Y="380" T="0" />
	<Point X="168" Y="380" T="0" />
	<Point X="173" Y="380" T="0" />
	<Point X="174" Y="379" T="0" />
	<Point X="174" Y="378" T="0" />
</Gesture>