<?xml version="1.0" encoding="utf-8" standalone="yes"?>
<Gesture Name="left_square_bracket09" NumPts="30">
	<Point X="212" Y="134" T="0" />
	<Point X="201" Y="137" T="0" />
	<Point X="177" Y="145" T="0" />
	<Point X="138" Y="155" T="0" />
	<Point X="108" Y="164" T="0" />
	<Point X="99" Y="165" T="0" />
	<Point X="95" Y="165" T="0" />
	<Point X="92" Y="165" T="0" />
	<Point X="91" Y="165" T="0" />
	<Point X="90" Y="165" T="0" />
	<Point X="90" Y="165" T="0" />
	<Point X="89" Y="165" T="0" />
	<Point X="88" Y="170" T="0" />
	<Point X="82" Y="208" T="0" />
	<Point X="81" Y="281" T="0" />
	<Point X="81" Y="379" T="0" />
	<Point X="85" Y="421" T="0" />
	<Point X="88" Y="449" T="0" />
	<Point X="90" Y="464" T="0" />
	<Point X="91" Y="468" T="0" />
	<Point X="91" Y="469" T="0" />
	<Point X="92" Y="469" T="0" />
	<Point X="92" Y="469" T="0" />
	<Point X="95" Y="469" T="0" />
	<Point X="104" Y="468" T="0" />
	<Point X="160" Y="461" T="0" />
	<Point X="206" Y="456" T="0" />
	<Point X="235" Y="455" T="0" />
	<Point X="239" Y="455" T="0" />
	<Point X="241" Y="455" T="0" />
</Gesture>