<?xml version="1.0" encoding="utf-8" standalone="yes"?>
<Gesture Name="left_curly_brace05" NumPts="61">
	<Point X="201" Y="152" T="0" />
	<Point X="201" Y="152" T="0" />
	<Point X="199" Y="152" T="0" />
	<Point X="190" Y="155" T="0" />
	<Point X="166" Y="168" T="0" />
	<Point X="147" Y="182" T="0" />
	<Point X="132" Y="196" T="0" />
	<Point X="123" Y="208" T="0" />
	<Point X="118" Y="218" T="0" />
	<Point X="116" Y="224" T="0" />
	<Point X="116" Y="230" T="0" />
	<Point X="116" Y="234" T="0" />
	<Point X="118" Y="238" T="0" />
	<Point X="121" Y="242" T="0" />
	<Point X="128" Y="249" T="0" />
	<Point X="134" Y="254" T="0" />
	<Point X="138" Y="257" T="0" />
	<Point X="142" Y="260" T="0" />
	<Point X="144" Y="263" T="0" />
	<Point X="146" Y="266" T="0" />
	<Point X="148" Y="268" T="0" />
	<Point X="148" Y="270" T="0" />
	<Point X="147" Y="272" T="0" />
	<Point X="143" Y="274" T="0" />
	<Point X="138" Y="275" T="0" />
	<Point X="132" Y="276" T="0" />
	<Point X="128" Y="277" T="0" />
	<Point X="125" Y="277" T="0" />
	<Point X="123" Y="277" T="0" />
	<Point X="122" Y="277" T="0" />
	<Point X="121" Y="277" T="0" />
	<Point X="120" Y="277" T="0" />
	<Point X="120" Y="277" T="0" />
	<Point X="120" Y="277" T="0" />
	<Point X="122" Y="277" T="0" />
	<Point X="122" Y="277" T="0" />
	<Point X="126" Y="277" T="0" />
	<Point X="128" Y="277" T="0" />
	<Point X="136" Y="278" T="0" />
	<Point X="142" Y="278" T="0" />
	<Point X="146" Y="280" T="0" />
	<Point X="151" Y="283" T="0" />
	<Point X="156" Y="285" T="0" />
	<Point X="159" Y="288" T="0" />
	<Point X="160" Y="290" T="0" />
	<Point X="162" Y="294" T="0" />
	<Point X="162" Y="297" T="0" />
	<Point X="157" Y="305" T="0" />
	<Point X="149" Y="315" T="0" />
	<Point X="140" Y="324" T="0" />
	<Point X="132" Y="332" T="0" />
	<Point X="125" Y="342" T="0" />
	<Point X="122" Y="348" T="0" />
	<Point X="120" Y="354" T="0" />
	<Point X="122" Y="358" T="0" />
	<Point X="127" Y="364" T="0" />
	<Point X="154" Y="371" T="0" />
	<Point X="176" Y="374" T="0" />
	<Point X="196" Y="374" T="0" />
	<Point X="210" Y="374" T="0" />
	<Point X="218" Y="374" T="0" />
</Gesture>