<?xml version="1.0" encoding="utf-8" standalone="yes"?>
<Gesture Name="Pigtail07" NumPts="30">
	<Point X="143" Y="266" T="0" />
	<Point X="143" Y="266" T="0" />
	<Point X="152" Y="266" T="0" />
	<Point X="177" Y="260" T="0" />
	<Point X="198" Y="254" T="0" />
	<Point X="218" Y="245" T="0" />
	<Point X="228" Y="238" T="0" />
	<Point X="235" Y="232" T="0" />
	<Point X="241" Y="220" T="0" />
	<Point X="244" Y="211" T="0" />
	<Point X="244" Y="204" T="0" />
	<Point X="243" Y="192" T="0" />
	<Point X="238" Y="185" T="0" />
	<Point X="230" Y="176" T="0" />
	<Point X="227" Y="173" T="0" />
	<Point X="224" Y="172" T="0" />
	<Point X="219" Y="171" T="0" />
	<Point X="216" Y="171" T="0" />
	<Point X="212" Y="176" T="0" />
	<Point X="206" Y="189" T="0" />
	<Point X="202" Y="204" T="0" />
	<Point X="202" Y="219" T="0" />
	<Point X="210" Y="242" T="0" />
	<Point X="220" Y="256" T="0" />
	<Point X="237" Y="271" T="0" />
	<Point X="250" Y="277" T="0" />
	<Point X="258" Y="278" T="0" />
	<Point X="265" Y="280" T="0" />
	<Point X="268" Y="280" T="0" />
	<Point X="270" Y="280" T="0" />
</Gesture>