<?xml version="1.0" encoding="utf-8" standalone="yes"?>
<Gesture Name="Pigtail05" NumPts="32">
	<Point X="84" Y="274" T="0" />
	<Point X="85" Y="274" T="0" />
	<Point X="86" Y="274" T="0" />
	<Point X="92" Y="273" T="0" />
	<Point X="100" Y="271" T="0" />
	<Point X="112" Y="268" T="0" />
	<Point X="128" Y="263" T="0" />
	<Point X="146" Y="257" T="0" />
	<Point X="165" Y="250" T="0" />
	<Point X="181" Y="242" T="0" />
	<Point X="192" Y="233" T="0" />
	<Point X="208" Y="220" T="0" />
	<Point X="212" Y="215" T="0" />
	<Point X="222" Y="203" T="0" />
	<Point X="225" Y="195" T="0" />
	<Point X="226" Y="186" T="0" />
	<Point X="226" Y="181" T="0" />
	<Point X="224" Y="177" T="0" />
	<Point X="222" Y="174" T="0" />
	<Point X="218" Y="172" T="0" />
	<Point X="214" Y="172" T="0" />
	<Point X="206" Y="175" T="0" />
	<Point X="199" Y="184" T="0" />
	<Point X="189" Y="198" T="0" />
	<Point X="182" Y="218" T="0" />
	<Point X="179" Y="238" T="0" />
	<Point X="185" Y="258" T="0" />
	<Point X="200" Y="278" T="0" />
	<Point X="236" Y="301" T="0" />
	<Point X="285" Y="322" T="0" />
	<Point X="333" Y="334" T="0" />
	<Point X="356" Y="335" T="0" />
</Gesture>