<?xml version="1.0" encoding="utf-8" standalone="yes"?>
<Gesture Name="Pigtail06" NumPts="32">
	<Point X="97" Y="244" T="0" />
	<Point X="99" Y="244" T="0" />
	<Point X="102" Y="246" T="0" />
	<Point X="121" Y="250" T="0" />
	<Point X="145" Y="256" T="0" />
	<Point X="181" Y="258" T="0" />
	<Point X="197" Y="258" T="0" />
	<Point X="212" Y="254" T="0" />
	<Point X="222" Y="249" T="0" />
	<Point X="232" Y="242" T="0" />
	<Point X="246" Y="225" T="0" />
	<Point X="254" Y="206" T="0" />
	<Point X="261" Y="185" T="0" />
	<Point X="261" Y="159" T="0" />
	<Point X="258" Y="144" T="0" />
	<Point X="252" Y="133" T="0" />
	<Point X="247" Y="124" T="0" />
	<Point X="243" Y="122" T="0" />
	<Point X="240" Y="121" T="0" />
	<Point X="238" Y="122" T="0" />
	<Point X="236" Y="124" T="0" />
	<Point X="230" Y="138" T="0" />
	<Point X="228" Y="156" T="0" />
	<Point X="227" Y="180" T="0" />
	<Point X="232" Y="204" T="0" />
	<Point X="250" Y="232" T="0" />
	<Point X="268" Y="249" T="0" />
	<Point X="297" Y="264" T="0" />
	<Point X="316" Y="270" T="0" />
	<Point X="326" Y="272" T="0" />
	<Point X="331" Y="274" T="0" />
	<Point X="332" Y="274" T="0" />
</Gesture>