<?xml version="1.0" encoding="utf-8" standalone="yes"?>
<Gesture Name="Pigtail09" NumPts="29">
	<Point X="193" Y="262" T="0" />
	<Point X="193" Y="262" T="0" />
	<Point X="201" Y="260" T="0" />
	<Point X="222" Y="253" T="0" />
	<Point X="242" Y="244" T="0" />
	<Point X="260" Y="236" T="0" />
	<Point X="282" Y="221" T="0" />
	<Point X="294" Y="209" T="0" />
	<Point X="304" Y="194" T="0" />
	<Point X="315" Y="163" T="0" />
	<Point X="319" Y="143" T="0" />
	<Point X="321" Y="126" T="0" />
	<Point X="320" Y="112" T="0" />
	<Point X="317" Y="109" T="0" />
	<Point X="314" Y="107" T="0" />
	<Point X="310" Y="108" T="0" />
	<Point X="295" Y="117" T="0" />
	<Point X="283" Y="130" T="0" />
	<Point X="272" Y="151" T="0" />
	<Point X="265" Y="174" T="0" />
	<Point X="266" Y="205" T="0" />
	<Point X="276" Y="222" T="0" />
	<Point X="306" Y="251" T="0" />
	<Point X="346" Y="272" T="0" />
	<Point X="388" Y="288" T="0" />
	<Point X="424" Y="305" T="0" />
	<Point X="436" Y="310" T="0" />
	<Point X="444" Y="312" T="0" />
	<Point X="445" Y="312" T="0" />
</Gesture>