<?xml version="1.0" encoding="utf-8" standalone="yes"?>
<Gesture Name="Rectangle01" NumPts="83">
	<Point X="127" Y="158" T="0" />
	<Point X="127" Y="160" T="0" />
	<Point X="127" Y="163" T="0" />
	<Point X="126" Y="175" T="0" />
	<Point X="122" Y="190" T="0" />
	<Point X="118" Y="206" T="0" />
	<Point X="115" Y="225" T="0" />
	<Point X="112" Y="243" T="0" />
	<Point X="112" Y="254" T="0" />
	<Point X="112" Y="262" T="0" />
	<Point X="112" Y="268" T="0" />
	<Point X="112" Y="274" T="0" />
	<Point X="112" Y="283" T="0" />
	<Point X="114" Y="289" T="0" />
	<Point X="114" Y="294" T="0" />
	<Point X="115" Y="298" T="0" />
	<Point X="116" Y="301" T="0" />
	<Point X="116" Y="302" T="0" />
	<Point X="116" Y="304" T="0" />
	<Point X="116" Y="304" T="0" />
	<Point X="117" Y="304" T="0" />
	<Point X="117" Y="305" T="0" />
	<Point X="119" Y="306" T="0" />
	<Point X="120" Y="306" T="0" />
	<Point X="120" Y="306" T="0" />
	<Point X="122" Y="306" T="0" />
	<Point X="128" Y="306" T="0" />
	<Point X="152" Y="306" T="0" />
	<Point X="184" Y="304" T="0" />
	<Point X="247" Y="302" T="0" />
	<Point X="277" Y="300" T="0" />
	<Point X="300" Y="298" T="0" />
	<Point X="318" Y="297" T="0" />
	<Point X="324" Y="297" T="0" />
	<Point X="327" Y="297" T="0" />
	<Point X="330" Y="296" T="0" />
	<Point X="332" Y="296" T="0" />
	<Point X="333" Y="296" T="0" />
	<Point X="334" Y="296" T="0" />
	<Point X="334" Y="296" T="0" />
	<Point X="334" Y="296" T="0" />
	<Point X="334" Y="295" T="0" />
	<Point X="334" Y="292" T="0" />
	<Point X="332" Y="288" T="0" />
	<Point X="324" Y="262" T="0" />
	<Point X="316" Y="236" T="0" />
	<Point X="308" Y="208" T="0" />
	<Point X="300" Y="181" T="0" />
	<Point X="295" Y="170" T="0" />
	<Point X="292" Y="161" T="0" />
	<Point X="290" Y="153" T="0" />
	<Point X="288" Y="149" T="0" />
	<Point X="285" Y="145" T="0" />
	<Point X="285" Y="143" T="0" />
	<Point X="284" Y="141" T="0" />
	<Point X="283" Y="139" T="0" />
	<Point X="283" Y="138" T="0" />
	<Point X="282" Y="137" T="0" />
	<Point X="282" Y="137" T="0" />
	<Point X="281" Y="137" T="0" />
	<Point X="280" Y="137" T="0" />
	<Point X="280" Y="137" T="0" />
	<Point X="279" Y="137" T="0" />
	<Point X="278" Y="137" T="0" />
	<Point X="273" Y="138" T="0" />
	<Point X="266" Y="138" T="0" />
	<Point X="233" Y="142" T="0" />
	<Point X="204" Y="143" T="0" />
	<Point X="178" Y="147" T="0" />
	<Point X="151" Y="150" T="0" />
	<Point X="138" Y="150" T="0" />
	<Point X="132" Y="150" T="0" />
	<Point X="125" Y="150" T="0" />
	<Point X="122" Y="150" T="0" />
	<Point X="120" Y="150" T="0" />
	<Point X="118" Y="150" T="0" />
	<Point X="116" Y="150" T="0" />
	<Point X="114" Y="150" T="0" />
	<Point X="114" Y="149" T="0" />
	<Point X="112" Y="149" T="0" />
	<Point X="112" Y="148" T="0" />
	<Point X="111" Y="148" T="0" />
	<Point X="110" Y="148" T="0" />
</Gesture>