<?xml version="1.0" encoding="utf-8" standalone="yes"?>
<Gesture Name="Rectangle08" NumPts="55">
	<Point X="129" Y="137" T="0" />
	<Point X="131" Y="160" T="0" />
	<Point X="136" Y="194" T="0" />
	<Point X="144" Y="256" T="0" />
	<Point X="146" Y="288" T="0" />
	<Point X="148" Y="311" T="0" />
	<Point X="148" Y="316" T="0" />
	<Point X="148" Y="318" T="0" />
	<Point X="148" Y="320" T="0" />
	<Point X="148" Y="319" T="0" />
	<Point X="148" Y="318" T="0" />
	<Point X="150" Y="318" T="0" />
	<Point X="155" Y="316" T="0" />
	<Point X="174" Y="310" T="0" />
	<Point X="281" Y="293" T="0" />
	<Point X="352" Y="283" T="0" />
	<Point X="381" Y="282" T="0" />
	<Point X="403" Y="280" T="0" />
	<Point X="409" Y="280" T="0" />
	<Point X="412" Y="280" T="0" />
	<Point X="413" Y="280" T="0" />
	<Point X="414" Y="279" T="0" />
	<Point X="414" Y="279" T="0" />
	<Point X="414" Y="278" T="0" />
	<Point X="414" Y="278" T="0" />
	<Point X="414" Y="277" T="0" />
	<Point X="414" Y="275" T="0" />
	<Point X="411" Y="266" T="0" />
	<Point X="404" Y="249" T="0" />
	<Point X="389" Y="216" T="0" />
	<Point X="360" Y="152" T="0" />
	<Point X="344" Y="120" T="0" />
	<Point X="327" Y="88" T="0" />
	<Point X="320" Y="77" T="0" />
	<Point X="318" Y="71" T="0" />
	<Point X="316" Y="69" T="0" />
	<Point X="314" Y="68" T="0" />
	<Point X="314" Y="68" T="0" />
	<Point X="313" Y="69" T="0" />
	<Point X="313" Y="70" T="0" />
	<Point X="312" Y="71" T="0" />
	<Point X="312" Y="72" T="0" />
	<Point X="308" Y="73" T="0" />
	<Point X="297" Y="76" T="0" />
	<Point X="269" Y="84" T="0" />
	<Point X="184" Y="108" T="0" />
	<Point X="152" Y="116" T="0" />
	<Point X="136" Y="120" T="0" />
	<Point X="126" Y="121" T="0" />
	<Point X="122" Y="121" T="0" />
	<Point X="119" Y="121" T="0" />
	<Point X="118" Y="121" T="0" />
	<Point X="118" Y="120" T="0" />
	<Point X="118" Y="120" T="0" />
	<Point X="118" Y="119" T="0" />
</Gesture>