<?xml version="1.0" encoding="utf-8" standalone="yes"?>
<Gesture Name="Rectangle06" NumPts="48">
	<Point X="64" Y="198" T="0" />
	<Point X="64" Y="201" T="0" />
	<Point X="62" Y="228" T="0" />
	<Point X="59" Y="282" T="0" />
	<Point X="59" Y="344" T="0" />
	<Point X="62" Y="395" T="0" />
	<Point X="66" Y="426" T="0" />
	<Point X="70" Y="448" T="0" />
	<Point X="74" Y="457" T="0" />
	<Point X="74" Y="460" T="0" />
	<Point X="74" Y="462" T="0" />
	<Point X="75" Y="462" T="0" />
	<Point X="76" Y="462" T="0" />
	<Point X="80" Y="462" T="0" />
	<Point X="88" Y="460" T="0" />
	<Point X="154" Y="448" T="0" />
	<Point X="265" Y="430" T="0" />
	<Point X="356" Y="420" T="0" />
	<Point X="378" Y="416" T="0" />
	<Point X="388" Y="416" T="0" />
	<Point X="392" Y="414" T="0" />
	<Point X="394" Y="413" T="0" />
	<Point X="396" Y="413" T="0" />
	<Point X="396" Y="412" T="0" />
	<Point X="398" Y="412" T="0" />
	<Point X="398" Y="412" T="0" />
	<Point X="398" Y="411" T="0" />
	<Point X="397" Y="401" T="0" />
	<Point X="390" Y="366" T="0" />
	<Point X="366" Y="266" T="0" />
	<Point X="340" Y="188" T="0" />
	<Point X="330" Y="153" T="0" />
	<Point X="325" Y="142" T="0" />
	<Point X="323" Y="138" T="0" />
	<Point X="322" Y="138" T="0" />
	<Point X="322" Y="137" T="0" />
	<Point X="321" Y="137" T="0" />
	<Point X="320" Y="137" T="0" />
	<Point X="319" Y="137" T="0" />
	<Point X="316" Y="138" T="0" />
	<Point X="303" Y="138" T="0" />
	<Point X="258" Y="140" T="0" />
	<Point X="160" Y="151" T="0" />
	<Point X="109" Y="156" T="0" />
	<Point X="86" Y="159" T="0" />
	<Point X="77" Y="159" T="0" />
	<Point X="73" Y="158" T="0" />
	<Point X="72" Y="158" T="0" />
</Gesture>