<?xml version="1.0" encoding="utf-8" standalone="yes"?>
<Gesture Name="Rectangle03" NumPts="78">
	<Point X="126" Y="193" T="0" />
	<Point X="126" Y="198" T="0" />
	<Point X="128" Y="228" T="0" />
	<Point X="134" Y="308" T="0" />
	<Point X="146" Y="386" T="0" />
	<Point X="155" Y="431" T="0" />
	<Point X="164" Y="456" T="0" />
	<Point X="169" Y="468" T="0" />
	<Point X="171" Y="472" T="0" />
	<Point X="172" Y="473" T="0" />
	<Point X="173" Y="474" T="0" />
	<Point X="174" Y="474" T="0" />
	<Point X="174" Y="473" T="0" />
	<Point X="175" Y="472" T="0" />
	<Point X="179" Y="470" T="0" />
	<Point X="194" Y="467" T="0" />
	<Point X="247" Y="456" T="0" />
	<Point X="330" Y="442" T="0" />
	<Point X="392" Y="433" T="0" />
	<Point X="438" Y="425" T="0" />
	<Point X="453" Y="422" T="0" />
	<Point X="458" Y="421" T="0" />
	<Point X="460" Y="421" T="0" />
	<Point X="462" Y="421" T="0" />
	<Point X="462" Y="421" T="0" />
	<Point X="463" Y="421" T="0" />
	<Point X="464" Y="421" T="0" />
	<Point X="464" Y="420" T="0" />
	<Point X="462" Y="417" T="0" />
	<Point X="456" Y="404" T="0" />
	<Point X="436" Y="356" T="0" />
	<Point X="392" Y="248" T="0" />
	<Point X="380" Y="218" T="0" />
	<Point X="366" Y="170" T="0" />
	<Point X="362" Y="154" T="0" />
	<Point X="360" Y="147" T="0" />
	<Point X="359" Y="145" T="0" />
	<Point X="358" Y="145" T="0" />
	<Point X="358" Y="145" T="0" />
	<Point X="358" Y="146" T="0" />
	<Point X="356" Y="148" T="0" />
	<Point X="355" Y="148" T="0" />
	<Point X="354" Y="150" T="0" />
	<Point X="354" Y="150" T="0" />
	<Point X="351" Y="150" T="0" />
	<Point X="344" Y="152" T="0" />
	<Point X="310" Y="157" T="0" />
	<Point X="246" Y="168" T="0" />
	<Point X="201" Y="178" T="0" />
	<Point X="182" Y="182" T="0" />
	<Point X="172" Y="184" T="0" />
	<Point X="168" Y="184" T="0" />
	<Point X="163" Y="184" T="0" />
	<Point X="161" Y="184" T="0" />
	<Point X="160" Y="183" T="0" />
	<Point X="159" Y="182" T="0" />
	<Point X="158" Y="182" T="0" />
	<Point X="157" Y="182" T="0" />
	<Point X="156" Y="182" T="0" />
	<Point X="156" Y="182" T="0" />
	<Point X="155" Y="182" T="0" />
	<Point X="154" Y="182" T="0" />
	<Point X="154" Y="182" T="0" />
	<Point X="153" Y="182" T="0" />
	<Point X="152" Y="182" T="0" />
	<Point X="152" Y="182" T="0" />
	<Point X="151" Y="182" T="0" />
	<Point X="150" Y="182" T="0" />
	<Point X="150" Y="182" T="0" />
	<Point X="148" Y="182" T="0" />
	<Point X="146" Y="182" T="0" />
	<Point X="144" Y="182" T="0" />
	<Point X="141" Y="183" T="0" />
	<Point X="140" Y="184" T="0" />
	<Point X="137" Y="184" T="0" />
	<Point X="136" Y="184" T="0" />
	<Point X="135" Y="184" T="0" />
	<Point X="134" Y="184" T="0" />
</Gesture>