<?xml version="1.0" encoding="utf-8" standalone="yes"?>
<Gesture Name="right_square_bracket08" NumPts="35">
	<Point X="243" Y="108" T="0" />
	<Point X="243" Y="108" T="0" />
	<Point X="252" Y="108" T="0" />
	<Point X="270" Y="108" T="0" />
	<Point X="328" Y="110" T="0" />
	<Point X="350" Y="110" T="0" />
	<Point X="358" Y="110" T="0" />
	<Point X="362" Y="110" T="0" />
	<Point X="362" Y="110" T="0" />
	<Point X="363" Y="110" T="0" />
	<Point X="363" Y="111" T="0" />
	<Point X="362" Y="112" T="0" />
	<Point X="360" Y="120" T="0" />
	<Point X="353" Y="135" T="0" />
	<Point X="339" Y="168" T="0" />
	<Point X="309" Y="272" T="0" />
	<Point X="300" Y="338" T="0" />
	<Point X="295" Y="383" T="0" />
	<Point X="295" Y="431" T="0" />
	<Point X="297" Y="452" T="0" />
	<Point X="300" Y="467" T="0" />
	<Point X="300" Y="470" T="0" />
	<Point X="302" Y="472" T="0" />
	<Point X="302" Y="473" T="0" />
	<Point X="303" Y="473" T="0" />
	<Point X="302" Y="473" T="0" />
	<Point X="299" Y="472" T="0" />
	<Point X="287" Y="468" T="0" />
	<Point X="250" Y="462" T="0" />
	<Point X="230" Y="458" T="0" />
	<Point X="216" Y="456" T="0" />
	<Point X="211" Y="454" T="0" />
	<Point X="210" Y="454" T="0" />
	<Point X="209" Y="453" T="0" />
	<Point X="209" Y="452" T="0" />
</Gesture>