<?xml version="1.0" encoding="utf-8" standalone="yes"?>
<Gesture Name="right_curly_brace09" NumPts="53">
	<Point X="199" Y="204" T="0" />
	<Point X="199" Y="204" T="0" />
	<Point X="202" Y="204" T="0" />
	<Point X="205" Y="204" T="0" />
	<Point X="210" Y="204" T="0" />
	<Point X="220" Y="204" T="0" />
	<Point X="232" Y="208" T="0" />
	<Point X="237" Y="210" T="0" />
	<Point X="242" Y="212" T="0" />
	<Point X="245" Y="216" T="0" />
	<Point X="246" Y="218" T="0" />
	<Point X="248" Y="222" T="0" />
	<Point X="248" Y="224" T="0" />
	<Point X="246" Y="230" T="0" />
	<Point X="243" Y="235" T="0" />
	<Point X="239" Y="240" T="0" />
	<Point X="233" Y="249" T="0" />
	<Point X="228" Y="256" T="0" />
	<Point X="224" Y="261" T="0" />
	<Point X="221" Y="268" T="0" />
	<Point X="219" Y="271" T="0" />
	<Point X="218" Y="277" T="0" />
	<Point X="218" Y="280" T="0" />
	<Point X="218" Y="282" T="0" />
	<Point X="220" Y="284" T="0" />
	<Point X="221" Y="286" T="0" />
	<Point X="224" Y="286" T="0" />
	<Point X="228" Y="286" T="0" />
	<Point X="230" Y="286" T="0" />
	<Point X="233" Y="286" T="0" />
	<Point X="234" Y="286" T="0" />
	<Point X="236" Y="286" T="0" />
	<Point X="236" Y="286" T="0" />
	<Point X="237" Y="286" T="0" />
	<Point X="236" Y="286" T="0" />
	<Point X="234" Y="287" T="0" />
	<Point X="230" Y="288" T="0" />
	<Point X="227" Y="290" T="0" />
	<Point X="223" Y="294" T="0" />
	<Point X="218" Y="300" T="0" />
	<Point X="216" Y="305" T="0" />
	<Point X="215" Y="309" T="0" />
	<Point X="217" Y="314" T="0" />
	<Point X="220" Y="318" T="0" />
	<Point X="225" Y="323" T="0" />
	<Point X="241" Y="336" T="0" />
	<Point X="254" Y="350" T="0" />
	<Point X="265" Y="366" T="0" />
	<Point X="274" Y="387" T="0" />
	<Point X="276" Y="397" T="0" />
	<Point X="268" Y="414" T="0" />
	<Point X="255" Y="426" T="0" />
	<Point X="245" Y="432" T="0" />
</Gesture>