<?xml version="1.0" encoding="utf-8" standalone="yes"?>
<Gesture Name="right_curly_brace06" NumPts="70">
	<Point X="216" Y="92" T="0" />
	<Point X="216" Y="92" T="0" />
	<Point X="220" Y="92" T="0" />
	<Point X="230" Y="92" T="0" />
	<Point X="249" Y="92" T="0" />
	<Point X="266" Y="92" T="0" />
	<Point X="279" Y="94" T="0" />
	<Point X="294" Y="99" T="0" />
	<Point X="300" Y="103" T="0" />
	<Point X="304" Y="106" T="0" />
	<Point X="308" Y="112" T="0" />
	<Point X="309" Y="117" T="0" />
	<Point X="309" Y="122" T="0" />
	<Point X="309" Y="131" T="0" />
	<Point X="306" Y="137" T="0" />
	<Point X="297" Y="154" T="0" />
	<Point X="290" Y="164" T="0" />
	<Point X="282" Y="176" T="0" />
	<Point X="270" Y="190" T="0" />
	<Point X="264" Y="198" T="0" />
	<Point X="258" Y="203" T="0" />
	<Point X="252" Y="209" T="0" />
	<Point X="248" Y="212" T="0" />
	<Point X="244" Y="216" T="0" />
	<Point X="242" Y="220" T="0" />
	<Point X="241" Y="222" T="0" />
	<Point X="240" Y="224" T="0" />
	<Point X="240" Y="226" T="0" />
	<Point X="240" Y="228" T="0" />
	<Point X="240" Y="230" T="0" />
	<Point X="240" Y="231" T="0" />
	<Point X="242" Y="232" T="0" />
	<Point X="246" Y="235" T="0" />
	<Point X="250" Y="236" T="0" />
	<Point X="254" Y="236" T="0" />
	<Point X="258" Y="238" T="0" />
	<Point X="260" Y="238" T="0" />
	<Point X="264" Y="238" T="0" />
	<Point X="265" Y="238" T="0" />
	<Point X="266" Y="238" T="0" />
	<Point X="266" Y="238" T="0" />
	<Point X="266" Y="238" T="0" />
	<Point X="262" Y="238" T="0" />
	<Point X="256" Y="238" T="0" />
	<Point X="249" Y="238" T="0" />
	<Point X="240" Y="241" T="0" />
	<Point X="236" Y="242" T="0" />
	<Point X="233" Y="244" T="0" />
	<Point X="231" Y="247" T="0" />
	<Point X="230" Y="249" T="0" />
	<Point X="229" Y="253" T="0" />
	<Point X="229" Y="257" T="0" />
	<Point X="232" Y="262" T="0" />
	<Point X="241" Y="269" T="0" />
	<Point X="253" Y="277" T="0" />
	<Point X="266" Y="285" T="0" />
	<Point X="282" Y="296" T="0" />
	<Point X="292" Y="302" T="0" />
	<Point X="302" Y="308" T="0" />
	<Point X="314" Y="320" T="0" />
	<Point X="318" Y="326" T="0" />
	<Point X="324" Y="336" T="0" />
	<Point X="325" Y="346" T="0" />
	<Point X="324" Y="356" T="0" />
	<Point X="318" Y="374" T="0" />
	<Point X="306" Y="386" T="0" />
	<Point X="290" Y="396" T="0" />
	<Point X="258" Y="408" T="0" />
	<Point X="238" Y="409" T="0" />
	<Point X="224" Y="406" T="0" />
</Gesture>