<?xml version="1.0" encoding="utf-8" standalone="yes"?>
<Gesture Name="right_curly_brace07" NumPts="60">
	<Point X="220" Y="46" T="0" />
	<Point X="222" Y="46" T="0" />
	<Point X="226" Y="46" T="0" />
	<Point X="234" Y="46" T="0" />
	<Point X="254" Y="46" T="0" />
	<Point X="268" Y="48" T="0" />
	<Point X="281" Y="52" T="0" />
	<Point X="294" Y="59" T="0" />
	<Point X="299" Y="64" T="0" />
	<Point X="305" Y="71" T="0" />
	<Point X="308" Y="76" T="0" />
	<Point X="310" Y="82" T="0" />
	<Point X="310" Y="92" T="0" />
	<Point X="310" Y="100" T="0" />
	<Point X="308" Y="106" T="0" />
	<Point X="298" Y="121" T="0" />
	<Point X="284" Y="138" T="0" />
	<Point X="268" Y="158" T="0" />
	<Point X="242" Y="187" T="0" />
	<Point X="232" Y="200" T="0" />
	<Point X="221" Y="216" T="0" />
	<Point X="218" Y="221" T="0" />
	<Point X="217" Y="225" T="0" />
	<Point X="216" Y="230" T="0" />
	<Point X="216" Y="232" T="0" />
	<Point X="219" Y="234" T="0" />
	<Point X="232" Y="238" T="0" />
	<Point X="250" Y="242" T="0" />
	<Point X="267" Y="243" T="0" />
	<Point X="278" Y="243" T="0" />
	<Point X="282" Y="243" T="0" />
	<Point X="285" Y="243" T="0" />
	<Point X="286" Y="243" T="0" />
	<Point X="287" Y="243" T="0" />
	<Point X="288" Y="243" T="0" />
	<Point X="286" Y="243" T="0" />
	<Point X="283" Y="242" T="0" />
	<Point X="277" Y="242" T="0" />
	<Point X="262" Y="242" T="0" />
	<Point X="249" Y="245" T="0" />
	<Point X="239" Y="249" T="0" />
	<Point X="231" Y="255" T="0" />
	<Point X="228" Y="258" T="0" />
	<Point X="226" Y="262" T="0" />
	<Point X="226" Y="267" T="0" />
	<Point X="229" Y="272" T="0" />
	<Point X="249" Y="285" T="0" />
	<Point X="276" Y="298" T="0" />
	<Point X="304" Y="313" T="0" />
	<Point X="334" Y="336" T="0" />
	<Point X="346" Y="352" T="0" />
	<Point X="353" Y="365" T="0" />
	<Point X="356" Y="382" T="0" />
	<Point X="354" Y="394" T="0" />
	<Point X="334" Y="414" T="0" />
	<Point X="298" Y="430" T="0" />
	<Point X="247" Y="440" T="0" />
	<Point X="206" Y="441" T="0" />
	<Point X="195" Y="438" T="0" />
	<Point X="190" Y="436" T="0" />
</Gesture>