<?xml version="1.0" encoding="utf-8" standalone="yes"?>
<Gesture Name="right_square_bracket06" NumPts="34">
	<Point X="280" Y="130" T="0" />
	<Point X="280" Y="130" T="0" />
	<Point X="294" Y="133" T="0" />
	<Point X="336" Y="144" T="0" />
	<Point X="368" Y="155" T="0" />
	<Point X="394" Y="164" T="0" />
	<Point X="402" Y="166" T="0" />
	<Point X="406" Y="167" T="0" />
	<Point X="407" Y="167" T="0" />
	<Point X="407" Y="168" T="0" />
	<Point X="407" Y="169" T="0" />
	<Point X="406" Y="171" T="0" />
	<Point X="404" Y="177" T="0" />
	<Point X="394" Y="204" T="0" />
	<Point X="386" Y="233" T="0" />
	<Point X="380" Y="268" T="0" />
	<Point X="376" Y="317" T="0" />
	<Point X="376" Y="342" T="0" />
	<Point X="377" Y="360" T="0" />
	<Point X="380" Y="374" T="0" />
	<Point X="381" Y="378" T="0" />
	<Point X="381" Y="380" T="0" />
	<Point X="382" Y="381" T="0" />
	<Point X="382" Y="382" T="0" />
	<Point X="382" Y="382" T="0" />
	<Point X="381" Y="382" T="0" />
	<Point X="374" Y="382" T="0" />
	<Point X="324" Y="376" T="0" />
	<Point X="284" Y="376" T="0" />
	<Point X="262" Y="377" T="0" />
	<Point X="252" Y="377" T="0" />
	<Point X="250" Y="377" T="0" />
	<Point X="250" Y="377" T="0" />
	<Point X="250" Y="376" T="0" />
</Gesture>