<?xml version="1.0" encoding="utf-8" standalone="yes"?>
<Gesture Name="right_square_bracket02" NumPts="38">
	<Point X="260" Y="149" T="0" />
	<Point X="260" Y="149" T="0" />
	<Point X="260" Y="149" T="0" />
	<Point X="262" Y="149" T="0" />
	<Point X="269" Y="149" T="0" />
	<Point X="295" Y="150" T="0" />
	<Point X="358" Y="151" T="0" />
	<Point X="386" Y="151" T="0" />
	<Point X="402" Y="151" T="0" />
	<Point X="408" Y="152" T="0" />
	<Point X="409" Y="152" T="0" />
	<Point X="410" Y="153" T="0" />
	<Point X="410" Y="154" T="0" />
	<Point X="409" Y="157" T="0" />
	<Point X="406" Y="162" T="0" />
	<Point X="400" Y="178" T="0" />
	<Point X="393" Y="206" T="0" />
	<Point X="384" Y="238" T="0" />
	<Point X="378" Y="282" T="0" />
	<Point X="376" Y="310" T="0" />
	<Point X="376" Y="341" T="0" />
	<Point X="379" Y="380" T="0" />
	<Point X="383" Y="394" T="0" />
	<Point X="386" Y="406" T="0" />
	<Point X="387" Y="410" T="0" />
	<Point X="388" Y="412" T="0" />
	<Point X="389" Y="414" T="0" />
	<Point X="389" Y="415" T="0" />
	<Point X="389" Y="416" T="0" />
	<Point X="389" Y="416" T="0" />
	<Point X="385" Y="416" T="0" />
	<Point X="375" Y="415" T="0" />
	<Point X="342" Y="404" T="0" />
	<Point X="320" Y="398" T="0" />
	<Point X="310" Y="395" T="0" />
	<Point X="306" Y="394" T="0" />
	<Point X="306" Y="394" T="0" />
	<Point X="305" Y="393" T="0" />
</Gesture>