<?xml version="1.0" encoding="utf-8" standalone="yes"?>
<Gesture Name="right_square_bracket04" NumPts="37">
	<Point X="212" Y="123" T="0" />
	<Point X="214" Y="123" T="0" />
	<Point X="219" Y="123" T="0" />
	<Point X="240" Y="122" T="0" />
	<Point X="272" Y="123" T="0" />
	<Point X="299" Y="124" T="0" />
	<Point X="317" Y="128" T="0" />
	<Point X="325" Y="130" T="0" />
	<Point X="329" Y="132" T="0" />
	<Point X="332" Y="134" T="0" />
	<Point X="333" Y="136" T="0" />
	<Point X="334" Y="138" T="0" />
	<Point X="333" Y="141" T="0" />
	<Point X="330" Y="148" T="0" />
	<Point X="324" Y="162" T="0" />
	<Point X="317" Y="190" T="0" />
	<Point X="306" Y="234" T="0" />
	<Point X="299" Y="283" T="0" />
	<Point X="299" Y="312" T="0" />
	<Point X="300" Y="336" T="0" />
	<Point X="302" Y="352" T="0" />
	<Point X="306" Y="368" T="0" />
	<Point X="308" Y="374" T="0" />
	<Point X="309" Y="376" T="0" />
	<Point X="310" Y="378" T="0" />
	<Point X="310" Y="379" T="0" />
	<Point X="312" Y="380" T="0" />
	<Point X="312" Y="381" T="0" />
	<Point X="310" Y="381" T="0" />
	<Point X="306" Y="380" T="0" />
	<Point X="290" Y="374" T="0" />
	<Point X="244" Y="362" T="0" />
	<Point X="216" Y="355" T="0" />
	<Point X="198" Y="352" T="0" />
	<Point X="191" Y="351" T="0" />
	<Point X="188" Y="350" T="0" />
	<Point X="186" Y="350" T="0" />
</Gesture>