<?xml version="1.0" encoding="utf-8" standalone="yes"?>
<Gesture Name="right_curly_brace03" NumPts="75">
	<Point X="217" Y="108" T="0" />
	<Point X="217" Y="108" T="0" />
	<Point X="217" Y="108" T="0" />
	<Point X="217" Y="108" T="0" />
	<Point X="219" Y="108" T="0" />
	<Point X="224" Y="107" T="0" />
	<Point X="237" Y="106" T="0" />
	<Point X="255" Y="106" T="0" />
	<Point X="271" Y="108" T="0" />
	<Point X="284" Y="112" T="0" />
	<Point X="294" Y="116" T="0" />
	<Point X="302" Y="120" T="0" />
	<Point X="310" Y="129" T="0" />
	<Point X="312" Y="132" T="0" />
	<Point X="316" Y="142" T="0" />
	<Point X="317" Y="145" T="0" />
	<Point X="319" Y="153" T="0" />
	<Point X="320" Y="158" T="0" />
	<Point X="320" Y="164" T="0" />
	<Point X="320" Y="168" T="0" />
	<Point X="318" Y="176" T="0" />
	<Point X="316" Y="182" T="0" />
	<Point X="314" Y="190" T="0" />
	<Point X="310" Y="199" T="0" />
	<Point X="308" Y="202" T="0" />
	<Point X="305" Y="208" T="0" />
	<Point X="304" Y="212" T="0" />
	<Point X="302" Y="216" T="0" />
	<Point X="301" Y="219" T="0" />
	<Point X="300" Y="222" T="0" />
	<Point X="300" Y="224" T="0" />
	<Point X="302" Y="226" T="0" />
	<Point X="306" Y="228" T="0" />
	<Point X="314" Y="230" T="0" />
	<Point X="316" Y="230" T="0" />
	<Point X="322" Y="230" T="0" />
	<Point X="324" Y="230" T="0" />
	<Point X="327" Y="230" T="0" />
	<Point X="329" Y="230" T="0" />
	<Point X="330" Y="230" T="0" />
	<Point X="332" Y="230" T="0" />
	<Point X="333" Y="230" T="0" />
	<Point X="334" Y="230" T="0" />
	<Point X="335" Y="230" T="0" />
	<Point X="336" Y="230" T="0" />
	<Point X="335" Y="230" T="0" />
	<Point X="334" Y="230" T="0" />
	<Point X="333" Y="230" T="0" />
	<Point X="328" Y="231" T="0" />
	<Point X="325" Y="232" T="0" />
	<Point X="322" Y="234" T="0" />
	<Point X="318" Y="235" T="0" />
	<Point X="315" Y="237" T="0" />
	<Point X="314" Y="239" T="0" />
	<Point X="312" Y="242" T="0" />
	<Point X="311" Y="244" T="0" />
	<Point X="311" Y="247" T="0" />
	<Point X="311" Y="249" T="0" />
	<Point X="313" Y="253" T="0" />
	<Point X="318" Y="256" T="0" />
	<Point X="323" Y="261" T="0" />
	<Point X="328" Y="266" T="0" />
	<Point X="334" Y="271" T="0" />
	<Point X="342" Y="280" T="0" />
	<Point X="348" Y="290" T="0" />
	<Point X="352" Y="300" T="0" />
	<Point X="357" Y="312" T="0" />
	<Point X="358" Y="326" T="0" />
	<Point X="358" Y="344" T="0" />
	<Point X="352" Y="356" T="0" />
	<Point X="346" Y="366" T="0" />
	<Point X="336" Y="377" T="0" />
	<Point X="324" Y="384" T="0" />
	<Point X="314" Y="386" T="0" />
	<Point X="305" Y="388" T="0" />
</Gesture>