<?xml version="1.0" encoding="utf-8" standalone="yes"?>
<Gesture Name="right_curly_brace01" NumPts="89">
	<Point X="138" Y="91" T="0" />
	<Point X="138" Y="91" T="0" />
	<Point X="138" Y="91" T="0" />
	<Point X="139" Y="91" T="0" />
	<Point X="140" Y="91" T="0" />
	<Point X="140" Y="91" T="0" />
	<Point X="141" Y="91" T="0" />
	<Point X="141" Y="90" T="0" />
	<Point X="142" Y="90" T="0" />
	<Point X="145" Y="90" T="0" />
	<Point X="150" Y="90" T="0" />
	<Point X="158" Y="90" T="0" />
	<Point X="172" Y="91" T="0" />
	<Point X="185" Y="94" T="0" />
	<Point X="201" Y="99" T="0" />
	<Point X="207" Y="102" T="0" />
	<Point X="212" Y="106" T="0" />
	<Point X="214" Y="110" T="0" />
	<Point X="216" Y="113" T="0" />
	<Point X="218" Y="116" T="0" />
	<Point X="218" Y="120" T="0" />
	<Point X="218" Y="125" T="0" />
	<Point X="218" Y="130" T="0" />
	<Point X="215" Y="138" T="0" />
	<Point X="212" Y="144" T="0" />
	<Point X="206" Y="155" T="0" />
	<Point X="202" Y="162" T="0" />
	<Point X="198" Y="168" T="0" />
	<Point X="194" Y="175" T="0" />
	<Point X="192" Y="180" T="0" />
	<Point X="191" Y="184" T="0" />
	<Point X="190" Y="188" T="0" />
	<Point X="190" Y="192" T="0" />
	<Point X="190" Y="197" T="0" />
	<Point X="192" Y="201" T="0" />
	<Point X="196" Y="206" T="0" />
	<Point X="200" Y="209" T="0" />
	<Point X="205" Y="212" T="0" />
	<Point X="210" Y="215" T="0" />
	<Point X="217" Y="218" T="0" />
	<Point X="223" Y="222" T="0" />
	<Point X="228" Y="225" T="0" />
	<Point X="234" Y="228" T="0" />
	<Point X="237" Y="228" T="0" />
	<Point X="238" Y="230" T="0" />
	<Point X="240" Y="230" T="0" />
	<Point X="241" Y="231" T="0" />
	<Point X="242" Y="231" T="0" />
	<Point X="242" Y="231" T="0" />
	<Point X="243" Y="231" T="0" />
	<Point X="243" Y="232" T="0" />
	<Point X="242" Y="232" T="0" />
	<Point X="242" Y="232" T="0" />
	<Point X="241" Y="232" T="0" />
	<Point X="237" Y="231" T="0" />
	<Point X="230" Y="231" T="0" />
	<Point X="228" Y="231" T="0" />
	<Point X="218" Y="231" T="0" />
	<Point X="213" Y="231" T="0" />
	<Point X="208" Y="233" T="0" />
	<Point X="204" Y="234" T="0" />
	<Point X="201" Y="236" T="0" />
	<Point X="200" Y="238" T="0" />
	<Point X="199" Y="242" T="0" />
	<Point X="198" Y="244" T="0" />
	<Point X="200" Y="250" T="0" />
	<Point X="201" Y="250" T="0" />
	<Point X="208" Y="256" T="0" />
	<Point X="213" Y="259" T="0" />
	<Point X="220" Y="262" T="0" />
	<Point X="229" Y="266" T="0" />
	<Point X="240" Y="272" T="0" />
	<Point X="250" Y="276" T="0" />
	<Point X="260" Y="281" T="0" />
	<Point X="268" Y="286" T="0" />
	<Point X="274" Y="292" T="0" />
	<Point X="276" Y="294" T="0" />
	<Point X="279" Y="303" T="0" />
	<Point X="279" Y="314" T="0" />
	<Point X="276" Y="331" T="0" />
	<Point X="270" Y="346" T="0" />
	<Point X="263" Y="358" T="0" />
	<Point X="257" Y="366" T="0" />
	<Point X="240" Y="376" T="0" />
	<Point X="235" Y="377" T="0" />
	<Point X="218" Y="378" T="0" />
	<Point X="211" Y="378" T="0" />
	<Point X="206" Y="377" T="0" />
	<Point X="204" Y="376" T="0" />
</Gesture>