<?xml version="1.0" encoding="utf-8" standalone="yes"?>
<Gesture Name="right_square_bracket01" NumPts="34">
	<Point X="200" Y="102" T="0" />
	<Point X="202" Y="102" T="0" />
	<Point X="203" Y="102" T="0" />
	<Point X="250" Y="100" T="0" />
	<Point X="299" Y="100" T="0" />
	<Point X="334" Y="103" T="0" />
	<Point X="356" Y="106" T="0" />
	<Point X="361" Y="108" T="0" />
	<Point X="364" Y="108" T="0" />
	<Point X="366" Y="108" T="0" />
	<Point X="366" Y="109" T="0" />
	<Point X="366" Y="111" T="0" />
	<Point X="366" Y="117" T="0" />
	<Point X="364" Y="130" T="0" />
	<Point X="358" Y="175" T="0" />
	<Point X="357" Y="222" T="0" />
	<Point X="357" Y="278" T="0" />
	<Point X="358" Y="328" T="0" />
	<Point X="358" Y="352" T="0" />
	<Point X="358" Y="363" T="0" />
	<Point X="360" Y="370" T="0" />
	<Point X="360" Y="372" T="0" />
	<Point X="360" Y="373" T="0" />
	<Point X="360" Y="374" T="0" />
	<Point X="359" Y="374" T="0" />
	<Point X="352" Y="374" T="0" />
	<Point X="332" Y="374" T="0" />
	<Point X="270" Y="378" T="0" />
	<Point X="244" Y="382" T="0" />
	<Point X="228" Y="383" T="0" />
	<Point X="217" Y="384" T="0" />
	<Point X="214" Y="384" T="0" />
	<Point X="212" Y="384" T="0" />
	<Point X="212" Y="383" T="0" />
</Gesture>