<?xml version="1.0" encoding="utf-8" standalone="yes"?>
<Gesture Name="right_curly_brace08" NumPts="60">
	<Point X="228" Y="65" T="0" />
	<Point X="228" Y="65" T="0" />
	<Point X="232" Y="66" T="0" />
	<Point X="252" Y="69" T="0" />
	<Point X="279" Y="80" T="0" />
	<Point X="295" Y="90" T="0" />
	<Point X="307" Y="99" T="0" />
	<Point X="319" Y="115" T="0" />
	<Point X="322" Y="124" T="0" />
	<Point X="324" Y="133" T="0" />
	<Point X="323" Y="143" T="0" />
	<Point X="320" Y="150" T="0" />
	<Point X="316" Y="160" T="0" />
	<Point X="306" Y="178" T="0" />
	<Point X="298" Y="191" T="0" />
	<Point X="288" Y="211" T="0" />
	<Point X="282" Y="224" T="0" />
	<Point X="277" Y="236" T="0" />
	<Point X="273" Y="248" T="0" />
	<Point X="272" Y="253" T="0" />
	<Point X="272" Y="258" T="0" />
	<Point X="272" Y="264" T="0" />
	<Point X="275" Y="268" T="0" />
	<Point X="278" Y="271" T="0" />
	<Point X="284" Y="276" T="0" />
	<Point X="287" Y="277" T="0" />
	<Point X="294" Y="279" T="0" />
	<Point X="298" Y="280" T="0" />
	<Point X="302" Y="280" T="0" />
	<Point X="306" Y="280" T="0" />
	<Point X="307" Y="280" T="0" />
	<Point X="308" Y="280" T="0" />
	<Point X="309" Y="280" T="0" />
	<Point X="310" Y="280" T="0" />
	<Point X="310" Y="280" T="0" />
	<Point X="308" Y="280" T="0" />
	<Point X="306" Y="281" T="0" />
	<Point X="300" Y="282" T="0" />
	<Point X="290" Y="286" T="0" />
	<Point X="285" Y="288" T="0" />
	<Point X="282" Y="290" T="0" />
	<Point X="278" Y="292" T="0" />
	<Point X="277" Y="294" T="0" />
	<Point X="277" Y="298" T="0" />
	<Point X="280" Y="304" T="0" />
	<Point X="285" Y="310" T="0" />
	<Point X="303" Y="326" T="0" />
	<Point X="313" Y="337" T="0" />
	<Point X="322" Y="346" T="0" />
	<Point X="331" Y="358" T="0" />
	<Point X="336" Y="366" T="0" />
	<Point X="339" Y="374" T="0" />
	<Point X="341" Y="385" T="0" />
	<Point X="340" Y="392" T="0" />
	<Point X="338" Y="400" T="0" />
	<Point X="330" Y="414" T="0" />
	<Point X="322" Y="422" T="0" />
	<Point X="306" Y="434" T="0" />
	<Point X="297" Y="439" T="0" />
	<Point X="288" Y="441" T="0" />
</Gesture>