<?xml version="1.0" encoding="utf-8" standalone="yes"?>
<Gesture Name="star02" NumPts="83">
	<Point X="115" Y="334" T="0" />
	<Point X="115" Y="333" T="0" />
	<Point X="120" Y="325" T="0" />
	<Point X="126" Y="313" T="0" />
	<Point X="164" Y="248" T="0" />
	<Point X="182" Y="211" T="0" />
	<Point X="194" Y="181" T="0" />
	<Point X="204" Y="154" T="0" />
	<Point X="215" Y="124" T="0" />
	<Point X="226" Y="98" T="0" />
	<Point X="234" Y="76" T="0" />
	<Point X="239" Y="64" T="0" />
	<Point X="240" Y="62" T="0" />
	<Point X="241" Y="61" T="0" />
	<Point X="242" Y="61" T="0" />
	<Point X="242" Y="62" T="0" />
	<Point X="243" Y="64" T="0" />
	<Point X="246" Y="72" T="0" />
	<Point X="252" Y="92" T="0" />
	<Point X="266" Y="162" T="0" />
	<Point X="272" Y="187" T="0" />
	<Point X="282" Y="236" T="0" />
	<Point X="286" Y="264" T="0" />
	<Point X="289" Y="285" T="0" />
	<Point X="292" Y="300" T="0" />
	<Point X="294" Y="309" T="0" />
	<Point X="295" Y="316" T="0" />
	<Point X="295" Y="318" T="0" />
	<Point X="297" Y="324" T="0" />
	<Point X="298" Y="326" T="0" />
	<Point X="298" Y="330" T="0" />
	<Point X="298" Y="333" T="0" />
	<Point X="298" Y="334" T="0" />
	<Point X="298" Y="335" T="0" />
	<Point X="297" Y="334" T="0" />
	<Point X="294" Y="331" T="0" />
	<Point X="262" Y="304" T="0" />
	<Point X="191" Y="244" T="0" />
	<Point X="140" Y="204" T="0" />
	<Point X="113" Y="184" T="0" />
	<Point X="98" Y="174" T="0" />
	<Point X="90" Y="168" T="0" />
	<Point X="86" Y="164" T="0" />
	<Point X="83" Y="162" T="0" />
	<Point X="82" Y="160" T="0" />
	<Point X="80" Y="158" T="0" />
	<Point X="80" Y="158" T="0" />
	<Point X="79" Y="157" T="0" />
	<Point X="78" Y="156" T="0" />
	<Point X="77" Y="155" T="0" />
	<Point X="76" Y="154" T="0" />
	<Point X="76" Y="153" T="0" />
	<Point X="76" Y="152" T="0" />
	<Point X="76" Y="152" T="0" />
	<Point X="80" Y="151" T="0" />
	<Point X="92" Y="150" T="0" />
	<Point X="134" Y="147" T="0" />
	<Point X="210" Y="143" T="0" />
	<Point X="268" Y="138" T="0" />
	<Point X="307" Y="134" T="0" />
	<Point X="331" Y="132" T="0" />
	<Point X="344" Y="131" T="0" />
	<Point X="350" Y="130" T="0" />
	<Point X="356" Y="130" T="0" />
	<Point X="360" Y="130" T="0" />
	<Point X="362" Y="130" T="0" />
	<Point X="363" Y="130" T="0" />
	<Point X="364" Y="130" T="0" />
	<Point X="364" Y="130" T="0" />
	<Point X="365" Y="130" T="0" />
	<Point X="365" Y="131" T="0" />
	<Point X="365" Y="132" T="0" />
	<Point X="364" Y="133" T="0" />
	<Point X="346" Y="152" T="0" />
	<Point X="284" Y="208" T="0" />
	<Point X="198" Y="284" T="0" />
	<Point X="128" Y="332" T="0" />
	<Point X="89" Y="358" T="0" />
	<Point X="70" Y="368" T="0" />
	<Point X="64" Y="371" T="0" />
	<Point X="62" Y="372" T="0" />
	<Point X="62" Y="373" T="0" />
	<Point X="62" Y="372" T="0" />
</Gesture>