<?xml version="1.0" encoding="utf-8" standalone="yes"?>
<Gesture Name="star06" NumPts="71">
	<Point X="107" Y="355" T="0" />
	<Point X="114" Y="350" T="0" />
	<Point X="134" Y="322" T="0" />
	<Point X="162" Y="277" T="0" />
	<Point X="181" Y="237" T="0" />
	<Point X="197" Y="204" T="0" />
	<Point X="201" Y="194" T="0" />
	<Point X="202" Y="188" T="0" />
	<Point X="204" Y="184" T="0" />
	<Point X="205" Y="183" T="0" />
	<Point X="205" Y="182" T="0" />
	<Point X="206" Y="182" T="0" />
	<Point X="206" Y="182" T="0" />
	<Point X="208" Y="184" T="0" />
	<Point X="210" Y="189" T="0" />
	<Point X="220" Y="204" T="0" />
	<Point X="248" Y="254" T="0" />
	<Point X="269" Y="294" T="0" />
	<Point X="282" Y="321" T="0" />
	<Point X="297" Y="349" T="0" />
	<Point X="305" Y="360" T="0" />
	<Point X="308" Y="367" T="0" />
	<Point X="311" Y="369" T="0" />
	<Point X="311" Y="370" T="0" />
	<Point X="312" Y="371" T="0" />
	<Point X="310" Y="370" T="0" />
	<Point X="308" Y="368" T="0" />
	<Point X="292" Y="360" T="0" />
	<Point X="233" Y="337" T="0" />
	<Point X="156" Y="304" T="0" />
	<Point X="83" Y="274" T="0" />
	<Point X="64" Y="266" T="0" />
	<Point X="53" Y="260" T="0" />
	<Point X="46" Y="256" T="0" />
	<Point X="44" Y="254" T="0" />
	<Point X="42" Y="252" T="0" />
	<Point X="39" Y="249" T="0" />
	<Point X="34" Y="246" T="0" />
	<Point X="32" Y="243" T="0" />
	<Point X="30" Y="241" T="0" />
	<Point X="30" Y="240" T="0" />
	<Point X="30" Y="240" T="0" />
	<Point X="31" Y="240" T="0" />
	<Point X="34" Y="239" T="0" />
	<Point X="36" Y="239" T="0" />
	<Point X="74" Y="236" T="0" />
	<Point X="147" Y="231" T="0" />
	<Point X="214" Y="225" T="0" />
	<Point X="289" Y="220" T="0" />
	<Point X="315" Y="219" T="0" />
	<Point X="334" Y="219" T="0" />
	<Point X="340" Y="219" T="0" />
	<Point X="342" Y="219" T="0" />
	<Point X="343" Y="219" T="0" />
	<Point X="344" Y="219" T="0" />
	<Point X="344" Y="220" T="0" />
	<Point X="344" Y="220" T="0" />
	<Point X="344" Y="221" T="0" />
	<Point X="344" Y="222" T="0" />
	<Point X="344" Y="222" T="0" />
	<Point X="344" Y="224" T="0" />
	<Point X="340" Y="228" T="0" />
	<Point X="326" Y="238" T="0" />
	<Point X="272" Y="275" T="0" />
	<Point X="180" Y="328" T="0" />
	<Point X="155" Y="340" T="0" />
	<Point X="144" Y="344" T="0" />
	<Point X="140" Y="346" T="0" />
	<Point X="140" Y="346" T="0" />
	<Point X="139" Y="346" T="0" />
	<Point X="139" Y="345" T="0" />
</Gesture>