<?xml version="1.0" encoding="utf-8" standalone="yes"?>
<Gesture Name="star08" NumPts="110">
	<Point X="113" Y="294" T="0" />
	<Point X="116" Y="292" T="0" />
	<Point X="122" Y="287" T="0" />
	<Point X="135" Y="272" T="0" />
	<Point X="158" Y="238" T="0" />
	<Point X="172" Y="211" T="0" />
	<Point X="185" Y="181" T="0" />
	<Point X="189" Y="170" T="0" />
	<Point X="191" Y="164" T="0" />
	<Point X="193" Y="157" T="0" />
	<Point X="194" Y="154" T="0" />
	<Point X="195" Y="152" T="0" />
	<Point X="196" Y="148" T="0" />
	<Point X="197" Y="146" T="0" />
	<Point X="197" Y="144" T="0" />
	<Point X="199" Y="143" T="0" />
	<Point X="200" Y="143" T="0" />
	<Point X="200" Y="143" T="0" />
	<Point X="201" Y="145" T="0" />
	<Point X="202" Y="147" T="0" />
	<Point X="206" Y="155" T="0" />
	<Point X="211" Y="165" T="0" />
	<Point X="222" Y="182" T="0" />
	<Point X="244" Y="224" T="0" />
	<Point X="256" Y="250" T="0" />
	<Point X="263" Y="268" T="0" />
	<Point X="268" Y="284" T="0" />
	<Point X="271" Y="289" T="0" />
	<Point X="272" Y="295" T="0" />
	<Point X="274" Y="299" T="0" />
	<Point X="276" Y="303" T="0" />
	<Point X="278" Y="309" T="0" />
	<Point X="278" Y="312" T="0" />
	<Point X="278" Y="313" T="0" />
	<Point X="279" Y="315" T="0" />
	<Point X="279" Y="316" T="0" />
	<Point X="278" Y="316" T="0" />
	<Point X="277" Y="315" T="0" />
	<Point X="274" Y="313" T="0" />
	<Point X="250" Y="301" T="0" />
	<Point X="220" Y="288" T="0" />
	<Point X="192" Y="272" T="0" />
	<Point X="164" Y="256" T="0" />
	<Point X="152" Y="248" T="0" />
	<Point X="143" Y="243" T="0" />
	<Point X="132" Y="237" T="0" />
	<Point X="124" Y="234" T="0" />
	<Point X="117" Y="230" T="0" />
	<Point X="110" Y="228" T="0" />
	<Point X="106" Y="225" T="0" />
	<Point X="104" Y="224" T="0" />
	<Point X="102" Y="222" T="0" />
	<Point X="101" Y="222" T="0" />
	<Point X="100" Y="222" T="0" />
	<Point X="101" Y="222" T="0" />
	<Point X="101" Y="221" T="0" />
	<Point X="103" Y="220" T="0" />
	<Point X="108" Y="220" T="0" />
	<Point X="119" Y="218" T="0" />
	<Point X="165" Y="213" T="0" />
	<Point X="210" Y="208" T="0" />
	<Point X="252" Y="207" T="0" />
	<Point X="287" Y="207" T="0" />
	<Point X="300" Y="207" T="0" />
	<Point X="308" Y="207" T="0" />
	<Point X="312" Y="207" T="0" />
	<Point X="314" Y="207" T="0" />
	<Point X="319" Y="207" T="0" />
	<Point X="323" Y="207" T="0" />
	<Point X="326" Y="207" T="0" />
	<Point X="329" Y="207" T="0" />
	<Point X="330" Y="207" T="0" />
	<Point X="331" Y="207" T="0" />
	<Point X="332" Y="207" T="0" />
	<Point X="333" Y="207" T="0" />
	<Point X="333" Y="208" T="0" />
	<Point X="333" Y="208" T="0" />
	<Point X="331" Y="209" T="0" />
	<Point X="320" Y="214" T="0" />
	<Point X="302" Y="222" T="0" />
	<Point X="275" Y="232" T="0" />
	<Point X="232" Y="251" T="0" />
	<Point X="208" Y="262" T="0" />
	<Point X="190" Y="272" T="0" />
	<Point X="169" Y="278" T="0" />
	<Point X="162" Y="281" T="0" />
	<Point X="156" Y="283" T="0" />
	<Point X="155" Y="284" T="0" />
	<Point X="154" Y="284" T="0" />
	<Point X="152" Y="284" T="0" />
	<Point X="152" Y="284" T="0" />
	<Point X="151" Y="284" T="0" />
	<Point X="150" Y="284" T="0" />
	<Point X="150" Y="284" T="0" />
	<Point X="148" Y="284" T="0" />
	<Point X="146" Y="284" T="0" />
	<Point X="141" Y="284" T="0" />
	<Point X="138" Y="285" T="0" />
	<Point X="135" Y="286" T="0" />
	<Point X="133" Y="287" T="0" />
	<Point X="132" Y="288" T="0" />
	<Point X="131" Y="288" T="0" />
	<Point X="130" Y="288" T="0" />
	<Point X="130" Y="288" T="0" />
	<Point X="128" Y="289" T="0" />
	<Point X="126" Y="290" T="0" />
	<Point X="124" Y="290" T="0" />
	<Point X="122" Y="290" T="0" />
	<Point X="121" Y="290" T="0" />
	<Point X="120" Y="290" T="0" />
</Gesture>