<?xml version="1.0" encoding="utf-8" standalone="yes"?>
<Gesture Name="star03" NumPts="83">
	<Point X="78" Y="223" T="0" />
	<Point X="78" Y="223" T="0" />
	<Point X="79" Y="221" T="0" />
	<Point X="82" Y="216" T="0" />
	<Point X="98" Y="190" T="0" />
	<Point X="123" Y="151" T="0" />
	<Point X="148" Y="102" T="0" />
	<Point X="153" Y="90" T="0" />
	<Point X="168" Y="68" T="0" />
	<Point X="171" Y="62" T="0" />
	<Point X="174" Y="59" T="0" />
	<Point X="176" Y="57" T="0" />
	<Point X="177" Y="56" T="0" />
	<Point X="178" Y="56" T="0" />
	<Point X="179" Y="56" T="0" />
	<Point X="180" Y="56" T="0" />
	<Point X="184" Y="57" T="0" />
	<Point X="189" Y="65" T="0" />
	<Point X="195" Y="80" T="0" />
	<Point X="205" Y="114" T="0" />
	<Point X="220" Y="161" T="0" />
	<Point X="234" Y="202" T="0" />
	<Point X="246" Y="228" T="0" />
	<Point X="254" Y="244" T="0" />
	<Point X="260" Y="254" T="0" />
	<Point X="263" Y="257" T="0" />
	<Point X="265" Y="260" T="0" />
	<Point X="266" Y="260" T="0" />
	<Point X="265" Y="260" T="0" />
	<Point X="264" Y="259" T="0" />
	<Point X="258" Y="252" T="0" />
	<Point X="235" Y="234" T="0" />
	<Point X="196" Y="208" T="0" />
	<Point X="154" Y="182" T="0" />
	<Point X="127" Y="167" T="0" />
	<Point X="104" Y="157" T="0" />
	<Point X="80" Y="148" T="0" />
	<Point X="74" Y="146" T="0" />
	<Point X="65" Y="144" T="0" />
	<Point X="62" Y="141" T="0" />
	<Point X="59" Y="140" T="0" />
	<Point X="58" Y="137" T="0" />
	<Point X="56" Y="136" T="0" />
	<Point X="55" Y="134" T="0" />
	<Point X="55" Y="134" T="0" />
	<Point X="54" Y="132" T="0" />
	<Point X="54" Y="132" T="0" />
	<Point X="54" Y="130" T="0" />
	<Point X="54" Y="130" T="0" />
	<Point X="54" Y="129" T="0" />
	<Point X="54" Y="128" T="0" />
	<Point X="55" Y="128" T="0" />
	<Point X="59" Y="127" T="0" />
	<Point X="64" Y="126" T="0" />
	<Point X="102" Y="125" T="0" />
	<Point X="151" Y="125" T="0" />
	<Point X="198" Y="126" T="0" />
	<Point X="244" Y="130" T="0" />
	<Point X="266" Y="132" T="0" />
	<Point X="276" Y="132" T="0" />
	<Point X="283" Y="130" T="0" />
	<Point X="285" Y="130" T="0" />
	<Point X="286" Y="130" T="0" />
	<Point X="288" Y="130" T="0" />
	<Point X="290" Y="130" T="0" />
	<Point X="292" Y="130" T="0" />
	<Point X="293" Y="130" T="0" />
	<Point X="294" Y="130" T="0" />
	<Point X="294" Y="130" T="0" />
	<Point X="291" Y="134" T="0" />
	<Point X="281" Y="141" T="0" />
	<Point X="250" Y="157" T="0" />
	<Point X="168" Y="198" T="0" />
	<Point X="135" Y="214" T="0" />
	<Point X="118" Y="224" T="0" />
	<Point X="104" Y="233" T="0" />
	<Point X="102" Y="234" T="0" />
	<Point X="101" Y="235" T="0" />
	<Point X="100" Y="236" T="0" />
	<Point X="99" Y="236" T="0" />
	<Point X="99" Y="237" T="0" />
	<Point X="98" Y="237" T="0" />
	<Point X="98" Y="237" T="0" />
</Gesture>