<?xml version="1.0" encoding="utf-8" standalone="yes"?>
<Gesture Name="star01" NumPts="89">
	<Point X="152" Y="293" T="0" />
	<Point X="152" Y="293" T="0" />
	<Point X="153" Y="291" T="0" />
	<Point X="154" Y="287" T="0" />
	<Point X="164" Y="272" T="0" />
	<Point X="178" Y="242" T="0" />
	<Point X="190" Y="205" T="0" />
	<Point X="202" Y="165" T="0" />
	<Point X="210" Y="140" T="0" />
	<Point X="217" Y="126" T="0" />
	<Point X="223" Y="118" T="0" />
	<Point X="230" Y="107" T="0" />
	<Point X="234" Y="102" T="0" />
	<Point X="236" Y="97" T="0" />
	<Point X="237" Y="94" T="0" />
	<Point X="239" Y="91" T="0" />
	<Point X="240" Y="86" T="0" />
	<Point X="240" Y="83" T="0" />
	<Point X="242" Y="79" T="0" />
	<Point X="242" Y="77" T="0" />
	<Point X="242" Y="75" T="0" />
	<Point X="243" Y="75" T="0" />
	<Point X="244" Y="76" T="0" />
	<Point X="244" Y="78" T="0" />
	<Point X="248" Y="87" T="0" />
	<Point X="253" Y="106" T="0" />
	<Point X="261" Y="130" T="0" />
	<Point X="272" Y="162" T="0" />
	<Point X="282" Y="188" T="0" />
	<Point X="290" Y="213" T="0" />
	<Point X="302" Y="246" T="0" />
	<Point X="306" Y="262" T="0" />
	<Point X="310" Y="272" T="0" />
	<Point X="312" Y="278" T="0" />
	<Point X="313" Y="282" T="0" />
	<Point X="314" Y="284" T="0" />
	<Point X="314" Y="286" T="0" />
	<Point X="314" Y="286" T="0" />
	<Point X="312" Y="284" T="0" />
	<Point X="306" Y="278" T="0" />
	<Point X="288" Y="262" T="0" />
	<Point X="259" Y="240" T="0" />
	<Point X="222" Y="212" T="0" />
	<Point X="195" Y="196" T="0" />
	<Point X="178" Y="187" T="0" />
	<Point X="164" Y="180" T="0" />
	<Point X="152" Y="176" T="0" />
	<Point X="135" Y="169" T="0" />
	<Point X="128" Y="166" T="0" />
	<Point X="120" Y="164" T="0" />
	<Point X="116" Y="163" T="0" />
	<Point X="113" Y="162" T="0" />
	<Point X="112" Y="162" T="0" />
	<Point X="111" Y="162" T="0" />
	<Point X="112" Y="162" T="0" />
	<Point X="118" Y="163" T="0" />
	<Point X="138" Y="164" T="0" />
	<Point X="184" Y="164" T="0" />
	<Point X="254" Y="161" T="0" />
	<Point X="300" Y="156" T="0" />
	<Point X="331" Y="151" T="0" />
	<Point X="351" Y="144" T="0" />
	<Point X="362" Y="141" T="0" />
	<Point X="367" Y="140" T="0" />
	<Point X="372" Y="139" T="0" />
	<Point X="374" Y="138" T="0" />
	<Point X="376" Y="138" T="0" />
	<Point X="378" Y="138" T="0" />
	<Point X="378" Y="138" T="0" />
	<Point X="379" Y="138" T="0" />
	<Point X="380" Y="138" T="0" />
	<Point X="380" Y="139" T="0" />
	<Point X="380" Y="142" T="0" />
	<Point X="377" Y="146" T="0" />
	<Point X="370" Y="155" T="0" />
	<Point X="346" Y="176" T="0" />
	<Point X="301" Y="216" T="0" />
	<Point X="253" Y="254" T="0" />
	<Point X="228" Y="271" T="0" />
	<Point X="206" Y="287" T="0" />
	<Point X="199" Y="293" T="0" />
	<Point X="194" Y="296" T="0" />
	<Point X="192" Y="300" T="0" />
	<Point X="190" Y="302" T="0" />
	<Point X="188" Y="304" T="0" />
	<Point X="187" Y="305" T="0" />
	<Point X="186" Y="306" T="0" />
	<Point X="186" Y="306" T="0" />
	<Point X="185" Y="308" T="0" />
</Gesture>