<?xml version="1.0" encoding="utf-8" standalone="yes"?>
<Gesture Name="triangle03" NumPts="39">
	<Point X="239" Y="160" T="0" />
	<Point X="238" Y="165" T="0" />
	<Point X="228" Y="177" T="0" />
	<Point X="212" Y="202" T="0" />
	<Point X="168" Y="282" T="0" />
	<Point X="140" Y="344" T="0" />
	<Point X="138" Y="354" T="0" />
	<Point X="130" Y="374" T="0" />
	<Point X="128" Y="381" T="0" />
	<Point X="127" Y="385" T="0" />
	<Point X="126" Y="390" T="0" />
	<Point X="124" Y="392" T="0" />
	<Point X="124" Y="394" T="0" />
	<Point X="124" Y="396" T="0" />
	<Point X="125" Y="397" T="0" />
	<Point X="128" Y="400" T="0" />
	<Point X="152" Y="406" T="0" />
	<Point X="168" Y="407" T="0" />
	<Point X="239" Y="408" T="0" />
	<Point X="275" Y="408" T="0" />
	<Point X="301" Y="404" T="0" />
	<Point X="317" Y="402" T="0" />
	<Point X="326" Y="398" T="0" />
	<Point X="332" Y="397" T="0" />
	<Point X="334" Y="395" T="0" />
	<Point X="336" Y="394" T="0" />
	<Point X="336" Y="393" T="0" />
	<Point X="336" Y="392" T="0" />
	<Point X="335" Y="388" T="0" />
	<Point X="330" Y="380" T="0" />
	<Point X="318" Y="365" T="0" />
	<Point X="299" Y="340" T="0" />
	<Point X="280" Y="308" T="0" />
	<Point X="261" Y="274" T="0" />
	<Point X="245" Y="240" T="0" />
	<Point X="238" Y="220" T="0" />
	<Point X="232" Y="207" T="0" />
	<Point X="232" Y="204" T="0" />
	<Point X="231" Y="202" T="0" />
</Gesture>