<?xml version="1.0" encoding="utf-8" standalone="yes"?>
<Gesture Name="triangle04" NumPts="39">
	<Point X="224" Y="105" T="0" />
	<Point X="224" Y="105" T="0" />
	<Point X="220" Y="112" T="0" />
	<Point X="210" Y="127" T="0" />
	<Point X="173" Y="202" T="0" />
	<Point X="140" Y="271" T="0" />
	<Point X="119" Y="326" T="0" />
	<Point X="106" Y="361" T="0" />
	<Point X="98" Y="383" T="0" />
	<Point X="94" Y="394" T="0" />
	<Point X="94" Y="397" T="0" />
	<Point X="94" Y="398" T="0" />
	<Point X="94" Y="399" T="0" />
	<Point X="94" Y="400" T="0" />
	<Point X="95" Y="400" T="0" />
	<Point X="100" Y="400" T="0" />
	<Point X="116" Y="399" T="0" />
	<Point X="169" Y="396" T="0" />
	<Point X="240" Y="390" T="0" />
	<Point X="306" Y="386" T="0" />
	<Point X="342" Y="384" T="0" />
	<Point X="363" Y="380" T="0" />
	<Point X="373" Y="378" T="0" />
	<Point X="376" Y="376" T="0" />
	<Point X="380" Y="373" T="0" />
	<Point X="380" Y="371" T="0" />
	<Point X="380" Y="366" T="0" />
	<Point X="374" Y="352" T="0" />
	<Point X="359" Y="325" T="0" />
	<Point X="328" Y="274" T="0" />
	<Point X="291" Y="216" T="0" />
	<Point X="260" Y="167" T="0" />
	<Point X="242" Y="137" T="0" />
	<Point X="231" Y="118" T="0" />
	<Point X="223" Y="107" T="0" />
	<Point X="218" Y="101" T="0" />
	<Point X="215" Y="99" T="0" />
	<Point X="214" Y="99" T="0" />
	<Point X="212" Y="100" T="0" />
</Gesture>