<?xml version="1.0" encoding="utf-8" standalone="yes"?>
<Gesture Name="triangle01" NumPts="40">
	<Point X="183" Y="116" T="0" />
	<Point X="182" Y="118" T="0" />
	<Point X="177" Y="126" T="0" />
	<Point X="169" Y="138" T="0" />
	<Point X="139" Y="194" T="0" />
	<Point X="124" Y="225" T="0" />
	<Point X="110" Y="255" T="0" />
	<Point X="92" Y="296" T="0" />
	<Point X="82" Y="320" T="0" />
	<Point X="74" Y="337" T="0" />
	<Point X="72" Y="350" T="0" />
	<Point X="72" Y="352" T="0" />
	<Point X="72" Y="354" T="0" />
	<Point X="72" Y="354" T="0" />
	<Point X="72" Y="354" T="0" />
	<Point X="73" Y="354" T="0" />
	<Point X="78" Y="353" T="0" />
	<Point X="138" Y="344" T="0" />
	<Point X="223" Y="330" T="0" />
	<Point X="321" Y="312" T="0" />
	<Point X="344" Y="308" T="0" />
	<Point X="354" Y="304" T="0" />
	<Point X="358" Y="301" T="0" />
	<Point X="360" Y="300" T="0" />
	<Point X="360" Y="300" T="0" />
	<Point X="361" Y="300" T="0" />
	<Point X="361" Y="299" T="0" />
	<Point X="361" Y="298" T="0" />
	<Point X="360" Y="294" T="0" />
	<Point X="352" Y="280" T="0" />
	<Point X="328" Y="239" T="0" />
	<Point X="260" Y="132" T="0" />
	<Point X="238" Y="100" T="0" />
	<Point X="216" Y="79" T="0" />
	<Point X="209" Y="76" T="0" />
	<Point X="208" Y="75" T="0" />
	<Point X="206" Y="74" T="0" />
	<Point X="206" Y="75" T="0" />
	<Point X="206" Y="76" T="0" />
	<Point X="206" Y="76" T="0" />
</Gesture>