<?xml version="1.0" encoding="utf-8" standalone="yes"?>
<Gesture Name="triangle07" NumPts="36">
	<Point X="161" Y="164" T="0" />
	<Point X="161" Y="167" T="0" />
	<Point X="154" Y="199" T="0" />
	<Point X="136" Y="262" T="0" />
	<Point X="113" Y="318" T="0" />
	<Point X="104" Y="330" T="0" />
	<Point X="100" Y="336" T="0" />
	<Point X="98" Y="340" T="0" />
	<Point X="98" Y="340" T="0" />
	<Point X="98" Y="340" T="0" />
	<Point X="98" Y="340" T="0" />
	<Point X="100" Y="339" T="0" />
	<Point X="102" Y="339" T="0" />
	<Point X="125" Y="339" T="0" />
	<Point X="182" Y="339" T="0" />
	<Point X="254" Y="339" T="0" />
	<Point X="313" Y="339" T="0" />
	<Point X="334" Y="339" T="0" />
	<Point X="343" Y="338" T="0" />
	<Point X="346" Y="338" T="0" />
	<Point X="346" Y="337" T="0" />
	<Point X="347" Y="336" T="0" />
	<Point X="347" Y="336" T="0" />
	<Point X="346" Y="335" T="0" />
	<Point X="342" Y="331" T="0" />
	<Point X="334" Y="322" T="0" />
	<Point X="316" Y="304" T="0" />
	<Point X="271" Y="260" T="0" />
	<Point X="245" Y="232" T="0" />
	<Point X="228" Y="213" T="0" />
	<Point X="206" Y="193" T="0" />
	<Point X="198" Y="187" T="0" />
	<Point X="191" Y="182" T="0" />
	<Point X="188" Y="179" T="0" />
	<Point X="188" Y="178" T="0" />
	<Point X="186" Y="177" T="0" />
</Gesture>