<?xml version="1.0" encoding="utf-8" standalone="yes"?>
<Gesture Name="triangle02" NumPts="68">
	<Point X="189" Y="165" T="0" />
	<Point X="188" Y="169" T="0" />
	<Point X="185" Y="179" T="0" />
	<Point X="170" Y="214" T="0" />
	<Point X="159" Y="248" T="0" />
	<Point X="150" Y="270" T="0" />
	<Point X="143" Y="286" T="0" />
	<Point X="136" Y="302" T="0" />
	<Point X="128" Y="320" T="0" />
	<Point X="124" Y="328" T="0" />
	<Point X="122" Y="333" T="0" />
	<Point X="120" Y="338" T="0" />
	<Point X="118" Y="342" T="0" />
	<Point X="118" Y="346" T="0" />
	<Point X="117" Y="348" T="0" />
	<Point X="116" Y="349" T="0" />
	<Point X="116" Y="350" T="0" />
	<Point X="116" Y="351" T="0" />
	<Point X="117" Y="351" T="0" />
	<Point X="118" Y="351" T="0" />
	<Point X="126" Y="351" T="0" />
	<Point X="145" Y="349" T="0" />
	<Point X="186" Y="346" T="0" />
	<Point X="233" Y="343" T="0" />
	<Point X="266" Y="343" T="0" />
	<Point X="289" Y="343" T="0" />
	<Point X="305" Y="342" T="0" />
	<Point X="309" Y="342" T="0" />
	<Point X="312" Y="342" T="0" />
	<Point X="312" Y="342" T="0" />
	<Point X="313" Y="342" T="0" />
	<Point X="314" Y="342" T="0" />
	<Point X="314" Y="341" T="0" />
	<Point X="314" Y="340" T="0" />
	<Point X="312" Y="336" T="0" />
	<Point X="304" Y="322" T="0" />
	<Point X="288" Y="303" T="0" />
	<Point X="268" Y="280" T="0" />
	<Point X="251" Y="260" T="0" />
	<Point X="239" Y="245" T="0" />
	<Point X="231" Y="235" T="0" />
	<Point X="224" Y="228" T="0" />
	<Point X="220" Y="223" T="0" />
	<Point X="215" Y="220" T="0" />
	<Point X="210" Y="216" T="0" />
	<Point X="208" Y="214" T="0" />
	<Point X="207" Y="213" T="0" />
	<Point X="206" Y="213" T="0" />
	<Point X="206" Y="212" T="0" />
	<Point X="206" Y="212" T="0" />
	<Point X="206" Y="210" T="0" />
	<Point X="206" Y="210" T="0" />
	<Point X="206" Y="208" T="0" />
	<Point X="205" Y="206" T="0" />
	<Point X="204" Y="202" T="0" />
	<Point X="202" Y="195" T="0" />
	<Point X="200" Y="190" T="0" />
	<Point X="197" Y="186" T="0" />
	<Point X="196" Y="183" T="0" />
	<Point X="196" Y="181" T="0" />
	<Point X="196" Y="180" T="0" />
	<Point X="196" Y="180" T="0" />
	<Point X="196" Y="179" T="0" />
	<Point X="195" Y="179" T="0" />
	<Point X="194" Y="178" T="0" />
	<Point X="194" Y="178" T="0" />
	<Point X="194" Y="177" T="0" />
	<Point X="194" Y="176" T="0" />
</Gesture>