<?xml version="1.0" encoding="utf-8" standalone="yes"?>
<Gesture Name="triangle06" NumPts="38">
	<Point X="194" Y="190" T="0" />
	<Point X="192" Y="193" T="0" />
	<Point X="190" Y="202" T="0" />
	<Point X="177" Y="238" T="0" />
	<Point X="161" Y="294" T="0" />
	<Point X="152" Y="329" T="0" />
	<Point X="146" Y="358" T="0" />
	<Point X="140" Y="384" T="0" />
	<Point X="137" Y="401" T="0" />
	<Point X="137" Y="408" T="0" />
	<Point X="136" Y="412" T="0" />
	<Point X="136" Y="414" T="0" />
	<Point X="136" Y="414" T="0" />
	<Point X="137" Y="414" T="0" />
	<Point X="140" Y="413" T="0" />
	<Point X="151" Y="409" T="0" />
	<Point X="179" Y="399" T="0" />
	<Point X="222" Y="386" T="0" />
	<Point X="266" Y="379" T="0" />
	<Point X="294" Y="375" T="0" />
	<Point X="319" Y="371" T="0" />
	<Point X="334" Y="368" T="0" />
	<Point X="342" Y="366" T="0" />
	<Point X="347" Y="358" T="0" />
	<Point X="349" Y="356" T="0" />
	<Point X="350" Y="344" T="0" />
	<Point X="345" Y="323" T="0" />
	<Point X="328" Y="294" T="0" />
	<Point X="299" Y="252" T="0" />
	<Point X="267" Y="210" T="0" />
	<Point X="243" Y="185" T="0" />
	<Point X="224" Y="168" T="0" />
	<Point X="212" Y="160" T="0" />
	<Point X="204" Y="158" T="0" />
	<Point X="200" Y="158" T="0" />
	<Point X="196" Y="158" T="0" />
	<Point X="194" Y="158" T="0" />
	<Point X="193" Y="158" T="0" />
</Gesture>