<?xml version="1.0" encoding="utf-8" standalone="yes"?>
<Gesture Name="triangle05" NumPts="38">
	<Point X="149" Y="192" T="0" />
	<Point X="149" Y="195" T="0" />
	<Point X="148" Y="203" T="0" />
	<Point X="139" Y="241" T="0" />
	<Point X="120" Y="309" T="0" />
	<Point X="102" Y="362" T="0" />
	<Point X="91" Y="390" T="0" />
	<Point X="84" Y="408" T="0" />
	<Point X="78" Y="419" T="0" />
	<Point X="74" Y="425" T="0" />
	<Point X="73" Y="430" T="0" />
	<Point X="72" Y="434" T="0" />
	<Point X="72" Y="435" T="0" />
	<Point X="73" Y="438" T="0" />
	<Point X="76" Y="438" T="0" />
	<Point X="114" Y="446" T="0" />
	<Point X="194" Y="454" T="0" />
	<Point X="268" Y="458" T="0" />
	<Point X="310" Y="460" T="0" />
	<Point X="333" Y="460" T="0" />
	<Point X="345" Y="458" T="0" />
	<Point X="350" Y="458" T="0" />
	<Point X="354" Y="455" T="0" />
	<Point X="355" Y="454" T="0" />
	<Point X="356" Y="452" T="0" />
	<Point X="356" Y="449" T="0" />
	<Point X="348" Y="436" T="0" />
	<Point X="330" Y="413" T="0" />
	<Point X="292" Y="372" T="0" />
	<Point X="247" Y="323" T="0" />
	<Point X="214" Y="274" T="0" />
	<Point X="185" Y="232" T="0" />
	<Point X="167" Y="202" T="0" />
	<Point X="156" Y="181" T="0" />
	<Point X="150" Y="172" T="0" />
	<Point X="148" Y="168" T="0" />
	<Point X="147" Y="167" T="0" />
	<Point X="146" Y="166" T="0" />
</Gesture>