<?xml version="1.0" encoding="utf-8" standalone="yes"?>
<Gesture Name="triangle08" NumPts="39">
	<Point X="160" Y="150" T="0" />
	<Point X="153" Y="164" T="0" />
	<Point X="140" Y="184" T="0" />
	<Point X="114" Y="223" T="0" />
	<Point X="86" Y="264" T="0" />
	<Point X="74" Y="284" T="0" />
	<Point X="64" Y="303" T="0" />
	<Point X="54" Y="322" T="0" />
	<Point X="52" Y="330" T="0" />
	<Point X="50" Y="334" T="0" />
	<Point X="50" Y="336" T="0" />
	<Point X="50" Y="336" T="0" />
	<Point X="51" Y="336" T="0" />
	<Point X="54" Y="336" T="0" />
	<Point X="67" Y="332" T="0" />
	<Point X="154" Y="319" T="0" />
	<Point X="223" Y="309" T="0" />
	<Point X="266" Y="308" T="0" />
	<Point X="308" Y="308" T="0" />
	<Point X="322" Y="308" T="0" />
	<Point X="328" Y="308" T="0" />
	<Point X="332" Y="308" T="0" />
	<Point X="332" Y="308" T="0" />
	<Point X="333" Y="308" T="0" />
	<Point X="333" Y="307" T="0" />
	<Point X="332" Y="304" T="0" />
	<Point X="323" Y="288" T="0" />
	<Point X="308" Y="258" T="0" />
	<Point X="269" Y="202" T="0" />
	<Point X="227" Y="145" T="0" />
	<Point X="209" Y="126" T="0" />
	<Point X="194" Y="117" T="0" />
	<Point X="182" Y="110" T="0" />
	<Point X="178" Y="107" T="0" />
	<Point X="174" Y="105" T="0" />
	<Point X="172" Y="104" T="0" />
	<Point X="171" Y="104" T="0" />
	<Point X="170" Y="102" T="0" />
	<Point X="170" Y="102" T="0" />
</Gesture>