<?xml version="1.0" encoding="utf-8" standalone="yes"?>
<Gesture Name="triangle10" NumPts="39">
	<Point X="184" Y="176" T="0" />
	<Point X="175" Y="196" T="0" />
	<Point X="160" Y="228" T="0" />
	<Point X="137" Y="277" T="0" />
	<Point X="121" Y="310" T="0" />
	<Point X="110" Y="334" T="0" />
	<Point X="105" Y="348" T="0" />
	<Point X="104" Y="352" T="0" />
	<Point X="104" Y="354" T="0" />
	<Point X="104" Y="353" T="0" />
	<Point X="104" Y="353" T="0" />
	<Point X="108" Y="352" T="0" />
	<Point X="142" Y="350" T="0" />
	<Point X="225" Y="344" T="0" />
	<Point X="306" Y="344" T="0" />
	<Point X="384" Y="348" T="0" />
	<Point X="409" Y="352" T="0" />
	<Point X="424" Y="354" T="0" />
	<Point X="425" Y="354" T="0" />
	<Point X="426" Y="354" T="0" />
	<Point X="426" Y="354" T="0" />
	<Point X="426" Y="353" T="0" />
	<Point X="426" Y="352" T="0" />
	<Point X="422" Y="348" T="0" />
	<Point X="413" Y="337" T="0" />
	<Point X="368" Y="298" T="0" />
	<Point X="324" Y="263" T="0" />
	<Point X="286" Y="234" T="0" />
	<Point X="249" Y="204" T="0" />
	<Point X="233" Y="190" T="0" />
	<Point X="220" Y="182" T="0" />
	<Point X="211" Y="175" T="0" />
	<Point X="206" Y="172" T="0" />
	<Point X="204" Y="169" T="0" />
	<Point X="202" Y="168" T="0" />
	<Point X="202" Y="167" T="0" />
	<Point X="201" Y="166" T="0" />
	<Point X="200" Y="166" T="0" />
	<Point X="200" Y="165" T="0" />
</Gesture>