<?xml version="1.0" encoding="utf-8" standalone="yes"?>
<Gesture Name="v03" NumPts="22">
	<Point X="98" Y="203" T="0" />
	<Point X="98" Y="205" T="0" />
	<Point X="105" Y="220" T="0" />
	<Point X="127" Y="268" T="0" />
	<Point X="159" Y="334" T="0" />
	<Point X="183" Y="381" T="0" />
	<Point X="208" Y="417" T="0" />
	<Point X="218" Y="428" T="0" />
	<Point X="236" Y="446" T="0" />
	<Point X="252" Y="460" T="0" />
	<Point X="256" Y="462" T="0" />
	<Point X="259" Y="464" T="0" />
	<Point X="260" Y="464" T="0" />
	<Point X="261" Y="464" T="0" />
	<Point X="263" Y="457" T="0" />
	<Point X="266" Y="444" T="0" />
	<Point X="278" Y="410" T="0" />
	<Point X="299" Y="328" T="0" />
	<Point X="312" Y="280" T="0" />
	<Point X="326" Y="224" T="0" />
	<Point X="332" Y="206" T="0" />
	<Point X="334" Y="200" T="0" />
</Gesture>