<?xml version="1.0" encoding="utf-8" standalone="yes"?>
<Gesture Name="v04" NumPts="52">
	<Point X="84" Y="114" T="0" />
	<Point X="85" Y="115" T="0" />
	<Point X="88" Y="120" T="0" />
	<Point X="94" Y="130" T="0" />
	<Point X="130" Y="213" T="0" />
	<Point X="161" Y="272" T="0" />
	<Point X="186" Y="309" T="0" />
	<Point X="205" Y="332" T="0" />
	<Point X="217" Y="346" T="0" />
	<Point X="224" Y="354" T="0" />
	<Point X="228" Y="357" T="0" />
	<Point X="232" Y="358" T="0" />
	<Point X="235" Y="359" T="0" />
	<Point X="237" Y="360" T="0" />
	<Point X="238" Y="360" T="0" />
	<Point X="241" Y="359" T="0" />
	<Point X="243" Y="357" T="0" />
	<Point X="246" Y="352" T="0" />
	<Point X="256" Y="336" T="0" />
	<Point X="280" Y="298" T="0" />
	<Point X="308" Y="250" T="0" />
	<Point X="321" Y="226" T="0" />
	<Point X="328" Y="216" T="0" />
	<Point X="330" Y="212" T="0" />
	<Point X="332" Y="210" T="0" />
	<Point X="332" Y="209" T="0" />
	<Point X="333" Y="208" T="0" />
	<Point X="334" Y="206" T="0" />
	<Point X="335" Y="206" T="0" />
	<Point X="338" Y="202" T="0" />
	<Point X="340" Y="198" T="0" />
	<Point X="342" Y="196" T="0" />
	<Point X="343" Y="195" T="0" />
	<Point X="343" Y="194" T="0" />
	<Point X="344" Y="193" T="0" />
	<Point X="346" Y="192" T="0" />
	<Point X="347" Y="190" T="0" />
	<Point X="348" Y="189" T="0" />
	<Point X="349" Y="188" T="0" />
	<Point X="351" Y="186" T="0" />
	<Point X="352" Y="185" T="0" />
	<Point X="353" Y="184" T="0" />
	<Point X="354" Y="181" T="0" />
	<Point X="357" Y="179" T="0" />
	<Point X="360" Y="174" T="0" />
	<Point X="364" Y="171" T="0" />
	<Point X="367" Y="167" T="0" />
	<Point X="370" Y="163" T="0" />
	<Point X="373" Y="160" T="0" />
	<Point X="374" Y="158" T="0" />
	<Point X="375" Y="157" T="0" />
	<Point X="376" Y="156" T="0" />
</Gesture>