<?xml version="1.0" encoding="utf-8" standalone="yes"?>
<Gesture Name="v05" NumPts="23">
	<Point X="114" Y="148" T="0" />
	<Point X="114" Y="149" T="0" />
	<Point X="118" Y="156" T="0" />
	<Point X="122" Y="166" T="0" />
	<Point X="146" Y="219" T="0" />
	<Point X="192" Y="313" T="0" />
	<Point X="209" Y="340" T="0" />
	<Point X="219" Y="358" T="0" />
	<Point X="226" Y="366" T="0" />
	<Point X="230" Y="371" T="0" />
	<Point X="233" Y="374" T="0" />
	<Point X="236" Y="375" T="0" />
	<Point X="238" Y="376" T="0" />
	<Point X="240" Y="376" T="0" />
	<Point X="244" Y="376" T="0" />
	<Point X="250" Y="372" T="0" />
	<Point X="267" Y="354" T="0" />
	<Point X="300" Y="310" T="0" />
	<Point X="350" Y="229" T="0" />
	<Point X="383" Y="163" T="0" />
	<Point X="389" Y="149" T="0" />
	<Point X="390" Y="146" T="0" />
	<Point X="390" Y="145" T="0" />
</Gesture>