<?xml version="1.0" encoding="utf-8" standalone="yes"?>
<Gesture Name="v06" NumPts="20">
	<Point X="96" Y="205" T="0" />
	<Point X="99" Y="214" T="0" />
	<Point X="108" Y="242" T="0" />
	<Point X="123" Y="277" T="0" />
	<Point X="140" Y="314" T="0" />
	<Point X="156" Y="343" T="0" />
	<Point X="159" Y="348" T="0" />
	<Point X="161" Y="352" T="0" />
	<Point X="162" Y="353" T="0" />
	<Point X="162" Y="354" T="0" />
	<Point X="163" Y="354" T="0" />
	<Point X="164" Y="354" T="0" />
	<Point X="166" Y="350" T="0" />
	<Point X="171" Y="344" T="0" />
	<Point X="196" Y="313" T="0" />
	<Point X="234" Y="260" T="0" />
	<Point X="265" Y="204" T="0" />
	<Point X="275" Y="184" T="0" />
	<Point X="284" Y="172" T="0" />
	<Point X="286" Y="169" T="0" />
</Gesture>