<?xml version="1.0" encoding="utf-8" standalone="yes"?>
<Gesture Name="v07" NumPts="21">
	<Point X="64" Y="109" T="0" />
	<Point X="64" Y="109" T="0" />
	<Point X="73" Y="130" T="0" />
	<Point X="108" Y="202" T="0" />
	<Point X="140" Y="264" T="0" />
	<Point X="160" Y="313" T="0" />
	<Point X="179" Y="352" T="0" />
	<Point X="184" Y="361" T="0" />
	<Point X="187" Y="364" T="0" />
	<Point X="188" Y="366" T="0" />
	<Point X="189" Y="366" T="0" />
	<Point X="190" Y="366" T="0" />
	<Point X="192" Y="364" T="0" />
	<Point X="196" Y="359" T="0" />
	<Point X="219" Y="325" T="0" />
	<Point X="265" Y="254" T="0" />
	<Point X="311" Y="182" T="0" />
	<Point X="359" Y="94" T="0" />
	<Point X="370" Y="75" T="0" />
	<Point X="374" Y="69" T="0" />
	<Point X="373" Y="70" T="0" />
</Gesture>