<?xml version="1.0" encoding="utf-8" standalone="yes"?>
<Gesture Name="v08" NumPts="22">
	<Point X="45" Y="145" T="0" />
	<Point X="45" Y="145" T="0" />
	<Point X="49" Y="159" T="0" />
	<Point X="60" Y="189" T="0" />
	<Point X="82" Y="252" T="0" />
	<Point X="105" Y="310" T="0" />
	<Point X="115" Y="329" T="0" />
	<Point X="120" Y="339" T="0" />
	<Point X="126" Y="346" T="0" />
	<Point X="128" Y="348" T="0" />
	<Point X="129" Y="349" T="0" />
	<Point X="130" Y="350" T="0" />
	<Point X="131" Y="350" T="0" />
	<Point X="132" Y="348" T="0" />
	<Point X="136" Y="343" T="0" />
	<Point X="146" Y="327" T="0" />
	<Point X="180" Y="262" T="0" />
	<Point X="198" Y="230" T="0" />
	<Point X="207" Y="213" T="0" />
	<Point X="210" Y="203" T="0" />
	<Point X="210" Y="201" T="0" />
	<Point X="210" Y="200" T="0" />
</Gesture>