<?xml version="1.0" encoding="utf-8" standalone="yes"?>
<Gesture Name="v09" NumPts="23">
	<Point X="123" Y="172" T="0" />
	<Point X="123" Y="172" T="0" />
	<Point X="128" Y="186" T="0" />
	<Point X="138" Y="210" T="0" />
	<Point X="148" Y="243" T="0" />
	<Point X="184" Y="323" T="0" />
	<Point X="199" Y="350" T="0" />
	<Point X="221" Y="378" T="0" />
	<Point X="228" Y="388" T="0" />
	<Point X="232" Y="392" T="0" />
	<Point X="235" Y="394" T="0" />
	<Point X="236" Y="394" T="0" />
	<Point X="236" Y="394" T="0" />
	<Point X="237" Y="394" T="0" />
	<Point X="238" Y="394" T="0" />
	<Point X="240" Y="393" T="0" />
	<Point X="251" Y="380" T="0" />
	<Point X="268" Y="358" T="0" />
	<Point X="291" Y="315" T="0" />
	<Point X="323" Y="236" T="0" />
	<Point X="338" Y="196" T="0" />
	<Point X="344" Y="169" T="0" />
	<Point X="346" Y="165" T="0" />
</Gesture>