<?xml version="1.0" encoding="utf-8" standalone="yes"?>
<Gesture Name="x01" NumPts="39">
	<Point X="151" Y="145" T="0" />
	<Point X="152" Y="146" T="0" />
	<Point X="154" Y="148" T="0" />
	<Point X="166" Y="163" T="0" />
	<Point X="200" Y="211" T="0" />
	<Point X="241" Y="270" T="0" />
	<Point X="266" Y="304" T="0" />
	<Point X="280" Y="326" T="0" />
	<Point X="290" Y="340" T="0" />
	<Point X="294" Y="348" T="0" />
	<Point X="297" Y="350" T="0" />
	<Point X="298" Y="350" T="0" />
	<Point X="299" Y="350" T="0" />
	<Point X="299" Y="348" T="0" />
	<Point X="298" Y="343" T="0" />
	<Point X="298" Y="328" T="0" />
	<Point X="300" Y="296" T="0" />
	<Point X="313" Y="229" T="0" />
	<Point X="327" Y="174" T="0" />
	<Point X="334" Y="154" T="0" />
	<Point X="335" Y="147" T="0" />
	<Point X="336" Y="144" T="0" />
	<Point X="336" Y="142" T="0" />
	<Point X="336" Y="142" T="0" />
	<Point X="336" Y="141" T="0" />
	<Point X="336" Y="142" T="0" />
	<Point X="334" Y="144" T="0" />
	<Point X="328" Y="147" T="0" />
	<Point X="309" Y="165" T="0" />
	<Point X="194" Y="285" T="0" />
	<Point X="124" Y="366" T="0" />
	<Point X="94" Y="400" T="0" />
	<Point X="88" Y="409" T="0" />
	<Point X="88" Y="411" T="0" />
	<Point X="88" Y="410" T="0" />
	<Point X="88" Y="410" T="0" />
	<Point X="88" Y="409" T="0" />
	<Point X="88" Y="408" T="0" />
	<Point X="88" Y="408" T="0" />
</Gesture>