<?xml version="1.0" encoding="utf-8" standalone="yes"?>
<Gesture Name="x02" NumPts="52">
	<Point X="164" Y="136" T="0" />
	<Point X="164" Y="137" T="0" />
	<Point X="167" Y="141" T="0" />
	<Point X="170" Y="146" T="0" />
	<Point X="192" Y="180" T="0" />
	<Point X="214" Y="213" T="0" />
	<Point X="234" Y="242" T="0" />
	<Point X="256" Y="273" T="0" />
	<Point X="270" Y="292" T="0" />
	<Point X="290" Y="314" T="0" />
	<Point X="296" Y="321" T="0" />
	<Point X="300" Y="326" T="0" />
	<Point X="304" Y="332" T="0" />
	<Point X="306" Y="333" T="0" />
	<Point X="308" Y="334" T="0" />
	<Point X="309" Y="336" T="0" />
	<Point X="309" Y="337" T="0" />
	<Point X="310" Y="337" T="0" />
	<Point X="310" Y="337" T="0" />
	<Point X="311" Y="333" T="0" />
	<Point X="324" Y="293" T="0" />
	<Point X="346" Y="200" T="0" />
	<Point X="358" Y="140" T="0" />
	<Point X="362" Y="104" T="0" />
	<Point X="363" Y="96" T="0" />
	<Point X="362" Y="92" T="0" />
	<Point X="362" Y="90" T="0" />
	<Point X="362" Y="89" T="0" />
	<Point X="362" Y="90" T="0" />
	<Point X="361" Y="90" T="0" />
	<Point X="361" Y="91" T="0" />
	<Point X="359" Y="92" T="0" />
	<Point X="356" Y="95" T="0" />
	<Point X="328" Y="118" T="0" />
	<Point X="264" Y="164" T="0" />
	<Point X="203" Y="215" T="0" />
	<Point X="191" Y="226" T="0" />
	<Point X="184" Y="233" T="0" />
	<Point X="181" Y="237" T="0" />
	<Point X="180" Y="238" T="0" />
	<Point X="179" Y="242" T="0" />
	<Point X="176" Y="248" T="0" />
	<Point X="174" Y="254" T="0" />
	<Point X="171" Y="259" T="0" />
	<Point X="167" Y="265" T="0" />
	<Point X="164" Y="270" T="0" />
	<Point X="161" Y="274" T="0" />
	<Point X="160" Y="276" T="0" />
	<Point X="157" Y="278" T="0" />
	<Point X="156" Y="280" T="0" />
	<Point X="154" Y="281" T="0" />
	<Point X="154" Y="282" T="0" />
</Gesture>