<?xml version="1.0" encoding="utf-8" standalone="yes"?>
<Gesture Name="x03" NumPts="42">
	<Point X="156" Y="138" T="0" />
	<Point X="157" Y="140" T="0" />
	<Point X="160" Y="144" T="0" />
	<Point X="165" Y="153" T="0" />
	<Point X="184" Y="184" T="0" />
	<Point X="206" Y="231" T="0" />
	<Point X="224" Y="265" T="0" />
	<Point X="239" Y="294" T="0" />
	<Point X="254" Y="316" T="0" />
	<Point X="268" Y="333" T="0" />
	<Point X="274" Y="339" T="0" />
	<Point X="277" Y="341" T="0" />
	<Point X="278" Y="344" T="0" />
	<Point X="280" Y="344" T="0" />
	<Point X="282" Y="342" T="0" />
	<Point X="286" Y="335" T="0" />
	<Point X="295" Y="312" T="0" />
	<Point X="307" Y="259" T="0" />
	<Point X="320" Y="198" T="0" />
	<Point X="326" Y="146" T="0" />
	<Point X="333" Y="110" T="0" />
	<Point X="334" Y="102" T="0" />
	<Point X="334" Y="101" T="0" />
	<Point X="333" Y="101" T="0" />
	<Point X="332" Y="101" T="0" />
	<Point X="326" Y="103" T="0" />
	<Point X="312" Y="114" T="0" />
	<Point X="284" Y="145" T="0" />
	<Point X="242" Y="191" T="0" />
	<Point X="202" Y="236" T="0" />
	<Point X="194" Y="247" T="0" />
	<Point X="182" Y="260" T="0" />
	<Point X="181" Y="261" T="0" />
	<Point X="181" Y="262" T="0" />
	<Point X="181" Y="263" T="0" />
	<Point X="181" Y="264" T="0" />
	<Point X="181" Y="264" T="0" />
	<Point X="181" Y="265" T="0" />
	<Point X="181" Y="266" T="0" />
	<Point X="182" Y="266" T="0" />
	<Point X="182" Y="266" T="0" />
	<Point X="182" Y="265" T="0" />
</Gesture>