<?xml version="1.0" encoding="utf-8" standalone="yes"?>
<Gesture Name="x06" NumPts="42">
	<Point X="125" Y="156" T="0" />
	<Point X="125" Y="156" T="0" />
	<Point X="125" Y="156" T="0" />
	<Point X="125" Y="156" T="0" />
	<Point X="125" Y="157" T="0" />
	<Point X="126" Y="160" T="0" />
	<Point X="129" Y="168" T="0" />
	<Point X="136" Y="184" T="0" />
	<Point X="149" Y="208" T="0" />
	<Point X="166" Y="245" T="0" />
	<Point X="185" Y="285" T="0" />
	<Point X="200" Y="311" T="0" />
	<Point X="211" Y="328" T="0" />
	<Point X="220" Y="343" T="0" />
	<Point X="230" Y="353" T="0" />
	<Point X="238" Y="366" T="0" />
	<Point X="240" Y="367" T="0" />
	<Point X="243" Y="371" T="0" />
	<Point X="244" Y="372" T="0" />
	<Point X="246" Y="372" T="0" />
	<Point X="248" Y="372" T="0" />
	<Point X="253" Y="362" T="0" />
	<Point X="264" Y="333" T="0" />
	<Point X="282" Y="256" T="0" />
	<Point X="292" Y="187" T="0" />
	<Point X="294" Y="152" T="0" />
	<Point X="296" Y="133" T="0" />
	<Point X="296" Y="124" T="0" />
	<Point X="295" Y="122" T="0" />
	<Point X="293" Y="120" T="0" />
	<Point X="291" Y="119" T="0" />
	<Point X="288" Y="119" T="0" />
	<Point X="283" Y="120" T="0" />
	<Point X="268" Y="128" T="0" />
	<Point X="233" Y="152" T="0" />
	<Point X="171" Y="208" T="0" />
	<Point X="122" Y="260" T="0" />
	<Point X="100" Y="291" T="0" />
	<Point X="88" Y="308" T="0" />
	<Point X="86" Y="315" T="0" />
	<Point X="85" Y="317" T="0" />
	<Point X="85" Y="318" T="0" />
</Gesture>