<?xml version="1.0" encoding="utf-8" standalone="yes"?>
<Gesture Name="x07" NumPts="57">
	<Point X="180" Y="209" T="0" />
	<Point X="191" Y="218" T="0" />
	<Point X="212" Y="238" T="0" />
	<Point X="266" Y="280" T="0" />
	<Point X="308" Y="312" T="0" />
	<Point X="342" Y="339" T="0" />
	<Point X="351" Y="345" T="0" />
	<Point X="354" Y="347" T="0" />
	<Point X="356" Y="348" T="0" />
	<Point X="356" Y="349" T="0" />
	<Point X="354" Y="334" T="0" />
	<Point X="352" Y="318" T="0" />
	<Point X="350" Y="306" T="0" />
	<Point X="345" Y="286" T="0" />
	<Point X="343" Y="278" T="0" />
	<Point X="342" Y="273" T="0" />
	<Point X="339" Y="269" T="0" />
	<Point X="338" Y="267" T="0" />
	<Point X="336" Y="264" T="0" />
	<Point X="335" Y="262" T="0" />
	<Point X="332" Y="258" T="0" />
	<Point X="329" Y="252" T="0" />
	<Point X="326" Y="246" T="0" />
	<Point X="324" Y="242" T="0" />
	<Point X="321" Y="237" T="0" />
	<Point X="320" Y="234" T="0" />
	<Point X="320" Y="234" T="0" />
	<Point X="318" Y="232" T="0" />
	<Point X="318" Y="232" T="0" />
	<Point X="318" Y="231" T="0" />
	<Point X="318" Y="230" T="0" />
	<Point X="317" Y="229" T="0" />
	<Point X="316" Y="226" T="0" />
	<Point X="315" Y="222" T="0" />
	<Point X="315" Y="217" T="0" />
	<Point X="314" Y="212" T="0" />
	<Point X="313" Y="211" T="0" />
	<Point X="313" Y="210" T="0" />
	<Point X="312" Y="210" T="0" />
	<Point X="311" Y="210" T="0" />
	<Point X="310" Y="212" T="0" />
	<Point X="304" Y="224" T="0" />
	<Point X="281" Y="256" T="0" />
	<Point X="226" Y="330" T="0" />
	<Point X="172" Y="394" T="0" />
	<Point X="160" Y="408" T="0" />
	<Point X="157" Y="412" T="0" />
	<Point X="156" Y="414" T="0" />
	<Point X="156" Y="413" T="0" />
	<Point X="156" Y="412" T="0" />
	<Point X="156" Y="412" T="0" />
	<Point X="156" Y="410" T="0" />
	<Point X="156" Y="410" T="0" />
	<Point X="156" Y="409" T="0" />
	<Point X="156" Y="408" T="0" />
	<Point X="156" Y="408" T="0" />
	<Point X="156" Y="408" T="0" />
</Gesture>