<?xml version="1.0" encoding="utf-8" standalone="yes"?>
<Gesture Name="x08" NumPts="39">
	<Point X="244" Y="227" T="0" />
	<Point X="253" Y="236" T="0" />
	<Point X="270" Y="251" T="0" />
	<Point X="306" Y="284" T="0" />
	<Point X="335" Y="314" T="0" />
	<Point X="373" Y="348" T="0" />
	<Point X="388" Y="364" T="0" />
	<Point X="396" Y="373" T="0" />
	<Point X="398" Y="376" T="0" />
	<Point X="400" Y="377" T="0" />
	<Point X="400" Y="378" T="0" />
	<Point X="400" Y="377" T="0" />
	<Point X="400" Y="374" T="0" />
	<Point X="400" Y="365" T="0" />
	<Point X="398" Y="302" T="0" />
	<Point X="390" Y="231" T="0" />
	<Point X="386" Y="196" T="0" />
	<Point X="382" Y="174" T="0" />
	<Point X="380" Y="168" T="0" />
	<Point X="379" Y="165" T="0" />
	<Point X="378" Y="163" T="0" />
	<Point X="378" Y="163" T="0" />
	<Point X="377" Y="162" T="0" />
	<Point X="376" Y="162" T="0" />
	<Point X="376" Y="163" T="0" />
	<Point X="375" Y="166" T="0" />
	<Point X="372" Y="171" T="0" />
	<Point X="361" Y="188" T="0" />
	<Point X="312" Y="256" T="0" />
	<Point X="287" Y="290" T="0" />
	<Point X="272" Y="313" T="0" />
	<Point X="258" Y="327" T="0" />
	<Point X="254" Y="332" T="0" />
	<Point X="252" Y="334" T="0" />
	<Point X="251" Y="336" T="0" />
	<Point X="250" Y="337" T="0" />
	<Point X="249" Y="338" T="0" />
	<Point X="248" Y="338" T="0" />
	<Point X="248" Y="338" T="0" />
</Gesture>