<?xml version="1.0" encoding="utf-8" standalone="yes"?>
<Gesture Name="x10" NumPts="45">
	<Point X="173" Y="119" T="0" />
	<Point X="182" Y="129" T="0" />
	<Point X="197" Y="150" T="0" />
	<Point X="234" Y="194" T="0" />
	<Point X="269" Y="236" T="0" />
	<Point X="301" Y="273" T="0" />
	<Point X="310" Y="282" T="0" />
	<Point X="313" Y="287" T="0" />
	<Point X="315" Y="288" T="0" />
	<Point X="316" Y="289" T="0" />
	<Point X="317" Y="290" T="0" />
	<Point X="318" Y="290" T="0" />
	<Point X="318" Y="290" T="0" />
	<Point X="318" Y="291" T="0" />
	<Point X="318" Y="292" T="0" />
	<Point X="318" Y="291" T="0" />
	<Point X="318" Y="290" T="0" />
	<Point X="318" Y="284" T="0" />
	<Point X="316" Y="264" T="0" />
	<Point X="310" Y="227" T="0" />
	<Point X="296" Y="176" T="0" />
	<Point X="290" Y="156" T="0" />
	<Point X="284" Y="140" T="0" />
	<Point X="282" Y="134" T="0" />
	<Point X="279" Y="128" T="0" />
	<Point X="277" Y="122" T="0" />
	<Point X="276" Y="117" T="0" />
	<Point X="276" Y="115" T="0" />
	<Point X="275" Y="112" T="0" />
	<Point X="274" Y="111" T="0" />
	<Point X="274" Y="110" T="0" />
	<Point X="274" Y="108" T="0" />
	<Point X="274" Y="108" T="0" />
	<Point X="274" Y="108" T="0" />
	<Point X="272" Y="112" T="0" />
	<Point X="264" Y="139" T="0" />
	<Point X="237" Y="210" T="0" />
	<Point X="208" Y="283" T="0" />
	<Point X="182" Y="338" T="0" />
	<Point X="174" Y="354" T="0" />
	<Point X="171" Y="360" T="0" />
	<Point X="168" Y="364" T="0" />
	<Point X="168" Y="364" T="0" />
	<Point X="168" Y="364" T="0" />
	<Point X="168" Y="363" T="0" />
</Gesture>