<?xml version="1.0" encoding="utf-8" standalone="yes"?>
<Gesture Name="zigzag01" NumPts="60">
	<Point X="69" Y="274" T="0" />
	<Point X="70" Y="272" T="0" />
	<Point X="74" Y="267" T="0" />
	<Point X="111" Y="224" T="0" />
	<Point X="140" Y="186" T="0" />
	<Point X="156" Y="166" T="0" />
	<Point X="164" Y="156" T="0" />
	<Point X="167" Y="152" T="0" />
	<Point X="169" Y="149" T="0" />
	<Point X="170" Y="148" T="0" />
	<Point X="170" Y="147" T="0" />
	<Point X="171" Y="147" T="0" />
	<Point X="171" Y="148" T="0" />
	<Point X="171" Y="154" T="0" />
	<Point X="168" Y="170" T="0" />
	<Point X="157" Y="218" T="0" />
	<Point X="149" Y="252" T="0" />
	<Point X="146" Y="273" T="0" />
	<Point X="145" Y="286" T="0" />
	<Point X="145" Y="292" T="0" />
	<Point X="145" Y="296" T="0" />
	<Point X="146" Y="298" T="0" />
	<Point X="146" Y="298" T="0" />
	<Point X="148" Y="298" T="0" />
	<Point X="155" Y="294" T="0" />
	<Point X="168" Y="279" T="0" />
	<Point X="190" Y="256" T="0" />
	<Point X="216" Y="221" T="0" />
	<Point X="240" Y="190" T="0" />
	<Point X="246" Y="180" T="0" />
	<Point X="250" Y="176" T="0" />
	<Point X="252" Y="172" T="0" />
	<Point X="254" Y="170" T="0" />
	<Point X="255" Y="169" T="0" />
	<Point X="256" Y="168" T="0" />
	<Point X="256" Y="168" T="0" />
	<Point X="256" Y="170" T="0" />
	<Point X="255" Y="183" T="0" />
	<Point X="248" Y="206" T="0" />
	<Point X="234" Y="241" T="0" />
	<Point X="227" Y="264" T="0" />
	<Point X="220" Y="282" T="0" />
	<Point X="218" Y="294" T="0" />
	<Point X="218" Y="300" T="0" />
	<Point X="218" Y="304" T="0" />
	<Point X="218" Y="306" T="0" />
	<Point X="218" Y="307" T="0" />
	<Point X="219" Y="308" T="0" />
	<Point X="220" Y="308" T="0" />
	<Point X="224" Y="306" T="0" />
	<Point X="230" Y="298" T="0" />
	<Point X="244" Y="282" T="0" />
	<Point X="267" Y="252" T="0" />
	<Point X="298" Y="204" T="0" />
	<Point X="314" Y="177" T="0" />
	<Point X="325" Y="160" T="0" />
	<Point X="329" Y="152" T="0" />
	<Point X="330" Y="148" T="0" />
	<Point X="332" Y="147" T="0" />
	<Point X="332" Y="146" T="0" />
</Gesture>