<?xml version="1.0" encoding="utf-8" standalone="yes"?>
<Gesture Name="zigzag05" NumPts="66">
	<Point X="103" Y="310" T="0" />
	<Point X="103" Y="310" T="0" />
	<Point X="104" Y="308" T="0" />
	<Point X="107" Y="304" T="0" />
	<Point X="126" Y="279" T="0" />
	<Point X="162" Y="234" T="0" />
	<Point X="197" Y="198" T="0" />
	<Point X="219" Y="172" T="0" />
	<Point X="231" Y="160" T="0" />
	<Point X="237" Y="155" T="0" />
	<Point X="238" Y="153" T="0" />
	<Point X="239" Y="152" T="0" />
	<Point X="239" Y="153" T="0" />
	<Point X="239" Y="154" T="0" />
	<Point X="237" Y="160" T="0" />
	<Point X="235" Y="170" T="0" />
	<Point X="230" Y="188" T="0" />
	<Point X="226" Y="214" T="0" />
	<Point X="224" Y="243" T="0" />
	<Point X="222" Y="267" T="0" />
	<Point X="222" Y="283" T="0" />
	<Point X="222" Y="293" T="0" />
	<Point X="222" Y="307" T="0" />
	<Point X="224" Y="312" T="0" />
	<Point X="224" Y="314" T="0" />
	<Point X="224" Y="316" T="0" />
	<Point X="224" Y="317" T="0" />
	<Point X="226" Y="317" T="0" />
	<Point X="232" Y="312" T="0" />
	<Point X="250" Y="293" T="0" />
	<Point X="288" Y="256" T="0" />
	<Point X="305" Y="235" T="0" />
	<Point X="316" Y="220" T="0" />
	<Point X="321" Y="212" T="0" />
	<Point X="324" Y="208" T="0" />
	<Point X="327" Y="204" T="0" />
	<Point X="328" Y="202" T="0" />
	<Point X="329" Y="200" T="0" />
	<Point X="330" Y="200" T="0" />
	<Point X="330" Y="199" T="0" />
	<Point X="330" Y="200" T="0" />
	<Point X="330" Y="202" T="0" />
	<Point X="328" Y="209" T="0" />
	<Point X="318" Y="231" T="0" />
	<Point X="305" Y="260" T="0" />
	<Point X="292" Y="287" T="0" />
	<Point X="282" Y="308" T="0" />
	<Point X="278" Y="322" T="0" />
	<Point X="276" Y="329" T="0" />
	<Point X="275" Y="332" T="0" />
	<Point X="275" Y="335" T="0" />
	<Point X="275" Y="336" T="0" />
	<Point X="276" Y="338" T="0" />
	<Point X="277" Y="338" T="0" />
	<Point X="280" Y="338" T="0" />
	<Point X="289" Y="333" T="0" />
	<Point X="312" Y="316" T="0" />
	<Point X="354" Y="277" T="0" />
	<Point X="382" Y="249" T="0" />
	<Point X="399" Y="228" T="0" />
	<Point X="407" Y="218" T="0" />
	<Point X="410" Y="214" T="0" />
	<Point X="411" Y="213" T="0" />
	<Point X="412" Y="211" T="0" />
	<Point X="412" Y="211" T="0" />
	<Point X="412" Y="210" T="0" />
</Gesture>