<?xml version="1.0" encoding="utf-8" standalone="yes"?>
<Gesture Name="zigzag09" NumPts="61">
	<Point X="74" Y="300" T="0" />
	<Point X="78" Y="292" T="0" />
	<Point X="86" Y="274" T="0" />
	<Point X="116" Y="228" T="0" />
	<Point X="150" Y="181" T="0" />
	<Point X="160" Y="164" T="0" />
	<Point X="166" Y="156" T="0" />
	<Point X="168" Y="152" T="0" />
	<Point X="169" Y="151" T="0" />
	<Point X="170" Y="150" T="0" />
	<Point X="170" Y="150" T="0" />
	<Point X="171" Y="152" T="0" />
	<Point X="172" Y="155" T="0" />
	<Point X="174" Y="170" T="0" />
	<Point X="176" Y="198" T="0" />
	<Point X="180" Y="244" T="0" />
	<Point X="185" Y="291" T="0" />
	<Point X="186" Y="310" T="0" />
	<Point X="190" Y="326" T="0" />
	<Point X="191" Y="332" T="0" />
	<Point X="193" Y="335" T="0" />
	<Point X="194" Y="336" T="0" />
	<Point X="194" Y="337" T="0" />
	<Point X="195" Y="338" T="0" />
	<Point X="196" Y="338" T="0" />
	<Point X="199" Y="335" T="0" />
	<Point X="206" Y="325" T="0" />
	<Point X="232" Y="278" T="0" />
	<Point X="252" Y="238" T="0" />
	<Point X="266" Y="199" T="0" />
	<Point X="274" Y="178" T="0" />
	<Point X="278" Y="166" T="0" />
	<Point X="282" Y="158" T="0" />
	<Point X="283" Y="156" T="0" />
	<Point X="284" Y="155" T="0" />
	<Point X="284" Y="154" T="0" />
	<Point X="284" Y="155" T="0" />
	<Point X="284" Y="156" T="0" />
	<Point X="286" Y="160" T="0" />
	<Point X="286" Y="170" T="0" />
	<Point X="288" Y="203" T="0" />
	<Point X="288" Y="236" T="0" />
	<Point X="289" Y="270" T="0" />
	<Point X="297" Y="315" T="0" />
	<Point X="304" Y="340" T="0" />
	<Point X="308" Y="355" T="0" />
	<Point X="313" Y="365" T="0" />
	<Point X="314" Y="368" T="0" />
	<Point X="315" Y="369" T="0" />
	<Point X="316" Y="369" T="0" />
	<Point X="316" Y="369" T="0" />
	<Point X="318" Y="366" T="0" />
	<Point X="322" Y="354" T="0" />
	<Point X="333" Y="325" T="0" />
	<Point X="358" Y="246" T="0" />
	<Point X="367" Y="214" T="0" />
	<Point X="374" Y="195" T="0" />
	<Point X="376" Y="182" T="0" />
	<Point X="376" Y="178" T="0" />
	<Point X="377" Y="176" T="0" />
	<Point X="377" Y="176" T="0" />
</Gesture>