<?xml version="1.0" encoding="utf-8" standalone="yes"?>
<Gesture Name="zigzag07" NumPts="56">
	<Point X="37" Y="244" T="0" />
	<Point X="40" Y="237" T="0" />
	<Point X="46" Y="230" T="0" />
	<Point X="63" Y="204" T="0" />
	<Point X="71" Y="191" T="0" />
	<Point X="76" Y="182" T="0" />
	<Point X="82" Y="176" T="0" />
	<Point X="84" Y="172" T="0" />
	<Point X="86" Y="170" T="0" />
	<Point X="88" Y="168" T="0" />
	<Point X="91" Y="168" T="0" />
	<Point X="96" Y="172" T="0" />
	<Point X="100" Y="178" T="0" />
	<Point X="104" Y="192" T="0" />
	<Point X="109" Y="220" T="0" />
	<Point X="111" Y="240" T="0" />
	<Point X="112" Y="261" T="0" />
	<Point X="112" Y="270" T="0" />
	<Point X="112" Y="277" T="0" />
	<Point X="113" Y="284" T="0" />
	<Point X="113" Y="286" T="0" />
	<Point X="114" Y="288" T="0" />
	<Point X="115" Y="288" T="0" />
	<Point X="116" Y="288" T="0" />
	<Point X="118" Y="287" T="0" />
	<Point X="129" Y="274" T="0" />
	<Point X="146" Y="254" T="0" />
	<Point X="178" Y="208" T="0" />
	<Point X="191" Y="186" T="0" />
	<Point X="198" Y="174" T="0" />
	<Point X="202" Y="166" T="0" />
	<Point X="203" Y="163" T="0" />
	<Point X="204" Y="162" T="0" />
	<Point X="204" Y="162" T="0" />
	<Point X="205" Y="162" T="0" />
	<Point X="206" Y="162" T="0" />
	<Point X="207" Y="166" T="0" />
	<Point X="209" Y="174" T="0" />
	<Point X="212" Y="188" T="0" />
	<Point X="215" Y="221" T="0" />
	<Point X="215" Y="240" T="0" />
	<Point X="215" Y="263" T="0" />
	<Point X="215" Y="276" T="0" />
	<Point X="215" Y="282" T="0" />
	<Point X="216" Y="288" T="0" />
	<Point X="216" Y="290" T="0" />
	<Point X="217" Y="292" T="0" />
	<Point X="218" Y="292" T="0" />
	<Point X="220" Y="292" T="0" />
	<Point X="227" Y="288" T="0" />
	<Point X="252" Y="265" T="0" />
	<Point X="272" Y="244" T="0" />
	<Point X="290" Y="218" T="0" />
	<Point X="296" Y="211" T="0" />
	<Point X="298" Y="206" T="0" />
	<Point X="300" Y="202" T="0" />
</Gesture>