<?xml version="1.0" encoding="utf-8" standalone="yes"?>
<Gesture Name="Circle5" NumPts="47">
	<Point X="259" Y="171" T="undefined" />
	<Point X="242" Y="168" T="undefined" />
	<Point X="221" Y="168" T="undefined" />
	<Point X="196" Y="172" T="undefined" />
	<Point X="166" Y="179" T="undefined" />
	<Point X="154" Y="183" T="undefined" />
	<Point X="145" Y="186" T="undefined" />
	<Point X="138" Y="191" T="undefined" />
	<Point X="134" Y="197" T="undefined" />
	<Point X="131" Y="201" T="undefined" />
	<Point X="127" Y="217" T="undefined" />
	<Point X="127" Y="230" T="undefined" />
	<Point X="128" Y="243" T="undefined" />
	<Point X="132" Y="255" T="undefined" />
	<Point X="136" Y="268" T="undefined" />
	<Point X="142" Y="282" T="undefined" />
	<Point X="149" Y="294" T="undefined" />
	<Point X="158" Y="305" T="undefined" />
	<Point X="168" Y="316" T="undefined" />
	<Point X="180" Y="327" T="undefined" />
	<Point X="200" Y="333" T="undefined" />
	<Point X="216" Y="334" T="undefined" />
	<Point X="232" Y="334" T="undefined" />
	<Point X="254" Y="329" T="undefined" />
	<Point X="274" Y="325" T="undefined" />
	<Point X="293" Y="319" T="undefined" />
	<Point X="311" Y="308" T="undefined" />
	<Point X="326" Y="297" T="undefined" />
	<Point X="338" Y="279" T="undefined" />
	<Point X="341" Y="269" T="undefined" />
	<Point X="341" Y="259" T="undefined" />
	<Point X="339" Y="247" T="undefined" />
	<Point X="335" Y="235" T="undefined" />
	<Point X="330" Y="223" T="undefined" />
	<Point X="324" Y="211" T="undefined" />
	<Point X="316" Y="195" T="undefined" />
	<Point X="308" Y="185" T="undefined" />
	<Point X="297" Y="175" T="undefined" />
	<Point X="285" Y="167" T="undefined" />
	<Point X="273" Y="161" T="undefined" />
	<Point X="262" Y="154" T="undefined" />
	<Point X="256" Y="151" T="undefined" />
	<Point X="249" Y="147" T="undefined" />
	<Point X="241" Y="144" T="undefined" />
	<Point X="234" Y="143" T="undefined" />
	<Point X="231" Y="143" T="undefined" />
	<Point X="231" Y="143" T="undefined" />
</Gesture>