<?xml version="1.0" encoding="utf-8" standalone="yes"?>
<Gesture Name="Circle0" NumPts="61">
	<Point X="214" Y="152" T="undefined" />
	<Point X="206" Y="150" T="undefined" />
	<Point X="194" Y="148" T="undefined" />
	<Point X="179" Y="148" T="undefined" />
	<Point X="161" Y="151" T="undefined" />
	<Point X="141" Y="156" T="undefined" />
	<Point X="123" Y="158" T="undefined" />
	<Point X="106" Y="162" T="undefined" />
	<Point X="94" Y="167" T="undefined" />
	<Point X="83" Y="172" T="undefined" />
	<Point X="75" Y="183" T="undefined" />
	<Point X="72" Y="193" T="undefined" />
	<Point X="68" Y="202" T="undefined" />
	<Point X="64" Y="214" T="undefined" />
	<Point X="61" Y="225" T="undefined" />
	<Point X="60" Y="239" T="undefined" />
	<Point X="60" Y="264" T="undefined" />
	<Point X="64" Y="282" T="undefined" />
	<Point X="69" Y="300" T="undefined" />
	<Point X="80" Y="316" T="undefined" />
	<Point X="91" Y="328" T="undefined" />
	<Point X="104" Y="340" T="undefined" />
	<Point X="116" Y="351" T="undefined" />
	<Point X="130" Y="361" T="undefined" />
	<Point X="148" Y="372" T="undefined" />
	<Point X="164" Y="376" T="undefined" />
	<Point X="180" Y="381" T="undefined" />
	<Point X="197" Y="385" T="undefined" />
	<Point X="213" Y="387" T="undefined" />
	<Point X="227" Y="386" T="undefined" />
	<Point X="238" Y="384" T="undefined" />
	<Point X="250" Y="380" T="undefined" />
	<Point X="262" Y="372" T="undefined" />
	<Point X="274" Y="360" T="undefined" />
	<Point X="288" Y="342" T="undefined" />
	<Point X="293" Y="332" T="undefined" />
	<Point X="297" Y="321" T="undefined" />
	<Point X="298" Y="310" T="undefined" />
	<Point X="298" Y="300" T="undefined" />
	<Point X="296" Y="284" T="undefined" />
	<Point X="292" Y="270" T="undefined" />
	<Point X="288" Y="253" T="undefined" />
	<Point X="284" Y="242" T="undefined" />
	<Point X="280" Y="230" T="undefined" />
	<Point X="275" Y="218" T="undefined" />
	<Point X="265" Y="206" T="undefined" />
	<Point X="253" Y="194" T="undefined" />
	<Point X="245" Y="186" T="undefined" />
	<Point X="239" Y="180" T="undefined" />
	<Point X="230" Y="173" T="undefined" />
	<Point X="225" Y="168" T="undefined" />
	<Point X="218" Y="164" T="undefined" />
	<Point X="207" Y="158" T="undefined" />
	<Point X="196" Y="154" T="undefined" />
	<Point X="184" Y="150" T="undefined" />
	<Point X="176" Y="148" T="undefined" />
	<Point X="170" Y="147" T="undefined" />
	<Point X="166" Y="146" T="undefined" />
	<Point X="164" Y="146" T="undefined" />
	<Point X="164" Y="146" T="undefined" />
	<Point X="164" Y="146" T="undefined" />
</Gesture>