<?xml version="1.0" encoding="utf-8" standalone="yes"?>
<Gesture Name="Circle1" NumPts="40">
	<Point X="262" Y="138" T="undefined" />
	<Point X="245" Y="145" T="undefined" />
	<Point X="227" Y="153" T="undefined" />
	<Point X="210" Y="158" T="undefined" />
	<Point X="190" Y="166" T="undefined" />
	<Point X="178" Y="173" T="undefined" />
	<Point X="171" Y="182" T="undefined" />
	<Point X="163" Y="191" T="undefined" />
	<Point X="159" Y="199" T="undefined" />
	<Point X="155" Y="209" T="undefined" />
	<Point X="154" Y="221" T="undefined" />
	<Point X="158" Y="245" T="undefined" />
	<Point X="168" Y="269" T="undefined" />
	<Point X="180" Y="296" T="undefined" />
	<Point X="191" Y="317" T="undefined" />
	<Point X="202" Y="339" T="undefined" />
	<Point X="218" Y="355" T="undefined" />
	<Point X="234" Y="366" T="undefined" />
	<Point X="266" Y="369" T="undefined" />
	<Point X="286" Y="367" T="undefined" />
	<Point X="312" Y="360" T="undefined" />
	<Point X="334" Y="346" T="undefined" />
	<Point X="353" Y="332" T="undefined" />
	<Point X="368" Y="313" T="undefined" />
	<Point X="378" Y="289" T="undefined" />
	<Point X="385" Y="262" T="undefined" />
	<Point X="386" Y="243" T="undefined" />
	<Point X="384" Y="225" T="undefined" />
	<Point X="373" Y="201" T="undefined" />
	<Point X="364" Y="187" T="undefined" />
	<Point X="351" Y="171" T="undefined" />
	<Point X="337" Y="157" T="undefined" />
	<Point X="321" Y="144" T="undefined" />
	<Point X="304" Y="135" T="undefined" />
	<Point X="286" Y="128" T="undefined" />
	<Point X="252" Y="121" T="undefined" />
	<Point X="236" Y="118" T="undefined" />
	<Point X="225" Y="117" T="undefined" />
	<Point X="219" Y="118" T="undefined" />
	<Point X="216" Y="121" T="undefined" />
</Gesture>