<?xml version="1.0" encoding="utf-8" standalone="yes"?>
<Gesture Name="Circle8" NumPts="38">
	<Point X="256" Y="212" T="undefined" />
	<Point X="255" Y="212" T="undefined" />
	<Point X="249" Y="214" T="undefined" />
	<Point X="237" Y="217" T="undefined" />
	<Point X="227" Y="221" T="undefined" />
	<Point X="218" Y="225" T="undefined" />
	<Point X="212" Y="232" T="undefined" />
	<Point X="209" Y="243" T="undefined" />
	<Point X="208" Y="263" T="undefined" />
	<Point X="210" Y="278" T="undefined" />
	<Point X="215" Y="295" T="undefined" />
	<Point X="220" Y="310" T="undefined" />
	<Point X="229" Y="325" T="undefined" />
	<Point X="240" Y="337" T="undefined" />
	<Point X="259" Y="355" T="undefined" />
	<Point X="275" Y="369" T="undefined" />
	<Point X="293" Y="374" T="undefined" />
	<Point X="315" Y="378" T="undefined" />
	<Point X="336" Y="379" T="undefined" />
	<Point X="360" Y="380" T="undefined" />
	<Point X="384" Y="377" T="undefined" />
	<Point X="404" Y="370" T="undefined" />
	<Point X="420" Y="358" T="undefined" />
	<Point X="439" Y="337" T="undefined" />
	<Point X="445" Y="324" T="undefined" />
	<Point X="448" Y="313" T="undefined" />
	<Point X="448" Y="303" T="undefined" />
	<Point X="444" Y="290" T="undefined" />
	<Point X="438" Y="277" T="undefined" />
	<Point X="426" Y="262" T="undefined" />
	<Point X="412" Y="250" T="undefined" />
	<Point X="392" Y="237" T="undefined" />
	<Point X="370" Y="225" T="undefined" />
	<Point X="337" Y="215" T="undefined" />
	<Point X="312" Y="211" T="undefined" />
	<Point X="295" Y="210" T="undefined" />
	<Point X="286" Y="212" T="undefined" />
	<Point X="285" Y="217" T="undefined" />
</Gesture>