<?xml version="1.0" encoding="utf-8" standalone="yes"?>
<Gesture Name="Circle4" NumPts="47">
	<Point X="272" Y="141" T="undefined" />
	<Point X="267" Y="140" T="undefined" />
	<Point X="263" Y="140" T="undefined" />
	<Point X="253" Y="141" T="undefined" />
	<Point X="239" Y="145" T="undefined" />
	<Point X="221" Y="149" T="undefined" />
	<Point X="200" Y="155" T="undefined" />
	<Point X="176" Y="164" T="undefined" />
	<Point X="146" Y="180" T="undefined" />
	<Point X="129" Y="193" T="undefined" />
	<Point X="113" Y="206" T="undefined" />
	<Point X="102" Y="218" T="undefined" />
	<Point X="93" Y="235" T="undefined" />
	<Point X="89" Y="258" T="undefined" />
	<Point X="88" Y="281" T="undefined" />
	<Point X="88" Y="306" T="undefined" />
	<Point X="95" Y="336" T="undefined" />
	<Point X="102" Y="348" T="undefined" />
	<Point X="110" Y="359" T="undefined" />
	<Point X="120" Y="368" T="undefined" />
	<Point X="132" Y="376" T="undefined" />
	<Point X="144" Y="380" T="undefined" />
	<Point X="160" Y="383" T="undefined" />
	<Point X="183" Y="383" T="undefined" />
	<Point X="210" Y="380" T="undefined" />
	<Point X="236" Y="378" T="undefined" />
	<Point X="274" Y="372" T="undefined" />
	<Point X="300" Y="362" T="undefined" />
	<Point X="319" Y="349" T="undefined" />
	<Point X="334" Y="334" T="undefined" />
	<Point X="340" Y="317" T="undefined" />
	<Point X="343" Y="297" T="undefined" />
	<Point X="344" Y="265" T="undefined" />
	<Point X="338" Y="244" T="undefined" />
	<Point X="332" Y="227" T="undefined" />
	<Point X="328" Y="211" T="undefined" />
	<Point X="324" Y="194" T="undefined" />
	<Point X="320" Y="181" T="undefined" />
	<Point X="316" Y="170" T="undefined" />
	<Point X="312" Y="162" T="undefined" />
	<Point X="306" Y="151" T="undefined" />
	<Point X="295" Y="143" T="undefined" />
	<Point X="283" Y="139" T="undefined" />
	<Point X="272" Y="135" T="undefined" />
	<Point X="262" Y="131" T="undefined" />
	<Point X="260" Y="131" T="undefined" />
	<Point X="258" Y="131" T="undefined" />
</Gesture>