<?xml version="1.0" encoding="utf-8" standalone="yes"?>
<Gesture Name="Circle9" NumPts="50">
	<Point X="275" Y="228" T="undefined" />
	<Point X="275" Y="228" T="undefined" />
	<Point X="275" Y="228" T="undefined" />
	<Point X="274" Y="230" T="undefined" />
	<Point X="265" Y="234" T="undefined" />
	<Point X="253" Y="238" T="undefined" />
	<Point X="242" Y="242" T="undefined" />
	<Point X="231" Y="249" T="undefined" />
	<Point X="222" Y="257" T="undefined" />
	<Point X="218" Y="270" T="undefined" />
	<Point X="219" Y="291" T="undefined" />
	<Point X="224" Y="305" T="undefined" />
	<Point X="234" Y="319" T="undefined" />
	<Point X="242" Y="332" T="undefined" />
	<Point X="250" Y="344" T="undefined" />
	<Point X="257" Y="353" T="undefined" />
	<Point X="268" Y="366" T="undefined" />
	<Point X="281" Y="378" T="undefined" />
	<Point X="304" Y="395" T="undefined" />
	<Point X="322" Y="401" T="undefined" />
	<Point X="340" Y="406" T="undefined" />
	<Point X="359" Y="406" T="undefined" />
	<Point X="374" Y="404" T="undefined" />
	<Point X="387" Y="400" T="undefined" />
	<Point X="396" Y="393" T="undefined" />
	<Point X="401" Y="379" T="undefined" />
	<Point X="405" Y="367" T="undefined" />
	<Point X="407" Y="350" T="undefined" />
	<Point X="405" Y="339" T="undefined" />
	<Point X="402" Y="327" T="undefined" />
	<Point X="398" Y="316" T="undefined" />
	<Point X="394" Y="307" T="undefined" />
	<Point X="390" Y="295" T="undefined" />
	<Point X="383" Y="285" T="undefined" />
	<Point X="373" Y="270" T="undefined" />
	<Point X="365" Y="262" T="undefined" />
	<Point X="355" Y="255" T="undefined" />
	<Point X="347" Y="250" T="undefined" />
	<Point X="339" Y="245" T="undefined" />
	<Point X="332" Y="242" T="undefined" />
	<Point X="324" Y="238" T="undefined" />
	<Point X="312" Y="235" T="undefined" />
	<Point X="299" Y="231" T="undefined" />
	<Point X="290" Y="230" T="undefined" />
	<Point X="284" Y="230" T="undefined" />
	<Point X="279" Y="231" T="undefined" />
	<Point X="277" Y="232" T="undefined" />
	<Point X="276" Y="232" T="undefined" />
	<Point X="277" Y="234" T="undefined" />
	<Point X="282" Y="238" T="undefined" />
</Gesture>