<?xml version="1.0" encoding="utf-8" standalone="yes"?>
<Gesture Name="Delete2" NumPts="69">
	<Point X="116" Y="156" T="undefined" />
	<Point X="117" Y="158" T="undefined" />
	<Point X="123" Y="170" T="undefined" />
	<Point X="134" Y="183" T="undefined" />
	<Point X="150" Y="210" T="undefined" />
	<Point X="172" Y="243" T="undefined" />
	<Point X="193" Y="271" T="undefined" />
	<Point X="208" Y="292" T="undefined" />
	<Point X="226" Y="315" T="undefined" />
	<Point X="241" Y="332" T="undefined" />
	<Point X="252" Y="347" T="undefined" />
	<Point X="256" Y="358" T="undefined" />
	<Point X="258" Y="362" T="undefined" />
	<Point X="258" Y="363" T="undefined" />
	<Point X="258" Y="365" T="undefined" />
	<Point X="258" Y="366" T="undefined" />
	<Point X="258" Y="366" T="undefined" />
	<Point X="258" Y="367" T="undefined" />
	<Point X="258" Y="367" T="undefined" />
	<Point X="254" Y="367" T="undefined" />
	<Point X="244" Y="365" T="undefined" />
	<Point X="227" Y="361" T="undefined" />
	<Point X="201" Y="357" T="undefined" />
	<Point X="171" Y="352" T="undefined" />
	<Point X="124" Y="346" T="undefined" />
	<Point X="102" Y="341" T="undefined" />
	<Point X="89" Y="341" T="undefined" />
	<Point X="82" Y="339" T="undefined" />
	<Point X="79" Y="338" T="undefined" />
	<Point X="77" Y="337" T="undefined" />
	<Point X="75" Y="337" T="undefined" />
	<Point X="74" Y="337" T="undefined" />
	<Point X="73" Y="337" T="undefined" />
	<Point X="72" Y="337" T="undefined" />
	<Point X="72" Y="336" T="undefined" />
	<Point X="72" Y="336" T="undefined" />
	<Point X="72" Y="334" T="undefined" />
	<Point X="74" Y="325" T="undefined" />
	<Point X="85" Y="305" T="undefined" />
	<Point X="98" Y="289" T="undefined" />
	<Point X="114" Y="273" T="undefined" />
	<Point X="133" Y="260" T="undefined" />
	<Point X="160" Y="246" T="undefined" />
	<Point X="176" Y="235" T="undefined" />
	<Point X="188" Y="227" T="undefined" />
	<Point X="196" Y="222" T="undefined" />
	<Point X="201" Y="214" T="undefined" />
	<Point X="202" Y="211" T="undefined" />
	<Point X="203" Y="208" T="undefined" />
	<Point X="204" Y="205" T="undefined" />
	<Point X="204" Y="203" T="undefined" />
	<Point X="205" Y="202" T="undefined" />
	<Point X="206" Y="201" T="undefined" />
	<Point X="206" Y="201" T="undefined" />
	<Point X="207" Y="200" T="undefined" />
	<Point X="208" Y="199" T="undefined" />
	<Point X="209" Y="197" T="undefined" />
	<Point X="212" Y="195" T="undefined" />
	<Point X="215" Y="192" T="undefined" />
	<Point X="218" Y="189" T="undefined" />
	<Point X="221" Y="187" T="undefined" />
	<Point X="224" Y="184" T="undefined" />
	<Point X="226" Y="182" T="undefined" />
	<Point X="228" Y="180" T="undefined" />
	<Point X="230" Y="179" T="undefined" />
	<Point X="232" Y="178" T="undefined" />
	<Point X="232" Y="177" T="undefined" />
	<Point X="232" Y="177" T="undefined" />
	<Point X="233" Y="177" T="undefined" />
</Gesture>