<?xml version="1.0" encoding="utf-8" standalone="yes"?>
<Gesture Name="Delete0" NumPts="119">
	<Point X="147" Y="170" T="undefined" />
	<Point X="147" Y="170" T="undefined" />
	<Point X="147" Y="170" T="undefined" />
	<Point X="148" Y="172" T="undefined" />
	<Point X="149" Y="174" T="undefined" />
	<Point X="151" Y="178" T="undefined" />
	<Point X="154" Y="184" T="undefined" />
	<Point X="158" Y="190" T="undefined" />
	<Point X="160" Y="194" T="undefined" />
	<Point X="164" Y="199" T="undefined" />
	<Point X="167" Y="204" T="undefined" />
	<Point X="170" Y="210" T="undefined" />
	<Point X="173" Y="216" T="undefined" />
	<Point X="178" Y="227" T="undefined" />
	<Point X="183" Y="236" T="undefined" />
	<Point X="187" Y="244" T="undefined" />
	<Point X="192" Y="253" T="undefined" />
	<Point X="196" Y="262" T="undefined" />
	<Point X="200" Y="269" T="undefined" />
	<Point X="202" Y="273" T="undefined" />
	<Point X="206" Y="278" T="undefined" />
	<Point X="210" Y="286" T="undefined" />
	<Point X="214" Y="292" T="undefined" />
	<Point X="217" Y="298" T="undefined" />
	<Point X="220" Y="305" T="undefined" />
	<Point X="223" Y="310" T="undefined" />
	<Point X="226" Y="314" T="undefined" />
	<Point X="229" Y="317" T="undefined" />
	<Point X="232" Y="320" T="undefined" />
	<Point X="234" Y="322" T="undefined" />
	<Point X="234" Y="324" T="undefined" />
	<Point X="235" Y="325" T="undefined" />
	<Point X="235" Y="326" T="undefined" />
	<Point X="235" Y="328" T="undefined" />
	<Point X="235" Y="329" T="undefined" />
	<Point X="236" Y="330" T="undefined" />
	<Point X="236" Y="331" T="undefined" />
	<Point X="236" Y="332" T="undefined" />
	<Point X="234" Y="332" T="undefined" />
	<Point X="230" Y="334" T="undefined" />
	<Point X="226" Y="335" T="undefined" />
	<Point X="221" Y="336" T="undefined" />
	<Point X="209" Y="335" T="undefined" />
	<Point X="198" Y="333" T="undefined" />
	<Point X="184" Y="331" T="undefined" />
	<Point X="169" Y="330" T="undefined" />
	<Point X="152" Y="326" T="undefined" />
	<Point X="142" Y="325" T="undefined" />
	<Point X="130" Y="321" T="undefined" />
	<Point X="120" Y="319" T="undefined" />
	<Point X="115" Y="319" T="undefined" />
	<Point X="111" Y="318" T="undefined" />
	<Point X="108" Y="318" T="undefined" />
	<Point X="105" Y="318" T="undefined" />
	<Point X="101" Y="317" T="undefined" />
	<Point X="98" Y="317" T="undefined" />
	<Point X="96" Y="317" T="undefined" />
	<Point X="94" Y="317" T="undefined" />
	<Point X="92" Y="316" T="undefined" />
	<Point X="90" Y="316" T="undefined" />
	<Point X="88" Y="316" T="undefined" />
	<Point X="87" Y="316" T="undefined" />
	<Point X="87" Y="316" T="undefined" />
	<Point X="86" Y="316" T="undefined" />
	<Point X="86" Y="315" T="undefined" />
	<Point X="88" Y="314" T="undefined" />
	<Point X="90" Y="312" T="undefined" />
	<Point X="92" Y="310" T="undefined" />
	<Point X="95" Y="307" T="undefined" />
	<Point X="98" Y="305" T="undefined" />
	<Point X="101" Y="302" T="undefined" />
	<Point X="104" Y="299" T="undefined" />
	<Point X="109" Y="297" T="undefined" />
	<Point X="114" Y="294" T="undefined" />
	<Point X="117" Y="292" T="undefined" />
	<Point X="122" Y="288" T="undefined" />
	<Point X="126" Y="285" T="undefined" />
	<Point X="130" Y="282" T="undefined" />
	<Point X="133" Y="278" T="undefined" />
	<Point X="138" Y="274" T="undefined" />
	<Point X="141" Y="270" T="undefined" />
	<Point X="144" Y="268" T="undefined" />
	<Point X="146" Y="264" T="undefined" />
	<Point X="148" Y="262" T="undefined" />
	<Point X="151" Y="259" T="undefined" />
	<Point X="155" Y="255" T="undefined" />
	<Point X="158" Y="252" T="undefined" />
	<Point X="162" Y="249" T="undefined" />
	<Point X="165" Y="244" T="undefined" />
	<Point X="169" Y="241" T="undefined" />
	<Point X="172" Y="238" T="undefined" />
	<Point X="180" Y="233" T="undefined" />
	<Point X="184" Y="230" T="undefined" />
	<Point X="187" Y="228" T="undefined" />
	<Point X="190" Y="224" T="undefined" />
	<Point X="192" Y="222" T="undefined" />
	<Point X="195" Y="219" T="undefined" />
	<Point X="198" Y="216" T="undefined" />
	<Point X="203" Y="213" T="undefined" />
	<Point X="208" Y="209" T="undefined" />
	<Point X="210" Y="206" T="undefined" />
	<Point X="214" Y="203" T="undefined" />
	<Point X="216" Y="200" T="undefined" />
	<Point X="219" Y="197" T="undefined" />
	<Point X="221" Y="194" T="undefined" />
	<Point X="223" Y="192" T="undefined" />
	<Point X="224" Y="191" T="undefined" />
	<Point X="226" Y="190" T="undefined" />
	<Point X="228" Y="187" T="undefined" />
	<Point X="229" Y="185" T="undefined" />
	<Point X="229" Y="185" T="undefined" />
	<Point X="230" Y="184" T="undefined" />
	<Point X="230" Y="183" T="undefined" />
	<Point X="230" Y="182" T="undefined" />
	<Point X="232" Y="182" T="undefined" />
	<Point X="232" Y="181" T="undefined" />
	<Point X="233" Y="181" T="undefined" />
	<Point X="233" Y="181" T="undefined" />
	<Point X="234" Y="181" T="undefined" />
</Gesture>