<?xml version="1.0" encoding="utf-8" standalone="yes"?>
<Gesture Name="Delete3" NumPts="50">
	<Point X="157" Y="169" T="undefined" />
	<Point X="158" Y="170" T="undefined" />
	<Point X="160" Y="172" T="undefined" />
	<Point X="162" Y="175" T="undefined" />
	<Point X="165" Y="177" T="undefined" />
	<Point X="170" Y="182" T="undefined" />
	<Point X="178" Y="193" T="undefined" />
	<Point X="183" Y="205" T="undefined" />
	<Point X="192" Y="220" T="undefined" />
	<Point X="206" Y="237" T="undefined" />
	<Point X="218" Y="254" T="undefined" />
	<Point X="229" Y="270" T="undefined" />
	<Point X="239" Y="286" T="undefined" />
	<Point X="250" Y="303" T="undefined" />
	<Point X="269" Y="328" T="undefined" />
	<Point X="280" Y="343" T="undefined" />
	<Point X="290" Y="357" T="undefined" />
	<Point X="298" Y="369" T="undefined" />
	<Point X="302" Y="377" T="undefined" />
	<Point X="305" Y="381" T="undefined" />
	<Point X="308" Y="385" T="undefined" />
	<Point X="308" Y="386" T="undefined" />
	<Point X="308" Y="386" T="undefined" />
	<Point X="297" Y="383" T="undefined" />
	<Point X="280" Y="380" T="undefined" />
	<Point X="252" Y="378" T="undefined" />
	<Point X="222" Y="373" T="undefined" />
	<Point X="192" Y="370" T="undefined" />
	<Point X="165" Y="365" T="undefined" />
	<Point X="142" Y="361" T="undefined" />
	<Point X="122" Y="358" T="undefined" />
	<Point X="115" Y="357" T="undefined" />
	<Point X="112" Y="357" T="undefined" />
	<Point X="111" Y="356" T="undefined" />
	<Point X="111" Y="356" T="undefined" />
	<Point X="111" Y="355" T="undefined" />
	<Point X="111" Y="353" T="undefined" />
	<Point X="118" Y="340" T="undefined" />
	<Point X="129" Y="324" T="undefined" />
	<Point X="147" Y="308" T="undefined" />
	<Point X="167" Y="290" T="undefined" />
	<Point X="188" Y="272" T="undefined" />
	<Point X="219" Y="251" T="undefined" />
	<Point X="245" Y="236" T="undefined" />
	<Point X="265" Y="224" T="undefined" />
	<Point X="278" Y="214" T="undefined" />
	<Point X="286" Y="203" T="undefined" />
	<Point X="287" Y="200" T="undefined" />
	<Point X="288" Y="197" T="undefined" />
	<Point X="288" Y="195" T="undefined" />
</Gesture>