<?xml version="1.0" encoding="utf-8" standalone="yes"?>
<Gesture Name="Delete9" NumPts="58">
	<Point X="174" Y="132" T="undefined" />
	<Point X="174" Y="133" T="undefined" />
	<Point X="178" Y="138" T="undefined" />
	<Point X="184" Y="150" T="undefined" />
	<Point X="197" Y="173" T="undefined" />
	<Point X="209" Y="190" T="undefined" />
	<Point X="221" Y="207" T="undefined" />
	<Point X="234" Y="225" T="undefined" />
	<Point X="244" Y="241" T="undefined" />
	<Point X="254" Y="255" T="undefined" />
	<Point X="264" Y="271" T="undefined" />
	<Point X="272" Y="284" T="undefined" />
	<Point X="278" Y="296" T="undefined" />
	<Point X="288" Y="314" T="undefined" />
	<Point X="296" Y="326" T="undefined" />
	<Point X="303" Y="337" T="undefined" />
	<Point X="307" Y="343" T="undefined" />
	<Point X="310" Y="348" T="undefined" />
	<Point X="312" Y="351" T="undefined" />
	<Point X="313" Y="352" T="undefined" />
	<Point X="312" Y="353" T="undefined" />
	<Point X="311" Y="353" T="undefined" />
	<Point X="304" Y="353" T="undefined" />
	<Point X="290" Y="350" T="undefined" />
	<Point X="274" Y="346" T="undefined" />
	<Point X="241" Y="344" T="undefined" />
	<Point X="218" Y="343" T="undefined" />
	<Point X="197" Y="342" T="undefined" />
	<Point X="181" Y="340" T="undefined" />
	<Point X="166" Y="339" T="undefined" />
	<Point X="150" Y="335" T="undefined" />
	<Point X="133" Y="331" T="undefined" />
	<Point X="122" Y="329" T="undefined" />
	<Point X="113" Y="328" T="undefined" />
	<Point X="108" Y="328" T="undefined" />
	<Point X="103" Y="327" T="undefined" />
	<Point X="102" Y="327" T="undefined" />
	<Point X="101" Y="327" T="undefined" />
	<Point X="101" Y="327" T="undefined" />
	<Point X="101" Y="325" T="undefined" />
	<Point X="108" Y="322" T="undefined" />
	<Point X="122" Y="317" T="undefined" />
	<Point X="139" Y="310" T="undefined" />
	<Point X="163" Y="296" T="undefined" />
	<Point X="194" Y="279" T="undefined" />
	<Point X="229" Y="258" T="undefined" />
	<Point X="254" Y="243" T="undefined" />
	<Point X="273" Y="229" T="undefined" />
	<Point X="284" Y="219" T="undefined" />
	<Point X="298" Y="203" T="undefined" />
	<Point X="310" Y="193" T="undefined" />
	<Point X="322" Y="183" T="undefined" />
	<Point X="335" Y="174" T="undefined" />
	<Point X="341" Y="169" T="undefined" />
	<Point X="344" Y="166" T="undefined" />
	<Point X="344" Y="163" T="undefined" />
	<Point X="345" Y="161" T="undefined" />
	<Point X="345" Y="159" T="undefined" />
</Gesture>