<?xml version="1.0" encoding="utf-8" standalone="yes"?>
<Gesture Name="Delete1" NumPts="72">
	<Point X="202" Y="186" T="undefined" />
	<Point X="206" Y="193" T="undefined" />
	<Point X="218" Y="206" T="undefined" />
	<Point X="234" Y="228" T="undefined" />
	<Point X="246" Y="245" T="undefined" />
	<Point X="257" Y="263" T="undefined" />
	<Point X="266" Y="280" T="undefined" />
	<Point X="284" Y="309" T="undefined" />
	<Point X="291" Y="324" T="undefined" />
	<Point X="296" Y="336" T="undefined" />
	<Point X="301" Y="347" T="undefined" />
	<Point X="304" Y="352" T="undefined" />
	<Point X="306" Y="355" T="undefined" />
	<Point X="309" Y="358" T="undefined" />
	<Point X="310" Y="359" T="undefined" />
	<Point X="312" Y="362" T="undefined" />
	<Point X="313" Y="364" T="undefined" />
	<Point X="313" Y="365" T="undefined" />
	<Point X="314" Y="365" T="undefined" />
	<Point X="314" Y="366" T="undefined" />
	<Point X="314" Y="366" T="undefined" />
	<Point X="312" Y="366" T="undefined" />
	<Point X="310" Y="366" T="undefined" />
	<Point X="308" Y="366" T="undefined" />
	<Point X="298" Y="365" T="undefined" />
	<Point X="276" Y="363" T="undefined" />
	<Point X="261" Y="364" T="undefined" />
	<Point X="246" Y="364" T="undefined" />
	<Point X="232" Y="363" T="undefined" />
	<Point X="221" Y="361" T="undefined" />
	<Point X="210" Y="358" T="undefined" />
	<Point X="193" Y="354" T="undefined" />
	<Point X="180" Y="351" T="undefined" />
	<Point X="168" Y="350" T="undefined" />
	<Point X="161" Y="349" T="undefined" />
	<Point X="153" Y="347" T="undefined" />
	<Point X="150" Y="346" T="undefined" />
	<Point X="147" Y="346" T="undefined" />
	<Point X="144" Y="345" T="undefined" />
	<Point X="143" Y="345" T="undefined" />
	<Point X="143" Y="344" T="undefined" />
	<Point X="143" Y="343" T="undefined" />
	<Point X="143" Y="343" T="undefined" />
	<Point X="146" Y="340" T="undefined" />
	<Point X="148" Y="337" T="undefined" />
	<Point X="151" Y="335" T="undefined" />
	<Point X="157" Y="331" T="undefined" />
	<Point X="162" Y="329" T="undefined" />
	<Point X="178" Y="323" T="undefined" />
	<Point X="183" Y="320" T="undefined" />
	<Point X="200" Y="309" T="undefined" />
	<Point X="209" Y="301" T="undefined" />
	<Point X="217" Y="296" T="undefined" />
	<Point X="224" Y="291" T="undefined" />
	<Point X="230" Y="285" T="undefined" />
	<Point X="237" Y="279" T="undefined" />
	<Point X="246" Y="271" T="undefined" />
	<Point X="256" Y="264" T="undefined" />
	<Point X="274" Y="253" T="undefined" />
	<Point X="282" Y="249" T="undefined" />
	<Point X="288" Y="243" T="undefined" />
	<Point X="293" Y="240" T="undefined" />
	<Point X="296" Y="237" T="undefined" />
	<Point X="298" Y="233" T="undefined" />
	<Point X="302" Y="229" T="undefined" />
	<Point X="304" Y="225" T="undefined" />
	<Point X="309" Y="220" T="undefined" />
	<Point X="312" Y="217" T="undefined" />
	<Point X="314" Y="215" T="undefined" />
	<Point X="315" Y="213" T="undefined" />
	<Point X="316" Y="213" T="undefined" />
	<Point X="316" Y="213" T="undefined" />
</Gesture>