<?xml version="1.0" encoding="utf-8" standalone="yes"?>
<Gesture Name="Delete7" NumPts="66">
	<Point X="156" Y="144" T="undefined" />
	<Point X="156" Y="147" T="undefined" />
	<Point X="159" Y="150" T="undefined" />
	<Point X="163" Y="157" T="undefined" />
	<Point X="171" Y="169" T="undefined" />
	<Point X="184" Y="185" T="undefined" />
	<Point X="200" Y="200" T="undefined" />
	<Point X="218" Y="218" T="undefined" />
	<Point X="241" Y="245" T="undefined" />
	<Point X="256" Y="264" T="undefined" />
	<Point X="269" Y="279" T="undefined" />
	<Point X="282" Y="291" T="undefined" />
	<Point X="292" Y="301" T="undefined" />
	<Point X="299" Y="310" T="undefined" />
	<Point X="304" Y="323" T="undefined" />
	<Point X="311" Y="340" T="undefined" />
	<Point X="323" Y="357" T="undefined" />
	<Point X="341" Y="378" T="undefined" />
	<Point X="344" Y="381" T="undefined" />
	<Point X="344" Y="382" T="undefined" />
	<Point X="344" Y="383" T="undefined" />
	<Point X="344" Y="383" T="undefined" />
	<Point X="344" Y="384" T="undefined" />
	<Point X="347" Y="384" T="undefined" />
	<Point X="350" Y="384" T="undefined" />
	<Point X="350" Y="384" T="undefined" />
	<Point X="348" Y="382" T="undefined" />
	<Point X="346" Y="379" T="undefined" />
	<Point X="337" Y="376" T="undefined" />
	<Point X="325" Y="370" T="undefined" />
	<Point X="302" Y="362" T="undefined" />
	<Point X="287" Y="357" T="undefined" />
	<Point X="274" Y="353" T="undefined" />
	<Point X="265" Y="350" T="undefined" />
	<Point X="259" Y="348" T="undefined" />
	<Point X="253" Y="347" T="undefined" />
	<Point X="243" Y="347" T="undefined" />
	<Point X="231" Y="347" T="undefined" />
	<Point X="216" Y="347" T="undefined" />
	<Point X="194" Y="346" T="undefined" />
	<Point X="182" Y="345" T="undefined" />
	<Point X="171" Y="343" T="undefined" />
	<Point X="164" Y="342" T="undefined" />
	<Point X="162" Y="341" T="undefined" />
	<Point X="159" Y="339" T="undefined" />
	<Point X="156" Y="337" T="undefined" />
	<Point X="154" Y="335" T="undefined" />
	<Point X="148" Y="330" T="undefined" />
	<Point X="146" Y="329" T="undefined" />
	<Point X="143" Y="327" T="undefined" />
	<Point X="140" Y="327" T="undefined" />
	<Point X="139" Y="327" T="undefined" />
	<Point X="139" Y="326" T="undefined" />
	<Point X="139" Y="324" T="undefined" />
	<Point X="143" Y="316" T="undefined" />
	<Point X="156" Y="303" T="undefined" />
	<Point X="183" Y="273" T="undefined" />
	<Point X="215" Y="245" T="undefined" />
	<Point X="248" Y="213" T="undefined" />
	<Point X="280" Y="188" T="undefined" />
	<Point X="307" Y="164" T="undefined" />
	<Point X="329" Y="141" T="undefined" />
	<Point X="334" Y="133" T="undefined" />
	<Point X="338" Y="130" T="undefined" />
	<Point X="339" Y="127" T="undefined" />
	<Point X="340" Y="127" T="undefined" />
</Gesture>