<?xml version="1.0" encoding="utf-8" standalone="yes"?>
<Gesture Name="Delete6" NumPts="41">
	<Point X="156" Y="237" T="undefined" />
	<Point X="157" Y="237" T="undefined" />
	<Point X="158" Y="237" T="undefined" />
	<Point X="163" Y="240" T="undefined" />
	<Point X="169" Y="244" T="undefined" />
	<Point X="187" Y="255" T="undefined" />
	<Point X="194" Y="260" T="undefined" />
	<Point X="219" Y="281" T="undefined" />
	<Point X="247" Y="304" T="undefined" />
	<Point X="281" Y="329" T="undefined" />
	<Point X="305" Y="349" T="undefined" />
	<Point X="322" Y="361" T="undefined" />
	<Point X="332" Y="371" T="undefined" />
	<Point X="337" Y="375" T="undefined" />
	<Point X="340" Y="378" T="undefined" />
	<Point X="340" Y="379" T="undefined" />
	<Point X="339" Y="379" T="undefined" />
	<Point X="326" Y="381" T="undefined" />
	<Point X="304" Y="385" T="undefined" />
	<Point X="268" Y="392" T="undefined" />
	<Point X="236" Y="394" T="undefined" />
	<Point X="210" Y="397" T="undefined" />
	<Point X="180" Y="400" T="undefined" />
	<Point X="162" Y="399" T="undefined" />
	<Point X="150" Y="397" T="undefined" />
	<Point X="148" Y="397" T="undefined" />
	<Point X="148" Y="396" T="undefined" />
	<Point X="148" Y="393" T="undefined" />
	<Point X="152" Y="381" T="undefined" />
	<Point X="169" Y="360" T="undefined" />
	<Point X="197" Y="330" T="undefined" />
	<Point X="230" Y="298" T="undefined" />
	<Point X="252" Y="277" T="undefined" />
	<Point X="265" Y="261" T="undefined" />
	<Point X="280" Y="242" T="undefined" />
	<Point X="284" Y="232" T="undefined" />
	<Point X="284" Y="227" T="undefined" />
	<Point X="284" Y="223" T="undefined" />
	<Point X="282" Y="220" T="undefined" />
	<Point X="282" Y="219" T="undefined" />
	<Point X="282" Y="218" T="undefined" />
</Gesture>