<?xml version="1.0" encoding="utf-8" standalone="yes"?>
<Gesture Name="Delete8" NumPts="41">
	<Point X="164" Y="189" T="undefined" />
	<Point X="169" Y="192" T="undefined" />
	<Point X="180" Y="199" T="undefined" />
	<Point X="196" Y="211" T="undefined" />
	<Point X="212" Y="225" T="undefined" />
	<Point X="237" Y="244" T="undefined" />
	<Point X="249" Y="256" T="undefined" />
	<Point X="259" Y="269" T="undefined" />
	<Point X="270" Y="280" T="undefined" />
	<Point X="275" Y="291" T="undefined" />
	<Point X="282" Y="301" T="undefined" />
	<Point X="288" Y="309" T="undefined" />
	<Point X="295" Y="319" T="undefined" />
	<Point X="299" Y="324" T="undefined" />
	<Point X="304" Y="330" T="undefined" />
	<Point X="307" Y="333" T="undefined" />
	<Point X="310" Y="335" T="undefined" />
	<Point X="311" Y="337" T="undefined" />
	<Point X="311" Y="337" T="undefined" />
	<Point X="310" Y="337" T="undefined" />
	<Point X="302" Y="336" T="undefined" />
	<Point X="281" Y="333" T="undefined" />
	<Point X="257" Y="330" T="undefined" />
	<Point X="232" Y="329" T="undefined" />
	<Point X="206" Y="327" T="undefined" />
	<Point X="180" Y="324" T="undefined" />
	<Point X="158" Y="319" T="undefined" />
	<Point X="144" Y="317" T="undefined" />
	<Point X="136" Y="317" T="undefined" />
	<Point X="132" Y="317" T="undefined" />
	<Point X="132" Y="315" T="undefined" />
	<Point X="134" Y="314" T="undefined" />
	<Point X="143" Y="307" T="undefined" />
	<Point X="165" Y="297" T="undefined" />
	<Point X="203" Y="281" T="undefined" />
	<Point X="248" Y="265" T="undefined" />
	<Point X="294" Y="247" T="undefined" />
	<Point X="322" Y="232" T="undefined" />
	<Point X="340" Y="220" T="undefined" />
	<Point X="354" Y="209" T="undefined" />
	<Point X="356" Y="206" T="undefined" />
</Gesture>