<?xml version="1.0" encoding="utf-8" standalone="yes"?>
<Gesture Name="Delete4" NumPts="41">
	<Point X="162" Y="198" T="undefined" />
	<Point X="163" Y="198" T="undefined" />
	<Point X="164" Y="199" T="undefined" />
	<Point X="166" Y="202" T="undefined" />
	<Point X="169" Y="206" T="undefined" />
	<Point X="174" Y="215" T="undefined" />
	<Point X="186" Y="226" T="undefined" />
	<Point X="198" Y="239" T="undefined" />
	<Point X="212" Y="253" T="undefined" />
	<Point X="234" Y="280" T="undefined" />
	<Point X="247" Y="297" T="undefined" />
	<Point X="260" Y="314" T="undefined" />
	<Point X="270" Y="328" T="undefined" />
	<Point X="278" Y="337" T="undefined" />
	<Point X="282" Y="344" T="undefined" />
	<Point X="285" Y="349" T="undefined" />
	<Point X="288" Y="352" T="undefined" />
	<Point X="289" Y="353" T="undefined" />
	<Point X="289" Y="353" T="undefined" />
	<Point X="289" Y="354" T="undefined" />
	<Point X="284" Y="355" T="undefined" />
	<Point X="264" Y="359" T="undefined" />
	<Point X="237" Y="359" T="undefined" />
	<Point X="204" Y="358" T="undefined" />
	<Point X="173" Y="355" T="undefined" />
	<Point X="159" Y="353" T="undefined" />
	<Point X="155" Y="353" T="undefined" />
	<Point X="154" Y="353" T="undefined" />
	<Point X="154" Y="352" T="undefined" />
	<Point X="155" Y="350" T="undefined" />
	<Point X="158" Y="341" T="undefined" />
	<Point X="166" Y="331" T="undefined" />
	<Point X="182" Y="312" T="undefined" />
	<Point X="205" Y="289" T="undefined" />
	<Point X="234" Y="261" T="undefined" />
	<Point X="250" Y="241" T="undefined" />
	<Point X="262" Y="223" T="undefined" />
	<Point X="267" Y="209" T="undefined" />
	<Point X="269" Y="196" T="undefined" />
	<Point X="269" Y="193" T="undefined" />
	<Point X="269" Y="190" T="undefined" />
</Gesture>