<?xml version="1.0" encoding="utf-8" standalone="yes"?>
<Gesture Name="Right Curly Brace4" NumPts="60">
	<Point X="244" Y="74" T="undefined" />
	<Point X="259" Y="74" T="undefined" />
	<Point X="280" Y="72" T="undefined" />
	<Point X="330" Y="68" T="undefined" />
	<Point X="377" Y="72" T="undefined" />
	<Point X="395" Y="77" T="undefined" />
	<Point X="404" Y="82" T="undefined" />
	<Point X="408" Y="88" T="undefined" />
	<Point X="411" Y="92" T="undefined" />
	<Point X="410" Y="96" T="undefined" />
	<Point X="401" Y="110" T="undefined" />
	<Point X="386" Y="126" T="undefined" />
	<Point X="361" Y="148" T="undefined" />
	<Point X="313" Y="184" T="undefined" />
	<Point X="290" Y="202" T="undefined" />
	<Point X="273" Y="214" T="undefined" />
	<Point X="252" Y="227" T="undefined" />
	<Point X="246" Y="231" T="undefined" />
	<Point X="244" Y="232" T="undefined" />
	<Point X="243" Y="233" T="undefined" />
	<Point X="242" Y="234" T="undefined" />
	<Point X="243" Y="234" T="undefined" />
	<Point X="245" Y="234" T="undefined" />
	<Point X="253" Y="232" T="undefined" />
	<Point X="268" Y="227" T="undefined" />
	<Point X="295" Y="221" T="undefined" />
	<Point X="308" Y="219" T="undefined" />
	<Point X="320" Y="218" T="undefined" />
	<Point X="332" Y="217" T="undefined" />
	<Point X="338" Y="217" T="undefined" />
	<Point X="342" Y="216" T="undefined" />
	<Point X="344" Y="216" T="undefined" />
	<Point X="346" Y="216" T="undefined" />
	<Point X="346" Y="216" T="undefined" />
	<Point X="346" Y="216" T="undefined" />
	<Point X="344" Y="218" T="undefined" />
	<Point X="321" Y="226" T="undefined" />
	<Point X="296" Y="236" T="undefined" />
	<Point X="278" Y="246" T="undefined" />
	<Point X="266" Y="256" T="undefined" />
	<Point X="264" Y="259" T="undefined" />
	<Point X="262" Y="261" T="undefined" />
	<Point X="264" Y="265" T="undefined" />
	<Point X="269" Y="268" T="undefined" />
	<Point X="283" Y="272" T="undefined" />
	<Point X="325" Y="279" T="undefined" />
	<Point X="349" Y="283" T="undefined" />
	<Point X="371" Y="287" T="undefined" />
	<Point X="379" Y="290" T="undefined" />
	<Point X="383" Y="294" T="undefined" />
	<Point X="388" Y="305" T="undefined" />
	<Point X="389" Y="314" T="undefined" />
	<Point X="386" Y="324" T="undefined" />
	<Point X="364" Y="350" T="undefined" />
	<Point X="328" Y="377" T="undefined" />
	<Point X="282" Y="400" T="undefined" />
	<Point X="267" Y="402" T="undefined" />
	<Point X="263" Y="404" T="undefined" />
	<Point X="261" Y="404" T="undefined" />
	<Point X="260" Y="404" T="undefined" />
</Gesture>