<?xml version="1.0" encoding="utf-8" standalone="yes"?>
<Gesture Name="Right Curly Brace5" NumPts="50">
	<Point X="244" Y="104" T="undefined" />
	<Point X="258" Y="104" T="undefined" />
	<Point X="278" Y="107" T="undefined" />
	<Point X="335" Y="132" T="undefined" />
	<Point X="359" Y="150" T="undefined" />
	<Point X="372" Y="170" T="undefined" />
	<Point X="378" Y="188" T="undefined" />
	<Point X="378" Y="197" T="undefined" />
	<Point X="372" Y="205" T="undefined" />
	<Point X="349" Y="220" T="undefined" />
	<Point X="327" Y="232" T="undefined" />
	<Point X="308" Y="242" T="undefined" />
	<Point X="288" Y="252" T="undefined" />
	<Point X="279" Y="257" T="undefined" />
	<Point X="274" Y="262" T="undefined" />
	<Point X="272" Y="263" T="undefined" />
	<Point X="272" Y="264" T="undefined" />
	<Point X="273" Y="266" T="undefined" />
	<Point X="277" Y="266" T="undefined" />
	<Point X="288" Y="268" T="undefined" />
	<Point X="312" Y="268" T="undefined" />
	<Point X="328" Y="266" T="undefined" />
	<Point X="346" Y="261" T="undefined" />
	<Point X="351" Y="260" T="undefined" />
	<Point X="356" Y="259" T="undefined" />
	<Point X="358" Y="258" T="undefined" />
	<Point X="360" Y="258" T="undefined" />
	<Point X="361" Y="258" T="undefined" />
	<Point X="361" Y="260" T="undefined" />
	<Point X="359" Y="264" T="undefined" />
	<Point X="352" Y="274" T="undefined" />
	<Point X="329" Y="296" T="undefined" />
	<Point X="316" Y="310" T="undefined" />
	<Point X="303" Y="327" T="undefined" />
	<Point X="300" Y="331" T="undefined" />
	<Point X="299" Y="336" T="undefined" />
	<Point X="300" Y="340" T="undefined" />
	<Point X="306" Y="344" T="undefined" />
	<Point X="320" Y="351" T="undefined" />
	<Point X="341" Y="365" T="undefined" />
	<Point X="350" Y="376" T="undefined" />
	<Point X="354" Y="384" T="undefined" />
	<Point X="348" Y="398" T="undefined" />
	<Point X="326" Y="412" T="undefined" />
	<Point X="284" Y="420" T="undefined" />
	<Point X="256" Y="418" T="undefined" />
	<Point X="242" Y="413" T="undefined" />
	<Point X="234" Y="410" T="undefined" />
	<Point X="233" Y="409" T="undefined" />
	<Point X="233" Y="408" T="undefined" />
</Gesture>