<?xml version="1.0" encoding="utf-8" standalone="yes"?>
<Gesture Name="Right Curly Brace9" NumPts="101">
	<Point X="256" Y="86" T="undefined" />
	<Point X="256" Y="86" T="undefined" />
	<Point X="260" Y="86" T="undefined" />
	<Point X="270" Y="88" T="undefined" />
	<Point X="282" Y="93" T="undefined" />
	<Point X="295" Y="98" T="undefined" />
	<Point X="300" Y="101" T="undefined" />
	<Point X="305" Y="104" T="undefined" />
	<Point X="311" Y="108" T="undefined" />
	<Point X="316" Y="112" T="undefined" />
	<Point X="318" Y="116" T="undefined" />
	<Point X="322" Y="124" T="undefined" />
	<Point X="326" Y="132" T="undefined" />
	<Point X="329" Y="138" T="undefined" />
	<Point X="332" Y="148" T="undefined" />
	<Point X="334" Y="154" T="undefined" />
	<Point X="334" Y="162" T="undefined" />
	<Point X="334" Y="165" T="undefined" />
	<Point X="334" Y="170" T="undefined" />
	<Point X="334" Y="174" T="undefined" />
	<Point X="332" Y="178" T="undefined" />
	<Point X="330" Y="183" T="undefined" />
	<Point X="324" Y="192" T="undefined" />
	<Point X="320" Y="198" T="undefined" />
	<Point X="315" Y="205" T="undefined" />
	<Point X="308" Y="214" T="undefined" />
	<Point X="305" Y="221" T="undefined" />
	<Point X="301" Y="228" T="undefined" />
	<Point X="300" Y="232" T="undefined" />
	<Point X="299" Y="236" T="undefined" />
	<Point X="298" Y="240" T="undefined" />
	<Point X="298" Y="242" T="undefined" />
	<Point X="298" Y="246" T="undefined" />
	<Point X="300" Y="249" T="undefined" />
	<Point X="301" Y="252" T="undefined" />
	<Point X="303" Y="254" T="undefined" />
	<Point X="306" Y="256" T="undefined" />
	<Point X="310" Y="260" T="undefined" />
	<Point X="316" Y="262" T="undefined" />
	<Point X="320" Y="264" T="undefined" />
	<Point X="324" Y="267" T="undefined" />
	<Point X="330" Y="270" T="undefined" />
	<Point X="334" Y="272" T="undefined" />
	<Point X="338" Y="274" T="undefined" />
	<Point X="340" Y="276" T="undefined" />
	<Point X="343" Y="278" T="undefined" />
	<Point X="345" Y="280" T="undefined" />
	<Point X="347" Y="282" T="undefined" />
	<Point X="348" Y="283" T="undefined" />
	<Point X="350" Y="284" T="undefined" />
	<Point X="350" Y="285" T="undefined" />
	<Point X="350" Y="286" T="undefined" />
	<Point X="350" Y="286" T="undefined" />
	<Point X="350" Y="286" T="undefined" />
	<Point X="348" Y="286" T="undefined" />
	<Point X="348" Y="286" T="undefined" />
	<Point X="347" Y="286" T="undefined" />
	<Point X="346" Y="286" T="undefined" />
	<Point X="346" Y="286" T="undefined" />
	<Point X="346" Y="286" T="undefined" />
	<Point X="345" Y="286" T="undefined" />
	<Point X="344" Y="286" T="undefined" />
	<Point X="344" Y="286" T="undefined" />
	<Point X="342" Y="286" T="undefined" />
	<Point X="342" Y="286" T="undefined" />
	<Point X="341" Y="286" T="undefined" />
	<Point X="340" Y="286" T="undefined" />
	<Point X="338" Y="286" T="undefined" />
	<Point X="336" Y="286" T="undefined" />
	<Point X="333" Y="286" T="undefined" />
	<Point X="330" Y="286" T="undefined" />
	<Point X="324" Y="288" T="undefined" />
	<Point X="320" Y="288" T="undefined" />
	<Point X="317" Y="290" T="undefined" />
	<Point X="314" Y="292" T="undefined" />
	<Point X="312" Y="292" T="undefined" />
	<Point X="311" Y="294" T="undefined" />
	<Point X="310" Y="296" T="undefined" />
	<Point X="310" Y="298" T="undefined" />
	<Point X="311" Y="302" T="undefined" />
	<Point X="314" Y="305" T="undefined" />
	<Point X="316" Y="307" T="undefined" />
	<Point X="322" Y="312" T="undefined" />
	<Point X="328" Y="314" T="undefined" />
	<Point X="339" Y="318" T="undefined" />
	<Point X="355" Y="322" T="undefined" />
	<Point X="364" Y="326" T="undefined" />
	<Point X="370" Y="328" T="undefined" />
	<Point X="378" Y="332" T="undefined" />
	<Point X="381" Y="336" T="undefined" />
	<Point X="385" Y="346" T="undefined" />
	<Point X="386" Y="357" T="undefined" />
	<Point X="385" Y="369" T="undefined" />
	<Point X="379" Y="384" T="undefined" />
	<Point X="372" Y="390" T="undefined" />
	<Point X="348" Y="400" T="undefined" />
	<Point X="328" Y="402" T="undefined" />
	<Point X="316" Y="402" T="undefined" />
	<Point X="308" Y="402" T="undefined" />
	<Point X="306" Y="401" T="undefined" />
	<Point X="305" Y="400" T="undefined" />
</Gesture>