<?xml version="1.0" encoding="utf-8" standalone="yes"?>
<Gesture Name="Right Curly Brace2" NumPts="44">
	<Point X="200" Y="128" T="undefined" />
	<Point X="202" Y="128" T="undefined" />
	<Point X="206" Y="128" T="undefined" />
	<Point X="216" Y="128" T="undefined" />
	<Point X="232" Y="126" T="undefined" />
	<Point X="250" Y="127" T="undefined" />
	<Point X="268" Y="128" T="undefined" />
	<Point X="286" Y="133" T="undefined" />
	<Point X="302" Y="140" T="undefined" />
	<Point X="316" Y="154" T="undefined" />
	<Point X="324" Y="166" T="undefined" />
	<Point X="327" Y="178" T="undefined" />
	<Point X="326" Y="193" T="undefined" />
	<Point X="322" Y="207" T="undefined" />
	<Point X="312" Y="220" T="undefined" />
	<Point X="299" Y="233" T="undefined" />
	<Point X="287" Y="244" T="undefined" />
	<Point X="277" Y="253" T="undefined" />
	<Point X="271" Y="261" T="undefined" />
	<Point X="266" Y="269" T="undefined" />
	<Point X="266" Y="273" T="undefined" />
	<Point X="268" Y="276" T="undefined" />
	<Point X="274" Y="278" T="undefined" />
	<Point X="288" Y="280" T="undefined" />
	<Point X="307" Y="280" T="undefined" />
	<Point X="320" Y="280" T="undefined" />
	<Point X="330" Y="280" T="undefined" />
	<Point X="336" Y="282" T="undefined" />
	<Point X="340" Y="288" T="undefined" />
	<Point X="341" Y="294" T="undefined" />
	<Point X="338" Y="302" T="undefined" />
	<Point X="332" Y="316" T="undefined" />
	<Point X="327" Y="331" T="undefined" />
	<Point X="322" Y="342" T="undefined" />
	<Point X="320" Y="347" T="undefined" />
	<Point X="320" Y="351" T="undefined" />
	<Point X="320" Y="355" T="undefined" />
	<Point X="324" Y="362" T="undefined" />
	<Point X="328" Y="368" T="undefined" />
	<Point X="331" Y="376" T="undefined" />
	<Point X="332" Y="386" T="undefined" />
	<Point X="326" Y="399" T="undefined" />
	<Point X="316" Y="410" T="undefined" />
	<Point X="306" Y="418" T="undefined" />
</Gesture>