<?xml version="1.0" encoding="utf-8" standalone="yes"?>
<Gesture Name="Right Curly Brace7" NumPts="50">
	<Point X="242" Y="113" T="undefined" />
	<Point X="242" Y="113" T="undefined" />
	<Point X="255" Y="111" T="undefined" />
	<Point X="280" Y="108" T="undefined" />
	<Point X="313" Y="108" T="undefined" />
	<Point X="344" Y="114" T="undefined" />
	<Point X="350" Y="119" T="undefined" />
	<Point X="353" Y="125" T="undefined" />
	<Point X="351" Y="130" T="undefined" />
	<Point X="345" Y="136" T="undefined" />
	<Point X="329" Y="154" T="undefined" />
	<Point X="311" Y="173" T="undefined" />
	<Point X="291" Y="194" T="undefined" />
	<Point X="277" Y="213" T="undefined" />
	<Point X="274" Y="218" T="undefined" />
	<Point X="274" Y="224" T="undefined" />
	<Point X="275" Y="228" T="undefined" />
	<Point X="280" Y="231" T="undefined" />
	<Point X="287" Y="233" T="undefined" />
	<Point X="306" Y="233" T="undefined" />
	<Point X="320" Y="232" T="undefined" />
	<Point X="337" Y="228" T="undefined" />
	<Point X="342" Y="226" T="undefined" />
	<Point X="346" Y="226" T="undefined" />
	<Point X="348" Y="225" T="undefined" />
	<Point X="348" Y="225" T="undefined" />
	<Point X="347" Y="225" T="undefined" />
	<Point X="345" Y="225" T="undefined" />
	<Point X="342" Y="225" T="undefined" />
	<Point X="324" Y="228" T="undefined" />
	<Point X="308" Y="234" T="undefined" />
	<Point X="294" Y="242" T="undefined" />
	<Point X="288" Y="245" T="undefined" />
	<Point X="286" Y="248" T="undefined" />
	<Point X="286" Y="252" T="undefined" />
	<Point X="287" Y="256" T="undefined" />
	<Point X="294" Y="260" T="undefined" />
	<Point X="324" Y="274" T="undefined" />
	<Point X="362" Y="291" T="undefined" />
	<Point X="392" Y="305" T="undefined" />
	<Point X="418" Y="324" T="undefined" />
	<Point X="426" Y="334" T="undefined" />
	<Point X="430" Y="346" T="undefined" />
	<Point X="430" Y="356" T="undefined" />
	<Point X="422" Y="368" T="undefined" />
	<Point X="387" Y="389" T="undefined" />
	<Point X="356" Y="401" T="undefined" />
	<Point X="333" Y="404" T="undefined" />
	<Point X="313" Y="404" T="undefined" />
	<Point X="304" Y="401" T="undefined" />
</Gesture>