<?xml version="1.0" encoding="utf-8" standalone="yes"?>
<Gesture Name="Right Curly Brace0" NumPts="78">
	<Point X="222" Y="102" T="undefined" />
	<Point X="224" Y="102" T="undefined" />
	<Point X="228" Y="100" T="undefined" />
	<Point X="257" Y="88" T="undefined" />
	<Point X="277" Y="85" T="undefined" />
	<Point X="290" Y="82" T="undefined" />
	<Point X="304" Y="84" T="undefined" />
	<Point X="312" Y="87" T="undefined" />
	<Point X="319" Y="92" T="undefined" />
	<Point X="328" Y="103" T="undefined" />
	<Point X="332" Y="117" T="undefined" />
	<Point X="335" Y="138" T="undefined" />
	<Point X="334" Y="152" T="undefined" />
	<Point X="331" Y="166" T="undefined" />
	<Point X="324" Y="183" T="undefined" />
	<Point X="316" Y="193" T="undefined" />
	<Point X="305" Y="203" T="undefined" />
	<Point X="288" Y="218" T="undefined" />
	<Point X="276" Y="228" T="undefined" />
	<Point X="269" Y="234" T="undefined" />
	<Point X="263" Y="239" T="undefined" />
	<Point X="260" Y="242" T="undefined" />
	<Point X="260" Y="243" T="undefined" />
	<Point X="259" Y="245" T="undefined" />
	<Point X="259" Y="246" T="undefined" />
	<Point X="260" Y="246" T="undefined" />
	<Point X="266" Y="247" T="undefined" />
	<Point X="270" Y="248" T="undefined" />
	<Point X="279" Y="248" T="undefined" />
	<Point X="286" Y="248" T="undefined" />
	<Point X="290" Y="248" T="undefined" />
	<Point X="294" Y="248" T="undefined" />
	<Point X="296" Y="248" T="undefined" />
	<Point X="298" Y="248" T="undefined" />
	<Point X="300" Y="248" T="undefined" />
	<Point X="301" Y="248" T="undefined" />
	<Point X="302" Y="248" T="undefined" />
	<Point X="302" Y="248" T="undefined" />
	<Point X="302" Y="248" T="undefined" />
	<Point X="302" Y="248" T="undefined" />
	<Point X="303" Y="248" T="undefined" />
	<Point X="304" Y="248" T="undefined" />
	<Point X="308" Y="248" T="undefined" />
	<Point X="310" Y="248" T="undefined" />
	<Point X="312" Y="249" T="undefined" />
	<Point X="314" Y="250" T="undefined" />
	<Point X="314" Y="251" T="undefined" />
	<Point X="314" Y="252" T="undefined" />
	<Point X="309" Y="254" T="undefined" />
	<Point X="298" Y="258" T="undefined" />
	<Point X="274" Y="268" T="undefined" />
	<Point X="263" Y="271" T="undefined" />
	<Point X="256" Y="274" T="undefined" />
	<Point X="250" Y="277" T="undefined" />
	<Point X="247" Y="278" T="undefined" />
	<Point X="246" Y="279" T="undefined" />
	<Point X="246" Y="280" T="undefined" />
	<Point X="248" Y="280" T="undefined" />
	<Point X="253" Y="280" T="undefined" />
	<Point X="274" Y="280" T="undefined" />
	<Point X="300" Y="284" T="undefined" />
	<Point X="335" Y="296" T="undefined" />
	<Point X="349" Y="303" T="undefined" />
	<Point X="358" Y="309" T="undefined" />
	<Point X="367" Y="322" T="undefined" />
	<Point X="372" Y="336" T="undefined" />
	<Point X="374" Y="352" T="undefined" />
	<Point X="370" Y="376" T="undefined" />
	<Point X="362" Y="388" T="undefined" />
	<Point X="348" Y="399" T="undefined" />
	<Point X="322" Y="412" T="undefined" />
	<Point X="300" Y="414" T="undefined" />
	<Point X="275" Y="414" T="undefined" />
	<Point X="268" Y="414" T="undefined" />
	<Point X="263" Y="413" T="undefined" />
	<Point X="261" Y="413" T="undefined" />
	<Point X="260" Y="412" T="undefined" />
	<Point X="259" Y="411" T="undefined" />
</Gesture>