<?xml version="1.0" encoding="utf-8" standalone="yes"?>
<Gesture Name="Right Curly Brace6" NumPts="40">
	<Point X="276" Y="156" T="undefined" />
	<Point X="285" Y="156" T="undefined" />
	<Point X="298" Y="158" T="undefined" />
	<Point X="322" Y="165" T="undefined" />
	<Point X="344" Y="174" T="undefined" />
	<Point X="350" Y="178" T="undefined" />
	<Point X="353" Y="181" T="undefined" />
	<Point X="352" Y="189" T="undefined" />
	<Point X="347" Y="199" T="undefined" />
	<Point X="336" Y="214" T="undefined" />
	<Point X="315" Y="238" T="undefined" />
	<Point X="302" Y="253" T="undefined" />
	<Point X="293" Y="266" T="undefined" />
	<Point X="290" Y="271" T="undefined" />
	<Point X="289" Y="274" T="undefined" />
	<Point X="289" Y="278" T="undefined" />
	<Point X="294" Y="283" T="undefined" />
	<Point X="303" Y="286" T="undefined" />
	<Point X="331" Y="288" T="undefined" />
	<Point X="353" Y="288" T="undefined" />
	<Point X="370" Y="288" T="undefined" />
	<Point X="381" Y="289" T="undefined" />
	<Point X="384" Y="290" T="undefined" />
	<Point X="387" Y="292" T="undefined" />
	<Point X="387" Y="294" T="undefined" />
	<Point X="385" Y="299" T="undefined" />
	<Point X="378" Y="307" T="undefined" />
	<Point X="367" Y="320" T="undefined" />
	<Point X="362" Y="324" T="undefined" />
	<Point X="358" Y="328" T="undefined" />
	<Point X="358" Y="332" T="undefined" />
	<Point X="360" Y="335" T="undefined" />
	<Point X="373" Y="346" T="undefined" />
	<Point X="388" Y="356" T="undefined" />
	<Point X="404" Y="373" T="undefined" />
	<Point X="408" Y="382" T="undefined" />
	<Point X="408" Y="391" T="undefined" />
	<Point X="394" Y="408" T="undefined" />
	<Point X="375" Y="417" T="undefined" />
	<Point X="354" Y="422" T="undefined" />
</Gesture>