<?xml version="1.0" encoding="utf-8" standalone="yes"?>
<Gesture Name="Left Square Bracket7" NumPts="35">
	<Point X="152" Y="79" T="undefined" />
	<Point X="152" Y="79" T="undefined" />
	<Point X="140" Y="82" T="undefined" />
	<Point X="121" Y="89" T="undefined" />
	<Point X="88" Y="101" T="undefined" />
	<Point X="80" Y="105" T="undefined" />
	<Point X="74" Y="107" T="undefined" />
	<Point X="72" Y="108" T="undefined" />
	<Point X="71" Y="108" T="undefined" />
	<Point X="69" Y="110" T="undefined" />
	<Point X="68" Y="111" T="undefined" />
	<Point X="67" Y="114" T="undefined" />
	<Point X="62" Y="131" T="undefined" />
	<Point X="56" Y="156" T="undefined" />
	<Point X="50" Y="200" T="undefined" />
	<Point X="48" Y="264" T="undefined" />
	<Point X="48" Y="298" T="undefined" />
	<Point X="53" Y="338" T="undefined" />
	<Point X="57" Y="356" T="undefined" />
	<Point X="59" Y="366" T="undefined" />
	<Point X="60" Y="372" T="undefined" />
	<Point X="60" Y="374" T="undefined" />
	<Point X="60" Y="374" T="undefined" />
	<Point X="61" Y="374" T="undefined" />
	<Point X="62" Y="374" T="undefined" />
	<Point X="64" Y="374" T="undefined" />
	<Point X="74" Y="372" T="undefined" />
	<Point X="103" Y="368" T="undefined" />
	<Point X="156" Y="366" T="undefined" />
	<Point X="203" Y="368" T="undefined" />
	<Point X="218" Y="370" T="undefined" />
	<Point X="223" Y="371" T="undefined" />
	<Point X="226" Y="372" T="undefined" />
	<Point X="226" Y="371" T="undefined" />
	<Point X="225" Y="370" T="undefined" />
</Gesture>