<?xml version="1.0" encoding="utf-8" standalone="yes"?>
<Gesture Name="Left Square Bracket8" NumPts="30">
	<Point X="212" Y="134" T="undefined" />
	<Point X="201" Y="137" T="undefined" />
	<Point X="177" Y="145" T="undefined" />
	<Point X="138" Y="155" T="undefined" />
	<Point X="108" Y="164" T="undefined" />
	<Point X="99" Y="165" T="undefined" />
	<Point X="95" Y="165" T="undefined" />
	<Point X="92" Y="165" T="undefined" />
	<Point X="91" Y="165" T="undefined" />
	<Point X="90" Y="165" T="undefined" />
	<Point X="90" Y="165" T="undefined" />
	<Point X="89" Y="165" T="undefined" />
	<Point X="88" Y="170" T="undefined" />
	<Point X="82" Y="208" T="undefined" />
	<Point X="81" Y="281" T="undefined" />
	<Point X="81" Y="379" T="undefined" />
	<Point X="85" Y="421" T="undefined" />
	<Point X="88" Y="449" T="undefined" />
	<Point X="90" Y="464" T="undefined" />
	<Point X="91" Y="468" T="undefined" />
	<Point X="91" Y="469" T="undefined" />
	<Point X="92" Y="469" T="undefined" />
	<Point X="92" Y="469" T="undefined" />
	<Point X="95" Y="469" T="undefined" />
	<Point X="104" Y="468" T="undefined" />
	<Point X="160" Y="461" T="undefined" />
	<Point X="206" Y="456" T="undefined" />
	<Point X="235" Y="455" T="undefined" />
	<Point X="239" Y="455" T="undefined" />
	<Point X="241" Y="455" T="undefined" />
</Gesture>