<?xml version="1.0" encoding="utf-8" standalone="yes"?>
<Gesture Name="Left Square Bracket3" NumPts="41">
	<Point X="162" Y="142" T="undefined" />
	<Point X="160" Y="142" T="undefined" />
	<Point X="156" Y="142" T="undefined" />
	<Point X="140" Y="141" T="undefined" />
	<Point X="116" Y="142" T="undefined" />
	<Point X="96" Y="142" T="undefined" />
	<Point X="83" Y="142" T="undefined" />
	<Point X="78" Y="142" T="undefined" />
	<Point X="74" Y="142" T="undefined" />
	<Point X="73" Y="142" T="undefined" />
	<Point X="72" Y="142" T="undefined" />
	<Point X="71" Y="142" T="undefined" />
	<Point X="70" Y="143" T="undefined" />
	<Point X="70" Y="144" T="undefined" />
	<Point X="69" Y="144" T="undefined" />
	<Point X="68" Y="148" T="undefined" />
	<Point X="65" Y="167" T="undefined" />
	<Point X="61" Y="193" T="undefined" />
	<Point X="58" Y="228" T="undefined" />
	<Point X="59" Y="273" T="undefined" />
	<Point X="62" Y="296" T="undefined" />
	<Point X="65" Y="320" T="undefined" />
	<Point X="68" Y="332" T="undefined" />
	<Point X="68" Y="340" T="undefined" />
	<Point X="70" Y="345" T="undefined" />
	<Point X="70" Y="346" T="undefined" />
	<Point X="70" Y="348" T="undefined" />
	<Point X="70" Y="349" T="undefined" />
	<Point X="70" Y="350" T="undefined" />
	<Point X="70" Y="352" T="undefined" />
	<Point X="70" Y="353" T="undefined" />
	<Point X="70" Y="354" T="undefined" />
	<Point X="70" Y="355" T="undefined" />
	<Point X="71" Y="356" T="undefined" />
	<Point X="76" Y="358" T="undefined" />
	<Point X="106" Y="358" T="undefined" />
	<Point X="136" Y="358" T="undefined" />
	<Point X="172" Y="358" T="undefined" />
	<Point X="180" Y="358" T="undefined" />
	<Point X="182" Y="358" T="undefined" />
	<Point X="184" Y="358" T="undefined" />
</Gesture>