<?xml version="1.0" encoding="utf-8" standalone="yes"?>
<Gesture Name="Left Square Bracket1" NumPts="38">
	<Point X="234" Y="138" T="undefined" />
	<Point X="234" Y="138" T="undefined" />
	<Point X="232" Y="138" T="undefined" />
	<Point X="228" Y="138" T="undefined" />
	<Point X="213" Y="142" T="undefined" />
	<Point X="188" Y="148" T="undefined" />
	<Point X="156" Y="158" T="undefined" />
	<Point X="134" Y="162" T="undefined" />
	<Point X="124" Y="166" T="undefined" />
	<Point X="120" Y="166" T="undefined" />
	<Point X="118" Y="166" T="undefined" />
	<Point X="118" Y="166" T="undefined" />
	<Point X="117" Y="168" T="undefined" />
	<Point X="117" Y="171" T="undefined" />
	<Point X="118" Y="180" T="undefined" />
	<Point X="123" Y="204" T="undefined" />
	<Point X="132" Y="255" T="undefined" />
	<Point X="140" Y="308" T="undefined" />
	<Point X="146" Y="343" T="undefined" />
	<Point X="150" Y="366" T="undefined" />
	<Point X="153" Y="378" T="undefined" />
	<Point X="154" Y="385" T="undefined" />
	<Point X="155" Y="386" T="undefined" />
	<Point X="156" Y="388" T="undefined" />
	<Point X="156" Y="388" T="undefined" />
	<Point X="156" Y="388" T="undefined" />
	<Point X="156" Y="389" T="undefined" />
	<Point X="157" Y="390" T="undefined" />
	<Point X="160" Y="390" T="undefined" />
	<Point X="166" Y="388" T="undefined" />
	<Point X="182" Y="386" T="undefined" />
	<Point X="204" Y="382" T="undefined" />
	<Point X="222" Y="379" T="undefined" />
	<Point X="232" Y="378" T="undefined" />
	<Point X="239" Y="378" T="undefined" />
	<Point X="243" Y="378" T="undefined" />
	<Point X="245" Y="378" T="undefined" />
	<Point X="246" Y="377" T="undefined" />
</Gesture>