<?xml version="1.0" encoding="utf-8" standalone="yes"?>
<Gesture Name="Left Square Bracket0" NumPts="38">
	<Point X="185" Y="117" T="undefined" />
	<Point X="185" Y="117" T="undefined" />
	<Point X="180" Y="117" T="undefined" />
	<Point X="171" Y="116" T="undefined" />
	<Point X="125" Y="116" T="undefined" />
	<Point X="67" Y="120" T="undefined" />
	<Point X="38" Y="123" T="undefined" />
	<Point X="28" Y="124" T="undefined" />
	<Point X="24" Y="125" T="undefined" />
	<Point X="23" Y="125" T="undefined" />
	<Point X="22" Y="125" T="undefined" />
	<Point X="22" Y="126" T="undefined" />
	<Point X="22" Y="126" T="undefined" />
	<Point X="24" Y="129" T="undefined" />
	<Point X="24" Y="132" T="undefined" />
	<Point X="28" Y="154" T="undefined" />
	<Point X="32" Y="208" T="undefined" />
	<Point X="36" Y="278" T="undefined" />
	<Point X="36" Y="308" T="undefined" />
	<Point X="36" Y="343" T="undefined" />
	<Point X="37" Y="359" T="undefined" />
	<Point X="39" Y="371" T="undefined" />
	<Point X="40" Y="374" T="undefined" />
	<Point X="41" Y="374" T="undefined" />
	<Point X="42" Y="376" T="undefined" />
	<Point X="43" Y="376" T="undefined" />
	<Point X="43" Y="377" T="undefined" />
	<Point X="44" Y="378" T="undefined" />
	<Point X="45" Y="378" T="undefined" />
	<Point X="46" Y="378" T="undefined" />
	<Point X="46" Y="379" T="undefined" />
	<Point X="55" Y="379" T="undefined" />
	<Point X="86" Y="381" T="undefined" />
	<Point X="168" Y="381" T="undefined" />
	<Point X="225" Y="378" T="undefined" />
	<Point X="236" Y="377" T="undefined" />
	<Point X="238" Y="376" T="undefined" />
	<Point X="238" Y="376" T="undefined" />
</Gesture>