<?xml version="1.0" encoding="utf-8" standalone="yes"?>
<Gesture Name="Check1" NumPts="17">
	<Point X="201" Y="250" T="undefined" />
	<Point X="206" Y="260" T="undefined" />
	<Point X="217" Y="280" T="undefined" />
	<Point X="256" Y="352" T="undefined" />
	<Point X="272" Y="379" T="undefined" />
	<Point X="280" Y="392" T="undefined" />
	<Point X="285" Y="397" T="undefined" />
	<Point X="286" Y="398" T="undefined" />
	<Point X="288" Y="398" T="undefined" />
	<Point X="292" Y="386" T="undefined" />
	<Point X="318" Y="320" T="undefined" />
	<Point X="390" Y="172" T="undefined" />
	<Point X="418" Y="119" T="undefined" />
	<Point X="430" Y="92" T="undefined" />
	<Point X="436" Y="80" T="undefined" />
	<Point X="437" Y="77" T="undefined" />
	<Point X="438" Y="76" T="undefined" />
</Gesture>