<?xml version="1.0" encoding="utf-8" standalone="yes"?>
<Gesture Name="Check8" NumPts="14">
	<Point X="151" Y="269" T="undefined" />
	<Point X="156" Y="281" T="undefined" />
	<Point X="169" Y="310" T="undefined" />
	<Point X="181" Y="333" T="undefined" />
	<Point X="191" Y="348" T="undefined" />
	<Point X="200" Y="358" T="undefined" />
	<Point X="202" Y="360" T="undefined" />
	<Point X="203" Y="361" T="undefined" />
	<Point X="204" Y="361" T="undefined" />
	<Point X="205" Y="360" T="undefined" />
	<Point X="216" Y="340" T="undefined" />
	<Point X="264" Y="234" T="undefined" />
	<Point X="315" Y="130" T="undefined" />
	<Point X="362" Y="28" T="undefined" />
</Gesture>