<?xml version="1.0" encoding="utf-8" standalone="yes"?>
<Gesture Name="Check0" NumPts="27">
	<Point X="186" Y="286" T="undefined" />
	<Point X="189" Y="288" T="undefined" />
	<Point X="195" Y="296" T="undefined" />
	<Point X="208" Y="314" T="undefined" />
	<Point X="226" Y="338" T="undefined" />
	<Point X="236" Y="353" T="undefined" />
	<Point X="246" Y="367" T="undefined" />
	<Point X="250" Y="372" T="undefined" />
	<Point X="252" Y="374" T="undefined" />
	<Point X="254" Y="376" T="undefined" />
	<Point X="254" Y="376" T="undefined" />
	<Point X="255" Y="377" T="undefined" />
	<Point X="256" Y="378" T="undefined" />
	<Point X="256" Y="378" T="undefined" />
	<Point X="258" Y="377" T="undefined" />
	<Point X="262" Y="369" T="undefined" />
	<Point X="289" Y="306" T="undefined" />
	<Point X="319" Y="220" T="undefined" />
	<Point X="345" Y="150" T="undefined" />
	<Point X="365" Y="83" T="undefined" />
	<Point X="368" Y="66" T="undefined" />
	<Point X="372" Y="55" T="undefined" />
	<Point X="374" Y="52" T="undefined" />
	<Point X="376" Y="48" T="undefined" />
	<Point X="378" Y="45" T="undefined" />
	<Point X="378" Y="44" T="undefined" />
	<Point X="378" Y="44" T="undefined" />
</Gesture>