<?xml version="1.0" encoding="utf-8" standalone="yes"?>
<Gesture Name="Check6" NumPts="15">
	<Point X="80" Y="194" T="undefined" />
	<Point X="80" Y="194" T="undefined" />
	<Point X="86" Y="207" T="undefined" />
	<Point X="110" Y="251" T="undefined" />
	<Point X="134" Y="290" T="undefined" />
	<Point X="154" Y="319" T="undefined" />
	<Point X="161" Y="328" T="undefined" />
	<Point X="165" Y="334" T="undefined" />
	<Point X="166" Y="334" T="undefined" />
	<Point X="167" Y="334" T="undefined" />
	<Point X="168" Y="334" T="undefined" />
	<Point X="170" Y="329" T="undefined" />
	<Point X="212" Y="264" T="undefined" />
	<Point X="274" Y="160" T="undefined" />
	<Point X="319" Y="87" T="undefined" />
</Gesture>