<?xml version="1.0" encoding="utf-8" standalone="yes"?>
<Gesture Name="Check9" NumPts="19">
	<Point X="110" Y="220" T="undefined" />
	<Point X="115" Y="230" T="undefined" />
	<Point X="130" Y="259" T="undefined" />
	<Point X="146" Y="290" T="undefined" />
	<Point X="182" Y="352" T="undefined" />
	<Point X="196" Y="374" T="undefined" />
	<Point X="204" Y="388" T="undefined" />
	<Point X="210" Y="396" T="undefined" />
	<Point X="212" Y="398" T="undefined" />
	<Point X="214" Y="399" T="undefined" />
	<Point X="214" Y="399" T="undefined" />
	<Point X="216" Y="396" T="undefined" />
	<Point X="252" Y="324" T="undefined" />
	<Point X="302" Y="208" T="undefined" />
	<Point X="333" Y="134" T="undefined" />
	<Point X="350" Y="90" T="undefined" />
	<Point X="352" Y="84" T="undefined" />
	<Point X="353" Y="84" T="undefined" />
	<Point X="353" Y="84" T="undefined" />
</Gesture>