<?xml version="1.0" encoding="utf-8" standalone="yes"?>
<Gesture Name="Check7" NumPts="13">
	<Point X="142" Y="138" T="undefined" />
	<Point X="142" Y="138" T="undefined" />
	<Point X="149" Y="156" T="undefined" />
	<Point X="162" Y="184" T="undefined" />
	<Point X="182" Y="230" T="undefined" />
	<Point X="202" Y="266" T="undefined" />
	<Point X="210" Y="277" T="undefined" />
	<Point X="213" Y="282" T="undefined" />
	<Point X="215" Y="284" T="undefined" />
	<Point X="216" Y="284" T="undefined" />
	<Point X="217" Y="282" T="undefined" />
	<Point X="244" Y="242" T="undefined" />
	<Point X="311" Y="126" T="undefined" />
</Gesture>