<?xml version="1.0" encoding="utf-8" standalone="yes"?>
<Gesture Name="Check2" NumPts="40">
	<Point X="118" Y="225" T="undefined" />
	<Point X="119" Y="228" T="undefined" />
	<Point X="124" Y="236" T="undefined" />
	<Point X="151" Y="283" T="undefined" />
	<Point X="192" Y="354" T="undefined" />
	<Point X="223" Y="402" T="undefined" />
	<Point X="248" Y="438" T="undefined" />
	<Point X="263" Y="458" T="undefined" />
	<Point X="270" Y="466" T="undefined" />
	<Point X="272" Y="468" T="undefined" />
	<Point X="274" Y="470" T="undefined" />
	<Point X="275" Y="470" T="undefined" />
	<Point X="276" Y="470" T="undefined" />
	<Point X="276" Y="470" T="undefined" />
	<Point X="276" Y="466" T="undefined" />
	<Point X="287" Y="421" T="undefined" />
	<Point X="323" Y="322" T="undefined" />
	<Point X="353" Y="254" T="undefined" />
	<Point X="388" Y="183" T="undefined" />
	<Point X="399" Y="161" T="undefined" />
	<Point X="404" Y="150" T="undefined" />
	<Point X="407" Y="145" T="undefined" />
	<Point X="407" Y="144" T="undefined" />
	<Point X="408" Y="144" T="undefined" />
	<Point X="408" Y="143" T="undefined" />
	<Point X="408" Y="143" T="undefined" />
	<Point X="409" Y="143" T="undefined" />
	<Point X="410" Y="137" T="undefined" />
	<Point X="416" Y="111" T="undefined" />
	<Point X="428" Y="71" T="undefined" />
	<Point X="436" Y="34" T="undefined" />
	<Point X="438" Y="26" T="undefined" />
	<Point X="438" Y="24" T="undefined" />
	<Point X="438" Y="23" T="undefined" />
	<Point X="438" Y="22" T="undefined" />
	<Point X="438" Y="23" T="undefined" />
	<Point X="438" Y="24" T="undefined" />
	<Point X="439" Y="24" T="undefined" />
	<Point X="439" Y="25" T="undefined" />
	<Point X="439" Y="26" T="undefined" />
</Gesture>