<?xml version="1.0" encoding="utf-8" standalone="yes"?>
<Gesture Name="Right Curly Brace1" NumPts="88">
	<Point X="238" Y="130" T="undefined" />
	<Point X="240" Y="130" T="undefined" />
	<Point X="242" Y="129" T="undefined" />
	<Point X="250" Y="127" T="undefined" />
	<Point X="257" Y="125" T="undefined" />
	<Point X="269" Y="124" T="undefined" />
	<Point X="278" Y="124" T="undefined" />
	<Point X="295" Y="124" T="undefined" />
	<Point X="308" Y="128" T="undefined" />
	<Point X="316" Y="131" T="undefined" />
	<Point X="323" Y="134" T="undefined" />
	<Point X="328" Y="138" T="undefined" />
	<Point X="330" Y="140" T="undefined" />
	<Point X="332" Y="144" T="undefined" />
	<Point X="334" Y="149" T="undefined" />
	<Point X="334" Y="153" T="undefined" />
	<Point X="334" Y="157" T="undefined" />
	<Point X="334" Y="162" T="undefined" />
	<Point X="333" Y="165" T="undefined" />
	<Point X="332" Y="168" T="undefined" />
	<Point X="328" Y="172" T="undefined" />
	<Point X="325" Y="175" T="undefined" />
	<Point X="321" Y="179" T="undefined" />
	<Point X="318" Y="183" T="undefined" />
	<Point X="314" Y="186" T="undefined" />
	<Point X="312" Y="188" T="undefined" />
	<Point X="310" Y="191" T="undefined" />
	<Point X="308" Y="194" T="undefined" />
	<Point X="306" Y="198" T="undefined" />
	<Point X="305" Y="200" T="undefined" />
	<Point X="304" Y="203" T="undefined" />
	<Point X="304" Y="206" T="undefined" />
	<Point X="304" Y="208" T="undefined" />
	<Point X="304" Y="210" T="undefined" />
	<Point X="304" Y="214" T="undefined" />
	<Point X="304" Y="217" T="undefined" />
	<Point X="305" Y="220" T="undefined" />
	<Point X="307" Y="224" T="undefined" />
	<Point X="310" Y="226" T="undefined" />
	<Point X="314" Y="229" T="undefined" />
	<Point X="318" Y="231" T="undefined" />
	<Point X="322" Y="232" T="undefined" />
	<Point X="326" Y="232" T="undefined" />
	<Point X="332" Y="234" T="undefined" />
	<Point X="334" Y="234" T="undefined" />
	<Point X="336" Y="234" T="undefined" />
	<Point X="338" Y="234" T="undefined" />
	<Point X="340" Y="234" T="undefined" />
	<Point X="342" Y="234" T="undefined" />
	<Point X="343" Y="234" T="undefined" />
	<Point X="344" Y="234" T="undefined" />
	<Point X="344" Y="234" T="undefined" />
	<Point X="345" Y="234" T="undefined" />
	<Point X="344" Y="234" T="undefined" />
	<Point X="344" Y="234" T="undefined" />
	<Point X="340" Y="234" T="undefined" />
	<Point X="334" Y="235" T="undefined" />
	<Point X="329" Y="235" T="undefined" />
	<Point X="321" Y="238" T="undefined" />
	<Point X="317" Y="240" T="undefined" />
	<Point X="314" Y="242" T="undefined" />
	<Point X="310" Y="244" T="undefined" />
	<Point X="308" Y="246" T="undefined" />
	<Point X="306" Y="248" T="undefined" />
	<Point X="305" Y="250" T="undefined" />
	<Point X="305" Y="253" T="undefined" />
	<Point X="305" Y="255" T="undefined" />
	<Point X="308" Y="258" T="undefined" />
	<Point X="312" Y="261" T="undefined" />
	<Point X="321" Y="268" T="undefined" />
	<Point X="332" Y="274" T="undefined" />
	<Point X="340" Y="280" T="undefined" />
	<Point X="350" Y="286" T="undefined" />
	<Point X="357" Y="292" T="undefined" />
	<Point X="366" Y="299" T="undefined" />
	<Point X="370" Y="307" T="undefined" />
	<Point X="374" Y="315" T="undefined" />
	<Point X="376" Y="322" T="undefined" />
	<Point X="376" Y="331" T="undefined" />
	<Point X="372" Y="336" T="undefined" />
	<Point X="360" Y="342" T="undefined" />
	<Point X="342" Y="348" T="undefined" />
	<Point X="326" Y="351" T="undefined" />
	<Point X="314" Y="352" T="undefined" />
	<Point X="308" Y="352" T="undefined" />
	<Point X="303" Y="350" T="undefined" />
	<Point X="301" Y="348" T="undefined" />
	<Point X="300" Y="344" T="undefined" />
</Gesture>