<?xml version="1.0" encoding="utf-8" standalone="yes"?>
<Gesture Name="Right Curly Brace9" NumPts="61">
	<Point X="145" Y="130" T="undefined" />
	<Point X="149" Y="130" T="undefined" />
	<Point X="156" Y="130" T="undefined" />
	<Point X="168" Y="128" T="undefined" />
	<Point X="180" Y="128" T="undefined" />
	<Point X="198" Y="129" T="undefined" />
	<Point X="208" Y="131" T="undefined" />
	<Point X="216" Y="134" T="undefined" />
	<Point X="219" Y="137" T="undefined" />
	<Point X="222" Y="140" T="undefined" />
	<Point X="223" Y="144" T="undefined" />
	<Point X="223" Y="150" T="undefined" />
	<Point X="223" Y="154" T="undefined" />
	<Point X="220" Y="160" T="undefined" />
	<Point X="216" Y="165" T="undefined" />
	<Point X="212" Y="170" T="undefined" />
	<Point X="204" Y="176" T="undefined" />
	<Point X="200" Y="180" T="undefined" />
	<Point X="194" Y="186" T="undefined" />
	<Point X="192" Y="190" T="undefined" />
	<Point X="190" Y="192" T="undefined" />
	<Point X="189" Y="198" T="undefined" />
	<Point X="188" Y="202" T="undefined" />
	<Point X="188" Y="206" T="undefined" />
	<Point X="189" Y="210" T="undefined" />
	<Point X="192" Y="214" T="undefined" />
	<Point X="196" Y="217" T="undefined" />
	<Point X="199" Y="219" T="undefined" />
	<Point X="203" Y="220" T="undefined" />
	<Point X="206" Y="220" T="undefined" />
	<Point X="211" Y="220" T="undefined" />
	<Point X="213" Y="220" T="undefined" />
	<Point X="215" Y="220" T="undefined" />
	<Point X="216" Y="220" T="undefined" />
	<Point X="217" Y="220" T="undefined" />
	<Point X="218" Y="220" T="undefined" />
	<Point X="218" Y="220" T="undefined" />
	<Point X="216" Y="220" T="undefined" />
	<Point X="216" Y="220" T="undefined" />
	<Point X="210" Y="220" T="undefined" />
	<Point X="205" Y="220" T="undefined" />
	<Point X="200" Y="222" T="undefined" />
	<Point X="195" Y="224" T="undefined" />
	<Point X="192" Y="226" T="undefined" />
	<Point X="191" Y="229" T="undefined" />
	<Point X="190" Y="234" T="undefined" />
	<Point X="192" Y="237" T="undefined" />
	<Point X="200" Y="244" T="undefined" />
	<Point X="212" Y="251" T="undefined" />
	<Point X="228" Y="261" T="undefined" />
	<Point X="257" Y="278" T="undefined" />
	<Point X="270" Y="290" T="undefined" />
	<Point X="286" Y="308" T="undefined" />
	<Point X="292" Y="319" T="undefined" />
	<Point X="294" Y="328" T="undefined" />
	<Point X="292" Y="344" T="undefined" />
	<Point X="284" Y="358" T="undefined" />
	<Point X="262" Y="375" T="undefined" />
	<Point X="232" Y="393" T="undefined" />
	<Point X="220" Y="395" T="undefined" />
	<Point X="214" Y="395" T="undefined" />
</Gesture>