<?xml version="1.0" encoding="utf-8" standalone="yes"?>
<Gesture Name="Right Curly Brace4" NumPts="67">
	<Point X="259" Y="130" T="undefined" />
	<Point X="259" Y="130" T="undefined" />
	<Point X="259" Y="130" T="undefined" />
	<Point X="259" Y="130" T="undefined" />
	<Point X="259" Y="130" T="undefined" />
	<Point X="259" Y="130" T="undefined" />
	<Point X="259" Y="130" T="undefined" />
	<Point X="260" Y="130" T="undefined" />
	<Point X="263" Y="128" T="undefined" />
	<Point X="266" Y="128" T="undefined" />
	<Point X="278" Y="128" T="undefined" />
	<Point X="288" Y="128" T="undefined" />
	<Point X="300" Y="132" T="undefined" />
	<Point X="316" Y="139" T="undefined" />
	<Point X="329" Y="150" T="undefined" />
	<Point X="342" Y="160" T="undefined" />
	<Point X="348" Y="168" T="undefined" />
	<Point X="353" Y="176" T="undefined" />
	<Point X="354" Y="180" T="undefined" />
	<Point X="354" Y="185" T="undefined" />
	<Point X="354" Y="192" T="undefined" />
	<Point X="349" Y="203" T="undefined" />
	<Point X="346" Y="209" T="undefined" />
	<Point X="334" Y="223" T="undefined" />
	<Point X="325" Y="232" T="undefined" />
	<Point X="319" Y="237" T="undefined" />
	<Point X="314" Y="243" T="undefined" />
	<Point X="312" Y="247" T="undefined" />
	<Point X="311" Y="251" T="undefined" />
	<Point X="310" Y="254" T="undefined" />
	<Point X="310" Y="256" T="undefined" />
	<Point X="310" Y="260" T="undefined" />
	<Point X="312" Y="262" T="undefined" />
	<Point X="315" Y="264" T="undefined" />
	<Point X="323" Y="265" T="undefined" />
	<Point X="330" Y="265" T="undefined" />
	<Point X="336" Y="265" T="undefined" />
	<Point X="340" Y="265" T="undefined" />
	<Point X="342" Y="265" T="undefined" />
	<Point X="343" Y="265" T="undefined" />
	<Point X="344" Y="265" T="undefined" />
	<Point X="345" Y="265" T="undefined" />
	<Point X="345" Y="264" T="undefined" />
	<Point X="344" Y="264" T="undefined" />
	<Point X="341" Y="264" T="undefined" />
	<Point X="336" Y="264" T="undefined" />
	<Point X="331" Y="265" T="undefined" />
	<Point X="325" Y="268" T="undefined" />
	<Point X="321" Y="272" T="undefined" />
	<Point X="318" Y="274" T="undefined" />
	<Point X="318" Y="276" T="undefined" />
	<Point X="318" Y="278" T="undefined" />
	<Point X="319" Y="280" T="undefined" />
	<Point X="323" Y="284" T="undefined" />
	<Point X="332" Y="292" T="undefined" />
	<Point X="344" Y="300" T="undefined" />
	<Point X="356" Y="310" T="undefined" />
	<Point X="372" Y="327" T="undefined" />
	<Point X="380" Y="340" T="undefined" />
	<Point X="385" Y="355" T="undefined" />
	<Point X="387" Y="377" T="undefined" />
	<Point X="385" Y="389" T="undefined" />
	<Point X="381" Y="398" T="undefined" />
	<Point X="367" Y="409" T="undefined" />
	<Point X="349" Y="412" T="undefined" />
	<Point X="324" Y="407" T="undefined" />
	<Point X="288" Y="390" T="undefined" />
</Gesture>