<?xml version="1.0" encoding="utf-8" standalone="yes"?>
<Gesture Name="Right Curly Brace5" NumPts="70">
	<Point X="216" Y="92" T="undefined" />
	<Point X="216" Y="92" T="undefined" />
	<Point X="220" Y="92" T="undefined" />
	<Point X="230" Y="92" T="undefined" />
	<Point X="249" Y="92" T="undefined" />
	<Point X="266" Y="92" T="undefined" />
	<Point X="279" Y="94" T="undefined" />
	<Point X="294" Y="99" T="undefined" />
	<Point X="300" Y="103" T="undefined" />
	<Point X="304" Y="106" T="undefined" />
	<Point X="308" Y="112" T="undefined" />
	<Point X="309" Y="117" T="undefined" />
	<Point X="309" Y="122" T="undefined" />
	<Point X="309" Y="131" T="undefined" />
	<Point X="306" Y="137" T="undefined" />
	<Point X="297" Y="154" T="undefined" />
	<Point X="290" Y="164" T="undefined" />
	<Point X="282" Y="176" T="undefined" />
	<Point X="270" Y="190" T="undefined" />
	<Point X="264" Y="198" T="undefined" />
	<Point X="258" Y="203" T="undefined" />
	<Point X="252" Y="209" T="undefined" />
	<Point X="248" Y="212" T="undefined" />
	<Point X="244" Y="216" T="undefined" />
	<Point X="242" Y="220" T="undefined" />
	<Point X="241" Y="222" T="undefined" />
	<Point X="240" Y="224" T="undefined" />
	<Point X="240" Y="226" T="undefined" />
	<Point X="240" Y="228" T="undefined" />
	<Point X="240" Y="230" T="undefined" />
	<Point X="240" Y="231" T="undefined" />
	<Point X="242" Y="232" T="undefined" />
	<Point X="246" Y="235" T="undefined" />
	<Point X="250" Y="236" T="undefined" />
	<Point X="254" Y="236" T="undefined" />
	<Point X="258" Y="238" T="undefined" />
	<Point X="260" Y="238" T="undefined" />
	<Point X="264" Y="238" T="undefined" />
	<Point X="265" Y="238" T="undefined" />
	<Point X="266" Y="238" T="undefined" />
	<Point X="266" Y="238" T="undefined" />
	<Point X="266" Y="238" T="undefined" />
	<Point X="262" Y="238" T="undefined" />
	<Point X="256" Y="238" T="undefined" />
	<Point X="249" Y="238" T="undefined" />
	<Point X="240" Y="241" T="undefined" />
	<Point X="236" Y="242" T="undefined" />
	<Point X="233" Y="244" T="undefined" />
	<Point X="231" Y="247" T="undefined" />
	<Point X="230" Y="249" T="undefined" />
	<Point X="229" Y="253" T="undefined" />
	<Point X="229" Y="257" T="undefined" />
	<Point X="232" Y="262" T="undefined" />
	<Point X="241" Y="269" T="undefined" />
	<Point X="253" Y="277" T="undefined" />
	<Point X="266" Y="285" T="undefined" />
	<Point X="282" Y="296" T="undefined" />
	<Point X="292" Y="302" T="undefined" />
	<Point X="302" Y="308" T="undefined" />
	<Point X="314" Y="320" T="undefined" />
	<Point X="318" Y="326" T="undefined" />
	<Point X="324" Y="336" T="undefined" />
	<Point X="325" Y="346" T="undefined" />
	<Point X="324" Y="356" T="undefined" />
	<Point X="318" Y="374" T="undefined" />
	<Point X="306" Y="386" T="undefined" />
	<Point X="290" Y="396" T="undefined" />
	<Point X="258" Y="408" T="undefined" />
	<Point X="238" Y="409" T="undefined" />
	<Point X="224" Y="406" T="undefined" />
</Gesture>