<?xml version="1.0" encoding="utf-8" standalone="yes"?>
<Gesture Name="V0" NumPts="58">
	<Point X="102" Y="144" T="undefined" />
	<Point X="102" Y="144" T="undefined" />
	<Point X="103" Y="145" T="undefined" />
	<Point X="104" Y="145" T="undefined" />
	<Point X="105" Y="148" T="undefined" />
	<Point X="107" Y="152" T="undefined" />
	<Point X="110" Y="156" T="undefined" />
	<Point X="114" Y="165" T="undefined" />
	<Point X="116" Y="174" T="undefined" />
	<Point X="119" Y="181" T="undefined" />
	<Point X="121" Y="190" T="undefined" />
	<Point X="125" Y="199" T="undefined" />
	<Point X="128" Y="206" T="undefined" />
	<Point X="133" Y="217" T="undefined" />
	<Point X="137" Y="225" T="undefined" />
	<Point X="140" Y="232" T="undefined" />
	<Point X="142" Y="237" T="undefined" />
	<Point X="146" Y="242" T="undefined" />
	<Point X="148" Y="246" T="undefined" />
	<Point X="152" Y="252" T="undefined" />
	<Point X="155" Y="256" T="undefined" />
	<Point X="158" Y="262" T="undefined" />
	<Point X="162" Y="270" T="undefined" />
	<Point X="165" Y="274" T="undefined" />
	<Point X="168" Y="279" T="undefined" />
	<Point X="171" Y="283" T="undefined" />
	<Point X="172" Y="286" T="undefined" />
	<Point X="175" Y="289" T="undefined" />
	<Point X="176" Y="291" T="undefined" />
	<Point X="180" Y="296" T="undefined" />
	<Point X="181" Y="298" T="undefined" />
	<Point X="182" Y="299" T="undefined" />
	<Point X="182" Y="300" T="undefined" />
	<Point X="183" Y="302" T="undefined" />
	<Point X="183" Y="302" T="undefined" />
	<Point X="183" Y="303" T="undefined" />
	<Point X="184" Y="302" T="undefined" />
	<Point X="184" Y="302" T="undefined" />
	<Point X="187" Y="297" T="undefined" />
	<Point X="190" Y="289" T="undefined" />
	<Point X="194" Y="278" T="undefined" />
	<Point X="198" Y="265" T="undefined" />
	<Point X="201" Y="248" T="undefined" />
	<Point X="205" Y="236" T="undefined" />
	<Point X="209" Y="224" T="undefined" />
	<Point X="214" Y="212" T="undefined" />
	<Point X="217" Y="206" T="undefined" />
	<Point X="220" Y="202" T="undefined" />
	<Point X="223" Y="197" T="undefined" />
	<Point X="226" Y="192" T="undefined" />
	<Point X="230" Y="184" T="undefined" />
	<Point X="233" Y="175" T="undefined" />
	<Point X="238" Y="167" T="undefined" />
	<Point X="241" Y="165" T="undefined" />
	<Point X="242" Y="161" T="undefined" />
	<Point X="243" Y="159" T="undefined" />
	<Point X="243" Y="158" T="undefined" />
	<Point X="243" Y="158" T="undefined" />
</Gesture>