<?xml version="1.0" encoding="utf-8" standalone="yes"?>
<Gesture Name="V3" NumPts="30">
	<Point X="162" Y="227" T="undefined" />
	<Point X="162" Y="227" T="undefined" />
	<Point X="163" Y="228" T="undefined" />
	<Point X="166" Y="234" T="undefined" />
	<Point X="175" Y="247" T="undefined" />
	<Point X="188" Y="263" T="undefined" />
	<Point X="204" Y="282" T="undefined" />
	<Point X="218" Y="302" T="undefined" />
	<Point X="238" Y="328" T="undefined" />
	<Point X="248" Y="345" T="undefined" />
	<Point X="256" Y="361" T="undefined" />
	<Point X="259" Y="372" T="undefined" />
	<Point X="263" Y="381" T="undefined" />
	<Point X="266" Y="386" T="undefined" />
	<Point X="267" Y="389" T="undefined" />
	<Point X="268" Y="390" T="undefined" />
	<Point X="268" Y="390" T="undefined" />
	<Point X="269" Y="390" T="undefined" />
	<Point X="272" Y="380" T="undefined" />
	<Point X="276" Y="367" T="undefined" />
	<Point X="282" Y="351" T="undefined" />
	<Point X="286" Y="335" T="undefined" />
	<Point X="291" Y="320" T="undefined" />
	<Point X="298" Y="303" T="undefined" />
	<Point X="316" Y="280" T="undefined" />
	<Point X="329" Y="266" T="undefined" />
	<Point X="339" Y="254" T="undefined" />
	<Point X="345" Y="247" T="undefined" />
	<Point X="348" Y="243" T="undefined" />
	<Point X="349" Y="241" T="undefined" />
</Gesture>