<?xml version="1.0" encoding="utf-8" standalone="yes"?>
<Gesture Name="V7" NumPts="48">
	<Point X="121" Y="155" T="undefined" />
	<Point X="120" Y="156" T="undefined" />
	<Point X="119" Y="157" T="undefined" />
	<Point X="118" Y="159" T="undefined" />
	<Point X="118" Y="163" T="undefined" />
	<Point X="120" Y="174" T="undefined" />
	<Point X="123" Y="179" T="undefined" />
	<Point X="125" Y="183" T="undefined" />
	<Point X="126" Y="185" T="undefined" />
	<Point X="128" Y="188" T="undefined" />
	<Point X="130" Y="193" T="undefined" />
	<Point X="130" Y="203" T="undefined" />
	<Point X="128" Y="225" T="undefined" />
	<Point X="129" Y="274" T="undefined" />
	<Point X="133" Y="299" T="undefined" />
	<Point X="143" Y="321" T="undefined" />
	<Point X="156" Y="339" T="undefined" />
	<Point X="164" Y="350" T="undefined" />
	<Point X="167" Y="353" T="undefined" />
	<Point X="168" Y="354" T="undefined" />
	<Point X="168" Y="354" T="undefined" />
	<Point X="167" Y="357" T="undefined" />
	<Point X="167" Y="359" T="undefined" />
	<Point X="166" Y="365" T="undefined" />
	<Point X="166" Y="371" T="undefined" />
	<Point X="166" Y="374" T="undefined" />
	<Point X="167" Y="376" T="undefined" />
	<Point X="168" Y="377" T="undefined" />
	<Point X="170" Y="377" T="undefined" />
	<Point X="171" Y="379" T="undefined" />
	<Point X="170" Y="379" T="undefined" />
	<Point X="169" Y="379" T="undefined" />
	<Point X="169" Y="377" T="undefined" />
	<Point X="173" Y="370" T="undefined" />
	<Point X="182" Y="357" T="undefined" />
	<Point X="198" Y="339" T="undefined" />
	<Point X="216" Y="320" T="undefined" />
	<Point X="241" Y="291" T="undefined" />
	<Point X="269" Y="263" T="undefined" />
	<Point X="296" Y="231" T="undefined" />
	<Point X="313" Y="212" T="undefined" />
	<Point X="328" Y="194" T="undefined" />
	<Point X="340" Y="181" T="undefined" />
	<Point X="345" Y="175" T="undefined" />
	<Point X="349" Y="171" T="undefined" />
	<Point X="352" Y="169" T="undefined" />
	<Point X="353" Y="168" T="undefined" />
	<Point X="358" Y="165" T="undefined" />
</Gesture>