<?xml version="1.0" encoding="utf-8" standalone="yes"?>
<Gesture Name="V8" NumPts="21">
	<Point X="208" Y="229" T="undefined" />
	<Point X="208" Y="229" T="undefined" />
	<Point X="208" Y="231" T="undefined" />
	<Point X="208" Y="232" T="undefined" />
	<Point X="210" Y="235" T="undefined" />
	<Point X="214" Y="240" T="undefined" />
	<Point X="216" Y="249" T="undefined" />
	<Point X="220" Y="262" T="undefined" />
	<Point X="223" Y="278" T="undefined" />
	<Point X="229" Y="303" T="undefined" />
	<Point X="234" Y="319" T="undefined" />
	<Point X="237" Y="330" T="undefined" />
	<Point X="240" Y="336" T="undefined" />
	<Point X="240" Y="338" T="undefined" />
	<Point X="240" Y="338" T="undefined" />
	<Point X="241" Y="337" T="undefined" />
	<Point X="244" Y="327" T="undefined" />
	<Point X="256" Y="308" T="undefined" />
	<Point X="278" Y="289" T="undefined" />
	<Point X="320" Y="254" T="undefined" />
	<Point X="368" Y="227" T="undefined" />
</Gesture>