<?xml version="1.0" encoding="utf-8" standalone="yes"?>
<Gesture Name="V9" NumPts="42">
	<Point X="163" Y="192" T="undefined" />
	<Point X="163" Y="192" T="undefined" />
	<Point X="163" Y="192" T="undefined" />
	<Point X="163" Y="193" T="undefined" />
	<Point X="165" Y="195" T="undefined" />
	<Point X="170" Y="207" T="undefined" />
	<Point X="177" Y="221" T="undefined" />
	<Point X="189" Y="237" T="undefined" />
	<Point X="200" Y="253" T="undefined" />
	<Point X="209" Y="267" T="undefined" />
	<Point X="214" Y="279" T="undefined" />
	<Point X="218" Y="289" T="undefined" />
	<Point X="222" Y="299" T="undefined" />
	<Point X="225" Y="305" T="undefined" />
	<Point X="227" Y="308" T="undefined" />
	<Point X="229" Y="311" T="undefined" />
	<Point X="231" Y="315" T="undefined" />
	<Point X="232" Y="316" T="undefined" />
	<Point X="233" Y="319" T="undefined" />
	<Point X="234" Y="321" T="undefined" />
	<Point X="235" Y="325" T="undefined" />
	<Point X="235" Y="326" T="undefined" />
	<Point X="236" Y="326" T="undefined" />
	<Point X="236" Y="327" T="undefined" />
	<Point X="236" Y="327" T="undefined" />
	<Point X="239" Y="321" T="undefined" />
	<Point X="242" Y="313" T="undefined" />
	<Point X="246" Y="303" T="undefined" />
	<Point X="249" Y="293" T="undefined" />
	<Point X="252" Y="282" T="undefined" />
	<Point X="256" Y="269" T="undefined" />
	<Point X="266" Y="250" T="undefined" />
	<Point X="278" Y="234" T="undefined" />
	<Point X="292" Y="217" T="undefined" />
	<Point X="303" Y="202" T="undefined" />
	<Point X="314" Y="189" T="undefined" />
	<Point X="322" Y="182" T="undefined" />
	<Point X="324" Y="179" T="undefined" />
	<Point X="327" Y="176" T="undefined" />
	<Point X="328" Y="173" T="undefined" />
	<Point X="329" Y="171" T="undefined" />
	<Point X="329" Y="171" T="undefined" />
</Gesture>