<?xml version="1.0" encoding="utf-8" standalone="yes"?>
<Gesture Name="Arrow2" NumPts="64">
	<Point X="112" Y="179" T="undefined" />
	<Point X="114" Y="179" T="undefined" />
	<Point X="116" Y="179" T="undefined" />
	<Point X="126" Y="178" T="undefined" />
	<Point X="141" Y="179" T="undefined" />
	<Point X="168" Y="179" T="undefined" />
	<Point X="210" Y="183" T="undefined" />
	<Point X="278" Y="194" T="undefined" />
	<Point X="306" Y="200" T="undefined" />
	<Point X="321" Y="202" T="undefined" />
	<Point X="327" Y="204" T="undefined" />
	<Point X="332" Y="204" T="undefined" />
	<Point X="334" Y="204" T="undefined" />
	<Point X="336" Y="204" T="undefined" />
	<Point X="337" Y="204" T="undefined" />
	<Point X="338" Y="204" T="undefined" />
	<Point X="339" Y="204" T="undefined" />
	<Point X="339" Y="204" T="undefined" />
	<Point X="339" Y="202" T="undefined" />
	<Point X="336" Y="198" T="undefined" />
	<Point X="328" Y="188" T="undefined" />
	<Point X="315" Y="178" T="undefined" />
	<Point X="296" Y="163" T="undefined" />
	<Point X="282" Y="152" T="undefined" />
	<Point X="274" Y="145" T="undefined" />
	<Point X="270" Y="142" T="undefined" />
	<Point X="266" Y="138" T="undefined" />
	<Point X="266" Y="137" T="undefined" />
	<Point X="265" Y="136" T="undefined" />
	<Point X="265" Y="135" T="undefined" />
	<Point X="268" Y="138" T="undefined" />
	<Point X="274" Y="142" T="undefined" />
	<Point X="288" Y="154" T="undefined" />
	<Point X="304" Y="166" T="undefined" />
	<Point X="324" Y="179" T="undefined" />
	<Point X="338" Y="190" T="undefined" />
	<Point X="348" Y="197" T="undefined" />
	<Point X="352" Y="200" T="undefined" />
	<Point X="355" Y="202" T="undefined" />
	<Point X="357" Y="203" T="undefined" />
	<Point X="358" Y="204" T="undefined" />
	<Point X="358" Y="204" T="undefined" />
	<Point X="359" Y="204" T="undefined" />
	<Point X="359" Y="206" T="undefined" />
	<Point X="360" Y="206" T="undefined" />
	<Point X="361" Y="208" T="undefined" />
	<Point X="362" Y="211" T="undefined" />
	<Point X="364" Y="212" T="undefined" />
	<Point X="365" Y="214" T="undefined" />
	<Point X="365" Y="216" T="undefined" />
	<Point X="365" Y="216" T="undefined" />
	<Point X="365" Y="217" T="undefined" />
	<Point X="364" Y="218" T="undefined" />
	<Point X="359" Y="222" T="undefined" />
	<Point X="346" Y="228" T="undefined" />
	<Point X="328" Y="241" T="undefined" />
	<Point X="314" Y="252" T="undefined" />
	<Point X="305" Y="261" T="undefined" />
	<Point X="299" Y="268" T="undefined" />
	<Point X="298" Y="270" T="undefined" />
	<Point X="296" Y="271" T="undefined" />
	<Point X="296" Y="272" T="undefined" />
	<Point X="296" Y="273" T="undefined" />
	<Point X="296" Y="273" T="undefined" />
</Gesture>