<?xml version="1.0" encoding="utf-8" standalone="yes"?>
<Gesture Name="Arrow6" NumPts="41">
	<Point X="92" Y="243" T="undefined" />
	<Point X="112" Y="242" T="undefined" />
	<Point X="152" Y="236" T="undefined" />
	<Point X="234" Y="224" T="undefined" />
	<Point X="330" Y="206" T="undefined" />
	<Point X="357" Y="201" T="undefined" />
	<Point X="371" Y="197" T="undefined" />
	<Point X="377" Y="195" T="undefined" />
	<Point X="378" Y="195" T="undefined" />
	<Point X="379" Y="195" T="undefined" />
	<Point X="379" Y="194" T="undefined" />
	<Point X="379" Y="194" T="undefined" />
	<Point X="374" Y="191" T="undefined" />
	<Point X="362" Y="186" T="undefined" />
	<Point X="339" Y="178" T="undefined" />
	<Point X="286" Y="160" T="undefined" />
	<Point X="258" Y="151" T="undefined" />
	<Point X="242" Y="145" T="undefined" />
	<Point X="232" Y="142" T="undefined" />
	<Point X="229" Y="141" T="undefined" />
	<Point X="227" Y="141" T="undefined" />
	<Point X="226" Y="141" T="undefined" />
	<Point X="230" Y="141" T="undefined" />
	<Point X="236" Y="143" T="undefined" />
	<Point X="274" Y="153" T="undefined" />
	<Point X="326" Y="167" T="undefined" />
	<Point X="368" Y="176" T="undefined" />
	<Point X="401" Y="186" T="undefined" />
	<Point X="410" Y="190" T="undefined" />
	<Point X="416" Y="191" T="undefined" />
	<Point X="418" Y="192" T="undefined" />
	<Point X="419" Y="192" T="undefined" />
	<Point X="420" Y="194" T="undefined" />
	<Point X="420" Y="197" T="undefined" />
	<Point X="420" Y="202" T="undefined" />
	<Point X="417" Y="213" T="undefined" />
	<Point X="413" Y="226" T="undefined" />
	<Point X="406" Y="244" T="undefined" />
	<Point X="396" Y="265" T="undefined" />
	<Point X="393" Y="270" T="undefined" />
	<Point X="392" Y="273" T="undefined" />
</Gesture>