<?xml version="1.0" encoding="utf-8" standalone="yes"?>
<Gesture Name="Star9" NumPts="61">
	<Point X="75" Y="310" T="undefined" />
	<Point X="77" Y="304" T="undefined" />
	<Point X="88" Y="278" T="undefined" />
	<Point X="96" Y="247" T="undefined" />
	<Point X="104" Y="214" T="undefined" />
	<Point X="113" Y="175" T="undefined" />
	<Point X="119" Y="155" T="undefined" />
	<Point X="126" Y="138" T="undefined" />
	<Point X="128" Y="132" T="undefined" />
	<Point X="130" Y="130" T="undefined" />
	<Point X="132" Y="129" T="undefined" />
	<Point X="134" Y="130" T="undefined" />
	<Point X="136" Y="133" T="undefined" />
	<Point X="141" Y="143" T="undefined" />
	<Point X="146" Y="157" T="undefined" />
	<Point X="153" Y="180" T="undefined" />
	<Point X="170" Y="241" T="undefined" />
	<Point X="179" Y="286" T="undefined" />
	<Point X="192" Y="334" T="undefined" />
	<Point X="200" Y="360" T="undefined" />
	<Point X="207" Y="381" T="undefined" />
	<Point X="214" Y="397" T="undefined" />
	<Point X="215" Y="400" T="undefined" />
	<Point X="216" Y="402" T="undefined" />
	<Point X="216" Y="402" T="undefined" />
	<Point X="216" Y="402" T="undefined" />
	<Point X="209" Y="390" T="undefined" />
	<Point X="181" Y="352" T="undefined" />
	<Point X="124" Y="292" T="undefined" />
	<Point X="62" Y="244" T="undefined" />
	<Point X="42" Y="230" T="undefined" />
	<Point X="27" Y="222" T="undefined" />
	<Point X="12" Y="214" T="undefined" />
	<Point X="7" Y="212" T="undefined" />
	<Point X="2" Y="209" T="undefined" />
	<Point X="-2" Y="207" T="undefined" />
	<Point X="3" Y="200" T="undefined" />
	<Point X="24" Y="192" T="undefined" />
	<Point X="100" Y="177" T="undefined" />
	<Point X="160" Y="174" T="undefined" />
	<Point X="225" Y="174" T="undefined" />
	<Point X="249" Y="176" T="undefined" />
	<Point X="262" Y="176" T="undefined" />
	<Point X="272" Y="176" T="undefined" />
	<Point X="274" Y="176" T="undefined" />
	<Point X="278" Y="174" T="undefined" />
	<Point X="280" Y="174" T="undefined" />
	<Point X="283" Y="174" T="undefined" />
	<Point X="284" Y="175" T="undefined" />
	<Point X="284" Y="176" T="undefined" />
	<Point X="284" Y="178" T="undefined" />
	<Point X="272" Y="192" T="undefined" />
	<Point X="226" Y="230" T="undefined" />
	<Point X="146" Y="290" T="undefined" />
	<Point X="75" Y="336" T="undefined" />
	<Point X="52" Y="350" T="undefined" />
	<Point X="42" Y="356" T="undefined" />
	<Point X="38" Y="358" T="undefined" />
	<Point X="37" Y="358" T="undefined" />
	<Point X="37" Y="358" T="undefined" />
	<Point X="38" Y="358" T="undefined" />
</Gesture>