<?xml version="1.0" encoding="utf-8" standalone="yes"?>
<Gesture Name="Star1" NumPts="83">
	<Point X="115" Y="334" T="undefined" />
	<Point X="115" Y="333" T="undefined" />
	<Point X="120" Y="325" T="undefined" />
	<Point X="126" Y="313" T="undefined" />
	<Point X="164" Y="248" T="undefined" />
	<Point X="182" Y="211" T="undefined" />
	<Point X="194" Y="181" T="undefined" />
	<Point X="204" Y="154" T="undefined" />
	<Point X="215" Y="124" T="undefined" />
	<Point X="226" Y="98" T="undefined" />
	<Point X="234" Y="76" T="undefined" />
	<Point X="239" Y="64" T="undefined" />
	<Point X="240" Y="62" T="undefined" />
	<Point X="241" Y="61" T="undefined" />
	<Point X="242" Y="61" T="undefined" />
	<Point X="242" Y="62" T="undefined" />
	<Point X="243" Y="64" T="undefined" />
	<Point X="246" Y="72" T="undefined" />
	<Point X="252" Y="92" T="undefined" />
	<Point X="266" Y="162" T="undefined" />
	<Point X="272" Y="187" T="undefined" />
	<Point X="282" Y="236" T="undefined" />
	<Point X="286" Y="264" T="undefined" />
	<Point X="289" Y="285" T="undefined" />
	<Point X="292" Y="300" T="undefined" />
	<Point X="294" Y="309" T="undefined" />
	<Point X="295" Y="316" T="undefined" />
	<Point X="295" Y="318" T="undefined" />
	<Point X="297" Y="324" T="undefined" />
	<Point X="298" Y="326" T="undefined" />
	<Point X="298" Y="330" T="undefined" />
	<Point X="298" Y="333" T="undefined" />
	<Point X="298" Y="334" T="undefined" />
	<Point X="298" Y="335" T="undefined" />
	<Point X="297" Y="334" T="undefined" />
	<Point X="294" Y="331" T="undefined" />
	<Point X="262" Y="304" T="undefined" />
	<Point X="191" Y="244" T="undefined" />
	<Point X="140" Y="204" T="undefined" />
	<Point X="113" Y="184" T="undefined" />
	<Point X="98" Y="174" T="undefined" />
	<Point X="90" Y="168" T="undefined" />
	<Point X="86" Y="164" T="undefined" />
	<Point X="83" Y="162" T="undefined" />
	<Point X="82" Y="160" T="undefined" />
	<Point X="80" Y="158" T="undefined" />
	<Point X="80" Y="158" T="undefined" />
	<Point X="79" Y="157" T="undefined" />
	<Point X="78" Y="156" T="undefined" />
	<Point X="77" Y="155" T="undefined" />
	<Point X="76" Y="154" T="undefined" />
	<Point X="76" Y="153" T="undefined" />
	<Point X="76" Y="152" T="undefined" />
	<Point X="76" Y="152" T="undefined" />
	<Point X="80" Y="151" T="undefined" />
	<Point X="92" Y="150" T="undefined" />
	<Point X="134" Y="147" T="undefined" />
	<Point X="210" Y="143" T="undefined" />
	<Point X="268" Y="138" T="undefined" />
	<Point X="307" Y="134" T="undefined" />
	<Point X="331" Y="132" T="undefined" />
	<Point X="344" Y="131" T="undefined" />
	<Point X="350" Y="130" T="undefined" />
	<Point X="356" Y="130" T="undefined" />
	<Point X="360" Y="130" T="undefined" />
	<Point X="362" Y="130" T="undefined" />
	<Point X="363" Y="130" T="undefined" />
	<Point X="364" Y="130" T="undefined" />
	<Point X="364" Y="130" T="undefined" />
	<Point X="365" Y="130" T="undefined" />
	<Point X="365" Y="131" T="undefined" />
	<Point X="365" Y="132" T="undefined" />
	<Point X="364" Y="133" T="undefined" />
	<Point X="346" Y="152" T="undefined" />
	<Point X="284" Y="208" T="undefined" />
	<Point X="198" Y="284" T="undefined" />
	<Point X="128" Y="332" T="undefined" />
	<Point X="89" Y="358" T="undefined" />
	<Point X="70" Y="368" T="undefined" />
	<Point X="64" Y="371" T="undefined" />
	<Point X="62" Y="372" T="undefined" />
	<Point X="62" Y="373" T="undefined" />
	<Point X="62" Y="372" T="undefined" />
</Gesture>