<?xml version="1.0" encoding="utf-8" standalone="yes"?>
<Gesture Name="Star3" NumPts="59">
	<Point X="51" Y="297" T="undefined" />
	<Point X="53" Y="295" T="undefined" />
	<Point X="59" Y="288" T="undefined" />
	<Point X="72" Y="273" T="undefined" />
	<Point X="113" Y="217" T="undefined" />
	<Point X="168" Y="127" T="undefined" />
	<Point X="180" Y="102" T="undefined" />
	<Point X="204" Y="56" T="undefined" />
	<Point X="212" Y="41" T="undefined" />
	<Point X="218" Y="34" T="undefined" />
	<Point X="221" Y="30" T="undefined" />
	<Point X="224" Y="30" T="undefined" />
	<Point X="228" Y="30" T="undefined" />
	<Point X="233" Y="34" T="undefined" />
	<Point X="240" Y="44" T="undefined" />
	<Point X="254" Y="68" T="undefined" />
	<Point X="276" Y="121" T="undefined" />
	<Point X="304" Y="183" T="undefined" />
	<Point X="326" Y="237" T="undefined" />
	<Point X="341" Y="276" T="undefined" />
	<Point X="352" Y="302" T="undefined" />
	<Point X="354" Y="308" T="undefined" />
	<Point X="354" Y="310" T="undefined" />
	<Point X="354" Y="312" T="undefined" />
	<Point X="353" Y="311" T="undefined" />
	<Point X="339" Y="304" T="undefined" />
	<Point X="289" Y="273" T="undefined" />
	<Point X="206" Y="227" T="undefined" />
	<Point X="148" Y="205" T="undefined" />
	<Point X="96" Y="193" T="undefined" />
	<Point X="85" Y="192" T="undefined" />
	<Point X="56" Y="190" T="undefined" />
	<Point X="42" Y="187" T="undefined" />
	<Point X="35" Y="186" T="undefined" />
	<Point X="30" Y="182" T="undefined" />
	<Point X="26" Y="179" T="undefined" />
	<Point X="25" Y="175" T="undefined" />
	<Point X="28" Y="168" T="undefined" />
	<Point X="41" Y="155" T="undefined" />
	<Point X="82" Y="138" T="undefined" />
	<Point X="152" Y="122" T="undefined" />
	<Point X="214" Y="117" T="undefined" />
	<Point X="293" Y="118" T="undefined" />
	<Point X="311" Y="119" T="undefined" />
	<Point X="356" Y="120" T="undefined" />
	<Point X="370" Y="120" T="undefined" />
	<Point X="379" Y="120" T="undefined" />
	<Point X="383" Y="120" T="undefined" />
	<Point X="384" Y="120" T="undefined" />
	<Point X="385" Y="120" T="undefined" />
	<Point X="384" Y="122" T="undefined" />
	<Point X="382" Y="124" T="undefined" />
	<Point X="365" Y="139" T="undefined" />
	<Point X="284" Y="198" T="undefined" />
	<Point X="194" Y="260" T="undefined" />
	<Point X="108" Y="318" T="undefined" />
	<Point X="81" Y="334" T="undefined" />
	<Point X="68" Y="345" T="undefined" />
	<Point X="63" Y="348" T="undefined" />
</Gesture>