<?xml version="1.0" encoding="utf-8" standalone="yes"?>
<Gesture Name="Star6" NumPts="84">
	<Point X="110" Y="312" T="undefined" />
	<Point X="116" Y="297" T="undefined" />
	<Point X="135" Y="262" T="undefined" />
	<Point X="168" Y="188" T="undefined" />
	<Point X="183" Y="154" T="undefined" />
	<Point X="191" Y="130" T="undefined" />
	<Point X="194" Y="121" T="undefined" />
	<Point X="195" Y="116" T="undefined" />
	<Point X="196" Y="114" T="undefined" />
	<Point X="196" Y="113" T="undefined" />
	<Point X="197" Y="113" T="undefined" />
	<Point X="198" Y="113" T="undefined" />
	<Point X="201" Y="114" T="undefined" />
	<Point X="204" Y="120" T="undefined" />
	<Point X="220" Y="148" T="undefined" />
	<Point X="234" Y="190" T="undefined" />
	<Point X="248" Y="228" T="undefined" />
	<Point X="265" Y="280" T="undefined" />
	<Point X="274" Y="308" T="undefined" />
	<Point X="285" Y="331" T="undefined" />
	<Point X="292" Y="347" T="undefined" />
	<Point X="295" Y="352" T="undefined" />
	<Point X="296" Y="354" T="undefined" />
	<Point X="296" Y="354" T="undefined" />
	<Point X="296" Y="353" T="undefined" />
	<Point X="290" Y="347" T="undefined" />
	<Point X="222" Y="298" T="undefined" />
	<Point X="136" Y="252" T="undefined" />
	<Point X="77" Y="221" T="undefined" />
	<Point X="28" Y="200" T="undefined" />
	<Point X="10" Y="194" T="undefined" />
	<Point X="0" Y="190" T="undefined" />
	<Point X="-2" Y="189" T="undefined" />
	<Point X="-2" Y="188" T="undefined" />
	<Point X="-2" Y="188" T="undefined" />
	<Point X="1" Y="187" T="undefined" />
	<Point X="6" Y="186" T="undefined" />
	<Point X="38" Y="186" T="undefined" />
	<Point X="94" Y="185" T="undefined" />
	<Point X="178" Y="185" T="undefined" />
	<Point X="222" Y="185" T="undefined" />
	<Point X="252" Y="185" T="undefined" />
	<Point X="273" Y="185" T="undefined" />
	<Point X="279" Y="185" T="undefined" />
	<Point X="282" Y="185" T="undefined" />
	<Point X="284" Y="185" T="undefined" />
	<Point X="284" Y="185" T="undefined" />
	<Point X="285" Y="185" T="undefined" />
	<Point X="286" Y="185" T="undefined" />
	<Point X="286" Y="186" T="undefined" />
	<Point X="286" Y="186" T="undefined" />
	<Point X="286" Y="187" T="undefined" />
	<Point X="285" Y="188" T="undefined" />
	<Point X="276" Y="195" T="undefined" />
	<Point X="254" Y="215" T="undefined" />
	<Point X="212" Y="250" T="undefined" />
	<Point X="170" Y="285" T="undefined" />
	<Point X="160" Y="295" T="undefined" />
	<Point X="156" Y="300" T="undefined" />
	<Point X="152" Y="302" T="undefined" />
	<Point X="152" Y="302" T="undefined" />
	<Point X="152" Y="303" T="undefined" />
	<Point X="151" Y="304" T="undefined" />
	<Point X="151" Y="304" T="undefined" />
	<Point X="150" Y="304" T="undefined" />
	<Point X="148" Y="305" T="undefined" />
	<Point X="143" Y="307" T="undefined" />
	<Point X="138" Y="308" T="undefined" />
	<Point X="134" Y="309" T="undefined" />
	<Point X="131" Y="310" T="undefined" />
	<Point X="129" Y="310" T="undefined" />
	<Point X="128" Y="310" T="undefined" />
	<Point X="127" Y="310" T="undefined" />
	<Point X="126" Y="310" T="undefined" />
	<Point X="126" Y="310" T="undefined" />
	<Point X="125" Y="310" T="undefined" />
	<Point X="124" Y="310" T="undefined" />
	<Point X="124" Y="310" T="undefined" />
	<Point X="123" Y="310" T="undefined" />
	<Point X="121" Y="310" T="undefined" />
	<Point X="119" Y="310" T="undefined" />
	<Point X="117" Y="310" T="undefined" />
	<Point X="116" Y="310" T="undefined" />
	<Point X="115" Y="310" T="undefined" />
</Gesture>