<?xml version="1.0" encoding="utf-8" standalone="yes"?>
<Gesture Name="Star8" NumPts="61">
	<Point X="126" Y="216" T="undefined" />
	<Point X="131" Y="206" T="undefined" />
	<Point X="141" Y="188" T="undefined" />
	<Point X="171" Y="134" T="undefined" />
	<Point X="203" Y="77" T="undefined" />
	<Point X="233" Y="20" T="undefined" />
	<Point X="240" Y="6" T="undefined" />
	<Point X="244" Y="0" T="undefined" />
	<Point X="244" Y="1" T="undefined" />
	<Point X="244" Y="5" T="undefined" />
	<Point X="246" Y="20" T="undefined" />
	<Point X="251" Y="46" T="undefined" />
	<Point X="265" Y="108" T="undefined" />
	<Point X="272" Y="144" T="undefined" />
	<Point X="280" Y="173" T="undefined" />
	<Point X="290" Y="204" T="undefined" />
	<Point X="295" Y="220" T="undefined" />
	<Point X="300" Y="236" T="undefined" />
	<Point X="307" Y="254" T="undefined" />
	<Point X="311" Y="264" T="undefined" />
	<Point X="312" Y="268" T="undefined" />
	<Point X="313" Y="270" T="undefined" />
	<Point X="313" Y="271" T="undefined" />
	<Point X="312" Y="270" T="undefined" />
	<Point X="306" Y="265" T="undefined" />
	<Point X="280" Y="236" T="undefined" />
	<Point X="174" Y="141" T="undefined" />
	<Point X="125" Y="106" T="undefined" />
	<Point X="99" Y="92" T="undefined" />
	<Point X="76" Y="82" T="undefined" />
	<Point X="71" Y="81" T="undefined" />
	<Point X="69" Y="80" T="undefined" />
	<Point X="68" Y="79" T="undefined" />
	<Point X="69" Y="79" T="undefined" />
	<Point X="74" Y="78" T="undefined" />
	<Point X="100" Y="74" T="undefined" />
	<Point X="142" Y="68" T="undefined" />
	<Point X="204" Y="60" T="undefined" />
	<Point X="264" Y="58" T="undefined" />
	<Point X="292" Y="59" T="undefined" />
	<Point X="312" Y="60" T="undefined" />
	<Point X="326" Y="60" T="undefined" />
	<Point X="331" Y="60" T="undefined" />
	<Point X="334" Y="60" T="undefined" />
	<Point X="338" Y="60" T="undefined" />
	<Point X="340" Y="60" T="undefined" />
	<Point X="342" Y="61" T="undefined" />
	<Point X="344" Y="62" T="undefined" />
	<Point X="344" Y="62" T="undefined" />
	<Point X="344" Y="63" T="undefined" />
	<Point X="344" Y="64" T="undefined" />
	<Point X="342" Y="67" T="undefined" />
	<Point X="316" Y="90" T="undefined" />
	<Point X="236" Y="152" T="undefined" />
	<Point X="167" Y="206" T="undefined" />
	<Point X="117" Y="240" T="undefined" />
	<Point X="103" Y="246" T="undefined" />
	<Point X="97" Y="248" T="undefined" />
	<Point X="96" Y="248" T="undefined" />
	<Point X="96" Y="248" T="undefined" />
	<Point X="96" Y="246" T="undefined" />
</Gesture>