<?xml version="1.0" encoding="utf-8" standalone="yes"?>
<Gesture Name="Star4" NumPts="63">
	<Point X="102" Y="314" T="undefined" />
	<Point X="102" Y="314" T="undefined" />
	<Point X="103" Y="314" T="undefined" />
	<Point X="106" Y="308" T="undefined" />
	<Point X="111" Y="300" T="undefined" />
	<Point X="147" Y="239" T="undefined" />
	<Point X="163" Y="205" T="undefined" />
	<Point X="206" Y="120" T="undefined" />
	<Point X="220" Y="93" T="undefined" />
	<Point X="227" Y="82" T="undefined" />
	<Point X="228" Y="78" T="undefined" />
	<Point X="229" Y="76" T="undefined" />
	<Point X="230" Y="76" T="undefined" />
	<Point X="231" Y="76" T="undefined" />
	<Point X="234" Y="80" T="undefined" />
	<Point X="236" Y="84" T="undefined" />
	<Point X="246" Y="111" T="undefined" />
	<Point X="257" Y="141" T="undefined" />
	<Point X="272" Y="187" T="undefined" />
	<Point X="281" Y="212" T="undefined" />
	<Point X="287" Y="229" T="undefined" />
	<Point X="292" Y="243" T="undefined" />
	<Point X="294" Y="246" T="undefined" />
	<Point X="294" Y="248" T="undefined" />
	<Point X="294" Y="250" T="undefined" />
	<Point X="292" Y="250" T="undefined" />
	<Point X="283" Y="244" T="undefined" />
	<Point X="193" Y="200" T="undefined" />
	<Point X="122" Y="169" T="undefined" />
	<Point X="80" Y="158" T="undefined" />
	<Point X="48" Y="149" T="undefined" />
	<Point X="41" Y="148" T="undefined" />
	<Point X="39" Y="148" T="undefined" />
	<Point X="38" Y="147" T="undefined" />
	<Point X="38" Y="146" T="undefined" />
	<Point X="39" Y="146" T="undefined" />
	<Point X="42" Y="145" T="undefined" />
	<Point X="47" Y="143" T="undefined" />
	<Point X="84" Y="132" T="undefined" />
	<Point X="131" Y="124" T="undefined" />
	<Point X="206" Y="119" T="undefined" />
	<Point X="245" Y="119" T="undefined" />
	<Point X="274" Y="121" T="undefined" />
	<Point X="297" Y="122" T="undefined" />
	<Point X="301" Y="122" T="undefined" />
	<Point X="303" Y="122" T="undefined" />
	<Point X="305" Y="122" T="undefined" />
	<Point X="305" Y="123" T="undefined" />
	<Point X="306" Y="124" T="undefined" />
	<Point X="306" Y="127" T="undefined" />
	<Point X="305" Y="134" T="undefined" />
	<Point X="297" Y="145" T="undefined" />
	<Point X="245" Y="197" T="undefined" />
	<Point X="212" Y="226" T="undefined" />
	<Point X="187" Y="249" T="undefined" />
	<Point X="159" Y="275" T="undefined" />
	<Point X="150" Y="282" T="undefined" />
	<Point X="144" Y="288" T="undefined" />
	<Point X="142" Y="288" T="undefined" />
	<Point X="141" Y="289" T="undefined" />
	<Point X="140" Y="290" T="undefined" />
	<Point X="140" Y="290" T="undefined" />
	<Point X="140" Y="290" T="undefined" />
</Gesture>