<?xml version="1.0" encoding="utf-8" standalone="yes"?>
<Gesture Name="Right Square Bracket3" NumPts="55">
	<Point X="212" Y="158" T="undefined" />
	<Point X="212" Y="158" T="undefined" />
	<Point X="213" Y="159" T="undefined" />
	<Point X="216" Y="162" T="undefined" />
	<Point X="221" Y="165" T="undefined" />
	<Point X="230" Y="170" T="undefined" />
	<Point X="238" Y="173" T="undefined" />
	<Point X="247" Y="176" T="undefined" />
	<Point X="257" Y="179" T="undefined" />
	<Point X="265" Y="181" T="undefined" />
	<Point X="270" Y="181" T="undefined" />
	<Point X="272" Y="182" T="undefined" />
	<Point X="274" Y="182" T="undefined" />
	<Point X="274" Y="183" T="undefined" />
	<Point X="275" Y="183" T="undefined" />
	<Point X="275" Y="184" T="undefined" />
	<Point X="276" Y="186" T="undefined" />
	<Point X="278" Y="195" T="undefined" />
	<Point X="280" Y="207" T="undefined" />
	<Point X="284" Y="218" T="undefined" />
	<Point X="286" Y="233" T="undefined" />
	<Point X="290" Y="249" T="undefined" />
	<Point X="294" Y="261" T="undefined" />
	<Point X="300" Y="284" T="undefined" />
	<Point X="305" Y="301" T="undefined" />
	<Point X="308" Y="314" T="undefined" />
	<Point X="311" Y="328" T="undefined" />
	<Point X="312" Y="338" T="undefined" />
	<Point X="314" Y="347" T="undefined" />
	<Point X="314" Y="353" T="undefined" />
	<Point X="314" Y="358" T="undefined" />
	<Point X="314" Y="366" T="undefined" />
	<Point X="314" Y="372" T="undefined" />
	<Point X="314" Y="376" T="undefined" />
	<Point X="315" Y="381" T="undefined" />
	<Point X="315" Y="383" T="undefined" />
	<Point X="316" Y="386" T="undefined" />
	<Point X="316" Y="389" T="undefined" />
	<Point X="316" Y="391" T="undefined" />
	<Point X="316" Y="393" T="undefined" />
	<Point X="315" Y="394" T="undefined" />
	<Point X="315" Y="395" T="undefined" />
	<Point X="314" Y="395" T="undefined" />
	<Point X="313" Y="395" T="undefined" />
	<Point X="311" Y="395" T="undefined" />
	<Point X="306" Y="395" T="undefined" />
	<Point X="299" Y="395" T="undefined" />
	<Point X="288" Y="396" T="undefined" />
	<Point X="282" Y="399" T="undefined" />
	<Point X="276" Y="400" T="undefined" />
	<Point X="274" Y="402" T="undefined" />
	<Point X="271" Y="404" T="undefined" />
	<Point X="269" Y="404" T="undefined" />
	<Point X="267" Y="405" T="undefined" />
	<Point X="266" Y="406" T="undefined" />
</Gesture>