<?xml version="1.0" encoding="utf-8" standalone="yes"?>
<Gesture Name="Right Square Bracket8" NumPts="48">
	<Point X="177" Y="133" T="undefined" />
	<Point X="177" Y="133" T="undefined" />
	<Point X="182" Y="135" T="undefined" />
	<Point X="191" Y="139" T="undefined" />
	<Point X="206" Y="143" T="undefined" />
	<Point X="223" Y="146" T="undefined" />
	<Point X="238" Y="150" T="undefined" />
	<Point X="252" Y="153" T="undefined" />
	<Point X="265" Y="155" T="undefined" />
	<Point X="270" Y="155" T="undefined" />
	<Point X="270" Y="155" T="undefined" />
	<Point X="271" Y="155" T="undefined" />
	<Point X="272" Y="156" T="undefined" />
	<Point X="273" Y="159" T="undefined" />
	<Point X="276" Y="165" T="undefined" />
	<Point X="279" Y="177" T="undefined" />
	<Point X="281" Y="190" T="undefined" />
	<Point X="284" Y="207" T="undefined" />
	<Point X="288" Y="225" T="undefined" />
	<Point X="292" Y="241" T="undefined" />
	<Point X="296" Y="262" T="undefined" />
	<Point X="298" Y="275" T="undefined" />
	<Point X="298" Y="287" T="undefined" />
	<Point X="300" Y="298" T="undefined" />
	<Point X="302" Y="309" T="undefined" />
	<Point X="305" Y="322" T="undefined" />
	<Point X="309" Y="335" T="undefined" />
	<Point X="313" Y="355" T="undefined" />
	<Point X="316" Y="367" T="undefined" />
	<Point X="316" Y="377" T="undefined" />
	<Point X="316" Y="387" T="undefined" />
	<Point X="316" Y="394" T="undefined" />
	<Point X="316" Y="399" T="undefined" />
	<Point X="316" Y="401" T="undefined" />
	<Point X="316" Y="405" T="undefined" />
	<Point X="315" Y="407" T="undefined" />
	<Point X="314" Y="409" T="undefined" />
	<Point X="314" Y="410" T="undefined" />
	<Point X="313" Y="410" T="undefined" />
	<Point X="312" Y="410" T="undefined" />
	<Point X="310" Y="411" T="undefined" />
	<Point X="306" Y="413" T="undefined" />
	<Point X="296" Y="416" T="undefined" />
	<Point X="272" Y="420" T="undefined" />
	<Point X="255" Y="425" T="undefined" />
	<Point X="247" Y="428" T="undefined" />
	<Point X="244" Y="432" T="undefined" />
	<Point X="245" Y="434" T="undefined" />
</Gesture>