<?xml version="1.0" encoding="utf-8" standalone="yes"?>
<Gesture Name="Right Square Bracket4" NumPts="47">
	<Point X="180" Y="126" T="undefined" />
	<Point X="182" Y="127" T="undefined" />
	<Point X="184" Y="129" T="undefined" />
	<Point X="187" Y="131" T="undefined" />
	<Point X="191" Y="133" T="undefined" />
	<Point X="195" Y="135" T="undefined" />
	<Point X="201" Y="137" T="undefined" />
	<Point X="216" Y="140" T="undefined" />
	<Point X="227" Y="142" T="undefined" />
	<Point X="238" Y="142" T="undefined" />
	<Point X="248" Y="142" T="undefined" />
	<Point X="259" Y="142" T="undefined" />
	<Point X="268" Y="141" T="undefined" />
	<Point X="271" Y="141" T="undefined" />
	<Point X="274" Y="141" T="undefined" />
	<Point X="274" Y="140" T="undefined" />
	<Point X="275" Y="140" T="undefined" />
	<Point X="276" Y="140" T="undefined" />
	<Point X="277" Y="141" T="undefined" />
	<Point X="280" Y="148" T="undefined" />
	<Point X="285" Y="161" T="undefined" />
	<Point X="290" Y="175" T="undefined" />
	<Point X="294" Y="191" T="undefined" />
	<Point X="298" Y="209" T="undefined" />
	<Point X="304" Y="234" T="undefined" />
	<Point X="307" Y="251" T="undefined" />
	<Point X="307" Y="263" T="undefined" />
	<Point X="307" Y="273" T="undefined" />
	<Point X="306" Y="282" T="undefined" />
	<Point X="306" Y="288" T="undefined" />
	<Point X="304" Y="293" T="undefined" />
	<Point X="302" Y="299" T="undefined" />
	<Point X="301" Y="304" T="undefined" />
	<Point X="300" Y="308" T="undefined" />
	<Point X="300" Y="311" T="undefined" />
	<Point X="300" Y="314" T="undefined" />
	<Point X="300" Y="316" T="undefined" />
	<Point X="299" Y="316" T="undefined" />
	<Point X="298" Y="317" T="undefined" />
	<Point X="297" Y="317" T="undefined" />
	<Point X="296" Y="317" T="undefined" />
	<Point X="291" Y="317" T="undefined" />
	<Point X="277" Y="319" T="undefined" />
	<Point X="260" Y="319" T="undefined" />
	<Point X="232" Y="315" T="undefined" />
	<Point X="219" Y="312" T="undefined" />
	<Point X="216" Y="312" T="undefined" />
</Gesture>