<?xml version="1.0" encoding="utf-8" standalone="yes"?>
<Gesture Name="Right Square Bracket6" NumPts="46">
	<Point X="153" Y="149" T="undefined" />
	<Point X="153" Y="149" T="undefined" />
	<Point X="160" Y="152" T="undefined" />
	<Point X="174" Y="156" T="undefined" />
	<Point X="198" Y="160" T="undefined" />
	<Point X="219" Y="163" T="undefined" />
	<Point X="240" Y="166" T="undefined" />
	<Point X="258" Y="167" T="undefined" />
	<Point X="272" Y="167" T="undefined" />
	<Point X="274" Y="167" T="undefined" />
	<Point X="275" Y="167" T="undefined" />
	<Point X="276" Y="167" T="undefined" />
	<Point X="277" Y="168" T="undefined" />
	<Point X="278" Y="170" T="undefined" />
	<Point X="280" Y="179" T="undefined" />
	<Point X="285" Y="197" T="undefined" />
	<Point X="287" Y="204" T="undefined" />
	<Point X="291" Y="228" T="undefined" />
	<Point X="294" Y="245" T="undefined" />
	<Point X="299" Y="263" T="undefined" />
	<Point X="302" Y="280" T="undefined" />
	<Point X="306" Y="294" T="undefined" />
	<Point X="309" Y="308" T="undefined" />
	<Point X="311" Y="321" T="undefined" />
	<Point X="312" Y="333" T="undefined" />
	<Point X="312" Y="344" T="undefined" />
	<Point X="312" Y="348" T="undefined" />
	<Point X="313" Y="353" T="undefined" />
	<Point X="313" Y="359" T="undefined" />
	<Point X="313" Y="365" T="undefined" />
	<Point X="313" Y="367" T="undefined" />
	<Point X="312" Y="371" T="undefined" />
	<Point X="312" Y="371" T="undefined" />
	<Point X="312" Y="371" T="undefined" />
	<Point X="312" Y="372" T="undefined" />
	<Point X="310" Y="373" T="undefined" />
	<Point X="310" Y="373" T="undefined" />
	<Point X="302" Y="373" T="undefined" />
	<Point X="289" Y="373" T="undefined" />
	<Point X="268" Y="375" T="undefined" />
	<Point X="243" Y="376" T="undefined" />
	<Point X="218" Y="377" T="undefined" />
	<Point X="198" Y="377" T="undefined" />
	<Point X="183" Y="378" T="undefined" />
	<Point X="178" Y="379" T="undefined" />
	<Point X="179" Y="379" T="undefined" />
</Gesture>