<?xml version="1.0" encoding="utf-8" standalone="yes"?>
<Gesture Name="Right Square Bracket9" NumPts="49">
	<Point X="144" Y="102" T="undefined" />
	<Point X="144" Y="102" T="undefined" />
	<Point X="144" Y="103" T="undefined" />
	<Point X="145" Y="103" T="undefined" />
	<Point X="152" Y="106" T="undefined" />
	<Point X="163" Y="110" T="undefined" />
	<Point X="179" Y="116" T="undefined" />
	<Point X="216" Y="124" T="undefined" />
	<Point X="236" Y="128" T="undefined" />
	<Point X="255" Y="132" T="undefined" />
	<Point X="270" Y="137" T="undefined" />
	<Point X="280" Y="139" T="undefined" />
	<Point X="284" Y="140" T="undefined" />
	<Point X="285" Y="140" T="undefined" />
	<Point X="285" Y="141" T="undefined" />
	<Point X="285" Y="142" T="undefined" />
	<Point X="284" Y="144" T="undefined" />
	<Point X="284" Y="147" T="undefined" />
	<Point X="283" Y="161" T="undefined" />
	<Point X="283" Y="174" T="undefined" />
	<Point X="284" Y="190" T="undefined" />
	<Point X="289" Y="207" T="undefined" />
	<Point X="293" Y="223" T="undefined" />
	<Point X="296" Y="240" T="undefined" />
	<Point X="300" Y="259" T="undefined" />
	<Point X="304" Y="277" T="undefined" />
	<Point X="304" Y="301" T="undefined" />
	<Point X="305" Y="307" T="undefined" />
	<Point X="307" Y="323" T="undefined" />
	<Point X="310" Y="335" T="undefined" />
	<Point X="312" Y="342" T="undefined" />
	<Point X="314" Y="347" T="undefined" />
	<Point X="316" Y="350" T="undefined" />
	<Point X="316" Y="352" T="undefined" />
	<Point X="317" Y="354" T="undefined" />
	<Point X="317" Y="355" T="undefined" />
	<Point X="317" Y="355" T="undefined" />
	<Point X="317" Y="356" T="undefined" />
	<Point X="317" Y="357" T="undefined" />
	<Point X="314" Y="359" T="undefined" />
	<Point X="310" Y="360" T="undefined" />
	<Point X="300" Y="362" T="undefined" />
	<Point X="272" Y="366" T="undefined" />
	<Point X="248" Y="366" T="undefined" />
	<Point X="222" Y="364" T="undefined" />
	<Point X="198" Y="360" T="undefined" />
	<Point X="183" Y="357" T="undefined" />
	<Point X="179" Y="357" T="undefined" />
	<Point X="179" Y="357" T="undefined" />
</Gesture>