<?xml version="1.0" encoding="utf-8" standalone="yes"?>
<Gesture Name="Caret4" NumPts="23">
	<Point X="108" Y="318" T="undefined" />
	<Point X="110" Y="316" T="undefined" />
	<Point X="119" Y="307" T="undefined" />
	<Point X="183" Y="240" T="undefined" />
	<Point X="209" Y="212" T="undefined" />
	<Point X="246" Y="162" T="undefined" />
	<Point X="255" Y="144" T="undefined" />
	<Point X="259" Y="134" T="undefined" />
	<Point X="261" Y="129" T="undefined" />
	<Point X="262" Y="126" T="undefined" />
	<Point X="263" Y="125" T="undefined" />
	<Point X="263" Y="124" T="undefined" />
	<Point X="264" Y="123" T="undefined" />
	<Point X="266" Y="122" T="undefined" />
	<Point X="268" Y="122" T="undefined" />
	<Point X="271" Y="125" T="undefined" />
	<Point X="280" Y="143" T="undefined" />
	<Point X="292" Y="175" T="undefined" />
	<Point X="309" Y="222" T="undefined" />
	<Point X="331" Y="258" T="undefined" />
	<Point X="349" Y="286" T="undefined" />
	<Point X="361" Y="300" T="undefined" />
	<Point X="362" Y="303" T="undefined" />
</Gesture>