<?xml version="1.0" encoding="utf-8" standalone="yes"?>
<Gesture Name="Caret5" NumPts="22">
	<Point X="64" Y="308" T="undefined" />
	<Point X="70" Y="301" T="undefined" />
	<Point X="80" Y="285" T="undefined" />
	<Point X="105" Y="248" T="undefined" />
	<Point X="142" Y="195" T="undefined" />
	<Point X="153" Y="174" T="undefined" />
	<Point X="158" Y="165" T="undefined" />
	<Point X="161" Y="161" T="undefined" />
	<Point X="162" Y="160" T="undefined" />
	<Point X="162" Y="160" T="undefined" />
	<Point X="163" Y="160" T="undefined" />
	<Point X="164" Y="160" T="undefined" />
	<Point X="164" Y="159" T="undefined" />
	<Point X="165" Y="158" T="undefined" />
	<Point X="166" Y="159" T="undefined" />
	<Point X="167" Y="163" T="undefined" />
	<Point X="173" Y="176" T="undefined" />
	<Point X="198" Y="225" T="undefined" />
	<Point X="222" Y="266" T="undefined" />
	<Point X="242" Y="301" T="undefined" />
	<Point X="265" Y="328" T="undefined" />
	<Point X="269" Y="333" T="undefined" />
</Gesture>