<?xml version="1.0" encoding="utf-8" standalone="yes"?>
<Gesture Name="Caret8" NumPts="22">
	<Point X="123" Y="349" T="undefined" />
	<Point X="129" Y="340" T="undefined" />
	<Point X="143" Y="322" T="undefined" />
	<Point X="189" Y="261" T="undefined" />
	<Point X="237" Y="184" T="undefined" />
	<Point X="253" Y="149" T="undefined" />
	<Point X="262" Y="132" T="undefined" />
	<Point X="265" Y="124" T="undefined" />
	<Point X="265" Y="124" T="undefined" />
	<Point X="266" Y="124" T="undefined" />
	<Point X="268" Y="124" T="undefined" />
	<Point X="268" Y="128" T="undefined" />
	<Point X="270" Y="133" T="undefined" />
	<Point X="279" Y="152" T="undefined" />
	<Point X="292" Y="179" T="undefined" />
	<Point X="308" Y="214" T="undefined" />
	<Point X="333" Y="267" T="undefined" />
	<Point X="344" Y="289" T="undefined" />
	<Point X="358" Y="310" T="undefined" />
	<Point X="362" Y="318" T="undefined" />
	<Point X="364" Y="321" T="undefined" />
	<Point X="364" Y="323" T="undefined" />
</Gesture>