<?xml version="1.0" encoding="utf-8" standalone="yes"?>
<Gesture Name="Caret2" NumPts="23">
	<Point X="112" Y="304" T="undefined" />
	<Point X="112" Y="303" T="undefined" />
	<Point X="114" Y="298" T="undefined" />
	<Point X="127" Y="280" T="undefined" />
	<Point X="154" Y="236" T="undefined" />
	<Point X="193" Y="178" T="undefined" />
	<Point X="214" Y="145" T="undefined" />
	<Point X="224" Y="129" T="undefined" />
	<Point X="229" Y="121" T="undefined" />
	<Point X="232" Y="118" T="undefined" />
	<Point X="233" Y="116" T="undefined" />
	<Point X="235" Y="116" T="undefined" />
	<Point X="236" Y="116" T="undefined" />
	<Point X="238" Y="117" T="undefined" />
	<Point X="240" Y="122" T="undefined" />
	<Point X="246" Y="133" T="undefined" />
	<Point X="254" Y="154" T="undefined" />
	<Point X="263" Y="178" T="undefined" />
	<Point X="275" Y="210" T="undefined" />
	<Point X="292" Y="251" T="undefined" />
	<Point X="301" Y="268" T="undefined" />
	<Point X="308" Y="277" T="undefined" />
	<Point X="310" Y="281" T="undefined" />
</Gesture>