<?xml version="1.0" encoding="utf-8" standalone="yes"?>
<Gesture Name="Caret3" NumPts="24">
	<Point X="180" Y="275" T="undefined" />
	<Point X="181" Y="274" T="undefined" />
	<Point X="185" Y="270" T="undefined" />
	<Point X="199" Y="251" T="undefined" />
	<Point X="226" Y="217" T="undefined" />
	<Point X="256" Y="166" T="undefined" />
	<Point X="264" Y="153" T="undefined" />
	<Point X="283" Y="118" T="undefined" />
	<Point X="294" Y="101" T="undefined" />
	<Point X="300" Y="92" T="undefined" />
	<Point X="302" Y="89" T="undefined" />
	<Point X="303" Y="88" T="undefined" />
	<Point X="304" Y="87" T="undefined" />
	<Point X="305" Y="87" T="undefined" />
	<Point X="306" Y="88" T="undefined" />
	<Point X="308" Y="93" T="undefined" />
	<Point X="313" Y="106" T="undefined" />
	<Point X="322" Y="131" T="undefined" />
	<Point X="334" Y="164" T="undefined" />
	<Point X="344" Y="194" T="undefined" />
	<Point X="353" Y="216" T="undefined" />
	<Point X="362" Y="233" T="undefined" />
	<Point X="369" Y="246" T="undefined" />
	<Point X="370" Y="250" T="undefined" />
</Gesture>