<?xml version="1.0" encoding="utf-8" standalone="yes"?>
<Gesture Name="Arrow4" NumPts="99">
	<Point X="88" Y="310" T="undefined" />
	<Point X="90" Y="307" T="undefined" />
	<Point X="94" Y="302" T="undefined" />
	<Point X="101" Y="295" T="undefined" />
	<Point X="112" Y="284" T="undefined" />
	<Point X="118" Y="276" T="undefined" />
	<Point X="122" Y="272" T="undefined" />
	<Point X="130" Y="264" T="undefined" />
	<Point X="137" Y="257" T="undefined" />
	<Point X="152" Y="246" T="undefined" />
	<Point X="161" Y="236" T="undefined" />
	<Point X="169" Y="227" T="undefined" />
	<Point X="173" Y="223" T="undefined" />
	<Point X="177" Y="219" T="undefined" />
	<Point X="182" Y="215" T="undefined" />
	<Point X="191" Y="207" T="undefined" />
	<Point X="199" Y="198" T="undefined" />
	<Point X="208" Y="187" T="undefined" />
	<Point X="212" Y="182" T="undefined" />
	<Point X="218" Y="174" T="undefined" />
	<Point X="223" Y="167" T="undefined" />
	<Point X="231" Y="158" T="undefined" />
	<Point X="234" Y="152" T="undefined" />
	<Point X="237" Y="149" T="undefined" />
	<Point X="240" Y="145" T="undefined" />
	<Point X="240" Y="143" T="undefined" />
	<Point X="240" Y="142" T="undefined" />
	<Point X="240" Y="142" T="undefined" />
	<Point X="239" Y="142" T="undefined" />
	<Point X="236" Y="140" T="undefined" />
	<Point X="230" Y="140" T="undefined" />
	<Point X="214" Y="140" T="undefined" />
	<Point X="200" Y="140" T="undefined" />
	<Point X="181" Y="143" T="undefined" />
	<Point X="169" Y="144" T="undefined" />
	<Point X="154" Y="145" T="undefined" />
	<Point X="140" Y="145" T="undefined" />
	<Point X="135" Y="145" T="undefined" />
	<Point X="131" Y="145" T="undefined" />
	<Point X="127" Y="144" T="undefined" />
	<Point X="126" Y="144" T="undefined" />
	<Point X="125" Y="144" T="undefined" />
	<Point X="124" Y="144" T="undefined" />
	<Point X="123" Y="144" T="undefined" />
	<Point X="123" Y="144" T="undefined" />
	<Point X="127" Y="144" T="undefined" />
	<Point X="132" Y="144" T="undefined" />
	<Point X="140" Y="144" T="undefined" />
	<Point X="147" Y="144" T="undefined" />
	<Point X="157" Y="144" T="undefined" />
	<Point X="164" Y="143" T="undefined" />
	<Point X="175" Y="142" T="undefined" />
	<Point X="183" Y="142" T="undefined" />
	<Point X="188" Y="142" T="undefined" />
	<Point X="191" Y="142" T="undefined" />
	<Point X="197" Y="140" T="undefined" />
	<Point X="202" Y="139" T="undefined" />
	<Point X="207" Y="139" T="undefined" />
	<Point X="211" Y="138" T="undefined" />
	<Point X="213" Y="138" T="undefined" />
	<Point X="214" Y="138" T="undefined" />
	<Point X="214" Y="138" T="undefined" />
	<Point X="216" Y="138" T="undefined" />
	<Point X="219" Y="139" T="undefined" />
	<Point X="220" Y="139" T="undefined" />
	<Point X="222" Y="139" T="undefined" />
	<Point X="222" Y="139" T="undefined" />
	<Point X="223" Y="140" T="undefined" />
	<Point X="223" Y="140" T="undefined" />
	<Point X="223" Y="140" T="undefined" />
	<Point X="224" Y="141" T="undefined" />
	<Point X="224" Y="141" T="undefined" />
	<Point X="225" Y="141" T="undefined" />
	<Point X="226" Y="141" T="undefined" />
	<Point X="228" Y="141" T="undefined" />
	<Point X="230" Y="141" T="undefined" />
	<Point X="231" Y="141" T="undefined" />
	<Point X="231" Y="141" T="undefined" />
	<Point X="233" Y="141" T="undefined" />
	<Point X="235" Y="141" T="undefined" />
	<Point X="238" Y="141" T="undefined" />
	<Point X="240" Y="141" T="undefined" />
	<Point X="241" Y="141" T="undefined" />
	<Point X="241" Y="142" T="undefined" />
	<Point X="241" Y="145" T="undefined" />
	<Point X="241" Y="150" T="undefined" />
	<Point X="242" Y="159" T="undefined" />
	<Point X="244" Y="176" T="undefined" />
	<Point X="246" Y="191" T="undefined" />
	<Point X="250" Y="204" T="undefined" />
	<Point X="251" Y="208" T="undefined" />
	<Point X="254" Y="214" T="undefined" />
	<Point X="255" Y="216" T="undefined" />
	<Point X="256" Y="217" T="undefined" />
	<Point X="258" Y="220" T="undefined" />
	<Point X="259" Y="222" T="undefined" />
	<Point X="260" Y="225" T="undefined" />
	<Point X="260" Y="226" T="undefined" />
	<Point X="260" Y="227" T="undefined" />
</Gesture>