<?xml version="1.0" encoding="utf-8" standalone="yes"?>
<Gesture Name="Arrow6" NumPts="116">
	<Point X="157" Y="323" T="undefined" />
	<Point X="160" Y="319" T="undefined" />
	<Point X="165" Y="313" T="undefined" />
	<Point X="169" Y="308" T="undefined" />
	<Point X="183" Y="294" T="undefined" />
	<Point X="197" Y="279" T="undefined" />
	<Point X="211" Y="264" T="undefined" />
	<Point X="227" Y="250" T="undefined" />
	<Point X="234" Y="241" T="undefined" />
	<Point X="243" Y="227" T="undefined" />
	<Point X="247" Y="218" T="undefined" />
	<Point X="255" Y="208" T="undefined" />
	<Point X="259" Y="203" T="undefined" />
	<Point X="265" Y="194" T="undefined" />
	<Point X="274" Y="181" T="undefined" />
	<Point X="277" Y="174" T="undefined" />
	<Point X="280" Y="169" T="undefined" />
	<Point X="282" Y="165" T="undefined" />
	<Point X="286" Y="158" T="undefined" />
	<Point X="288" Y="155" T="undefined" />
	<Point X="289" Y="152" T="undefined" />
	<Point X="290" Y="151" T="undefined" />
	<Point X="290" Y="150" T="undefined" />
	<Point X="290" Y="150" T="undefined" />
	<Point X="289" Y="150" T="undefined" />
	<Point X="288" Y="149" T="undefined" />
	<Point X="285" Y="148" T="undefined" />
	<Point X="280" Y="149" T="undefined" />
	<Point X="274" Y="150" T="undefined" />
	<Point X="259" Y="156" T="undefined" />
	<Point X="250" Y="159" T="undefined" />
	<Point X="242" Y="163" T="undefined" />
	<Point X="228" Y="167" T="undefined" />
	<Point X="219" Y="170" T="undefined" />
	<Point X="213" Y="172" T="undefined" />
	<Point X="204" Y="173" T="undefined" />
	<Point X="199" Y="174" T="undefined" />
	<Point X="195" Y="176" T="undefined" />
	<Point X="192" Y="176" T="undefined" />
	<Point X="188" Y="177" T="undefined" />
	<Point X="185" Y="179" T="undefined" />
	<Point X="180" Y="181" T="undefined" />
	<Point X="177" Y="182" T="undefined" />
	<Point X="174" Y="184" T="undefined" />
	<Point X="171" Y="185" T="undefined" />
	<Point X="171" Y="185" T="undefined" />
	<Point X="170" Y="185" T="undefined" />
	<Point X="168" Y="185" T="undefined" />
	<Point X="169" Y="185" T="undefined" />
	<Point X="170" Y="185" T="undefined" />
	<Point X="173" Y="183" T="undefined" />
	<Point X="178" Y="183" T="undefined" />
	<Point X="186" Y="181" T="undefined" />
	<Point X="192" Y="179" T="undefined" />
	<Point X="198" Y="177" T="undefined" />
	<Point X="207" Y="176" T="undefined" />
	<Point X="213" Y="173" T="undefined" />
	<Point X="221" Y="171" T="undefined" />
	<Point X="228" Y="169" T="undefined" />
	<Point X="234" Y="166" T="undefined" />
	<Point X="238" Y="164" T="undefined" />
	<Point X="241" Y="163" T="undefined" />
	<Point X="246" Y="161" T="undefined" />
	<Point X="250" Y="160" T="undefined" />
	<Point X="254" Y="159" T="undefined" />
	<Point X="257" Y="159" T="undefined" />
	<Point X="260" Y="159" T="undefined" />
	<Point X="262" Y="159" T="undefined" />
	<Point X="263" Y="159" T="undefined" />
	<Point X="266" Y="159" T="undefined" />
	<Point X="268" Y="158" T="undefined" />
	<Point X="271" Y="158" T="undefined" />
	<Point X="275" Y="157" T="undefined" />
	<Point X="280" Y="156" T="undefined" />
	<Point X="282" Y="156" T="undefined" />
	<Point X="284" Y="156" T="undefined" />
	<Point X="284" Y="156" T="undefined" />
	<Point X="286" Y="156" T="undefined" />
	<Point X="287" Y="156" T="undefined" />
	<Point X="289" Y="155" T="undefined" />
	<Point X="289" Y="155" T="undefined" />
	<Point X="290" Y="155" T="undefined" />
	<Point X="291" Y="156" T="undefined" />
	<Point X="291" Y="158" T="undefined" />
	<Point X="293" Y="167" T="undefined" />
	<Point X="294" Y="175" T="undefined" />
	<Point X="294" Y="179" T="undefined" />
	<Point X="294" Y="182" T="undefined" />
	<Point X="294" Y="187" T="undefined" />
	<Point X="295" Y="189" T="undefined" />
	<Point X="296" Y="194" T="undefined" />
	<Point X="297" Y="199" T="undefined" />
	<Point X="299" Y="208" T="undefined" />
	<Point X="300" Y="216" T="undefined" />
	<Point X="300" Y="222" T="undefined" />
	<Point X="300" Y="227" T="undefined" />
	<Point X="300" Y="229" T="undefined" />
	<Point X="300" Y="232" T="undefined" />
	<Point X="300" Y="233" T="undefined" />
	<Point X="300" Y="234" T="undefined" />
	<Point X="300" Y="235" T="undefined" />
	<Point X="300" Y="235" T="undefined" />
	<Point X="300" Y="236" T="undefined" />
	<Point X="301" Y="236" T="undefined" />
	<Point X="301" Y="238" T="undefined" />
	<Point X="303" Y="240" T="undefined" />
	<Point X="303" Y="242" T="undefined" />
	<Point X="304" Y="244" T="undefined" />
	<Point X="304" Y="245" T="undefined" />
	<Point X="304" Y="246" T="undefined" />
	<Point X="304" Y="246" T="undefined" />
	<Point X="304" Y="246" T="undefined" />
	<Point X="305" Y="247" T="undefined" />
	<Point X="305" Y="248" T="undefined" />
	<Point X="306" Y="249" T="undefined" />
	<Point X="306" Y="251" T="undefined" />
</Gesture>