<?xml version="1.0" encoding="utf-8" standalone="yes"?>
<Gesture Name="Arrow3" NumPts="170">
	<Point X="115" Y="322" T="undefined" />
	<Point X="116" Y="320" T="undefined" />
	<Point X="118" Y="319" T="undefined" />
	<Point X="120" Y="317" T="undefined" />
	<Point X="123" Y="316" T="undefined" />
	<Point X="127" Y="313" T="undefined" />
	<Point X="132" Y="310" T="undefined" />
	<Point X="136" Y="307" T="undefined" />
	<Point X="141" Y="304" T="undefined" />
	<Point X="144" Y="301" T="undefined" />
	<Point X="148" Y="298" T="undefined" />
	<Point X="151" Y="296" T="undefined" />
	<Point X="156" Y="293" T="undefined" />
	<Point X="160" Y="289" T="undefined" />
	<Point X="164" Y="286" T="undefined" />
	<Point X="170" Y="280" T="undefined" />
	<Point X="173" Y="276" T="undefined" />
	<Point X="179" Y="272" T="undefined" />
	<Point X="182" Y="270" T="undefined" />
	<Point X="185" Y="268" T="undefined" />
	<Point X="188" Y="266" T="undefined" />
	<Point X="190" Y="264" T="undefined" />
	<Point X="195" Y="260" T="undefined" />
	<Point X="199" Y="257" T="undefined" />
	<Point X="206" Y="251" T="undefined" />
	<Point X="210" Y="248" T="undefined" />
	<Point X="215" Y="244" T="undefined" />
	<Point X="224" Y="238" T="undefined" />
	<Point X="232" Y="233" T="undefined" />
	<Point X="240" Y="230" T="undefined" />
	<Point X="244" Y="229" T="undefined" />
	<Point X="249" Y="227" T="undefined" />
	<Point X="255" Y="225" T="undefined" />
	<Point X="258" Y="223" T="undefined" />
	<Point X="262" Y="219" T="undefined" />
	<Point X="265" Y="214" T="undefined" />
	<Point X="270" Y="208" T="undefined" />
	<Point X="273" Y="206" T="undefined" />
	<Point X="277" Y="203" T="undefined" />
	<Point X="280" Y="202" T="undefined" />
	<Point X="282" Y="201" T="undefined" />
	<Point X="284" Y="200" T="undefined" />
	<Point X="286" Y="199" T="undefined" />
	<Point X="287" Y="199" T="undefined" />
	<Point X="288" Y="198" T="undefined" />
	<Point X="289" Y="197" T="undefined" />
	<Point X="289" Y="197" T="undefined" />
	<Point X="290" Y="196" T="undefined" />
	<Point X="291" Y="195" T="undefined" />
	<Point X="292" Y="195" T="undefined" />
	<Point X="294" Y="194" T="undefined" />
	<Point X="294" Y="193" T="undefined" />
	<Point X="296" Y="193" T="undefined" />
	<Point X="297" Y="193" T="undefined" />
	<Point X="297" Y="192" T="undefined" />
	<Point X="298" Y="191" T="undefined" />
	<Point X="299" Y="191" T="undefined" />
	<Point X="298" Y="191" T="undefined" />
	<Point X="298" Y="191" T="undefined" />
	<Point X="293" Y="191" T="undefined" />
	<Point X="288" Y="191" T="undefined" />
	<Point X="278" Y="192" T="undefined" />
	<Point X="270" Y="194" T="undefined" />
	<Point X="266" Y="195" T="undefined" />
	<Point X="260" Y="197" T="undefined" />
	<Point X="255" Y="197" T="undefined" />
	<Point X="247" Y="197" T="undefined" />
	<Point X="236" Y="197" T="undefined" />
	<Point X="226" Y="197" T="undefined" />
	<Point X="216" Y="197" T="undefined" />
	<Point X="212" Y="198" T="undefined" />
	<Point X="203" Y="198" T="undefined" />
	<Point X="198" Y="198" T="undefined" />
	<Point X="191" Y="199" T="undefined" />
	<Point X="184" Y="199" T="undefined" />
	<Point X="182" Y="199" T="undefined" />
	<Point X="179" Y="199" T="undefined" />
	<Point X="176" Y="199" T="undefined" />
	<Point X="174" Y="199" T="undefined" />
	<Point X="172" Y="199" T="undefined" />
	<Point X="172" Y="199" T="undefined" />
	<Point X="173" Y="199" T="undefined" />
	<Point X="174" Y="199" T="undefined" />
	<Point X="177" Y="199" T="undefined" />
	<Point X="180" Y="199" T="undefined" />
	<Point X="184" Y="199" T="undefined" />
	<Point X="191" Y="198" T="undefined" />
	<Point X="196" Y="198" T="undefined" />
	<Point X="203" Y="197" T="undefined" />
	<Point X="207" Y="197" T="undefined" />
	<Point X="213" Y="197" T="undefined" />
	<Point X="217" Y="197" T="undefined" />
	<Point X="221" Y="197" T="undefined" />
	<Point X="227" Y="197" T="undefined" />
	<Point X="230" Y="197" T="undefined" />
	<Point X="232" Y="197" T="undefined" />
	<Point X="238" Y="197" T="undefined" />
	<Point X="240" Y="197" T="undefined" />
	<Point X="244" Y="197" T="undefined" />
	<Point X="247" Y="197" T="undefined" />
	<Point X="251" Y="197" T="undefined" />
	<Point X="253" Y="197" T="undefined" />
	<Point X="257" Y="197" T="undefined" />
	<Point X="260" Y="197" T="undefined" />
	<Point X="262" Y="197" T="undefined" />
	<Point X="268" Y="197" T="undefined" />
	<Point X="270" Y="197" T="undefined" />
	<Point X="274" Y="197" T="undefined" />
	<Point X="279" Y="196" T="undefined" />
	<Point X="283" Y="194" T="undefined" />
	<Point X="287" Y="192" T="undefined" />
	<Point X="288" Y="192" T="undefined" />
	<Point X="288" Y="192" T="undefined" />
	<Point X="289" Y="192" T="undefined" />
	<Point X="289" Y="191" T="undefined" />
	<Point X="289" Y="191" T="undefined" />
	<Point X="290" Y="191" T="undefined" />
	<Point X="291" Y="191" T="undefined" />
	<Point X="292" Y="191" T="undefined" />
	<Point X="292" Y="191" T="undefined" />
	<Point X="293" Y="191" T="undefined" />
	<Point X="293" Y="191" T="undefined" />
	<Point X="294" Y="191" T="undefined" />
	<Point X="294" Y="192" T="undefined" />
	<Point X="294" Y="192" T="undefined" />
	<Point X="295" Y="192" T="undefined" />
	<Point X="295" Y="193" T="undefined" />
	<Point X="296" Y="193" T="undefined" />
	<Point X="297" Y="193" T="undefined" />
	<Point X="297" Y="193" T="undefined" />
	<Point X="298" Y="193" T="undefined" />
	<Point X="298" Y="194" T="undefined" />
	<Point X="298" Y="194" T="undefined" />
	<Point X="298" Y="196" T="undefined" />
	<Point X="298" Y="198" T="undefined" />
	<Point X="299" Y="203" T="undefined" />
	<Point X="299" Y="207" T="undefined" />
	<Point X="299" Y="212" T="undefined" />
	<Point X="299" Y="218" T="undefined" />
	<Point X="299" Y="220" T="undefined" />
	<Point X="299" Y="224" T="undefined" />
	<Point X="299" Y="226" T="undefined" />
	<Point X="300" Y="229" T="undefined" />
	<Point X="301" Y="232" T="undefined" />
	<Point X="302" Y="235" T="undefined" />
	<Point X="303" Y="240" T="undefined" />
	<Point X="304" Y="244" T="undefined" />
	<Point X="306" Y="249" T="undefined" />
	<Point X="307" Y="251" T="undefined" />
	<Point X="307" Y="253" T="undefined" />
	<Point X="309" Y="256" T="undefined" />
	<Point X="310" Y="257" T="undefined" />
	<Point X="311" Y="260" T="undefined" />
	<Point X="312" Y="262" T="undefined" />
	<Point X="313" Y="264" T="undefined" />
	<Point X="314" Y="266" T="undefined" />
	<Point X="315" Y="268" T="undefined" />
	<Point X="315" Y="271" T="undefined" />
	<Point X="315" Y="273" T="undefined" />
	<Point X="315" Y="274" T="undefined" />
	<Point X="315" Y="275" T="undefined" />
	<Point X="315" Y="277" T="undefined" />
	<Point X="315" Y="278" T="undefined" />
	<Point X="315" Y="278" T="undefined" />
	<Point X="316" Y="280" T="undefined" />
	<Point X="316" Y="280" T="undefined" />
	<Point X="316" Y="282" T="undefined" />
	<Point X="318" Y="283" T="undefined" />
	<Point X="318" Y="284" T="undefined" />
	<Point X="318" Y="285" T="undefined" />
</Gesture>