<?xml version="1.0" encoding="utf-8" standalone="yes"?>
<Gesture Name="Arrow7" NumPts="101">
	<Point X="121" Y="328" T="undefined" />
	<Point X="124" Y="324" T="undefined" />
	<Point X="131" Y="315" T="undefined" />
	<Point X="140" Y="302" T="undefined" />
	<Point X="157" Y="277" T="undefined" />
	<Point X="169" Y="258" T="undefined" />
	<Point X="179" Y="246" T="undefined" />
	<Point X="193" Y="230" T="undefined" />
	<Point X="201" Y="221" T="undefined" />
	<Point X="210" Y="212" T="undefined" />
	<Point X="217" Y="207" T="undefined" />
	<Point X="222" Y="204" T="undefined" />
	<Point X="228" Y="200" T="undefined" />
	<Point X="231" Y="196" T="undefined" />
	<Point X="236" Y="190" T="undefined" />
	<Point X="241" Y="184" T="undefined" />
	<Point X="247" Y="178" T="undefined" />
	<Point X="255" Y="170" T="undefined" />
	<Point X="261" Y="164" T="undefined" />
	<Point X="268" Y="156" T="undefined" />
	<Point X="271" Y="150" T="undefined" />
	<Point X="273" Y="144" T="undefined" />
	<Point X="274" Y="143" T="undefined" />
	<Point X="274" Y="143" T="undefined" />
	<Point X="274" Y="142" T="undefined" />
	<Point X="275" Y="141" T="undefined" />
	<Point X="275" Y="140" T="undefined" />
	<Point X="274" Y="140" T="undefined" />
	<Point X="270" Y="142" T="undefined" />
	<Point X="257" Y="149" T="undefined" />
	<Point X="234" Y="160" T="undefined" />
	<Point X="222" Y="166" T="undefined" />
	<Point X="205" Y="171" T="undefined" />
	<Point X="197" Y="175" T="undefined" />
	<Point X="189" Y="177" T="undefined" />
	<Point X="180" Y="180" T="undefined" />
	<Point X="172" Y="182" T="undefined" />
	<Point X="162" Y="184" T="undefined" />
	<Point X="154" Y="185" T="undefined" />
	<Point X="150" Y="186" T="undefined" />
	<Point X="143" Y="188" T="undefined" />
	<Point X="140" Y="188" T="undefined" />
	<Point X="137" Y="189" T="undefined" />
	<Point X="137" Y="189" T="undefined" />
	<Point X="136" Y="189" T="undefined" />
	<Point X="135" Y="190" T="undefined" />
	<Point X="136" Y="190" T="undefined" />
	<Point X="137" Y="189" T="undefined" />
	<Point X="144" Y="186" T="undefined" />
	<Point X="153" Y="181" T="undefined" />
	<Point X="166" Y="176" T="undefined" />
	<Point X="183" Y="170" T="undefined" />
	<Point X="190" Y="167" T="undefined" />
	<Point X="202" Y="163" T="undefined" />
	<Point X="208" Y="161" T="undefined" />
	<Point X="220" Y="157" T="undefined" />
	<Point X="227" Y="155" T="undefined" />
	<Point X="233" Y="152" T="undefined" />
	<Point X="238" Y="150" T="undefined" />
	<Point X="241" Y="150" T="undefined" />
	<Point X="244" Y="148" T="undefined" />
	<Point X="246" Y="148" T="undefined" />
	<Point X="249" Y="148" T="undefined" />
	<Point X="252" Y="148" T="undefined" />
	<Point X="253" Y="148" T="undefined" />
	<Point X="256" Y="150" T="undefined" />
	<Point X="258" Y="150" T="undefined" />
	<Point X="259" Y="151" T="undefined" />
	<Point X="262" Y="151" T="undefined" />
	<Point X="266" Y="151" T="undefined" />
	<Point X="268" Y="151" T="undefined" />
	<Point X="272" Y="149" T="undefined" />
	<Point X="273" Y="149" T="undefined" />
	<Point X="273" Y="149" T="undefined" />
	<Point X="274" Y="154" T="undefined" />
	<Point X="275" Y="164" T="undefined" />
	<Point X="276" Y="171" T="undefined" />
	<Point X="277" Y="180" T="undefined" />
	<Point X="279" Y="187" T="undefined" />
	<Point X="281" Y="194" T="undefined" />
	<Point X="284" Y="203" T="undefined" />
	<Point X="287" Y="206" T="undefined" />
	<Point X="289" Y="210" T="undefined" />
	<Point X="291" Y="213" T="undefined" />
	<Point X="292" Y="215" T="undefined" />
	<Point X="295" Y="219" T="undefined" />
	<Point X="296" Y="224" T="undefined" />
	<Point X="297" Y="225" T="undefined" />
	<Point X="298" Y="227" T="undefined" />
	<Point X="299" Y="227" T="undefined" />
	<Point X="299" Y="228" T="undefined" />
	<Point X="301" Y="229" T="undefined" />
	<Point X="302" Y="231" T="undefined" />
	<Point X="303" Y="233" T="undefined" />
	<Point X="306" Y="235" T="undefined" />
	<Point X="309" Y="238" T="undefined" />
	<Point X="311" Y="242" T="undefined" />
	<Point X="312" Y="245" T="undefined" />
	<Point X="313" Y="248" T="undefined" />
	<Point X="313" Y="249" T="undefined" />
	<Point X="313" Y="250" T="undefined" />
</Gesture>