<?xml version="1.0" encoding="utf-8" standalone="yes"?>
<Gesture Name="Arrow1" NumPts="127">
	<Point X="125" Y="289" T="undefined" />
	<Point X="127" Y="286" T="undefined" />
	<Point X="133" Y="281" T="undefined" />
	<Point X="142" Y="275" T="undefined" />
	<Point X="149" Y="270" T="undefined" />
	<Point X="156" Y="263" T="undefined" />
	<Point X="161" Y="259" T="undefined" />
	<Point X="171" Y="249" T="undefined" />
	<Point X="175" Y="244" T="undefined" />
	<Point X="182" Y="238" T="undefined" />
	<Point X="185" Y="237" T="undefined" />
	<Point X="188" Y="235" T="undefined" />
	<Point X="191" Y="234" T="undefined" />
	<Point X="194" Y="233" T="undefined" />
	<Point X="198" Y="233" T="undefined" />
	<Point X="203" Y="231" T="undefined" />
	<Point X="208" Y="228" T="undefined" />
	<Point X="220" Y="220" T="undefined" />
	<Point X="226" Y="214" T="undefined" />
	<Point X="233" Y="205" T="undefined" />
	<Point X="236" Y="201" T="undefined" />
	<Point X="242" Y="197" T="undefined" />
	<Point X="245" Y="194" T="undefined" />
	<Point X="249" Y="192" T="undefined" />
	<Point X="254" Y="188" T="undefined" />
	<Point X="258" Y="185" T="undefined" />
	<Point X="261" Y="181" T="undefined" />
	<Point X="267" Y="175" T="undefined" />
	<Point X="270" Y="172" T="undefined" />
	<Point X="274" Y="168" T="undefined" />
	<Point X="276" Y="167" T="undefined" />
	<Point X="277" Y="166" T="undefined" />
	<Point X="278" Y="166" T="undefined" />
	<Point X="278" Y="166" T="undefined" />
	<Point X="278" Y="165" T="undefined" />
	<Point X="278" Y="165" T="undefined" />
	<Point X="276" Y="163" T="undefined" />
	<Point X="274" Y="163" T="undefined" />
	<Point X="268" Y="161" T="undefined" />
	<Point X="264" Y="160" T="undefined" />
	<Point X="259" Y="159" T="undefined" />
	<Point X="250" Y="158" T="undefined" />
	<Point X="243" Y="156" T="undefined" />
	<Point X="237" Y="154" T="undefined" />
	<Point X="234" Y="152" T="undefined" />
	<Point X="226" Y="148" T="undefined" />
	<Point X="221" Y="146" T="undefined" />
	<Point X="216" Y="145" T="undefined" />
	<Point X="209" Y="144" T="undefined" />
	<Point X="205" Y="144" T="undefined" />
	<Point X="198" Y="144" T="undefined" />
	<Point X="193" Y="145" T="undefined" />
	<Point X="184" Y="145" T="undefined" />
	<Point X="178" Y="145" T="undefined" />
	<Point X="173" Y="145" T="undefined" />
	<Point X="168" Y="145" T="undefined" />
	<Point X="167" Y="145" T="undefined" />
	<Point X="165" Y="145" T="undefined" />
	<Point X="164" Y="145" T="undefined" />
	<Point X="164" Y="145" T="undefined" />
	<Point X="164" Y="146" T="undefined" />
	<Point X="164" Y="146" T="undefined" />
	<Point X="165" Y="147" T="undefined" />
	<Point X="167" Y="150" T="undefined" />
	<Point X="173" Y="151" T="undefined" />
	<Point X="180" Y="153" T="undefined" />
	<Point X="188" Y="156" T="undefined" />
	<Point X="194" Y="156" T="undefined" />
	<Point X="200" Y="157" T="undefined" />
	<Point X="208" Y="157" T="undefined" />
	<Point X="212" Y="157" T="undefined" />
	<Point X="216" Y="157" T="undefined" />
	<Point X="224" Y="156" T="undefined" />
	<Point X="229" Y="156" T="undefined" />
	<Point X="231" Y="156" T="undefined" />
	<Point X="235" Y="157" T="undefined" />
	<Point X="236" Y="157" T="undefined" />
	<Point X="239" Y="158" T="undefined" />
	<Point X="241" Y="158" T="undefined" />
	<Point X="244" Y="159" T="undefined" />
	<Point X="244" Y="159" T="undefined" />
	<Point X="246" Y="159" T="undefined" />
	<Point X="248" Y="160" T="undefined" />
	<Point X="250" Y="160" T="undefined" />
	<Point X="253" Y="161" T="undefined" />
	<Point X="256" Y="161" T="undefined" />
	<Point X="258" Y="161" T="undefined" />
	<Point X="261" Y="160" T="undefined" />
	<Point X="262" Y="160" T="undefined" />
	<Point X="265" Y="160" T="undefined" />
	<Point X="266" Y="160" T="undefined" />
	<Point X="267" Y="162" T="undefined" />
	<Point X="269" Y="163" T="undefined" />
	<Point X="271" Y="163" T="undefined" />
	<Point X="272" Y="163" T="undefined" />
	<Point X="273" Y="163" T="undefined" />
	<Point X="274" Y="163" T="undefined" />
	<Point X="274" Y="163" T="undefined" />
	<Point X="276" Y="163" T="undefined" />
	<Point X="276" Y="163" T="undefined" />
	<Point X="277" Y="163" T="undefined" />
	<Point X="278" Y="163" T="undefined" />
	<Point X="279" Y="163" T="undefined" />
	<Point X="281" Y="163" T="undefined" />
	<Point X="283" Y="163" T="undefined" />
	<Point X="284" Y="163" T="undefined" />
	<Point X="285" Y="164" T="undefined" />
	<Point X="286" Y="164" T="undefined" />
	<Point X="286" Y="168" T="undefined" />
	<Point X="286" Y="172" T="undefined" />
	<Point X="287" Y="179" T="undefined" />
	<Point X="287" Y="184" T="undefined" />
	<Point X="288" Y="188" T="undefined" />
	<Point X="289" Y="189" T="undefined" />
	<Point X="290" Y="193" T="undefined" />
	<Point X="294" Y="202" T="undefined" />
	<Point X="298" Y="212" T="undefined" />
	<Point X="300" Y="221" T="undefined" />
	<Point X="301" Y="225" T="undefined" />
	<Point X="302" Y="230" T="undefined" />
	<Point X="302" Y="234" T="undefined" />
	<Point X="304" Y="238" T="undefined" />
	<Point X="305" Y="246" T="undefined" />
	<Point X="305" Y="251" T="undefined" />
	<Point X="307" Y="256" T="undefined" />
	<Point X="307" Y="258" T="undefined" />
	<Point X="307" Y="260" T="undefined" />
</Gesture>