<?xml version="1.0" encoding="utf-8" standalone="yes"?>
<Gesture Name="Arrow5" NumPts="106">
	<Point X="116" Y="310" T="undefined" />
	<Point X="120" Y="307" T="undefined" />
	<Point X="126" Y="298" T="undefined" />
	<Point X="144" Y="272" T="undefined" />
	<Point X="150" Y="262" T="undefined" />
	<Point X="163" Y="242" T="undefined" />
	<Point X="171" Y="230" T="undefined" />
	<Point X="175" Y="224" T="undefined" />
	<Point X="180" Y="216" T="undefined" />
	<Point X="183" Y="212" T="undefined" />
	<Point X="186" Y="207" T="undefined" />
	<Point X="188" Y="203" T="undefined" />
	<Point X="190" Y="198" T="undefined" />
	<Point X="192" Y="196" T="undefined" />
	<Point X="194" Y="193" T="undefined" />
	<Point X="197" Y="190" T="undefined" />
	<Point X="200" Y="187" T="undefined" />
	<Point X="205" Y="183" T="undefined" />
	<Point X="211" Y="177" T="undefined" />
	<Point X="217" Y="170" T="undefined" />
	<Point X="225" Y="158" T="undefined" />
	<Point X="229" Y="153" T="undefined" />
	<Point X="232" Y="147" T="undefined" />
	<Point X="234" Y="144" T="undefined" />
	<Point X="236" Y="142" T="undefined" />
	<Point X="238" Y="139" T="undefined" />
	<Point X="239" Y="137" T="undefined" />
	<Point X="239" Y="137" T="undefined" />
	<Point X="239" Y="136" T="undefined" />
	<Point X="239" Y="136" T="undefined" />
	<Point X="238" Y="136" T="undefined" />
	<Point X="237" Y="135" T="undefined" />
	<Point X="233" Y="134" T="undefined" />
	<Point X="227" Y="134" T="undefined" />
	<Point X="214" Y="137" T="undefined" />
	<Point X="204" Y="139" T="undefined" />
	<Point X="193" Y="142" T="undefined" />
	<Point X="178" Y="147" T="undefined" />
	<Point X="168" Y="149" T="undefined" />
	<Point X="151" Y="152" T="undefined" />
	<Point X="143" Y="154" T="undefined" />
	<Point X="135" Y="156" T="undefined" />
	<Point X="132" Y="156" T="undefined" />
	<Point X="129" Y="157" T="undefined" />
	<Point X="125" Y="157" T="undefined" />
	<Point X="123" Y="157" T="undefined" />
	<Point X="119" Y="158" T="undefined" />
	<Point X="117" Y="158" T="undefined" />
	<Point X="116" Y="159" T="undefined" />
	<Point X="115" Y="159" T="undefined" />
	<Point X="116" Y="159" T="undefined" />
	<Point X="117" Y="159" T="undefined" />
	<Point X="121" Y="159" T="undefined" />
	<Point X="128" Y="158" T="undefined" />
	<Point X="139" Y="155" T="undefined" />
	<Point X="144" Y="154" T="undefined" />
	<Point X="148" Y="152" T="undefined" />
	<Point X="157" Y="151" T="undefined" />
	<Point X="162" Y="149" T="undefined" />
	<Point X="171" Y="148" T="undefined" />
	<Point X="175" Y="147" T="undefined" />
	<Point X="181" Y="146" T="undefined" />
	<Point X="184" Y="146" T="undefined" />
	<Point X="188" Y="145" T="undefined" />
	<Point X="194" Y="143" T="undefined" />
	<Point X="196" Y="143" T="undefined" />
	<Point X="199" Y="141" T="undefined" />
	<Point X="200" Y="141" T="undefined" />
	<Point X="204" Y="138" T="undefined" />
	<Point X="207" Y="137" T="undefined" />
	<Point X="209" Y="135" T="undefined" />
	<Point X="213" Y="133" T="undefined" />
	<Point X="215" Y="131" T="undefined" />
	<Point X="217" Y="129" T="undefined" />
	<Point X="219" Y="128" T="undefined" />
	<Point X="223" Y="128" T="undefined" />
	<Point X="226" Y="128" T="undefined" />
	<Point X="229" Y="128" T="undefined" />
	<Point X="232" Y="128" T="undefined" />
	<Point X="234" Y="128" T="undefined" />
	<Point X="235" Y="128" T="undefined" />
	<Point X="237" Y="128" T="undefined" />
	<Point X="237" Y="128" T="undefined" />
	<Point X="237" Y="128" T="undefined" />
	<Point X="237" Y="129" T="undefined" />
	<Point X="237" Y="129" T="undefined" />
	<Point X="237" Y="130" T="undefined" />
	<Point X="237" Y="131" T="undefined" />
	<Point X="238" Y="133" T="undefined" />
	<Point X="240" Y="139" T="undefined" />
	<Point X="244" Y="157" T="undefined" />
	<Point X="246" Y="170" T="undefined" />
	<Point X="248" Y="176" T="undefined" />
	<Point X="250" Y="183" T="undefined" />
	<Point X="252" Y="187" T="undefined" />
	<Point X="256" Y="193" T="undefined" />
	<Point X="259" Y="197" T="undefined" />
	<Point X="262" Y="202" T="undefined" />
	<Point X="266" Y="208" T="undefined" />
	<Point X="269" Y="211" T="undefined" />
	<Point X="271" Y="213" T="undefined" />
	<Point X="273" Y="214" T="undefined" />
	<Point X="274" Y="214" T="undefined" />
	<Point X="275" Y="215" T="undefined" />
	<Point X="275" Y="215" T="undefined" />
	<Point X="275" Y="216" T="undefined" />
</Gesture>