<?xml version="1.0" encoding="utf-8" standalone="yes"?>
<Gesture Name="Arrow0" NumPts="191">
	<Point X="99" Y="277" T="undefined" />
	<Point X="101" Y="276" T="undefined" />
	<Point X="104" Y="274" T="undefined" />
	<Point X="108" Y="271" T="undefined" />
	<Point X="112" Y="269" T="undefined" />
	<Point X="119" Y="267" T="undefined" />
	<Point X="121" Y="266" T="undefined" />
	<Point X="124" Y="266" T="undefined" />
	<Point X="129" Y="264" T="undefined" />
	<Point X="132" Y="263" T="undefined" />
	<Point X="136" Y="261" T="undefined" />
	<Point X="140" Y="258" T="undefined" />
	<Point X="146" Y="255" T="undefined" />
	<Point X="150" Y="252" T="undefined" />
	<Point X="155" Y="248" T="undefined" />
	<Point X="160" Y="245" T="undefined" />
	<Point X="164" Y="242" T="undefined" />
	<Point X="170" Y="238" T="undefined" />
	<Point X="174" Y="236" T="undefined" />
	<Point X="178" Y="234" T="undefined" />
	<Point X="183" Y="231" T="undefined" />
	<Point X="187" Y="229" T="undefined" />
	<Point X="191" Y="227" T="undefined" />
	<Point X="194" Y="225" T="undefined" />
	<Point X="198" Y="222" T="undefined" />
	<Point X="200" Y="221" T="undefined" />
	<Point X="205" Y="218" T="undefined" />
	<Point X="208" Y="217" T="undefined" />
	<Point X="211" Y="214" T="undefined" />
	<Point X="214" Y="211" T="undefined" />
	<Point X="217" Y="210" T="undefined" />
	<Point X="220" Y="207" T="undefined" />
	<Point X="222" Y="205" T="undefined" />
	<Point X="224" Y="204" T="undefined" />
	<Point X="228" Y="202" T="undefined" />
	<Point X="229" Y="201" T="undefined" />
	<Point X="231" Y="200" T="undefined" />
	<Point X="233" Y="199" T="undefined" />
	<Point X="235" Y="198" T="undefined" />
	<Point X="236" Y="197" T="undefined" />
	<Point X="238" Y="197" T="undefined" />
	<Point X="241" Y="196" T="undefined" />
	<Point X="244" Y="193" T="undefined" />
	<Point X="250" Y="189" T="undefined" />
	<Point X="253" Y="188" T="undefined" />
	<Point X="256" Y="185" T="undefined" />
	<Point X="256" Y="184" T="undefined" />
	<Point X="257" Y="184" T="undefined" />
	<Point X="260" Y="183" T="undefined" />
	<Point X="262" Y="181" T="undefined" />
	<Point X="267" Y="178" T="undefined" />
	<Point X="269" Y="176" T="undefined" />
	<Point X="271" Y="175" T="undefined" />
	<Point X="272" Y="174" T="undefined" />
	<Point X="273" Y="173" T="undefined" />
	<Point X="272" Y="173" T="undefined" />
	<Point X="271" Y="173" T="undefined" />
	<Point X="266" Y="173" T="undefined" />
	<Point X="262" Y="172" T="undefined" />
	<Point X="259" Y="171" T="undefined" />
	<Point X="255" Y="170" T="undefined" />
	<Point X="243" Y="167" T="undefined" />
	<Point X="236" Y="165" T="undefined" />
	<Point X="224" Y="163" T="undefined" />
	<Point X="219" Y="163" T="undefined" />
	<Point X="214" Y="162" T="undefined" />
	<Point X="207" Y="160" T="undefined" />
	<Point X="198" Y="160" T="undefined" />
	<Point X="191" Y="160" T="undefined" />
	<Point X="186" Y="160" T="undefined" />
	<Point X="180" Y="158" T="undefined" />
	<Point X="175" Y="157" T="undefined" />
	<Point X="168" Y="156" T="undefined" />
	<Point X="159" Y="155" T="undefined" />
	<Point X="154" Y="155" T="undefined" />
	<Point X="148" Y="155" T="undefined" />
	<Point X="144" Y="154" T="undefined" />
	<Point X="142" Y="154" T="undefined" />
	<Point X="138" Y="153" T="undefined" />
	<Point X="135" Y="152" T="undefined" />
	<Point X="134" Y="151" T="undefined" />
	<Point X="133" Y="151" T="undefined" />
	<Point X="132" Y="151" T="undefined" />
	<Point X="132" Y="151" T="undefined" />
	<Point X="132" Y="152" T="undefined" />
	<Point X="137" Y="154" T="undefined" />
	<Point X="141" Y="155" T="undefined" />
	<Point X="145" Y="155" T="undefined" />
	<Point X="153" Y="157" T="undefined" />
	<Point X="160" Y="158" T="undefined" />
	<Point X="168" Y="160" T="undefined" />
	<Point X="172" Y="160" T="undefined" />
	<Point X="175" Y="160" T="undefined" />
	<Point X="180" Y="159" T="undefined" />
	<Point X="183" Y="159" T="undefined" />
	<Point X="184" Y="159" T="undefined" />
	<Point X="188" Y="160" T="undefined" />
	<Point X="189" Y="160" T="undefined" />
	<Point X="191" Y="160" T="undefined" />
	<Point X="192" Y="160" T="undefined" />
	<Point X="194" Y="160" T="undefined" />
	<Point X="196" Y="160" T="undefined" />
	<Point X="198" Y="160" T="undefined" />
	<Point X="201" Y="160" T="undefined" />
	<Point X="203" Y="160" T="undefined" />
	<Point X="206" Y="160" T="undefined" />
	<Point X="208" Y="161" T="undefined" />
	<Point X="212" Y="163" T="undefined" />
	<Point X="215" Y="164" T="undefined" />
	<Point X="218" Y="164" T="undefined" />
	<Point X="220" Y="164" T="undefined" />
	<Point X="226" Y="165" T="undefined" />
	<Point X="229" Y="165" T="undefined" />
	<Point X="236" Y="166" T="undefined" />
	<Point X="240" Y="167" T="undefined" />
	<Point X="245" Y="167" T="undefined" />
	<Point X="248" Y="168" T="undefined" />
	<Point X="249" Y="169" T="undefined" />
	<Point X="253" Y="171" T="undefined" />
	<Point X="255" Y="174" T="undefined" />
	<Point X="256" Y="177" T="undefined" />
	<Point X="258" Y="179" T="undefined" />
	<Point X="258" Y="179" T="undefined" />
	<Point X="259" Y="179" T="undefined" />
	<Point X="260" Y="179" T="undefined" />
	<Point X="261" Y="179" T="undefined" />
	<Point X="262" Y="179" T="undefined" />
	<Point X="262" Y="179" T="undefined" />
	<Point X="263" Y="179" T="undefined" />
	<Point X="264" Y="178" T="undefined" />
	<Point X="266" Y="178" T="undefined" />
	<Point X="267" Y="178" T="undefined" />
	<Point X="267" Y="178" T="undefined" />
	<Point X="268" Y="178" T="undefined" />
	<Point X="268" Y="178" T="undefined" />
	<Point X="269" Y="177" T="undefined" />
	<Point X="270" Y="176" T="undefined" />
	<Point X="270" Y="175" T="undefined" />
	<Point X="270" Y="176" T="undefined" />
	<Point X="270" Y="178" T="undefined" />
	<Point X="270" Y="180" T="undefined" />
	<Point X="269" Y="183" T="undefined" />
	<Point X="269" Y="186" T="undefined" />
	<Point X="269" Y="189" T="undefined" />
	<Point X="267" Y="191" T="undefined" />
	<Point X="267" Y="193" T="undefined" />
	<Point X="267" Y="198" T="undefined" />
	<Point X="266" Y="203" T="undefined" />
	<Point X="266" Y="210" T="undefined" />
	<Point X="266" Y="212" T="undefined" />
	<Point X="266" Y="213" T="undefined" />
	<Point X="266" Y="216" T="undefined" />
	<Point X="266" Y="217" T="undefined" />
	<Point X="266" Y="220" T="undefined" />
	<Point X="266" Y="222" T="undefined" />
	<Point X="265" Y="224" T="undefined" />
	<Point X="265" Y="227" T="undefined" />
	<Point X="265" Y="228" T="undefined" />
	<Point X="264" Y="230" T="undefined" />
	<Point X="264" Y="231" T="undefined" />
	<Point X="264" Y="233" T="undefined" />
	<Point X="264" Y="236" T="undefined" />
	<Point X="264" Y="239" T="undefined" />
	<Point X="263" Y="245" T="undefined" />
	<Point X="262" Y="247" T="undefined" />
	<Point X="262" Y="249" T="undefined" />
	<Point X="262" Y="250" T="undefined" />
	<Point X="262" Y="252" T="undefined" />
	<Point X="262" Y="253" T="undefined" />
	<Point X="262" Y="257" T="undefined" />
	<Point X="262" Y="260" T="undefined" />
	<Point X="263" Y="263" T="undefined" />
	<Point X="263" Y="265" T="undefined" />
	<Point X="263" Y="265" T="undefined" />
	<Point X="263" Y="266" T="undefined" />
	<Point X="263" Y="267" T="undefined" />
	<Point X="263" Y="267" T="undefined" />
	<Point X="263" Y="268" T="undefined" />
	<Point X="263" Y="268" T="undefined" />
	<Point X="263" Y="269" T="undefined" />
	<Point X="263" Y="271" T="undefined" />
	<Point X="263" Y="274" T="undefined" />
	<Point X="263" Y="275" T="undefined" />
	<Point X="263" Y="276" T="undefined" />
	<Point X="263" Y="277" T="undefined" />
	<Point X="263" Y="278" T="undefined" />
	<Point X="263" Y="278" T="undefined" />
	<Point X="263" Y="279" T="undefined" />
	<Point X="263" Y="279" T="undefined" />
	<Point X="263" Y="281" T="undefined" />
	<Point X="263" Y="281" T="undefined" />
</Gesture>