<?xml version="1.0" encoding="utf-8" standalone="yes"?>
<Gesture Name="Arrow2" NumPts="138">
	<Point X="116" Y="266" T="undefined" />
	<Point X="116" Y="267" T="undefined" />
	<Point X="113" Y="271" T="undefined" />
	<Point X="111" Y="277" T="undefined" />
	<Point X="109" Y="280" T="undefined" />
	<Point X="109" Y="281" T="undefined" />
	<Point X="109" Y="281" T="undefined" />
	<Point X="109" Y="280" T="undefined" />
	<Point X="109" Y="279" T="undefined" />
	<Point X="109" Y="277" T="undefined" />
	<Point X="109" Y="276" T="undefined" />
	<Point X="109" Y="275" T="undefined" />
	<Point X="109" Y="275" T="undefined" />
	<Point X="111" Y="273" T="undefined" />
	<Point X="115" Y="268" T="undefined" />
	<Point X="119" Y="265" T="undefined" />
	<Point X="125" Y="258" T="undefined" />
	<Point X="128" Y="256" T="undefined" />
	<Point X="131" Y="252" T="undefined" />
	<Point X="134" Y="249" T="undefined" />
	<Point X="138" Y="246" T="undefined" />
	<Point X="144" Y="241" T="undefined" />
	<Point X="148" Y="238" T="undefined" />
	<Point X="151" Y="236" T="undefined" />
	<Point X="158" Y="230" T="undefined" />
	<Point X="163" Y="225" T="undefined" />
	<Point X="170" Y="217" T="undefined" />
	<Point X="175" Y="212" T="undefined" />
	<Point X="182" Y="205" T="undefined" />
	<Point X="186" Y="201" T="undefined" />
	<Point X="189" Y="197" T="undefined" />
	<Point X="197" Y="189" T="undefined" />
	<Point X="201" Y="186" T="undefined" />
	<Point X="207" Y="179" T="undefined" />
	<Point X="210" Y="175" T="undefined" />
	<Point X="215" Y="171" T="undefined" />
	<Point X="220" Y="168" T="undefined" />
	<Point X="225" Y="164" T="undefined" />
	<Point X="229" Y="163" T="undefined" />
	<Point X="232" Y="163" T="undefined" />
	<Point X="236" Y="163" T="undefined" />
	<Point X="237" Y="163" T="undefined" />
	<Point X="237" Y="163" T="undefined" />
	<Point X="238" Y="163" T="undefined" />
	<Point X="238" Y="163" T="undefined" />
	<Point X="239" Y="163" T="undefined" />
	<Point X="240" Y="163" T="undefined" />
	<Point X="241" Y="163" T="undefined" />
	<Point X="241" Y="163" T="undefined" />
	<Point X="242" Y="163" T="undefined" />
	<Point X="242" Y="163" T="undefined" />
	<Point X="244" Y="161" T="undefined" />
	<Point X="246" Y="157" T="undefined" />
	<Point X="248" Y="154" T="undefined" />
	<Point X="249" Y="152" T="undefined" />
	<Point X="250" Y="150" T="undefined" />
	<Point X="252" Y="148" T="undefined" />
	<Point X="255" Y="146" T="undefined" />
	<Point X="257" Y="142" T="undefined" />
	<Point X="259" Y="140" T="undefined" />
	<Point X="260" Y="138" T="undefined" />
	<Point X="260" Y="137" T="undefined" />
	<Point X="260" Y="137" T="undefined" />
	<Point X="258" Y="137" T="undefined" />
	<Point X="248" Y="137" T="undefined" />
	<Point X="237" Y="142" T="undefined" />
	<Point X="218" Y="154" T="undefined" />
	<Point X="207" Y="161" T="undefined" />
	<Point X="191" Y="166" T="undefined" />
	<Point X="183" Y="166" T="undefined" />
	<Point X="177" Y="166" T="undefined" />
	<Point X="167" Y="165" T="undefined" />
	<Point X="161" Y="165" T="undefined" />
	<Point X="150" Y="167" T="undefined" />
	<Point X="141" Y="170" T="undefined" />
	<Point X="125" Y="177" T="undefined" />
	<Point X="119" Y="179" T="undefined" />
	<Point X="115" Y="181" T="undefined" />
	<Point X="110" Y="184" T="undefined" />
	<Point X="109" Y="184" T="undefined" />
	<Point X="108" Y="184" T="undefined" />
	<Point X="107" Y="184" T="undefined" />
	<Point X="108" Y="184" T="undefined" />
	<Point X="109" Y="184" T="undefined" />
	<Point X="111" Y="184" T="undefined" />
	<Point X="117" Y="183" T="undefined" />
	<Point X="122" Y="183" T="undefined" />
	<Point X="132" Y="182" T="undefined" />
	<Point X="140" Y="182" T="undefined" />
	<Point X="151" Y="178" T="undefined" />
	<Point X="160" Y="177" T="undefined" />
	<Point X="169" Y="174" T="undefined" />
	<Point X="177" Y="171" T="undefined" />
	<Point X="188" Y="167" T="undefined" />
	<Point X="196" Y="164" T="undefined" />
	<Point X="209" Y="158" T="undefined" />
	<Point X="216" Y="155" T="undefined" />
	<Point X="222" Y="151" T="undefined" />
	<Point X="225" Y="151" T="undefined" />
	<Point X="226" Y="149" T="undefined" />
	<Point X="227" Y="149" T="undefined" />
	<Point X="227" Y="149" T="undefined" />
	<Point X="228" Y="149" T="undefined" />
	<Point X="229" Y="149" T="undefined" />
	<Point X="229" Y="149" T="undefined" />
	<Point X="231" Y="149" T="undefined" />
	<Point X="236" Y="148" T="undefined" />
	<Point X="240" Y="146" T="undefined" />
	<Point X="245" Y="145" T="undefined" />
	<Point X="247" Y="144" T="undefined" />
	<Point X="248" Y="144" T="undefined" />
	<Point X="250" Y="143" T="undefined" />
	<Point X="253" Y="143" T="undefined" />
	<Point X="254" Y="142" T="undefined" />
	<Point X="257" Y="140" T="undefined" />
	<Point X="258" Y="140" T="undefined" />
	<Point X="258" Y="139" T="undefined" />
	<Point X="259" Y="139" T="undefined" />
	<Point X="259" Y="139" T="undefined" />
	<Point X="259" Y="140" T="undefined" />
	<Point X="260" Y="140" T="undefined" />
	<Point X="261" Y="142" T="undefined" />
	<Point X="263" Y="145" T="undefined" />
	<Point X="264" Y="149" T="undefined" />
	<Point X="267" Y="154" T="undefined" />
	<Point X="269" Y="159" T="undefined" />
	<Point X="272" Y="165" T="undefined" />
	<Point X="275" Y="173" T="undefined" />
	<Point X="277" Y="178" T="undefined" />
	<Point X="280" Y="185" T="undefined" />
	<Point X="282" Y="190" T="undefined" />
	<Point X="286" Y="199" T="undefined" />
	<Point X="289" Y="206" T="undefined" />
	<Point X="290" Y="211" T="undefined" />
	<Point X="292" Y="219" T="undefined" />
	<Point X="293" Y="224" T="undefined" />
	<Point X="294" Y="226" T="undefined" />
	<Point X="294" Y="227" T="undefined" />
</Gesture>