<?xml version="1.0" encoding="utf-8" standalone="yes"?>
<Gesture Name="Arrow8" NumPts="125">
	<Point X="129" Y="308" T="undefined" />
	<Point X="132" Y="305" T="undefined" />
	<Point X="135" Y="300" T="undefined" />
	<Point X="144" Y="291" T="undefined" />
	<Point X="154" Y="278" T="undefined" />
	<Point X="165" Y="263" T="undefined" />
	<Point X="182" Y="244" T="undefined" />
	<Point X="193" Y="234" T="undefined" />
	<Point X="208" Y="213" T="undefined" />
	<Point X="215" Y="204" T="undefined" />
	<Point X="220" Y="199" T="undefined" />
	<Point X="226" Y="193" T="undefined" />
	<Point X="229" Y="189" T="undefined" />
	<Point X="232" Y="185" T="undefined" />
	<Point X="235" Y="183" T="undefined" />
	<Point X="239" Y="178" T="undefined" />
	<Point X="245" Y="170" T="undefined" />
	<Point X="249" Y="165" T="undefined" />
	<Point X="254" Y="159" T="undefined" />
	<Point X="257" Y="157" T="undefined" />
	<Point X="261" Y="150" T="undefined" />
	<Point X="263" Y="146" T="undefined" />
	<Point X="264" Y="144" T="undefined" />
	<Point X="264" Y="143" T="undefined" />
	<Point X="263" Y="143" T="undefined" />
	<Point X="259" Y="143" T="undefined" />
	<Point X="253" Y="145" T="undefined" />
	<Point X="244" Y="149" T="undefined" />
	<Point X="224" Y="156" T="undefined" />
	<Point X="212" Y="159" T="undefined" />
	<Point X="197" Y="161" T="undefined" />
	<Point X="190" Y="161" T="undefined" />
	<Point X="182" Y="161" T="undefined" />
	<Point X="172" Y="162" T="undefined" />
	<Point X="165" Y="164" T="undefined" />
	<Point X="158" Y="165" T="undefined" />
	<Point X="151" Y="168" T="undefined" />
	<Point X="144" Y="170" T="undefined" />
	<Point X="140" Y="172" T="undefined" />
	<Point X="137" Y="173" T="undefined" />
	<Point X="136" Y="174" T="undefined" />
	<Point X="134" Y="175" T="undefined" />
	<Point X="134" Y="175" T="undefined" />
	<Point X="133" Y="175" T="undefined" />
	<Point X="134" Y="175" T="undefined" />
	<Point X="135" Y="175" T="undefined" />
	<Point X="138" Y="174" T="undefined" />
	<Point X="142" Y="172" T="undefined" />
	<Point X="151" Y="169" T="undefined" />
	<Point X="156" Y="167" T="undefined" />
	<Point X="164" Y="164" T="undefined" />
	<Point X="170" Y="163" T="undefined" />
	<Point X="176" Y="161" T="undefined" />
	<Point X="182" Y="160" T="undefined" />
	<Point X="186" Y="160" T="undefined" />
	<Point X="191" Y="159" T="undefined" />
	<Point X="193" Y="158" T="undefined" />
	<Point X="197" Y="157" T="undefined" />
	<Point X="200" Y="156" T="undefined" />
	<Point X="203" Y="155" T="undefined" />
	<Point X="208" Y="154" T="undefined" />
	<Point X="210" Y="153" T="undefined" />
	<Point X="214" Y="153" T="undefined" />
	<Point X="217" Y="152" T="undefined" />
	<Point X="221" Y="151" T="undefined" />
	<Point X="223" Y="150" T="undefined" />
	<Point X="226" Y="149" T="undefined" />
	<Point X="230" Y="146" T="undefined" />
	<Point X="233" Y="144" T="undefined" />
	<Point X="235" Y="143" T="undefined" />
	<Point X="237" Y="142" T="undefined" />
	<Point X="239" Y="142" T="undefined" />
	<Point X="241" Y="142" T="undefined" />
	<Point X="243" Y="142" T="undefined" />
	<Point X="248" Y="140" T="undefined" />
	<Point X="251" Y="140" T="undefined" />
	<Point X="254" Y="139" T="undefined" />
	<Point X="256" Y="138" T="undefined" />
	<Point X="258" Y="138" T="undefined" />
	<Point X="258" Y="138" T="undefined" />
	<Point X="259" Y="138" T="undefined" />
	<Point X="259" Y="138" T="undefined" />
	<Point X="261" Y="138" T="undefined" />
	<Point X="262" Y="138" T="undefined" />
	<Point X="264" Y="138" T="undefined" />
	<Point X="265" Y="138" T="undefined" />
	<Point X="266" Y="138" T="undefined" />
	<Point X="267" Y="139" T="undefined" />
	<Point X="268" Y="140" T="undefined" />
	<Point X="268" Y="140" T="undefined" />
	<Point X="269" Y="143" T="undefined" />
	<Point X="269" Y="145" T="undefined" />
	<Point X="271" Y="150" T="undefined" />
	<Point X="272" Y="153" T="undefined" />
	<Point X="273" Y="156" T="undefined" />
	<Point X="274" Y="159" T="undefined" />
	<Point X="275" Y="162" T="undefined" />
	<Point X="277" Y="166" T="undefined" />
	<Point X="278" Y="170" T="undefined" />
	<Point X="281" Y="177" T="undefined" />
	<Point X="284" Y="182" T="undefined" />
	<Point X="286" Y="185" T="undefined" />
	<Point X="289" Y="189" T="undefined" />
	<Point X="289" Y="192" T="undefined" />
	<Point X="291" Y="195" T="undefined" />
	<Point X="292" Y="197" T="undefined" />
	<Point X="293" Y="201" T="undefined" />
	<Point X="294" Y="204" T="undefined" />
	<Point X="295" Y="206" T="undefined" />
	<Point X="296" Y="210" T="undefined" />
	<Point X="297" Y="211" T="undefined" />
	<Point X="298" Y="214" T="undefined" />
	<Point X="299" Y="215" T="undefined" />
	<Point X="299" Y="216" T="undefined" />
	<Point X="299" Y="216" T="undefined" />
	<Point X="299" Y="217" T="undefined" />
	<Point X="299" Y="217" T="undefined" />
	<Point X="301" Y="219" T="undefined" />
	<Point X="302" Y="221" T="undefined" />
	<Point X="303" Y="223" T="undefined" />
	<Point X="304" Y="224" T="undefined" />
	<Point X="304" Y="225" T="undefined" />
	<Point X="304" Y="226" T="undefined" />
	<Point X="305" Y="226" T="undefined" />
	<Point X="301" Y="225" T="undefined" />
</Gesture>