<?xml version="1.0" encoding="utf-8" standalone="yes"?>
<Gesture Name="Arrow9" NumPts="105">
	<Point X="144" Y="350" T="undefined" />
	<Point X="146" Y="347" T="undefined" />
	<Point X="150" Y="342" T="undefined" />
	<Point X="163" Y="327" T="undefined" />
	<Point X="182" Y="305" T="undefined" />
	<Point X="192" Y="294" T="undefined" />
	<Point X="202" Y="284" T="undefined" />
	<Point X="216" Y="267" T="undefined" />
	<Point X="221" Y="260" T="undefined" />
	<Point X="228" Y="252" T="undefined" />
	<Point X="235" Y="245" T="undefined" />
	<Point X="248" Y="231" T="undefined" />
	<Point X="256" Y="218" T="undefined" />
	<Point X="260" Y="210" T="undefined" />
	<Point X="266" Y="200" T="undefined" />
	<Point X="274" Y="187" T="undefined" />
	<Point X="278" Y="180" T="undefined" />
	<Point X="282" Y="174" T="undefined" />
	<Point X="288" Y="167" T="undefined" />
	<Point X="291" Y="163" T="undefined" />
	<Point X="294" Y="160" T="undefined" />
	<Point X="296" Y="158" T="undefined" />
	<Point X="296" Y="157" T="undefined" />
	<Point X="296" Y="157" T="undefined" />
	<Point X="295" Y="157" T="undefined" />
	<Point X="289" Y="156" T="undefined" />
	<Point X="280" Y="158" T="undefined" />
	<Point X="263" Y="163" T="undefined" />
	<Point X="250" Y="168" T="undefined" />
	<Point X="237" Y="175" T="undefined" />
	<Point X="218" Y="184" T="undefined" />
	<Point X="206" Y="188" T="undefined" />
	<Point X="196" Y="191" T="undefined" />
	<Point X="190" Y="192" T="undefined" />
	<Point X="184" Y="193" T="undefined" />
	<Point X="177" Y="194" T="undefined" />
	<Point X="173" Y="195" T="undefined" />
	<Point X="169" Y="195" T="undefined" />
	<Point X="166" Y="195" T="undefined" />
	<Point X="163" Y="196" T="undefined" />
	<Point X="162" Y="196" T="undefined" />
	<Point X="161" Y="197" T="undefined" />
	<Point X="160" Y="197" T="undefined" />
	<Point X="161" Y="196" T="undefined" />
	<Point X="162" Y="196" T="undefined" />
	<Point X="164" Y="195" T="undefined" />
	<Point X="174" Y="191" T="undefined" />
	<Point X="181" Y="188" T="undefined" />
	<Point X="192" Y="182" T="undefined" />
	<Point X="200" Y="179" T="undefined" />
	<Point X="208" Y="176" T="undefined" />
	<Point X="216" Y="173" T="undefined" />
	<Point X="221" Y="172" T="undefined" />
	<Point X="225" Y="171" T="undefined" />
	<Point X="228" Y="170" T="undefined" />
	<Point X="233" Y="168" T="undefined" />
	<Point X="238" Y="166" T="undefined" />
	<Point X="242" Y="165" T="undefined" />
	<Point X="248" Y="164" T="undefined" />
	<Point X="251" Y="163" T="undefined" />
	<Point X="253" Y="163" T="undefined" />
	<Point X="254" Y="163" T="undefined" />
	<Point X="258" Y="162" T="undefined" />
	<Point X="262" Y="161" T="undefined" />
	<Point X="268" Y="160" T="undefined" />
	<Point X="272" Y="159" T="undefined" />
	<Point X="276" Y="158" T="undefined" />
	<Point X="279" Y="158" T="undefined" />
	<Point X="281" Y="157" T="undefined" />
	<Point X="284" Y="157" T="undefined" />
	<Point X="285" Y="156" T="undefined" />
	<Point X="286" Y="155" T="undefined" />
	<Point X="289" Y="155" T="undefined" />
	<Point X="289" Y="155" T="undefined" />
	<Point X="290" Y="155" T="undefined" />
	<Point X="291" Y="155" T="undefined" />
	<Point X="291" Y="155" T="undefined" />
	<Point X="292" Y="155" T="undefined" />
	<Point X="292" Y="155" T="undefined" />
	<Point X="294" Y="157" T="undefined" />
	<Point X="295" Y="158" T="undefined" />
	<Point X="297" Y="160" T="undefined" />
	<Point X="299" Y="162" T="undefined" />
	<Point X="301" Y="164" T="undefined" />
	<Point X="303" Y="167" T="undefined" />
	<Point X="308" Y="176" T="undefined" />
	<Point X="309" Y="181" T="undefined" />
	<Point X="313" Y="188" T="undefined" />
	<Point X="314" Y="195" T="undefined" />
	<Point X="317" Y="201" T="undefined" />
	<Point X="320" Y="216" T="undefined" />
	<Point X="323" Y="227" T="undefined" />
	<Point X="327" Y="240" T="undefined" />
	<Point X="328" Y="247" T="undefined" />
	<Point X="331" Y="254" T="undefined" />
	<Point X="332" Y="261" T="undefined" />
	<Point X="333" Y="264" T="undefined" />
	<Point X="336" Y="268" T="undefined" />
	<Point X="337" Y="272" T="undefined" />
	<Point X="339" Y="276" T="undefined" />
	<Point X="342" Y="281" T="undefined" />
	<Point X="345" Y="286" T="undefined" />
	<Point X="346" Y="292" T="undefined" />
	<Point X="346" Y="293" T="undefined" />
	<Point X="346" Y="294" T="undefined" />
</Gesture>