<?xml version="1.0" encoding="utf-8" standalone="yes"?>
<Gesture Name="Caret7" NumPts="39">
	<Point X="133" Y="296" T="undefined" />
	<Point X="135" Y="292" T="undefined" />
	<Point X="137" Y="287" T="undefined" />
	<Point X="144" Y="272" T="undefined" />
	<Point X="150" Y="261" T="undefined" />
	<Point X="157" Y="248" T="undefined" />
	<Point X="164" Y="236" T="undefined" />
	<Point X="174" Y="218" T="undefined" />
	<Point X="180" Y="208" T="undefined" />
	<Point X="187" Y="193" T="undefined" />
	<Point X="191" Y="187" T="undefined" />
	<Point X="192" Y="181" T="undefined" />
	<Point X="195" Y="176" T="undefined" />
	<Point X="196" Y="174" T="undefined" />
	<Point X="197" Y="172" T="undefined" />
	<Point X="198" Y="170" T="undefined" />
	<Point X="200" Y="168" T="undefined" />
	<Point X="203" Y="164" T="undefined" />
	<Point X="207" Y="157" T="undefined" />
	<Point X="207" Y="154" T="undefined" />
	<Point X="207" Y="153" T="undefined" />
	<Point X="208" Y="153" T="undefined" />
	<Point X="210" Y="153" T="undefined" />
	<Point X="213" Y="155" T="undefined" />
	<Point X="218" Y="159" T="undefined" />
	<Point X="222" Y="164" T="undefined" />
	<Point X="226" Y="168" T="undefined" />
	<Point X="235" Y="182" T="undefined" />
	<Point X="242" Y="194" T="undefined" />
	<Point X="251" Y="208" T="undefined" />
	<Point X="264" Y="225" T="undefined" />
	<Point X="273" Y="244" T="undefined" />
	<Point X="280" Y="255" T="undefined" />
	<Point X="299" Y="271" T="undefined" />
	<Point X="308" Y="282" T="undefined" />
	<Point X="315" Y="290" T="undefined" />
	<Point X="323" Y="298" T="undefined" />
	<Point X="328" Y="300" T="undefined" />
	<Point X="330" Y="300" T="undefined" />
</Gesture>