<?xml version="1.0" encoding="utf-8" standalone="yes"?>
<Gesture Name="Caret1" NumPts="91">
	<Point X="96" Y="271" T="undefined" />
	<Point X="97" Y="269" T="undefined" />
	<Point X="98" Y="266" T="undefined" />
	<Point X="101" Y="262" T="undefined" />
	<Point X="104" Y="258" T="undefined" />
	<Point X="108" Y="253" T="undefined" />
	<Point X="111" Y="250" T="undefined" />
	<Point X="113" Y="246" T="undefined" />
	<Point X="115" Y="244" T="undefined" />
	<Point X="118" Y="241" T="undefined" />
	<Point X="120" Y="238" T="undefined" />
	<Point X="124" Y="233" T="undefined" />
	<Point X="129" Y="225" T="undefined" />
	<Point X="133" Y="219" T="undefined" />
	<Point X="138" Y="212" T="undefined" />
	<Point X="140" Y="210" T="undefined" />
	<Point X="143" Y="207" T="undefined" />
	<Point X="146" Y="203" T="undefined" />
	<Point X="148" Y="199" T="undefined" />
	<Point X="151" Y="194" T="undefined" />
	<Point X="153" Y="190" T="undefined" />
	<Point X="157" Y="184" T="undefined" />
	<Point X="158" Y="181" T="undefined" />
	<Point X="159" Y="178" T="undefined" />
	<Point X="160" Y="176" T="undefined" />
	<Point X="161" Y="175" T="undefined" />
	<Point X="162" Y="174" T="undefined" />
	<Point X="163" Y="173" T="undefined" />
	<Point X="163" Y="172" T="undefined" />
	<Point X="164" Y="171" T="undefined" />
	<Point X="164" Y="171" T="undefined" />
	<Point X="164" Y="171" T="undefined" />
	<Point X="166" Y="169" T="undefined" />
	<Point X="168" Y="168" T="undefined" />
	<Point X="170" Y="164" T="undefined" />
	<Point X="171" Y="163" T="undefined" />
	<Point X="172" Y="163" T="undefined" />
	<Point X="172" Y="162" T="undefined" />
	<Point X="172" Y="161" T="undefined" />
	<Point X="173" Y="159" T="undefined" />
	<Point X="174" Y="158" T="undefined" />
	<Point X="175" Y="156" T="undefined" />
	<Point X="175" Y="155" T="undefined" />
	<Point X="175" Y="154" T="undefined" />
	<Point X="177" Y="153" T="undefined" />
	<Point X="179" Y="150" T="undefined" />
	<Point X="181" Y="149" T="undefined" />
	<Point X="182" Y="148" T="undefined" />
	<Point X="182" Y="149" T="undefined" />
	<Point X="183" Y="149" T="undefined" />
	<Point X="185" Y="154" T="undefined" />
	<Point X="187" Y="158" T="undefined" />
	<Point X="189" Y="162" T="undefined" />
	<Point X="191" Y="165" T="undefined" />
	<Point X="192" Y="166" T="undefined" />
	<Point X="193" Y="169" T="undefined" />
	<Point X="195" Y="171" T="undefined" />
	<Point X="196" Y="174" T="undefined" />
	<Point X="199" Y="180" T="undefined" />
	<Point X="201" Y="184" T="undefined" />
	<Point X="202" Y="189" T="undefined" />
	<Point X="203" Y="193" T="undefined" />
	<Point X="204" Y="195" T="undefined" />
	<Point X="206" Y="199" T="undefined" />
	<Point X="209" Y="201" T="undefined" />
	<Point X="211" Y="205" T="undefined" />
	<Point X="213" Y="208" T="undefined" />
	<Point X="216" Y="212" T="undefined" />
	<Point X="220" Y="218" T="undefined" />
	<Point X="222" Y="222" T="undefined" />
	<Point X="226" Y="227" T="undefined" />
	<Point X="228" Y="232" T="undefined" />
	<Point X="230" Y="235" T="undefined" />
	<Point X="233" Y="240" T="undefined" />
	<Point X="235" Y="243" T="undefined" />
	<Point X="238" Y="249" T="undefined" />
	<Point X="240" Y="253" T="undefined" />
	<Point X="243" Y="258" T="undefined" />
	<Point X="246" Y="262" T="undefined" />
	<Point X="249" Y="266" T="undefined" />
	<Point X="254" Y="269" T="undefined" />
	<Point X="257" Y="272" T="undefined" />
	<Point X="260" Y="276" T="undefined" />
	<Point X="262" Y="278" T="undefined" />
	<Point X="264" Y="279" T="undefined" />
	<Point X="265" Y="282" T="undefined" />
	<Point X="266" Y="283" T="undefined" />
	<Point X="267" Y="285" T="undefined" />
	<Point X="268" Y="287" T="undefined" />
	<Point X="269" Y="288" T="undefined" />
	<Point X="269" Y="288" T="undefined" />
</Gesture>