<?xml version="1.0" encoding="utf-8" standalone="yes"?>
<Gesture Name="Caret0" NumPts="111">
	<Point X="153" Y="307" T="undefined" />
	<Point X="153" Y="307" T="undefined" />
	<Point X="153" Y="306" T="undefined" />
	<Point X="155" Y="304" T="undefined" />
	<Point X="156" Y="303" T="undefined" />
	<Point X="158" Y="298" T="undefined" />
	<Point X="160" Y="294" T="undefined" />
	<Point X="162" Y="289" T="undefined" />
	<Point X="165" Y="282" T="undefined" />
	<Point X="166" Y="280" T="undefined" />
	<Point X="166" Y="278" T="undefined" />
	<Point X="167" Y="276" T="undefined" />
	<Point X="168" Y="273" T="undefined" />
	<Point X="170" Y="270" T="undefined" />
	<Point X="175" Y="262" T="undefined" />
	<Point X="180" Y="255" T="undefined" />
	<Point X="182" Y="251" T="undefined" />
	<Point X="183" Y="247" T="undefined" />
	<Point X="183" Y="246" T="undefined" />
	<Point X="184" Y="245" T="undefined" />
	<Point X="185" Y="243" T="undefined" />
	<Point X="187" Y="239" T="undefined" />
	<Point X="190" Y="232" T="undefined" />
	<Point X="193" Y="225" T="undefined" />
	<Point X="196" Y="220" T="undefined" />
	<Point X="199" Y="213" T="undefined" />
	<Point X="200" Y="210" T="undefined" />
	<Point X="202" Y="206" T="undefined" />
	<Point X="205" Y="201" T="undefined" />
	<Point X="215" Y="188" T="undefined" />
	<Point X="227" Y="169" T="undefined" />
	<Point X="233" Y="156" T="undefined" />
	<Point X="234" Y="155" T="undefined" />
	<Point X="235" Y="154" T="undefined" />
	<Point X="235" Y="153" T="undefined" />
	<Point X="235" Y="153" T="undefined" />
	<Point X="235" Y="154" T="undefined" />
	<Point X="236" Y="155" T="undefined" />
	<Point X="236" Y="156" T="undefined" />
	<Point X="238" Y="159" T="undefined" />
	<Point X="239" Y="160" T="undefined" />
	<Point X="240" Y="164" T="undefined" />
	<Point X="241" Y="166" T="undefined" />
	<Point X="241" Y="168" T="undefined" />
	<Point X="242" Y="170" T="undefined" />
	<Point X="242" Y="171" T="undefined" />
	<Point X="243" Y="173" T="undefined" />
	<Point X="244" Y="175" T="undefined" />
	<Point X="245" Y="179" T="undefined" />
	<Point X="245" Y="184" T="undefined" />
	<Point X="246" Y="186" T="undefined" />
	<Point X="246" Y="189" T="undefined" />
	<Point X="247" Y="190" T="undefined" />
	<Point X="247" Y="192" T="undefined" />
	<Point X="249" Y="196" T="undefined" />
	<Point X="249" Y="201" T="undefined" />
	<Point X="251" Y="207" T="undefined" />
	<Point X="252" Y="211" T="undefined" />
	<Point X="253" Y="217" T="undefined" />
	<Point X="254" Y="219" T="undefined" />
	<Point X="255" Y="222" T="undefined" />
	<Point X="258" Y="227" T="undefined" />
	<Point X="259" Y="230" T="undefined" />
	<Point X="262" Y="237" T="undefined" />
	<Point X="263" Y="241" T="undefined" />
	<Point X="263" Y="244" T="undefined" />
	<Point X="266" Y="248" T="undefined" />
	<Point X="267" Y="251" T="undefined" />
	<Point X="269" Y="254" T="undefined" />
	<Point X="270" Y="256" T="undefined" />
	<Point X="271" Y="260" T="undefined" />
	<Point X="273" Y="263" T="undefined" />
	<Point X="274" Y="266" T="undefined" />
	<Point X="275" Y="269" T="undefined" />
	<Point X="276" Y="272" T="undefined" />
	<Point X="277" Y="276" T="undefined" />
	<Point X="278" Y="279" T="undefined" />
	<Point X="280" Y="281" T="undefined" />
	<Point X="280" Y="284" T="undefined" />
	<Point X="281" Y="285" T="undefined" />
	<Point X="281" Y="286" T="undefined" />
	<Point X="282" Y="286" T="undefined" />
	<Point X="282" Y="288" T="undefined" />
	<Point X="283" Y="289" T="undefined" />
	<Point X="284" Y="290" T="undefined" />
	<Point X="284" Y="291" T="undefined" />
	<Point X="285" Y="292" T="undefined" />
	<Point X="286" Y="293" T="undefined" />
	<Point X="287" Y="294" T="undefined" />
	<Point X="288" Y="296" T="undefined" />
	<Point X="288" Y="296" T="undefined" />
	<Point X="288" Y="297" T="undefined" />
	<Point X="288" Y="298" T="undefined" />
	<Point X="288" Y="298" T="undefined" />
	<Point X="289" Y="298" T="undefined" />
	<Point X="289" Y="299" T="undefined" />
	<Point X="289" Y="300" T="undefined" />
	<Point X="289" Y="300" T="undefined" />
	<Point X="291" Y="302" T="undefined" />
	<Point X="291" Y="302" T="undefined" />
	<Point X="292" Y="304" T="undefined" />
	<Point X="293" Y="304" T="undefined" />
	<Point X="293" Y="305" T="undefined" />
	<Point X="293" Y="306" T="undefined" />
	<Point X="294" Y="306" T="undefined" />
	<Point X="294" Y="306" T="undefined" />
	<Point X="295" Y="306" T="undefined" />
	<Point X="295" Y="307" T="undefined" />
	<Point X="295" Y="308" T="undefined" />
	<Point X="294" Y="307" T="undefined" />
	<Point X="294" Y="307" T="undefined" />
</Gesture>