<?xml version="1.0" encoding="utf-8" standalone="yes"?>
<Gesture Name="Caret5" NumPts="39">
	<Point X="85" Y="284" T="undefined" />
	<Point X="89" Y="280" T="undefined" />
	<Point X="100" Y="265" T="undefined" />
	<Point X="112" Y="250" T="undefined" />
	<Point X="130" Y="230" T="undefined" />
	<Point X="138" Y="219" T="undefined" />
	<Point X="145" Y="211" T="undefined" />
	<Point X="149" Y="205" T="undefined" />
	<Point X="150" Y="202" T="undefined" />
	<Point X="150" Y="201" T="undefined" />
	<Point X="150" Y="200" T="undefined" />
	<Point X="151" Y="200" T="undefined" />
	<Point X="151" Y="199" T="undefined" />
	<Point X="152" Y="199" T="undefined" />
	<Point X="152" Y="198" T="undefined" />
	<Point X="153" Y="197" T="undefined" />
	<Point X="154" Y="196" T="undefined" />
	<Point X="157" Y="194" T="undefined" />
	<Point X="163" Y="190" T="undefined" />
	<Point X="167" Y="186" T="undefined" />
	<Point X="169" Y="184" T="undefined" />
	<Point X="170" Y="184" T="undefined" />
	<Point X="170" Y="183" T="undefined" />
	<Point X="170" Y="184" T="undefined" />
	<Point X="171" Y="184" T="undefined" />
	<Point X="172" Y="185" T="undefined" />
	<Point X="174" Y="187" T="undefined" />
	<Point X="178" Y="191" T="undefined" />
	<Point X="181" Y="195" T="undefined" />
	<Point X="190" Y="211" T="undefined" />
	<Point X="195" Y="222" T="undefined" />
	<Point X="201" Y="232" T="undefined" />
	<Point X="214" Y="253" T="undefined" />
	<Point X="223" Y="266" T="undefined" />
	<Point X="234" Y="281" T="undefined" />
	<Point X="240" Y="290" T="undefined" />
	<Point X="246" Y="297" T="undefined" />
	<Point X="248" Y="299" T="undefined" />
	<Point X="250" Y="300" T="undefined" />
</Gesture>