<?xml version="1.0" encoding="utf-8" standalone="yes"?>
<Gesture Name="Caret9" NumPts="32">
	<Point X="90" Y="271" T="undefined" />
	<Point X="95" Y="264" T="undefined" />
	<Point X="100" Y="255" T="undefined" />
	<Point X="111" Y="238" T="undefined" />
	<Point X="125" Y="215" T="undefined" />
	<Point X="135" Y="203" T="undefined" />
	<Point X="143" Y="191" T="undefined" />
	<Point X="145" Y="187" T="undefined" />
	<Point X="147" Y="183" T="undefined" />
	<Point X="148" Y="180" T="undefined" />
	<Point X="150" Y="178" T="undefined" />
	<Point X="155" Y="169" T="undefined" />
	<Point X="160" Y="161" T="undefined" />
	<Point X="164" Y="154" T="undefined" />
	<Point X="166" Y="151" T="undefined" />
	<Point X="168" Y="148" T="undefined" />
	<Point X="169" Y="151" T="undefined" />
	<Point X="172" Y="156" T="undefined" />
	<Point X="176" Y="165" T="undefined" />
	<Point X="182" Y="173" T="undefined" />
	<Point X="192" Y="195" T="undefined" />
	<Point X="201" Y="212" T="undefined" />
	<Point X="210" Y="224" T="undefined" />
	<Point X="221" Y="239" T="undefined" />
	<Point X="229" Y="247" T="undefined" />
	<Point X="234" Y="254" T="undefined" />
	<Point X="240" Y="262" T="undefined" />
	<Point X="244" Y="268" T="undefined" />
	<Point X="249" Y="276" T="undefined" />
	<Point X="251" Y="280" T="undefined" />
	<Point X="251" Y="281" T="undefined" />
	<Point X="251" Y="282" T="undefined" />
</Gesture>