<?xml version="1.0" encoding="utf-8" standalone="yes"?>
<Gesture Name="Caret2" NumPts="54">
	<Point X="91" Y="283" T="undefined" />
	<Point X="92" Y="281" T="undefined" />
	<Point X="93" Y="279" T="undefined" />
	<Point X="95" Y="276" T="undefined" />
	<Point X="97" Y="270" T="undefined" />
	<Point X="98" Y="262" T="undefined" />
	<Point X="99" Y="258" T="undefined" />
	<Point X="100" Y="251" T="undefined" />
	<Point X="101" Y="246" T="undefined" />
	<Point X="104" Y="236" T="undefined" />
	<Point X="108" Y="228" T="undefined" />
	<Point X="112" Y="220" T="undefined" />
	<Point X="115" Y="215" T="undefined" />
	<Point X="117" Y="213" T="undefined" />
	<Point X="120" Y="208" T="undefined" />
	<Point X="124" Y="204" T="undefined" />
	<Point X="128" Y="197" T="undefined" />
	<Point X="134" Y="185" T="undefined" />
	<Point X="136" Y="175" T="undefined" />
	<Point X="138" Y="171" T="undefined" />
	<Point X="139" Y="167" T="undefined" />
	<Point X="141" Y="160" T="undefined" />
	<Point X="143" Y="155" T="undefined" />
	<Point X="144" Y="151" T="undefined" />
	<Point X="145" Y="149" T="undefined" />
	<Point X="145" Y="149" T="undefined" />
	<Point X="145" Y="148" T="undefined" />
	<Point X="145" Y="148" T="undefined" />
	<Point X="146" Y="148" T="undefined" />
	<Point X="148" Y="151" T="undefined" />
	<Point X="150" Y="153" T="undefined" />
	<Point X="151" Y="158" T="undefined" />
	<Point X="154" Y="164" T="undefined" />
	<Point X="156" Y="172" T="undefined" />
	<Point X="159" Y="178" T="undefined" />
	<Point X="162" Y="186" T="undefined" />
	<Point X="165" Y="191" T="undefined" />
	<Point X="168" Y="196" T="undefined" />
	<Point X="171" Y="200" T="undefined" />
	<Point X="179" Y="208" T="undefined" />
	<Point X="186" Y="218" T="undefined" />
	<Point X="197" Y="234" T="undefined" />
	<Point X="201" Y="239" T="undefined" />
	<Point X="206" Y="245" T="undefined" />
	<Point X="215" Y="254" T="undefined" />
	<Point X="220" Y="260" T="undefined" />
	<Point X="226" Y="266" T="undefined" />
	<Point X="234" Y="274" T="undefined" />
	<Point X="239" Y="278" T="undefined" />
	<Point X="244" Y="282" T="undefined" />
	<Point X="246" Y="283" T="undefined" />
	<Point X="247" Y="284" T="undefined" />
	<Point X="247" Y="285" T="undefined" />
	<Point X="240" Y="284" T="undefined" />
</Gesture>