<?xml version="1.0" encoding="utf-8" standalone="yes"?>
<Gesture Name="Caret8" NumPts="48">
	<Point X="123" Y="319" T="undefined" />
	<Point X="127" Y="315" T="undefined" />
	<Point X="131" Y="305" T="undefined" />
	<Point X="136" Y="298" T="undefined" />
	<Point X="140" Y="289" T="undefined" />
	<Point X="147" Y="276" T="undefined" />
	<Point X="153" Y="267" T="undefined" />
	<Point X="158" Y="259" T="undefined" />
	<Point X="163" Y="251" T="undefined" />
	<Point X="167" Y="243" T="undefined" />
	<Point X="174" Y="231" T="undefined" />
	<Point X="178" Y="224" T="undefined" />
	<Point X="184" Y="217" T="undefined" />
	<Point X="188" Y="210" T="undefined" />
	<Point X="191" Y="206" T="undefined" />
	<Point X="192" Y="202" T="undefined" />
	<Point X="194" Y="200" T="undefined" />
	<Point X="195" Y="197" T="undefined" />
	<Point X="196" Y="196" T="undefined" />
	<Point X="197" Y="194" T="undefined" />
	<Point X="199" Y="192" T="undefined" />
	<Point X="199" Y="191" T="undefined" />
	<Point X="199" Y="190" T="undefined" />
	<Point X="199" Y="190" T="undefined" />
	<Point X="200" Y="190" T="undefined" />
	<Point X="200" Y="189" T="undefined" />
	<Point X="203" Y="189" T="undefined" />
	<Point X="206" Y="189" T="undefined" />
	<Point X="212" Y="191" T="undefined" />
	<Point X="217" Y="194" T="undefined" />
	<Point X="222" Y="199" T="undefined" />
	<Point X="228" Y="207" T="undefined" />
	<Point X="232" Y="211" T="undefined" />
	<Point X="237" Y="218" T="undefined" />
	<Point X="240" Y="224" T="undefined" />
	<Point X="245" Y="232" T="undefined" />
	<Point X="252" Y="243" T="undefined" />
	<Point X="255" Y="250" T="undefined" />
	<Point X="263" Y="264" T="undefined" />
	<Point X="269" Y="282" T="undefined" />
	<Point X="277" Y="301" T="undefined" />
	<Point X="285" Y="309" T="undefined" />
	<Point X="290" Y="318" T="undefined" />
	<Point X="297" Y="329" T="undefined" />
	<Point X="299" Y="333" T="undefined" />
	<Point X="301" Y="337" T="undefined" />
	<Point X="303" Y="339" T="undefined" />
	<Point X="304" Y="340" T="undefined" />
</Gesture>