<?xml version="1.0" encoding="utf-8" standalone="yes"?>
<Gesture Name="Caret3" NumPts="56">
	<Point X="99" Y="261" T="undefined" />
	<Point X="101" Y="259" T="undefined" />
	<Point X="102" Y="257" T="undefined" />
	<Point X="107" Y="252" T="undefined" />
	<Point X="110" Y="248" T="undefined" />
	<Point X="113" Y="243" T="undefined" />
	<Point X="115" Y="238" T="undefined" />
	<Point X="115" Y="235" T="undefined" />
	<Point X="117" Y="231" T="undefined" />
	<Point X="119" Y="226" T="undefined" />
	<Point X="121" Y="222" T="undefined" />
	<Point X="122" Y="219" T="undefined" />
	<Point X="125" Y="214" T="undefined" />
	<Point X="128" Y="208" T="undefined" />
	<Point X="135" Y="196" T="undefined" />
	<Point X="139" Y="187" T="undefined" />
	<Point X="144" Y="178" T="undefined" />
	<Point X="147" Y="174" T="undefined" />
	<Point X="149" Y="170" T="undefined" />
	<Point X="151" Y="166" T="undefined" />
	<Point X="152" Y="163" T="undefined" />
	<Point X="154" Y="159" T="undefined" />
	<Point X="157" Y="154" T="undefined" />
	<Point X="159" Y="150" T="undefined" />
	<Point X="161" Y="146" T="undefined" />
	<Point X="162" Y="144" T="undefined" />
	<Point X="162" Y="143" T="undefined" />
	<Point X="163" Y="144" T="undefined" />
	<Point X="163" Y="145" T="undefined" />
	<Point X="164" Y="146" T="undefined" />
	<Point X="168" Y="151" T="undefined" />
	<Point X="171" Y="155" T="undefined" />
	<Point X="174" Y="162" T="undefined" />
	<Point X="176" Y="165" T="undefined" />
	<Point X="178" Y="168" T="undefined" />
	<Point X="181" Y="171" T="undefined" />
	<Point X="183" Y="174" T="undefined" />
	<Point X="187" Y="179" T="undefined" />
	<Point X="190" Y="184" T="undefined" />
	<Point X="193" Y="190" T="undefined" />
	<Point X="194" Y="194" T="undefined" />
	<Point X="197" Y="198" T="undefined" />
	<Point X="199" Y="201" T="undefined" />
	<Point X="206" Y="211" T="undefined" />
	<Point X="210" Y="217" T="undefined" />
	<Point X="214" Y="223" T="undefined" />
	<Point X="218" Y="229" T="undefined" />
	<Point X="220" Y="232" T="undefined" />
	<Point X="223" Y="235" T="undefined" />
	<Point X="226" Y="241" T="undefined" />
	<Point X="229" Y="247" T="undefined" />
	<Point X="235" Y="256" T="undefined" />
	<Point X="237" Y="260" T="undefined" />
	<Point X="239" Y="262" T="undefined" />
	<Point X="241" Y="264" T="undefined" />
	<Point X="241" Y="265" T="undefined" />
</Gesture>