<?xml version="1.0" encoding="utf-8" standalone="yes"?>
<Gesture Name="Caret4" NumPts="31">
	<Point X="71" Y="289" T="undefined" />
	<Point X="72" Y="285" T="undefined" />
	<Point X="75" Y="281" T="undefined" />
	<Point X="79" Y="275" T="undefined" />
	<Point X="87" Y="263" T="undefined" />
	<Point X="93" Y="254" T="undefined" />
	<Point X="99" Y="244" T="undefined" />
	<Point X="108" Y="233" T="undefined" />
	<Point X="116" Y="223" T="undefined" />
	<Point X="128" Y="201" T="undefined" />
	<Point X="135" Y="189" T="undefined" />
	<Point X="142" Y="179" T="undefined" />
	<Point X="153" Y="162" T="undefined" />
	<Point X="157" Y="155" T="undefined" />
	<Point X="159" Y="151" T="undefined" />
	<Point X="159" Y="150" T="undefined" />
	<Point X="160" Y="153" T="undefined" />
	<Point X="163" Y="160" T="undefined" />
	<Point X="166" Y="168" T="undefined" />
	<Point X="172" Y="184" T="undefined" />
	<Point X="187" Y="210" T="undefined" />
	<Point X="203" Y="239" T="undefined" />
	<Point X="214" Y="255" T="undefined" />
	<Point X="229" Y="275" T="undefined" />
	<Point X="246" Y="294" T="undefined" />
	<Point X="256" Y="303" T="undefined" />
	<Point X="268" Y="314" T="undefined" />
	<Point X="283" Y="326" T="undefined" />
	<Point X="288" Y="331" T="undefined" />
	<Point X="292" Y="335" T="undefined" />
	<Point X="293" Y="336" T="undefined" />
</Gesture>