<?xml version="1.0" encoding="utf-8" standalone="yes"?>
<Gesture Name="Caret6" NumPts="35">
	<Point X="161" Y="297" T="undefined" />
	<Point X="164" Y="293" T="undefined" />
	<Point X="167" Y="288" T="undefined" />
	<Point X="181" Y="270" T="undefined" />
	<Point X="190" Y="258" T="undefined" />
	<Point X="202" Y="240" T="undefined" />
	<Point X="209" Y="229" T="undefined" />
	<Point X="212" Y="223" T="undefined" />
	<Point X="217" Y="215" T="undefined" />
	<Point X="218" Y="211" T="undefined" />
	<Point X="220" Y="207" T="undefined" />
	<Point X="222" Y="204" T="undefined" />
	<Point X="226" Y="199" T="undefined" />
	<Point X="228" Y="196" T="undefined" />
	<Point X="230" Y="193" T="undefined" />
	<Point X="231" Y="189" T="undefined" />
	<Point X="231" Y="188" T="undefined" />
	<Point X="231" Y="188" T="undefined" />
	<Point X="233" Y="189" T="undefined" />
	<Point X="235" Y="191" T="undefined" />
	<Point X="244" Y="202" T="undefined" />
	<Point X="249" Y="209" T="undefined" />
	<Point X="256" Y="219" T="undefined" />
	<Point X="260" Y="226" T="undefined" />
	<Point X="266" Y="233" T="undefined" />
	<Point X="274" Y="243" T="undefined" />
	<Point X="285" Y="260" T="undefined" />
	<Point X="290" Y="268" T="undefined" />
	<Point X="292" Y="273" T="undefined" />
	<Point X="296" Y="278" T="undefined" />
	<Point X="298" Y="281" T="undefined" />
	<Point X="301" Y="285" T="undefined" />
	<Point X="302" Y="286" T="undefined" />
	<Point X="303" Y="288" T="undefined" />
	<Point X="303" Y="288" T="undefined" />
</Gesture>