<?xml version="1.0" encoding="utf-8" standalone="yes"?>
<Gesture Name="Check2" NumPts="62">
	<Point X="111" Y="257" T="undefined" />
	<Point X="111" Y="258" T="undefined" />
	<Point X="112" Y="258" T="undefined" />
	<Point X="112" Y="259" T="undefined" />
	<Point X="113" Y="260" T="undefined" />
	<Point X="115" Y="262" T="undefined" />
	<Point X="117" Y="264" T="undefined" />
	<Point X="118" Y="267" T="undefined" />
	<Point X="120" Y="269" T="undefined" />
	<Point X="122" Y="271" T="undefined" />
	<Point X="124" Y="273" T="undefined" />
	<Point X="126" Y="275" T="undefined" />
	<Point X="129" Y="279" T="undefined" />
	<Point X="131" Y="281" T="undefined" />
	<Point X="132" Y="283" T="undefined" />
	<Point X="133" Y="284" T="undefined" />
	<Point X="134" Y="286" T="undefined" />
	<Point X="136" Y="287" T="undefined" />
	<Point X="137" Y="288" T="undefined" />
	<Point X="139" Y="291" T="undefined" />
	<Point X="140" Y="293" T="undefined" />
	<Point X="142" Y="295" T="undefined" />
	<Point X="143" Y="298" T="undefined" />
	<Point X="145" Y="300" T="undefined" />
	<Point X="145" Y="302" T="undefined" />
	<Point X="146" Y="303" T="undefined" />
	<Point X="146" Y="304" T="undefined" />
	<Point X="146" Y="306" T="undefined" />
	<Point X="146" Y="306" T="undefined" />
	<Point X="147" Y="307" T="undefined" />
	<Point X="148" Y="308" T="undefined" />
	<Point X="149" Y="310" T="undefined" />
	<Point X="150" Y="312" T="undefined" />
	<Point X="151" Y="315" T="undefined" />
	<Point X="152" Y="316" T="undefined" />
	<Point X="152" Y="317" T="undefined" />
	<Point X="152" Y="319" T="undefined" />
	<Point X="152" Y="319" T="undefined" />
	<Point X="152" Y="320" T="undefined" />
	<Point X="152" Y="320" T="undefined" />
	<Point X="152" Y="320" T="undefined" />
	<Point X="153" Y="320" T="undefined" />
	<Point X="153" Y="320" T="undefined" />
	<Point X="155" Y="319" T="undefined" />
	<Point X="158" Y="315" T="undefined" />
	<Point X="164" Y="307" T="undefined" />
	<Point X="176" Y="284" T="undefined" />
	<Point X="183" Y="272" T="undefined" />
	<Point X="193" Y="257" T="undefined" />
	<Point X="206" Y="238" T="undefined" />
	<Point X="212" Y="231" T="undefined" />
	<Point X="224" Y="220" T="undefined" />
	<Point X="231" Y="213" T="undefined" />
	<Point X="243" Y="192" T="undefined" />
	<Point X="250" Y="180" T="undefined" />
	<Point X="258" Y="167" T="undefined" />
	<Point X="266" Y="153" T="undefined" />
	<Point X="268" Y="150" T="undefined" />
	<Point X="270" Y="147" T="undefined" />
	<Point X="271" Y="147" T="undefined" />
	<Point X="272" Y="146" T="undefined" />
	<Point X="273" Y="145" T="undefined" />
</Gesture>