<?xml version="1.0" encoding="utf-8" standalone="yes"?>
<Gesture Name="Check9" NumPts="34">
	<Point X="129" Y="239" T="undefined" />
	<Point X="130" Y="243" T="undefined" />
	<Point X="134" Y="250" T="undefined" />
	<Point X="136" Y="256" T="undefined" />
	<Point X="140" Y="263" T="undefined" />
	<Point X="145" Y="269" T="undefined" />
	<Point X="147" Y="274" T="undefined" />
	<Point X="151" Y="280" T="undefined" />
	<Point X="151" Y="282" T="undefined" />
	<Point X="152" Y="284" T="undefined" />
	<Point X="154" Y="287" T="undefined" />
	<Point X="155" Y="291" T="undefined" />
	<Point X="156" Y="293" T="undefined" />
	<Point X="157" Y="295" T="undefined" />
	<Point X="157" Y="296" T="undefined" />
	<Point X="157" Y="297" T="undefined" />
	<Point X="158" Y="297" T="undefined" />
	<Point X="159" Y="297" T="undefined" />
	<Point X="159" Y="296" T="undefined" />
	<Point X="161" Y="296" T="undefined" />
	<Point X="164" Y="295" T="undefined" />
	<Point X="169" Y="292" T="undefined" />
	<Point X="173" Y="287" T="undefined" />
	<Point X="191" Y="265" T="undefined" />
	<Point X="206" Y="249" T="undefined" />
	<Point X="228" Y="219" T="undefined" />
	<Point X="255" Y="180" T="undefined" />
	<Point X="278" Y="142" T="undefined" />
	<Point X="289" Y="128" T="undefined" />
	<Point X="297" Y="117" T="undefined" />
	<Point X="299" Y="115" T="undefined" />
	<Point X="299" Y="115" T="undefined" />
	<Point X="299" Y="116" T="undefined" />
	<Point X="299" Y="116" T="undefined" />
</Gesture>