<?xml version="1.0" encoding="utf-8" standalone="yes"?>
<Gesture Name="Check1" NumPts="63">
	<Point X="99" Y="216" T="undefined" />
	<Point X="100" Y="217" T="undefined" />
	<Point X="101" Y="218" T="undefined" />
	<Point X="101" Y="219" T="undefined" />
	<Point X="101" Y="220" T="undefined" />
	<Point X="102" Y="223" T="undefined" />
	<Point X="103" Y="224" T="undefined" />
	<Point X="103" Y="225" T="undefined" />
	<Point X="104" Y="227" T="undefined" />
	<Point X="105" Y="229" T="undefined" />
	<Point X="106" Y="230" T="undefined" />
	<Point X="107" Y="231" T="undefined" />
	<Point X="109" Y="233" T="undefined" />
	<Point X="110" Y="235" T="undefined" />
	<Point X="112" Y="236" T="undefined" />
	<Point X="114" Y="238" T="undefined" />
	<Point X="115" Y="240" T="undefined" />
	<Point X="118" Y="244" T="undefined" />
	<Point X="119" Y="247" T="undefined" />
	<Point X="122" Y="253" T="undefined" />
	<Point X="124" Y="255" T="undefined" />
	<Point X="127" Y="259" T="undefined" />
	<Point X="128" Y="262" T="undefined" />
	<Point X="129" Y="266" T="undefined" />
	<Point X="131" Y="271" T="undefined" />
	<Point X="133" Y="274" T="undefined" />
	<Point X="135" Y="279" T="undefined" />
	<Point X="137" Y="283" T="undefined" />
	<Point X="139" Y="288" T="undefined" />
	<Point X="141" Y="290" T="undefined" />
	<Point X="142" Y="293" T="undefined" />
	<Point X="144" Y="297" T="undefined" />
	<Point X="146" Y="301" T="undefined" />
	<Point X="146" Y="303" T="undefined" />
	<Point X="148" Y="305" T="undefined" />
	<Point X="148" Y="306" T="undefined" />
	<Point X="148" Y="306" T="undefined" />
	<Point X="148" Y="306" T="undefined" />
	<Point X="148" Y="305" T="undefined" />
	<Point X="148" Y="304" T="undefined" />
	<Point X="148" Y="297" T="undefined" />
	<Point X="149" Y="292" T="undefined" />
	<Point X="151" Y="284" T="undefined" />
	<Point X="154" Y="275" T="undefined" />
	<Point X="157" Y="268" T="undefined" />
	<Point X="162" Y="258" T="undefined" />
	<Point X="165" Y="253" T="undefined" />
	<Point X="170" Y="245" T="undefined" />
	<Point X="173" Y="241" T="undefined" />
	<Point X="180" Y="229" T="undefined" />
	<Point X="186" Y="219" T="undefined" />
	<Point X="191" Y="208" T="undefined" />
	<Point X="196" Y="198" T="undefined" />
	<Point X="202" Y="190" T="undefined" />
	<Point X="209" Y="177" T="undefined" />
	<Point X="217" Y="166" T="undefined" />
	<Point X="225" Y="155" T="undefined" />
	<Point X="229" Y="147" T="undefined" />
	<Point X="235" Y="137" T="undefined" />
	<Point X="244" Y="119" T="undefined" />
	<Point X="248" Y="113" T="undefined" />
	<Point X="250" Y="109" T="undefined" />
	<Point X="252" Y="105" T="undefined" />
</Gesture>