<?xml version="1.0" encoding="utf-8" standalone="yes"?>
<Gesture Name="Check5" NumPts="44">
	<Point X="142" Y="242" T="undefined" />
	<Point X="142" Y="243" T="undefined" />
	<Point X="143" Y="245" T="undefined" />
	<Point X="144" Y="249" T="undefined" />
	<Point X="145" Y="252" T="undefined" />
	<Point X="146" Y="258" T="undefined" />
	<Point X="148" Y="263" T="undefined" />
	<Point X="149" Y="270" T="undefined" />
	<Point X="151" Y="274" T="undefined" />
	<Point X="152" Y="279" T="undefined" />
	<Point X="154" Y="284" T="undefined" />
	<Point X="154" Y="286" T="undefined" />
	<Point X="155" Y="288" T="undefined" />
	<Point X="157" Y="293" T="undefined" />
	<Point X="159" Y="297" T="undefined" />
	<Point X="161" Y="301" T="undefined" />
	<Point X="162" Y="303" T="undefined" />
	<Point X="163" Y="304" T="undefined" />
	<Point X="163" Y="306" T="undefined" />
	<Point X="163" Y="307" T="undefined" />
	<Point X="164" Y="307" T="undefined" />
	<Point X="164" Y="308" T="undefined" />
	<Point X="165" Y="309" T="undefined" />
	<Point X="165" Y="310" T="undefined" />
	<Point X="166" Y="312" T="undefined" />
	<Point X="166" Y="313" T="undefined" />
	<Point X="166" Y="314" T="undefined" />
	<Point X="166" Y="315" T="undefined" />
	<Point X="166" Y="315" T="undefined" />
	<Point X="167" Y="315" T="undefined" />
	<Point X="168" Y="315" T="undefined" />
	<Point X="174" Y="312" T="undefined" />
	<Point X="182" Y="306" T="undefined" />
	<Point X="188" Y="301" T="undefined" />
	<Point X="216" Y="263" T="undefined" />
	<Point X="230" Y="248" T="undefined" />
	<Point X="252" Y="220" T="undefined" />
	<Point X="261" Y="208" T="undefined" />
	<Point X="273" Y="195" T="undefined" />
	<Point X="281" Y="186" T="undefined" />
	<Point X="287" Y="180" T="undefined" />
	<Point X="290" Y="175" T="undefined" />
	<Point X="291" Y="175" T="undefined" />
	<Point X="291" Y="174" T="undefined" />
</Gesture>