<?xml version="1.0" encoding="utf-8" standalone="yes"?>
<Gesture Name="Check8" NumPts="28">
	<Point X="155" Y="260" T="undefined" />
	<Point X="156" Y="262" T="undefined" />
	<Point X="158" Y="265" T="undefined" />
	<Point X="162" Y="276" T="undefined" />
	<Point X="170" Y="291" T="undefined" />
	<Point X="173" Y="297" T="undefined" />
	<Point X="177" Y="303" T="undefined" />
	<Point X="177" Y="304" T="undefined" />
	<Point X="179" Y="307" T="undefined" />
	<Point X="180" Y="308" T="undefined" />
	<Point X="180" Y="310" T="undefined" />
	<Point X="182" Y="311" T="undefined" />
	<Point X="182" Y="312" T="undefined" />
	<Point X="182" Y="313" T="undefined" />
	<Point X="182" Y="313" T="undefined" />
	<Point X="183" Y="313" T="undefined" />
	<Point X="186" Y="311" T="undefined" />
	<Point X="189" Y="309" T="undefined" />
	<Point X="196" Y="300" T="undefined" />
	<Point X="207" Y="284" T="undefined" />
	<Point X="223" Y="264" T="undefined" />
	<Point X="252" Y="216" T="undefined" />
	<Point X="279" Y="175" T="undefined" />
	<Point X="301" Y="142" T="undefined" />
	<Point X="314" Y="121" T="undefined" />
	<Point X="330" Y="97" T="undefined" />
	<Point X="336" Y="90" T="undefined" />
	<Point X="340" Y="87" T="undefined" />
</Gesture>