<?xml version="1.0" encoding="utf-8" standalone="yes"?>
<Gesture Name="Check3" NumPts="34">
	<Point X="124" Y="264" T="undefined" />
	<Point X="125" Y="265" T="undefined" />
	<Point X="126" Y="267" T="undefined" />
	<Point X="129" Y="271" T="undefined" />
	<Point X="131" Y="274" T="undefined" />
	<Point X="134" Y="279" T="undefined" />
	<Point X="135" Y="283" T="undefined" />
	<Point X="138" Y="289" T="undefined" />
	<Point X="141" Y="292" T="undefined" />
	<Point X="143" Y="295" T="undefined" />
	<Point X="146" Y="299" T="undefined" />
	<Point X="148" Y="301" T="undefined" />
	<Point X="150" Y="306" T="undefined" />
	<Point X="154" Y="316" T="undefined" />
	<Point X="157" Y="323" T="undefined" />
	<Point X="158" Y="326" T="undefined" />
	<Point X="159" Y="327" T="undefined" />
	<Point X="159" Y="328" T="undefined" />
	<Point X="159" Y="328" T="undefined" />
	<Point X="161" Y="328" T="undefined" />
	<Point X="163" Y="325" T="undefined" />
	<Point X="177" Y="302" T="undefined" />
	<Point X="186" Y="285" T="undefined" />
	<Point X="199" Y="266" T="undefined" />
	<Point X="219" Y="232" T="undefined" />
	<Point X="230" Y="215" T="undefined" />
	<Point X="242" Y="191" T="undefined" />
	<Point X="257" Y="173" T="undefined" />
	<Point X="270" Y="159" T="undefined" />
	<Point X="283" Y="145" T="undefined" />
	<Point X="291" Y="138" T="undefined" />
	<Point X="295" Y="135" T="undefined" />
	<Point X="296" Y="135" T="undefined" />
	<Point X="295" Y="135" T="undefined" />
</Gesture>