<?xml version="1.0" encoding="utf-8" standalone="yes"?>
<Gesture Name="Check7" NumPts="31">
	<Point X="144" Y="272" T="undefined" />
	<Point X="145" Y="273" T="undefined" />
	<Point X="146" Y="275" T="undefined" />
	<Point X="151" Y="280" T="undefined" />
	<Point X="156" Y="288" T="undefined" />
	<Point X="159" Y="292" T="undefined" />
	<Point X="163" Y="298" T="undefined" />
	<Point X="166" Y="303" T="undefined" />
	<Point X="169" Y="310" T="undefined" />
	<Point X="172" Y="317" T="undefined" />
	<Point X="175" Y="325" T="undefined" />
	<Point X="180" Y="336" T="undefined" />
	<Point X="182" Y="343" T="undefined" />
	<Point X="184" Y="345" T="undefined" />
	<Point X="185" Y="348" T="undefined" />
	<Point X="186" Y="349" T="undefined" />
	<Point X="187" Y="349" T="undefined" />
	<Point X="187" Y="349" T="undefined" />
	<Point X="188" Y="349" T="undefined" />
	<Point X="191" Y="346" T="undefined" />
	<Point X="196" Y="341" T="undefined" />
	<Point X="200" Y="335" T="undefined" />
	<Point X="220" Y="305" T="undefined" />
	<Point X="239" Y="281" T="undefined" />
	<Point X="260" Y="244" T="undefined" />
	<Point X="284" Y="203" T="undefined" />
	<Point X="298" Y="182" T="undefined" />
	<Point X="314" Y="149" T="undefined" />
	<Point X="321" Y="142" T="undefined" />
	<Point X="322" Y="140" T="undefined" />
	<Point X="323" Y="140" T="undefined" />
</Gesture>