<?xml version="1.0" encoding="utf-8" standalone="yes"?>
<Gesture Name="Check6" NumPts="37">
	<Point X="119" Y="228" T="undefined" />
	<Point X="120" Y="233" T="undefined" />
	<Point X="120" Y="238" T="undefined" />
	<Point X="121" Y="244" T="undefined" />
	<Point X="122" Y="252" T="undefined" />
	<Point X="123" Y="257" T="undefined" />
	<Point X="125" Y="267" T="undefined" />
	<Point X="127" Y="273" T="undefined" />
	<Point X="130" Y="281" T="undefined" />
	<Point X="131" Y="284" T="undefined" />
	<Point X="133" Y="288" T="undefined" />
	<Point X="136" Y="293" T="undefined" />
	<Point X="137" Y="299" T="undefined" />
	<Point X="139" Y="305" T="undefined" />
	<Point X="140" Y="307" T="undefined" />
	<Point X="141" Y="309" T="undefined" />
	<Point X="141" Y="309" T="undefined" />
	<Point X="141" Y="309" T="undefined" />
	<Point X="141" Y="309" T="undefined" />
	<Point X="141" Y="308" T="undefined" />
	<Point X="148" Y="299" T="undefined" />
	<Point X="155" Y="290" T="undefined" />
	<Point X="177" Y="270" T="undefined" />
	<Point X="194" Y="248" T="undefined" />
	<Point X="219" Y="220" T="undefined" />
	<Point X="240" Y="192" T="undefined" />
	<Point X="265" Y="159" T="undefined" />
	<Point X="286" Y="133" T="undefined" />
	<Point X="296" Y="121" T="undefined" />
	<Point X="310" Y="107" T="undefined" />
	<Point X="314" Y="103" T="undefined" />
	<Point X="316" Y="102" T="undefined" />
	<Point X="316" Y="102" T="undefined" />
	<Point X="315" Y="102" T="undefined" />
	<Point X="315" Y="102" T="undefined" />
	<Point X="312" Y="103" T="undefined" />
	<Point X="312" Y="104" T="undefined" />
</Gesture>