<?xml version="1.0" encoding="utf-8" standalone="yes"?>
<Gesture Name="Check4" NumPts="36">
	<Point X="146" Y="238" T="undefined" />
	<Point X="146" Y="240" T="undefined" />
	<Point X="146" Y="242" T="undefined" />
	<Point X="146" Y="243" T="undefined" />
	<Point X="148" Y="253" T="undefined" />
	<Point X="149" Y="258" T="undefined" />
	<Point X="151" Y="268" T="undefined" />
	<Point X="151" Y="273" T="undefined" />
	<Point X="153" Y="278" T="undefined" />
	<Point X="153" Y="281" T="undefined" />
	<Point X="154" Y="283" T="undefined" />
	<Point X="155" Y="285" T="undefined" />
	<Point X="155" Y="288" T="undefined" />
	<Point X="158" Y="291" T="undefined" />
	<Point X="160" Y="302" T="undefined" />
	<Point X="160" Y="307" T="undefined" />
	<Point X="161" Y="309" T="undefined" />
	<Point X="161" Y="312" T="undefined" />
	<Point X="161" Y="314" T="undefined" />
	<Point X="161" Y="314" T="undefined" />
	<Point X="161" Y="315" T="undefined" />
	<Point X="161" Y="315" T="undefined" />
	<Point X="163" Y="314" T="undefined" />
	<Point X="169" Y="308" T="undefined" />
	<Point X="184" Y="290" T="undefined" />
	<Point X="198" Y="274" T="undefined" />
	<Point X="206" Y="265" T="undefined" />
	<Point X="215" Y="252" T="undefined" />
	<Point X="229" Y="233" T="undefined" />
	<Point X="243" Y="221" T="undefined" />
	<Point X="254" Y="208" T="undefined" />
	<Point X="279" Y="178" T="undefined" />
	<Point X="295" Y="162" T="undefined" />
	<Point X="314" Y="134" T="undefined" />
	<Point X="320" Y="127" T="undefined" />
	<Point X="324" Y="123" T="undefined" />
</Gesture>