<?xml version="1.0" encoding="utf-8" standalone="yes"?>
<Gesture Name="Circle1" NumPts="133">
	<Point X="214" Y="126" T="undefined" />
	<Point X="212" Y="125" T="undefined" />
	<Point X="210" Y="125" T="undefined" />
	<Point X="206" Y="124" T="undefined" />
	<Point X="201" Y="124" T="undefined" />
	<Point X="191" Y="127" T="undefined" />
	<Point X="187" Y="128" T="undefined" />
	<Point X="182" Y="130" T="undefined" />
	<Point X="175" Y="132" T="undefined" />
	<Point X="170" Y="133" T="undefined" />
	<Point X="160" Y="137" T="undefined" />
	<Point X="151" Y="142" T="undefined" />
	<Point X="145" Y="145" T="undefined" />
	<Point X="138" Y="148" T="undefined" />
	<Point X="132" Y="150" T="undefined" />
	<Point X="124" Y="153" T="undefined" />
	<Point X="119" Y="155" T="undefined" />
	<Point X="112" Y="157" T="undefined" />
	<Point X="109" Y="159" T="undefined" />
	<Point X="107" Y="163" T="undefined" />
	<Point X="103" Y="169" T="undefined" />
	<Point X="101" Y="173" T="undefined" />
	<Point X="98" Y="182" T="undefined" />
	<Point X="96" Y="187" T="undefined" />
	<Point X="94" Y="199" T="undefined" />
	<Point X="94" Y="210" T="undefined" />
	<Point X="94" Y="221" T="undefined" />
	<Point X="94" Y="230" T="undefined" />
	<Point X="96" Y="243" T="undefined" />
	<Point X="99" Y="257" T="undefined" />
	<Point X="102" Y="272" T="undefined" />
	<Point X="106" Y="288" T="undefined" />
	<Point X="110" Y="300" T="undefined" />
	<Point X="113" Y="310" T="undefined" />
	<Point X="118" Y="323" T="undefined" />
	<Point X="122" Y="333" T="undefined" />
	<Point X="127" Y="344" T="undefined" />
	<Point X="130" Y="350" T="undefined" />
	<Point X="132" Y="353" T="undefined" />
	<Point X="136" Y="358" T="undefined" />
	<Point X="139" Y="361" T="undefined" />
	<Point X="144" Y="365" T="undefined" />
	<Point X="147" Y="369" T="undefined" />
	<Point X="152" Y="372" T="undefined" />
	<Point X="161" Y="377" T="undefined" />
	<Point X="168" Y="379" T="undefined" />
	<Point X="179" Y="382" T="undefined" />
	<Point X="186" Y="384" T="undefined" />
	<Point X="194" Y="387" T="undefined" />
	<Point X="199" Y="388" T="undefined" />
	<Point X="205" Y="389" T="undefined" />
	<Point X="217" Y="390" T="undefined" />
	<Point X="225" Y="390" T="undefined" />
	<Point X="241" Y="389" T="undefined" />
	<Point X="252" Y="389" T="undefined" />
	<Point X="260" Y="389" T="undefined" />
	<Point X="268" Y="387" T="undefined" />
	<Point X="273" Y="386" T="undefined" />
	<Point X="278" Y="384" T="undefined" />
	<Point X="282" Y="381" T="undefined" />
	<Point X="290" Y="377" T="undefined" />
	<Point X="294" Y="374" T="undefined" />
	<Point X="298" Y="371" T="undefined" />
	<Point X="305" Y="366" T="undefined" />
	<Point X="310" Y="363" T="undefined" />
	<Point X="318" Y="359" T="undefined" />
	<Point X="324" Y="357" T="undefined" />
	<Point X="328" Y="354" T="undefined" />
	<Point X="334" Y="348" T="undefined" />
	<Point X="339" Y="343" T="undefined" />
	<Point X="344" Y="333" T="undefined" />
	<Point X="345" Y="328" T="undefined" />
	<Point X="348" Y="320" T="undefined" />
	<Point X="351" Y="314" T="undefined" />
	<Point X="353" Y="302" T="undefined" />
	<Point X="354" Y="298" T="undefined" />
	<Point X="354" Y="294" T="undefined" />
	<Point X="356" Y="290" T="undefined" />
	<Point X="357" Y="287" T="undefined" />
	<Point X="358" Y="285" T="undefined" />
	<Point X="360" Y="280" T="undefined" />
	<Point X="363" Y="275" T="undefined" />
	<Point X="364" Y="264" T="undefined" />
	<Point X="364" Y="260" T="undefined" />
	<Point X="364" Y="256" T="undefined" />
	<Point X="364" Y="254" T="undefined" />
	<Point X="361" Y="250" T="undefined" />
	<Point X="358" Y="247" T="undefined" />
	<Point X="354" Y="240" T="undefined" />
	<Point X="351" Y="234" T="undefined" />
	<Point X="349" Y="229" T="undefined" />
	<Point X="347" Y="223" T="undefined" />
	<Point X="345" Y="221" T="undefined" />
	<Point X="342" Y="216" T="undefined" />
	<Point X="340" Y="208" T="undefined" />
	<Point X="338" Y="200" T="undefined" />
	<Point X="333" Y="192" T="undefined" />
	<Point X="330" Y="189" T="undefined" />
	<Point X="327" Y="186" T="undefined" />
	<Point X="324" Y="185" T="undefined" />
	<Point X="322" Y="182" T="undefined" />
	<Point X="319" Y="178" T="undefined" />
	<Point X="316" Y="174" T="undefined" />
	<Point X="313" Y="171" T="undefined" />
	<Point X="310" Y="169" T="undefined" />
	<Point X="305" Y="167" T="undefined" />
	<Point X="301" Y="165" T="undefined" />
	<Point X="295" Y="160" T="undefined" />
	<Point X="292" Y="157" T="undefined" />
	<Point X="290" Y="154" T="undefined" />
	<Point X="286" Y="150" T="undefined" />
	<Point X="284" Y="147" T="undefined" />
	<Point X="280" Y="142" T="undefined" />
	<Point X="277" Y="139" T="undefined" />
	<Point X="275" Y="136" T="undefined" />
	<Point X="273" Y="133" T="undefined" />
	<Point X="271" Y="131" T="undefined" />
	<Point X="267" Y="128" T="undefined" />
	<Point X="264" Y="125" T="undefined" />
	<Point X="261" Y="123" T="undefined" />
	<Point X="259" Y="121" T="undefined" />
	<Point X="256" Y="121" T="undefined" />
	<Point X="254" Y="120" T="undefined" />
	<Point X="251" Y="119" T="undefined" />
	<Point X="251" Y="119" T="undefined" />
	<Point X="250" Y="119" T="undefined" />
	<Point X="249" Y="119" T="undefined" />
	<Point X="246" Y="119" T="undefined" />
	<Point X="244" Y="121" T="undefined" />
	<Point X="242" Y="121" T="undefined" />
	<Point X="241" Y="121" T="undefined" />
	<Point X="240" Y="121" T="undefined" />
	<Point X="239" Y="121" T="undefined" />
</Gesture>