<?xml version="1.0" encoding="utf-8" standalone="yes"?>
<Gesture Name="Circle0" NumPts="163">
	<Point X="242" Y="153" T="undefined" />
	<Point X="242" Y="153" T="undefined" />
	<Point X="241" Y="153" T="undefined" />
	<Point X="238" Y="153" T="undefined" />
	<Point X="234" Y="155" T="undefined" />
	<Point X="230" Y="155" T="undefined" />
	<Point X="226" Y="156" T="undefined" />
	<Point X="222" Y="157" T="undefined" />
	<Point X="220" Y="158" T="undefined" />
	<Point X="216" Y="159" T="undefined" />
	<Point X="213" Y="160" T="undefined" />
	<Point X="209" Y="160" T="undefined" />
	<Point X="206" Y="160" T="undefined" />
	<Point X="204" Y="160" T="undefined" />
	<Point X="203" Y="160" T="undefined" />
	<Point X="199" Y="162" T="undefined" />
	<Point X="195" Y="162" T="undefined" />
	<Point X="192" Y="163" T="undefined" />
	<Point X="187" Y="164" T="undefined" />
	<Point X="183" Y="166" T="undefined" />
	<Point X="180" Y="168" T="undefined" />
	<Point X="177" Y="171" T="undefined" />
	<Point X="172" Y="177" T="undefined" />
	<Point X="169" Y="180" T="undefined" />
	<Point X="168" Y="184" T="undefined" />
	<Point X="164" Y="189" T="undefined" />
	<Point X="161" Y="194" T="undefined" />
	<Point X="158" Y="199" T="undefined" />
	<Point X="155" Y="202" T="undefined" />
	<Point X="153" Y="206" T="undefined" />
	<Point X="151" Y="212" T="undefined" />
	<Point X="149" Y="215" T="undefined" />
	<Point X="147" Y="221" T="undefined" />
	<Point X="146" Y="225" T="undefined" />
	<Point X="145" Y="231" T="undefined" />
	<Point X="144" Y="235" T="undefined" />
	<Point X="143" Y="242" T="undefined" />
	<Point X="143" Y="246" T="undefined" />
	<Point X="142" Y="251" T="undefined" />
	<Point X="142" Y="259" T="undefined" />
	<Point X="142" Y="262" T="undefined" />
	<Point X="141" Y="268" T="undefined" />
	<Point X="141" Y="271" T="undefined" />
	<Point X="141" Y="275" T="undefined" />
	<Point X="141" Y="282" T="undefined" />
	<Point X="141" Y="287" T="undefined" />
	<Point X="142" Y="292" T="undefined" />
	<Point X="143" Y="296" T="undefined" />
	<Point X="143" Y="299" T="undefined" />
	<Point X="144" Y="305" T="undefined" />
	<Point X="145" Y="312" T="undefined" />
	<Point X="145" Y="315" T="undefined" />
	<Point X="145" Y="318" T="undefined" />
	<Point X="147" Y="323" T="undefined" />
	<Point X="148" Y="326" T="undefined" />
	<Point X="148" Y="329" T="undefined" />
	<Point X="150" Y="333" T="undefined" />
	<Point X="152" Y="336" T="undefined" />
	<Point X="155" Y="342" T="undefined" />
	<Point X="158" Y="346" T="undefined" />
	<Point X="163" Y="352" T="undefined" />
	<Point X="166" Y="356" T="undefined" />
	<Point X="169" Y="360" T="undefined" />
	<Point X="173" Y="363" T="undefined" />
	<Point X="176" Y="365" T="undefined" />
	<Point X="180" Y="368" T="undefined" />
	<Point X="183" Y="370" T="undefined" />
	<Point X="185" Y="372" T="undefined" />
	<Point X="189" Y="374" T="undefined" />
	<Point X="192" Y="376" T="undefined" />
	<Point X="198" Y="380" T="undefined" />
	<Point X="201" Y="382" T="undefined" />
	<Point X="208" Y="387" T="undefined" />
	<Point X="213" Y="389" T="undefined" />
	<Point X="217" Y="390" T="undefined" />
	<Point X="224" Y="391" T="undefined" />
	<Point X="227" Y="390" T="undefined" />
	<Point X="231" Y="390" T="undefined" />
	<Point X="235" Y="388" T="undefined" />
	<Point X="241" Y="387" T="undefined" />
	<Point X="246" Y="386" T="undefined" />
	<Point X="251" Y="385" T="undefined" />
	<Point X="259" Y="382" T="undefined" />
	<Point X="264" Y="379" T="undefined" />
	<Point X="270" Y="377" T="undefined" />
	<Point X="273" Y="376" T="undefined" />
	<Point X="279" Y="374" T="undefined" />
	<Point X="283" Y="372" T="undefined" />
	<Point X="286" Y="371" T="undefined" />
	<Point X="292" Y="369" T="undefined" />
	<Point X="295" Y="369" T="undefined" />
	<Point X="299" Y="368" T="undefined" />
	<Point X="305" Y="366" T="undefined" />
	<Point X="308" Y="364" T="undefined" />
	<Point X="313" Y="362" T="undefined" />
	<Point X="316" Y="360" T="undefined" />
	<Point X="320" Y="354" T="undefined" />
	<Point X="323" Y="349" T="undefined" />
	<Point X="326" Y="342" T="undefined" />
	<Point X="329" Y="336" T="undefined" />
	<Point X="330" Y="332" T="undefined" />
	<Point X="331" Y="328" T="undefined" />
	<Point X="332" Y="324" T="undefined" />
	<Point X="335" Y="312" T="undefined" />
	<Point X="336" Y="303" T="undefined" />
	<Point X="337" Y="299" T="undefined" />
	<Point X="338" Y="293" T="undefined" />
	<Point X="339" Y="290" T="undefined" />
	<Point X="339" Y="286" T="undefined" />
	<Point X="341" Y="279" T="undefined" />
	<Point X="341" Y="274" T="undefined" />
	<Point X="341" Y="270" T="undefined" />
	<Point X="341" Y="265" T="undefined" />
	<Point X="340" Y="262" T="undefined" />
	<Point X="339" Y="258" T="undefined" />
	<Point X="338" Y="249" T="undefined" />
	<Point X="336" Y="244" T="undefined" />
	<Point X="335" Y="239" T="undefined" />
	<Point X="333" Y="234" T="undefined" />
	<Point X="332" Y="229" T="undefined" />
	<Point X="330" Y="224" T="undefined" />
	<Point X="327" Y="219" T="undefined" />
	<Point X="326" Y="216" T="undefined" />
	<Point X="325" Y="214" T="undefined" />
	<Point X="322" Y="211" T="undefined" />
	<Point X="320" Y="209" T="undefined" />
	<Point X="318" Y="206" T="undefined" />
	<Point X="314" Y="201" T="undefined" />
	<Point X="311" Y="198" T="undefined" />
	<Point X="307" Y="196" T="undefined" />
	<Point X="304" Y="195" T="undefined" />
	<Point X="300" Y="193" T="undefined" />
	<Point X="295" Y="190" T="undefined" />
	<Point X="291" Y="186" T="undefined" />
	<Point X="286" Y="179" T="undefined" />
	<Point X="285" Y="177" T="undefined" />
	<Point X="283" Y="174" T="undefined" />
	<Point X="280" Y="171" T="undefined" />
	<Point X="277" Y="169" T="undefined" />
	<Point X="276" Y="168" T="undefined" />
	<Point X="274" Y="166" T="undefined" />
	<Point X="272" Y="165" T="undefined" />
	<Point X="270" Y="165" T="undefined" />
	<Point X="268" Y="163" T="undefined" />
	<Point X="267" Y="163" T="undefined" />
	<Point X="266" Y="162" T="undefined" />
	<Point X="264" Y="162" T="undefined" />
	<Point X="264" Y="162" T="undefined" />
	<Point X="262" Y="162" T="undefined" />
	<Point X="261" Y="162" T="undefined" />
	<Point X="261" Y="162" T="undefined" />
	<Point X="260" Y="162" T="undefined" />
	<Point X="260" Y="162" T="undefined" />
	<Point X="260" Y="161" T="undefined" />
	<Point X="259" Y="161" T="undefined" />
	<Point X="259" Y="161" T="undefined" />
	<Point X="258" Y="160" T="undefined" />
	<Point X="258" Y="160" T="undefined" />
	<Point X="257" Y="160" T="undefined" />
	<Point X="257" Y="160" T="undefined" />
	<Point X="257" Y="159" T="undefined" />
	<Point X="256" Y="159" T="undefined" />
	<Point X="256" Y="159" T="undefined" />
</Gesture>