<?xml version="1.0" encoding="utf-8" standalone="yes"?>
<Gesture Name="Circle4" NumPts="102">
	<Point X="230" Y="131" T="undefined" />
	<Point X="225" Y="131" T="undefined" />
	<Point X="219" Y="132" T="undefined" />
	<Point X="216" Y="133" T="undefined" />
	<Point X="209" Y="135" T="undefined" />
	<Point X="206" Y="136" T="undefined" />
	<Point X="200" Y="137" T="undefined" />
	<Point X="198" Y="138" T="undefined" />
	<Point X="193" Y="138" T="undefined" />
	<Point X="186" Y="138" T="undefined" />
	<Point X="176" Y="139" T="undefined" />
	<Point X="166" Y="141" T="undefined" />
	<Point X="159" Y="143" T="undefined" />
	<Point X="149" Y="146" T="undefined" />
	<Point X="143" Y="148" T="undefined" />
	<Point X="137" Y="150" T="undefined" />
	<Point X="127" Y="154" T="undefined" />
	<Point X="122" Y="157" T="undefined" />
	<Point X="113" Y="162" T="undefined" />
	<Point X="108" Y="166" T="undefined" />
	<Point X="102" Y="171" T="undefined" />
	<Point X="92" Y="180" T="undefined" />
	<Point X="88" Y="185" T="undefined" />
	<Point X="82" Y="194" T="undefined" />
	<Point X="76" Y="203" T="undefined" />
	<Point X="73" Y="213" T="undefined" />
	<Point X="69" Y="224" T="undefined" />
	<Point X="66" Y="240" T="undefined" />
	<Point X="66" Y="247" T="undefined" />
	<Point X="66" Y="260" T="undefined" />
	<Point X="65" Y="278" T="undefined" />
	<Point X="65" Y="285" T="undefined" />
	<Point X="65" Y="299" T="undefined" />
	<Point X="65" Y="307" T="undefined" />
	<Point X="68" Y="319" T="undefined" />
	<Point X="70" Y="324" T="undefined" />
	<Point X="72" Y="330" T="undefined" />
	<Point X="78" Y="341" T="undefined" />
	<Point X="81" Y="346" T="undefined" />
	<Point X="92" Y="357" T="undefined" />
	<Point X="102" Y="364" T="undefined" />
	<Point X="111" Y="367" T="undefined" />
	<Point X="123" Y="373" T="undefined" />
	<Point X="132" Y="376" T="undefined" />
	<Point X="148" Y="383" T="undefined" />
	<Point X="158" Y="387" T="undefined" />
	<Point X="169" Y="391" T="undefined" />
	<Point X="184" Y="396" T="undefined" />
	<Point X="201" Y="399" T="undefined" />
	<Point X="209" Y="401" T="undefined" />
	<Point X="223" Y="402" T="undefined" />
	<Point X="241" Y="405" T="undefined" />
	<Point X="248" Y="406" T="undefined" />
	<Point X="265" Y="405" T="undefined" />
	<Point X="279" Y="402" T="undefined" />
	<Point X="289" Y="397" T="undefined" />
	<Point X="306" Y="385" T="undefined" />
	<Point X="317" Y="377" T="undefined" />
	<Point X="329" Y="369" T="undefined" />
	<Point X="333" Y="364" T="undefined" />
	<Point X="340" Y="353" T="undefined" />
	<Point X="345" Y="343" T="undefined" />
	<Point X="349" Y="335" T="undefined" />
	<Point X="356" Y="325" T="undefined" />
	<Point X="362" Y="317" T="undefined" />
	<Point X="368" Y="306" T="undefined" />
	<Point X="372" Y="297" T="undefined" />
	<Point X="377" Y="285" T="undefined" />
	<Point X="380" Y="274" T="undefined" />
	<Point X="383" Y="263" T="undefined" />
	<Point X="385" Y="252" T="undefined" />
	<Point X="386" Y="246" T="undefined" />
	<Point X="386" Y="238" T="undefined" />
	<Point X="386" Y="220" T="undefined" />
	<Point X="385" Y="209" T="undefined" />
	<Point X="381" Y="198" T="undefined" />
	<Point X="379" Y="190" T="undefined" />
	<Point X="372" Y="178" T="undefined" />
	<Point X="366" Y="172" T="undefined" />
	<Point X="357" Y="164" T="undefined" />
	<Point X="351" Y="160" T="undefined" />
	<Point X="346" Y="156" T="undefined" />
	<Point X="342" Y="149" T="undefined" />
	<Point X="338" Y="145" T="undefined" />
	<Point X="334" Y="141" T="undefined" />
	<Point X="326" Y="137" T="undefined" />
	<Point X="322" Y="134" T="undefined" />
	<Point X="314" Y="131" T="undefined" />
	<Point X="310" Y="131" T="undefined" />
	<Point X="302" Y="129" T="undefined" />
	<Point X="300" Y="128" T="undefined" />
	<Point X="292" Y="128" T="undefined" />
	<Point X="286" Y="126" T="undefined" />
	<Point X="280" Y="125" T="undefined" />
	<Point X="278" Y="124" T="undefined" />
	<Point X="274" Y="124" T="undefined" />
	<Point X="268" Y="124" T="undefined" />
	<Point X="263" Y="124" T="undefined" />
	<Point X="257" Y="124" T="undefined" />
	<Point X="254" Y="124" T="undefined" />
	<Point X="252" Y="125" T="undefined" />
	<Point X="251" Y="125" T="undefined" />
</Gesture>