<?xml version="1.0" encoding="utf-8" standalone="yes"?>
<Gesture Name="Circle5" NumPts="91">
	<Point X="205" Y="111" T="undefined" />
	<Point X="202" Y="111" T="undefined" />
	<Point X="196" Y="113" T="undefined" />
	<Point X="187" Y="116" T="undefined" />
	<Point X="180" Y="119" T="undefined" />
	<Point X="173" Y="121" T="undefined" />
	<Point X="156" Y="128" T="undefined" />
	<Point X="150" Y="132" T="undefined" />
	<Point X="142" Y="138" T="undefined" />
	<Point X="135" Y="144" T="undefined" />
	<Point X="127" Y="151" T="undefined" />
	<Point X="116" Y="160" T="undefined" />
	<Point X="109" Y="167" T="undefined" />
	<Point X="102" Y="175" T="undefined" />
	<Point X="99" Y="183" T="undefined" />
	<Point X="94" Y="193" T="undefined" />
	<Point X="88" Y="212" T="undefined" />
	<Point X="86" Y="224" T="undefined" />
	<Point X="81" Y="253" T="undefined" />
	<Point X="80" Y="272" T="undefined" />
	<Point X="80" Y="304" T="undefined" />
	<Point X="80" Y="320" T="undefined" />
	<Point X="82" Y="336" T="undefined" />
	<Point X="86" Y="358" T="undefined" />
	<Point X="89" Y="367" T="undefined" />
	<Point X="96" Y="377" T="undefined" />
	<Point X="104" Y="387" T="undefined" />
	<Point X="116" Y="398" T="undefined" />
	<Point X="126" Y="405" T="undefined" />
	<Point X="143" Y="411" T="undefined" />
	<Point X="155" Y="413" T="undefined" />
	<Point X="171" Y="415" T="undefined" />
	<Point X="201" Y="416" T="undefined" />
	<Point X="217" Y="417" T="undefined" />
	<Point X="236" Y="417" T="undefined" />
	<Point X="259" Y="417" T="undefined" />
	<Point X="277" Y="417" T="undefined" />
	<Point X="303" Y="415" T="undefined" />
	<Point X="318" Y="414" T="undefined" />
	<Point X="340" Y="412" T="undefined" />
	<Point X="351" Y="410" T="undefined" />
	<Point X="373" Y="404" T="undefined" />
	<Point X="386" Y="398" T="undefined" />
	<Point X="397" Y="390" T="undefined" />
	<Point X="413" Y="374" T="undefined" />
	<Point X="424" Y="363" T="undefined" />
	<Point X="436" Y="341" T="undefined" />
	<Point X="440" Y="329" T="undefined" />
	<Point X="440" Y="318" T="undefined" />
	<Point X="441" Y="291" T="undefined" />
	<Point X="440" Y="275" T="undefined" />
	<Point X="435" Y="254" T="undefined" />
	<Point X="431" Y="239" T="undefined" />
	<Point X="423" Y="223" T="undefined" />
	<Point X="416" Y="212" T="undefined" />
	<Point X="411" Y="201" T="undefined" />
	<Point X="403" Y="189" T="undefined" />
	<Point X="397" Y="182" T="undefined" />
	<Point X="390" Y="175" T="undefined" />
	<Point X="383" Y="170" T="undefined" />
	<Point X="375" Y="161" T="undefined" />
	<Point X="365" Y="154" T="undefined" />
	<Point X="361" Y="151" T="undefined" />
	<Point X="351" Y="145" T="undefined" />
	<Point X="343" Y="143" T="undefined" />
	<Point X="334" Y="139" T="undefined" />
	<Point X="328" Y="138" T="undefined" />
	<Point X="324" Y="136" T="undefined" />
	<Point X="315" Y="132" T="undefined" />
	<Point X="310" Y="129" T="undefined" />
	<Point X="305" Y="127" T="undefined" />
	<Point X="299" Y="124" T="undefined" />
	<Point X="294" Y="121" T="undefined" />
	<Point X="289" Y="120" T="undefined" />
	<Point X="285" Y="119" T="undefined" />
	<Point X="279" Y="118" T="undefined" />
	<Point X="276" Y="118" T="undefined" />
	<Point X="273" Y="118" T="undefined" />
	<Point X="271" Y="119" T="undefined" />
	<Point X="268" Y="119" T="undefined" />
	<Point X="266" Y="119" T="undefined" />
	<Point X="264" Y="119" T="undefined" />
	<Point X="262" Y="119" T="undefined" />
	<Point X="260" Y="119" T="undefined" />
	<Point X="258" Y="119" T="undefined" />
	<Point X="255" Y="119" T="undefined" />
	<Point X="254" Y="118" T="undefined" />
	<Point X="252" Y="118" T="undefined" />
	<Point X="251" Y="118" T="undefined" />
	<Point X="249" Y="117" T="undefined" />
	<Point X="249" Y="117" T="undefined" />
</Gesture>