<?xml version="1.0" encoding="utf-8" standalone="yes"?>
<Gesture Name="Circle6" NumPts="73">
	<Point X="205" Y="131" T="undefined" />
	<Point X="202" Y="131" T="undefined" />
	<Point X="195" Y="130" T="undefined" />
	<Point X="178" Y="128" T="undefined" />
	<Point X="166" Y="128" T="undefined" />
	<Point X="155" Y="129" T="undefined" />
	<Point X="142" Y="131" T="undefined" />
	<Point X="128" Y="134" T="undefined" />
	<Point X="116" Y="137" T="undefined" />
	<Point X="101" Y="143" T="undefined" />
	<Point X="83" Y="148" T="undefined" />
	<Point X="73" Y="154" T="undefined" />
	<Point X="62" Y="162" T="undefined" />
	<Point X="47" Y="178" T="undefined" />
	<Point X="37" Y="189" T="undefined" />
	<Point X="26" Y="204" T="undefined" />
	<Point X="16" Y="217" T="undefined" />
	<Point X="7" Y="237" T="undefined" />
	<Point X="4" Y="246" T="undefined" />
	<Point X="1" Y="263" T="undefined" />
	<Point X="0" Y="287" T="undefined" />
	<Point X="0" Y="314" T="undefined" />
	<Point X="2" Y="330" T="undefined" />
	<Point X="4" Y="341" T="undefined" />
	<Point X="7" Y="353" T="undefined" />
	<Point X="14" Y="369" T="undefined" />
	<Point X="18" Y="375" T="undefined" />
	<Point X="30" Y="385" T="undefined" />
	<Point X="42" Y="390" T="undefined" />
	<Point X="63" Y="402" T="undefined" />
	<Point X="78" Y="409" T="undefined" />
	<Point X="97" Y="419" T="undefined" />
	<Point X="115" Y="424" T="undefined" />
	<Point X="134" Y="427" T="undefined" />
	<Point X="162" Y="427" T="undefined" />
	<Point X="184" Y="427" T="undefined" />
	<Point X="213" Y="427" T="undefined" />
	<Point X="231" Y="427" T="undefined" />
	<Point X="253" Y="426" T="undefined" />
	<Point X="268" Y="424" T="undefined" />
	<Point X="278" Y="421" T="undefined" />
	<Point X="292" Y="415" T="undefined" />
	<Point X="303" Y="407" T="undefined" />
	<Point X="318" Y="394" T="undefined" />
	<Point X="327" Y="382" T="undefined" />
	<Point X="333" Y="367" T="undefined" />
	<Point X="338" Y="344" T="undefined" />
	<Point X="340" Y="329" T="undefined" />
	<Point X="340" Y="305" T="undefined" />
	<Point X="340" Y="297" T="undefined" />
	<Point X="339" Y="281" T="undefined" />
	<Point X="338" Y="270" T="undefined" />
	<Point X="336" Y="260" T="undefined" />
	<Point X="333" Y="247" T="undefined" />
	<Point X="332" Y="233" T="undefined" />
	<Point X="329" Y="215" T="undefined" />
	<Point X="327" Y="206" T="undefined" />
	<Point X="324" Y="200" T="undefined" />
	<Point X="320" Y="192" T="undefined" />
	<Point X="315" Y="185" T="undefined" />
	<Point X="309" Y="177" T="undefined" />
	<Point X="302" Y="171" T="undefined" />
	<Point X="293" Y="160" T="undefined" />
	<Point X="288" Y="153" T="undefined" />
	<Point X="283" Y="149" T="undefined" />
	<Point X="274" Y="142" T="undefined" />
	<Point X="268" Y="142" T="undefined" />
	<Point X="261" Y="142" T="undefined" />
	<Point X="257" Y="142" T="undefined" />
	<Point X="252" Y="141" T="undefined" />
	<Point X="249" Y="140" T="undefined" />
	<Point X="247" Y="138" T="undefined" />
	<Point X="246" Y="138" T="undefined" />
</Gesture>