<?xml version="1.0" encoding="utf-8" standalone="yes"?>
<Gesture Name="Circle7" NumPts="84">
	<Point X="225" Y="142" T="undefined" />
	<Point X="221" Y="142" T="undefined" />
	<Point X="214" Y="142" T="undefined" />
	<Point X="193" Y="145" T="undefined" />
	<Point X="181" Y="147" T="undefined" />
	<Point X="172" Y="149" T="undefined" />
	<Point X="157" Y="152" T="undefined" />
	<Point X="147" Y="154" T="undefined" />
	<Point X="126" Y="162" T="undefined" />
	<Point X="113" Y="170" T="undefined" />
	<Point X="96" Y="181" T="undefined" />
	<Point X="84" Y="190" T="undefined" />
	<Point X="74" Y="198" T="undefined" />
	<Point X="69" Y="203" T="undefined" />
	<Point X="59" Y="221" T="undefined" />
	<Point X="54" Y="232" T="undefined" />
	<Point X="51" Y="244" T="undefined" />
	<Point X="47" Y="266" T="undefined" />
	<Point X="47" Y="281" T="undefined" />
	<Point X="47" Y="293" T="undefined" />
	<Point X="51" Y="315" T="undefined" />
	<Point X="55" Y="330" T="undefined" />
	<Point X="62" Y="349" T="undefined" />
	<Point X="67" Y="364" T="undefined" />
	<Point X="77" Y="382" T="undefined" />
	<Point X="83" Y="389" T="undefined" />
	<Point X="97" Y="400" T="undefined" />
	<Point X="109" Y="406" T="undefined" />
	<Point X="122" Y="410" T="undefined" />
	<Point X="144" Y="415" T="undefined" />
	<Point X="162" Y="417" T="undefined" />
	<Point X="184" Y="421" T="undefined" />
	<Point X="201" Y="421" T="undefined" />
	<Point X="213" Y="422" T="undefined" />
	<Point X="234" Y="419" T="undefined" />
	<Point X="249" Y="416" T="undefined" />
	<Point X="262" Y="412" T="undefined" />
	<Point X="279" Y="405" T="undefined" />
	<Point X="298" Y="400" T="undefined" />
	<Point X="306" Y="396" T="undefined" />
	<Point X="315" Y="393" T="undefined" />
	<Point X="329" Y="385" T="undefined" />
	<Point X="338" Y="376" T="undefined" />
	<Point X="352" Y="356" T="undefined" />
	<Point X="357" Y="348" T="undefined" />
	<Point X="365" Y="330" T="undefined" />
	<Point X="371" Y="315" T="undefined" />
	<Point X="377" Y="304" T="undefined" />
	<Point X="383" Y="291" T="undefined" />
	<Point X="386" Y="281" T="undefined" />
	<Point X="388" Y="276" T="undefined" />
	<Point X="388" Y="273" T="undefined" />
	<Point X="387" Y="268" T="undefined" />
	<Point X="382" Y="262" T="undefined" />
	<Point X="374" Y="254" T="undefined" />
	<Point X="362" Y="233" T="undefined" />
	<Point X="358" Y="219" T="undefined" />
	<Point X="352" Y="203" T="undefined" />
	<Point X="346" Y="195" T="undefined" />
	<Point X="340" Y="190" T="undefined" />
	<Point X="327" Y="184" T="undefined" />
	<Point X="322" Y="183" T="undefined" />
	<Point X="315" Y="180" T="undefined" />
	<Point X="311" Y="178" T="undefined" />
	<Point X="307" Y="176" T="undefined" />
	<Point X="299" Y="171" T="undefined" />
	<Point X="292" Y="168" T="undefined" />
	<Point X="287" Y="167" T="undefined" />
	<Point X="285" Y="166" T="undefined" />
	<Point X="281" Y="164" T="undefined" />
	<Point X="278" Y="164" T="undefined" />
	<Point X="274" Y="163" T="undefined" />
	<Point X="271" Y="161" T="undefined" />
	<Point X="267" Y="160" T="undefined" />
	<Point X="265" Y="160" T="undefined" />
	<Point X="264" Y="159" T="undefined" />
	<Point X="262" Y="158" T="undefined" />
	<Point X="260" Y="155" T="undefined" />
	<Point X="258" Y="154" T="undefined" />
	<Point X="257" Y="153" T="undefined" />
	<Point X="256" Y="153" T="undefined" />
	<Point X="255" Y="153" T="undefined" />
	<Point X="254" Y="153" T="undefined" />
	<Point X="253" Y="153" T="undefined" />
</Gesture>