<?xml version="1.0" encoding="utf-8" standalone="yes"?>
<Gesture Name="Circle3" NumPts="132">
	<Point X="211" Y="129" T="undefined" />
	<Point X="211" Y="129" T="undefined" />
	<Point X="208" Y="129" T="undefined" />
	<Point X="206" Y="129" T="undefined" />
	<Point X="199" Y="129" T="undefined" />
	<Point X="194" Y="129" T="undefined" />
	<Point X="188" Y="129" T="undefined" />
	<Point X="184" Y="129" T="undefined" />
	<Point X="178" Y="129" T="undefined" />
	<Point X="171" Y="130" T="undefined" />
	<Point X="168" Y="131" T="undefined" />
	<Point X="163" Y="132" T="undefined" />
	<Point X="160" Y="134" T="undefined" />
	<Point X="157" Y="136" T="undefined" />
	<Point X="153" Y="139" T="undefined" />
	<Point X="150" Y="141" T="undefined" />
	<Point X="145" Y="144" T="undefined" />
	<Point X="141" Y="147" T="undefined" />
	<Point X="134" Y="153" T="undefined" />
	<Point X="131" Y="156" T="undefined" />
	<Point X="129" Y="158" T="undefined" />
	<Point X="126" Y="163" T="undefined" />
	<Point X="124" Y="166" T="undefined" />
	<Point X="123" Y="173" T="undefined" />
	<Point X="122" Y="178" T="undefined" />
	<Point X="119" Y="187" T="undefined" />
	<Point X="118" Y="193" T="undefined" />
	<Point X="116" Y="202" T="undefined" />
	<Point X="114" Y="211" T="undefined" />
	<Point X="114" Y="216" T="undefined" />
	<Point X="114" Y="223" T="undefined" />
	<Point X="113" Y="228" T="undefined" />
	<Point X="112" Y="240" T="undefined" />
	<Point X="112" Y="248" T="undefined" />
	<Point X="112" Y="255" T="undefined" />
	<Point X="112" Y="265" T="undefined" />
	<Point X="112" Y="270" T="undefined" />
	<Point X="114" Y="278" T="undefined" />
	<Point X="115" Y="282" T="undefined" />
	<Point X="116" Y="286" T="undefined" />
	<Point X="119" Y="295" T="undefined" />
	<Point X="121" Y="299" T="undefined" />
	<Point X="126" Y="306" T="undefined" />
	<Point X="130" Y="312" T="undefined" />
	<Point X="143" Y="321" T="undefined" />
	<Point X="151" Y="327" T="undefined" />
	<Point X="158" Y="330" T="undefined" />
	<Point X="166" Y="335" T="undefined" />
	<Point X="176" Y="340" T="undefined" />
	<Point X="188" Y="345" T="undefined" />
	<Point X="195" Y="349" T="undefined" />
	<Point X="203" Y="352" T="undefined" />
	<Point X="211" Y="354" T="undefined" />
	<Point X="222" Y="357" T="undefined" />
	<Point X="234" Y="359" T="undefined" />
	<Point X="240" Y="360" T="undefined" />
	<Point X="251" Y="361" T="undefined" />
	<Point X="259" Y="362" T="undefined" />
	<Point X="267" Y="362" T="undefined" />
	<Point X="277" Y="361" T="undefined" />
	<Point X="284" Y="360" T="undefined" />
	<Point X="294" Y="358" T="undefined" />
	<Point X="302" Y="355" T="undefined" />
	<Point X="314" Y="351" T="undefined" />
	<Point X="323" Y="347" T="undefined" />
	<Point X="332" Y="342" T="undefined" />
	<Point X="338" Y="338" T="undefined" />
	<Point X="344" Y="333" T="undefined" />
	<Point X="348" Y="328" T="undefined" />
	<Point X="356" Y="320" T="undefined" />
	<Point X="359" Y="316" T="undefined" />
	<Point X="365" Y="311" T="undefined" />
	<Point X="368" Y="307" T="undefined" />
	<Point X="373" Y="301" T="undefined" />
	<Point X="377" Y="294" T="undefined" />
	<Point X="378" Y="287" T="undefined" />
	<Point X="380" Y="281" T="undefined" />
	<Point X="382" Y="275" T="undefined" />
	<Point X="383" Y="269" T="undefined" />
	<Point X="383" Y="263" T="undefined" />
	<Point X="383" Y="252" T="undefined" />
	<Point X="383" Y="247" T="undefined" />
	<Point X="383" Y="239" T="undefined" />
	<Point X="382" Y="234" T="undefined" />
	<Point X="382" Y="228" T="undefined" />
	<Point X="380" Y="220" T="undefined" />
	<Point X="380" Y="216" T="undefined" />
	<Point X="377" Y="211" T="undefined" />
	<Point X="376" Y="207" T="undefined" />
	<Point X="373" Y="199" T="undefined" />
	<Point X="370" Y="190" T="undefined" />
	<Point X="368" Y="182" T="undefined" />
	<Point X="365" Y="174" T="undefined" />
	<Point X="362" Y="170" T="undefined" />
	<Point X="359" Y="166" T="undefined" />
	<Point X="355" Y="164" T="undefined" />
	<Point X="352" Y="161" T="undefined" />
	<Point X="346" Y="156" T="undefined" />
	<Point X="343" Y="152" T="undefined" />
	<Point X="337" Y="148" T="undefined" />
	<Point X="332" Y="145" T="undefined" />
	<Point X="328" Y="142" T="undefined" />
	<Point X="325" Y="141" T="undefined" />
	<Point X="322" Y="140" T="undefined" />
	<Point X="315" Y="139" T="undefined" />
	<Point X="310" Y="139" T="undefined" />
	<Point X="302" Y="139" T="undefined" />
	<Point X="296" Y="138" T="undefined" />
	<Point X="291" Y="136" T="undefined" />
	<Point X="289" Y="135" T="undefined" />
	<Point X="285" Y="134" T="undefined" />
	<Point X="277" Y="132" T="undefined" />
	<Point X="272" Y="132" T="undefined" />
	<Point X="266" Y="131" T="undefined" />
	<Point X="263" Y="131" T="undefined" />
	<Point X="261" Y="131" T="undefined" />
	<Point X="260" Y="131" T="undefined" />
	<Point X="257" Y="131" T="undefined" />
	<Point X="254" Y="131" T="undefined" />
	<Point X="253" Y="131" T="undefined" />
	<Point X="249" Y="131" T="undefined" />
	<Point X="247" Y="131" T="undefined" />
	<Point X="245" Y="131" T="undefined" />
	<Point X="241" Y="131" T="undefined" />
	<Point X="238" Y="131" T="undefined" />
	<Point X="237" Y="131" T="undefined" />
	<Point X="236" Y="131" T="undefined" />
	<Point X="235" Y="131" T="undefined" />
	<Point X="235" Y="131" T="undefined" />
	<Point X="234" Y="131" T="undefined" />
	<Point X="234" Y="131" T="undefined" />
	<Point X="234" Y="130" T="undefined" />
</Gesture>