<?xml version="1.0" encoding="utf-8" standalone="yes"?>
<Gesture Name="Circle8" NumPts="72">
	<Point X="251" Y="121" T="undefined" />
	<Point X="247" Y="121" T="undefined" />
	<Point X="240" Y="120" T="undefined" />
	<Point X="227" Y="117" T="undefined" />
	<Point X="202" Y="116" T="undefined" />
	<Point X="190" Y="117" T="undefined" />
	<Point X="172" Y="120" T="undefined" />
	<Point X="163" Y="121" T="undefined" />
	<Point X="151" Y="126" T="undefined" />
	<Point X="142" Y="132" T="undefined" />
	<Point X="131" Y="141" T="undefined" />
	<Point X="111" Y="163" T="undefined" />
	<Point X="98" Y="179" T="undefined" />
	<Point X="91" Y="187" T="undefined" />
	<Point X="87" Y="195" T="undefined" />
	<Point X="82" Y="206" T="undefined" />
	<Point X="81" Y="220" T="undefined" />
	<Point X="81" Y="238" T="undefined" />
	<Point X="82" Y="256" T="undefined" />
	<Point X="84" Y="269" T="undefined" />
	<Point X="88" Y="286" T="undefined" />
	<Point X="94" Y="300" T="undefined" />
	<Point X="103" Y="317" T="undefined" />
	<Point X="109" Y="325" T="undefined" />
	<Point X="118" Y="334" T="undefined" />
	<Point X="133" Y="345" T="undefined" />
	<Point X="146" Y="351" T="undefined" />
	<Point X="165" Y="359" T="undefined" />
	<Point X="178" Y="362" T="undefined" />
	<Point X="192" Y="365" T="undefined" />
	<Point X="207" Y="365" T="undefined" />
	<Point X="222" Y="365" T="undefined" />
	<Point X="245" Y="361" T="undefined" />
	<Point X="263" Y="358" T="undefined" />
	<Point X="285" Y="354" T="undefined" />
	<Point X="300" Y="350" T="undefined" />
	<Point X="317" Y="346" T="undefined" />
	<Point X="329" Y="340" T="undefined" />
	<Point X="335" Y="335" T="undefined" />
	<Point X="347" Y="327" T="undefined" />
	<Point X="354" Y="320" T="undefined" />
	<Point X="364" Y="308" T="undefined" />
	<Point X="369" Y="300" T="undefined" />
	<Point X="375" Y="289" T="undefined" />
	<Point X="378" Y="285" T="undefined" />
	<Point X="380" Y="280" T="undefined" />
	<Point X="385" Y="262" T="undefined" />
	<Point X="386" Y="249" T="undefined" />
	<Point X="386" Y="229" T="undefined" />
	<Point X="382" Y="210" T="undefined" />
	<Point X="381" Y="198" T="undefined" />
	<Point X="377" Y="184" T="undefined" />
	<Point X="374" Y="172" T="undefined" />
	<Point X="372" Y="168" T="undefined" />
	<Point X="367" Y="163" T="undefined" />
	<Point X="348" Y="158" T="undefined" />
	<Point X="341" Y="156" T="undefined" />
	<Point X="331" Y="153" T="undefined" />
	<Point X="325" Y="149" T="undefined" />
	<Point X="317" Y="144" T="undefined" />
	<Point X="304" Y="137" T="undefined" />
	<Point X="298" Y="134" T="undefined" />
	<Point X="291" Y="131" T="undefined" />
	<Point X="287" Y="129" T="undefined" />
	<Point X="283" Y="126" T="undefined" />
	<Point X="279" Y="123" T="undefined" />
	<Point X="275" Y="121" T="undefined" />
	<Point X="272" Y="119" T="undefined" />
	<Point X="271" Y="118" T="undefined" />
	<Point X="269" Y="117" T="undefined" />
	<Point X="267" Y="117" T="undefined" />
	<Point X="267" Y="117" T="undefined" />
</Gesture>