<?xml version="1.0" encoding="utf-8" standalone="yes"?>
<Gesture Name="Circle2" NumPts="133">
	<Point X="156" Y="163" T="undefined" />
	<Point X="146" Y="164" T="undefined" />
	<Point X="140" Y="164" T="undefined" />
	<Point X="132" Y="166" T="undefined" />
	<Point X="128" Y="168" T="undefined" />
	<Point X="123" Y="170" T="undefined" />
	<Point X="117" Y="173" T="undefined" />
	<Point X="113" Y="175" T="undefined" />
	<Point X="105" Y="181" T="undefined" />
	<Point X="100" Y="185" T="undefined" />
	<Point X="95" Y="189" T="undefined" />
	<Point X="89" Y="192" T="undefined" />
	<Point X="84" Y="195" T="undefined" />
	<Point X="81" Y="197" T="undefined" />
	<Point X="78" Y="200" T="undefined" />
	<Point X="72" Y="206" T="undefined" />
	<Point X="68" Y="213" T="undefined" />
	<Point X="65" Y="219" T="undefined" />
	<Point X="62" Y="225" T="undefined" />
	<Point X="60" Y="229" T="undefined" />
	<Point X="56" Y="235" T="undefined" />
	<Point X="54" Y="242" T="undefined" />
	<Point X="51" Y="250" T="undefined" />
	<Point X="50" Y="261" T="undefined" />
	<Point X="49" Y="268" T="undefined" />
	<Point X="49" Y="273" T="undefined" />
	<Point X="48" Y="288" T="undefined" />
	<Point X="48" Y="300" T="undefined" />
	<Point X="48" Y="307" T="undefined" />
	<Point X="48" Y="313" T="undefined" />
	<Point X="51" Y="326" T="undefined" />
	<Point X="53" Y="334" T="undefined" />
	<Point X="56" Y="346" T="undefined" />
	<Point X="59" Y="351" T="undefined" />
	<Point X="62" Y="357" T="undefined" />
	<Point X="67" Y="365" T="undefined" />
	<Point X="71" Y="372" T="undefined" />
	<Point X="74" Y="377" T="undefined" />
	<Point X="76" Y="381" T="undefined" />
	<Point X="81" Y="385" T="undefined" />
	<Point X="85" Y="388" T="undefined" />
	<Point X="92" Y="391" T="undefined" />
	<Point X="96" Y="392" T="undefined" />
	<Point X="99" Y="393" T="undefined" />
	<Point X="107" Y="394" T="undefined" />
	<Point X="113" Y="394" T="undefined" />
	<Point X="120" Y="396" T="undefined" />
	<Point X="124" Y="397" T="undefined" />
	<Point X="127" Y="399" T="undefined" />
	<Point X="131" Y="399" T="undefined" />
	<Point X="133" Y="400" T="undefined" />
	<Point X="138" Y="400" T="undefined" />
	<Point X="141" Y="401" T="undefined" />
	<Point X="147" Y="401" T="undefined" />
	<Point X="153" Y="400" T="undefined" />
	<Point X="160" Y="399" T="undefined" />
	<Point X="171" Y="395" T="undefined" />
	<Point X="177" Y="393" T="undefined" />
	<Point X="185" Y="392" T="undefined" />
	<Point X="189" Y="392" T="undefined" />
	<Point X="192" Y="391" T="undefined" />
	<Point X="196" Y="389" T="undefined" />
	<Point X="198" Y="389" T="undefined" />
	<Point X="202" Y="387" T="undefined" />
	<Point X="207" Y="386" T="undefined" />
	<Point X="214" Y="383" T="undefined" />
	<Point X="219" Y="382" T="undefined" />
	<Point X="225" Y="380" T="undefined" />
	<Point X="229" Y="379" T="undefined" />
	<Point X="233" Y="376" T="undefined" />
	<Point X="237" Y="374" T="undefined" />
	<Point X="240" Y="371" T="undefined" />
	<Point X="244" Y="366" T="undefined" />
	<Point X="247" Y="363" T="undefined" />
	<Point X="249" Y="359" T="undefined" />
	<Point X="255" Y="355" T="undefined" />
	<Point X="257" Y="352" T="undefined" />
	<Point X="263" Y="344" T="undefined" />
	<Point X="265" Y="338" T="undefined" />
	<Point X="268" Y="332" T="undefined" />
	<Point X="268" Y="328" T="undefined" />
	<Point X="270" Y="324" T="undefined" />
	<Point X="271" Y="316" T="undefined" />
	<Point X="273" Y="305" T="undefined" />
	<Point X="275" Y="287" T="undefined" />
	<Point X="275" Y="282" T="undefined" />
	<Point X="274" Y="277" T="undefined" />
	<Point X="273" Y="272" T="undefined" />
	<Point X="271" Y="268" T="undefined" />
	<Point X="269" Y="254" T="undefined" />
	<Point X="267" Y="242" T="undefined" />
	<Point X="267" Y="238" T="undefined" />
	<Point X="266" Y="236" T="undefined" />
	<Point X="266" Y="235" T="undefined" />
	<Point X="266" Y="235" T="undefined" />
	<Point X="265" Y="235" T="undefined" />
	<Point X="262" Y="233" T="undefined" />
	<Point X="259" Y="230" T="undefined" />
	<Point X="253" Y="225" T="undefined" />
	<Point X="249" Y="219" T="undefined" />
	<Point X="245" Y="214" T="undefined" />
	<Point X="241" Y="209" T="undefined" />
	<Point X="239" Y="207" T="undefined" />
	<Point X="235" Y="204" T="undefined" />
	<Point X="231" Y="202" T="undefined" />
	<Point X="225" Y="199" T="undefined" />
	<Point X="222" Y="196" T="undefined" />
	<Point X="219" Y="193" T="undefined" />
	<Point X="214" Y="190" T="undefined" />
	<Point X="211" Y="187" T="undefined" />
	<Point X="206" Y="186" T="undefined" />
	<Point X="204" Y="185" T="undefined" />
	<Point X="202" Y="185" T="undefined" />
	<Point X="200" Y="183" T="undefined" />
	<Point X="197" Y="181" T="undefined" />
	<Point X="195" Y="180" T="undefined" />
	<Point X="193" Y="179" T="undefined" />
	<Point X="191" Y="178" T="undefined" />
	<Point X="189" Y="177" T="undefined" />
	<Point X="187" Y="176" T="undefined" />
	<Point X="185" Y="174" T="undefined" />
	<Point X="184" Y="174" T="undefined" />
	<Point X="182" Y="172" T="undefined" />
	<Point X="182" Y="172" T="undefined" />
	<Point X="181" Y="172" T="undefined" />
	<Point X="180" Y="172" T="undefined" />
	<Point X="179" Y="172" T="undefined" />
	<Point X="179" Y="172" T="undefined" />
	<Point X="178" Y="172" T="undefined" />
	<Point X="177" Y="172" T="undefined" />
	<Point X="177" Y="172" T="undefined" />
	<Point X="176" Y="171" T="undefined" />
	<Point X="176" Y="171" T="undefined" />
</Gesture>