<?xml version="1.0" encoding="utf-8" standalone="yes"?>
<Gesture Name="Circle9" NumPts="77">
	<Point X="224" Y="124" T="undefined" />
	<Point X="222" Y="124" T="undefined" />
	<Point X="220" Y="124" T="undefined" />
	<Point X="219" Y="124" T="undefined" />
	<Point X="213" Y="122" T="undefined" />
	<Point X="208" Y="119" T="undefined" />
	<Point X="197" Y="115" T="undefined" />
	<Point X="187" Y="113" T="undefined" />
	<Point X="174" Y="115" T="undefined" />
	<Point X="152" Y="125" T="undefined" />
	<Point X="133" Y="135" T="undefined" />
	<Point X="112" Y="152" T="undefined" />
	<Point X="102" Y="163" T="undefined" />
	<Point X="90" Y="173" T="undefined" />
	<Point X="82" Y="182" T="undefined" />
	<Point X="74" Y="194" T="undefined" />
	<Point X="64" Y="214" T="undefined" />
	<Point X="59" Y="225" T="undefined" />
	<Point X="52" Y="248" T="undefined" />
	<Point X="50" Y="263" T="undefined" />
	<Point X="50" Y="284" T="undefined" />
	<Point X="52" Y="303" T="undefined" />
	<Point X="55" Y="316" T="undefined" />
	<Point X="65" Y="341" T="undefined" />
	<Point X="71" Y="355" T="undefined" />
	<Point X="81" Y="366" T="undefined" />
	<Point X="88" Y="372" T="undefined" />
	<Point X="101" Y="382" T="undefined" />
	<Point X="110" Y="388" T="undefined" />
	<Point X="124" Y="395" T="undefined" />
	<Point X="135" Y="397" T="undefined" />
	<Point X="147" Y="398" T="undefined" />
	<Point X="167" Y="397" T="undefined" />
	<Point X="179" Y="394" T="undefined" />
	<Point X="197" Y="391" T="undefined" />
	<Point X="217" Y="386" T="undefined" />
	<Point X="235" Y="381" T="undefined" />
	<Point X="260" Y="373" T="undefined" />
	<Point X="274" Y="369" T="undefined" />
	<Point X="296" Y="363" T="undefined" />
	<Point X="304" Y="361" T="undefined" />
	<Point X="315" Y="355" T="undefined" />
	<Point X="323" Y="347" T="undefined" />
	<Point X="332" Y="337" T="undefined" />
	<Point X="342" Y="320" T="undefined" />
	<Point X="348" Y="308" T="undefined" />
	<Point X="354" Y="283" T="undefined" />
	<Point X="355" Y="274" T="undefined" />
	<Point X="355" Y="260" T="undefined" />
	<Point X="354" Y="246" T="undefined" />
	<Point X="354" Y="236" T="undefined" />
	<Point X="350" Y="223" T="undefined" />
	<Point X="347" Y="212" T="undefined" />
	<Point X="341" Y="199" T="undefined" />
	<Point X="333" Y="186" T="undefined" />
	<Point X="327" Y="180" T="undefined" />
	<Point X="318" Y="168" T="undefined" />
	<Point X="315" Y="161" T="undefined" />
	<Point X="310" Y="155" T="undefined" />
	<Point X="307" Y="151" T="undefined" />
	<Point X="303" Y="148" T="undefined" />
	<Point X="293" Y="143" T="undefined" />
	<Point X="286" Y="140" T="undefined" />
	<Point X="279" Y="137" T="undefined" />
	<Point X="274" Y="134" T="undefined" />
	<Point X="267" Y="133" T="undefined" />
	<Point X="263" Y="131" T="undefined" />
	<Point X="259" Y="130" T="undefined" />
	<Point X="256" Y="128" T="undefined" />
	<Point X="253" Y="127" T="undefined" />
	<Point X="251" Y="125" T="undefined" />
	<Point X="250" Y="125" T="undefined" />
	<Point X="246" Y="124" T="undefined" />
	<Point X="244" Y="124" T="undefined" />
	<Point X="242" Y="124" T="undefined" />
	<Point X="241" Y="124" T="undefined" />
	<Point X="240" Y="124" T="undefined" />
</Gesture>