<?xml version="1.0" encoding="utf-8" standalone="yes"?>
<Gesture Name="Delete3" NumPts="115">
	<Point X="183" Y="137" T="undefined" />
	<Point X="184" Y="137" T="undefined" />
	<Point X="185" Y="137" T="undefined" />
	<Point X="186" Y="137" T="undefined" />
	<Point X="186" Y="137" T="undefined" />
	<Point X="187" Y="138" T="undefined" />
	<Point X="188" Y="141" T="undefined" />
	<Point X="191" Y="146" T="undefined" />
	<Point X="197" Y="157" T="undefined" />
	<Point X="202" Y="165" T="undefined" />
	<Point X="206" Y="173" T="undefined" />
	<Point X="210" Y="179" T="undefined" />
	<Point X="213" Y="182" T="undefined" />
	<Point X="221" Y="193" T="undefined" />
	<Point X="227" Y="202" T="undefined" />
	<Point X="233" Y="211" T="undefined" />
	<Point X="238" Y="217" T="undefined" />
	<Point X="243" Y="221" T="undefined" />
	<Point X="251" Y="226" T="undefined" />
	<Point X="258" Y="233" T="undefined" />
	<Point X="269" Y="248" T="undefined" />
	<Point X="276" Y="256" T="undefined" />
	<Point X="283" Y="262" T="undefined" />
	<Point X="287" Y="267" T="undefined" />
	<Point X="297" Y="277" T="undefined" />
	<Point X="305" Y="287" T="undefined" />
	<Point X="310" Y="295" T="undefined" />
	<Point X="316" Y="303" T="undefined" />
	<Point X="319" Y="307" T="undefined" />
	<Point X="324" Y="313" T="undefined" />
	<Point X="327" Y="318" T="undefined" />
	<Point X="330" Y="322" T="undefined" />
	<Point X="332" Y="326" T="undefined" />
	<Point X="333" Y="327" T="undefined" />
	<Point X="333" Y="328" T="undefined" />
	<Point X="331" Y="328" T="undefined" />
	<Point X="329" Y="328" T="undefined" />
	<Point X="327" Y="328" T="undefined" />
	<Point X="318" Y="325" T="undefined" />
	<Point X="306" Y="323" T="undefined" />
	<Point X="287" Y="318" T="undefined" />
	<Point X="276" Y="317" T="undefined" />
	<Point X="269" Y="316" T="undefined" />
	<Point X="253" Y="315" T="undefined" />
	<Point X="242" Y="316" T="undefined" />
	<Point X="234" Y="316" T="undefined" />
	<Point X="229" Y="316" T="undefined" />
	<Point X="222" Y="316" T="undefined" />
	<Point X="217" Y="317" T="undefined" />
	<Point X="212" Y="318" T="undefined" />
	<Point X="207" Y="319" T="undefined" />
	<Point X="205" Y="320" T="undefined" />
	<Point X="201" Y="321" T="undefined" />
	<Point X="199" Y="321" T="undefined" />
	<Point X="196" Y="321" T="undefined" />
	<Point X="188" Y="320" T="undefined" />
	<Point X="184" Y="319" T="undefined" />
	<Point X="180" Y="318" T="undefined" />
	<Point X="177" Y="318" T="undefined" />
	<Point X="175" Y="318" T="undefined" />
	<Point X="174" Y="317" T="undefined" />
	<Point X="171" Y="316" T="undefined" />
	<Point X="169" Y="314" T="undefined" />
	<Point X="167" Y="314" T="undefined" />
	<Point X="164" Y="314" T="undefined" />
	<Point X="163" Y="315" T="undefined" />
	<Point X="160" Y="316" T="undefined" />
	<Point X="158" Y="316" T="undefined" />
	<Point X="156" Y="316" T="undefined" />
	<Point X="155" Y="317" T="undefined" />
	<Point X="155" Y="317" T="undefined" />
	<Point X="154" Y="317" T="undefined" />
	<Point X="153" Y="317" T="undefined" />
	<Point X="153" Y="316" T="undefined" />
	<Point X="154" Y="315" T="undefined" />
	<Point X="157" Y="311" T="undefined" />
	<Point X="161" Y="307" T="undefined" />
	<Point X="169" Y="299" T="undefined" />
	<Point X="175" Y="292" T="undefined" />
	<Point X="186" Y="276" T="undefined" />
	<Point X="192" Y="269" T="undefined" />
	<Point X="198" Y="262" T="undefined" />
	<Point X="209" Y="251" T="undefined" />
	<Point X="215" Y="243" T="undefined" />
	<Point X="224" Y="230" T="undefined" />
	<Point X="229" Y="225" T="undefined" />
	<Point X="237" Y="217" T="undefined" />
	<Point X="243" Y="208" T="undefined" />
	<Point X="249" Y="197" T="undefined" />
	<Point X="255" Y="186" T="undefined" />
	<Point X="259" Y="181" T="undefined" />
	<Point X="265" Y="175" T="undefined" />
	<Point X="269" Y="170" T="undefined" />
	<Point X="275" Y="164" T="undefined" />
	<Point X="280" Y="157" T="undefined" />
	<Point X="286" Y="151" T="undefined" />
	<Point X="290" Y="147" T="undefined" />
	<Point X="293" Y="143" T="undefined" />
	<Point X="295" Y="138" T="undefined" />
	<Point X="297" Y="136" T="undefined" />
	<Point X="297" Y="134" T="undefined" />
	<Point X="299" Y="130" T="undefined" />
	<Point X="300" Y="129" T="undefined" />
	<Point X="300" Y="128" T="undefined" />
	<Point X="300" Y="128" T="undefined" />
	<Point X="301" Y="127" T="undefined" />
	<Point X="302" Y="127" T="undefined" />
	<Point X="302" Y="126" T="undefined" />
	<Point X="302" Y="126" T="undefined" />
	<Point X="303" Y="126" T="undefined" />
	<Point X="305" Y="124" T="undefined" />
	<Point X="307" Y="122" T="undefined" />
	<Point X="310" Y="120" T="undefined" />
	<Point X="312" Y="117" T="undefined" />
	<Point X="312" Y="116" T="undefined" />
</Gesture>