<?xml version="1.0" encoding="utf-8" standalone="yes"?>
<Gesture Name="Delete1" NumPts="82">
	<Point X="151" Y="150" T="undefined" />
	<Point X="152" Y="151" T="undefined" />
	<Point X="154" Y="151" T="undefined" />
	<Point X="155" Y="153" T="undefined" />
	<Point X="158" Y="155" T="undefined" />
	<Point X="163" Y="161" T="undefined" />
	<Point X="169" Y="169" T="undefined" />
	<Point X="174" Y="176" T="undefined" />
	<Point X="177" Y="181" T="undefined" />
	<Point X="183" Y="187" T="undefined" />
	<Point X="186" Y="190" T="undefined" />
	<Point X="192" Y="199" T="undefined" />
	<Point X="196" Y="207" T="undefined" />
	<Point X="201" Y="213" T="undefined" />
	<Point X="206" Y="220" T="undefined" />
	<Point X="211" Y="225" T="undefined" />
	<Point X="218" Y="233" T="undefined" />
	<Point X="222" Y="237" T="undefined" />
	<Point X="229" Y="248" T="undefined" />
	<Point X="232" Y="253" T="undefined" />
	<Point X="238" Y="260" T="undefined" />
	<Point X="243" Y="263" T="undefined" />
	<Point X="247" Y="266" T="undefined" />
	<Point X="253" Y="272" T="undefined" />
	<Point X="257" Y="276" T="undefined" />
	<Point X="262" Y="284" T="undefined" />
	<Point X="265" Y="289" T="undefined" />
	<Point X="268" Y="292" T="undefined" />
	<Point X="270" Y="295" T="undefined" />
	<Point X="270" Y="295" T="undefined" />
	<Point X="271" Y="297" T="undefined" />
	<Point X="271" Y="297" T="undefined" />
	<Point X="272" Y="298" T="undefined" />
	<Point X="272" Y="299" T="undefined" />
	<Point X="272" Y="300" T="undefined" />
	<Point X="272" Y="301" T="undefined" />
	<Point X="272" Y="302" T="undefined" />
	<Point X="270" Y="304" T="undefined" />
	<Point X="265" Y="304" T="undefined" />
	<Point X="262" Y="304" T="undefined" />
	<Point X="255" Y="305" T="undefined" />
	<Point X="248" Y="307" T="undefined" />
	<Point X="240" Y="307" T="undefined" />
	<Point X="235" Y="307" T="undefined" />
	<Point X="228" Y="307" T="undefined" />
	<Point X="201" Y="307" T="undefined" />
	<Point X="181" Y="307" T="undefined" />
	<Point X="171" Y="308" T="undefined" />
	<Point X="165" Y="308" T="undefined" />
	<Point X="158" Y="309" T="undefined" />
	<Point X="154" Y="309" T="undefined" />
	<Point X="150" Y="309" T="undefined" />
	<Point X="144" Y="306" T="undefined" />
	<Point X="140" Y="304" T="undefined" />
	<Point X="133" Y="303" T="undefined" />
	<Point X="128" Y="302" T="undefined" />
	<Point X="123" Y="302" T="undefined" />
	<Point X="120" Y="302" T="undefined" />
	<Point X="119" Y="302" T="undefined" />
	<Point X="118" Y="302" T="undefined" />
	<Point X="117" Y="302" T="undefined" />
	<Point X="117" Y="302" T="undefined" />
	<Point X="119" Y="302" T="undefined" />
	<Point X="120" Y="301" T="undefined" />
	<Point X="122" Y="300" T="undefined" />
	<Point X="126" Y="297" T="undefined" />
	<Point X="129" Y="293" T="undefined" />
	<Point X="139" Y="280" T="undefined" />
	<Point X="152" Y="260" T="undefined" />
	<Point X="162" Y="249" T="undefined" />
	<Point X="175" Y="232" T="undefined" />
	<Point X="195" Y="208" T="undefined" />
	<Point X="211" Y="193" T="undefined" />
	<Point X="237" Y="167" T="undefined" />
	<Point X="248" Y="157" T="undefined" />
	<Point X="255" Y="150" T="undefined" />
	<Point X="261" Y="145" T="undefined" />
	<Point X="263" Y="144" T="undefined" />
	<Point X="263" Y="144" T="undefined" />
	<Point X="264" Y="144" T="undefined" />
	<Point X="264" Y="144" T="undefined" />
	<Point X="265" Y="144" T="undefined" />
</Gesture>