<?xml version="1.0" encoding="utf-8" standalone="yes"?>
<Gesture Name="Delete7" NumPts="55">
	<Point X="173" Y="137" T="undefined" />
	<Point X="175" Y="141" T="undefined" />
	<Point X="179" Y="147" T="undefined" />
	<Point X="183" Y="154" T="undefined" />
	<Point X="196" Y="174" T="undefined" />
	<Point X="204" Y="188" T="undefined" />
	<Point X="215" Y="211" T="undefined" />
	<Point X="222" Y="222" T="undefined" />
	<Point X="233" Y="241" T="undefined" />
	<Point X="240" Y="253" T="undefined" />
	<Point X="248" Y="263" T="undefined" />
	<Point X="261" Y="279" T="undefined" />
	<Point X="271" Y="292" T="undefined" />
	<Point X="286" Y="308" T="undefined" />
	<Point X="294" Y="314" T="undefined" />
	<Point X="306" Y="323" T="undefined" />
	<Point X="312" Y="327" T="undefined" />
	<Point X="317" Y="333" T="undefined" />
	<Point X="323" Y="341" T="undefined" />
	<Point X="327" Y="348" T="undefined" />
	<Point X="330" Y="352" T="undefined" />
	<Point X="333" Y="355" T="undefined" />
	<Point X="334" Y="357" T="undefined" />
	<Point X="334" Y="357" T="undefined" />
	<Point X="332" Y="357" T="undefined" />
	<Point X="330" Y="357" T="undefined" />
	<Point X="326" Y="357" T="undefined" />
	<Point X="289" Y="356" T="undefined" />
	<Point X="257" Y="354" T="undefined" />
	<Point X="236" Y="352" T="undefined" />
	<Point X="212" Y="347" T="undefined" />
	<Point X="193" Y="344" T="undefined" />
	<Point X="169" Y="339" T="undefined" />
	<Point X="157" Y="337" T="undefined" />
	<Point X="146" Y="337" T="undefined" />
	<Point X="135" Y="338" T="undefined" />
	<Point X="130" Y="339" T="undefined" />
	<Point X="126" Y="340" T="undefined" />
	<Point X="122" Y="340" T="undefined" />
	<Point X="121" Y="340" T="undefined" />
	<Point X="120" Y="340" T="undefined" />
	<Point X="119" Y="340" T="undefined" />
	<Point X="118" Y="340" T="undefined" />
	<Point X="121" Y="335" T="undefined" />
	<Point X="128" Y="327" T="undefined" />
	<Point X="149" Y="303" T="undefined" />
	<Point X="185" Y="253" T="undefined" />
	<Point X="211" Y="221" T="undefined" />
	<Point X="238" Y="191" T="undefined" />
	<Point X="254" Y="172" T="undefined" />
	<Point X="266" Y="163" T="undefined" />
	<Point X="274" Y="159" T="undefined" />
	<Point X="277" Y="158" T="undefined" />
	<Point X="279" Y="158" T="undefined" />
	<Point X="279" Y="158" T="undefined" />
</Gesture>