<?xml version="1.0" encoding="utf-8" standalone="yes"?>
<Gesture Name="Delete9" NumPts="54">
	<Point X="143" Y="119" T="undefined" />
	<Point X="147" Y="127" T="undefined" />
	<Point X="152" Y="135" T="undefined" />
	<Point X="162" Y="151" T="undefined" />
	<Point X="179" Y="178" T="undefined" />
	<Point X="190" Y="198" T="undefined" />
	<Point X="208" Y="224" T="undefined" />
	<Point X="221" Y="244" T="undefined" />
	<Point X="231" Y="256" T="undefined" />
	<Point X="247" Y="273" T="undefined" />
	<Point X="256" Y="287" T="undefined" />
	<Point X="268" Y="300" T="undefined" />
	<Point X="275" Y="307" T="undefined" />
	<Point X="286" Y="320" T="undefined" />
	<Point X="290" Y="326" T="undefined" />
	<Point X="293" Y="333" T="undefined" />
	<Point X="294" Y="334" T="undefined" />
	<Point X="294" Y="334" T="undefined" />
	<Point X="294" Y="335" T="undefined" />
	<Point X="294" Y="336" T="undefined" />
	<Point X="293" Y="336" T="undefined" />
	<Point X="293" Y="336" T="undefined" />
	<Point X="292" Y="336" T="undefined" />
	<Point X="281" Y="330" T="undefined" />
	<Point X="266" Y="321" T="undefined" />
	<Point X="225" Y="303" T="undefined" />
	<Point X="193" Y="294" T="undefined" />
	<Point X="162" Y="291" T="undefined" />
	<Point X="113" Y="293" T="undefined" />
	<Point X="94" Y="295" T="undefined" />
	<Point X="69" Y="299" T="undefined" />
	<Point X="61" Y="301" T="undefined" />
	<Point X="53" Y="303" T="undefined" />
	<Point X="51" Y="303" T="undefined" />
	<Point X="49" Y="303" T="undefined" />
	<Point X="48" Y="304" T="undefined" />
	<Point X="48" Y="304" T="undefined" />
	<Point X="47" Y="304" T="undefined" />
	<Point X="47" Y="303" T="undefined" />
	<Point X="47" Y="303" T="undefined" />
	<Point X="48" Y="302" T="undefined" />
	<Point X="51" Y="299" T="undefined" />
	<Point X="56" Y="296" T="undefined" />
	<Point X="67" Y="286" T="undefined" />
	<Point X="82" Y="274" T="undefined" />
	<Point X="100" Y="261" T="undefined" />
	<Point X="133" Y="239" T="undefined" />
	<Point X="159" Y="218" T="undefined" />
	<Point X="199" Y="188" T="undefined" />
	<Point X="218" Y="170" T="undefined" />
	<Point X="250" Y="143" T="undefined" />
	<Point X="263" Y="133" T="undefined" />
	<Point X="269" Y="128" T="undefined" />
	<Point X="273" Y="124" T="undefined" />
</Gesture>