<?xml version="1.0" encoding="utf-8" standalone="yes"?>
<Gesture Name="Delete6" NumPts="70">
	<Point X="208" Y="125" T="undefined" />
	<Point X="208" Y="125" T="undefined" />
	<Point X="208" Y="127" T="undefined" />
	<Point X="210" Y="129" T="undefined" />
	<Point X="213" Y="132" T="undefined" />
	<Point X="216" Y="137" T="undefined" />
	<Point X="224" Y="145" T="undefined" />
	<Point X="229" Y="150" T="undefined" />
	<Point X="241" Y="157" T="undefined" />
	<Point X="249" Y="162" T="undefined" />
	<Point X="259" Y="169" T="undefined" />
	<Point X="271" Y="187" T="undefined" />
	<Point X="278" Y="197" T="undefined" />
	<Point X="290" Y="211" T="undefined" />
	<Point X="299" Y="227" T="undefined" />
	<Point X="309" Y="242" T="undefined" />
	<Point X="316" Y="252" T="undefined" />
	<Point X="326" Y="269" T="undefined" />
	<Point X="334" Y="281" T="undefined" />
	<Point X="339" Y="290" T="undefined" />
	<Point X="348" Y="304" T="undefined" />
	<Point X="354" Y="315" T="undefined" />
	<Point X="358" Y="321" T="undefined" />
	<Point X="360" Y="327" T="undefined" />
	<Point X="361" Y="329" T="undefined" />
	<Point X="361" Y="330" T="undefined" />
	<Point X="361" Y="330" T="undefined" />
	<Point X="360" Y="330" T="undefined" />
	<Point X="359" Y="330" T="undefined" />
	<Point X="353" Y="330" T="undefined" />
	<Point X="334" Y="325" T="undefined" />
	<Point X="322" Y="322" T="undefined" />
	<Point X="304" Y="316" T="undefined" />
	<Point X="279" Y="310" T="undefined" />
	<Point X="260" Y="306" T="undefined" />
	<Point X="232" Y="300" T="undefined" />
	<Point X="217" Y="298" T="undefined" />
	<Point X="194" Y="297" T="undefined" />
	<Point X="185" Y="298" T="undefined" />
	<Point X="181" Y="298" T="undefined" />
	<Point X="174" Y="300" T="undefined" />
	<Point X="172" Y="300" T="undefined" />
	<Point X="171" Y="300" T="undefined" />
	<Point X="169" Y="300" T="undefined" />
	<Point X="169" Y="300" T="undefined" />
	<Point X="169" Y="299" T="undefined" />
	<Point X="172" Y="298" T="undefined" />
	<Point X="175" Y="295" T="undefined" />
	<Point X="185" Y="285" T="undefined" />
	<Point X="198" Y="272" T="undefined" />
	<Point X="212" Y="259" T="undefined" />
	<Point X="230" Y="241" T="undefined" />
	<Point X="247" Y="218" T="undefined" />
	<Point X="269" Y="189" T="undefined" />
	<Point X="285" Y="167" T="undefined" />
	<Point X="298" Y="152" T="undefined" />
	<Point X="316" Y="140" T="undefined" />
	<Point X="321" Y="135" T="undefined" />
	<Point X="326" Y="131" T="undefined" />
	<Point X="328" Y="129" T="undefined" />
	<Point X="333" Y="125" T="undefined" />
	<Point X="337" Y="122" T="undefined" />
	<Point X="342" Y="119" T="undefined" />
	<Point X="347" Y="115" T="undefined" />
	<Point X="349" Y="114" T="undefined" />
	<Point X="349" Y="114" T="undefined" />
	<Point X="349" Y="115" T="undefined" />
	<Point X="349" Y="115" T="undefined" />
	<Point X="349" Y="116" T="undefined" />
	<Point X="349" Y="116" T="undefined" />
</Gesture>