<?xml version="1.0" encoding="utf-8" standalone="yes"?>
<Gesture Name="Delete8" NumPts="74">
	<Point X="154" Y="134" T="undefined" />
	<Point X="157" Y="140" T="undefined" />
	<Point X="161" Y="146" T="undefined" />
	<Point X="173" Y="161" T="undefined" />
	<Point X="180" Y="168" T="undefined" />
	<Point X="193" Y="188" T="undefined" />
	<Point X="200" Y="200" T="undefined" />
	<Point X="208" Y="209" T="undefined" />
	<Point X="226" Y="233" T="undefined" />
	<Point X="234" Y="246" T="undefined" />
	<Point X="242" Y="255" T="undefined" />
	<Point X="251" Y="264" T="undefined" />
	<Point X="263" Y="276" T="undefined" />
	<Point X="279" Y="294" T="undefined" />
	<Point X="285" Y="301" T="undefined" />
	<Point X="293" Y="309" T="undefined" />
	<Point X="299" Y="315" T="undefined" />
	<Point X="301" Y="319" T="undefined" />
	<Point X="303" Y="321" T="undefined" />
	<Point X="304" Y="323" T="undefined" />
	<Point X="305" Y="324" T="undefined" />
	<Point X="306" Y="326" T="undefined" />
	<Point X="306" Y="327" T="undefined" />
	<Point X="306" Y="328" T="undefined" />
	<Point X="306" Y="328" T="undefined" />
	<Point X="306" Y="329" T="undefined" />
	<Point X="306" Y="329" T="undefined" />
	<Point X="303" Y="328" T="undefined" />
	<Point X="281" Y="321" T="undefined" />
	<Point X="257" Y="314" T="undefined" />
	<Point X="231" Y="309" T="undefined" />
	<Point X="213" Y="307" T="undefined" />
	<Point X="201" Y="306" T="undefined" />
	<Point X="188" Y="306" T="undefined" />
	<Point X="177" Y="306" T="undefined" />
	<Point X="158" Y="304" T="undefined" />
	<Point X="150" Y="302" T="undefined" />
	<Point X="136" Y="300" T="undefined" />
	<Point X="128" Y="300" T="undefined" />
	<Point X="123" Y="300" T="undefined" />
	<Point X="118" Y="300" T="undefined" />
	<Point X="114" Y="300" T="undefined" />
	<Point X="112" Y="300" T="undefined" />
	<Point X="109" Y="300" T="undefined" />
	<Point X="108" Y="300" T="undefined" />
	<Point X="107" Y="300" T="undefined" />
	<Point X="106" Y="300" T="undefined" />
	<Point X="107" Y="300" T="undefined" />
	<Point X="108" Y="300" T="undefined" />
	<Point X="109" Y="299" T="undefined" />
	<Point X="114" Y="295" T="undefined" />
	<Point X="122" Y="289" T="undefined" />
	<Point X="131" Y="280" T="undefined" />
	<Point X="147" Y="266" T="undefined" />
	<Point X="161" Y="254" T="undefined" />
	<Point X="176" Y="243" T="undefined" />
	<Point X="190" Y="232" T="undefined" />
	<Point X="200" Y="222" T="undefined" />
	<Point X="219" Y="205" T="undefined" />
	<Point X="232" Y="198" T="undefined" />
	<Point X="246" Y="187" T="undefined" />
	<Point X="255" Y="176" T="undefined" />
	<Point X="269" Y="162" T="undefined" />
	<Point X="278" Y="154" T="undefined" />
	<Point X="284" Y="149" T="undefined" />
	<Point X="289" Y="146" T="undefined" />
	<Point X="291" Y="145" T="undefined" />
	<Point X="292" Y="145" T="undefined" />
	<Point X="292" Y="145" T="undefined" />
	<Point X="293" Y="144" T="undefined" />
	<Point X="293" Y="144" T="undefined" />
	<Point X="295" Y="141" T="undefined" />
	<Point X="296" Y="140" T="undefined" />
	<Point X="296" Y="140" T="undefined" />
</Gesture>