<?xml version="1.0" encoding="utf-8" standalone="yes"?>
<Gesture Name="Delete4" NumPts="74">
	<Point X="150" Y="110" T="undefined" />
	<Point X="153" Y="115" T="undefined" />
	<Point X="161" Y="124" T="undefined" />
	<Point X="171" Y="139" T="undefined" />
	<Point X="187" Y="164" T="undefined" />
	<Point X="196" Y="173" T="undefined" />
	<Point X="215" Y="196" T="undefined" />
	<Point X="226" Y="209" T="undefined" />
	<Point X="237" Y="221" T="undefined" />
	<Point X="254" Y="245" T="undefined" />
	<Point X="265" Y="260" T="undefined" />
	<Point X="279" Y="273" T="undefined" />
	<Point X="287" Y="285" T="undefined" />
	<Point X="293" Y="296" T="undefined" />
	<Point X="299" Y="306" T="undefined" />
	<Point X="301" Y="310" T="undefined" />
	<Point X="302" Y="311" T="undefined" />
	<Point X="302" Y="312" T="undefined" />
	<Point X="302" Y="313" T="undefined" />
	<Point X="302" Y="314" T="undefined" />
	<Point X="302" Y="314" T="undefined" />
	<Point X="301" Y="314" T="undefined" />
	<Point X="291" Y="311" T="undefined" />
	<Point X="270" Y="302" T="undefined" />
	<Point X="239" Y="289" T="undefined" />
	<Point X="215" Y="280" T="undefined" />
	<Point X="198" Y="276" T="undefined" />
	<Point X="175" Y="273" T="undefined" />
	<Point X="163" Y="272" T="undefined" />
	<Point X="150" Y="272" T="undefined" />
	<Point X="144" Y="272" T="undefined" />
	<Point X="134" Y="273" T="undefined" />
	<Point X="119" Y="275" T="undefined" />
	<Point X="112" Y="275" T="undefined" />
	<Point X="101" Y="275" T="undefined" />
	<Point X="94" Y="275" T="undefined" />
	<Point X="87" Y="274" T="undefined" />
	<Point X="85" Y="274" T="undefined" />
	<Point X="83" Y="274" T="undefined" />
	<Point X="83" Y="274" T="undefined" />
	<Point X="83" Y="273" T="undefined" />
	<Point X="83" Y="272" T="undefined" />
	<Point X="83" Y="272" T="undefined" />
	<Point X="85" Y="271" T="undefined" />
	<Point X="87" Y="269" T="undefined" />
	<Point X="92" Y="267" T="undefined" />
	<Point X="96" Y="264" T="undefined" />
	<Point X="106" Y="252" T="undefined" />
	<Point X="116" Y="240" T="undefined" />
	<Point X="137" Y="222" T="undefined" />
	<Point X="154" Y="204" T="undefined" />
	<Point X="168" Y="186" T="undefined" />
	<Point X="190" Y="168" T="undefined" />
	<Point X="199" Y="159" T="undefined" />
	<Point X="209" Y="149" T="undefined" />
	<Point X="216" Y="145" T="undefined" />
	<Point X="221" Y="142" T="undefined" />
	<Point X="229" Y="137" T="undefined" />
	<Point X="234" Y="133" T="undefined" />
	<Point X="240" Y="127" T="undefined" />
	<Point X="243" Y="124" T="undefined" />
	<Point X="244" Y="122" T="undefined" />
	<Point X="244" Y="123" T="undefined" />
	<Point X="244" Y="124" T="undefined" />
	<Point X="244" Y="124" T="undefined" />
	<Point X="243" Y="125" T="undefined" />
	<Point X="243" Y="126" T="undefined" />
	<Point X="243" Y="125" T="undefined" />
	<Point X="244" Y="124" T="undefined" />
	<Point X="245" Y="123" T="undefined" />
	<Point X="247" Y="120" T="undefined" />
	<Point X="248" Y="119" T="undefined" />
	<Point X="249" Y="118" T="undefined" />
	<Point X="249" Y="118" T="undefined" />
</Gesture>