<?xml version="1.0" encoding="utf-8" standalone="yes"?>
<Gesture Name="Delete2" NumPts="98">
	<Point X="160" Y="119" T="undefined" />
	<Point X="161" Y="120" T="undefined" />
	<Point X="161" Y="120" T="undefined" />
	<Point X="162" Y="121" T="undefined" />
	<Point X="164" Y="125" T="undefined" />
	<Point X="166" Y="129" T="undefined" />
	<Point X="167" Y="133" T="undefined" />
	<Point X="169" Y="135" T="undefined" />
	<Point X="170" Y="137" T="undefined" />
	<Point X="173" Y="141" T="undefined" />
	<Point X="175" Y="144" T="undefined" />
	<Point X="178" Y="148" T="undefined" />
	<Point X="180" Y="152" T="undefined" />
	<Point X="182" Y="156" T="undefined" />
	<Point X="185" Y="163" T="undefined" />
	<Point X="185" Y="167" T="undefined" />
	<Point X="188" Y="175" T="undefined" />
	<Point X="190" Y="178" T="undefined" />
	<Point X="193" Y="184" T="undefined" />
	<Point X="196" Y="188" T="undefined" />
	<Point X="199" Y="193" T="undefined" />
	<Point X="205" Y="203" T="undefined" />
	<Point X="209" Y="211" T="undefined" />
	<Point X="214" Y="218" T="undefined" />
	<Point X="217" Y="223" T="undefined" />
	<Point X="221" Y="228" T="undefined" />
	<Point X="230" Y="239" T="undefined" />
	<Point X="234" Y="244" T="undefined" />
	<Point X="241" Y="253" T="undefined" />
	<Point X="244" Y="256" T="undefined" />
	<Point X="247" Y="260" T="undefined" />
	<Point X="251" Y="264" T="undefined" />
	<Point X="255" Y="270" T="undefined" />
	<Point X="257" Y="274" T="undefined" />
	<Point X="260" Y="278" T="undefined" />
	<Point X="265" Y="284" T="undefined" />
	<Point X="268" Y="289" T="undefined" />
	<Point X="271" Y="292" T="undefined" />
	<Point X="275" Y="297" T="undefined" />
	<Point X="279" Y="302" T="undefined" />
	<Point X="281" Y="304" T="undefined" />
	<Point X="281" Y="306" T="undefined" />
	<Point X="282" Y="307" T="undefined" />
	<Point X="282" Y="309" T="undefined" />
	<Point X="280" Y="308" T="undefined" />
	<Point X="277" Y="308" T="undefined" />
	<Point X="266" Y="308" T="undefined" />
	<Point X="252" Y="307" T="undefined" />
	<Point X="241" Y="304" T="undefined" />
	<Point X="216" Y="298" T="undefined" />
	<Point X="203" Y="295" T="undefined" />
	<Point X="185" Y="291" T="undefined" />
	<Point X="176" Y="291" T="undefined" />
	<Point X="170" Y="292" T="undefined" />
	<Point X="167" Y="292" T="undefined" />
	<Point X="166" Y="292" T="undefined" />
	<Point X="162" Y="292" T="undefined" />
	<Point X="158" Y="292" T="undefined" />
	<Point X="155" Y="292" T="undefined" />
	<Point X="148" Y="292" T="undefined" />
	<Point X="142" Y="291" T="undefined" />
	<Point X="137" Y="291" T="undefined" />
	<Point X="133" Y="291" T="undefined" />
	<Point X="130" Y="291" T="undefined" />
	<Point X="128" Y="291" T="undefined" />
	<Point X="127" Y="291" T="undefined" />
	<Point X="126" Y="291" T="undefined" />
	<Point X="126" Y="291" T="undefined" />
	<Point X="125" Y="291" T="undefined" />
	<Point X="125" Y="290" T="undefined" />
	<Point X="125" Y="290" T="undefined" />
	<Point X="125" Y="289" T="undefined" />
	<Point X="126" Y="288" T="undefined" />
	<Point X="128" Y="286" T="undefined" />
	<Point X="132" Y="279" T="undefined" />
	<Point X="141" Y="265" T="undefined" />
	<Point X="147" Y="256" T="undefined" />
	<Point X="152" Y="248" T="undefined" />
	<Point X="165" Y="227" T="undefined" />
	<Point X="171" Y="216" T="undefined" />
	<Point X="178" Y="207" T="undefined" />
	<Point X="184" Y="199" T="undefined" />
	<Point X="192" Y="189" T="undefined" />
	<Point X="197" Y="184" T="undefined" />
	<Point X="201" Y="179" T="undefined" />
	<Point X="207" Y="174" T="undefined" />
	<Point X="210" Y="171" T="undefined" />
	<Point X="214" Y="167" T="undefined" />
	<Point X="225" Y="157" T="undefined" />
	<Point X="239" Y="140" T="undefined" />
	<Point X="246" Y="132" T="undefined" />
	<Point X="252" Y="127" T="undefined" />
	<Point X="257" Y="123" T="undefined" />
	<Point X="260" Y="120" T="undefined" />
	<Point X="264" Y="117" T="undefined" />
	<Point X="267" Y="114" T="undefined" />
	<Point X="270" Y="110" T="undefined" />
	<Point X="271" Y="109" T="undefined" />
</Gesture>