<?xml version="1.0" encoding="utf-8" standalone="yes"?>
<Gesture Name="Delete0" NumPts="110">
	<Point X="168" Y="147" T="undefined" />
	<Point X="169" Y="148" T="undefined" />
	<Point X="171" Y="150" T="undefined" />
	<Point X="176" Y="157" T="undefined" />
	<Point X="182" Y="164" T="undefined" />
	<Point X="185" Y="169" T="undefined" />
	<Point X="190" Y="175" T="undefined" />
	<Point X="193" Y="179" T="undefined" />
	<Point X="196" Y="183" T="undefined" />
	<Point X="199" Y="189" T="undefined" />
	<Point X="202" Y="194" T="undefined" />
	<Point X="207" Y="201" T="undefined" />
	<Point X="211" Y="205" T="undefined" />
	<Point X="215" Y="209" T="undefined" />
	<Point X="220" Y="214" T="undefined" />
	<Point X="223" Y="217" T="undefined" />
	<Point X="228" Y="222" T="undefined" />
	<Point X="230" Y="224" T="undefined" />
	<Point X="235" Y="230" T="undefined" />
	<Point X="237" Y="234" T="undefined" />
	<Point X="240" Y="239" T="undefined" />
	<Point X="245" Y="245" T="undefined" />
	<Point X="249" Y="249" T="undefined" />
	<Point X="255" Y="254" T="undefined" />
	<Point X="259" Y="258" T="undefined" />
	<Point X="264" Y="263" T="undefined" />
	<Point X="265" Y="267" T="undefined" />
	<Point X="268" Y="270" T="undefined" />
	<Point X="270" Y="275" T="undefined" />
	<Point X="272" Y="277" T="undefined" />
	<Point X="275" Y="280" T="undefined" />
	<Point X="276" Y="281" T="undefined" />
	<Point X="278" Y="283" T="undefined" />
	<Point X="281" Y="286" T="undefined" />
	<Point X="284" Y="290" T="undefined" />
	<Point X="287" Y="293" T="undefined" />
	<Point X="288" Y="294" T="undefined" />
	<Point X="289" Y="296" T="undefined" />
	<Point X="289" Y="296" T="undefined" />
	<Point X="289" Y="297" T="undefined" />
	<Point X="289" Y="297" T="undefined" />
	<Point X="287" Y="298" T="undefined" />
	<Point X="285" Y="298" T="undefined" />
	<Point X="279" Y="298" T="undefined" />
	<Point X="274" Y="298" T="undefined" />
	<Point X="267" Y="298" T="undefined" />
	<Point X="262" Y="298" T="undefined" />
	<Point X="253" Y="299" T="undefined" />
	<Point X="249" Y="299" T="undefined" />
	<Point X="244" Y="299" T="undefined" />
	<Point X="237" Y="299" T="undefined" />
	<Point X="230" Y="300" T="undefined" />
	<Point X="226" Y="301" T="undefined" />
	<Point X="223" Y="301" T="undefined" />
	<Point X="218" Y="302" T="undefined" />
	<Point X="215" Y="303" T="undefined" />
	<Point X="212" Y="303" T="undefined" />
	<Point X="209" Y="303" T="undefined" />
	<Point X="207" Y="303" T="undefined" />
	<Point X="204" Y="303" T="undefined" />
	<Point X="201" Y="303" T="undefined" />
	<Point X="199" Y="303" T="undefined" />
	<Point X="195" Y="301" T="undefined" />
	<Point X="192" Y="301" T="undefined" />
	<Point X="187" Y="298" T="undefined" />
	<Point X="183" Y="297" T="undefined" />
	<Point X="179" Y="296" T="undefined" />
	<Point X="176" Y="296" T="undefined" />
	<Point X="173" Y="295" T="undefined" />
	<Point X="169" Y="294" T="undefined" />
	<Point X="164" Y="294" T="undefined" />
	<Point X="159" Y="293" T="undefined" />
	<Point X="155" Y="291" T="undefined" />
	<Point X="149" Y="291" T="undefined" />
	<Point X="145" Y="291" T="undefined" />
	<Point X="143" Y="291" T="undefined" />
	<Point X="141" Y="291" T="undefined" />
	<Point X="140" Y="291" T="undefined" />
	<Point X="139" Y="291" T="undefined" />
	<Point X="138" Y="291" T="undefined" />
	<Point X="140" Y="289" T="undefined" />
	<Point X="142" Y="286" T="undefined" />
	<Point X="153" Y="276" T="undefined" />
	<Point X="157" Y="269" T="undefined" />
	<Point X="163" Y="262" T="undefined" />
	<Point X="165" Y="258" T="undefined" />
	<Point X="171" Y="251" T="undefined" />
	<Point X="177" Y="244" T="undefined" />
	<Point X="182" Y="238" T="undefined" />
	<Point X="188" Y="231" T="undefined" />
	<Point X="191" Y="228" T="undefined" />
	<Point X="195" Y="223" T="undefined" />
	<Point X="200" Y="219" T="undefined" />
	<Point X="208" Y="211" T="undefined" />
	<Point X="213" Y="207" T="undefined" />
	<Point X="217" Y="203" T="undefined" />
	<Point X="223" Y="199" T="undefined" />
	<Point X="228" Y="196" T="undefined" />
	<Point X="236" Y="189" T="undefined" />
	<Point X="243" Y="182" T="undefined" />
	<Point X="248" Y="178" T="undefined" />
	<Point X="253" Y="172" T="undefined" />
	<Point X="255" Y="169" T="undefined" />
	<Point X="259" Y="166" T="undefined" />
	<Point X="263" Y="160" T="undefined" />
	<Point X="269" Y="151" T="undefined" />
	<Point X="273" Y="146" T="undefined" />
	<Point X="278" Y="141" T="undefined" />
	<Point X="279" Y="139" T="undefined" />
	<Point X="280" Y="139" T="undefined" />
</Gesture>