<?xml version="1.0" encoding="utf-8" standalone="yes"?>
<Gesture Name="Left Curly Brace7" NumPts="102">
	<Point X="209" Y="77" T="undefined" />
	<Point X="206" Y="77" T="undefined" />
	<Point X="204" Y="78" T="undefined" />
	<Point X="197" Y="80" T="undefined" />
	<Point X="192" Y="82" T="undefined" />
	<Point X="189" Y="83" T="undefined" />
	<Point X="183" Y="84" T="undefined" />
	<Point X="177" Y="87" T="undefined" />
	<Point X="172" Y="89" T="undefined" />
	<Point X="169" Y="92" T="undefined" />
	<Point X="167" Y="96" T="undefined" />
	<Point X="165" Y="97" T="undefined" />
	<Point X="164" Y="99" T="undefined" />
	<Point X="162" Y="102" T="undefined" />
	<Point X="159" Y="106" T="undefined" />
	<Point X="157" Y="109" T="undefined" />
	<Point X="156" Y="111" T="undefined" />
	<Point X="155" Y="116" T="undefined" />
	<Point X="154" Y="121" T="undefined" />
	<Point X="154" Y="126" T="undefined" />
	<Point X="156" Y="133" T="undefined" />
	<Point X="158" Y="141" T="undefined" />
	<Point X="162" Y="152" T="undefined" />
	<Point X="165" Y="157" T="undefined" />
	<Point X="169" Y="166" T="undefined" />
	<Point X="171" Y="171" T="undefined" />
	<Point X="176" Y="177" T="undefined" />
	<Point X="179" Y="180" T="undefined" />
	<Point X="181" Y="182" T="undefined" />
	<Point X="184" Y="185" T="undefined" />
	<Point X="187" Y="187" T="undefined" />
	<Point X="188" Y="189" T="undefined" />
	<Point X="190" Y="192" T="undefined" />
	<Point X="191" Y="193" T="undefined" />
	<Point X="193" Y="199" T="undefined" />
	<Point X="194" Y="202" T="undefined" />
	<Point X="194" Y="208" T="undefined" />
	<Point X="191" Y="212" T="undefined" />
	<Point X="188" Y="217" T="undefined" />
	<Point X="178" Y="223" T="undefined" />
	<Point X="173" Y="226" T="undefined" />
	<Point X="168" Y="229" T="undefined" />
	<Point X="162" Y="232" T="undefined" />
	<Point X="159" Y="235" T="undefined" />
	<Point X="153" Y="239" T="undefined" />
	<Point X="149" Y="241" T="undefined" />
	<Point X="143" Y="243" T="undefined" />
	<Point X="140" Y="245" T="undefined" />
	<Point X="139" Y="245" T="undefined" />
	<Point X="138" Y="245" T="undefined" />
	<Point X="138" Y="245" T="undefined" />
	<Point X="138" Y="246" T="undefined" />
	<Point X="138" Y="246" T="undefined" />
	<Point X="139" Y="247" T="undefined" />
	<Point X="140" Y="247" T="undefined" />
	<Point X="147" Y="250" T="undefined" />
	<Point X="151" Y="251" T="undefined" />
	<Point X="155" Y="254" T="undefined" />
	<Point X="159" Y="259" T="undefined" />
	<Point X="162" Y="261" T="undefined" />
	<Point X="166" Y="264" T="undefined" />
	<Point X="169" Y="267" T="undefined" />
	<Point X="174" Y="273" T="undefined" />
	<Point X="177" Y="276" T="undefined" />
	<Point X="179" Y="278" T="undefined" />
	<Point X="182" Y="281" T="undefined" />
	<Point X="183" Y="283" T="undefined" />
	<Point X="184" Y="286" T="undefined" />
	<Point X="185" Y="287" T="undefined" />
	<Point X="186" Y="291" T="undefined" />
	<Point X="187" Y="294" T="undefined" />
	<Point X="187" Y="299" T="undefined" />
	<Point X="187" Y="306" T="undefined" />
	<Point X="186" Y="312" T="undefined" />
	<Point X="183" Y="321" T="undefined" />
	<Point X="180" Y="326" T="undefined" />
	<Point X="174" Y="342" T="undefined" />
	<Point X="170" Y="355" T="undefined" />
	<Point X="167" Y="365" T="undefined" />
	<Point X="165" Y="374" T="undefined" />
	<Point X="165" Y="378" T="undefined" />
	<Point X="165" Y="383" T="undefined" />
	<Point X="166" Y="386" T="undefined" />
	<Point X="167" Y="391" T="undefined" />
	<Point X="169" Y="398" T="undefined" />
	<Point X="170" Y="401" T="undefined" />
	<Point X="175" Y="406" T="undefined" />
	<Point X="181" Y="410" T="undefined" />
	<Point X="192" Y="414" T="undefined" />
	<Point X="203" Y="415" T="undefined" />
	<Point X="210" Y="416" T="undefined" />
	<Point X="217" Y="418" T="undefined" />
	<Point X="223" Y="419" T="undefined" />
	<Point X="232" Y="420" T="undefined" />
	<Point X="234" Y="420" T="undefined" />
	<Point X="239" Y="420" T="undefined" />
	<Point X="241" Y="420" T="undefined" />
	<Point X="244" Y="419" T="undefined" />
	<Point X="248" Y="418" T="undefined" />
	<Point X="249" Y="418" T="undefined" />
	<Point X="248" Y="417" T="undefined" />
	<Point X="247" Y="416" T="undefined" />
</Gesture>