<?xml version="1.0" encoding="utf-8" standalone="yes"?>
<Gesture Name="Left Square Bracket3" NumPts="131">
	<Point X="209" Y="113" T="undefined" />
	<Point X="208" Y="113" T="undefined" />
	<Point X="207" Y="113" T="undefined" />
	<Point X="204" Y="113" T="undefined" />
	<Point X="201" Y="113" T="undefined" />
	<Point X="199" Y="113" T="undefined" />
	<Point X="198" Y="113" T="undefined" />
	<Point X="197" Y="113" T="undefined" />
	<Point X="197" Y="113" T="undefined" />
	<Point X="196" Y="113" T="undefined" />
	<Point X="195" Y="113" T="undefined" />
	<Point X="190" Y="113" T="undefined" />
	<Point X="186" Y="113" T="undefined" />
	<Point X="180" Y="113" T="undefined" />
	<Point X="178" Y="113" T="undefined" />
	<Point X="175" Y="113" T="undefined" />
	<Point X="170" Y="113" T="undefined" />
	<Point X="168" Y="113" T="undefined" />
	<Point X="166" Y="113" T="undefined" />
	<Point X="164" Y="113" T="undefined" />
	<Point X="162" Y="113" T="undefined" />
	<Point X="160" Y="113" T="undefined" />
	<Point X="158" Y="113" T="undefined" />
	<Point X="156" Y="113" T="undefined" />
	<Point X="155" Y="113" T="undefined" />
	<Point X="152" Y="112" T="undefined" />
	<Point X="151" Y="112" T="undefined" />
	<Point X="150" Y="111" T="undefined" />
	<Point X="148" Y="111" T="undefined" />
	<Point X="147" Y="111" T="undefined" />
	<Point X="145" Y="110" T="undefined" />
	<Point X="144" Y="110" T="undefined" />
	<Point X="143" Y="110" T="undefined" />
	<Point X="142" Y="110" T="undefined" />
	<Point X="142" Y="111" T="undefined" />
	<Point X="142" Y="114" T="undefined" />
	<Point X="142" Y="118" T="undefined" />
	<Point X="142" Y="122" T="undefined" />
	<Point X="143" Y="128" T="undefined" />
	<Point X="143" Y="132" T="undefined" />
	<Point X="143" Y="136" T="undefined" />
	<Point X="143" Y="138" T="undefined" />
	<Point X="143" Y="144" T="undefined" />
	<Point X="144" Y="150" T="undefined" />
	<Point X="144" Y="160" T="undefined" />
	<Point X="144" Y="165" T="undefined" />
	<Point X="143" Y="170" T="undefined" />
	<Point X="141" Y="176" T="undefined" />
	<Point X="140" Y="180" T="undefined" />
	<Point X="139" Y="187" T="undefined" />
	<Point X="139" Y="190" T="undefined" />
	<Point X="139" Y="194" T="undefined" />
	<Point X="138" Y="199" T="undefined" />
	<Point X="137" Y="202" T="undefined" />
	<Point X="137" Y="208" T="undefined" />
	<Point X="136" Y="212" T="undefined" />
	<Point X="134" Y="221" T="undefined" />
	<Point X="134" Y="226" T="undefined" />
	<Point X="133" Y="233" T="undefined" />
	<Point X="133" Y="236" T="undefined" />
	<Point X="133" Y="239" T="undefined" />
	<Point X="133" Y="243" T="undefined" />
	<Point X="132" Y="247" T="undefined" />
	<Point X="132" Y="254" T="undefined" />
	<Point X="132" Y="259" T="undefined" />
	<Point X="132" Y="263" T="undefined" />
	<Point X="132" Y="268" T="undefined" />
	<Point X="132" Y="270" T="undefined" />
	<Point X="132" Y="273" T="undefined" />
	<Point X="131" Y="275" T="undefined" />
	<Point X="131" Y="277" T="undefined" />
	<Point X="131" Y="279" T="undefined" />
	<Point X="131" Y="282" T="undefined" />
	<Point X="131" Y="286" T="undefined" />
	<Point X="130" Y="290" T="undefined" />
	<Point X="130" Y="293" T="undefined" />
	<Point X="130" Y="298" T="undefined" />
	<Point X="130" Y="300" T="undefined" />
	<Point X="130" Y="302" T="undefined" />
	<Point X="130" Y="304" T="undefined" />
	<Point X="130" Y="306" T="undefined" />
	<Point X="130" Y="308" T="undefined" />
	<Point X="130" Y="310" T="undefined" />
	<Point X="130" Y="312" T="undefined" />
	<Point X="130" Y="316" T="undefined" />
	<Point X="130" Y="319" T="undefined" />
	<Point X="130" Y="322" T="undefined" />
	<Point X="130" Y="325" T="undefined" />
	<Point X="130" Y="327" T="undefined" />
	<Point X="130" Y="328" T="undefined" />
	<Point X="130" Y="329" T="undefined" />
	<Point X="130" Y="330" T="undefined" />
	<Point X="130" Y="331" T="undefined" />
	<Point X="130" Y="332" T="undefined" />
	<Point X="130" Y="333" T="undefined" />
	<Point X="130" Y="333" T="undefined" />
	<Point X="131" Y="333" T="undefined" />
	<Point X="132" Y="333" T="undefined" />
	<Point X="133" Y="333" T="undefined" />
	<Point X="136" Y="333" T="undefined" />
	<Point X="138" Y="333" T="undefined" />
	<Point X="141" Y="333" T="undefined" />
	<Point X="143" Y="333" T="undefined" />
	<Point X="144" Y="333" T="undefined" />
	<Point X="146" Y="333" T="undefined" />
	<Point X="149" Y="334" T="undefined" />
	<Point X="152" Y="334" T="undefined" />
	<Point X="155" Y="334" T="undefined" />
	<Point X="159" Y="334" T="undefined" />
	<Point X="161" Y="334" T="undefined" />
	<Point X="163" Y="334" T="undefined" />
	<Point X="167" Y="334" T="undefined" />
	<Point X="169" Y="334" T="undefined" />
	<Point X="171" Y="334" T="undefined" />
	<Point X="174" Y="334" T="undefined" />
	<Point X="181" Y="334" T="undefined" />
	<Point X="186" Y="334" T="undefined" />
	<Point X="192" Y="334" T="undefined" />
	<Point X="196" Y="333" T="undefined" />
	<Point X="202" Y="333" T="undefined" />
	<Point X="205" Y="333" T="undefined" />
	<Point X="210" Y="333" T="undefined" />
	<Point X="213" Y="333" T="undefined" />
	<Point X="218" Y="333" T="undefined" />
	<Point X="221" Y="333" T="undefined" />
	<Point X="224" Y="333" T="undefined" />
	<Point X="227" Y="332" T="undefined" />
	<Point X="229" Y="332" T="undefined" />
	<Point X="231" Y="332" T="undefined" />
	<Point X="232" Y="332" T="undefined" />
	<Point X="234" Y="332" T="undefined" />
</Gesture>