<?xml version="1.0" encoding="utf-8" standalone="yes"?>
<Gesture Name="Left Square Bracket0" NumPts="144">
	<Point X="269" Y="144" T="undefined" />
	<Point X="268" Y="144" T="undefined" />
	<Point X="265" Y="144" T="undefined" />
	<Point X="262" Y="144" T="undefined" />
	<Point X="259" Y="144" T="undefined" />
	<Point X="257" Y="144" T="undefined" />
	<Point X="254" Y="144" T="undefined" />
	<Point X="252" Y="144" T="undefined" />
	<Point X="250" Y="144" T="undefined" />
	<Point X="246" Y="146" T="undefined" />
	<Point X="244" Y="146" T="undefined" />
	<Point X="239" Y="147" T="undefined" />
	<Point X="237" Y="147" T="undefined" />
	<Point X="235" Y="147" T="undefined" />
	<Point X="233" Y="147" T="undefined" />
	<Point X="231" Y="147" T="undefined" />
	<Point X="229" Y="147" T="undefined" />
	<Point X="228" Y="146" T="undefined" />
	<Point X="225" Y="145" T="undefined" />
	<Point X="224" Y="145" T="undefined" />
	<Point X="223" Y="144" T="undefined" />
	<Point X="220" Y="143" T="undefined" />
	<Point X="219" Y="143" T="undefined" />
	<Point X="218" Y="142" T="undefined" />
	<Point X="216" Y="142" T="undefined" />
	<Point X="215" Y="142" T="undefined" />
	<Point X="214" Y="142" T="undefined" />
	<Point X="212" Y="142" T="undefined" />
	<Point X="211" Y="142" T="undefined" />
	<Point X="210" Y="142" T="undefined" />
	<Point X="209" Y="142" T="undefined" />
	<Point X="208" Y="142" T="undefined" />
	<Point X="207" Y="142" T="undefined" />
	<Point X="205" Y="141" T="undefined" />
	<Point X="204" Y="140" T="undefined" />
	<Point X="203" Y="140" T="undefined" />
	<Point X="202" Y="140" T="undefined" />
	<Point X="201" Y="140" T="undefined" />
	<Point X="201" Y="140" T="undefined" />
	<Point X="201" Y="141" T="undefined" />
	<Point X="200" Y="142" T="undefined" />
	<Point X="200" Y="142" T="undefined" />
	<Point X="200" Y="143" T="undefined" />
	<Point X="200" Y="144" T="undefined" />
	<Point X="200" Y="145" T="undefined" />
	<Point X="200" Y="146" T="undefined" />
	<Point X="200" Y="147" T="undefined" />
	<Point X="200" Y="149" T="undefined" />
	<Point X="200" Y="151" T="undefined" />
	<Point X="200" Y="155" T="undefined" />
	<Point X="200" Y="158" T="undefined" />
	<Point X="203" Y="164" T="undefined" />
	<Point X="205" Y="169" T="undefined" />
	<Point X="206" Y="173" T="undefined" />
	<Point X="207" Y="180" T="undefined" />
	<Point X="207" Y="184" T="undefined" />
	<Point X="207" Y="187" T="undefined" />
	<Point X="207" Y="192" T="undefined" />
	<Point X="208" Y="199" T="undefined" />
	<Point X="208" Y="203" T="undefined" />
	<Point X="208" Y="211" T="undefined" />
	<Point X="208" Y="216" T="undefined" />
	<Point X="208" Y="219" T="undefined" />
	<Point X="208" Y="225" T="undefined" />
	<Point X="207" Y="227" T="undefined" />
	<Point X="207" Y="230" T="undefined" />
	<Point X="206" Y="235" T="undefined" />
	<Point X="205" Y="238" T="undefined" />
	<Point X="205" Y="242" T="undefined" />
	<Point X="204" Y="246" T="undefined" />
	<Point X="204" Y="250" T="undefined" />
	<Point X="204" Y="255" T="undefined" />
	<Point X="204" Y="259" T="undefined" />
	<Point X="203" Y="266" T="undefined" />
	<Point X="203" Y="272" T="undefined" />
	<Point X="203" Y="280" T="undefined" />
	<Point X="203" Y="284" T="undefined" />
	<Point X="203" Y="287" T="undefined" />
	<Point X="203" Y="293" T="undefined" />
	<Point X="203" Y="296" T="undefined" />
	<Point X="203" Y="301" T="undefined" />
	<Point X="203" Y="305" T="undefined" />
	<Point X="203" Y="310" T="undefined" />
	<Point X="203" Y="315" T="undefined" />
	<Point X="203" Y="319" T="undefined" />
	<Point X="204" Y="325" T="undefined" />
	<Point X="204" Y="331" T="undefined" />
	<Point X="204" Y="333" T="undefined" />
	<Point X="204" Y="336" T="undefined" />
	<Point X="205" Y="339" T="undefined" />
	<Point X="205" Y="341" T="undefined" />
	<Point X="205" Y="345" T="undefined" />
	<Point X="205" Y="348" T="undefined" />
	<Point X="205" Y="350" T="undefined" />
	<Point X="205" Y="354" T="undefined" />
	<Point X="205" Y="355" T="undefined" />
	<Point X="205" Y="355" T="undefined" />
	<Point X="205" Y="356" T="undefined" />
	<Point X="206" Y="356" T="undefined" />
	<Point X="206" Y="355" T="undefined" />
	<Point X="208" Y="355" T="undefined" />
	<Point X="209" Y="354" T="undefined" />
	<Point X="211" Y="353" T="undefined" />
	<Point X="212" Y="353" T="undefined" />
	<Point X="215" Y="353" T="undefined" />
	<Point X="216" Y="353" T="undefined" />
	<Point X="218" Y="354" T="undefined" />
	<Point X="222" Y="354" T="undefined" />
	<Point X="223" Y="355" T="undefined" />
	<Point X="227" Y="355" T="undefined" />
	<Point X="229" Y="355" T="undefined" />
	<Point X="231" Y="355" T="undefined" />
	<Point X="232" Y="355" T="undefined" />
	<Point X="234" Y="356" T="undefined" />
	<Point X="235" Y="357" T="undefined" />
	<Point X="237" Y="357" T="undefined" />
	<Point X="241" Y="359" T="undefined" />
	<Point X="243" Y="360" T="undefined" />
	<Point X="244" Y="360" T="undefined" />
	<Point X="246" Y="360" T="undefined" />
	<Point X="248" Y="360" T="undefined" />
	<Point X="250" Y="360" T="undefined" />
	<Point X="251" Y="360" T="undefined" />
	<Point X="254" Y="360" T="undefined" />
	<Point X="256" Y="360" T="undefined" />
	<Point X="258" Y="360" T="undefined" />
	<Point X="261" Y="360" T="undefined" />
	<Point X="262" Y="360" T="undefined" />
	<Point X="265" Y="360" T="undefined" />
	<Point X="267" Y="360" T="undefined" />
	<Point X="269" Y="360" T="undefined" />
	<Point X="271" Y="360" T="undefined" />
	<Point X="273" Y="360" T="undefined" />
	<Point X="274" Y="360" T="undefined" />
	<Point X="275" Y="360" T="undefined" />
	<Point X="277" Y="361" T="undefined" />
	<Point X="277" Y="361" T="undefined" />
	<Point X="278" Y="362" T="undefined" />
	<Point X="279" Y="362" T="undefined" />
	<Point X="280" Y="362" T="undefined" />
	<Point X="281" Y="362" T="undefined" />
	<Point X="282" Y="362" T="undefined" />
	<Point X="284" Y="362" T="undefined" />
	<Point X="284" Y="363" T="undefined" />
</Gesture>