<?xml version="1.0" encoding="utf-8" standalone="yes"?>
<Gesture Name="Left Curly Brace5" NumPts="88">
	<Point X="229" Y="50" T="undefined" />
	<Point X="227" Y="50" T="undefined" />
	<Point X="223" Y="51" T="undefined" />
	<Point X="219" Y="52" T="undefined" />
	<Point X="214" Y="53" T="undefined" />
	<Point X="210" Y="55" T="undefined" />
	<Point X="207" Y="56" T="undefined" />
	<Point X="202" Y="58" T="undefined" />
	<Point X="197" Y="61" T="undefined" />
	<Point X="193" Y="64" T="undefined" />
	<Point X="189" Y="67" T="undefined" />
	<Point X="182" Y="75" T="undefined" />
	<Point X="177" Y="82" T="undefined" />
	<Point X="173" Y="86" T="undefined" />
	<Point X="169" Y="94" T="undefined" />
	<Point X="168" Y="98" T="undefined" />
	<Point X="168" Y="103" T="undefined" />
	<Point X="169" Y="108" T="undefined" />
	<Point X="172" Y="115" T="undefined" />
	<Point X="175" Y="121" T="undefined" />
	<Point X="178" Y="126" T="undefined" />
	<Point X="182" Y="133" T="undefined" />
	<Point X="185" Y="136" T="undefined" />
	<Point X="190" Y="139" T="undefined" />
	<Point X="194" Y="141" T="undefined" />
	<Point X="200" Y="145" T="undefined" />
	<Point X="203" Y="148" T="undefined" />
	<Point X="206" Y="151" T="undefined" />
	<Point X="208" Y="155" T="undefined" />
	<Point X="210" Y="159" T="undefined" />
	<Point X="211" Y="163" T="undefined" />
	<Point X="211" Y="166" T="undefined" />
	<Point X="210" Y="168" T="undefined" />
	<Point X="205" Y="172" T="undefined" />
	<Point X="198" Y="176" T="undefined" />
	<Point X="186" Y="183" T="undefined" />
	<Point X="178" Y="189" T="undefined" />
	<Point X="168" Y="199" T="undefined" />
	<Point X="165" Y="202" T="undefined" />
	<Point X="163" Y="204" T="undefined" />
	<Point X="162" Y="205" T="undefined" />
	<Point X="162" Y="206" T="undefined" />
	<Point X="162" Y="207" T="undefined" />
	<Point X="162" Y="207" T="undefined" />
	<Point X="162" Y="208" T="undefined" />
	<Point X="162" Y="209" T="undefined" />
	<Point X="165" Y="211" T="undefined" />
	<Point X="170" Y="214" T="undefined" />
	<Point X="174" Y="217" T="undefined" />
	<Point X="180" Y="220" T="undefined" />
	<Point X="183" Y="222" T="undefined" />
	<Point X="188" Y="225" T="undefined" />
	<Point X="192" Y="228" T="undefined" />
	<Point X="198" Y="230" T="undefined" />
	<Point X="201" Y="233" T="undefined" />
	<Point X="203" Y="235" T="undefined" />
	<Point X="205" Y="237" T="undefined" />
	<Point X="207" Y="240" T="undefined" />
	<Point X="209" Y="243" T="undefined" />
	<Point X="210" Y="248" T="undefined" />
	<Point X="211" Y="253" T="undefined" />
	<Point X="211" Y="258" T="undefined" />
	<Point X="211" Y="263" T="undefined" />
	<Point X="208" Y="270" T="undefined" />
	<Point X="203" Y="279" T="undefined" />
	<Point X="195" Y="293" T="undefined" />
	<Point X="192" Y="302" T="undefined" />
	<Point X="188" Y="308" T="undefined" />
	<Point X="185" Y="315" T="undefined" />
	<Point X="185" Y="319" T="undefined" />
	<Point X="184" Y="323" T="undefined" />
	<Point X="184" Y="333" T="undefined" />
	<Point X="184" Y="339" T="undefined" />
	<Point X="186" Y="347" T="undefined" />
	<Point X="187" Y="352" T="undefined" />
	<Point X="189" Y="358" T="undefined" />
	<Point X="193" Y="364" T="undefined" />
	<Point X="196" Y="369" T="undefined" />
	<Point X="199" Y="375" T="undefined" />
	<Point X="202" Y="377" T="undefined" />
	<Point X="206" Y="380" T="undefined" />
	<Point X="218" Y="383" T="undefined" />
	<Point X="230" Y="385" T="undefined" />
	<Point X="241" Y="385" T="undefined" />
	<Point X="256" Y="387" T="undefined" />
	<Point X="269" Y="388" T="undefined" />
	<Point X="271" Y="389" T="undefined" />
	<Point X="272" Y="389" T="undefined" />
</Gesture>