<?xml version="1.0" encoding="utf-8" standalone="yes"?>
<Gesture Name="Left Square Bracket9" NumPts="91">
	<Point X="229" Y="122" T="undefined" />
	<Point X="227" Y="122" T="undefined" />
	<Point X="224" Y="121" T="undefined" />
	<Point X="221" Y="121" T="undefined" />
	<Point X="214" Y="119" T="undefined" />
	<Point X="209" Y="118" T="undefined" />
	<Point X="205" Y="117" T="undefined" />
	<Point X="197" Y="116" T="undefined" />
	<Point X="189" Y="116" T="undefined" />
	<Point X="183" Y="116" T="undefined" />
	<Point X="179" Y="116" T="undefined" />
	<Point X="172" Y="116" T="undefined" />
	<Point X="168" Y="116" T="undefined" />
	<Point X="163" Y="116" T="undefined" />
	<Point X="158" Y="116" T="undefined" />
	<Point X="154" Y="116" T="undefined" />
	<Point X="150" Y="116" T="undefined" />
	<Point X="148" Y="116" T="undefined" />
	<Point X="144" Y="116" T="undefined" />
	<Point X="142" Y="116" T="undefined" />
	<Point X="140" Y="116" T="undefined" />
	<Point X="140" Y="116" T="undefined" />
	<Point X="139" Y="116" T="undefined" />
	<Point X="138" Y="116" T="undefined" />
	<Point X="138" Y="117" T="undefined" />
	<Point X="138" Y="119" T="undefined" />
	<Point X="136" Y="129" T="undefined" />
	<Point X="136" Y="138" T="undefined" />
	<Point X="135" Y="150" T="undefined" />
	<Point X="131" Y="170" T="undefined" />
	<Point X="127" Y="191" T="undefined" />
	<Point X="125" Y="206" T="undefined" />
	<Point X="122" Y="219" T="undefined" />
	<Point X="120" Y="233" T="undefined" />
	<Point X="119" Y="241" T="undefined" />
	<Point X="118" Y="250" T="undefined" />
	<Point X="116" Y="258" T="undefined" />
	<Point X="115" Y="267" T="undefined" />
	<Point X="114" Y="277" T="undefined" />
	<Point X="112" Y="282" T="undefined" />
	<Point X="111" Y="289" T="undefined" />
	<Point X="109" Y="294" T="undefined" />
	<Point X="107" Y="303" T="undefined" />
	<Point X="106" Y="309" T="undefined" />
	<Point X="106" Y="318" T="undefined" />
	<Point X="106" Y="321" T="undefined" />
	<Point X="106" Y="324" T="undefined" />
	<Point X="106" Y="325" T="undefined" />
	<Point X="106" Y="326" T="undefined" />
	<Point X="106" Y="327" T="undefined" />
	<Point X="106" Y="328" T="undefined" />
	<Point X="106" Y="329" T="undefined" />
	<Point X="106" Y="330" T="undefined" />
	<Point X="106" Y="333" T="undefined" />
	<Point X="106" Y="337" T="undefined" />
	<Point X="106" Y="338" T="undefined" />
	<Point X="106" Y="340" T="undefined" />
	<Point X="106" Y="341" T="undefined" />
	<Point X="106" Y="344" T="undefined" />
	<Point X="106" Y="348" T="undefined" />
	<Point X="106" Y="350" T="undefined" />
	<Point X="106" Y="351" T="undefined" />
	<Point X="106" Y="353" T="undefined" />
	<Point X="106" Y="353" T="undefined" />
	<Point X="106" Y="354" T="undefined" />
	<Point X="107" Y="354" T="undefined" />
	<Point X="109" Y="354" T="undefined" />
	<Point X="113" Y="354" T="undefined" />
	<Point X="118" Y="355" T="undefined" />
	<Point X="123" Y="355" T="undefined" />
	<Point X="127" Y="355" T="undefined" />
	<Point X="137" Y="355" T="undefined" />
	<Point X="147" Y="357" T="undefined" />
	<Point X="164" Y="359" T="undefined" />
	<Point X="172" Y="361" T="undefined" />
	<Point X="181" Y="365" T="undefined" />
	<Point X="186" Y="366" T="undefined" />
	<Point X="190" Y="368" T="undefined" />
	<Point X="198" Y="370" T="undefined" />
	<Point X="204" Y="371" T="undefined" />
	<Point X="210" Y="372" T="undefined" />
	<Point X="216" Y="373" T="undefined" />
	<Point X="218" Y="373" T="undefined" />
	<Point X="220" Y="373" T="undefined" />
	<Point X="222" Y="373" T="undefined" />
	<Point X="225" Y="373" T="undefined" />
	<Point X="228" Y="374" T="undefined" />
	<Point X="232" Y="377" T="undefined" />
	<Point X="235" Y="378" T="undefined" />
	<Point X="237" Y="378" T="undefined" />
	<Point X="238" Y="378" T="undefined" />
</Gesture>