<?xml version="1.0" encoding="utf-8" standalone="yes"?>
<Gesture Name="Left Curly Brace3" NumPts="110">
	<Point X="216" Y="84" T="undefined" />
	<Point X="215" Y="84" T="undefined" />
	<Point X="214" Y="84" T="undefined" />
	<Point X="209" Y="85" T="undefined" />
	<Point X="205" Y="86" T="undefined" />
	<Point X="201" Y="88" T="undefined" />
	<Point X="199" Y="90" T="undefined" />
	<Point X="194" Y="92" T="undefined" />
	<Point X="190" Y="93" T="undefined" />
	<Point X="186" Y="95" T="undefined" />
	<Point X="182" Y="98" T="undefined" />
	<Point X="176" Y="104" T="undefined" />
	<Point X="173" Y="107" T="undefined" />
	<Point X="171" Y="108" T="undefined" />
	<Point X="167" Y="111" T="undefined" />
	<Point X="164" Y="113" T="undefined" />
	<Point X="160" Y="115" T="undefined" />
	<Point X="155" Y="120" T="undefined" />
	<Point X="151" Y="126" T="undefined" />
	<Point X="146" Y="135" T="undefined" />
	<Point X="144" Y="141" T="undefined" />
	<Point X="142" Y="146" T="undefined" />
	<Point X="141" Y="148" T="undefined" />
	<Point X="140" Y="149" T="undefined" />
	<Point X="140" Y="154" T="undefined" />
	<Point X="141" Y="161" T="undefined" />
	<Point X="142" Y="168" T="undefined" />
	<Point X="144" Y="174" T="undefined" />
	<Point X="145" Y="178" T="undefined" />
	<Point X="147" Y="182" T="undefined" />
	<Point X="149" Y="184" T="undefined" />
	<Point X="154" Y="187" T="undefined" />
	<Point X="157" Y="189" T="undefined" />
	<Point X="162" Y="196" T="undefined" />
	<Point X="166" Y="201" T="undefined" />
	<Point X="170" Y="209" T="undefined" />
	<Point X="173" Y="213" T="undefined" />
	<Point X="175" Y="216" T="undefined" />
	<Point X="178" Y="221" T="undefined" />
	<Point X="180" Y="223" T="undefined" />
	<Point X="180" Y="226" T="undefined" />
	<Point X="180" Y="226" T="undefined" />
	<Point X="180" Y="227" T="undefined" />
	<Point X="180" Y="228" T="undefined" />
	<Point X="176" Y="232" T="undefined" />
	<Point X="171" Y="236" T="undefined" />
	<Point X="165" Y="240" T="undefined" />
	<Point X="154" Y="247" T="undefined" />
	<Point X="149" Y="250" T="undefined" />
	<Point X="144" Y="253" T="undefined" />
	<Point X="140" Y="255" T="undefined" />
	<Point X="139" Y="255" T="undefined" />
	<Point X="138" Y="256" T="undefined" />
	<Point X="137" Y="257" T="undefined" />
	<Point X="136" Y="258" T="undefined" />
	<Point X="135" Y="259" T="undefined" />
	<Point X="134" Y="259" T="undefined" />
	<Point X="134" Y="259" T="undefined" />
	<Point X="134" Y="260" T="undefined" />
	<Point X="134" Y="260" T="undefined" />
	<Point X="135" Y="261" T="undefined" />
	<Point X="137" Y="262" T="undefined" />
	<Point X="140" Y="262" T="undefined" />
	<Point X="143" Y="263" T="undefined" />
	<Point X="146" Y="264" T="undefined" />
	<Point X="151" Y="267" T="undefined" />
	<Point X="155" Y="268" T="undefined" />
	<Point X="158" Y="270" T="undefined" />
	<Point X="162" Y="274" T="undefined" />
	<Point X="165" Y="275" T="undefined" />
	<Point X="167" Y="277" T="undefined" />
	<Point X="171" Y="280" T="undefined" />
	<Point X="174" Y="282" T="undefined" />
	<Point X="176" Y="284" T="undefined" />
	<Point X="176" Y="285" T="undefined" />
	<Point X="177" Y="286" T="undefined" />
	<Point X="177" Y="287" T="undefined" />
	<Point X="177" Y="288" T="undefined" />
	<Point X="177" Y="290" T="undefined" />
	<Point X="173" Y="296" T="undefined" />
	<Point X="169" Y="304" T="undefined" />
	<Point X="164" Y="312" T="undefined" />
	<Point X="159" Y="320" T="undefined" />
	<Point X="158" Y="322" T="undefined" />
	<Point X="154" Y="330" T="undefined" />
	<Point X="151" Y="334" T="undefined" />
	<Point X="147" Y="342" T="undefined" />
	<Point X="143" Y="351" T="undefined" />
	<Point X="141" Y="356" T="undefined" />
	<Point X="138" Y="364" T="undefined" />
	<Point X="137" Y="368" T="undefined" />
	<Point X="137" Y="372" T="undefined" />
	<Point X="137" Y="377" T="undefined" />
	<Point X="137" Y="381" T="undefined" />
	<Point X="137" Y="386" T="undefined" />
	<Point X="139" Y="389" T="undefined" />
	<Point X="144" Y="395" T="undefined" />
	<Point X="149" Y="400" T="undefined" />
	<Point X="152" Y="403" T="undefined" />
	<Point X="163" Y="411" T="undefined" />
	<Point X="174" Y="416" T="undefined" />
	<Point X="186" Y="420" T="undefined" />
	<Point X="192" Y="422" T="undefined" />
	<Point X="197" Y="423" T="undefined" />
	<Point X="208" Y="426" T="undefined" />
	<Point X="216" Y="427" T="undefined" />
	<Point X="224" Y="427" T="undefined" />
	<Point X="227" Y="427" T="undefined" />
	<Point X="229" Y="426" T="undefined" />
	<Point X="230" Y="425" T="undefined" />
</Gesture>