<?xml version="1.0" encoding="utf-8" standalone="yes"?>
<Gesture Name="Left Square Bracket7" NumPts="86">
	<Point X="242" Y="111" T="undefined" />
	<Point X="238" Y="111" T="undefined" />
	<Point X="233" Y="111" T="undefined" />
	<Point X="217" Y="112" T="undefined" />
	<Point X="211" Y="113" T="undefined" />
	<Point X="204" Y="115" T="undefined" />
	<Point X="200" Y="115" T="undefined" />
	<Point X="191" Y="116" T="undefined" />
	<Point X="185" Y="117" T="undefined" />
	<Point X="180" Y="117" T="undefined" />
	<Point X="176" Y="117" T="undefined" />
	<Point X="173" Y="116" T="undefined" />
	<Point X="170" Y="115" T="undefined" />
	<Point X="161" Y="115" T="undefined" />
	<Point X="153" Y="115" T="undefined" />
	<Point X="150" Y="115" T="undefined" />
	<Point X="146" Y="115" T="undefined" />
	<Point X="143" Y="115" T="undefined" />
	<Point X="141" Y="115" T="undefined" />
	<Point X="139" Y="115" T="undefined" />
	<Point X="138" Y="116" T="undefined" />
	<Point X="137" Y="116" T="undefined" />
	<Point X="136" Y="116" T="undefined" />
	<Point X="136" Y="116" T="undefined" />
	<Point X="136" Y="117" T="undefined" />
	<Point X="137" Y="118" T="undefined" />
	<Point X="138" Y="122" T="undefined" />
	<Point X="138" Y="125" T="undefined" />
	<Point X="138" Y="131" T="undefined" />
	<Point X="138" Y="137" T="undefined" />
	<Point X="137" Y="145" T="undefined" />
	<Point X="134" Y="165" T="undefined" />
	<Point X="131" Y="188" T="undefined" />
	<Point X="129" Y="205" T="undefined" />
	<Point X="127" Y="220" T="undefined" />
	<Point X="124" Y="237" T="undefined" />
	<Point X="123" Y="248" T="undefined" />
	<Point X="120" Y="262" T="undefined" />
	<Point X="120" Y="272" T="undefined" />
	<Point X="118" Y="285" T="undefined" />
	<Point X="116" Y="297" T="undefined" />
	<Point X="114" Y="309" T="undefined" />
	<Point X="113" Y="319" T="undefined" />
	<Point X="112" Y="325" T="undefined" />
	<Point X="111" Y="331" T="undefined" />
	<Point X="110" Y="338" T="undefined" />
	<Point X="108" Y="345" T="undefined" />
	<Point X="108" Y="350" T="undefined" />
	<Point X="108" Y="352" T="undefined" />
	<Point X="108" Y="353" T="undefined" />
	<Point X="108" Y="356" T="undefined" />
	<Point X="108" Y="357" T="undefined" />
	<Point X="108" Y="358" T="undefined" />
	<Point X="108" Y="359" T="undefined" />
	<Point X="108" Y="360" T="undefined" />
	<Point X="109" Y="360" T="undefined" />
	<Point X="109" Y="360" T="undefined" />
	<Point X="111" Y="360" T="undefined" />
	<Point X="117" Y="359" T="undefined" />
	<Point X="120" Y="359" T="undefined" />
	<Point X="126" Y="358" T="undefined" />
	<Point X="129" Y="358" T="undefined" />
	<Point X="137" Y="358" T="undefined" />
	<Point X="150" Y="358" T="undefined" />
	<Point X="157" Y="358" T="undefined" />
	<Point X="163" Y="358" T="undefined" />
	<Point X="171" Y="362" T="undefined" />
	<Point X="175" Y="363" T="undefined" />
	<Point X="179" Y="364" T="undefined" />
	<Point X="183" Y="366" T="undefined" />
	<Point X="186" Y="368" T="undefined" />
	<Point X="191" Y="369" T="undefined" />
	<Point X="199" Y="371" T="undefined" />
	<Point X="204" Y="371" T="undefined" />
	<Point X="213" Y="371" T="undefined" />
	<Point X="219" Y="371" T="undefined" />
	<Point X="225" Y="372" T="undefined" />
	<Point X="229" Y="372" T="undefined" />
	<Point X="235" Y="372" T="undefined" />
	<Point X="241" Y="372" T="undefined" />
	<Point X="249" Y="371" T="undefined" />
	<Point X="256" Y="371" T="undefined" />
	<Point X="261" Y="371" T="undefined" />
	<Point X="265" Y="372" T="undefined" />
	<Point X="267" Y="373" T="undefined" />
	<Point X="269" Y="373" T="undefined" />
</Gesture>