<?xml version="1.0" encoding="utf-8" standalone="yes"?>
<Gesture Name="Left Curly Brace4" NumPts="91">
	<Point X="178" Y="69" T="undefined" />
	<Point X="177" Y="69" T="undefined" />
	<Point X="172" Y="69" T="undefined" />
	<Point X="166" Y="69" T="undefined" />
	<Point X="155" Y="72" T="undefined" />
	<Point X="149" Y="73" T="undefined" />
	<Point X="139" Y="77" T="undefined" />
	<Point X="135" Y="80" T="undefined" />
	<Point X="127" Y="83" T="undefined" />
	<Point X="124" Y="86" T="undefined" />
	<Point X="120" Y="88" T="undefined" />
	<Point X="112" Y="94" T="undefined" />
	<Point X="108" Y="97" T="undefined" />
	<Point X="104" Y="102" T="undefined" />
	<Point X="98" Y="114" T="undefined" />
	<Point X="95" Y="118" T="undefined" />
	<Point X="91" Y="127" T="undefined" />
	<Point X="90" Y="131" T="undefined" />
	<Point X="88" Y="138" T="undefined" />
	<Point X="89" Y="142" T="undefined" />
	<Point X="91" Y="146" T="undefined" />
	<Point X="94" Y="149" T="undefined" />
	<Point X="98" Y="153" T="undefined" />
	<Point X="110" Y="159" T="undefined" />
	<Point X="117" Y="161" T="undefined" />
	<Point X="124" Y="165" T="undefined" />
	<Point X="129" Y="167" T="undefined" />
	<Point X="131" Y="169" T="undefined" />
	<Point X="137" Y="172" T="undefined" />
	<Point X="140" Y="175" T="undefined" />
	<Point X="143" Y="179" T="undefined" />
	<Point X="144" Y="182" T="undefined" />
	<Point X="144" Y="186" T="undefined" />
	<Point X="143" Y="190" T="undefined" />
	<Point X="138" Y="193" T="undefined" />
	<Point X="127" Y="198" T="undefined" />
	<Point X="121" Y="201" T="undefined" />
	<Point X="110" Y="208" T="undefined" />
	<Point X="103" Y="213" T="undefined" />
	<Point X="97" Y="221" T="undefined" />
	<Point X="94" Y="225" T="undefined" />
	<Point X="93" Y="228" T="undefined" />
	<Point X="92" Y="229" T="undefined" />
	<Point X="91" Y="230" T="undefined" />
	<Point X="91" Y="232" T="undefined" />
	<Point X="91" Y="232" T="undefined" />
	<Point X="92" Y="233" T="undefined" />
	<Point X="96" Y="234" T="undefined" />
	<Point X="100" Y="235" T="undefined" />
	<Point X="106" Y="235" T="undefined" />
	<Point X="111" Y="235" T="undefined" />
	<Point X="117" Y="236" T="undefined" />
	<Point X="121" Y="238" T="undefined" />
	<Point X="125" Y="241" T="undefined" />
	<Point X="131" Y="246" T="undefined" />
	<Point X="135" Y="249" T="undefined" />
	<Point X="139" Y="252" T="undefined" />
	<Point X="141" Y="254" T="undefined" />
	<Point X="142" Y="256" T="undefined" />
	<Point X="143" Y="257" T="undefined" />
	<Point X="143" Y="258" T="undefined" />
	<Point X="143" Y="259" T="undefined" />
	<Point X="143" Y="260" T="undefined" />
	<Point X="143" Y="264" T="undefined" />
	<Point X="141" Y="268" T="undefined" />
	<Point X="136" Y="280" T="undefined" />
	<Point X="130" Y="290" T="undefined" />
	<Point X="125" Y="297" T="undefined" />
	<Point X="117" Y="305" T="undefined" />
	<Point X="113" Y="309" T="undefined" />
	<Point X="106" Y="322" T="undefined" />
	<Point X="103" Y="331" T="undefined" />
	<Point X="100" Y="339" T="undefined" />
	<Point X="98" Y="343" T="undefined" />
	<Point X="98" Y="346" T="undefined" />
	<Point X="98" Y="351" T="undefined" />
	<Point X="98" Y="356" T="undefined" />
	<Point X="101" Y="361" T="undefined" />
	<Point X="105" Y="364" T="undefined" />
	<Point X="117" Y="374" T="undefined" />
	<Point X="128" Y="379" T="undefined" />
	<Point X="137" Y="384" T="undefined" />
	<Point X="150" Y="389" T="undefined" />
	<Point X="164" Y="393" T="undefined" />
	<Point X="178" Y="397" T="undefined" />
	<Point X="192" Y="399" T="undefined" />
	<Point X="202" Y="399" T="undefined" />
	<Point X="211" Y="400" T="undefined" />
	<Point X="216" Y="400" T="undefined" />
	<Point X="218" Y="400" T="undefined" />
	<Point X="219" Y="400" T="undefined" />
</Gesture>