<?xml version="1.0" encoding="utf-8" standalone="yes"?>
<Gesture Name="Left Square Bracket4" NumPts="117">
	<Point X="182" Y="87" T="undefined" />
	<Point X="180" Y="87" T="undefined" />
	<Point X="173" Y="87" T="undefined" />
	<Point X="170" Y="87" T="undefined" />
	<Point X="166" Y="87" T="undefined" />
	<Point X="161" Y="87" T="undefined" />
	<Point X="156" Y="86" T="undefined" />
	<Point X="152" Y="86" T="undefined" />
	<Point X="146" Y="86" T="undefined" />
	<Point X="142" Y="87" T="undefined" />
	<Point X="140" Y="88" T="undefined" />
	<Point X="137" Y="89" T="undefined" />
	<Point X="133" Y="89" T="undefined" />
	<Point X="132" Y="89" T="undefined" />
	<Point X="130" Y="89" T="undefined" />
	<Point X="129" Y="89" T="undefined" />
	<Point X="127" Y="89" T="undefined" />
	<Point X="126" Y="89" T="undefined" />
	<Point X="125" Y="89" T="undefined" />
	<Point X="123" Y="89" T="undefined" />
	<Point X="122" Y="89" T="undefined" />
	<Point X="121" Y="88" T="undefined" />
	<Point X="120" Y="88" T="undefined" />
	<Point X="119" Y="88" T="undefined" />
	<Point X="119" Y="88" T="undefined" />
	<Point X="118" Y="88" T="undefined" />
	<Point X="118" Y="88" T="undefined" />
	<Point X="117" Y="88" T="undefined" />
	<Point X="116" Y="88" T="undefined" />
	<Point X="115" Y="88" T="undefined" />
	<Point X="114" Y="88" T="undefined" />
	<Point X="113" Y="88" T="undefined" />
	<Point X="113" Y="88" T="undefined" />
	<Point X="113" Y="89" T="undefined" />
	<Point X="113" Y="91" T="undefined" />
	<Point X="113" Y="97" T="undefined" />
	<Point X="113" Y="108" T="undefined" />
	<Point X="113" Y="117" T="undefined" />
	<Point X="114" Y="127" T="undefined" />
	<Point X="114" Y="134" T="undefined" />
	<Point X="114" Y="145" T="undefined" />
	<Point X="114" Y="152" T="undefined" />
	<Point X="113" Y="156" T="undefined" />
	<Point X="113" Y="164" T="undefined" />
	<Point X="111" Y="170" T="undefined" />
	<Point X="111" Y="183" T="undefined" />
	<Point X="109" Y="194" T="undefined" />
	<Point X="108" Y="209" T="undefined" />
	<Point X="106" Y="221" T="undefined" />
	<Point X="104" Y="232" T="undefined" />
	<Point X="102" Y="237" T="undefined" />
	<Point X="101" Y="243" T="undefined" />
	<Point X="101" Y="251" T="undefined" />
	<Point X="101" Y="257" T="undefined" />
	<Point X="101" Y="262" T="undefined" />
	<Point X="101" Y="269" T="undefined" />
	<Point X="101" Y="274" T="undefined" />
	<Point X="101" Y="276" T="undefined" />
	<Point X="101" Y="278" T="undefined" />
	<Point X="100" Y="281" T="undefined" />
	<Point X="100" Y="282" T="undefined" />
	<Point X="100" Y="285" T="undefined" />
	<Point X="99" Y="289" T="undefined" />
	<Point X="99" Y="293" T="undefined" />
	<Point X="99" Y="296" T="undefined" />
	<Point X="99" Y="299" T="undefined" />
	<Point X="99" Y="301" T="undefined" />
	<Point X="98" Y="303" T="undefined" />
	<Point X="97" Y="306" T="undefined" />
	<Point X="96" Y="310" T="undefined" />
	<Point X="96" Y="314" T="undefined" />
	<Point X="95" Y="318" T="undefined" />
	<Point X="95" Y="319" T="undefined" />
	<Point X="95" Y="319" T="undefined" />
	<Point X="95" Y="321" T="undefined" />
	<Point X="95" Y="321" T="undefined" />
	<Point X="95" Y="322" T="undefined" />
	<Point X="95" Y="324" T="undefined" />
	<Point X="95" Y="325" T="undefined" />
	<Point X="95" Y="326" T="undefined" />
	<Point X="95" Y="326" T="undefined" />
	<Point X="95" Y="327" T="undefined" />
	<Point X="96" Y="327" T="undefined" />
	<Point X="97" Y="327" T="undefined" />
	<Point X="98" Y="327" T="undefined" />
	<Point X="101" Y="327" T="undefined" />
	<Point X="105" Y="327" T="undefined" />
	<Point X="107" Y="327" T="undefined" />
	<Point X="111" Y="327" T="undefined" />
	<Point X="114" Y="326" T="undefined" />
	<Point X="115" Y="326" T="undefined" />
	<Point X="117" Y="326" T="undefined" />
	<Point X="119" Y="326" T="undefined" />
	<Point X="122" Y="327" T="undefined" />
	<Point X="125" Y="328" T="undefined" />
	<Point X="129" Y="328" T="undefined" />
	<Point X="132" Y="328" T="undefined" />
	<Point X="134" Y="328" T="undefined" />
	<Point X="137" Y="328" T="undefined" />
	<Point X="140" Y="328" T="undefined" />
	<Point X="145" Y="330" T="undefined" />
	<Point X="148" Y="330" T="undefined" />
	<Point X="152" Y="330" T="undefined" />
	<Point X="153" Y="331" T="undefined" />
	<Point X="160" Y="331" T="undefined" />
	<Point X="164" Y="332" T="undefined" />
	<Point X="169" Y="332" T="undefined" />
	<Point X="173" Y="332" T="undefined" />
	<Point X="176" Y="333" T="undefined" />
	<Point X="178" Y="334" T="undefined" />
	<Point X="180" Y="334" T="undefined" />
	<Point X="182" Y="335" T="undefined" />
	<Point X="184" Y="336" T="undefined" />
	<Point X="186" Y="336" T="undefined" />
	<Point X="189" Y="336" T="undefined" />
	<Point X="191" Y="336" T="undefined" />
	<Point X="191" Y="336" T="undefined" />
</Gesture>