<?xml version="1.0" encoding="utf-8" standalone="yes"?>
<Gesture Name="Left Curly Brace9" NumPts="90">
	<Point X="186" Y="72" T="undefined" />
	<Point X="183" Y="72" T="undefined" />
	<Point X="179" Y="72" T="undefined" />
	<Point X="171" Y="72" T="undefined" />
	<Point X="164" Y="72" T="undefined" />
	<Point X="156" Y="74" T="undefined" />
	<Point X="150" Y="75" T="undefined" />
	<Point X="143" Y="76" T="undefined" />
	<Point X="140" Y="77" T="undefined" />
	<Point X="134" Y="79" T="undefined" />
	<Point X="130" Y="81" T="undefined" />
	<Point X="127" Y="84" T="undefined" />
	<Point X="121" Y="91" T="undefined" />
	<Point X="118" Y="96" T="undefined" />
	<Point X="115" Y="98" T="undefined" />
	<Point X="113" Y="101" T="undefined" />
	<Point X="111" Y="104" T="undefined" />
	<Point X="108" Y="109" T="undefined" />
	<Point X="107" Y="114" T="undefined" />
	<Point X="104" Y="124" T="undefined" />
	<Point X="104" Y="129" T="undefined" />
	<Point X="104" Y="138" T="undefined" />
	<Point X="106" Y="145" T="undefined" />
	<Point X="110" Y="156" T="undefined" />
	<Point X="115" Y="164" T="undefined" />
	<Point X="118" Y="169" T="undefined" />
	<Point X="125" Y="177" T="undefined" />
	<Point X="128" Y="180" T="undefined" />
	<Point X="132" Y="183" T="undefined" />
	<Point X="139" Y="187" T="undefined" />
	<Point X="142" Y="189" T="undefined" />
	<Point X="149" Y="193" T="undefined" />
	<Point X="153" Y="196" T="undefined" />
	<Point X="156" Y="200" T="undefined" />
	<Point X="157" Y="205" T="undefined" />
	<Point X="159" Y="211" T="undefined" />
	<Point X="159" Y="213" T="undefined" />
	<Point X="156" Y="219" T="undefined" />
	<Point X="147" Y="224" T="undefined" />
	<Point X="137" Y="231" T="undefined" />
	<Point X="121" Y="241" T="undefined" />
	<Point X="114" Y="245" T="undefined" />
	<Point X="108" Y="249" T="undefined" />
	<Point X="104" Y="252" T="undefined" />
	<Point X="102" Y="253" T="undefined" />
	<Point X="101" Y="254" T="undefined" />
	<Point X="100" Y="255" T="undefined" />
	<Point X="99" Y="256" T="undefined" />
	<Point X="99" Y="257" T="undefined" />
	<Point X="99" Y="258" T="undefined" />
	<Point X="100" Y="260" T="undefined" />
	<Point X="103" Y="261" T="undefined" />
	<Point X="108" Y="264" T="undefined" />
	<Point X="113" Y="266" T="undefined" />
	<Point X="119" Y="269" T="undefined" />
	<Point X="124" Y="272" T="undefined" />
	<Point X="129" Y="275" T="undefined" />
	<Point X="136" Y="280" T="undefined" />
	<Point X="142" Y="284" T="undefined" />
	<Point X="146" Y="288" T="undefined" />
	<Point X="147" Y="288" T="undefined" />
	<Point X="149" Y="289" T="undefined" />
	<Point X="150" Y="291" T="undefined" />
	<Point X="151" Y="292" T="undefined" />
	<Point X="152" Y="297" T="undefined" />
	<Point X="152" Y="308" T="undefined" />
	<Point X="150" Y="317" T="undefined" />
	<Point X="147" Y="323" T="undefined" />
	<Point X="141" Y="334" T="undefined" />
	<Point X="135" Y="346" T="undefined" />
	<Point X="129" Y="362" T="undefined" />
	<Point X="124" Y="375" T="undefined" />
	<Point X="123" Y="380" T="undefined" />
	<Point X="122" Y="384" T="undefined" />
	<Point X="122" Y="386" T="undefined" />
	<Point X="122" Y="389" T="undefined" />
	<Point X="125" Y="395" T="undefined" />
	<Point X="127" Y="403" T="undefined" />
	<Point X="128" Y="406" T="undefined" />
	<Point X="130" Y="409" T="undefined" />
	<Point X="136" Y="413" T="undefined" />
	<Point X="144" Y="415" T="undefined" />
	<Point X="154" Y="416" T="undefined" />
	<Point X="167" Y="416" T="undefined" />
	<Point X="180" Y="416" T="undefined" />
	<Point X="203" Y="414" T="undefined" />
	<Point X="214" Y="413" T="undefined" />
	<Point X="224" Y="412" T="undefined" />
	<Point X="235" Y="411" T="undefined" />
	<Point X="239" Y="411" T="undefined" />
</Gesture>