<?xml version="1.0" encoding="utf-8" standalone="yes"?>
<Gesture Name="Left Square Bracket2" NumPts="129">
	<Point X="219" Y="132" T="undefined" />
	<Point X="218" Y="132" T="undefined" />
	<Point X="215" Y="132" T="undefined" />
	<Point X="211" Y="133" T="undefined" />
	<Point X="208" Y="134" T="undefined" />
	<Point X="204" Y="134" T="undefined" />
	<Point X="202" Y="135" T="undefined" />
	<Point X="199" Y="136" T="undefined" />
	<Point X="197" Y="136" T="undefined" />
	<Point X="194" Y="136" T="undefined" />
	<Point X="190" Y="136" T="undefined" />
	<Point X="189" Y="136" T="undefined" />
	<Point X="187" Y="136" T="undefined" />
	<Point X="184" Y="136" T="undefined" />
	<Point X="183" Y="136" T="undefined" />
	<Point X="180" Y="135" T="undefined" />
	<Point X="178" Y="135" T="undefined" />
	<Point X="175" Y="135" T="undefined" />
	<Point X="174" Y="135" T="undefined" />
	<Point X="173" Y="135" T="undefined" />
	<Point X="172" Y="135" T="undefined" />
	<Point X="171" Y="135" T="undefined" />
	<Point X="170" Y="135" T="undefined" />
	<Point X="170" Y="135" T="undefined" />
	<Point X="169" Y="135" T="undefined" />
	<Point X="168" Y="135" T="undefined" />
	<Point X="167" Y="135" T="undefined" />
	<Point X="166" Y="136" T="undefined" />
	<Point X="166" Y="136" T="undefined" />
	<Point X="164" Y="136" T="undefined" />
	<Point X="163" Y="137" T="undefined" />
	<Point X="163" Y="137" T="undefined" />
	<Point X="162" Y="137" T="undefined" />
	<Point X="162" Y="138" T="undefined" />
	<Point X="161" Y="138" T="undefined" />
	<Point X="160" Y="138" T="undefined" />
	<Point X="159" Y="139" T="undefined" />
	<Point X="159" Y="139" T="undefined" />
	<Point X="158" Y="140" T="undefined" />
	<Point X="156" Y="141" T="undefined" />
	<Point X="155" Y="141" T="undefined" />
	<Point X="154" Y="141" T="undefined" />
	<Point X="152" Y="141" T="undefined" />
	<Point X="151" Y="141" T="undefined" />
	<Point X="151" Y="141" T="undefined" />
	<Point X="150" Y="141" T="undefined" />
	<Point X="148" Y="141" T="undefined" />
	<Point X="147" Y="141" T="undefined" />
	<Point X="147" Y="141" T="undefined" />
	<Point X="146" Y="141" T="undefined" />
	<Point X="146" Y="141" T="undefined" />
	<Point X="146" Y="142" T="undefined" />
	<Point X="146" Y="143" T="undefined" />
	<Point X="146" Y="144" T="undefined" />
	<Point X="147" Y="147" T="undefined" />
	<Point X="150" Y="155" T="undefined" />
	<Point X="151" Y="162" T="undefined" />
	<Point X="153" Y="170" T="undefined" />
	<Point X="154" Y="175" T="undefined" />
	<Point X="154" Y="179" T="undefined" />
	<Point X="154" Y="186" T="undefined" />
	<Point X="155" Y="190" T="undefined" />
	<Point X="155" Y="195" T="undefined" />
	<Point X="156" Y="202" T="undefined" />
	<Point X="156" Y="207" T="undefined" />
	<Point X="156" Y="211" T="undefined" />
	<Point X="156" Y="217" T="undefined" />
	<Point X="155" Y="225" T="undefined" />
	<Point X="155" Y="231" T="undefined" />
	<Point X="155" Y="239" T="undefined" />
	<Point X="155" Y="242" T="undefined" />
	<Point X="155" Y="246" T="undefined" />
	<Point X="155" Y="249" T="undefined" />
	<Point X="155" Y="253" T="undefined" />
	<Point X="156" Y="257" T="undefined" />
	<Point X="156" Y="262" T="undefined" />
	<Point X="157" Y="271" T="undefined" />
	<Point X="157" Y="276" T="undefined" />
	<Point X="157" Y="278" T="undefined" />
	<Point X="157" Y="281" T="undefined" />
	<Point X="157" Y="283" T="undefined" />
	<Point X="157" Y="286" T="undefined" />
	<Point X="157" Y="288" T="undefined" />
	<Point X="157" Y="290" T="undefined" />
	<Point X="157" Y="294" T="undefined" />
	<Point X="157" Y="301" T="undefined" />
	<Point X="157" Y="305" T="undefined" />
	<Point X="157" Y="309" T="undefined" />
	<Point X="157" Y="313" T="undefined" />
	<Point X="157" Y="316" T="undefined" />
	<Point X="157" Y="319" T="undefined" />
	<Point X="157" Y="321" T="undefined" />
	<Point X="157" Y="326" T="undefined" />
	<Point X="157" Y="329" T="undefined" />
	<Point X="157" Y="331" T="undefined" />
	<Point X="157" Y="335" T="undefined" />
	<Point X="157" Y="336" T="undefined" />
	<Point X="158" Y="337" T="undefined" />
	<Point X="158" Y="339" T="undefined" />
	<Point X="160" Y="341" T="undefined" />
	<Point X="160" Y="342" T="undefined" />
	<Point X="160" Y="343" T="undefined" />
	<Point X="160" Y="343" T="undefined" />
	<Point X="160" Y="343" T="undefined" />
	<Point X="161" Y="344" T="undefined" />
	<Point X="162" Y="344" T="undefined" />
	<Point X="163" Y="346" T="undefined" />
	<Point X="165" Y="347" T="undefined" />
	<Point X="166" Y="347" T="undefined" />
	<Point X="168" Y="347" T="undefined" />
	<Point X="170" Y="347" T="undefined" />
	<Point X="173" Y="347" T="undefined" />
	<Point X="180" Y="348" T="undefined" />
	<Point X="184" Y="350" T="undefined" />
	<Point X="190" Y="350" T="undefined" />
	<Point X="193" Y="350" T="undefined" />
	<Point X="194" Y="350" T="undefined" />
	<Point X="198" Y="350" T="undefined" />
	<Point X="200" Y="350" T="undefined" />
	<Point X="206" Y="350" T="undefined" />
	<Point X="210" Y="350" T="undefined" />
	<Point X="214" Y="351" T="undefined" />
	<Point X="216" Y="351" T="undefined" />
	<Point X="217" Y="351" T="undefined" />
	<Point X="219" Y="351" T="undefined" />
	<Point X="221" Y="350" T="undefined" />
	<Point X="224" Y="350" T="undefined" />
	<Point X="225" Y="350" T="undefined" />
	<Point X="227" Y="350" T="undefined" />
</Gesture>