<?xml version="1.0" encoding="utf-8" standalone="yes"?>
<Gesture Name="Left Square Bracket8" NumPts="98">
	<Point X="226" Y="99" T="undefined" />
	<Point X="222" Y="99" T="undefined" />
	<Point X="218" Y="100" T="undefined" />
	<Point X="216" Y="100" T="undefined" />
	<Point X="209" Y="102" T="undefined" />
	<Point X="206" Y="102" T="undefined" />
	<Point X="202" Y="102" T="undefined" />
	<Point X="198" Y="102" T="undefined" />
	<Point X="192" Y="102" T="undefined" />
	<Point X="188" Y="102" T="undefined" />
	<Point X="183" Y="104" T="undefined" />
	<Point X="181" Y="104" T="undefined" />
	<Point X="179" Y="106" T="undefined" />
	<Point X="177" Y="106" T="undefined" />
	<Point X="176" Y="106" T="undefined" />
	<Point X="174" Y="106" T="undefined" />
	<Point X="170" Y="106" T="undefined" />
	<Point X="166" Y="106" T="undefined" />
	<Point X="157" Y="107" T="undefined" />
	<Point X="154" Y="109" T="undefined" />
	<Point X="151" Y="110" T="undefined" />
	<Point X="150" Y="110" T="undefined" />
	<Point X="149" Y="110" T="undefined" />
	<Point X="148" Y="110" T="undefined" />
	<Point X="147" Y="110" T="undefined" />
	<Point X="146" Y="110" T="undefined" />
	<Point X="145" Y="110" T="undefined" />
	<Point X="144" Y="110" T="undefined" />
	<Point X="143" Y="110" T="undefined" />
	<Point X="143" Y="110" T="undefined" />
	<Point X="142" Y="111" T="undefined" />
	<Point X="142" Y="111" T="undefined" />
	<Point X="142" Y="112" T="undefined" />
	<Point X="140" Y="115" T="undefined" />
	<Point X="139" Y="120" T="undefined" />
	<Point X="139" Y="125" T="undefined" />
	<Point X="137" Y="134" T="undefined" />
	<Point X="137" Y="142" T="undefined" />
	<Point X="136" Y="152" T="undefined" />
	<Point X="135" Y="162" T="undefined" />
	<Point X="134" Y="168" T="undefined" />
	<Point X="133" Y="177" T="undefined" />
	<Point X="133" Y="182" T="undefined" />
	<Point X="133" Y="188" T="undefined" />
	<Point X="133" Y="192" T="undefined" />
	<Point X="133" Y="196" T="undefined" />
	<Point X="133" Y="204" T="undefined" />
	<Point X="132" Y="210" T="undefined" />
	<Point X="130" Y="221" T="undefined" />
	<Point X="129" Y="227" T="undefined" />
	<Point X="128" Y="235" T="undefined" />
	<Point X="128" Y="238" T="undefined" />
	<Point X="127" Y="245" T="undefined" />
	<Point X="126" Y="253" T="undefined" />
	<Point X="125" Y="259" T="undefined" />
	<Point X="125" Y="272" T="undefined" />
	<Point X="123" Y="279" T="undefined" />
	<Point X="121" Y="293" T="undefined" />
	<Point X="120" Y="300" T="undefined" />
	<Point X="120" Y="309" T="undefined" />
	<Point X="119" Y="317" T="undefined" />
	<Point X="119" Y="321" T="undefined" />
	<Point X="119" Y="327" T="undefined" />
	<Point X="118" Y="340" T="undefined" />
	<Point X="117" Y="354" T="undefined" />
	<Point X="116" Y="360" T="undefined" />
	<Point X="116" Y="367" T="undefined" />
	<Point X="115" Y="375" T="undefined" />
	<Point X="115" Y="378" T="undefined" />
	<Point X="115" Y="383" T="undefined" />
	<Point X="115" Y="385" T="undefined" />
	<Point X="115" Y="386" T="undefined" />
	<Point X="115" Y="387" T="undefined" />
	<Point X="115" Y="388" T="undefined" />
	<Point X="115" Y="388" T="undefined" />
	<Point X="115" Y="388" T="undefined" />
	<Point X="117" Y="388" T="undefined" />
	<Point X="119" Y="388" T="undefined" />
	<Point X="120" Y="387" T="undefined" />
	<Point X="129" Y="385" T="undefined" />
	<Point X="134" Y="385" T="undefined" />
	<Point X="142" Y="383" T="undefined" />
	<Point X="149" Y="382" T="undefined" />
	<Point X="155" Y="382" T="undefined" />
	<Point X="164" Y="382" T="undefined" />
	<Point X="172" Y="383" T="undefined" />
	<Point X="178" Y="384" T="undefined" />
	<Point X="186" Y="386" T="undefined" />
	<Point X="191" Y="387" T="undefined" />
	<Point X="195" Y="388" T="undefined" />
	<Point X="198" Y="388" T="undefined" />
	<Point X="200" Y="388" T="undefined" />
	<Point X="202" Y="388" T="undefined" />
	<Point X="204" Y="388" T="undefined" />
	<Point X="205" Y="388" T="undefined" />
	<Point X="207" Y="388" T="undefined" />
	<Point X="209" Y="388" T="undefined" />
	<Point X="209" Y="388" T="undefined" />
</Gesture>