<?xml version="1.0" encoding="utf-8" standalone="yes"?>
<Gesture Name="Left Square Bracket1" NumPts="172">
	<Point X="233" Y="109" T="undefined" />
	<Point X="232" Y="109" T="undefined" />
	<Point X="229" Y="109" T="undefined" />
	<Point X="228" Y="109" T="undefined" />
	<Point X="226" Y="109" T="undefined" />
	<Point X="223" Y="109" T="undefined" />
	<Point X="222" Y="109" T="undefined" />
	<Point X="219" Y="109" T="undefined" />
	<Point X="215" Y="111" T="undefined" />
	<Point X="212" Y="113" T="undefined" />
	<Point X="208" Y="115" T="undefined" />
	<Point X="206" Y="115" T="undefined" />
	<Point X="202" Y="115" T="undefined" />
	<Point X="201" Y="115" T="undefined" />
	<Point X="199" Y="115" T="undefined" />
	<Point X="197" Y="115" T="undefined" />
	<Point X="196" Y="114" T="undefined" />
	<Point X="193" Y="114" T="undefined" />
	<Point X="192" Y="113" T="undefined" />
	<Point X="190" Y="112" T="undefined" />
	<Point X="189" Y="112" T="undefined" />
	<Point X="187" Y="111" T="undefined" />
	<Point X="185" Y="111" T="undefined" />
	<Point X="184" Y="111" T="undefined" />
	<Point X="182" Y="110" T="undefined" />
	<Point X="181" Y="110" T="undefined" />
	<Point X="180" Y="110" T="undefined" />
	<Point X="179" Y="110" T="undefined" />
	<Point X="178" Y="110" T="undefined" />
	<Point X="175" Y="110" T="undefined" />
	<Point X="174" Y="110" T="undefined" />
	<Point X="172" Y="110" T="undefined" />
	<Point X="170" Y="110" T="undefined" />
	<Point X="168" Y="110" T="undefined" />
	<Point X="167" Y="110" T="undefined" />
	<Point X="167" Y="110" T="undefined" />
	<Point X="164" Y="110" T="undefined" />
	<Point X="164" Y="110" T="undefined" />
	<Point X="162" Y="110" T="undefined" />
	<Point X="161" Y="110" T="undefined" />
	<Point X="160" Y="110" T="undefined" />
	<Point X="159" Y="110" T="undefined" />
	<Point X="158" Y="110" T="undefined" />
	<Point X="157" Y="110" T="undefined" />
	<Point X="156" Y="110" T="undefined" />
	<Point X="155" Y="110" T="undefined" />
	<Point X="154" Y="110" T="undefined" />
	<Point X="153" Y="110" T="undefined" />
	<Point X="152" Y="110" T="undefined" />
	<Point X="152" Y="110" T="undefined" />
	<Point X="149" Y="109" T="undefined" />
	<Point X="149" Y="109" T="undefined" />
	<Point X="147" Y="109" T="undefined" />
	<Point X="146" Y="109" T="undefined" />
	<Point X="145" Y="109" T="undefined" />
	<Point X="144" Y="109" T="undefined" />
	<Point X="143" Y="109" T="undefined" />
	<Point X="142" Y="109" T="undefined" />
	<Point X="142" Y="110" T="undefined" />
	<Point X="142" Y="111" T="undefined" />
	<Point X="142" Y="111" T="undefined" />
	<Point X="142" Y="113" T="undefined" />
	<Point X="142" Y="115" T="undefined" />
	<Point X="144" Y="118" T="undefined" />
	<Point X="144" Y="122" T="undefined" />
	<Point X="145" Y="126" T="undefined" />
	<Point X="145" Y="132" T="undefined" />
	<Point X="145" Y="136" T="undefined" />
	<Point X="145" Y="140" T="undefined" />
	<Point X="145" Y="147" T="undefined" />
	<Point X="145" Y="150" T="undefined" />
	<Point X="145" Y="153" T="undefined" />
	<Point X="145" Y="157" T="undefined" />
	<Point X="144" Y="162" T="undefined" />
	<Point X="143" Y="168" T="undefined" />
	<Point X="143" Y="174" T="undefined" />
	<Point X="141" Y="182" T="undefined" />
	<Point X="139" Y="188" T="undefined" />
	<Point X="138" Y="198" T="undefined" />
	<Point X="137" Y="206" T="undefined" />
	<Point X="136" Y="217" T="undefined" />
	<Point X="136" Y="221" T="undefined" />
	<Point X="136" Y="223" T="undefined" />
	<Point X="136" Y="225" T="undefined" />
	<Point X="136" Y="225" T="undefined" />
	<Point X="136" Y="227" T="undefined" />
	<Point X="136" Y="230" T="undefined" />
	<Point X="136" Y="235" T="undefined" />
	<Point X="136" Y="244" T="undefined" />
	<Point X="136" Y="249" T="undefined" />
	<Point X="136" Y="254" T="undefined" />
	<Point X="136" Y="255" T="undefined" />
	<Point X="136" Y="257" T="undefined" />
	<Point X="136" Y="258" T="undefined" />
	<Point X="136" Y="259" T="undefined" />
	<Point X="138" Y="263" T="undefined" />
	<Point X="138" Y="269" T="undefined" />
	<Point X="140" Y="277" T="undefined" />
	<Point X="140" Y="281" T="undefined" />
	<Point X="140" Y="285" T="undefined" />
	<Point X="140" Y="286" T="undefined" />
	<Point X="140" Y="288" T="undefined" />
	<Point X="140" Y="290" T="undefined" />
	<Point X="140" Y="292" T="undefined" />
	<Point X="140" Y="297" T="undefined" />
	<Point X="140" Y="301" T="undefined" />
	<Point X="140" Y="306" T="undefined" />
	<Point X="140" Y="312" T="undefined" />
	<Point X="140" Y="315" T="undefined" />
	<Point X="140" Y="317" T="undefined" />
	<Point X="140" Y="318" T="undefined" />
	<Point X="140" Y="320" T="undefined" />
	<Point X="140" Y="321" T="undefined" />
	<Point X="140" Y="322" T="undefined" />
	<Point X="140" Y="325" T="undefined" />
	<Point X="140" Y="328" T="undefined" />
	<Point X="140" Y="334" T="undefined" />
	<Point X="140" Y="337" T="undefined" />
	<Point X="140" Y="341" T="undefined" />
	<Point X="140" Y="343" T="undefined" />
	<Point X="140" Y="344" T="undefined" />
	<Point X="140" Y="346" T="undefined" />
	<Point X="140" Y="347" T="undefined" />
	<Point X="140" Y="348" T="undefined" />
	<Point X="140" Y="348" T="undefined" />
	<Point X="140" Y="350" T="undefined" />
	<Point X="140" Y="351" T="undefined" />
	<Point X="140" Y="351" T="undefined" />
	<Point X="140" Y="352" T="undefined" />
	<Point X="141" Y="354" T="undefined" />
	<Point X="143" Y="354" T="undefined" />
	<Point X="144" Y="354" T="undefined" />
	<Point X="146" Y="354" T="undefined" />
	<Point X="149" Y="354" T="undefined" />
	<Point X="152" Y="354" T="undefined" />
	<Point X="158" Y="353" T="undefined" />
	<Point X="161" Y="353" T="undefined" />
	<Point X="167" Y="352" T="undefined" />
	<Point X="173" Y="352" T="undefined" />
	<Point X="177" Y="352" T="undefined" />
	<Point X="182" Y="352" T="undefined" />
	<Point X="185" Y="352" T="undefined" />
	<Point X="189" Y="352" T="undefined" />
	<Point X="191" Y="352" T="undefined" />
	<Point X="195" Y="352" T="undefined" />
	<Point X="197" Y="352" T="undefined" />
	<Point X="200" Y="352" T="undefined" />
	<Point X="204" Y="352" T="undefined" />
	<Point X="206" Y="351" T="undefined" />
	<Point X="209" Y="351" T="undefined" />
	<Point X="212" Y="351" T="undefined" />
	<Point X="214" Y="351" T="undefined" />
	<Point X="217" Y="351" T="undefined" />
	<Point X="218" Y="351" T="undefined" />
	<Point X="222" Y="351" T="undefined" />
	<Point X="224" Y="350" T="undefined" />
	<Point X="227" Y="349" T="undefined" />
	<Point X="229" Y="349" T="undefined" />
	<Point X="232" Y="349" T="undefined" />
	<Point X="233" Y="349" T="undefined" />
	<Point X="234" Y="349" T="undefined" />
	<Point X="235" Y="349" T="undefined" />
	<Point X="236" Y="349" T="undefined" />
	<Point X="237" Y="349" T="undefined" />
	<Point X="237" Y="349" T="undefined" />
	<Point X="238" Y="349" T="undefined" />
	<Point X="239" Y="349" T="undefined" />
	<Point X="240" Y="349" T="undefined" />
	<Point X="240" Y="349" T="undefined" />
	<Point X="241" Y="349" T="undefined" />
	<Point X="241" Y="348" T="undefined" />
	<Point X="241" Y="347" T="undefined" />
</Gesture>