<?xml version="1.0" encoding="utf-8" standalone="yes"?>
<Gesture Name="Left Curly Brace8" NumPts="83">
	<Point X="241" Y="84" T="undefined" />
	<Point X="240" Y="85" T="undefined" />
	<Point X="237" Y="86" T="undefined" />
	<Point X="236" Y="87" T="undefined" />
	<Point X="232" Y="91" T="undefined" />
	<Point X="229" Y="95" T="undefined" />
	<Point X="223" Y="101" T="undefined" />
	<Point X="218" Y="105" T="undefined" />
	<Point X="214" Y="113" T="undefined" />
	<Point X="211" Y="118" T="undefined" />
	<Point X="209" Y="120" T="undefined" />
	<Point X="206" Y="126" T="undefined" />
	<Point X="204" Y="130" T="undefined" />
	<Point X="203" Y="134" T="undefined" />
	<Point X="202" Y="136" T="undefined" />
	<Point X="201" Y="141" T="undefined" />
	<Point X="199" Y="147" T="undefined" />
	<Point X="198" Y="153" T="undefined" />
	<Point X="198" Y="160" T="undefined" />
	<Point X="199" Y="165" T="undefined" />
	<Point X="202" Y="172" T="undefined" />
	<Point X="207" Y="177" T="undefined" />
	<Point X="215" Y="187" T="undefined" />
	<Point X="223" Y="195" T="undefined" />
	<Point X="228" Y="202" T="undefined" />
	<Point X="235" Y="211" T="undefined" />
	<Point X="239" Y="216" T="undefined" />
	<Point X="245" Y="224" T="undefined" />
	<Point X="248" Y="227" T="undefined" />
	<Point X="250" Y="231" T="undefined" />
	<Point X="250" Y="231" T="undefined" />
	<Point X="250" Y="232" T="undefined" />
	<Point X="250" Y="233" T="undefined" />
	<Point X="247" Y="237" T="undefined" />
	<Point X="235" Y="244" T="undefined" />
	<Point X="226" Y="251" T="undefined" />
	<Point X="219" Y="256" T="undefined" />
	<Point X="210" Y="262" T="undefined" />
	<Point X="206" Y="265" T="undefined" />
	<Point X="202" Y="268" T="undefined" />
	<Point X="199" Y="270" T="undefined" />
	<Point X="195" Y="272" T="undefined" />
	<Point X="194" Y="274" T="undefined" />
	<Point X="193" Y="275" T="undefined" />
	<Point X="191" Y="276" T="undefined" />
	<Point X="191" Y="277" T="undefined" />
	<Point X="191" Y="277" T="undefined" />
	<Point X="193" Y="277" T="undefined" />
	<Point X="196" Y="279" T="undefined" />
	<Point X="204" Y="280" T="undefined" />
	<Point X="210" Y="281" T="undefined" />
	<Point X="218" Y="282" T="undefined" />
	<Point X="221" Y="283" T="undefined" />
	<Point X="227" Y="285" T="undefined" />
	<Point X="231" Y="285" T="undefined" />
	<Point X="234" Y="287" T="undefined" />
	<Point X="237" Y="291" T="undefined" />
	<Point X="237" Y="294" T="undefined" />
	<Point X="239" Y="300" T="undefined" />
	<Point X="239" Y="305" T="undefined" />
	<Point X="237" Y="312" T="undefined" />
	<Point X="235" Y="319" T="undefined" />
	<Point X="229" Y="342" T="undefined" />
	<Point X="225" Y="354" T="undefined" />
	<Point X="222" Y="363" T="undefined" />
	<Point X="220" Y="374" T="undefined" />
	<Point X="219" Y="380" T="undefined" />
	<Point X="219" Y="384" T="undefined" />
	<Point X="219" Y="387" T="undefined" />
	<Point X="219" Y="389" T="undefined" />
	<Point X="219" Y="392" T="undefined" />
	<Point X="221" Y="395" T="undefined" />
	<Point X="228" Y="405" T="undefined" />
	<Point X="234" Y="412" T="undefined" />
	<Point X="241" Y="417" T="undefined" />
	<Point X="248" Y="422" T="undefined" />
	<Point X="263" Y="426" T="undefined" />
	<Point X="271" Y="426" T="undefined" />
	<Point X="279" Y="427" T="undefined" />
	<Point X="290" Y="427" T="undefined" />
	<Point X="295" Y="426" T="undefined" />
	<Point X="300" Y="425" T="undefined" />
	<Point X="302" Y="425" T="undefined" />
</Gesture>