<?xml version="1.0" encoding="utf-8" standalone="yes"?>
<Gesture Name="Left Curly Brace6" NumPts="96">
	<Point X="197" Y="90" T="undefined" />
	<Point X="196" Y="90" T="undefined" />
	<Point X="195" Y="90" T="undefined" />
	<Point X="194" Y="91" T="undefined" />
	<Point X="191" Y="93" T="undefined" />
	<Point X="186" Y="97" T="undefined" />
	<Point X="182" Y="102" T="undefined" />
	<Point X="177" Y="108" T="undefined" />
	<Point X="176" Y="110" T="undefined" />
	<Point X="175" Y="110" T="undefined" />
	<Point X="174" Y="112" T="undefined" />
	<Point X="173" Y="116" T="undefined" />
	<Point X="170" Y="123" T="undefined" />
	<Point X="168" Y="129" T="undefined" />
	<Point X="167" Y="133" T="undefined" />
	<Point X="167" Y="133" T="undefined" />
	<Point X="167" Y="134" T="undefined" />
	<Point X="165" Y="136" T="undefined" />
	<Point X="165" Y="139" T="undefined" />
	<Point X="162" Y="147" T="undefined" />
	<Point X="161" Y="152" T="undefined" />
	<Point X="161" Y="158" T="undefined" />
	<Point X="161" Y="160" T="undefined" />
	<Point X="161" Y="163" T="undefined" />
	<Point X="164" Y="169" T="undefined" />
	<Point X="167" Y="173" T="undefined" />
	<Point X="173" Y="182" T="undefined" />
	<Point X="177" Y="186" T="undefined" />
	<Point X="181" Y="191" T="undefined" />
	<Point X="184" Y="194" T="undefined" />
	<Point X="187" Y="195" T="undefined" />
	<Point X="191" Y="200" T="undefined" />
	<Point X="194" Y="202" T="undefined" />
	<Point X="200" Y="209" T="undefined" />
	<Point X="203" Y="212" T="undefined" />
	<Point X="206" Y="214" T="undefined" />
	<Point X="207" Y="217" T="undefined" />
	<Point X="207" Y="217" T="undefined" />
	<Point X="207" Y="219" T="undefined" />
	<Point X="207" Y="219" T="undefined" />
	<Point X="205" Y="222" T="undefined" />
	<Point X="202" Y="224" T="undefined" />
	<Point X="196" Y="228" T="undefined" />
	<Point X="193" Y="232" T="undefined" />
	<Point X="189" Y="235" T="undefined" />
	<Point X="186" Y="240" T="undefined" />
	<Point X="185" Y="242" T="undefined" />
	<Point X="183" Y="243" T="undefined" />
	<Point X="182" Y="245" T="undefined" />
	<Point X="181" Y="247" T="undefined" />
	<Point X="180" Y="250" T="undefined" />
	<Point X="179" Y="251" T="undefined" />
	<Point X="179" Y="252" T="undefined" />
	<Point X="179" Y="253" T="undefined" />
	<Point X="179" Y="253" T="undefined" />
	<Point X="181" Y="255" T="undefined" />
	<Point X="184" Y="256" T="undefined" />
	<Point X="186" Y="257" T="undefined" />
	<Point X="189" Y="259" T="undefined" />
	<Point X="194" Y="262" T="undefined" />
	<Point X="197" Y="264" T="undefined" />
	<Point X="200" Y="267" T="undefined" />
	<Point X="203" Y="271" T="undefined" />
	<Point X="206" Y="274" T="undefined" />
	<Point X="210" Y="278" T="undefined" />
	<Point X="211" Y="280" T="undefined" />
	<Point X="211" Y="281" T="undefined" />
	<Point X="211" Y="283" T="undefined" />
	<Point X="211" Y="285" T="undefined" />
	<Point X="209" Y="291" T="undefined" />
	<Point X="207" Y="296" T="undefined" />
	<Point X="202" Y="308" T="undefined" />
	<Point X="200" Y="313" T="undefined" />
	<Point X="197" Y="318" T="undefined" />
	<Point X="194" Y="326" T="undefined" />
	<Point X="192" Y="333" T="undefined" />
	<Point X="191" Y="345" T="undefined" />
	<Point X="191" Y="351" T="undefined" />
	<Point X="191" Y="357" T="undefined" />
	<Point X="192" Y="362" T="undefined" />
	<Point X="193" Y="366" T="undefined" />
	<Point X="196" Y="372" T="undefined" />
	<Point X="199" Y="379" T="undefined" />
	<Point X="202" Y="384" T="undefined" />
	<Point X="204" Y="387" T="undefined" />
	<Point X="208" Y="390" T="undefined" />
	<Point X="211" Y="392" T="undefined" />
	<Point X="220" Y="393" T="undefined" />
	<Point X="226" Y="394" T="undefined" />
	<Point X="232" Y="394" T="undefined" />
	<Point X="236" Y="394" T="undefined" />
	<Point X="238" Y="394" T="undefined" />
	<Point X="240" Y="394" T="undefined" />
	<Point X="242" Y="393" T="undefined" />
	<Point X="244" Y="393" T="undefined" />
	<Point X="247" Y="393" T="undefined" />
</Gesture>