<?xml version="1.0" encoding="utf-8" standalone="yes"?>
<Gesture Name="Left Curly Brace2" NumPts="108">
	<Point X="196" Y="115" T="undefined" />
	<Point X="194" Y="115" T="undefined" />
	<Point X="193" Y="116" T="undefined" />
	<Point X="190" Y="116" T="undefined" />
	<Point X="187" Y="116" T="undefined" />
	<Point X="184" Y="117" T="undefined" />
	<Point X="180" Y="118" T="undefined" />
	<Point X="175" Y="119" T="undefined" />
	<Point X="171" Y="120" T="undefined" />
	<Point X="168" Y="122" T="undefined" />
	<Point X="165" Y="124" T="undefined" />
	<Point X="161" Y="130" T="undefined" />
	<Point X="158" Y="133" T="undefined" />
	<Point X="156" Y="135" T="undefined" />
	<Point X="153" Y="138" T="undefined" />
	<Point X="152" Y="140" T="undefined" />
	<Point X="148" Y="142" T="undefined" />
	<Point X="147" Y="144" T="undefined" />
	<Point X="144" Y="148" T="undefined" />
	<Point X="142" Y="150" T="undefined" />
	<Point X="141" Y="154" T="undefined" />
	<Point X="139" Y="160" T="undefined" />
	<Point X="139" Y="164" T="undefined" />
	<Point X="139" Y="167" T="undefined" />
	<Point X="139" Y="169" T="undefined" />
	<Point X="143" Y="171" T="undefined" />
	<Point X="145" Y="173" T="undefined" />
	<Point X="148" Y="176" T="undefined" />
	<Point X="152" Y="179" T="undefined" />
	<Point X="156" Y="181" T="undefined" />
	<Point X="160" Y="185" T="undefined" />
	<Point X="163" Y="188" T="undefined" />
	<Point X="166" Y="191" T="undefined" />
	<Point X="170" Y="197" T="undefined" />
	<Point X="172" Y="201" T="undefined" />
	<Point X="175" Y="204" T="undefined" />
	<Point X="176" Y="205" T="undefined" />
	<Point X="177" Y="208" T="undefined" />
	<Point X="178" Y="209" T="undefined" />
	<Point X="178" Y="210" T="undefined" />
	<Point X="178" Y="213" T="undefined" />
	<Point X="178" Y="216" T="undefined" />
	<Point X="177" Y="218" T="undefined" />
	<Point X="173" Y="222" T="undefined" />
	<Point X="168" Y="225" T="undefined" />
	<Point X="161" Y="229" T="undefined" />
	<Point X="156" Y="233" T="undefined" />
	<Point X="150" Y="239" T="undefined" />
	<Point X="147" Y="242" T="undefined" />
	<Point X="144" Y="246" T="undefined" />
	<Point X="143" Y="247" T="undefined" />
	<Point X="143" Y="248" T="undefined" />
	<Point X="143" Y="249" T="undefined" />
	<Point X="143" Y="250" T="undefined" />
	<Point X="143" Y="250" T="undefined" />
	<Point X="143" Y="251" T="undefined" />
	<Point X="145" Y="252" T="undefined" />
	<Point X="146" Y="252" T="undefined" />
	<Point X="149" Y="253" T="undefined" />
	<Point X="152" Y="255" T="undefined" />
	<Point X="154" Y="257" T="undefined" />
	<Point X="158" Y="259" T="undefined" />
	<Point X="163" Y="262" T="undefined" />
	<Point X="165" Y="263" T="undefined" />
	<Point X="171" Y="265" T="undefined" />
	<Point X="174" Y="267" T="undefined" />
	<Point X="176" Y="268" T="undefined" />
	<Point X="179" Y="270" T="undefined" />
	<Point X="180" Y="271" T="undefined" />
	<Point X="180" Y="272" T="undefined" />
	<Point X="180" Y="273" T="undefined" />
	<Point X="180" Y="273" T="undefined" />
	<Point X="179" Y="273" T="undefined" />
	<Point X="179" Y="273" T="undefined" />
	<Point X="178" Y="274" T="undefined" />
	<Point X="177" Y="274" T="undefined" />
	<Point X="172" Y="277" T="undefined" />
	<Point X="169" Y="282" T="undefined" />
	<Point X="165" Y="286" T="undefined" />
	<Point X="159" Y="294" T="undefined" />
	<Point X="157" Y="298" T="undefined" />
	<Point X="155" Y="301" T="undefined" />
	<Point X="152" Y="307" T="undefined" />
	<Point X="150" Y="313" T="undefined" />
	<Point X="149" Y="322" T="undefined" />
	<Point X="147" Y="327" T="undefined" />
	<Point X="147" Y="334" T="undefined" />
	<Point X="147" Y="339" T="undefined" />
	<Point X="146" Y="349" T="undefined" />
	<Point X="146" Y="355" T="undefined" />
	<Point X="146" Y="360" T="undefined" />
	<Point X="146" Y="367" T="undefined" />
	<Point X="146" Y="368" T="undefined" />
	<Point X="146" Y="371" T="undefined" />
	<Point X="147" Y="373" T="undefined" />
	<Point X="148" Y="376" T="undefined" />
	<Point X="152" Y="382" T="undefined" />
	<Point X="157" Y="387" T="undefined" />
	<Point X="163" Y="391" T="undefined" />
	<Point X="167" Y="394" T="undefined" />
	<Point X="172" Y="396" T="undefined" />
	<Point X="179" Y="399" T="undefined" />
	<Point X="187" Y="399" T="undefined" />
	<Point X="193" Y="399" T="undefined" />
	<Point X="199" Y="397" T="undefined" />
	<Point X="207" Y="394" T="undefined" />
	<Point X="209" Y="393" T="undefined" />
	<Point X="211" Y="393" T="undefined" />
</Gesture>