<?xml version="1.0" encoding="utf-8" standalone="yes"?>
<Gesture Name="Pigtail6" NumPts="45">
	<Point X="97" Y="277" T="undefined" />
	<Point X="102" Y="276" T="undefined" />
	<Point X="109" Y="273" T="undefined" />
	<Point X="131" Y="263" T="undefined" />
	<Point X="145" Y="254" T="undefined" />
	<Point X="160" Y="244" T="undefined" />
	<Point X="177" Y="230" T="undefined" />
	<Point X="190" Y="218" T="undefined" />
	<Point X="205" Y="197" T="undefined" />
	<Point X="210" Y="190" T="undefined" />
	<Point X="216" Y="182" T="undefined" />
	<Point X="222" Y="171" T="undefined" />
	<Point X="223" Y="166" T="undefined" />
	<Point X="224" Y="161" T="undefined" />
	<Point X="223" Y="158" T="undefined" />
	<Point X="220" Y="154" T="undefined" />
	<Point X="218" Y="151" T="undefined" />
	<Point X="210" Y="146" T="undefined" />
	<Point X="202" Y="145" T="undefined" />
	<Point X="194" Y="144" T="undefined" />
	<Point X="185" Y="145" T="undefined" />
	<Point X="181" Y="147" T="undefined" />
	<Point X="178" Y="150" T="undefined" />
	<Point X="171" Y="158" T="undefined" />
	<Point X="167" Y="164" T="undefined" />
	<Point X="161" Y="177" T="undefined" />
	<Point X="160" Y="181" T="undefined" />
	<Point X="160" Y="190" T="undefined" />
	<Point X="161" Y="196" T="undefined" />
	<Point X="164" Y="202" T="undefined" />
	<Point X="172" Y="209" T="undefined" />
	<Point X="180" Y="213" T="undefined" />
	<Point X="197" Y="215" T="undefined" />
	<Point X="210" Y="213" T="undefined" />
	<Point X="226" Y="210" T="undefined" />
	<Point X="249" Y="205" T="undefined" />
	<Point X="263" Y="201" T="undefined" />
	<Point X="280" Y="195" T="undefined" />
	<Point X="292" Y="191" T="undefined" />
	<Point X="303" Y="185" T="undefined" />
	<Point X="308" Y="182" T="undefined" />
	<Point X="317" Y="173" T="undefined" />
	<Point X="325" Y="159" T="undefined" />
	<Point X="330" Y="149" T="undefined" />
	<Point X="331" Y="143" T="undefined" />
</Gesture>