<?xml version="1.0" encoding="utf-8" standalone="yes"?>
<Gesture Name="Pigtail3" NumPts="59">
	<Point X="97" Y="272" T="undefined" />
	<Point X="99" Y="272" T="undefined" />
	<Point X="102" Y="272" T="undefined" />
	<Point X="107" Y="271" T="undefined" />
	<Point X="121" Y="267" T="undefined" />
	<Point X="126" Y="266" T="undefined" />
	<Point X="132" Y="263" T="undefined" />
	<Point X="145" Y="260" T="undefined" />
	<Point X="159" Y="255" T="undefined" />
	<Point X="163" Y="253" T="undefined" />
	<Point X="168" Y="252" T="undefined" />
	<Point X="174" Y="249" T="undefined" />
	<Point X="179" Y="246" T="undefined" />
	<Point X="189" Y="239" T="undefined" />
	<Point X="195" Y="234" T="undefined" />
	<Point X="200" Y="229" T="undefined" />
	<Point X="207" Y="222" T="undefined" />
	<Point X="210" Y="218" T="undefined" />
	<Point X="215" Y="212" T="undefined" />
	<Point X="218" Y="207" T="undefined" />
	<Point X="221" Y="193" T="undefined" />
	<Point X="223" Y="183" T="undefined" />
	<Point X="223" Y="177" T="undefined" />
	<Point X="222" Y="173" T="undefined" />
	<Point X="220" Y="171" T="undefined" />
	<Point X="217" Y="169" T="undefined" />
	<Point X="211" Y="166" T="undefined" />
	<Point X="208" Y="164" T="undefined" />
	<Point X="202" Y="161" T="undefined" />
	<Point X="198" Y="159" T="undefined" />
	<Point X="191" Y="159" T="undefined" />
	<Point X="185" Y="161" T="undefined" />
	<Point X="181" Y="164" T="undefined" />
	<Point X="176" Y="167" T="undefined" />
	<Point X="174" Y="169" T="undefined" />
	<Point X="172" Y="172" T="undefined" />
	<Point X="170" Y="176" T="undefined" />
	<Point X="168" Y="189" T="undefined" />
	<Point X="168" Y="198" T="undefined" />
	<Point X="170" Y="203" T="undefined" />
	<Point X="175" Y="213" T="undefined" />
	<Point X="180" Y="220" T="undefined" />
	<Point X="198" Y="233" T="undefined" />
	<Point X="212" Y="239" T="undefined" />
	<Point X="230" Y="244" T="undefined" />
	<Point X="246" Y="247" T="undefined" />
	<Point X="261" Y="248" T="undefined" />
	<Point X="275" Y="249" T="undefined" />
	<Point X="289" Y="249" T="undefined" />
	<Point X="303" Y="248" T="undefined" />
	<Point X="309" Y="247" T="undefined" />
	<Point X="315" Y="244" T="undefined" />
	<Point X="328" Y="235" T="undefined" />
	<Point X="344" Y="218" T="undefined" />
	<Point X="351" Y="208" T="undefined" />
	<Point X="355" Y="203" T="undefined" />
	<Point X="358" Y="197" T="undefined" />
	<Point X="358" Y="196" T="undefined" />
	<Point X="358" Y="195" T="undefined" />
</Gesture>