<?xml version="1.0" encoding="utf-8" standalone="yes"?>
<Gesture Name="Pigtail7" NumPts="47">
	<Point X="134" Y="294" T="undefined" />
	<Point X="141" Y="293" T="undefined" />
	<Point X="153" Y="291" T="undefined" />
	<Point X="174" Y="287" T="undefined" />
	<Point X="189" Y="283" T="undefined" />
	<Point X="202" Y="279" T="undefined" />
	<Point X="224" Y="270" T="undefined" />
	<Point X="248" Y="257" T="undefined" />
	<Point X="265" Y="246" T="undefined" />
	<Point X="280" Y="230" T="undefined" />
	<Point X="288" Y="219" T="undefined" />
	<Point X="294" Y="208" T="undefined" />
	<Point X="296" Y="195" T="undefined" />
	<Point X="297" Y="188" T="undefined" />
	<Point X="297" Y="183" T="undefined" />
	<Point X="299" Y="177" T="undefined" />
	<Point X="299" Y="165" T="undefined" />
	<Point X="298" Y="155" T="undefined" />
	<Point X="296" Y="150" T="undefined" />
	<Point X="295" Y="149" T="undefined" />
	<Point X="289" Y="142" T="undefined" />
	<Point X="285" Y="140" T="undefined" />
	<Point X="274" Y="140" T="undefined" />
	<Point X="266" Y="144" T="undefined" />
	<Point X="253" Y="155" T="undefined" />
	<Point X="244" Y="165" T="undefined" />
	<Point X="240" Y="172" T="undefined" />
	<Point X="237" Y="180" T="undefined" />
	<Point X="237" Y="185" T="undefined" />
	<Point X="239" Y="196" T="undefined" />
	<Point X="248" Y="213" T="undefined" />
	<Point X="258" Y="225" T="undefined" />
	<Point X="281" Y="237" T="undefined" />
	<Point X="306" Y="245" T="undefined" />
	<Point X="323" Y="246" T="undefined" />
	<Point X="337" Y="245" T="undefined" />
	<Point X="366" Y="240" T="undefined" />
	<Point X="380" Y="237" T="undefined" />
	<Point X="394" Y="231" T="undefined" />
	<Point X="413" Y="217" T="undefined" />
	<Point X="424" Y="203" T="undefined" />
	<Point X="431" Y="185" T="undefined" />
	<Point X="432" Y="177" T="undefined" />
	<Point X="433" Y="168" T="undefined" />
	<Point X="433" Y="162" T="undefined" />
	<Point X="433" Y="161" T="undefined" />
	<Point X="431" Y="160" T="undefined" />
</Gesture>