<?xml version="1.0" encoding="utf-8" standalone="yes"?>
<Gesture Name="Pigtail9" NumPts="48">
	<Point X="102" Y="288" T="undefined" />
	<Point X="106" Y="286" T="undefined" />
	<Point X="119" Y="275" T="undefined" />
	<Point X="134" Y="263" T="undefined" />
	<Point X="152" Y="244" T="undefined" />
	<Point X="162" Y="231" T="undefined" />
	<Point X="170" Y="219" T="undefined" />
	<Point X="181" Y="202" T="undefined" />
	<Point X="187" Y="190" T="undefined" />
	<Point X="196" Y="172" T="undefined" />
	<Point X="200" Y="163" T="undefined" />
	<Point X="203" Y="153" T="undefined" />
	<Point X="206" Y="143" T="undefined" />
	<Point X="206" Y="139" T="undefined" />
	<Point X="205" Y="135" T="undefined" />
	<Point X="204" Y="134" T="undefined" />
	<Point X="202" Y="133" T="undefined" />
	<Point X="201" Y="132" T="undefined" />
	<Point X="197" Y="130" T="undefined" />
	<Point X="192" Y="129" T="undefined" />
	<Point X="188" Y="128" T="undefined" />
	<Point X="181" Y="130" T="undefined" />
	<Point X="174" Y="135" T="undefined" />
	<Point X="162" Y="146" T="undefined" />
	<Point X="156" Y="152" T="undefined" />
	<Point X="153" Y="157" T="undefined" />
	<Point X="149" Y="163" T="undefined" />
	<Point X="146" Y="167" T="undefined" />
	<Point X="143" Y="179" T="undefined" />
	<Point X="143" Y="187" T="undefined" />
	<Point X="144" Y="196" T="undefined" />
	<Point X="146" Y="202" T="undefined" />
	<Point X="153" Y="209" T="undefined" />
	<Point X="170" Y="219" T="undefined" />
	<Point X="179" Y="222" T="undefined" />
	<Point X="199" Y="223" T="undefined" />
	<Point X="215" Y="222" T="undefined" />
	<Point X="228" Y="217" T="undefined" />
	<Point X="250" Y="207" T="undefined" />
	<Point X="263" Y="199" T="undefined" />
	<Point X="279" Y="186" T="undefined" />
	<Point X="288" Y="173" T="undefined" />
	<Point X="297" Y="160" T="undefined" />
	<Point X="305" Y="147" T="undefined" />
	<Point X="313" Y="130" T="undefined" />
	<Point X="315" Y="125" T="undefined" />
	<Point X="315" Y="123" T="undefined" />
	<Point X="315" Y="121" T="undefined" />
</Gesture>