<?xml version="1.0" encoding="utf-8" standalone="yes"?>
<Gesture Name="Pigtail2" NumPts="66">
	<Point X="105" Y="276" T="undefined" />
	<Point X="108" Y="276" T="undefined" />
	<Point X="114" Y="275" T="undefined" />
	<Point X="120" Y="274" T="undefined" />
	<Point X="128" Y="273" T="undefined" />
	<Point X="133" Y="273" T="undefined" />
	<Point X="139" Y="273" T="undefined" />
	<Point X="141" Y="271" T="undefined" />
	<Point X="148" Y="268" T="undefined" />
	<Point X="153" Y="265" T="undefined" />
	<Point X="159" Y="262" T="undefined" />
	<Point X="166" Y="257" T="undefined" />
	<Point X="170" Y="253" T="undefined" />
	<Point X="176" Y="248" T="undefined" />
	<Point X="182" Y="245" T="undefined" />
	<Point X="186" Y="242" T="undefined" />
	<Point X="192" Y="237" T="undefined" />
	<Point X="196" Y="233" T="undefined" />
	<Point X="204" Y="224" T="undefined" />
	<Point X="208" Y="219" T="undefined" />
	<Point X="214" Y="212" T="undefined" />
	<Point X="218" Y="205" T="undefined" />
	<Point X="221" Y="195" T="undefined" />
	<Point X="221" Y="184" T="undefined" />
	<Point X="221" Y="180" T="undefined" />
	<Point X="220" Y="177" T="undefined" />
	<Point X="219" Y="175" T="undefined" />
	<Point X="217" Y="174" T="undefined" />
	<Point X="214" Y="171" T="undefined" />
	<Point X="212" Y="170" T="undefined" />
	<Point X="208" Y="167" T="undefined" />
	<Point X="205" Y="166" T="undefined" />
	<Point X="201" Y="165" T="undefined" />
	<Point X="195" Y="167" T="undefined" />
	<Point X="188" Y="172" T="undefined" />
	<Point X="185" Y="174" T="undefined" />
	<Point X="182" Y="177" T="undefined" />
	<Point X="178" Y="182" T="undefined" />
	<Point X="175" Y="188" T="undefined" />
	<Point X="173" Y="193" T="undefined" />
	<Point X="171" Y="201" T="undefined" />
	<Point X="171" Y="206" T="undefined" />
	<Point X="172" Y="214" T="undefined" />
	<Point X="174" Y="221" T="undefined" />
	<Point X="178" Y="231" T="undefined" />
	<Point X="181" Y="237" T="undefined" />
	<Point X="185" Y="242" T="undefined" />
	<Point X="193" Y="249" T="undefined" />
	<Point X="201" Y="254" T="undefined" />
	<Point X="211" Y="256" T="undefined" />
	<Point X="221" Y="256" T="undefined" />
	<Point X="234" Y="254" T="undefined" />
	<Point X="247" Y="251" T="undefined" />
	<Point X="256" Y="249" T="undefined" />
	<Point X="272" Y="245" T="undefined" />
	<Point X="283" Y="241" T="undefined" />
	<Point X="296" Y="239" T="undefined" />
	<Point X="301" Y="236" T="undefined" />
	<Point X="307" Y="229" T="undefined" />
	<Point X="312" Y="218" T="undefined" />
	<Point X="317" Y="207" T="undefined" />
	<Point X="322" Y="197" T="undefined" />
	<Point X="324" Y="193" T="undefined" />
	<Point X="324" Y="190" T="undefined" />
	<Point X="324" Y="190" T="undefined" />
	<Point X="325" Y="189" T="undefined" />
</Gesture>