<?xml version="1.0" encoding="utf-8" standalone="yes"?>
<Gesture Name="Pigtail4" NumPts="52">
	<Point X="111" Y="260" T="undefined" />
	<Point X="115" Y="260" T="undefined" />
	<Point X="120" Y="259" T="undefined" />
	<Point X="138" Y="255" T="undefined" />
	<Point X="151" Y="251" T="undefined" />
	<Point X="159" Y="249" T="undefined" />
	<Point X="169" Y="246" T="undefined" />
	<Point X="179" Y="240" T="undefined" />
	<Point X="185" Y="236" T="undefined" />
	<Point X="192" Y="230" T="undefined" />
	<Point X="197" Y="227" T="undefined" />
	<Point X="204" Y="220" T="undefined" />
	<Point X="210" Y="213" T="undefined" />
	<Point X="227" Y="191" T="undefined" />
	<Point X="237" Y="175" T="undefined" />
	<Point X="251" Y="155" T="undefined" />
	<Point X="258" Y="139" T="undefined" />
	<Point X="263" Y="125" T="undefined" />
	<Point X="263" Y="121" T="undefined" />
	<Point X="263" Y="119" T="undefined" />
	<Point X="263" Y="117" T="undefined" />
	<Point X="261" Y="117" T="undefined" />
	<Point X="254" Y="116" T="undefined" />
	<Point X="248" Y="115" T="undefined" />
	<Point X="244" Y="115" T="undefined" />
	<Point X="238" Y="116" T="undefined" />
	<Point X="234" Y="116" T="undefined" />
	<Point X="228" Y="119" T="undefined" />
	<Point X="224" Y="121" T="undefined" />
	<Point X="216" Y="130" T="undefined" />
	<Point X="210" Y="139" T="undefined" />
	<Point X="205" Y="147" T="undefined" />
	<Point X="201" Y="156" T="undefined" />
	<Point X="200" Y="160" T="undefined" />
	<Point X="199" Y="170" T="undefined" />
	<Point X="199" Y="175" T="undefined" />
	<Point X="199" Y="180" T="undefined" />
	<Point X="202" Y="187" T="undefined" />
	<Point X="207" Y="190" T="undefined" />
	<Point X="215" Y="196" T="undefined" />
	<Point X="223" Y="199" T="undefined" />
	<Point X="238" Y="201" T="undefined" />
	<Point X="253" Y="201" T="undefined" />
	<Point X="275" Y="194" T="undefined" />
	<Point X="291" Y="187" T="undefined" />
	<Point X="311" Y="169" T="undefined" />
	<Point X="319" Y="159" T="undefined" />
	<Point X="323" Y="154" T="undefined" />
	<Point X="329" Y="147" T="undefined" />
	<Point X="331" Y="144" T="undefined" />
	<Point X="333" Y="142" T="undefined" />
	<Point X="335" Y="137" T="undefined" />
</Gesture>