<?xml version="1.0" encoding="utf-8" standalone="yes"?>
<Gesture Name="Pigtail5" NumPts="50">
	<Point X="131" Y="261" T="undefined" />
	<Point X="133" Y="262" T="undefined" />
	<Point X="137" Y="262" T="undefined" />
	<Point X="151" Y="262" T="undefined" />
	<Point X="161" Y="261" T="undefined" />
	<Point X="172" Y="259" T="undefined" />
	<Point X="190" Y="252" T="undefined" />
	<Point X="201" Y="245" T="undefined" />
	<Point X="218" Y="235" T="undefined" />
	<Point X="224" Y="230" T="undefined" />
	<Point X="234" Y="223" T="undefined" />
	<Point X="240" Y="218" T="undefined" />
	<Point X="246" Y="210" T="undefined" />
	<Point X="253" Y="203" T="undefined" />
	<Point X="260" Y="191" T="undefined" />
	<Point X="262" Y="187" T="undefined" />
	<Point X="263" Y="183" T="undefined" />
	<Point X="265" Y="176" T="undefined" />
	<Point X="264" Y="173" T="undefined" />
	<Point X="262" Y="169" T="undefined" />
	<Point X="260" Y="167" T="undefined" />
	<Point X="257" Y="165" T="undefined" />
	<Point X="250" Y="164" T="undefined" />
	<Point X="245" Y="164" T="undefined" />
	<Point X="232" Y="170" T="undefined" />
	<Point X="225" Y="176" T="undefined" />
	<Point X="218" Y="183" T="undefined" />
	<Point X="210" Y="191" T="undefined" />
	<Point X="206" Y="196" T="undefined" />
	<Point X="202" Y="200" T="undefined" />
	<Point X="202" Y="202" T="undefined" />
	<Point X="201" Y="206" T="undefined" />
	<Point X="202" Y="210" T="undefined" />
	<Point X="204" Y="215" T="undefined" />
	<Point X="210" Y="222" T="undefined" />
	<Point X="221" Y="227" T="undefined" />
	<Point X="240" Y="231" T="undefined" />
	<Point X="255" Y="230" T="undefined" />
	<Point X="280" Y="227" T="undefined" />
	<Point X="299" Y="223" T="undefined" />
	<Point X="325" Y="214" T="undefined" />
	<Point X="339" Y="204" T="undefined" />
	<Point X="352" Y="192" T="undefined" />
	<Point X="366" Y="176" T="undefined" />
	<Point X="375" Y="164" T="undefined" />
	<Point X="382" Y="150" T="undefined" />
	<Point X="383" Y="147" T="undefined" />
	<Point X="383" Y="146" T="undefined" />
	<Point X="382" Y="146" T="undefined" />
	<Point X="381" Y="147" T="undefined" />
</Gesture>