<?xml version="1.0" encoding="utf-8" standalone="yes"?>
<Gesture Name="Pigtail8" NumPts="51">
	<Point X="86" Y="305" T="undefined" />
	<Point X="89" Y="304" T="undefined" />
	<Point X="92" Y="304" T="undefined" />
	<Point X="99" Y="300" T="undefined" />
	<Point X="112" Y="293" T="undefined" />
	<Point X="121" Y="287" T="undefined" />
	<Point X="131" Y="280" T="undefined" />
	<Point X="148" Y="269" T="undefined" />
	<Point X="159" Y="261" T="undefined" />
	<Point X="175" Y="242" T="undefined" />
	<Point X="183" Y="233" T="undefined" />
	<Point X="192" Y="221" T="undefined" />
	<Point X="199" Y="211" T="undefined" />
	<Point X="210" Y="195" T="undefined" />
	<Point X="215" Y="185" T="undefined" />
	<Point X="218" Y="181" T="undefined" />
	<Point X="222" Y="172" T="undefined" />
	<Point X="222" Y="167" T="undefined" />
	<Point X="222" Y="163" T="undefined" />
	<Point X="220" Y="159" T="undefined" />
	<Point X="216" Y="157" T="undefined" />
	<Point X="207" Y="155" T="undefined" />
	<Point X="203" Y="155" T="undefined" />
	<Point X="198" Y="155" T="undefined" />
	<Point X="195" Y="155" T="undefined" />
	<Point X="188" Y="160" T="undefined" />
	<Point X="182" Y="166" T="undefined" />
	<Point X="176" Y="174" T="undefined" />
	<Point X="169" Y="187" T="undefined" />
	<Point X="165" Y="198" T="undefined" />
	<Point X="161" Y="215" T="undefined" />
	<Point X="161" Y="221" T="undefined" />
	<Point X="162" Y="230" T="undefined" />
	<Point X="165" Y="236" T="undefined" />
	<Point X="169" Y="241" T="undefined" />
	<Point X="183" Y="250" T="undefined" />
	<Point X="193" Y="253" T="undefined" />
	<Point X="209" Y="254" T="undefined" />
	<Point X="223" Y="253" T="undefined" />
	<Point X="234" Y="251" T="undefined" />
	<Point X="256" Y="238" T="undefined" />
	<Point X="272" Y="226" T="undefined" />
	<Point X="291" Y="207" T="undefined" />
	<Point X="305" Y="188" T="undefined" />
	<Point X="319" Y="169" T="undefined" />
	<Point X="324" Y="162" T="undefined" />
	<Point X="326" Y="155" T="undefined" />
	<Point X="327" Y="150" T="undefined" />
	<Point X="327" Y="149" T="undefined" />
	<Point X="327" Y="147" T="undefined" />
	<Point X="327" Y="147" T="undefined" />
</Gesture>