<?xml version="1.0" encoding="utf-8" standalone="yes"?>
<Gesture Name="Rectangle9" NumPts="151">
	<Point X="74" Y="185" T="undefined" />
	<Point X="74" Y="190" T="undefined" />
	<Point X="74" Y="203" T="undefined" />
	<Point X="74" Y="217" T="undefined" />
	<Point X="73" Y="227" T="undefined" />
	<Point X="70" Y="246" T="undefined" />
	<Point X="69" Y="258" T="undefined" />
	<Point X="67" Y="271" T="undefined" />
	<Point X="67" Y="280" T="undefined" />
	<Point X="65" Y="286" T="undefined" />
	<Point X="65" Y="292" T="undefined" />
	<Point X="62" Y="304" T="undefined" />
	<Point X="61" Y="313" T="undefined" />
	<Point X="61" Y="325" T="undefined" />
	<Point X="61" Y="330" T="undefined" />
	<Point X="61" Y="335" T="undefined" />
	<Point X="61" Y="336" T="undefined" />
	<Point X="61" Y="337" T="undefined" />
	<Point X="61" Y="338" T="undefined" />
	<Point X="61" Y="338" T="undefined" />
	<Point X="62" Y="338" T="undefined" />
	<Point X="65" Y="338" T="undefined" />
	<Point X="71" Y="337" T="undefined" />
	<Point X="77" Y="337" T="undefined" />
	<Point X="86" Y="336" T="undefined" />
	<Point X="102" Y="336" T="undefined" />
	<Point X="112" Y="336" T="undefined" />
	<Point X="119" Y="335" T="undefined" />
	<Point X="132" Y="335" T="undefined" />
	<Point X="145" Y="335" T="undefined" />
	<Point X="158" Y="337" T="undefined" />
	<Point X="164" Y="337" T="undefined" />
	<Point X="173" Y="338" T="undefined" />
	<Point X="187" Y="337" T="undefined" />
	<Point X="196" Y="336" T="undefined" />
	<Point X="203" Y="336" T="undefined" />
	<Point X="213" Y="336" T="undefined" />
	<Point X="226" Y="336" T="undefined" />
	<Point X="232" Y="336" T="undefined" />
	<Point X="242" Y="334" T="undefined" />
	<Point X="250" Y="333" T="undefined" />
	<Point X="260" Y="332" T="undefined" />
	<Point X="270" Y="330" T="undefined" />
	<Point X="275" Y="329" T="undefined" />
	<Point X="287" Y="329" T="undefined" />
	<Point X="293" Y="329" T="undefined" />
	<Point X="299" Y="329" T="undefined" />
	<Point X="305" Y="330" T="undefined" />
	<Point X="307" Y="332" T="undefined" />
	<Point X="313" Y="333" T="undefined" />
	<Point X="315" Y="333" T="undefined" />
	<Point X="321" Y="332" T="undefined" />
	<Point X="325" Y="331" T="undefined" />
	<Point X="331" Y="329" T="undefined" />
	<Point X="334" Y="328" T="undefined" />
	<Point X="335" Y="328" T="undefined" />
	<Point X="336" Y="328" T="undefined" />
	<Point X="337" Y="327" T="undefined" />
	<Point X="337" Y="327" T="undefined" />
	<Point X="338" Y="326" T="undefined" />
	<Point X="339" Y="325" T="undefined" />
	<Point X="340" Y="324" T="undefined" />
	<Point X="340" Y="324" T="undefined" />
	<Point X="341" Y="324" T="undefined" />
	<Point X="341" Y="323" T="undefined" />
	<Point X="344" Y="319" T="undefined" />
	<Point X="346" Y="315" T="undefined" />
	<Point X="349" Y="309" T="undefined" />
	<Point X="351" Y="303" T="undefined" />
	<Point X="352" Y="297" T="undefined" />
	<Point X="354" Y="287" T="undefined" />
	<Point X="355" Y="282" T="undefined" />
	<Point X="355" Y="277" T="undefined" />
	<Point X="357" Y="268" T="undefined" />
	<Point X="357" Y="262" T="undefined" />
	<Point X="358" Y="254" T="undefined" />
	<Point X="358" Y="251" T="undefined" />
	<Point X="359" Y="248" T="undefined" />
	<Point X="360" Y="247" T="undefined" />
	<Point X="360" Y="245" T="undefined" />
	<Point X="360" Y="243" T="undefined" />
	<Point X="360" Y="239" T="undefined" />
	<Point X="360" Y="229" T="undefined" />
	<Point X="360" Y="222" T="undefined" />
	<Point X="360" Y="218" T="undefined" />
	<Point X="360" Y="217" T="undefined" />
	<Point X="359" Y="217" T="undefined" />
	<Point X="359" Y="216" T="undefined" />
	<Point X="358" Y="214" T="undefined" />
	<Point X="357" Y="210" T="undefined" />
	<Point X="356" Y="205" T="undefined" />
	<Point X="356" Y="195" T="undefined" />
	<Point X="355" Y="189" T="undefined" />
	<Point X="355" Y="188" T="undefined" />
	<Point X="354" Y="188" T="undefined" />
	<Point X="354" Y="188" T="undefined" />
	<Point X="353" Y="188" T="undefined" />
	<Point X="352" Y="188" T="undefined" />
	<Point X="352" Y="188" T="undefined" />
	<Point X="350" Y="188" T="undefined" />
	<Point X="347" Y="190" T="undefined" />
	<Point X="344" Y="191" T="undefined" />
	<Point X="339" Y="192" T="undefined" />
	<Point X="333" Y="190" T="undefined" />
	<Point X="323" Y="185" T="undefined" />
	<Point X="307" Y="178" T="undefined" />
	<Point X="295" Y="173" T="undefined" />
	<Point X="272" Y="168" T="undefined" />
	<Point X="263" Y="167" T="undefined" />
	<Point X="256" Y="167" T="undefined" />
	<Point X="247" Y="167" T="undefined" />
	<Point X="241" Y="168" T="undefined" />
	<Point X="236" Y="168" T="undefined" />
	<Point X="230" Y="169" T="undefined" />
	<Point X="225" Y="169" T="undefined" />
	<Point X="216" Y="169" T="undefined" />
	<Point X="208" Y="169" T="undefined" />
	<Point X="199" Y="169" T="undefined" />
	<Point X="195" Y="169" T="undefined" />
	<Point X="186" Y="170" T="undefined" />
	<Point X="177" Y="171" T="undefined" />
	<Point X="172" Y="172" T="undefined" />
	<Point X="165" Y="172" T="undefined" />
	<Point X="160" Y="172" T="undefined" />
	<Point X="156" Y="172" T="undefined" />
	<Point X="151" Y="173" T="undefined" />
	<Point X="145" Y="175" T="undefined" />
	<Point X="139" Y="177" T="undefined" />
	<Point X="134" Y="180" T="undefined" />
	<Point X="129" Y="180" T="undefined" />
	<Point X="127" Y="180" T="undefined" />
	<Point X="124" Y="180" T="undefined" />
	<Point X="123" Y="180" T="undefined" />
	<Point X="121" Y="180" T="undefined" />
	<Point X="120" Y="180" T="undefined" />
	<Point X="117" Y="182" T="undefined" />
	<Point X="115" Y="184" T="undefined" />
	<Point X="112" Y="185" T="undefined" />
	<Point X="110" Y="188" T="undefined" />
	<Point X="107" Y="189" T="undefined" />
	<Point X="106" Y="189" T="undefined" />
	<Point X="103" Y="189" T="undefined" />
	<Point X="101" Y="187" T="undefined" />
	<Point X="99" Y="185" T="undefined" />
	<Point X="98" Y="184" T="undefined" />
	<Point X="96" Y="184" T="undefined" />
	<Point X="95" Y="184" T="undefined" />
	<Point X="94" Y="185" T="undefined" />
	<Point X="93" Y="185" T="undefined" />
	<Point X="92" Y="185" T="undefined" />
	<Point X="92" Y="185" T="undefined" />
</Gesture>