<?xml version="1.0" encoding="utf-8" standalone="yes"?>
<Gesture Name="Rectangle0" NumPts="290">
	<Point X="104" Y="177" T="undefined" />
	<Point X="104" Y="178" T="undefined" />
	<Point X="104" Y="179" T="undefined" />
	<Point X="104" Y="180" T="undefined" />
	<Point X="104" Y="181" T="undefined" />
	<Point X="104" Y="182" T="undefined" />
	<Point X="105" Y="185" T="undefined" />
	<Point X="105" Y="189" T="undefined" />
	<Point X="105" Y="194" T="undefined" />
	<Point X="105" Y="199" T="undefined" />
	<Point X="105" Y="202" T="undefined" />
	<Point X="105" Y="204" T="undefined" />
	<Point X="105" Y="207" T="undefined" />
	<Point X="105" Y="208" T="undefined" />
	<Point X="105" Y="212" T="undefined" />
	<Point X="105" Y="216" T="undefined" />
	<Point X="105" Y="220" T="undefined" />
	<Point X="105" Y="225" T="undefined" />
	<Point X="105" Y="229" T="undefined" />
	<Point X="105" Y="232" T="undefined" />
	<Point X="105" Y="234" T="undefined" />
	<Point X="105" Y="238" T="undefined" />
	<Point X="105" Y="241" T="undefined" />
	<Point X="105" Y="242" T="undefined" />
	<Point X="105" Y="244" T="undefined" />
	<Point X="105" Y="247" T="undefined" />
	<Point X="105" Y="248" T="undefined" />
	<Point X="105" Y="249" T="undefined" />
	<Point X="105" Y="251" T="undefined" />
	<Point X="105" Y="252" T="undefined" />
	<Point X="105" Y="255" T="undefined" />
	<Point X="105" Y="261" T="undefined" />
	<Point X="105" Y="266" T="undefined" />
	<Point X="105" Y="270" T="undefined" />
	<Point X="105" Y="271" T="undefined" />
	<Point X="105" Y="274" T="undefined" />
	<Point X="105" Y="276" T="undefined" />
	<Point X="105" Y="277" T="undefined" />
	<Point X="105" Y="279" T="undefined" />
	<Point X="105" Y="282" T="undefined" />
	<Point X="105" Y="284" T="undefined" />
	<Point X="105" Y="287" T="undefined" />
	<Point X="105" Y="288" T="undefined" />
	<Point X="105" Y="289" T="undefined" />
	<Point X="105" Y="290" T="undefined" />
	<Point X="105" Y="292" T="undefined" />
	<Point X="105" Y="294" T="undefined" />
	<Point X="105" Y="297" T="undefined" />
	<Point X="105" Y="300" T="undefined" />
	<Point X="105" Y="303" T="undefined" />
	<Point X="105" Y="306" T="undefined" />
	<Point X="105" Y="307" T="undefined" />
	<Point X="105" Y="308" T="undefined" />
	<Point X="105" Y="309" T="undefined" />
	<Point X="105" Y="310" T="undefined" />
	<Point X="105" Y="310" T="undefined" />
	<Point X="105" Y="311" T="undefined" />
	<Point X="105" Y="312" T="undefined" />
	<Point X="105" Y="312" T="undefined" />
	<Point X="105" Y="314" T="undefined" />
	<Point X="105" Y="315" T="undefined" />
	<Point X="106" Y="315" T="undefined" />
	<Point X="107" Y="315" T="undefined" />
	<Point X="108" Y="315" T="undefined" />
	<Point X="108" Y="315" T="undefined" />
	<Point X="111" Y="315" T="undefined" />
	<Point X="112" Y="315" T="undefined" />
	<Point X="115" Y="315" T="undefined" />
	<Point X="118" Y="315" T="undefined" />
	<Point X="120" Y="315" T="undefined" />
	<Point X="122" Y="315" T="undefined" />
	<Point X="124" Y="315" T="undefined" />
	<Point X="127" Y="315" T="undefined" />
	<Point X="128" Y="316" T="undefined" />
	<Point X="128" Y="316" T="undefined" />
	<Point X="130" Y="317" T="undefined" />
	<Point X="131" Y="317" T="undefined" />
	<Point X="134" Y="319" T="undefined" />
	<Point X="135" Y="319" T="undefined" />
	<Point X="136" Y="320" T="undefined" />
	<Point X="137" Y="320" T="undefined" />
	<Point X="138" Y="321" T="undefined" />
	<Point X="140" Y="321" T="undefined" />
	<Point X="141" Y="321" T="undefined" />
	<Point X="143" Y="321" T="undefined" />
	<Point X="145" Y="321" T="undefined" />
	<Point X="146" Y="321" T="undefined" />
	<Point X="149" Y="321" T="undefined" />
	<Point X="151" Y="321" T="undefined" />
	<Point X="154" Y="321" T="undefined" />
	<Point X="156" Y="321" T="undefined" />
	<Point X="160" Y="321" T="undefined" />
	<Point X="163" Y="323" T="undefined" />
	<Point X="165" Y="323" T="undefined" />
	<Point X="167" Y="324" T="undefined" />
	<Point X="170" Y="325" T="undefined" />
	<Point X="171" Y="325" T="undefined" />
	<Point X="174" Y="325" T="undefined" />
	<Point X="176" Y="326" T="undefined" />
	<Point X="178" Y="326" T="undefined" />
	<Point X="180" Y="326" T="undefined" />
	<Point X="182" Y="328" T="undefined" />
	<Point X="184" Y="328" T="undefined" />
	<Point X="187" Y="328" T="undefined" />
	<Point X="189" Y="329" T="undefined" />
	<Point X="191" Y="329" T="undefined" />
	<Point X="195" Y="329" T="undefined" />
	<Point X="198" Y="329" T="undefined" />
	<Point X="200" Y="329" T="undefined" />
	<Point X="204" Y="329" T="undefined" />
	<Point X="209" Y="329" T="undefined" />
	<Point X="212" Y="329" T="undefined" />
	<Point X="216" Y="328" T="undefined" />
	<Point X="220" Y="328" T="undefined" />
	<Point X="222" Y="328" T="undefined" />
	<Point X="226" Y="328" T="undefined" />
	<Point X="229" Y="328" T="undefined" />
	<Point X="231" Y="328" T="undefined" />
	<Point X="234" Y="328" T="undefined" />
	<Point X="235" Y="328" T="undefined" />
	<Point X="238" Y="328" T="undefined" />
	<Point X="239" Y="328" T="undefined" />
	<Point X="241" Y="328" T="undefined" />
	<Point X="243" Y="328" T="undefined" />
	<Point X="244" Y="328" T="undefined" />
	<Point X="247" Y="328" T="undefined" />
	<Point X="250" Y="328" T="undefined" />
	<Point X="253" Y="328" T="undefined" />
	<Point X="255" Y="327" T="undefined" />
	<Point X="259" Y="327" T="undefined" />
	<Point X="261" Y="327" T="undefined" />
	<Point X="264" Y="326" T="undefined" />
	<Point X="269" Y="325" T="undefined" />
	<Point X="272" Y="324" T="undefined" />
	<Point X="275" Y="324" T="undefined" />
	<Point X="279" Y="324" T="undefined" />
	<Point X="282" Y="324" T="undefined" />
	<Point X="283" Y="324" T="undefined" />
	<Point X="286" Y="324" T="undefined" />
	<Point X="288" Y="324" T="undefined" />
	<Point X="290" Y="324" T="undefined" />
	<Point X="291" Y="324" T="undefined" />
	<Point X="292" Y="324" T="undefined" />
	<Point X="292" Y="324" T="undefined" />
	<Point X="294" Y="324" T="undefined" />
	<Point X="295" Y="323" T="undefined" />
	<Point X="298" Y="323" T="undefined" />
	<Point X="300" Y="322" T="undefined" />
	<Point X="303" Y="322" T="undefined" />
	<Point X="305" Y="321" T="undefined" />
	<Point X="308" Y="320" T="undefined" />
	<Point X="313" Y="320" T="undefined" />
	<Point X="317" Y="320" T="undefined" />
	<Point X="322" Y="320" T="undefined" />
	<Point X="323" Y="320" T="undefined" />
	<Point X="325" Y="320" T="undefined" />
	<Point X="327" Y="320" T="undefined" />
	<Point X="328" Y="320" T="undefined" />
	<Point X="329" Y="320" T="undefined" />
	<Point X="330" Y="320" T="undefined" />
	<Point X="330" Y="320" T="undefined" />
	<Point X="331" Y="320" T="undefined" />
	<Point X="331" Y="320" T="undefined" />
	<Point X="331" Y="319" T="undefined" />
	<Point X="331" Y="316" T="undefined" />
	<Point X="331" Y="314" T="undefined" />
	<Point X="330" Y="307" T="undefined" />
	<Point X="330" Y="299" T="undefined" />
	<Point X="330" Y="293" T="undefined" />
	<Point X="330" Y="280" T="undefined" />
	<Point X="330" Y="263" T="undefined" />
	<Point X="331" Y="259" T="undefined" />
	<Point X="331" Y="253" T="undefined" />
	<Point X="331" Y="252" T="undefined" />
	<Point X="331" Y="250" T="undefined" />
	<Point X="331" Y="247" T="undefined" />
	<Point X="331" Y="243" T="undefined" />
	<Point X="332" Y="235" T="undefined" />
	<Point X="332" Y="232" T="undefined" />
	<Point X="332" Y="228" T="undefined" />
	<Point X="332" Y="227" T="undefined" />
	<Point X="332" Y="225" T="undefined" />
	<Point X="332" Y="224" T="undefined" />
	<Point X="332" Y="222" T="undefined" />
	<Point X="332" Y="220" T="undefined" />
	<Point X="332" Y="218" T="undefined" />
	<Point X="332" Y="216" T="undefined" />
	<Point X="332" Y="214" T="undefined" />
	<Point X="332" Y="213" T="undefined" />
	<Point X="332" Y="212" T="undefined" />
	<Point X="332" Y="210" T="undefined" />
	<Point X="332" Y="209" T="undefined" />
	<Point X="332" Y="206" T="undefined" />
	<Point X="332" Y="204" T="undefined" />
	<Point X="332" Y="200" T="undefined" />
	<Point X="332" Y="200" T="undefined" />
	<Point X="332" Y="199" T="undefined" />
	<Point X="332" Y="198" T="undefined" />
	<Point X="332" Y="197" T="undefined" />
	<Point X="332" Y="196" T="undefined" />
	<Point X="332" Y="194" T="undefined" />
	<Point X="332" Y="192" T="undefined" />
	<Point X="332" Y="190" T="undefined" />
	<Point X="332" Y="188" T="undefined" />
	<Point X="332" Y="188" T="undefined" />
	<Point X="332" Y="187" T="undefined" />
	<Point X="332" Y="187" T="undefined" />
	<Point X="332" Y="186" T="undefined" />
	<Point X="332" Y="184" T="undefined" />
	<Point X="332" Y="183" T="undefined" />
	<Point X="332" Y="180" T="undefined" />
	<Point X="332" Y="178" T="undefined" />
	<Point X="330" Y="176" T="undefined" />
	<Point X="330" Y="175" T="undefined" />
	<Point X="330" Y="174" T="undefined" />
	<Point X="330" Y="173" T="undefined" />
	<Point X="330" Y="173" T="undefined" />
	<Point X="329" Y="173" T="undefined" />
	<Point X="329" Y="173" T="undefined" />
	<Point X="328" Y="173" T="undefined" />
	<Point X="328" Y="173" T="undefined" />
	<Point X="327" Y="173" T="undefined" />
	<Point X="326" Y="173" T="undefined" />
	<Point X="326" Y="173" T="undefined" />
	<Point X="325" Y="172" T="undefined" />
	<Point X="322" Y="171" T="undefined" />
	<Point X="317" Y="170" T="undefined" />
	<Point X="313" Y="170" T="undefined" />
	<Point X="304" Y="170" T="undefined" />
	<Point X="298" Y="170" T="undefined" />
	<Point X="290" Y="171" T="undefined" />
	<Point X="284" Y="171" T="undefined" />
	<Point X="279" Y="171" T="undefined" />
	<Point X="274" Y="171" T="undefined" />
	<Point X="267" Y="168" T="undefined" />
	<Point X="262" Y="167" T="undefined" />
	<Point X="257" Y="166" T="undefined" />
	<Point X="254" Y="166" T="undefined" />
	<Point X="248" Y="165" T="undefined" />
	<Point X="243" Y="164" T="undefined" />
	<Point X="241" Y="164" T="undefined" />
	<Point X="237" Y="164" T="undefined" />
	<Point X="232" Y="166" T="undefined" />
	<Point X="227" Y="166" T="undefined" />
	<Point X="222" Y="166" T="undefined" />
	<Point X="217" Y="166" T="undefined" />
	<Point X="212" Y="165" T="undefined" />
	<Point X="207" Y="165" T="undefined" />
	<Point X="203" Y="165" T="undefined" />
	<Point X="199" Y="165" T="undefined" />
	<Point X="195" Y="165" T="undefined" />
	<Point X="193" Y="165" T="undefined" />
	<Point X="191" Y="165" T="undefined" />
	<Point X="189" Y="165" T="undefined" />
	<Point X="187" Y="165" T="undefined" />
	<Point X="185" Y="167" T="undefined" />
	<Point X="183" Y="167" T="undefined" />
	<Point X="180" Y="169" T="undefined" />
	<Point X="176" Y="170" T="undefined" />
	<Point X="173" Y="171" T="undefined" />
	<Point X="169" Y="172" T="undefined" />
	<Point X="164" Y="173" T="undefined" />
	<Point X="161" Y="173" T="undefined" />
	<Point X="158" Y="175" T="undefined" />
	<Point X="156" Y="175" T="undefined" />
	<Point X="155" Y="176" T="undefined" />
	<Point X="153" Y="176" T="undefined" />
	<Point X="152" Y="177" T="undefined" />
	<Point X="149" Y="178" T="undefined" />
	<Point X="147" Y="178" T="undefined" />
	<Point X="144" Y="178" T="undefined" />
	<Point X="142" Y="179" T="undefined" />
	<Point X="139" Y="179" T="undefined" />
	<Point X="137" Y="179" T="undefined" />
	<Point X="135" Y="179" T="undefined" />
	<Point X="133" Y="179" T="undefined" />
	<Point X="132" Y="179" T="undefined" />
	<Point X="130" Y="179" T="undefined" />
	<Point X="128" Y="179" T="undefined" />
	<Point X="126" Y="179" T="undefined" />
	<Point X="124" Y="179" T="undefined" />
	<Point X="123" Y="179" T="undefined" />
	<Point X="122" Y="179" T="undefined" />
	<Point X="120" Y="179" T="undefined" />
	<Point X="120" Y="179" T="undefined" />
	<Point X="119" Y="179" T="undefined" />
	<Point X="117" Y="179" T="undefined" />
	<Point X="116" Y="179" T="undefined" />
	<Point X="116" Y="179" T="undefined" />
	<Point X="115" Y="179" T="undefined" />
</Gesture>