<?xml version="1.0" encoding="utf-8" standalone="yes"?>
<Gesture Name="Rectangle5" NumPts="159">
	<Point X="67" Y="176" T="undefined" />
	<Point X="66" Y="181" T="undefined" />
	<Point X="65" Y="189" T="undefined" />
	<Point X="64" Y="197" T="undefined" />
	<Point X="62" Y="209" T="undefined" />
	<Point X="60" Y="224" T="undefined" />
	<Point X="58" Y="230" T="undefined" />
	<Point X="56" Y="242" T="undefined" />
	<Point X="54" Y="248" T="undefined" />
	<Point X="53" Y="254" T="undefined" />
	<Point X="52" Y="260" T="undefined" />
	<Point X="51" Y="264" T="undefined" />
	<Point X="50" Y="269" T="undefined" />
	<Point X="49" Y="273" T="undefined" />
	<Point X="49" Y="279" T="undefined" />
	<Point X="47" Y="285" T="undefined" />
	<Point X="46" Y="291" T="undefined" />
	<Point X="46" Y="295" T="undefined" />
	<Point X="45" Y="297" T="undefined" />
	<Point X="45" Y="299" T="undefined" />
	<Point X="45" Y="301" T="undefined" />
	<Point X="43" Y="303" T="undefined" />
	<Point X="43" Y="304" T="undefined" />
	<Point X="43" Y="306" T="undefined" />
	<Point X="43" Y="307" T="undefined" />
	<Point X="43" Y="308" T="undefined" />
	<Point X="43" Y="309" T="undefined" />
	<Point X="43" Y="309" T="undefined" />
	<Point X="43" Y="310" T="undefined" />
	<Point X="43" Y="310" T="undefined" />
	<Point X="43" Y="311" T="undefined" />
	<Point X="45" Y="312" T="undefined" />
	<Point X="48" Y="313" T="undefined" />
	<Point X="50" Y="313" T="undefined" />
	<Point X="54" Y="313" T="undefined" />
	<Point X="62" Y="312" T="undefined" />
	<Point X="69" Y="310" T="undefined" />
	<Point X="78" Y="308" T="undefined" />
	<Point X="94" Y="306" T="undefined" />
	<Point X="100" Y="305" T="undefined" />
	<Point X="110" Y="305" T="undefined" />
	<Point X="118" Y="305" T="undefined" />
	<Point X="133" Y="303" T="undefined" />
	<Point X="140" Y="302" T="undefined" />
	<Point X="148" Y="301" T="undefined" />
	<Point X="156" Y="301" T="undefined" />
	<Point X="161" Y="301" T="undefined" />
	<Point X="169" Y="299" T="undefined" />
	<Point X="174" Y="299" T="undefined" />
	<Point X="183" Y="298" T="undefined" />
	<Point X="188" Y="298" T="undefined" />
	<Point X="193" Y="298" T="undefined" />
	<Point X="202" Y="299" T="undefined" />
	<Point X="207" Y="299" T="undefined" />
	<Point X="220" Y="301" T="undefined" />
	<Point X="231" Y="301" T="undefined" />
	<Point X="238" Y="301" T="undefined" />
	<Point X="246" Y="301" T="undefined" />
	<Point X="252" Y="300" T="undefined" />
	<Point X="267" Y="300" T="undefined" />
	<Point X="275" Y="301" T="undefined" />
	<Point X="282" Y="303" T="undefined" />
	<Point X="285" Y="303" T="undefined" />
	<Point X="288" Y="303" T="undefined" />
	<Point X="294" Y="303" T="undefined" />
	<Point X="298" Y="303" T="undefined" />
	<Point X="305" Y="302" T="undefined" />
	<Point X="309" Y="302" T="undefined" />
	<Point X="314" Y="302" T="undefined" />
	<Point X="318" Y="302" T="undefined" />
	<Point X="321" Y="302" T="undefined" />
	<Point X="325" Y="302" T="undefined" />
	<Point X="327" Y="302" T="undefined" />
	<Point X="327" Y="302" T="undefined" />
	<Point X="328" Y="302" T="undefined" />
	<Point X="329" Y="301" T="undefined" />
	<Point X="330" Y="297" T="undefined" />
	<Point X="332" Y="289" T="undefined" />
	<Point X="334" Y="271" T="undefined" />
	<Point X="334" Y="262" T="undefined" />
	<Point X="334" Y="253" T="undefined" />
	<Point X="334" Y="247" T="undefined" />
	<Point X="334" Y="241" T="undefined" />
	<Point X="334" Y="233" T="undefined" />
	<Point X="335" Y="228" T="undefined" />
	<Point X="335" Y="223" T="undefined" />
	<Point X="336" Y="219" T="undefined" />
	<Point X="337" Y="212" T="undefined" />
	<Point X="337" Y="207" T="undefined" />
	<Point X="337" Y="202" T="undefined" />
	<Point X="337" Y="199" T="undefined" />
	<Point X="337" Y="196" T="undefined" />
	<Point X="337" Y="193" T="undefined" />
	<Point X="337" Y="192" T="undefined" />
	<Point X="337" Y="190" T="undefined" />
	<Point X="336" Y="189" T="undefined" />
	<Point X="336" Y="189" T="undefined" />
	<Point X="335" Y="186" T="undefined" />
	<Point X="335" Y="185" T="undefined" />
	<Point X="335" Y="184" T="undefined" />
	<Point X="335" Y="184" T="undefined" />
	<Point X="335" Y="184" T="undefined" />
	<Point X="335" Y="183" T="undefined" />
	<Point X="334" Y="182" T="undefined" />
	<Point X="332" Y="181" T="undefined" />
	<Point X="330" Y="179" T="undefined" />
	<Point X="326" Y="176" T="undefined" />
	<Point X="324" Y="175" T="undefined" />
	<Point X="320" Y="172" T="undefined" />
	<Point X="316" Y="172" T="undefined" />
	<Point X="311" Y="171" T="undefined" />
	<Point X="305" Y="171" T="undefined" />
	<Point X="298" Y="171" T="undefined" />
	<Point X="292" Y="171" T="undefined" />
	<Point X="289" Y="171" T="undefined" />
	<Point X="282" Y="171" T="undefined" />
	<Point X="277" Y="170" T="undefined" />
	<Point X="271" Y="170" T="undefined" />
	<Point X="265" Y="170" T="undefined" />
	<Point X="261" Y="170" T="undefined" />
	<Point X="256" Y="169" T="undefined" />
	<Point X="253" Y="168" T="undefined" />
	<Point X="247" Y="167" T="undefined" />
	<Point X="242" Y="167" T="undefined" />
	<Point X="237" Y="165" T="undefined" />
	<Point X="229" Y="164" T="undefined" />
	<Point X="225" Y="164" T="undefined" />
	<Point X="218" Y="164" T="undefined" />
	<Point X="212" Y="164" T="undefined" />
	<Point X="205" Y="164" T="undefined" />
	<Point X="196" Y="164" T="undefined" />
	<Point X="189" Y="166" T="undefined" />
	<Point X="180" Y="168" T="undefined" />
	<Point X="176" Y="169" T="undefined" />
	<Point X="170" Y="170" T="undefined" />
	<Point X="166" Y="170" T="undefined" />
	<Point X="161" Y="170" T="undefined" />
	<Point X="157" Y="170" T="undefined" />
	<Point X="152" Y="170" T="undefined" />
	<Point X="144" Y="170" T="undefined" />
	<Point X="138" Y="170" T="undefined" />
	<Point X="134" Y="170" T="undefined" />
	<Point X="131" Y="170" T="undefined" />
	<Point X="126" Y="170" T="undefined" />
	<Point X="117" Y="172" T="undefined" />
	<Point X="112" Y="173" T="undefined" />
	<Point X="106" Y="174" T="undefined" />
	<Point X="103" Y="174" T="undefined" />
	<Point X="100" Y="174" T="undefined" />
	<Point X="98" Y="174" T="undefined" />
	<Point X="96" Y="174" T="undefined" />
	<Point X="93" Y="174" T="undefined" />
	<Point X="91" Y="174" T="undefined" />
	<Point X="89" Y="174" T="undefined" />
	<Point X="89" Y="174" T="undefined" />
	<Point X="88" Y="174" T="undefined" />
	<Point X="87" Y="174" T="undefined" />
	<Point X="87" Y="174" T="undefined" />
	<Point X="86" Y="174" T="undefined" />
</Gesture>