<?xml version="1.0" encoding="utf-8" standalone="yes"?>
<Gesture Name="Rectangle7" NumPts="166">
	<Point X="91" Y="186" T="undefined" />
	<Point X="91" Y="188" T="undefined" />
	<Point X="90" Y="192" T="undefined" />
	<Point X="90" Y="195" T="undefined" />
	<Point X="89" Y="199" T="undefined" />
	<Point X="88" Y="205" T="undefined" />
	<Point X="87" Y="212" T="undefined" />
	<Point X="87" Y="216" T="undefined" />
	<Point X="87" Y="221" T="undefined" />
	<Point X="87" Y="228" T="undefined" />
	<Point X="87" Y="232" T="undefined" />
	<Point X="87" Y="240" T="undefined" />
	<Point X="88" Y="245" T="undefined" />
	<Point X="88" Y="254" T="undefined" />
	<Point X="88" Y="260" T="undefined" />
	<Point X="88" Y="267" T="undefined" />
	<Point X="88" Y="277" T="undefined" />
	<Point X="88" Y="282" T="undefined" />
	<Point X="88" Y="290" T="undefined" />
	<Point X="88" Y="295" T="undefined" />
	<Point X="88" Y="297" T="undefined" />
	<Point X="88" Y="300" T="undefined" />
	<Point X="88" Y="303" T="undefined" />
	<Point X="88" Y="309" T="undefined" />
	<Point X="88" Y="311" T="undefined" />
	<Point X="88" Y="317" T="undefined" />
	<Point X="88" Y="319" T="undefined" />
	<Point X="88" Y="325" T="undefined" />
	<Point X="88" Y="329" T="undefined" />
	<Point X="88" Y="333" T="undefined" />
	<Point X="88" Y="337" T="undefined" />
	<Point X="88" Y="340" T="undefined" />
	<Point X="88" Y="341" T="undefined" />
	<Point X="88" Y="342" T="undefined" />
	<Point X="88" Y="342" T="undefined" />
	<Point X="88" Y="342" T="undefined" />
	<Point X="89" Y="342" T="undefined" />
	<Point X="91" Y="341" T="undefined" />
	<Point X="95" Y="340" T="undefined" />
	<Point X="102" Y="337" T="undefined" />
	<Point X="106" Y="336" T="undefined" />
	<Point X="112" Y="332" T="undefined" />
	<Point X="120" Y="330" T="undefined" />
	<Point X="129" Y="329" T="undefined" />
	<Point X="139" Y="327" T="undefined" />
	<Point X="159" Y="321" T="undefined" />
	<Point X="169" Y="318" T="undefined" />
	<Point X="176" Y="317" T="undefined" />
	<Point X="182" Y="317" T="undefined" />
	<Point X="184" Y="317" T="undefined" />
	<Point X="186" Y="317" T="undefined" />
	<Point X="188" Y="318" T="undefined" />
	<Point X="190" Y="318" T="undefined" />
	<Point X="201" Y="317" T="undefined" />
	<Point X="211" Y="315" T="undefined" />
	<Point X="223" Y="312" T="undefined" />
	<Point X="234" Y="310" T="undefined" />
	<Point X="251" Y="309" T="undefined" />
	<Point X="257" Y="309" T="undefined" />
	<Point X="264" Y="308" T="undefined" />
	<Point X="272" Y="307" T="undefined" />
	<Point X="278" Y="307" T="undefined" />
	<Point X="290" Y="306" T="undefined" />
	<Point X="295" Y="306" T="undefined" />
	<Point X="300" Y="306" T="undefined" />
	<Point X="313" Y="306" T="undefined" />
	<Point X="322" Y="306" T="undefined" />
	<Point X="334" Y="306" T="undefined" />
	<Point X="341" Y="307" T="undefined" />
	<Point X="355" Y="308" T="undefined" />
	<Point X="361" Y="308" T="undefined" />
	<Point X="365" Y="308" T="undefined" />
	<Point X="370" Y="308" T="undefined" />
	<Point X="372" Y="308" T="undefined" />
	<Point X="376" Y="308" T="undefined" />
	<Point X="379" Y="308" T="undefined" />
	<Point X="381" Y="308" T="undefined" />
	<Point X="383" Y="308" T="undefined" />
	<Point X="384" Y="308" T="undefined" />
	<Point X="384" Y="308" T="undefined" />
	<Point X="385" Y="308" T="undefined" />
	<Point X="386" Y="308" T="undefined" />
	<Point X="388" Y="306" T="undefined" />
	<Point X="389" Y="301" T="undefined" />
	<Point X="391" Y="294" T="undefined" />
	<Point X="393" Y="284" T="undefined" />
	<Point X="393" Y="280" T="undefined" />
	<Point X="393" Y="276" T="undefined" />
	<Point X="393" Y="269" T="undefined" />
	<Point X="393" Y="261" T="undefined" />
	<Point X="392" Y="250" T="undefined" />
	<Point X="392" Y="244" T="undefined" />
	<Point X="392" Y="238" T="undefined" />
	<Point X="392" Y="236" T="undefined" />
	<Point X="392" Y="233" T="undefined" />
	<Point X="392" Y="229" T="undefined" />
	<Point X="392" Y="226" T="undefined" />
	<Point X="391" Y="219" T="undefined" />
	<Point X="390" Y="215" T="undefined" />
	<Point X="390" Y="211" T="undefined" />
	<Point X="390" Y="210" T="undefined" />
	<Point X="390" Y="209" T="undefined" />
	<Point X="390" Y="209" T="undefined" />
	<Point X="390" Y="208" T="undefined" />
	<Point X="389" Y="205" T="undefined" />
	<Point X="388" Y="197" T="undefined" />
	<Point X="388" Y="184" T="undefined" />
	<Point X="388" Y="178" T="undefined" />
	<Point X="388" Y="177" T="undefined" />
	<Point X="388" Y="176" T="undefined" />
	<Point X="387" Y="176" T="undefined" />
	<Point X="387" Y="175" T="undefined" />
	<Point X="387" Y="175" T="undefined" />
	<Point X="387" Y="175" T="undefined" />
	<Point X="386" Y="175" T="undefined" />
	<Point X="385" Y="175" T="undefined" />
	<Point X="383" Y="175" T="undefined" />
	<Point X="380" Y="173" T="undefined" />
	<Point X="378" Y="172" T="undefined" />
	<Point X="373" Y="170" T="undefined" />
	<Point X="361" Y="165" T="undefined" />
	<Point X="349" Y="161" T="undefined" />
	<Point X="335" Y="156" T="undefined" />
	<Point X="323" Y="152" T="undefined" />
	<Point X="301" Y="146" T="undefined" />
	<Point X="291" Y="143" T="undefined" />
	<Point X="286" Y="142" T="undefined" />
	<Point X="276" Y="140" T="undefined" />
	<Point X="270" Y="141" T="undefined" />
	<Point X="261" Y="144" T="undefined" />
	<Point X="255" Y="145" T="undefined" />
	<Point X="246" Y="146" T="undefined" />
	<Point X="240" Y="148" T="undefined" />
	<Point X="234" Y="148" T="undefined" />
	<Point X="225" Y="149" T="undefined" />
	<Point X="218" Y="151" T="undefined" />
	<Point X="214" Y="151" T="undefined" />
	<Point X="209" Y="152" T="undefined" />
	<Point X="202" Y="154" T="undefined" />
	<Point X="197" Y="155" T="undefined" />
	<Point X="192" Y="156" T="undefined" />
	<Point X="186" Y="159" T="undefined" />
	<Point X="182" Y="161" T="undefined" />
	<Point X="173" Y="163" T="undefined" />
	<Point X="169" Y="164" T="undefined" />
	<Point X="164" Y="165" T="undefined" />
	<Point X="160" Y="165" T="undefined" />
	<Point X="155" Y="166" T="undefined" />
	<Point X="150" Y="166" T="undefined" />
	<Point X="143" Y="168" T="undefined" />
	<Point X="139" Y="168" T="undefined" />
	<Point X="136" Y="169" T="undefined" />
	<Point X="134" Y="169" T="undefined" />
	<Point X="132" Y="169" T="undefined" />
	<Point X="132" Y="169" T="undefined" />
	<Point X="129" Y="169" T="undefined" />
	<Point X="128" Y="170" T="undefined" />
	<Point X="125" Y="170" T="undefined" />
	<Point X="123" Y="171" T="undefined" />
	<Point X="120" Y="172" T="undefined" />
	<Point X="118" Y="173" T="undefined" />
	<Point X="115" Y="174" T="undefined" />
	<Point X="111" Y="175" T="undefined" />
	<Point X="108" Y="176" T="undefined" />
	<Point X="107" Y="177" T="undefined" />
	<Point X="106" Y="177" T="undefined" />
</Gesture>