<?xml version="1.0" encoding="utf-8" standalone="yes"?>
<Gesture Name="Rectangle8" NumPts="150">
	<Point X="67" Y="188" T="undefined" />
	<Point X="67" Y="191" T="undefined" />
	<Point X="67" Y="195" T="undefined" />
	<Point X="67" Y="214" T="undefined" />
	<Point X="66" Y="229" T="undefined" />
	<Point X="63" Y="242" T="undefined" />
	<Point X="60" Y="262" T="undefined" />
	<Point X="58" Y="273" T="undefined" />
	<Point X="56" Y="284" T="undefined" />
	<Point X="55" Y="291" T="undefined" />
	<Point X="51" Y="304" T="undefined" />
	<Point X="51" Y="312" T="undefined" />
	<Point X="50" Y="318" T="undefined" />
	<Point X="50" Y="324" T="undefined" />
	<Point X="50" Y="328" T="undefined" />
	<Point X="50" Y="330" T="undefined" />
	<Point X="50" Y="331" T="undefined" />
	<Point X="50" Y="332" T="undefined" />
	<Point X="50" Y="333" T="undefined" />
	<Point X="50" Y="333" T="undefined" />
	<Point X="50" Y="335" T="undefined" />
	<Point X="50" Y="337" T="undefined" />
	<Point X="50" Y="338" T="undefined" />
	<Point X="50" Y="339" T="undefined" />
	<Point X="50" Y="340" T="undefined" />
	<Point X="50" Y="340" T="undefined" />
	<Point X="50" Y="341" T="undefined" />
	<Point X="52" Y="341" T="undefined" />
	<Point X="55" Y="341" T="undefined" />
	<Point X="59" Y="341" T="undefined" />
	<Point X="67" Y="339" T="undefined" />
	<Point X="75" Y="336" T="undefined" />
	<Point X="85" Y="334" T="undefined" />
	<Point X="96" Y="332" T="undefined" />
	<Point X="108" Y="332" T="undefined" />
	<Point X="115" Y="332" T="undefined" />
	<Point X="121" Y="333" T="undefined" />
	<Point X="130" Y="334" T="undefined" />
	<Point X="136" Y="337" T="undefined" />
	<Point X="142" Y="338" T="undefined" />
	<Point X="149" Y="340" T="undefined" />
	<Point X="154" Y="340" T="undefined" />
	<Point X="161" Y="341" T="undefined" />
	<Point X="165" Y="341" T="undefined" />
	<Point X="170" Y="341" T="undefined" />
	<Point X="180" Y="342" T="undefined" />
	<Point X="190" Y="342" T="undefined" />
	<Point X="194" Y="342" T="undefined" />
	<Point X="201" Y="342" T="undefined" />
	<Point X="211" Y="342" T="undefined" />
	<Point X="227" Y="342" T="undefined" />
	<Point X="235" Y="342" T="undefined" />
	<Point X="246" Y="341" T="undefined" />
	<Point X="255" Y="339" T="undefined" />
	<Point X="272" Y="336" T="undefined" />
	<Point X="279" Y="336" T="undefined" />
	<Point X="297" Y="337" T="undefined" />
	<Point X="308" Y="338" T="undefined" />
	<Point X="318" Y="339" T="undefined" />
	<Point X="325" Y="339" T="undefined" />
	<Point X="332" Y="339" T="undefined" />
	<Point X="343" Y="340" T="undefined" />
	<Point X="349" Y="341" T="undefined" />
	<Point X="355" Y="343" T="undefined" />
	<Point X="359" Y="343" T="undefined" />
	<Point X="362" Y="343" T="undefined" />
	<Point X="365" Y="343" T="undefined" />
	<Point X="368" Y="343" T="undefined" />
	<Point X="370" Y="343" T="undefined" />
	<Point X="371" Y="343" T="undefined" />
	<Point X="372" Y="343" T="undefined" />
	<Point X="372" Y="341" T="undefined" />
	<Point X="373" Y="339" T="undefined" />
	<Point X="374" Y="335" T="undefined" />
	<Point X="374" Y="327" T="undefined" />
	<Point X="373" Y="319" T="undefined" />
	<Point X="371" Y="307" T="undefined" />
	<Point X="367" Y="283" T="undefined" />
	<Point X="366" Y="274" T="undefined" />
	<Point X="364" Y="258" T="undefined" />
	<Point X="364" Y="253" T="undefined" />
	<Point X="364" Y="249" T="undefined" />
	<Point X="364" Y="243" T="undefined" />
	<Point X="365" Y="240" T="undefined" />
	<Point X="367" Y="234" T="undefined" />
	<Point X="369" Y="229" T="undefined" />
	<Point X="371" Y="221" T="undefined" />
	<Point X="371" Y="214" T="undefined" />
	<Point X="371" Y="210" T="undefined" />
	<Point X="371" Y="209" T="undefined" />
	<Point X="371" Y="209" T="undefined" />
	<Point X="370" Y="208" T="undefined" />
	<Point X="370" Y="206" T="undefined" />
	<Point X="370" Y="202" T="undefined" />
	<Point X="370" Y="198" T="undefined" />
	<Point X="370" Y="196" T="undefined" />
	<Point X="369" Y="195" T="undefined" />
	<Point X="369" Y="195" T="undefined" />
	<Point X="368" Y="195" T="undefined" />
	<Point X="368" Y="195" T="undefined" />
	<Point X="367" Y="195" T="undefined" />
	<Point X="365" Y="195" T="undefined" />
	<Point X="362" Y="195" T="undefined" />
	<Point X="358" Y="195" T="undefined" />
	<Point X="354" Y="195" T="undefined" />
	<Point X="343" Y="195" T="undefined" />
	<Point X="330" Y="193" T="undefined" />
	<Point X="314" Y="187" T="undefined" />
	<Point X="301" Y="183" T="undefined" />
	<Point X="290" Y="178" T="undefined" />
	<Point X="278" Y="174" T="undefined" />
	<Point X="269" Y="170" T="undefined" />
	<Point X="255" Y="168" T="undefined" />
	<Point X="246" Y="168" T="undefined" />
	<Point X="238" Y="168" T="undefined" />
	<Point X="231" Y="168" T="undefined" />
	<Point X="225" Y="168" T="undefined" />
	<Point X="219" Y="168" T="undefined" />
	<Point X="215" Y="168" T="undefined" />
	<Point X="211" Y="167" T="undefined" />
	<Point X="202" Y="167" T="undefined" />
	<Point X="190" Y="167" T="undefined" />
	<Point X="184" Y="167" T="undefined" />
	<Point X="179" Y="167" T="undefined" />
	<Point X="173" Y="167" T="undefined" />
	<Point X="169" Y="168" T="undefined" />
	<Point X="163" Y="169" T="undefined" />
	<Point X="155" Y="171" T="undefined" />
	<Point X="151" Y="172" T="undefined" />
	<Point X="144" Y="174" T="undefined" />
	<Point X="141" Y="175" T="undefined" />
	<Point X="133" Y="177" T="undefined" />
	<Point X="129" Y="177" T="undefined" />
	<Point X="124" Y="178" T="undefined" />
	<Point X="117" Y="180" T="undefined" />
	<Point X="114" Y="180" T="undefined" />
	<Point X="109" Y="182" T="undefined" />
	<Point X="105" Y="183" T="undefined" />
	<Point X="101" Y="185" T="undefined" />
	<Point X="99" Y="185" T="undefined" />
	<Point X="96" Y="185" T="undefined" />
	<Point X="95" Y="185" T="undefined" />
	<Point X="94" Y="185" T="undefined" />
	<Point X="93" Y="185" T="undefined" />
	<Point X="92" Y="185" T="undefined" />
	<Point X="90" Y="185" T="undefined" />
	<Point X="89" Y="185" T="undefined" />
	<Point X="88" Y="185" T="undefined" />
	<Point X="87" Y="185" T="undefined" />
	<Point X="86" Y="185" T="undefined" />
</Gesture>