<?xml version="1.0" encoding="utf-8" standalone="yes"?>
<Gesture Name="Rectangle4" NumPts="192">
	<Point X="75" Y="185" T="undefined" />
	<Point X="75" Y="189" T="undefined" />
	<Point X="74" Y="192" T="undefined" />
	<Point X="74" Y="198" T="undefined" />
	<Point X="72" Y="205" T="undefined" />
	<Point X="70" Y="215" T="undefined" />
	<Point X="69" Y="222" T="undefined" />
	<Point X="66" Y="231" T="undefined" />
	<Point X="65" Y="238" T="undefined" />
	<Point X="64" Y="242" T="undefined" />
	<Point X="63" Y="245" T="undefined" />
	<Point X="62" Y="249" T="undefined" />
	<Point X="61" Y="252" T="undefined" />
	<Point X="58" Y="259" T="undefined" />
	<Point X="56" Y="268" T="undefined" />
	<Point X="55" Y="274" T="undefined" />
	<Point X="54" Y="278" T="undefined" />
	<Point X="53" Y="281" T="undefined" />
	<Point X="53" Y="286" T="undefined" />
	<Point X="52" Y="291" T="undefined" />
	<Point X="51" Y="294" T="undefined" />
	<Point X="51" Y="299" T="undefined" />
	<Point X="50" Y="304" T="undefined" />
	<Point X="50" Y="308" T="undefined" />
	<Point X="49" Y="311" T="undefined" />
	<Point X="48" Y="315" T="undefined" />
	<Point X="48" Y="319" T="undefined" />
	<Point X="47" Y="319" T="undefined" />
	<Point X="47" Y="320" T="undefined" />
	<Point X="46" Y="323" T="undefined" />
	<Point X="45" Y="327" T="undefined" />
	<Point X="44" Y="330" T="undefined" />
	<Point X="43" Y="337" T="undefined" />
	<Point X="42" Y="340" T="undefined" />
	<Point X="41" Y="342" T="undefined" />
	<Point X="41" Y="343" T="undefined" />
	<Point X="41" Y="344" T="undefined" />
	<Point X="41" Y="345" T="undefined" />
	<Point X="42" Y="345" T="undefined" />
	<Point X="42" Y="345" T="undefined" />
	<Point X="46" Y="345" T="undefined" />
	<Point X="48" Y="345" T="undefined" />
	<Point X="56" Y="344" T="undefined" />
	<Point X="62" Y="342" T="undefined" />
	<Point X="71" Y="339" T="undefined" />
	<Point X="80" Y="336" T="undefined" />
	<Point X="91" Y="333" T="undefined" />
	<Point X="99" Y="332" T="undefined" />
	<Point X="107" Y="331" T="undefined" />
	<Point X="114" Y="331" T="undefined" />
	<Point X="125" Y="331" T="undefined" />
	<Point X="131" Y="331" T="undefined" />
	<Point X="140" Y="331" T="undefined" />
	<Point X="145" Y="331" T="undefined" />
	<Point X="157" Y="331" T="undefined" />
	<Point X="163" Y="333" T="undefined" />
	<Point X="169" Y="333" T="undefined" />
	<Point X="177" Y="334" T="undefined" />
	<Point X="184" Y="334" T="undefined" />
	<Point X="194" Y="334" T="undefined" />
	<Point X="200" Y="334" T="undefined" />
	<Point X="208" Y="334" T="undefined" />
	<Point X="211" Y="334" T="undefined" />
	<Point X="218" Y="334" T="undefined" />
	<Point X="221" Y="335" T="undefined" />
	<Point X="227" Y="336" T="undefined" />
	<Point X="234" Y="337" T="undefined" />
	<Point X="237" Y="337" T="undefined" />
	<Point X="241" Y="337" T="undefined" />
	<Point X="244" Y="337" T="undefined" />
	<Point X="250" Y="338" T="undefined" />
	<Point X="255" Y="339" T="undefined" />
	<Point X="261" Y="339" T="undefined" />
	<Point X="265" Y="339" T="undefined" />
	<Point X="269" Y="339" T="undefined" />
	<Point X="275" Y="340" T="undefined" />
	<Point X="278" Y="340" T="undefined" />
	<Point X="283" Y="340" T="undefined" />
	<Point X="289" Y="342" T="undefined" />
	<Point X="294" Y="342" T="undefined" />
	<Point X="300" Y="343" T="undefined" />
	<Point X="304" Y="344" T="undefined" />
	<Point X="308" Y="345" T="undefined" />
	<Point X="313" Y="346" T="undefined" />
	<Point X="318" Y="347" T="undefined" />
	<Point X="320" Y="347" T="undefined" />
	<Point X="321" Y="347" T="undefined" />
	<Point X="321" Y="347" T="undefined" />
	<Point X="323" Y="345" T="undefined" />
	<Point X="323" Y="345" T="undefined" />
	<Point X="324" Y="341" T="undefined" />
	<Point X="325" Y="339" T="undefined" />
	<Point X="326" Y="332" T="undefined" />
	<Point X="327" Y="327" T="undefined" />
	<Point X="327" Y="320" T="undefined" />
	<Point X="328" Y="315" T="undefined" />
	<Point X="329" Y="309" T="undefined" />
	<Point X="330" Y="302" T="undefined" />
	<Point X="330" Y="298" T="undefined" />
	<Point X="330" Y="295" T="undefined" />
	<Point X="330" Y="293" T="undefined" />
	<Point X="330" Y="290" T="undefined" />
	<Point X="330" Y="288" T="undefined" />
	<Point X="331" Y="283" T="undefined" />
	<Point X="333" Y="278" T="undefined" />
	<Point X="333" Y="275" T="undefined" />
	<Point X="333" Y="270" T="undefined" />
	<Point X="333" Y="267" T="undefined" />
	<Point X="333" Y="264" T="undefined" />
	<Point X="333" Y="257" T="undefined" />
	<Point X="333" Y="253" T="undefined" />
	<Point X="333" Y="248" T="undefined" />
	<Point X="333" Y="241" T="undefined" />
	<Point X="333" Y="237" T="undefined" />
	<Point X="333" Y="234" T="undefined" />
	<Point X="333" Y="233" T="undefined" />
	<Point X="334" Y="230" T="undefined" />
	<Point X="335" Y="227" T="undefined" />
	<Point X="335" Y="222" T="undefined" />
	<Point X="336" Y="217" T="undefined" />
	<Point X="337" Y="214" T="undefined" />
	<Point X="337" Y="211" T="undefined" />
	<Point X="337" Y="210" T="undefined" />
	<Point X="337" Y="208" T="undefined" />
	<Point X="337" Y="206" T="undefined" />
	<Point X="337" Y="204" T="undefined" />
	<Point X="337" Y="199" T="undefined" />
	<Point X="338" Y="195" T="undefined" />
	<Point X="340" Y="190" T="undefined" />
	<Point X="340" Y="189" T="undefined" />
	<Point X="340" Y="189" T="undefined" />
	<Point X="339" Y="188" T="undefined" />
	<Point X="339" Y="188" T="undefined" />
	<Point X="338" Y="187" T="undefined" />
	<Point X="335" Y="184" T="undefined" />
	<Point X="331" Y="183" T="undefined" />
	<Point X="328" Y="182" T="undefined" />
	<Point X="326" Y="182" T="undefined" />
	<Point X="321" Y="181" T="undefined" />
	<Point X="314" Y="180" T="undefined" />
	<Point X="311" Y="180" T="undefined" />
	<Point X="303" Y="181" T="undefined" />
	<Point X="298" Y="182" T="undefined" />
	<Point X="292" Y="183" T="undefined" />
	<Point X="288" Y="183" T="undefined" />
	<Point X="284" Y="183" T="undefined" />
	<Point X="275" Y="183" T="undefined" />
	<Point X="269" Y="183" T="undefined" />
	<Point X="261" Y="184" T="undefined" />
	<Point X="257" Y="184" T="undefined" />
	<Point X="250" Y="186" T="undefined" />
	<Point X="246" Y="186" T="undefined" />
	<Point X="242" Y="186" T="undefined" />
	<Point X="234" Y="186" T="undefined" />
	<Point X="229" Y="186" T="undefined" />
	<Point X="222" Y="186" T="undefined" />
	<Point X="218" Y="185" T="undefined" />
	<Point X="212" Y="185" T="undefined" />
	<Point X="206" Y="185" T="undefined" />
	<Point X="198" Y="186" T="undefined" />
	<Point X="194" Y="187" T="undefined" />
	<Point X="187" Y="189" T="undefined" />
	<Point X="180" Y="190" T="undefined" />
	<Point X="175" Y="191" T="undefined" />
	<Point X="170" Y="192" T="undefined" />
	<Point X="165" Y="192" T="undefined" />
	<Point X="162" Y="192" T="undefined" />
	<Point X="159" Y="192" T="undefined" />
	<Point X="157" Y="192" T="undefined" />
	<Point X="153" Y="190" T="undefined" />
	<Point X="149" Y="190" T="undefined" />
	<Point X="146" Y="190" T="undefined" />
	<Point X="136" Y="190" T="undefined" />
	<Point X="131" Y="191" T="undefined" />
	<Point X="126" Y="191" T="undefined" />
	<Point X="124" Y="191" T="undefined" />
	<Point X="121" Y="191" T="undefined" />
	<Point X="119" Y="191" T="undefined" />
	<Point X="114" Y="191" T="undefined" />
	<Point X="110" Y="191" T="undefined" />
	<Point X="107" Y="191" T="undefined" />
	<Point X="103" Y="191" T="undefined" />
	<Point X="102" Y="191" T="undefined" />
	<Point X="101" Y="192" T="undefined" />
	<Point X="100" Y="192" T="undefined" />
	<Point X="99" Y="192" T="undefined" />
	<Point X="98" Y="192" T="undefined" />
	<Point X="96" Y="192" T="undefined" />
	<Point X="95" Y="192" T="undefined" />
	<Point X="95" Y="192" T="undefined" />
	<Point X="94" Y="192" T="undefined" />
	<Point X="93" Y="192" T="undefined" />
</Gesture>