<?xml version="1.0" encoding="utf-8" standalone="yes"?>
<Gesture Name="Rectangle1" NumPts="253">
	<Point X="80" Y="191" T="undefined" />
	<Point X="80" Y="192" T="undefined" />
	<Point X="80" Y="194" T="undefined" />
	<Point X="80" Y="198" T="undefined" />
	<Point X="79" Y="202" T="undefined" />
	<Point X="77" Y="208" T="undefined" />
	<Point X="77" Y="212" T="undefined" />
	<Point X="75" Y="219" T="undefined" />
	<Point X="74" Y="222" T="undefined" />
	<Point X="72" Y="226" T="undefined" />
	<Point X="71" Y="231" T="undefined" />
	<Point X="70" Y="233" T="undefined" />
	<Point X="70" Y="238" T="undefined" />
	<Point X="68" Y="242" T="undefined" />
	<Point X="68" Y="246" T="undefined" />
	<Point X="68" Y="249" T="undefined" />
	<Point X="68" Y="252" T="undefined" />
	<Point X="68" Y="255" T="undefined" />
	<Point X="68" Y="257" T="undefined" />
	<Point X="67" Y="259" T="undefined" />
	<Point X="67" Y="261" T="undefined" />
	<Point X="67" Y="263" T="undefined" />
	<Point X="66" Y="267" T="undefined" />
	<Point X="66" Y="270" T="undefined" />
	<Point X="65" Y="275" T="undefined" />
	<Point X="65" Y="277" T="undefined" />
	<Point X="65" Y="278" T="undefined" />
	<Point X="65" Y="280" T="undefined" />
	<Point X="64" Y="283" T="undefined" />
	<Point X="64" Y="287" T="undefined" />
	<Point X="64" Y="290" T="undefined" />
	<Point X="64" Y="293" T="undefined" />
	<Point X="64" Y="294" T="undefined" />
	<Point X="64" Y="297" T="undefined" />
	<Point X="64" Y="299" T="undefined" />
	<Point X="63" Y="301" T="undefined" />
	<Point X="62" Y="306" T="undefined" />
	<Point X="62" Y="309" T="undefined" />
	<Point X="61" Y="314" T="undefined" />
	<Point X="60" Y="318" T="undefined" />
	<Point X="60" Y="321" T="undefined" />
	<Point X="60" Y="321" T="undefined" />
	<Point X="60" Y="322" T="undefined" />
	<Point X="60" Y="323" T="undefined" />
	<Point X="59" Y="324" T="undefined" />
	<Point X="59" Y="325" T="undefined" />
	<Point X="59" Y="325" T="undefined" />
	<Point X="59" Y="326" T="undefined" />
	<Point X="59" Y="328" T="undefined" />
	<Point X="60" Y="328" T="undefined" />
	<Point X="60" Y="328" T="undefined" />
	<Point X="62" Y="328" T="undefined" />
	<Point X="64" Y="328" T="undefined" />
	<Point X="67" Y="328" T="undefined" />
	<Point X="69" Y="328" T="undefined" />
	<Point X="72" Y="328" T="undefined" />
	<Point X="74" Y="327" T="undefined" />
	<Point X="77" Y="327" T="undefined" />
	<Point X="79" Y="326" T="undefined" />
	<Point X="82" Y="326" T="undefined" />
	<Point X="84" Y="326" T="undefined" />
	<Point X="85" Y="326" T="undefined" />
	<Point X="88" Y="326" T="undefined" />
	<Point X="89" Y="326" T="undefined" />
	<Point X="93" Y="325" T="undefined" />
	<Point X="95" Y="325" T="undefined" />
	<Point X="99" Y="325" T="undefined" />
	<Point X="102" Y="325" T="undefined" />
	<Point X="104" Y="325" T="undefined" />
	<Point X="107" Y="325" T="undefined" />
	<Point X="110" Y="324" T="undefined" />
	<Point X="115" Y="323" T="undefined" />
	<Point X="118" Y="323" T="undefined" />
	<Point X="123" Y="323" T="undefined" />
	<Point X="126" Y="323" T="undefined" />
	<Point X="130" Y="323" T="undefined" />
	<Point X="134" Y="323" T="undefined" />
	<Point X="137" Y="323" T="undefined" />
	<Point X="141" Y="323" T="undefined" />
	<Point X="143" Y="323" T="undefined" />
	<Point X="146" Y="323" T="undefined" />
	<Point X="149" Y="323" T="undefined" />
	<Point X="151" Y="323" T="undefined" />
	<Point X="157" Y="322" T="undefined" />
	<Point X="161" Y="322" T="undefined" />
	<Point X="169" Y="322" T="undefined" />
	<Point X="175" Y="322" T="undefined" />
	<Point X="181" Y="322" T="undefined" />
	<Point X="187" Y="322" T="undefined" />
	<Point X="190" Y="322" T="undefined" />
	<Point X="197" Y="322" T="undefined" />
	<Point X="201" Y="322" T="undefined" />
	<Point X="208" Y="322" T="undefined" />
	<Point X="211" Y="323" T="undefined" />
	<Point X="214" Y="323" T="undefined" />
	<Point X="219" Y="324" T="undefined" />
	<Point X="223" Y="324" T="undefined" />
	<Point X="230" Y="324" T="undefined" />
	<Point X="234" Y="325" T="undefined" />
	<Point X="239" Y="325" T="undefined" />
	<Point X="243" Y="325" T="undefined" />
	<Point X="246" Y="325" T="undefined" />
	<Point X="249" Y="325" T="undefined" />
	<Point X="251" Y="325" T="undefined" />
	<Point X="253" Y="325" T="undefined" />
	<Point X="256" Y="325" T="undefined" />
	<Point X="258" Y="325" T="undefined" />
	<Point X="261" Y="325" T="undefined" />
	<Point X="263" Y="325" T="undefined" />
	<Point X="266" Y="325" T="undefined" />
	<Point X="268" Y="325" T="undefined" />
	<Point X="269" Y="325" T="undefined" />
	<Point X="271" Y="325" T="undefined" />
	<Point X="273" Y="325" T="undefined" />
	<Point X="274" Y="325" T="undefined" />
	<Point X="275" Y="325" T="undefined" />
	<Point X="275" Y="325" T="undefined" />
	<Point X="276" Y="325" T="undefined" />
	<Point X="277" Y="325" T="undefined" />
	<Point X="277" Y="325" T="undefined" />
	<Point X="278" Y="324" T="undefined" />
	<Point X="278" Y="322" T="undefined" />
	<Point X="279" Y="321" T="undefined" />
	<Point X="279" Y="318" T="undefined" />
	<Point X="279" Y="315" T="undefined" />
	<Point X="279" Y="311" T="undefined" />
	<Point X="279" Y="306" T="undefined" />
	<Point X="279" Y="304" T="undefined" />
	<Point X="279" Y="301" T="undefined" />
	<Point X="279" Y="300" T="undefined" />
	<Point X="279" Y="298" T="undefined" />
	<Point X="279" Y="298" T="undefined" />
	<Point X="279" Y="296" T="undefined" />
	<Point X="280" Y="293" T="undefined" />
	<Point X="281" Y="291" T="undefined" />
	<Point X="281" Y="285" T="undefined" />
	<Point X="281" Y="283" T="undefined" />
	<Point X="281" Y="279" T="undefined" />
	<Point X="281" Y="278" T="undefined" />
	<Point X="281" Y="277" T="undefined" />
	<Point X="281" Y="273" T="undefined" />
	<Point X="281" Y="270" T="undefined" />
	<Point X="281" Y="266" T="undefined" />
	<Point X="281" Y="263" T="undefined" />
	<Point X="281" Y="258" T="undefined" />
	<Point X="281" Y="256" T="undefined" />
	<Point X="281" Y="254" T="undefined" />
	<Point X="280" Y="251" T="undefined" />
	<Point X="280" Y="248" T="undefined" />
	<Point X="280" Y="244" T="undefined" />
	<Point X="280" Y="242" T="undefined" />
	<Point X="280" Y="239" T="undefined" />
	<Point X="280" Y="237" T="undefined" />
	<Point X="280" Y="236" T="undefined" />
	<Point X="280" Y="233" T="undefined" />
	<Point X="280" Y="230" T="undefined" />
	<Point X="280" Y="226" T="undefined" />
	<Point X="280" Y="223" T="undefined" />
	<Point X="280" Y="220" T="undefined" />
	<Point X="280" Y="219" T="undefined" />
	<Point X="280" Y="219" T="undefined" />
	<Point X="280" Y="218" T="undefined" />
	<Point X="280" Y="217" T="undefined" />
	<Point X="280" Y="216" T="undefined" />
	<Point X="281" Y="214" T="undefined" />
	<Point X="281" Y="212" T="undefined" />
	<Point X="281" Y="211" T="undefined" />
	<Point X="281" Y="209" T="undefined" />
	<Point X="281" Y="209" T="undefined" />
	<Point X="281" Y="208" T="undefined" />
	<Point X="280" Y="207" T="undefined" />
	<Point X="280" Y="207" T="undefined" />
	<Point X="280" Y="206" T="undefined" />
	<Point X="280" Y="205" T="undefined" />
	<Point X="280" Y="205" T="undefined" />
	<Point X="280" Y="204" T="undefined" />
	<Point X="280" Y="203" T="undefined" />
	<Point X="280" Y="202" T="undefined" />
	<Point X="280" Y="201" T="undefined" />
	<Point X="280" Y="200" T="undefined" />
	<Point X="280" Y="200" T="undefined" />
	<Point X="280" Y="199" T="undefined" />
	<Point X="280" Y="199" T="undefined" />
	<Point X="280" Y="198" T="undefined" />
	<Point X="280" Y="198" T="undefined" />
	<Point X="279" Y="198" T="undefined" />
	<Point X="278" Y="198" T="undefined" />
	<Point X="278" Y="197" T="undefined" />
	<Point X="277" Y="197" T="undefined" />
	<Point X="276" Y="195" T="undefined" />
	<Point X="274" Y="193" T="undefined" />
	<Point X="266" Y="186" T="undefined" />
	<Point X="262" Y="182" T="undefined" />
	<Point X="255" Y="177" T="undefined" />
	<Point X="251" Y="176" T="undefined" />
	<Point X="249" Y="175" T="undefined" />
	<Point X="246" Y="175" T="undefined" />
	<Point X="243" Y="174" T="undefined" />
	<Point X="238" Y="174" T="undefined" />
	<Point X="235" Y="174" T="undefined" />
	<Point X="231" Y="174" T="undefined" />
	<Point X="227" Y="174" T="undefined" />
	<Point X="224" Y="174" T="undefined" />
	<Point X="219" Y="174" T="undefined" />
	<Point X="216" Y="174" T="undefined" />
	<Point X="212" Y="174" T="undefined" />
	<Point X="208" Y="174" T="undefined" />
	<Point X="205" Y="176" T="undefined" />
	<Point X="200" Y="176" T="undefined" />
	<Point X="198" Y="176" T="undefined" />
	<Point X="193" Y="177" T="undefined" />
	<Point X="189" Y="177" T="undefined" />
	<Point X="187" Y="177" T="undefined" />
	<Point X="182" Y="177" T="undefined" />
	<Point X="179" Y="177" T="undefined" />
	<Point X="175" Y="177" T="undefined" />
	<Point X="171" Y="177" T="undefined" />
	<Point X="167" Y="177" T="undefined" />
	<Point X="162" Y="177" T="undefined" />
	<Point X="158" Y="179" T="undefined" />
	<Point X="150" Y="180" T="undefined" />
	<Point X="144" Y="182" T="undefined" />
	<Point X="140" Y="183" T="undefined" />
	<Point X="138" Y="183" T="undefined" />
	<Point X="134" Y="184" T="undefined" />
	<Point X="130" Y="184" T="undefined" />
	<Point X="127" Y="185" T="undefined" />
	<Point X="121" Y="185" T="undefined" />
	<Point X="120" Y="185" T="undefined" />
	<Point X="117" Y="185" T="undefined" />
	<Point X="116" Y="185" T="undefined" />
	<Point X="116" Y="185" T="undefined" />
	<Point X="114" Y="185" T="undefined" />
	<Point X="113" Y="185" T="undefined" />
	<Point X="112" Y="185" T="undefined" />
	<Point X="112" Y="185" T="undefined" />
	<Point X="111" Y="185" T="undefined" />
	<Point X="110" Y="185" T="undefined" />
	<Point X="110" Y="185" T="undefined" />
	<Point X="109" Y="185" T="undefined" />
	<Point X="109" Y="185" T="undefined" />
	<Point X="108" Y="185" T="undefined" />
	<Point X="108" Y="185" T="undefined" />
	<Point X="106" Y="185" T="undefined" />
	<Point X="106" Y="185" T="undefined" />
	<Point X="105" Y="185" T="undefined" />
	<Point X="105" Y="185" T="undefined" />
	<Point X="104" Y="185" T="undefined" />
	<Point X="104" Y="185" T="undefined" />
	<Point X="103" Y="185" T="undefined" />
	<Point X="102" Y="185" T="undefined" />
	<Point X="102" Y="185" T="undefined" />
	<Point X="101" Y="185" T="undefined" />
</Gesture>