<?xml version="1.0" encoding="utf-8" standalone="yes"?>
<Gesture Name="Rectangle3" NumPts="245">
	<Point X="104" Y="141" T="undefined" />
	<Point X="104" Y="142" T="undefined" />
	<Point X="104" Y="143" T="undefined" />
	<Point X="104" Y="149" T="undefined" />
	<Point X="104" Y="154" T="undefined" />
	<Point X="104" Y="160" T="undefined" />
	<Point X="103" Y="164" T="undefined" />
	<Point X="102" Y="171" T="undefined" />
	<Point X="102" Y="176" T="undefined" />
	<Point X="101" Y="182" T="undefined" />
	<Point X="101" Y="187" T="undefined" />
	<Point X="100" Y="195" T="undefined" />
	<Point X="99" Y="200" T="undefined" />
	<Point X="98" Y="204" T="undefined" />
	<Point X="98" Y="209" T="undefined" />
	<Point X="98" Y="213" T="undefined" />
	<Point X="96" Y="216" T="undefined" />
	<Point X="96" Y="220" T="undefined" />
	<Point X="96" Y="222" T="undefined" />
	<Point X="95" Y="226" T="undefined" />
	<Point X="95" Y="230" T="undefined" />
	<Point X="95" Y="236" T="undefined" />
	<Point X="95" Y="239" T="undefined" />
	<Point X="94" Y="242" T="undefined" />
	<Point X="93" Y="244" T="undefined" />
	<Point X="93" Y="246" T="undefined" />
	<Point X="93" Y="250" T="undefined" />
	<Point X="93" Y="254" T="undefined" />
	<Point X="93" Y="260" T="undefined" />
	<Point X="93" Y="263" T="undefined" />
	<Point X="93" Y="269" T="undefined" />
	<Point X="93" Y="271" T="undefined" />
	<Point X="92" Y="274" T="undefined" />
	<Point X="91" Y="279" T="undefined" />
	<Point X="91" Y="283" T="undefined" />
	<Point X="91" Y="287" T="undefined" />
	<Point X="90" Y="295" T="undefined" />
	<Point X="90" Y="300" T="undefined" />
	<Point X="90" Y="305" T="undefined" />
	<Point X="90" Y="308" T="undefined" />
	<Point X="90" Y="310" T="undefined" />
	<Point X="90" Y="311" T="undefined" />
	<Point X="90" Y="313" T="undefined" />
	<Point X="90" Y="313" T="undefined" />
	<Point X="91" Y="313" T="undefined" />
	<Point X="94" Y="312" T="undefined" />
	<Point X="97" Y="312" T="undefined" />
	<Point X="102" Y="312" T="undefined" />
	<Point X="105" Y="311" T="undefined" />
	<Point X="112" Y="310" T="undefined" />
	<Point X="118" Y="310" T="undefined" />
	<Point X="123" Y="310" T="undefined" />
	<Point X="131" Y="310" T="undefined" />
	<Point X="136" Y="310" T="undefined" />
	<Point X="145" Y="310" T="undefined" />
	<Point X="150" Y="310" T="undefined" />
	<Point X="156" Y="310" T="undefined" />
	<Point X="161" Y="310" T="undefined" />
	<Point X="165" Y="311" T="undefined" />
	<Point X="172" Y="311" T="undefined" />
	<Point X="177" Y="311" T="undefined" />
	<Point X="184" Y="311" T="undefined" />
	<Point X="188" Y="311" T="undefined" />
	<Point X="192" Y="311" T="undefined" />
	<Point X="197" Y="311" T="undefined" />
	<Point X="200" Y="311" T="undefined" />
	<Point X="206" Y="311" T="undefined" />
	<Point X="209" Y="311" T="undefined" />
	<Point X="213" Y="311" T="undefined" />
	<Point X="216" Y="311" T="undefined" />
	<Point X="218" Y="311" T="undefined" />
	<Point X="221" Y="311" T="undefined" />
	<Point X="223" Y="311" T="undefined" />
	<Point X="227" Y="311" T="undefined" />
	<Point X="231" Y="311" T="undefined" />
	<Point X="236" Y="311" T="undefined" />
	<Point X="240" Y="311" T="undefined" />
	<Point X="246" Y="311" T="undefined" />
	<Point X="251" Y="313" T="undefined" />
	<Point X="256" Y="313" T="undefined" />
	<Point X="261" Y="314" T="undefined" />
	<Point X="265" Y="315" T="undefined" />
	<Point X="271" Y="316" T="undefined" />
	<Point X="276" Y="317" T="undefined" />
	<Point X="280" Y="318" T="undefined" />
	<Point X="285" Y="319" T="undefined" />
	<Point X="287" Y="319" T="undefined" />
	<Point X="292" Y="319" T="undefined" />
	<Point X="295" Y="319" T="undefined" />
	<Point X="300" Y="319" T="undefined" />
	<Point X="304" Y="320" T="undefined" />
	<Point X="307" Y="320" T="undefined" />
	<Point X="313" Y="321" T="undefined" />
	<Point X="317" Y="321" T="undefined" />
	<Point X="321" Y="321" T="undefined" />
	<Point X="323" Y="321" T="undefined" />
	<Point X="326" Y="321" T="undefined" />
	<Point X="330" Y="323" T="undefined" />
	<Point X="333" Y="323" T="undefined" />
	<Point X="337" Y="323" T="undefined" />
	<Point X="339" Y="323" T="undefined" />
	<Point X="342" Y="323" T="undefined" />
	<Point X="344" Y="323" T="undefined" />
	<Point X="345" Y="323" T="undefined" />
	<Point X="346" Y="323" T="undefined" />
	<Point X="348" Y="323" T="undefined" />
	<Point X="349" Y="323" T="undefined" />
	<Point X="349" Y="323" T="undefined" />
	<Point X="350" Y="322" T="undefined" />
	<Point X="350" Y="322" T="undefined" />
	<Point X="351" Y="321" T="undefined" />
	<Point X="352" Y="320" T="undefined" />
	<Point X="352" Y="320" T="undefined" />
	<Point X="353" Y="318" T="undefined" />
	<Point X="354" Y="317" T="undefined" />
	<Point X="354" Y="316" T="undefined" />
	<Point X="354" Y="314" T="undefined" />
	<Point X="356" Y="312" T="undefined" />
	<Point X="356" Y="308" T="undefined" />
	<Point X="357" Y="302" T="undefined" />
	<Point X="358" Y="294" T="undefined" />
	<Point X="358" Y="290" T="undefined" />
	<Point X="358" Y="288" T="undefined" />
	<Point X="358" Y="286" T="undefined" />
	<Point X="358" Y="284" T="undefined" />
	<Point X="358" Y="280" T="undefined" />
	<Point X="358" Y="277" T="undefined" />
	<Point X="358" Y="271" T="undefined" />
	<Point X="358" Y="268" T="undefined" />
	<Point X="358" Y="266" T="undefined" />
	<Point X="358" Y="263" T="undefined" />
	<Point X="358" Y="262" T="undefined" />
	<Point X="358" Y="259" T="undefined" />
	<Point X="358" Y="254" T="undefined" />
	<Point X="359" Y="249" T="undefined" />
	<Point X="359" Y="244" T="undefined" />
	<Point X="359" Y="242" T="undefined" />
	<Point X="359" Y="241" T="undefined" />
	<Point X="359" Y="240" T="undefined" />
	<Point X="359" Y="238" T="undefined" />
	<Point X="359" Y="231" T="undefined" />
	<Point X="359" Y="228" T="undefined" />
	<Point X="358" Y="224" T="undefined" />
	<Point X="358" Y="223" T="undefined" />
	<Point X="358" Y="223" T="undefined" />
	<Point X="358" Y="222" T="undefined" />
	<Point X="357" Y="220" T="undefined" />
	<Point X="357" Y="217" T="undefined" />
	<Point X="357" Y="215" T="undefined" />
	<Point X="357" Y="211" T="undefined" />
	<Point X="357" Y="209" T="undefined" />
	<Point X="357" Y="208" T="undefined" />
	<Point X="355" Y="205" T="undefined" />
	<Point X="355" Y="202" T="undefined" />
	<Point X="354" Y="197" T="undefined" />
	<Point X="354" Y="194" T="undefined" />
	<Point X="353" Y="191" T="undefined" />
	<Point X="353" Y="187" T="undefined" />
	<Point X="353" Y="184" T="undefined" />
	<Point X="352" Y="179" T="undefined" />
	<Point X="351" Y="176" T="undefined" />
	<Point X="351" Y="171" T="undefined" />
	<Point X="351" Y="168" T="undefined" />
	<Point X="351" Y="163" T="undefined" />
	<Point X="352" Y="159" T="undefined" />
	<Point X="352" Y="158" T="undefined" />
	<Point X="352" Y="157" T="undefined" />
	<Point X="353" Y="155" T="undefined" />
	<Point X="353" Y="155" T="undefined" />
	<Point X="353" Y="153" T="undefined" />
	<Point X="353" Y="152" T="undefined" />
	<Point X="353" Y="151" T="undefined" />
	<Point X="353" Y="151" T="undefined" />
	<Point X="353" Y="150" T="undefined" />
	<Point X="353" Y="150" T="undefined" />
	<Point X="352" Y="149" T="undefined" />
	<Point X="352" Y="148" T="undefined" />
	<Point X="352" Y="147" T="undefined" />
	<Point X="351" Y="147" T="undefined" />
	<Point X="350" Y="147" T="undefined" />
	<Point X="350" Y="147" T="undefined" />
	<Point X="349" Y="146" T="undefined" />
	<Point X="348" Y="146" T="undefined" />
	<Point X="347" Y="146" T="undefined" />
	<Point X="346" Y="145" T="undefined" />
	<Point X="345" Y="144" T="undefined" />
	<Point X="342" Y="144" T="undefined" />
	<Point X="340" Y="144" T="undefined" />
	<Point X="337" Y="144" T="undefined" />
	<Point X="336" Y="144" T="undefined" />
	<Point X="334" Y="144" T="undefined" />
	<Point X="332" Y="144" T="undefined" />
	<Point X="329" Y="144" T="undefined" />
	<Point X="327" Y="144" T="undefined" />
	<Point X="324" Y="145" T="undefined" />
	<Point X="322" Y="145" T="undefined" />
	<Point X="320" Y="145" T="undefined" />
	<Point X="317" Y="145" T="undefined" />
	<Point X="314" Y="144" T="undefined" />
	<Point X="311" Y="144" T="undefined" />
	<Point X="307" Y="144" T="undefined" />
	<Point X="305" Y="143" T="undefined" />
	<Point X="303" Y="143" T="undefined" />
	<Point X="301" Y="143" T="undefined" />
	<Point X="298" Y="142" T="undefined" />
	<Point X="296" Y="142" T="undefined" />
	<Point X="293" Y="142" T="undefined" />
	<Point X="288" Y="141" T="undefined" />
	<Point X="284" Y="139" T="undefined" />
	<Point X="277" Y="138" T="undefined" />
	<Point X="271" Y="138" T="undefined" />
	<Point X="266" Y="138" T="undefined" />
	<Point X="262" Y="138" T="undefined" />
	<Point X="257" Y="136" T="undefined" />
	<Point X="251" Y="135" T="undefined" />
	<Point X="243" Y="133" T="undefined" />
	<Point X="234" Y="131" T="undefined" />
	<Point X="229" Y="131" T="undefined" />
	<Point X="221" Y="131" T="undefined" />
	<Point X="217" Y="132" T="undefined" />
	<Point X="211" Y="132" T="undefined" />
	<Point X="208" Y="132" T="undefined" />
	<Point X="203" Y="132" T="undefined" />
	<Point X="201" Y="132" T="undefined" />
	<Point X="198" Y="132" T="undefined" />
	<Point X="195" Y="133" T="undefined" />
	<Point X="191" Y="134" T="undefined" />
	<Point X="186" Y="135" T="undefined" />
	<Point X="180" Y="135" T="undefined" />
	<Point X="175" Y="135" T="undefined" />
	<Point X="169" Y="135" T="undefined" />
	<Point X="166" Y="135" T="undefined" />
	<Point X="161" Y="135" T="undefined" />
	<Point X="154" Y="136" T="undefined" />
	<Point X="149" Y="137" T="undefined" />
	<Point X="143" Y="137" T="undefined" />
	<Point X="140" Y="137" T="undefined" />
	<Point X="134" Y="137" T="undefined" />
	<Point X="131" Y="137" T="undefined" />
	<Point X="127" Y="137" T="undefined" />
	<Point X="126" Y="137" T="undefined" />
	<Point X="125" Y="137" T="undefined" />
	<Point X="124" Y="137" T="undefined" />
	<Point X="123" Y="137" T="undefined" />
	<Point X="123" Y="137" T="undefined" />
</Gesture>