<?xml version="1.0" encoding="utf-8" standalone="yes"?>
<Gesture Name="Right Square Bracket0" NumPts="129">
	<Point X="148" Y="138" T="undefined" />
	<Point X="149" Y="138" T="undefined" />
	<Point X="151" Y="138" T="undefined" />
	<Point X="153" Y="138" T="undefined" />
	<Point X="156" Y="138" T="undefined" />
	<Point X="158" Y="138" T="undefined" />
	<Point X="161" Y="138" T="undefined" />
	<Point X="164" Y="138" T="undefined" />
	<Point X="166" Y="138" T="undefined" />
	<Point X="167" Y="138" T="undefined" />
	<Point X="169" Y="138" T="undefined" />
	<Point X="171" Y="138" T="undefined" />
	<Point X="174" Y="138" T="undefined" />
	<Point X="176" Y="138" T="undefined" />
	<Point X="180" Y="138" T="undefined" />
	<Point X="182" Y="138" T="undefined" />
	<Point X="185" Y="139" T="undefined" />
	<Point X="187" Y="140" T="undefined" />
	<Point X="189" Y="140" T="undefined" />
	<Point X="192" Y="141" T="undefined" />
	<Point X="194" Y="142" T="undefined" />
	<Point X="197" Y="142" T="undefined" />
	<Point X="199" Y="142" T="undefined" />
	<Point X="200" Y="142" T="undefined" />
	<Point X="200" Y="143" T="undefined" />
	<Point X="201" Y="143" T="undefined" />
	<Point X="203" Y="143" T="undefined" />
	<Point X="204" Y="143" T="undefined" />
	<Point X="204" Y="143" T="undefined" />
	<Point X="206" Y="143" T="undefined" />
	<Point X="207" Y="143" T="undefined" />
	<Point X="207" Y="143" T="undefined" />
	<Point X="208" Y="143" T="undefined" />
	<Point X="208" Y="143" T="undefined" />
	<Point X="210" Y="144" T="undefined" />
	<Point X="210" Y="144" T="undefined" />
	<Point X="210" Y="144" T="undefined" />
	<Point X="210" Y="145" T="undefined" />
	<Point X="210" Y="146" T="undefined" />
	<Point X="210" Y="147" T="undefined" />
	<Point X="211" Y="148" T="undefined" />
	<Point X="211" Y="149" T="undefined" />
	<Point X="211" Y="153" T="undefined" />
	<Point X="211" Y="156" T="undefined" />
	<Point X="211" Y="163" T="undefined" />
	<Point X="211" Y="167" T="undefined" />
	<Point X="211" Y="170" T="undefined" />
	<Point X="211" Y="174" T="undefined" />
	<Point X="210" Y="179" T="undefined" />
	<Point X="209" Y="186" T="undefined" />
	<Point X="208" Y="191" T="undefined" />
	<Point X="208" Y="198" T="undefined" />
	<Point X="207" Y="201" T="undefined" />
	<Point X="207" Y="204" T="undefined" />
	<Point X="207" Y="206" T="undefined" />
	<Point X="206" Y="209" T="undefined" />
	<Point X="205" Y="214" T="undefined" />
	<Point X="204" Y="220" T="undefined" />
	<Point X="203" Y="226" T="undefined" />
	<Point X="203" Y="233" T="undefined" />
	<Point X="202" Y="236" T="undefined" />
	<Point X="201" Y="238" T="undefined" />
	<Point X="201" Y="239" T="undefined" />
	<Point X="201" Y="243" T="undefined" />
	<Point X="201" Y="247" T="undefined" />
	<Point X="201" Y="252" T="undefined" />
	<Point X="200" Y="259" T="undefined" />
	<Point X="200" Y="263" T="undefined" />
	<Point X="200" Y="268" T="undefined" />
	<Point X="200" Y="270" T="undefined" />
	<Point X="199" Y="275" T="undefined" />
	<Point X="198" Y="279" T="undefined" />
	<Point X="198" Y="283" T="undefined" />
	<Point X="198" Y="290" T="undefined" />
	<Point X="198" Y="294" T="undefined" />
	<Point X="198" Y="299" T="undefined" />
	<Point X="198" Y="304" T="undefined" />
	<Point X="198" Y="312" T="undefined" />
	<Point X="198" Y="317" T="undefined" />
	<Point X="198" Y="321" T="undefined" />
	<Point X="198" Y="326" T="undefined" />
	<Point X="198" Y="328" T="undefined" />
	<Point X="198" Y="332" T="undefined" />
	<Point X="198" Y="335" T="undefined" />
	<Point X="198" Y="336" T="undefined" />
	<Point X="198" Y="339" T="undefined" />
	<Point X="198" Y="340" T="undefined" />
	<Point X="198" Y="341" T="undefined" />
	<Point X="197" Y="342" T="undefined" />
	<Point X="197" Y="343" T="undefined" />
	<Point X="197" Y="344" T="undefined" />
	<Point X="197" Y="345" T="undefined" />
	<Point X="197" Y="345" T="undefined" />
	<Point X="196" Y="345" T="undefined" />
	<Point X="196" Y="345" T="undefined" />
	<Point X="192" Y="345" T="undefined" />
	<Point X="190" Y="345" T="undefined" />
	<Point X="188" Y="345" T="undefined" />
	<Point X="185" Y="345" T="undefined" />
	<Point X="183" Y="345" T="undefined" />
	<Point X="182" Y="345" T="undefined" />
	<Point X="180" Y="345" T="undefined" />
	<Point X="178" Y="345" T="undefined" />
	<Point X="178" Y="346" T="undefined" />
	<Point X="176" Y="346" T="undefined" />
	<Point X="175" Y="346" T="undefined" />
	<Point X="174" Y="346" T="undefined" />
	<Point X="173" Y="346" T="undefined" />
	<Point X="172" Y="346" T="undefined" />
	<Point X="170" Y="346" T="undefined" />
	<Point X="167" Y="346" T="undefined" />
	<Point X="166" Y="346" T="undefined" />
	<Point X="162" Y="346" T="undefined" />
	<Point X="161" Y="346" T="undefined" />
	<Point X="157" Y="346" T="undefined" />
	<Point X="155" Y="346" T="undefined" />
	<Point X="151" Y="346" T="undefined" />
	<Point X="149" Y="346" T="undefined" />
	<Point X="147" Y="346" T="undefined" />
	<Point X="144" Y="346" T="undefined" />
	<Point X="142" Y="346" T="undefined" />
	<Point X="139" Y="346" T="undefined" />
	<Point X="137" Y="346" T="undefined" />
	<Point X="134" Y="346" T="undefined" />
	<Point X="132" Y="346" T="undefined" />
	<Point X="131" Y="346" T="undefined" />
	<Point X="128" Y="346" T="undefined" />
	<Point X="127" Y="345" T="undefined" />
	<Point X="127" Y="345" T="undefined" />
</Gesture>