<?xml version="1.0" encoding="utf-8" standalone="yes"?>
<Gesture Name="Right Square Bracket1" NumPts="138">
	<Point X="122" Y="140" T="undefined" />
	<Point X="122" Y="140" T="undefined" />
	<Point X="124" Y="140" T="undefined" />
	<Point X="125" Y="140" T="undefined" />
	<Point X="130" Y="140" T="undefined" />
	<Point X="132" Y="140" T="undefined" />
	<Point X="133" Y="140" T="undefined" />
	<Point X="134" Y="141" T="undefined" />
	<Point X="134" Y="142" T="undefined" />
	<Point X="137" Y="143" T="undefined" />
	<Point X="139" Y="143" T="undefined" />
	<Point X="140" Y="143" T="undefined" />
	<Point X="142" Y="143" T="undefined" />
	<Point X="144" Y="143" T="undefined" />
	<Point X="145" Y="143" T="undefined" />
	<Point X="148" Y="144" T="undefined" />
	<Point X="150" Y="145" T="undefined" />
	<Point X="154" Y="146" T="undefined" />
	<Point X="155" Y="147" T="undefined" />
	<Point X="157" Y="147" T="undefined" />
	<Point X="160" Y="147" T="undefined" />
	<Point X="161" Y="147" T="undefined" />
	<Point X="162" Y="147" T="undefined" />
	<Point X="164" Y="147" T="undefined" />
	<Point X="165" Y="147" T="undefined" />
	<Point X="168" Y="147" T="undefined" />
	<Point X="169" Y="147" T="undefined" />
	<Point X="173" Y="147" T="undefined" />
	<Point X="176" Y="147" T="undefined" />
	<Point X="179" Y="148" T="undefined" />
	<Point X="183" Y="149" T="undefined" />
	<Point X="184" Y="149" T="undefined" />
	<Point X="188" Y="149" T="undefined" />
	<Point X="191" Y="149" T="undefined" />
	<Point X="193" Y="149" T="undefined" />
	<Point X="195" Y="149" T="undefined" />
	<Point X="196" Y="149" T="undefined" />
	<Point X="198" Y="149" T="undefined" />
	<Point X="198" Y="149" T="undefined" />
	<Point X="201" Y="149" T="undefined" />
	<Point X="202" Y="149" T="undefined" />
	<Point X="206" Y="149" T="undefined" />
	<Point X="207" Y="149" T="undefined" />
	<Point X="209" Y="149" T="undefined" />
	<Point X="210" Y="149" T="undefined" />
	<Point X="210" Y="150" T="undefined" />
	<Point X="211" Y="150" T="undefined" />
	<Point X="211" Y="151" T="undefined" />
	<Point X="211" Y="152" T="undefined" />
	<Point X="211" Y="153" T="undefined" />
	<Point X="212" Y="154" T="undefined" />
	<Point X="213" Y="157" T="undefined" />
	<Point X="213" Y="160" T="undefined" />
	<Point X="213" Y="165" T="undefined" />
	<Point X="213" Y="169" T="undefined" />
	<Point X="213" Y="173" T="undefined" />
	<Point X="213" Y="178" T="undefined" />
	<Point X="213" Y="183" T="undefined" />
	<Point X="213" Y="185" T="undefined" />
	<Point X="212" Y="191" T="undefined" />
	<Point X="212" Y="194" T="undefined" />
	<Point X="212" Y="200" T="undefined" />
	<Point X="212" Y="205" T="undefined" />
	<Point X="211" Y="210" T="undefined" />
	<Point X="211" Y="217" T="undefined" />
	<Point X="210" Y="221" T="undefined" />
	<Point X="210" Y="228" T="undefined" />
	<Point X="210" Y="233" T="undefined" />
	<Point X="210" Y="241" T="undefined" />
	<Point X="210" Y="245" T="undefined" />
	<Point X="210" Y="251" T="undefined" />
	<Point X="210" Y="256" T="undefined" />
	<Point X="210" Y="263" T="undefined" />
	<Point X="210" Y="273" T="undefined" />
	<Point X="211" Y="279" T="undefined" />
	<Point X="211" Y="283" T="undefined" />
	<Point X="211" Y="288" T="undefined" />
	<Point X="211" Y="293" T="undefined" />
	<Point X="210" Y="304" T="undefined" />
	<Point X="210" Y="312" T="undefined" />
	<Point X="209" Y="320" T="undefined" />
	<Point X="209" Y="325" T="undefined" />
	<Point X="209" Y="328" T="undefined" />
	<Point X="209" Y="331" T="undefined" />
	<Point X="209" Y="333" T="undefined" />
	<Point X="209" Y="339" T="undefined" />
	<Point X="210" Y="343" T="undefined" />
	<Point X="210" Y="349" T="undefined" />
	<Point X="210" Y="350" T="undefined" />
	<Point X="210" Y="351" T="undefined" />
	<Point X="210" Y="353" T="undefined" />
	<Point X="210" Y="353" T="undefined" />
	<Point X="210" Y="354" T="undefined" />
	<Point X="210" Y="355" T="undefined" />
	<Point X="210" Y="355" T="undefined" />
	<Point X="209" Y="355" T="undefined" />
	<Point X="207" Y="355" T="undefined" />
	<Point X="204" Y="355" T="undefined" />
	<Point X="200" Y="355" T="undefined" />
	<Point X="197" Y="355" T="undefined" />
	<Point X="195" Y="355" T="undefined" />
	<Point X="193" Y="355" T="undefined" />
	<Point X="190" Y="355" T="undefined" />
	<Point X="188" Y="355" T="undefined" />
	<Point X="186" Y="355" T="undefined" />
	<Point X="183" Y="355" T="undefined" />
	<Point X="180" Y="355" T="undefined" />
	<Point X="177" Y="355" T="undefined" />
	<Point X="176" Y="355" T="undefined" />
	<Point X="174" Y="355" T="undefined" />
	<Point X="172" Y="355" T="undefined" />
	<Point X="170" Y="354" T="undefined" />
	<Point X="169" Y="354" T="undefined" />
	<Point X="167" Y="354" T="undefined" />
	<Point X="164" Y="353" T="undefined" />
	<Point X="163" Y="353" T="undefined" />
	<Point X="160" Y="353" T="undefined" />
	<Point X="158" Y="352" T="undefined" />
	<Point X="155" Y="352" T="undefined" />
	<Point X="153" Y="351" T="undefined" />
	<Point X="151" Y="351" T="undefined" />
	<Point X="149" Y="350" T="undefined" />
	<Point X="148" Y="350" T="undefined" />
	<Point X="147" Y="350" T="undefined" />
	<Point X="146" Y="350" T="undefined" />
	<Point X="145" Y="350" T="undefined" />
	<Point X="143" Y="350" T="undefined" />
	<Point X="142" Y="349" T="undefined" />
	<Point X="140" Y="348" T="undefined" />
	<Point X="139" Y="348" T="undefined" />
	<Point X="138" Y="348" T="undefined" />
	<Point X="137" Y="348" T="undefined" />
	<Point X="136" Y="348" T="undefined" />
	<Point X="136" Y="348" T="undefined" />
	<Point X="136" Y="348" T="undefined" />
	<Point X="135" Y="348" T="undefined" />
	<Point X="135" Y="348" T="undefined" />
	<Point X="134" Y="348" T="undefined" />
</Gesture>