<?xml version="1.0" encoding="utf-8" standalone="yes"?>
<Gesture Name="Right Curly Brace3" NumPts="103">
	<Point X="175" Y="95" T="undefined" />
	<Point X="177" Y="95" T="undefined" />
	<Point X="180" Y="95" T="undefined" />
	<Point X="187" Y="96" T="undefined" />
	<Point X="192" Y="96" T="undefined" />
	<Point X="198" Y="96" T="undefined" />
	<Point X="202" Y="96" T="undefined" />
	<Point X="205" Y="96" T="undefined" />
	<Point X="211" Y="96" T="undefined" />
	<Point X="217" Y="98" T="undefined" />
	<Point X="221" Y="98" T="undefined" />
	<Point X="226" Y="99" T="undefined" />
	<Point X="231" Y="99" T="undefined" />
	<Point X="237" Y="100" T="undefined" />
	<Point X="241" Y="102" T="undefined" />
	<Point X="248" Y="106" T="undefined" />
	<Point X="251" Y="110" T="undefined" />
	<Point X="254" Y="113" T="undefined" />
	<Point X="256" Y="117" T="undefined" />
	<Point X="257" Y="118" T="undefined" />
	<Point X="257" Y="119" T="undefined" />
	<Point X="258" Y="126" T="undefined" />
	<Point X="257" Y="135" T="undefined" />
	<Point X="255" Y="142" T="undefined" />
	<Point X="248" Y="157" T="undefined" />
	<Point X="245" Y="166" T="undefined" />
	<Point X="241" Y="173" T="undefined" />
	<Point X="238" Y="181" T="undefined" />
	<Point X="235" Y="186" T="undefined" />
	<Point X="226" Y="199" T="undefined" />
	<Point X="219" Y="208" T="undefined" />
	<Point X="216" Y="213" T="undefined" />
	<Point X="210" Y="217" T="undefined" />
	<Point X="205" Y="220" T="undefined" />
	<Point X="202" Y="222" T="undefined" />
	<Point X="199" Y="226" T="undefined" />
	<Point X="196" Y="232" T="undefined" />
	<Point X="195" Y="234" T="undefined" />
	<Point X="195" Y="236" T="undefined" />
	<Point X="195" Y="237" T="undefined" />
	<Point X="195" Y="239" T="undefined" />
	<Point X="197" Y="243" T="undefined" />
	<Point X="199" Y="246" T="undefined" />
	<Point X="204" Y="250" T="undefined" />
	<Point X="210" Y="254" T="undefined" />
	<Point X="215" Y="256" T="undefined" />
	<Point X="221" Y="259" T="undefined" />
	<Point X="226" Y="261" T="undefined" />
	<Point X="231" Y="265" T="undefined" />
	<Point X="234" Y="268" T="undefined" />
	<Point X="237" Y="271" T="undefined" />
	<Point X="238" Y="272" T="undefined" />
	<Point X="239" Y="272" T="undefined" />
	<Point X="240" Y="274" T="undefined" />
	<Point X="240" Y="274" T="undefined" />
	<Point X="240" Y="275" T="undefined" />
	<Point X="240" Y="276" T="undefined" />
	<Point X="238" Y="277" T="undefined" />
	<Point X="232" Y="281" T="undefined" />
	<Point X="223" Y="284" T="undefined" />
	<Point X="212" Y="290" T="undefined" />
	<Point X="208" Y="293" T="undefined" />
	<Point X="203" Y="296" T="undefined" />
	<Point X="201" Y="297" T="undefined" />
	<Point X="200" Y="299" T="undefined" />
	<Point X="199" Y="300" T="undefined" />
	<Point X="198" Y="302" T="undefined" />
	<Point X="197" Y="308" T="undefined" />
	<Point X="196" Y="312" T="undefined" />
	<Point X="196" Y="315" T="undefined" />
	<Point X="197" Y="318" T="undefined" />
	<Point X="199" Y="319" T="undefined" />
	<Point X="206" Y="324" T="undefined" />
	<Point X="211" Y="327" T="undefined" />
	<Point X="218" Y="333" T="undefined" />
	<Point X="223" Y="338" T="undefined" />
	<Point X="227" Y="342" T="undefined" />
	<Point X="232" Y="351" T="undefined" />
	<Point X="235" Y="358" T="undefined" />
	<Point X="238" Y="363" T="undefined" />
	<Point X="242" Y="370" T="undefined" />
	<Point X="246" Y="381" T="undefined" />
	<Point X="250" Y="393" T="undefined" />
	<Point X="251" Y="400" T="undefined" />
	<Point X="252" Y="407" T="undefined" />
	<Point X="252" Y="412" T="undefined" />
	<Point X="250" Y="418" T="undefined" />
	<Point X="248" Y="421" T="undefined" />
	<Point X="243" Y="426" T="undefined" />
	<Point X="234" Y="431" T="undefined" />
	<Point X="223" Y="436" T="undefined" />
	<Point X="202" Y="439" T="undefined" />
	<Point X="194" Y="439" T="undefined" />
	<Point X="187" Y="438" T="undefined" />
	<Point X="184" Y="437" T="undefined" />
	<Point X="181" Y="436" T="undefined" />
	<Point X="175" Y="435" T="undefined" />
	<Point X="171" Y="435" T="undefined" />
	<Point X="166" Y="434" T="undefined" />
	<Point X="164" Y="434" T="undefined" />
	<Point X="163" Y="434" T="undefined" />
	<Point X="162" Y="434" T="undefined" />
	<Point X="162" Y="434" T="undefined" />
</Gesture>