<?xml version="1.0" encoding="utf-8" standalone="yes"?>
<Gesture Name="Right Square Bracket4" NumPts="90">
	<Point X="125" Y="101" T="undefined" />
	<Point X="126" Y="101" T="undefined" />
	<Point X="128" Y="101" T="undefined" />
	<Point X="133" Y="101" T="undefined" />
	<Point X="139" Y="102" T="undefined" />
	<Point X="144" Y="104" T="undefined" />
	<Point X="147" Y="105" T="undefined" />
	<Point X="151" Y="108" T="undefined" />
	<Point X="154" Y="109" T="undefined" />
	<Point X="158" Y="111" T="undefined" />
	<Point X="161" Y="111" T="undefined" />
	<Point X="164" Y="112" T="undefined" />
	<Point X="168" Y="112" T="undefined" />
	<Point X="176" Y="112" T="undefined" />
	<Point X="181" Y="112" T="undefined" />
	<Point X="184" Y="112" T="undefined" />
	<Point X="186" Y="111" T="undefined" />
	<Point X="186" Y="111" T="undefined" />
	<Point X="187" Y="111" T="undefined" />
	<Point X="188" Y="111" T="undefined" />
	<Point X="189" Y="111" T="undefined" />
	<Point X="190" Y="111" T="undefined" />
	<Point X="191" Y="111" T="undefined" />
	<Point X="191" Y="111" T="undefined" />
	<Point X="192" Y="111" T="undefined" />
	<Point X="193" Y="111" T="undefined" />
	<Point X="193" Y="111" T="undefined" />
	<Point X="195" Y="111" T="undefined" />
	<Point X="197" Y="111" T="undefined" />
	<Point X="201" Y="111" T="undefined" />
	<Point X="202" Y="111" T="undefined" />
	<Point X="203" Y="111" T="undefined" />
	<Point X="204" Y="111" T="undefined" />
	<Point X="205" Y="111" T="undefined" />
	<Point X="206" Y="111" T="undefined" />
	<Point X="207" Y="111" T="undefined" />
	<Point X="208" Y="111" T="undefined" />
	<Point X="209" Y="111" T="undefined" />
	<Point X="210" Y="111" T="undefined" />
	<Point X="210" Y="111" T="undefined" />
	<Point X="210" Y="112" T="undefined" />
	<Point X="209" Y="117" T="undefined" />
	<Point X="208" Y="126" T="undefined" />
	<Point X="207" Y="143" T="undefined" />
	<Point X="206" Y="149" T="undefined" />
	<Point X="206" Y="156" T="undefined" />
	<Point X="205" Y="169" T="undefined" />
	<Point X="204" Y="180" T="undefined" />
	<Point X="204" Y="192" T="undefined" />
	<Point X="204" Y="199" T="undefined" />
	<Point X="204" Y="209" T="undefined" />
	<Point X="204" Y="215" T="undefined" />
	<Point X="202" Y="220" T="undefined" />
	<Point X="197" Y="230" T="undefined" />
	<Point X="191" Y="243" T="undefined" />
	<Point X="184" Y="265" T="undefined" />
	<Point X="181" Y="273" T="undefined" />
	<Point X="180" Y="278" T="undefined" />
	<Point X="179" Y="286" T="undefined" />
	<Point X="179" Y="291" T="undefined" />
	<Point X="179" Y="296" T="undefined" />
	<Point X="179" Y="300" T="undefined" />
	<Point X="179" Y="303" T="undefined" />
	<Point X="179" Y="305" T="undefined" />
	<Point X="179" Y="306" T="undefined" />
	<Point X="179" Y="307" T="undefined" />
	<Point X="179" Y="307" T="undefined" />
	<Point X="179" Y="308" T="undefined" />
	<Point X="175" Y="308" T="undefined" />
	<Point X="170" Y="307" T="undefined" />
	<Point X="156" Y="305" T="undefined" />
	<Point X="147" Y="304" T="undefined" />
	<Point X="143" Y="304" T="undefined" />
	<Point X="138" Y="304" T="undefined" />
	<Point X="137" Y="304" T="undefined" />
	<Point X="136" Y="304" T="undefined" />
	<Point X="135" Y="304" T="undefined" />
	<Point X="135" Y="304" T="undefined" />
	<Point X="134" Y="304" T="undefined" />
	<Point X="134" Y="304" T="undefined" />
	<Point X="133" Y="304" T="undefined" />
	<Point X="133" Y="304" T="undefined" />
	<Point X="132" Y="304" T="undefined" />
	<Point X="131" Y="304" T="undefined" />
	<Point X="130" Y="304" T="undefined" />
	<Point X="126" Y="304" T="undefined" />
	<Point X="123" Y="304" T="undefined" />
	<Point X="120" Y="304" T="undefined" />
	<Point X="119" Y="304" T="undefined" />
	<Point X="118" Y="304" T="undefined" />
</Gesture>