<?xml version="1.0" encoding="utf-8" standalone="yes"?>
<Gesture Name="Right Curly Brace6" NumPts="100">
	<Point X="140" Y="100" T="undefined" />
	<Point X="142" Y="100" T="undefined" />
	<Point X="143" Y="101" T="undefined" />
	<Point X="146" Y="103" T="undefined" />
	<Point X="149" Y="104" T="undefined" />
	<Point X="156" Y="107" T="undefined" />
	<Point X="162" Y="110" T="undefined" />
	<Point X="173" Y="113" T="undefined" />
	<Point X="178" Y="114" T="undefined" />
	<Point X="187" Y="115" T="undefined" />
	<Point X="193" Y="117" T="undefined" />
	<Point X="199" Y="117" T="undefined" />
	<Point X="208" Y="119" T="undefined" />
	<Point X="214" Y="121" T="undefined" />
	<Point X="218" Y="123" T="undefined" />
	<Point X="221" Y="125" T="undefined" />
	<Point X="222" Y="129" T="undefined" />
	<Point X="226" Y="137" T="undefined" />
	<Point X="226" Y="146" T="undefined" />
	<Point X="225" Y="150" T="undefined" />
	<Point X="223" Y="154" T="undefined" />
	<Point X="219" Y="163" T="undefined" />
	<Point X="214" Y="175" T="undefined" />
	<Point X="210" Y="184" T="undefined" />
	<Point X="202" Y="192" T="undefined" />
	<Point X="196" Y="197" T="undefined" />
	<Point X="194" Y="199" T="undefined" />
	<Point X="189" Y="203" T="undefined" />
	<Point X="187" Y="206" T="undefined" />
	<Point X="184" Y="209" T="undefined" />
	<Point X="181" Y="213" T="undefined" />
	<Point X="179" Y="218" T="undefined" />
	<Point X="178" Y="221" T="undefined" />
	<Point X="177" Y="223" T="undefined" />
	<Point X="177" Y="224" T="undefined" />
	<Point X="177" Y="226" T="undefined" />
	<Point X="177" Y="228" T="undefined" />
	<Point X="178" Y="230" T="undefined" />
	<Point X="180" Y="233" T="undefined" />
	<Point X="182" Y="236" T="undefined" />
	<Point X="186" Y="239" T="undefined" />
	<Point X="190" Y="243" T="undefined" />
	<Point X="194" Y="245" T="undefined" />
	<Point X="197" Y="248" T="undefined" />
	<Point X="201" Y="251" T="undefined" />
	<Point X="203" Y="254" T="undefined" />
	<Point X="205" Y="256" T="undefined" />
	<Point X="206" Y="260" T="undefined" />
	<Point X="207" Y="261" T="undefined" />
	<Point X="208" Y="263" T="undefined" />
	<Point X="209" Y="266" T="undefined" />
	<Point X="210" Y="269" T="undefined" />
	<Point X="210" Y="271" T="undefined" />
	<Point X="210" Y="272" T="undefined" />
	<Point X="210" Y="273" T="undefined" />
	<Point X="209" Y="275" T="undefined" />
	<Point X="204" Y="280" T="undefined" />
	<Point X="197" Y="284" T="undefined" />
	<Point X="192" Y="287" T="undefined" />
	<Point X="188" Y="290" T="undefined" />
	<Point X="187" Y="291" T="undefined" />
	<Point X="186" Y="291" T="undefined" />
	<Point X="185" Y="291" T="undefined" />
	<Point X="185" Y="292" T="undefined" />
	<Point X="184" Y="293" T="undefined" />
	<Point X="184" Y="294" T="undefined" />
	<Point X="184" Y="296" T="undefined" />
	<Point X="184" Y="298" T="undefined" />
	<Point X="184" Y="300" T="undefined" />
	<Point X="184" Y="302" T="undefined" />
	<Point X="187" Y="306" T="undefined" />
	<Point X="190" Y="310" T="undefined" />
	<Point X="195" Y="314" T="undefined" />
	<Point X="200" Y="319" T="undefined" />
	<Point X="203" Y="322" T="undefined" />
	<Point X="206" Y="327" T="undefined" />
	<Point X="209" Y="329" T="undefined" />
	<Point X="212" Y="335" T="undefined" />
	<Point X="216" Y="346" T="undefined" />
	<Point X="219" Y="352" T="undefined" />
	<Point X="219" Y="356" T="undefined" />
	<Point X="222" Y="362" T="undefined" />
	<Point X="223" Y="369" T="undefined" />
	<Point X="223" Y="374" T="undefined" />
	<Point X="223" Y="379" T="undefined" />
	<Point X="221" Y="386" T="undefined" />
	<Point X="219" Y="391" T="undefined" />
	<Point X="215" Y="397" T="undefined" />
	<Point X="213" Y="399" T="undefined" />
	<Point X="210" Y="403" T="undefined" />
	<Point X="203" Y="407" T="undefined" />
	<Point X="194" Y="410" T="undefined" />
	<Point X="183" Y="410" T="undefined" />
	<Point X="176" Y="409" T="undefined" />
	<Point X="166" Y="408" T="undefined" />
	<Point X="151" Y="406" T="undefined" />
	<Point X="145" Y="406" T="undefined" />
	<Point X="141" Y="406" T="undefined" />
	<Point X="139" Y="406" T="undefined" />
	<Point X="138" Y="406" T="undefined" />
</Gesture>