<?xml version="1.0" encoding="utf-8" standalone="yes"?>
<Gesture Name="Right Square Bracket7" NumPts="101">
	<Point X="152" Y="106" T="undefined" />
	<Point X="154" Y="106" T="undefined" />
	<Point X="156" Y="106" T="undefined" />
	<Point X="163" Y="107" T="undefined" />
	<Point X="165" Y="108" T="undefined" />
	<Point X="169" Y="109" T="undefined" />
	<Point X="175" Y="110" T="undefined" />
	<Point X="178" Y="110" T="undefined" />
	<Point X="184" Y="110" T="undefined" />
	<Point X="188" Y="110" T="undefined" />
	<Point X="190" Y="111" T="undefined" />
	<Point X="194" Y="111" T="undefined" />
	<Point X="198" Y="112" T="undefined" />
	<Point X="202" Y="112" T="undefined" />
	<Point X="205" Y="112" T="undefined" />
	<Point X="208" Y="111" T="undefined" />
	<Point X="213" Y="110" T="undefined" />
	<Point X="216" Y="109" T="undefined" />
	<Point X="219" Y="109" T="undefined" />
	<Point X="221" Y="109" T="undefined" />
	<Point X="222" Y="109" T="undefined" />
	<Point X="224" Y="109" T="undefined" />
	<Point X="229" Y="110" T="undefined" />
	<Point X="232" Y="110" T="undefined" />
	<Point X="233" Y="110" T="undefined" />
	<Point X="235" Y="110" T="undefined" />
	<Point X="235" Y="110" T="undefined" />
	<Point X="236" Y="110" T="undefined" />
	<Point X="237" Y="110" T="undefined" />
	<Point X="237" Y="110" T="undefined" />
	<Point X="238" Y="110" T="undefined" />
	<Point X="239" Y="110" T="undefined" />
	<Point X="239" Y="110" T="undefined" />
	<Point X="240" Y="111" T="undefined" />
	<Point X="241" Y="111" T="undefined" />
	<Point X="241" Y="112" T="undefined" />
	<Point X="242" Y="114" T="undefined" />
	<Point X="242" Y="117" T="undefined" />
	<Point X="242" Y="121" T="undefined" />
	<Point X="242" Y="125" T="undefined" />
	<Point X="242" Y="129" T="undefined" />
	<Point X="241" Y="134" T="undefined" />
	<Point X="239" Y="141" T="undefined" />
	<Point X="236" Y="148" T="undefined" />
	<Point X="233" Y="160" T="undefined" />
	<Point X="231" Y="165" T="undefined" />
	<Point X="230" Y="171" T="undefined" />
	<Point X="228" Y="180" T="undefined" />
	<Point X="228" Y="189" T="undefined" />
	<Point X="227" Y="198" T="undefined" />
	<Point X="226" Y="203" T="undefined" />
	<Point X="225" Y="210" T="undefined" />
	<Point X="224" Y="219" T="undefined" />
	<Point X="222" Y="230" T="undefined" />
	<Point X="220" Y="236" T="undefined" />
	<Point X="220" Y="241" T="undefined" />
	<Point X="218" Y="252" T="undefined" />
	<Point X="216" Y="262" T="undefined" />
	<Point X="214" Y="275" T="undefined" />
	<Point X="213" Y="280" T="undefined" />
	<Point X="211" Y="288" T="undefined" />
	<Point X="211" Y="293" T="undefined" />
	<Point X="210" Y="299" T="undefined" />
	<Point X="210" Y="311" T="undefined" />
	<Point X="208" Y="318" T="undefined" />
	<Point X="207" Y="330" T="undefined" />
	<Point X="205" Y="338" T="undefined" />
	<Point X="204" Y="347" T="undefined" />
	<Point X="203" Y="354" T="undefined" />
	<Point X="202" Y="357" T="undefined" />
	<Point X="201" Y="361" T="undefined" />
	<Point X="201" Y="363" T="undefined" />
	<Point X="200" Y="365" T="undefined" />
	<Point X="199" Y="367" T="undefined" />
	<Point X="199" Y="369" T="undefined" />
	<Point X="199" Y="370" T="undefined" />
	<Point X="198" Y="372" T="undefined" />
	<Point X="198" Y="374" T="undefined" />
	<Point X="198" Y="377" T="undefined" />
	<Point X="197" Y="379" T="undefined" />
	<Point X="197" Y="380" T="undefined" />
	<Point X="197" Y="380" T="undefined" />
	<Point X="196" Y="380" T="undefined" />
	<Point X="196" Y="380" T="undefined" />
	<Point X="191" Y="379" T="undefined" />
	<Point X="184" Y="377" T="undefined" />
	<Point X="175" Y="374" T="undefined" />
	<Point X="163" Y="371" T="undefined" />
	<Point X="158" Y="370" T="undefined" />
	<Point X="149" Y="368" T="undefined" />
	<Point X="146" Y="368" T="undefined" />
	<Point X="141" Y="366" T="undefined" />
	<Point X="137" Y="366" T="undefined" />
	<Point X="135" Y="365" T="undefined" />
	<Point X="130" Y="365" T="undefined" />
	<Point X="127" Y="365" T="undefined" />
	<Point X="125" Y="365" T="undefined" />
	<Point X="123" Y="365" T="undefined" />
	<Point X="121" Y="365" T="undefined" />
	<Point X="120" Y="365" T="undefined" />
	<Point X="119" Y="365" T="undefined" />
</Gesture>