<?xml version="1.0" encoding="utf-8" standalone="yes"?>
<Gesture Name="Right Square Bracket8" NumPts="136">
	<Point X="155" Y="126" T="undefined" />
	<Point X="155" Y="126" T="undefined" />
	<Point X="156" Y="127" T="undefined" />
	<Point X="158" Y="128" T="undefined" />
	<Point X="160" Y="129" T="undefined" />
	<Point X="162" Y="130" T="undefined" />
	<Point X="164" Y="130" T="undefined" />
	<Point X="167" Y="130" T="undefined" />
	<Point X="168" Y="129" T="undefined" />
	<Point X="171" Y="129" T="undefined" />
	<Point X="174" Y="128" T="undefined" />
	<Point X="177" Y="127" T="undefined" />
	<Point X="180" Y="126" T="undefined" />
	<Point X="182" Y="126" T="undefined" />
	<Point X="188" Y="125" T="undefined" />
	<Point X="192" Y="125" T="undefined" />
	<Point X="194" Y="125" T="undefined" />
	<Point X="199" Y="125" T="undefined" />
	<Point X="203" Y="125" T="undefined" />
	<Point X="208" Y="125" T="undefined" />
	<Point X="211" Y="125" T="undefined" />
	<Point X="215" Y="124" T="undefined" />
	<Point X="219" Y="124" T="undefined" />
	<Point X="223" Y="124" T="undefined" />
	<Point X="227" Y="124" T="undefined" />
	<Point X="230" Y="124" T="undefined" />
	<Point X="233" Y="124" T="undefined" />
	<Point X="237" Y="124" T="undefined" />
	<Point X="240" Y="124" T="undefined" />
	<Point X="241" Y="123" T="undefined" />
	<Point X="244" Y="123" T="undefined" />
	<Point X="246" Y="123" T="undefined" />
	<Point X="248" Y="123" T="undefined" />
	<Point X="251" Y="122" T="undefined" />
	<Point X="254" Y="122" T="undefined" />
	<Point X="257" Y="121" T="undefined" />
	<Point X="261" Y="121" T="undefined" />
	<Point X="262" Y="121" T="undefined" />
	<Point X="263" Y="121" T="undefined" />
	<Point X="263" Y="121" T="undefined" />
	<Point X="263" Y="122" T="undefined" />
	<Point X="263" Y="122" T="undefined" />
	<Point X="262" Y="125" T="undefined" />
	<Point X="261" Y="129" T="undefined" />
	<Point X="260" Y="134" T="undefined" />
	<Point X="257" Y="143" T="undefined" />
	<Point X="256" Y="149" T="undefined" />
	<Point X="254" Y="156" T="undefined" />
	<Point X="252" Y="161" T="undefined" />
	<Point X="250" Y="170" T="undefined" />
	<Point X="249" Y="178" T="undefined" />
	<Point X="248" Y="184" T="undefined" />
	<Point X="247" Y="192" T="undefined" />
	<Point X="245" Y="198" T="undefined" />
	<Point X="244" Y="213" T="undefined" />
	<Point X="241" Y="223" T="undefined" />
	<Point X="239" Y="233" T="undefined" />
	<Point X="238" Y="239" T="undefined" />
	<Point X="238" Y="252" T="undefined" />
	<Point X="238" Y="260" T="undefined" />
	<Point X="238" Y="264" T="undefined" />
	<Point X="237" Y="270" T="undefined" />
	<Point X="235" Y="275" T="undefined" />
	<Point X="235" Y="280" T="undefined" />
	<Point X="234" Y="290" T="undefined" />
	<Point X="232" Y="297" T="undefined" />
	<Point X="231" Y="304" T="undefined" />
	<Point X="230" Y="308" T="undefined" />
	<Point X="229" Y="315" T="undefined" />
	<Point X="228" Y="319" T="undefined" />
	<Point X="226" Y="326" T="undefined" />
	<Point X="225" Y="330" T="undefined" />
	<Point X="224" Y="334" T="undefined" />
	<Point X="223" Y="338" T="undefined" />
	<Point X="222" Y="340" T="undefined" />
	<Point X="221" Y="346" T="undefined" />
	<Point X="221" Y="350" T="undefined" />
	<Point X="220" Y="355" T="undefined" />
	<Point X="219" Y="359" T="undefined" />
	<Point X="219" Y="361" T="undefined" />
	<Point X="219" Y="364" T="undefined" />
	<Point X="219" Y="365" T="undefined" />
	<Point X="219" Y="368" T="undefined" />
	<Point X="219" Y="370" T="undefined" />
	<Point X="219" Y="372" T="undefined" />
	<Point X="219" Y="374" T="undefined" />
	<Point X="219" Y="376" T="undefined" />
	<Point X="219" Y="378" T="undefined" />
	<Point X="218" Y="379" T="undefined" />
	<Point X="218" Y="382" T="undefined" />
	<Point X="217" Y="383" T="undefined" />
	<Point X="217" Y="383" T="undefined" />
	<Point X="217" Y="384" T="undefined" />
	<Point X="217" Y="384" T="undefined" />
	<Point X="216" Y="385" T="undefined" />
	<Point X="213" Y="385" T="undefined" />
	<Point X="209" Y="385" T="undefined" />
	<Point X="203" Y="385" T="undefined" />
	<Point X="198" Y="385" T="undefined" />
	<Point X="192" Y="384" T="undefined" />
	<Point X="188" Y="383" T="undefined" />
	<Point X="186" Y="383" T="undefined" />
	<Point X="182" Y="383" T="undefined" />
	<Point X="179" Y="383" T="undefined" />
	<Point X="177" Y="381" T="undefined" />
	<Point X="175" Y="381" T="undefined" />
	<Point X="171" Y="378" T="undefined" />
	<Point X="168" Y="377" T="undefined" />
	<Point X="166" Y="377" T="undefined" />
	<Point X="163" Y="377" T="undefined" />
	<Point X="161" Y="376" T="undefined" />
	<Point X="158" Y="375" T="undefined" />
	<Point X="157" Y="375" T="undefined" />
	<Point X="154" Y="375" T="undefined" />
	<Point X="152" Y="375" T="undefined" />
	<Point X="151" Y="375" T="undefined" />
	<Point X="149" Y="375" T="undefined" />
	<Point X="148" Y="375" T="undefined" />
	<Point X="147" Y="375" T="undefined" />
	<Point X="145" Y="375" T="undefined" />
	<Point X="145" Y="375" T="undefined" />
	<Point X="143" Y="375" T="undefined" />
	<Point X="142" Y="375" T="undefined" />
	<Point X="140" Y="375" T="undefined" />
	<Point X="139" Y="375" T="undefined" />
	<Point X="136" Y="375" T="undefined" />
	<Point X="135" Y="375" T="undefined" />
	<Point X="133" Y="375" T="undefined" />
	<Point X="132" Y="375" T="undefined" />
	<Point X="131" Y="375" T="undefined" />
	<Point X="130" Y="375" T="undefined" />
	<Point X="129" Y="375" T="undefined" />
	<Point X="129" Y="375" T="undefined" />
	<Point X="128" Y="375" T="undefined" />
	<Point X="127" Y="374" T="undefined" />
	<Point X="125" Y="374" T="undefined" />
</Gesture>