<?xml version="1.0" encoding="utf-8" standalone="yes"?>
<Gesture Name="Right Square Bracket2" NumPts="116">
	<Point X="156" Y="133" T="undefined" />
	<Point X="157" Y="133" T="undefined" />
	<Point X="159" Y="132" T="undefined" />
	<Point X="163" Y="131" T="undefined" />
	<Point X="169" Y="130" T="undefined" />
	<Point X="172" Y="129" T="undefined" />
	<Point X="177" Y="129" T="undefined" />
	<Point X="179" Y="129" T="undefined" />
	<Point X="181" Y="129" T="undefined" />
	<Point X="183" Y="129" T="undefined" />
	<Point X="184" Y="129" T="undefined" />
	<Point X="186" Y="128" T="undefined" />
	<Point X="188" Y="128" T="undefined" />
	<Point X="191" Y="128" T="undefined" />
	<Point X="195" Y="126" T="undefined" />
	<Point X="199" Y="126" T="undefined" />
	<Point X="203" Y="126" T="undefined" />
	<Point X="204" Y="125" T="undefined" />
	<Point X="206" Y="125" T="undefined" />
	<Point X="207" Y="125" T="undefined" />
	<Point X="208" Y="125" T="undefined" />
	<Point X="209" Y="125" T="undefined" />
	<Point X="212" Y="125" T="undefined" />
	<Point X="214" Y="125" T="undefined" />
	<Point X="215" Y="124" T="undefined" />
	<Point X="216" Y="124" T="undefined" />
	<Point X="218" Y="124" T="undefined" />
	<Point X="220" Y="124" T="undefined" />
	<Point X="221" Y="123" T="undefined" />
	<Point X="224" Y="122" T="undefined" />
	<Point X="226" Y="122" T="undefined" />
	<Point X="228" Y="121" T="undefined" />
	<Point X="229" Y="121" T="undefined" />
	<Point X="230" Y="121" T="undefined" />
	<Point X="230" Y="121" T="undefined" />
	<Point X="230" Y="123" T="undefined" />
	<Point X="230" Y="126" T="undefined" />
	<Point X="230" Y="131" T="undefined" />
	<Point X="230" Y="136" T="undefined" />
	<Point X="230" Y="144" T="undefined" />
	<Point X="230" Y="148" T="undefined" />
	<Point X="230" Y="154" T="undefined" />
	<Point X="230" Y="159" T="undefined" />
	<Point X="230" Y="168" T="undefined" />
	<Point X="229" Y="176" T="undefined" />
	<Point X="228" Y="183" T="undefined" />
	<Point X="228" Y="190" T="undefined" />
	<Point X="228" Y="193" T="undefined" />
	<Point X="228" Y="199" T="undefined" />
	<Point X="229" Y="201" T="undefined" />
	<Point X="231" Y="209" T="undefined" />
	<Point X="231" Y="215" T="undefined" />
	<Point X="232" Y="219" T="undefined" />
	<Point X="232" Y="228" T="undefined" />
	<Point X="232" Y="233" T="undefined" />
	<Point X="232" Y="239" T="undefined" />
	<Point X="233" Y="249" T="undefined" />
	<Point X="234" Y="254" T="undefined" />
	<Point X="234" Y="260" T="undefined" />
	<Point X="235" Y="263" T="undefined" />
	<Point X="236" Y="270" T="undefined" />
	<Point X="238" Y="277" T="undefined" />
	<Point X="239" Y="285" T="undefined" />
	<Point X="241" Y="294" T="undefined" />
	<Point X="241" Y="299" T="undefined" />
	<Point X="241" Y="303" T="undefined" />
	<Point X="242" Y="305" T="undefined" />
	<Point X="243" Y="310" T="undefined" />
	<Point X="243" Y="313" T="undefined" />
	<Point X="244" Y="317" T="undefined" />
	<Point X="244" Y="322" T="undefined" />
	<Point X="244" Y="324" T="undefined" />
	<Point X="244" Y="327" T="undefined" />
	<Point X="244" Y="329" T="undefined" />
	<Point X="244" Y="331" T="undefined" />
	<Point X="244" Y="333" T="undefined" />
	<Point X="244" Y="334" T="undefined" />
	<Point X="244" Y="335" T="undefined" />
	<Point X="244" Y="335" T="undefined" />
	<Point X="244" Y="336" T="undefined" />
	<Point X="244" Y="337" T="undefined" />
	<Point X="243" Y="337" T="undefined" />
	<Point X="243" Y="337" T="undefined" />
	<Point X="240" Y="337" T="undefined" />
	<Point X="233" Y="337" T="undefined" />
	<Point X="225" Y="337" T="undefined" />
	<Point X="221" Y="337" T="undefined" />
	<Point X="218" Y="337" T="undefined" />
	<Point X="214" Y="337" T="undefined" />
	<Point X="212" Y="337" T="undefined" />
	<Point X="211" Y="337" T="undefined" />
	<Point X="207" Y="338" T="undefined" />
	<Point X="205" Y="340" T="undefined" />
	<Point X="203" Y="341" T="undefined" />
	<Point X="202" Y="341" T="undefined" />
	<Point X="201" Y="342" T="undefined" />
	<Point X="201" Y="342" T="undefined" />
	<Point X="200" Y="342" T="undefined" />
	<Point X="199" Y="342" T="undefined" />
	<Point X="199" Y="342" T="undefined" />
	<Point X="198" Y="342" T="undefined" />
	<Point X="197" Y="342" T="undefined" />
	<Point X="195" Y="342" T="undefined" />
	<Point X="191" Y="343" T="undefined" />
	<Point X="187" Y="343" T="undefined" />
	<Point X="183" Y="345" T="undefined" />
	<Point X="181" Y="346" T="undefined" />
	<Point X="180" Y="347" T="undefined" />
	<Point X="179" Y="347" T="undefined" />
	<Point X="178" Y="347" T="undefined" />
	<Point X="176" Y="347" T="undefined" />
	<Point X="174" Y="347" T="undefined" />
	<Point X="172" Y="347" T="undefined" />
	<Point X="171" Y="347" T="undefined" />
	<Point X="171" Y="347" T="undefined" />
	<Point X="170" Y="347" T="undefined" />
</Gesture>