<?xml version="1.0" encoding="utf-8" standalone="yes"?>
<Gesture Name="Right Square Bracket5" NumPts="153">
	<Point X="173" Y="120" T="undefined" />
	<Point X="174" Y="120" T="undefined" />
	<Point X="176" Y="119" T="undefined" />
	<Point X="177" Y="119" T="undefined" />
	<Point X="181" Y="118" T="undefined" />
	<Point X="184" Y="118" T="undefined" />
	<Point X="186" Y="118" T="undefined" />
	<Point X="190" Y="118" T="undefined" />
	<Point X="192" Y="119" T="undefined" />
	<Point X="194" Y="120" T="undefined" />
	<Point X="196" Y="121" T="undefined" />
	<Point X="197" Y="122" T="undefined" />
	<Point X="199" Y="122" T="undefined" />
	<Point X="200" Y="123" T="undefined" />
	<Point X="202" Y="123" T="undefined" />
	<Point X="205" Y="123" T="undefined" />
	<Point X="207" Y="124" T="undefined" />
	<Point X="209" Y="124" T="undefined" />
	<Point X="212" Y="124" T="undefined" />
	<Point X="214" Y="124" T="undefined" />
	<Point X="215" Y="125" T="undefined" />
	<Point X="216" Y="125" T="undefined" />
	<Point X="218" Y="125" T="undefined" />
	<Point X="221" Y="125" T="undefined" />
	<Point X="223" Y="125" T="undefined" />
	<Point X="226" Y="125" T="undefined" />
	<Point X="227" Y="125" T="undefined" />
	<Point X="229" Y="125" T="undefined" />
	<Point X="231" Y="125" T="undefined" />
	<Point X="233" Y="125" T="undefined" />
	<Point X="235" Y="125" T="undefined" />
	<Point X="238" Y="125" T="undefined" />
	<Point X="240" Y="125" T="undefined" />
	<Point X="241" Y="125" T="undefined" />
	<Point X="242" Y="125" T="undefined" />
	<Point X="244" Y="125" T="undefined" />
	<Point X="246" Y="125" T="undefined" />
	<Point X="248" Y="125" T="undefined" />
	<Point X="249" Y="125" T="undefined" />
	<Point X="250" Y="125" T="undefined" />
	<Point X="251" Y="125" T="undefined" />
	<Point X="252" Y="125" T="undefined" />
	<Point X="254" Y="125" T="undefined" />
	<Point X="255" Y="125" T="undefined" />
	<Point X="256" Y="125" T="undefined" />
	<Point X="257" Y="125" T="undefined" />
	<Point X="258" Y="125" T="undefined" />
	<Point X="259" Y="125" T="undefined" />
	<Point X="260" Y="125" T="undefined" />
	<Point X="261" Y="126" T="undefined" />
	<Point X="261" Y="126" T="undefined" />
	<Point X="262" Y="126" T="undefined" />
	<Point X="264" Y="126" T="undefined" />
	<Point X="265" Y="126" T="undefined" />
	<Point X="266" Y="126" T="undefined" />
	<Point X="267" Y="126" T="undefined" />
	<Point X="267" Y="126" T="undefined" />
	<Point X="268" Y="127" T="undefined" />
	<Point X="268" Y="127" T="undefined" />
	<Point X="269" Y="128" T="undefined" />
	<Point X="270" Y="129" T="undefined" />
	<Point X="271" Y="130" T="undefined" />
	<Point X="271" Y="131" T="undefined" />
	<Point X="271" Y="132" T="undefined" />
	<Point X="271" Y="133" T="undefined" />
	<Point X="271" Y="134" T="undefined" />
	<Point X="271" Y="134" T="undefined" />
	<Point X="272" Y="136" T="undefined" />
	<Point X="272" Y="139" T="undefined" />
	<Point X="272" Y="142" T="undefined" />
	<Point X="272" Y="146" T="undefined" />
	<Point X="272" Y="150" T="undefined" />
	<Point X="272" Y="152" T="undefined" />
	<Point X="272" Y="156" T="undefined" />
	<Point X="272" Y="161" T="undefined" />
	<Point X="272" Y="164" T="undefined" />
	<Point X="272" Y="168" T="undefined" />
	<Point X="272" Y="170" T="undefined" />
	<Point X="272" Y="177" T="undefined" />
	<Point X="272" Y="182" T="undefined" />
	<Point X="271" Y="191" T="undefined" />
	<Point X="271" Y="196" T="undefined" />
	<Point X="271" Y="201" T="undefined" />
	<Point X="271" Y="209" T="undefined" />
	<Point X="271" Y="211" T="undefined" />
	<Point X="272" Y="216" T="undefined" />
	<Point X="272" Y="219" T="undefined" />
	<Point X="272" Y="224" T="undefined" />
	<Point X="273" Y="236" T="undefined" />
	<Point X="274" Y="243" T="undefined" />
	<Point X="274" Y="251" T="undefined" />
	<Point X="274" Y="256" T="undefined" />
	<Point X="274" Y="261" T="undefined" />
	<Point X="274" Y="269" T="undefined" />
	<Point X="273" Y="277" T="undefined" />
	<Point X="273" Y="282" T="undefined" />
	<Point X="273" Y="287" T="undefined" />
	<Point X="273" Y="294" T="undefined" />
	<Point X="273" Y="299" T="undefined" />
	<Point X="273" Y="305" T="undefined" />
	<Point X="274" Y="310" T="undefined" />
	<Point X="275" Y="318" T="undefined" />
	<Point X="275" Y="324" T="undefined" />
	<Point X="276" Y="331" T="undefined" />
	<Point X="277" Y="337" T="undefined" />
	<Point X="278" Y="346" T="undefined" />
	<Point X="278" Y="352" T="undefined" />
	<Point X="278" Y="359" T="undefined" />
	<Point X="278" Y="363" T="undefined" />
	<Point X="278" Y="370" T="undefined" />
	<Point X="278" Y="375" T="undefined" />
	<Point X="278" Y="380" T="undefined" />
	<Point X="278" Y="381" T="undefined" />
	<Point X="278" Y="382" T="undefined" />
	<Point X="278" Y="382" T="undefined" />
	<Point X="278" Y="382" T="undefined" />
	<Point X="278" Y="383" T="undefined" />
	<Point X="277" Y="384" T="undefined" />
	<Point X="275" Y="384" T="undefined" />
	<Point X="273" Y="384" T="undefined" />
	<Point X="270" Y="384" T="undefined" />
	<Point X="264" Y="383" T="undefined" />
	<Point X="257" Y="382" T="undefined" />
	<Point X="247" Y="379" T="undefined" />
	<Point X="242" Y="378" T="undefined" />
	<Point X="238" Y="376" T="undefined" />
	<Point X="234" Y="376" T="undefined" />
	<Point X="228" Y="374" T="undefined" />
	<Point X="224" Y="373" T="undefined" />
	<Point X="220" Y="372" T="undefined" />
	<Point X="218" Y="372" T="undefined" />
	<Point X="216" Y="372" T="undefined" />
	<Point X="215" Y="372" T="undefined" />
	<Point X="214" Y="372" T="undefined" />
	<Point X="212" Y="372" T="undefined" />
	<Point X="212" Y="372" T="undefined" />
	<Point X="211" Y="372" T="undefined" />
	<Point X="210" Y="372" T="undefined" />
	<Point X="210" Y="372" T="undefined" />
	<Point X="209" Y="372" T="undefined" />
	<Point X="208" Y="372" T="undefined" />
	<Point X="208" Y="372" T="undefined" />
	<Point X="207" Y="372" T="undefined" />
	<Point X="206" Y="372" T="undefined" />
	<Point X="204" Y="372" T="undefined" />
	<Point X="203" Y="372" T="undefined" />
	<Point X="203" Y="372" T="undefined" />
	<Point X="202" Y="372" T="undefined" />
	<Point X="202" Y="372" T="undefined" />
	<Point X="201" Y="372" T="undefined" />
	<Point X="200" Y="372" T="undefined" />
	<Point X="200" Y="372" T="undefined" />
	<Point X="198" Y="372" T="undefined" />
</Gesture>