<?xml version="1.0" encoding="utf-8" standalone="yes"?>
<Gesture Name="Right Square Bracket6" NumPts="88">
	<Point X="143" Y="132" T="undefined" />
	<Point X="144" Y="132" T="undefined" />
	<Point X="145" Y="132" T="undefined" />
	<Point X="147" Y="132" T="undefined" />
	<Point X="153" Y="130" T="undefined" />
	<Point X="158" Y="129" T="undefined" />
	<Point X="163" Y="126" T="undefined" />
	<Point X="169" Y="124" T="undefined" />
	<Point X="172" Y="123" T="undefined" />
	<Point X="179" Y="122" T="undefined" />
	<Point X="181" Y="122" T="undefined" />
	<Point X="187" Y="122" T="undefined" />
	<Point X="189" Y="122" T="undefined" />
	<Point X="195" Y="125" T="undefined" />
	<Point X="199" Y="127" T="undefined" />
	<Point X="203" Y="128" T="undefined" />
	<Point X="205" Y="128" T="undefined" />
	<Point X="209" Y="129" T="undefined" />
	<Point X="218" Y="130" T="undefined" />
	<Point X="220" Y="131" T="undefined" />
	<Point X="224" Y="131" T="undefined" />
	<Point X="227" Y="130" T="undefined" />
	<Point X="230" Y="129" T="undefined" />
	<Point X="232" Y="127" T="undefined" />
	<Point X="233" Y="127" T="undefined" />
	<Point X="234" Y="127" T="undefined" />
	<Point X="234" Y="130" T="undefined" />
	<Point X="233" Y="134" T="undefined" />
	<Point X="231" Y="144" T="undefined" />
	<Point X="230" Y="149" T="undefined" />
	<Point X="226" Y="164" T="undefined" />
	<Point X="224" Y="177" T="undefined" />
	<Point X="222" Y="189" T="undefined" />
	<Point X="220" Y="197" T="undefined" />
	<Point X="219" Y="202" T="undefined" />
	<Point X="218" Y="211" T="undefined" />
	<Point X="217" Y="217" T="undefined" />
	<Point X="217" Y="226" T="undefined" />
	<Point X="216" Y="234" T="undefined" />
	<Point X="215" Y="245" T="undefined" />
	<Point X="213" Y="260" T="undefined" />
	<Point X="212" Y="267" T="undefined" />
	<Point X="212" Y="273" T="undefined" />
	<Point X="212" Y="277" T="undefined" />
	<Point X="212" Y="291" T="undefined" />
	<Point X="213" Y="299" T="undefined" />
	<Point X="213" Y="309" T="undefined" />
	<Point X="213" Y="313" T="undefined" />
	<Point X="213" Y="317" T="undefined" />
	<Point X="213" Y="325" T="undefined" />
	<Point X="212" Y="330" T="undefined" />
	<Point X="211" Y="335" T="undefined" />
	<Point X="211" Y="339" T="undefined" />
	<Point X="210" Y="342" T="undefined" />
	<Point X="210" Y="343" T="undefined" />
	<Point X="210" Y="344" T="undefined" />
	<Point X="210" Y="345" T="undefined" />
	<Point X="210" Y="346" T="undefined" />
	<Point X="210" Y="347" T="undefined" />
	<Point X="210" Y="349" T="undefined" />
	<Point X="210" Y="350" T="undefined" />
	<Point X="209" Y="354" T="undefined" />
	<Point X="209" Y="356" T="undefined" />
	<Point X="209" Y="359" T="undefined" />
	<Point X="209" Y="360" T="undefined" />
	<Point X="209" Y="363" T="undefined" />
	<Point X="209" Y="363" T="undefined" />
	<Point X="209" Y="364" T="undefined" />
	<Point X="209" Y="364" T="undefined" />
	<Point X="208" Y="364" T="undefined" />
	<Point X="208" Y="364" T="undefined" />
	<Point X="207" Y="364" T="undefined" />
	<Point X="205" Y="364" T="undefined" />
	<Point X="198" Y="364" T="undefined" />
	<Point X="191" Y="364" T="undefined" />
	<Point X="182" Y="364" T="undefined" />
	<Point X="176" Y="364" T="undefined" />
	<Point X="164" Y="365" T="undefined" />
	<Point X="156" Y="365" T="undefined" />
	<Point X="150" Y="364" T="undefined" />
	<Point X="143" Y="364" T="undefined" />
	<Point X="139" Y="362" T="undefined" />
	<Point X="135" Y="360" T="undefined" />
	<Point X="133" Y="359" T="undefined" />
	<Point X="131" Y="359" T="undefined" />
	<Point X="129" Y="359" T="undefined" />
	<Point X="129" Y="359" T="undefined" />
	<Point X="128" Y="359" T="undefined" />
</Gesture>