<?xml version="1.0" encoding="utf-8" standalone="yes"?>
<Gesture Name="Right Curly Brace8" NumPts="104">
	<Point X="140" Y="87" T="undefined" />
	<Point X="145" Y="87" T="undefined" />
	<Point X="148" Y="87" T="undefined" />
	<Point X="159" Y="85" T="undefined" />
	<Point X="171" Y="84" T="undefined" />
	<Point X="176" Y="84" T="undefined" />
	<Point X="181" Y="84" T="undefined" />
	<Point X="189" Y="87" T="undefined" />
	<Point X="192" Y="88" T="undefined" />
	<Point X="200" Y="94" T="undefined" />
	<Point X="204" Y="96" T="undefined" />
	<Point X="211" Y="98" T="undefined" />
	<Point X="215" Y="99" T="undefined" />
	<Point X="218" Y="101" T="undefined" />
	<Point X="221" Y="104" T="undefined" />
	<Point X="221" Y="108" T="undefined" />
	<Point X="223" Y="113" T="undefined" />
	<Point X="223" Y="117" T="undefined" />
	<Point X="223" Y="126" T="undefined" />
	<Point X="222" Y="136" T="undefined" />
	<Point X="221" Y="142" T="undefined" />
	<Point X="216" Y="149" T="undefined" />
	<Point X="209" Y="157" T="undefined" />
	<Point X="201" Y="166" T="undefined" />
	<Point X="198" Y="170" T="undefined" />
	<Point X="194" Y="175" T="undefined" />
	<Point X="192" Y="178" T="undefined" />
	<Point X="191" Y="181" T="undefined" />
	<Point X="189" Y="185" T="undefined" />
	<Point X="189" Y="188" T="undefined" />
	<Point X="188" Y="190" T="undefined" />
	<Point X="188" Y="193" T="undefined" />
	<Point X="188" Y="196" T="undefined" />
	<Point X="189" Y="201" T="undefined" />
	<Point X="190" Y="206" T="undefined" />
	<Point X="191" Y="210" T="undefined" />
	<Point X="192" Y="214" T="undefined" />
	<Point X="194" Y="217" T="undefined" />
	<Point X="199" Y="221" T="undefined" />
	<Point X="203" Y="224" T="undefined" />
	<Point X="209" Y="228" T="undefined" />
	<Point X="213" Y="229" T="undefined" />
	<Point X="217" Y="231" T="undefined" />
	<Point X="219" Y="232" T="undefined" />
	<Point X="221" Y="234" T="undefined" />
	<Point X="222" Y="235" T="undefined" />
	<Point X="223" Y="237" T="undefined" />
	<Point X="224" Y="238" T="undefined" />
	<Point X="224" Y="238" T="undefined" />
	<Point X="224" Y="239" T="undefined" />
	<Point X="225" Y="241" T="undefined" />
	<Point X="226" Y="243" T="undefined" />
	<Point X="226" Y="246" T="undefined" />
	<Point X="226" Y="248" T="undefined" />
	<Point X="225" Y="250" T="undefined" />
	<Point X="222" Y="251" T="undefined" />
	<Point X="217" Y="254" T="undefined" />
	<Point X="209" Y="259" T="undefined" />
	<Point X="205" Y="261" T="undefined" />
	<Point X="203" Y="262" T="undefined" />
	<Point X="202" Y="263" T="undefined" />
	<Point X="200" Y="264" T="undefined" />
	<Point X="199" Y="266" T="undefined" />
	<Point X="197" Y="269" T="undefined" />
	<Point X="195" Y="275" T="undefined" />
	<Point X="195" Y="277" T="undefined" />
	<Point X="195" Y="280" T="undefined" />
	<Point X="195" Y="282" T="undefined" />
	<Point X="196" Y="284" T="undefined" />
	<Point X="199" Y="289" T="undefined" />
	<Point X="202" Y="296" T="undefined" />
	<Point X="204" Y="301" T="undefined" />
	<Point X="205" Y="305" T="undefined" />
	<Point X="207" Y="311" T="undefined" />
	<Point X="208" Y="313" T="undefined" />
	<Point X="209" Y="316" T="undefined" />
	<Point X="211" Y="318" T="undefined" />
	<Point X="213" Y="322" T="undefined" />
	<Point X="215" Y="326" T="undefined" />
	<Point X="216" Y="330" T="undefined" />
	<Point X="218" Y="337" T="undefined" />
	<Point X="219" Y="343" T="undefined" />
	<Point X="219" Y="349" T="undefined" />
	<Point X="219" Y="353" T="undefined" />
	<Point X="219" Y="357" T="undefined" />
	<Point X="217" Y="368" T="undefined" />
	<Point X="215" Y="375" T="undefined" />
	<Point X="212" Y="382" T="undefined" />
	<Point X="209" Y="386" T="undefined" />
	<Point X="204" Y="390" T="undefined" />
	<Point X="200" Y="392" T="undefined" />
	<Point X="192" Y="395" T="undefined" />
	<Point X="183" Y="396" T="undefined" />
	<Point X="175" Y="397" T="undefined" />
	<Point X="165" Y="401" T="undefined" />
	<Point X="160" Y="404" T="undefined" />
	<Point X="154" Y="407" T="undefined" />
	<Point X="152" Y="408" T="undefined" />
	<Point X="151" Y="409" T="undefined" />
	<Point X="150" Y="409" T="undefined" />
	<Point X="149" Y="409" T="undefined" />
	<Point X="148" Y="408" T="undefined" />
	<Point X="148" Y="407" T="undefined" />
	<Point X="148" Y="406" T="undefined" />
</Gesture>