<?xml version="1.0" encoding="utf-8" standalone="yes"?>
<Gesture Name="Right Square Bracket9" NumPts="83">
	<Point X="164" Y="103" T="undefined" />
	<Point X="166" Y="103" T="undefined" />
	<Point X="170" Y="105" T="undefined" />
	<Point X="174" Y="107" T="undefined" />
	<Point X="178" Y="108" T="undefined" />
	<Point X="182" Y="109" T="undefined" />
	<Point X="186" Y="111" T="undefined" />
	<Point X="191" Y="114" T="undefined" />
	<Point X="196" Y="115" T="undefined" />
	<Point X="203" Y="118" T="undefined" />
	<Point X="207" Y="119" T="undefined" />
	<Point X="210" Y="120" T="undefined" />
	<Point X="217" Y="121" T="undefined" />
	<Point X="223" Y="121" T="undefined" />
	<Point X="234" Y="118" T="undefined" />
	<Point X="239" Y="117" T="undefined" />
	<Point X="245" Y="114" T="undefined" />
	<Point X="251" Y="112" T="undefined" />
	<Point X="254" Y="111" T="undefined" />
	<Point X="258" Y="111" T="undefined" />
	<Point X="260" Y="111" T="undefined" />
	<Point X="262" Y="111" T="undefined" />
	<Point X="264" Y="111" T="undefined" />
	<Point X="265" Y="111" T="undefined" />
	<Point X="266" Y="111" T="undefined" />
	<Point X="267" Y="111" T="undefined" />
	<Point X="267" Y="111" T="undefined" />
	<Point X="267" Y="113" T="undefined" />
	<Point X="265" Y="125" T="undefined" />
	<Point X="262" Y="137" T="undefined" />
	<Point X="257" Y="149" T="undefined" />
	<Point X="250" Y="170" T="undefined" />
	<Point X="248" Y="183" T="undefined" />
	<Point X="245" Y="191" T="undefined" />
	<Point X="245" Y="195" T="undefined" />
	<Point X="245" Y="202" T="undefined" />
	<Point X="245" Y="209" T="undefined" />
	<Point X="244" Y="216" T="undefined" />
	<Point X="242" Y="229" T="undefined" />
	<Point X="241" Y="239" T="undefined" />
	<Point X="239" Y="253" T="undefined" />
	<Point X="236" Y="265" T="undefined" />
	<Point X="235" Y="270" T="undefined" />
	<Point X="233" Y="277" T="undefined" />
	<Point X="230" Y="288" T="undefined" />
	<Point X="228" Y="298" T="undefined" />
	<Point X="227" Y="305" T="undefined" />
	<Point X="225" Y="311" T="undefined" />
	<Point X="224" Y="320" T="undefined" />
	<Point X="222" Y="326" T="undefined" />
	<Point X="220" Y="334" T="undefined" />
	<Point X="218" Y="338" T="undefined" />
	<Point X="216" Y="346" T="undefined" />
	<Point X="215" Y="350" T="undefined" />
	<Point X="213" Y="358" T="undefined" />
	<Point X="211" Y="367" T="undefined" />
	<Point X="210" Y="372" T="undefined" />
	<Point X="209" Y="373" T="undefined" />
	<Point X="209" Y="374" T="undefined" />
	<Point X="209" Y="375" T="undefined" />
	<Point X="209" Y="375" T="undefined" />
	<Point X="209" Y="376" T="undefined" />
	<Point X="208" Y="376" T="undefined" />
	<Point X="208" Y="377" T="undefined" />
	<Point X="208" Y="378" T="undefined" />
	<Point X="208" Y="379" T="undefined" />
	<Point X="208" Y="379" T="undefined" />
	<Point X="206" Y="379" T="undefined" />
	<Point X="205" Y="379" T="undefined" />
	<Point X="197" Y="375" T="undefined" />
	<Point X="193" Y="373" T="undefined" />
	<Point X="175" Y="362" T="undefined" />
	<Point X="169" Y="358" T="undefined" />
	<Point X="163" Y="357" T="undefined" />
	<Point X="161" Y="356" T="undefined" />
	<Point X="158" Y="356" T="undefined" />
	<Point X="156" Y="356" T="undefined" />
	<Point X="152" Y="356" T="undefined" />
	<Point X="150" Y="356" T="undefined" />
	<Point X="146" Y="354" T="undefined" />
	<Point X="144" Y="353" T="undefined" />
	<Point X="143" Y="353" T="undefined" />
	<Point X="140" Y="352" T="undefined" />
</Gesture>