<?xml version="1.0" encoding="utf-8" standalone="yes"?>
<Gesture Name="Right Curly Brace7" NumPts="96">
	<Point X="110" Y="93" T="undefined" />
	<Point X="115" Y="93" T="undefined" />
	<Point X="123" Y="93" T="undefined" />
	<Point X="142" Y="95" T="undefined" />
	<Point X="148" Y="96" T="undefined" />
	<Point X="153" Y="99" T="undefined" />
	<Point X="161" Y="104" T="undefined" />
	<Point X="165" Y="110" T="undefined" />
	<Point X="176" Y="118" T="undefined" />
	<Point X="181" Y="121" T="undefined" />
	<Point X="188" Y="124" T="undefined" />
	<Point X="191" Y="125" T="undefined" />
	<Point X="194" Y="128" T="undefined" />
	<Point X="197" Y="137" T="undefined" />
	<Point X="197" Y="148" T="undefined" />
	<Point X="196" Y="162" T="undefined" />
	<Point X="195" Y="166" T="undefined" />
	<Point X="194" Y="170" T="undefined" />
	<Point X="191" Y="175" T="undefined" />
	<Point X="188" Y="181" T="undefined" />
	<Point X="177" Y="194" T="undefined" />
	<Point X="168" Y="203" T="undefined" />
	<Point X="159" Y="212" T="undefined" />
	<Point X="154" Y="217" T="undefined" />
	<Point X="150" Y="221" T="undefined" />
	<Point X="146" Y="226" T="undefined" />
	<Point X="145" Y="228" T="undefined" />
	<Point X="143" Y="231" T="undefined" />
	<Point X="143" Y="235" T="undefined" />
	<Point X="143" Y="238" T="undefined" />
	<Point X="143" Y="242" T="undefined" />
	<Point X="144" Y="245" T="undefined" />
	<Point X="147" Y="247" T="undefined" />
	<Point X="154" Y="252" T="undefined" />
	<Point X="162" Y="255" T="undefined" />
	<Point X="170" Y="260" T="undefined" />
	<Point X="177" Y="263" T="undefined" />
	<Point X="188" Y="267" T="undefined" />
	<Point X="195" Y="271" T="undefined" />
	<Point X="202" Y="275" T="undefined" />
	<Point X="206" Y="277" T="undefined" />
	<Point X="210" Y="278" T="undefined" />
	<Point X="210" Y="279" T="undefined" />
	<Point X="210" Y="279" T="undefined" />
	<Point X="210" Y="280" T="undefined" />
	<Point X="210" Y="280" T="undefined" />
	<Point X="209" Y="282" T="undefined" />
	<Point X="206" Y="285" T="undefined" />
	<Point X="199" Y="290" T="undefined" />
	<Point X="194" Y="293" T="undefined" />
	<Point X="188" Y="296" T="undefined" />
	<Point X="184" Y="299" T="undefined" />
	<Point X="176" Y="305" T="undefined" />
	<Point X="172" Y="309" T="undefined" />
	<Point X="170" Y="311" T="undefined" />
	<Point X="163" Y="317" T="undefined" />
	<Point X="160" Y="320" T="undefined" />
	<Point X="157" Y="322" T="undefined" />
	<Point X="152" Y="329" T="undefined" />
	<Point X="150" Y="337" T="undefined" />
	<Point X="149" Y="340" T="undefined" />
	<Point X="149" Y="343" T="undefined" />
	<Point X="149" Y="345" T="undefined" />
	<Point X="150" Y="347" T="undefined" />
	<Point X="154" Y="351" T="undefined" />
	<Point X="158" Y="355" T="undefined" />
	<Point X="167" Y="362" T="undefined" />
	<Point X="171" Y="366" T="undefined" />
	<Point X="182" Y="375" T="undefined" />
	<Point X="190" Y="382" T="undefined" />
	<Point X="193" Y="385" T="undefined" />
	<Point X="196" Y="391" T="undefined" />
	<Point X="197" Y="394" T="undefined" />
	<Point X="197" Y="402" T="undefined" />
	<Point X="196" Y="408" T="undefined" />
	<Point X="194" Y="415" T="undefined" />
	<Point X="189" Y="424" T="undefined" />
	<Point X="186" Y="431" T="undefined" />
	<Point X="183" Y="438" T="undefined" />
	<Point X="180" Y="442" T="undefined" />
	<Point X="176" Y="446" T="undefined" />
	<Point X="173" Y="448" T="undefined" />
	<Point X="156" Y="451" T="undefined" />
	<Point X="143" Y="452" T="undefined" />
	<Point X="135" Y="452" T="undefined" />
	<Point X="125" Y="453" T="undefined" />
	<Point X="108" Y="455" T="undefined" />
	<Point X="102" Y="455" T="undefined" />
	<Point X="100" Y="455" T="undefined" />
	<Point X="99" Y="455" T="undefined" />
	<Point X="98" Y="455" T="undefined" />
	<Point X="97" Y="455" T="undefined" />
	<Point X="97" Y="455" T="undefined" />
	<Point X="96" Y="455" T="undefined" />
	<Point X="95" Y="455" T="undefined" />
	<Point X="95" Y="454" T="undefined" />
</Gesture>