<?xml version="1.0" encoding="utf-8" standalone="yes"?>
<Gesture Name="Right Curly Brace1" NumPts="133">
	<Point X="165" Y="97" T="undefined" />
	<Point X="165" Y="97" T="undefined" />
	<Point X="166" Y="97" T="undefined" />
	<Point X="168" Y="97" T="undefined" />
	<Point X="173" Y="97" T="undefined" />
	<Point X="177" Y="97" T="undefined" />
	<Point X="183" Y="97" T="undefined" />
	<Point X="187" Y="97" T="undefined" />
	<Point X="193" Y="97" T="undefined" />
	<Point X="196" Y="97" T="undefined" />
	<Point X="200" Y="97" T="undefined" />
	<Point X="205" Y="96" T="undefined" />
	<Point X="210" Y="96" T="undefined" />
	<Point X="215" Y="96" T="undefined" />
	<Point X="221" Y="97" T="undefined" />
	<Point X="225" Y="98" T="undefined" />
	<Point X="229" Y="100" T="undefined" />
	<Point X="232" Y="101" T="undefined" />
	<Point X="236" Y="104" T="undefined" />
	<Point X="239" Y="107" T="undefined" />
	<Point X="243" Y="112" T="undefined" />
	<Point X="245" Y="117" T="undefined" />
	<Point X="247" Y="122" T="undefined" />
	<Point X="250" Y="128" T="undefined" />
	<Point X="250" Y="133" T="undefined" />
	<Point X="251" Y="139" T="undefined" />
	<Point X="251" Y="144" T="undefined" />
	<Point X="249" Y="152" T="undefined" />
	<Point X="246" Y="156" T="undefined" />
	<Point X="242" Y="161" T="undefined" />
	<Point X="230" Y="170" T="undefined" />
	<Point X="223" Y="173" T="undefined" />
	<Point X="215" Y="176" T="undefined" />
	<Point X="212" Y="179" T="undefined" />
	<Point X="209" Y="181" T="undefined" />
	<Point X="204" Y="187" T="undefined" />
	<Point X="200" Y="191" T="undefined" />
	<Point X="196" Y="197" T="undefined" />
	<Point X="194" Y="200" T="undefined" />
	<Point X="193" Y="204" T="undefined" />
	<Point X="192" Y="206" T="undefined" />
	<Point X="191" Y="209" T="undefined" />
	<Point X="191" Y="212" T="undefined" />
	<Point X="191" Y="213" T="undefined" />
	<Point X="191" Y="215" T="undefined" />
	<Point X="191" Y="217" T="undefined" />
	<Point X="191" Y="219" T="undefined" />
	<Point X="192" Y="221" T="undefined" />
	<Point X="194" Y="222" T="undefined" />
	<Point X="196" Y="224" T="undefined" />
	<Point X="199" Y="225" T="undefined" />
	<Point X="202" Y="227" T="undefined" />
	<Point X="204" Y="229" T="undefined" />
	<Point X="206" Y="230" T="undefined" />
	<Point X="209" Y="232" T="undefined" />
	<Point X="211" Y="232" T="undefined" />
	<Point X="213" Y="234" T="undefined" />
	<Point X="218" Y="235" T="undefined" />
	<Point X="223" Y="236" T="undefined" />
	<Point X="226" Y="238" T="undefined" />
	<Point X="228" Y="239" T="undefined" />
	<Point X="230" Y="240" T="undefined" />
	<Point X="230" Y="241" T="undefined" />
	<Point X="232" Y="241" T="undefined" />
	<Point X="232" Y="242" T="undefined" />
	<Point X="233" Y="243" T="undefined" />
	<Point X="233" Y="244" T="undefined" />
	<Point X="233" Y="245" T="undefined" />
	<Point X="234" Y="246" T="undefined" />
	<Point X="235" Y="247" T="undefined" />
	<Point X="236" Y="249" T="undefined" />
	<Point X="236" Y="250" T="undefined" />
	<Point X="236" Y="251" T="undefined" />
	<Point X="236" Y="253" T="undefined" />
	<Point X="236" Y="254" T="undefined" />
	<Point X="234" Y="256" T="undefined" />
	<Point X="230" Y="258" T="undefined" />
	<Point X="223" Y="261" T="undefined" />
	<Point X="217" Y="264" T="undefined" />
	<Point X="214" Y="265" T="undefined" />
	<Point X="211" Y="266" T="undefined" />
	<Point X="210" Y="267" T="undefined" />
	<Point X="206" Y="268" T="undefined" />
	<Point X="204" Y="269" T="undefined" />
	<Point X="202" Y="270" T="undefined" />
	<Point X="201" Y="270" T="undefined" />
	<Point X="200" Y="271" T="undefined" />
	<Point X="199" Y="271" T="undefined" />
	<Point X="197" Y="271" T="undefined" />
	<Point X="197" Y="271" T="undefined" />
	<Point X="197" Y="272" T="undefined" />
	<Point X="197" Y="273" T="undefined" />
	<Point X="198" Y="273" T="undefined" />
	<Point X="199" Y="274" T="undefined" />
	<Point X="202" Y="277" T="undefined" />
	<Point X="204" Y="279" T="undefined" />
	<Point X="207" Y="281" T="undefined" />
	<Point X="211" Y="284" T="undefined" />
	<Point X="214" Y="286" T="undefined" />
	<Point X="217" Y="288" T="undefined" />
	<Point X="217" Y="290" T="undefined" />
	<Point X="218" Y="291" T="undefined" />
	<Point X="219" Y="292" T="undefined" />
	<Point X="219" Y="294" T="undefined" />
	<Point X="221" Y="295" T="undefined" />
	<Point X="222" Y="298" T="undefined" />
	<Point X="225" Y="300" T="undefined" />
	<Point X="227" Y="305" T="undefined" />
	<Point X="229" Y="309" T="undefined" />
	<Point X="232" Y="315" T="undefined" />
	<Point X="233" Y="319" T="undefined" />
	<Point X="235" Y="325" T="undefined" />
	<Point X="235" Y="328" T="undefined" />
	<Point X="235" Y="332" T="undefined" />
	<Point X="237" Y="341" T="undefined" />
	<Point X="238" Y="348" T="undefined" />
	<Point X="238" Y="357" T="undefined" />
	<Point X="238" Y="361" T="undefined" />
	<Point X="236" Y="368" T="undefined" />
	<Point X="234" Y="375" T="undefined" />
	<Point X="230" Y="383" T="undefined" />
	<Point X="225" Y="393" T="undefined" />
	<Point X="221" Y="398" T="undefined" />
	<Point X="213" Y="402" T="undefined" />
	<Point X="207" Y="405" T="undefined" />
	<Point X="202" Y="405" T="undefined" />
	<Point X="195" Y="405" T="undefined" />
	<Point X="188" Y="405" T="undefined" />
	<Point X="172" Y="406" T="undefined" />
	<Point X="166" Y="407" T="undefined" />
	<Point X="160" Y="407" T="undefined" />
	<Point X="159" Y="407" T="undefined" />
	<Point X="157" Y="407" T="undefined" />
</Gesture>