<?xml version="1.0" encoding="utf-8" standalone="yes"?>
<Gesture Name="Right Curly Brace5" NumPts="108">
	<Point X="146" Y="65" T="undefined" />
	<Point X="149" Y="64" T="undefined" />
	<Point X="156" Y="62" T="undefined" />
	<Point X="171" Y="61" T="undefined" />
	<Point X="174" Y="62" T="undefined" />
	<Point X="178" Y="64" T="undefined" />
	<Point X="182" Y="67" T="undefined" />
	<Point X="186" Y="70" T="undefined" />
	<Point X="194" Y="74" T="undefined" />
	<Point X="199" Y="75" T="undefined" />
	<Point X="204" Y="75" T="undefined" />
	<Point X="207" Y="75" T="undefined" />
	<Point X="210" Y="75" T="undefined" />
	<Point X="215" Y="75" T="undefined" />
	<Point X="219" Y="75" T="undefined" />
	<Point X="223" Y="76" T="undefined" />
	<Point X="227" Y="78" T="undefined" />
	<Point X="229" Y="82" T="undefined" />
	<Point X="229" Y="89" T="undefined" />
	<Point X="229" Y="98" T="undefined" />
	<Point X="228" Y="106" T="undefined" />
	<Point X="226" Y="111" T="undefined" />
	<Point X="221" Y="119" T="undefined" />
	<Point X="218" Y="127" T="undefined" />
	<Point X="210" Y="136" T="undefined" />
	<Point X="204" Y="143" T="undefined" />
	<Point X="195" Y="150" T="undefined" />
	<Point X="188" Y="153" T="undefined" />
	<Point X="183" Y="156" T="undefined" />
	<Point X="180" Y="159" T="undefined" />
	<Point X="177" Y="162" T="undefined" />
	<Point X="174" Y="167" T="undefined" />
	<Point X="169" Y="176" T="undefined" />
	<Point X="165" Y="182" T="undefined" />
	<Point X="161" Y="189" T="undefined" />
	<Point X="160" Y="193" T="undefined" />
	<Point X="158" Y="195" T="undefined" />
	<Point X="158" Y="196" T="undefined" />
	<Point X="158" Y="198" T="undefined" />
	<Point X="158" Y="199" T="undefined" />
	<Point X="158" Y="200" T="undefined" />
	<Point X="159" Y="202" T="undefined" />
	<Point X="163" Y="207" T="undefined" />
	<Point X="165" Y="212" T="undefined" />
	<Point X="166" Y="214" T="undefined" />
	<Point X="167" Y="217" T="undefined" />
	<Point X="170" Y="219" T="undefined" />
	<Point X="171" Y="219" T="undefined" />
	<Point X="174" Y="221" T="undefined" />
	<Point X="176" Y="222" T="undefined" />
	<Point X="178" Y="224" T="undefined" />
	<Point X="178" Y="225" T="undefined" />
	<Point X="179" Y="226" T="undefined" />
	<Point X="179" Y="227" T="undefined" />
	<Point X="179" Y="227" T="undefined" />
	<Point X="179" Y="228" T="undefined" />
	<Point X="179" Y="231" T="undefined" />
	<Point X="179" Y="235" T="undefined" />
	<Point X="178" Y="237" T="undefined" />
	<Point X="177" Y="238" T="undefined" />
	<Point X="175" Y="240" T="undefined" />
	<Point X="172" Y="243" T="undefined" />
	<Point X="169" Y="246" T="undefined" />
	<Point X="162" Y="252" T="undefined" />
	<Point X="159" Y="255" T="undefined" />
	<Point X="156" Y="258" T="undefined" />
	<Point X="156" Y="258" T="undefined" />
	<Point X="154" Y="259" T="undefined" />
	<Point X="154" Y="259" T="undefined" />
	<Point X="154" Y="260" T="undefined" />
	<Point X="154" Y="261" T="undefined" />
	<Point X="154" Y="262" T="undefined" />
	<Point X="155" Y="264" T="undefined" />
	<Point X="157" Y="267" T="undefined" />
	<Point X="160" Y="270" T="undefined" />
	<Point X="163" Y="275" T="undefined" />
	<Point X="167" Y="279" T="undefined" />
	<Point X="170" Y="282" T="undefined" />
	<Point X="175" Y="286" T="undefined" />
	<Point X="177" Y="289" T="undefined" />
	<Point X="182" Y="295" T="undefined" />
	<Point X="186" Y="298" T="undefined" />
	<Point X="189" Y="302" T="undefined" />
	<Point X="195" Y="308" T="undefined" />
	<Point X="198" Y="313" T="undefined" />
	<Point X="201" Y="319" T="undefined" />
	<Point X="203" Y="325" T="undefined" />
	<Point X="203" Y="335" T="undefined" />
	<Point X="202" Y="342" T="undefined" />
	<Point X="199" Y="350" T="undefined" />
	<Point X="194" Y="359" T="undefined" />
	<Point X="188" Y="366" T="undefined" />
	<Point X="175" Y="378" T="undefined" />
	<Point X="165" Y="386" T="undefined" />
	<Point X="156" Y="390" T="undefined" />
	<Point X="153" Y="391" T="undefined" />
	<Point X="149" Y="391" T="undefined" />
	<Point X="145" Y="390" T="undefined" />
	<Point X="138" Y="385" T="undefined" />
	<Point X="132" Y="382" T="undefined" />
	<Point X="128" Y="380" T="undefined" />
	<Point X="122" Y="377" T="undefined" />
	<Point X="118" Y="375" T="undefined" />
	<Point X="115" Y="374" T="undefined" />
	<Point X="113" Y="373" T="undefined" />
	<Point X="112" Y="372" T="undefined" />
	<Point X="110" Y="372" T="undefined" />
	<Point X="110" Y="371" T="undefined" />
</Gesture>