<?xml version="1.0" encoding="utf-8" standalone="yes"?>
<Gesture Name="Right Square Bracket3" NumPts="112">
	<Point X="189" Y="121" T="undefined" />
	<Point X="190" Y="121" T="undefined" />
	<Point X="194" Y="121" T="undefined" />
	<Point X="198" Y="121" T="undefined" />
	<Point X="201" Y="121" T="undefined" />
	<Point X="209" Y="121" T="undefined" />
	<Point X="218" Y="121" T="undefined" />
	<Point X="221" Y="121" T="undefined" />
	<Point X="224" Y="121" T="undefined" />
	<Point X="226" Y="121" T="undefined" />
	<Point X="228" Y="122" T="undefined" />
	<Point X="232" Y="125" T="undefined" />
	<Point X="234" Y="125" T="undefined" />
	<Point X="238" Y="126" T="undefined" />
	<Point X="241" Y="126" T="undefined" />
	<Point X="244" Y="126" T="undefined" />
	<Point X="246" Y="126" T="undefined" />
	<Point X="247" Y="126" T="undefined" />
	<Point X="250" Y="126" T="undefined" />
	<Point X="252" Y="126" T="undefined" />
	<Point X="253" Y="125" T="undefined" />
	<Point X="257" Y="125" T="undefined" />
	<Point X="259" Y="125" T="undefined" />
	<Point X="262" Y="125" T="undefined" />
	<Point X="264" Y="125" T="undefined" />
	<Point X="265" Y="125" T="undefined" />
	<Point X="266" Y="125" T="undefined" />
	<Point X="266" Y="126" T="undefined" />
	<Point X="266" Y="127" T="undefined" />
	<Point X="266" Y="128" T="undefined" />
	<Point X="267" Y="132" T="undefined" />
	<Point X="267" Y="135" T="undefined" />
	<Point X="267" Y="138" T="undefined" />
	<Point X="267" Y="143" T="undefined" />
	<Point X="268" Y="152" T="undefined" />
	<Point X="268" Y="164" T="undefined" />
	<Point X="268" Y="170" T="undefined" />
	<Point X="267" Y="175" T="undefined" />
	<Point X="267" Y="181" T="undefined" />
	<Point X="267" Y="186" T="undefined" />
	<Point X="267" Y="191" T="undefined" />
	<Point X="267" Y="198" T="undefined" />
	<Point X="267" Y="202" T="undefined" />
	<Point X="267" Y="205" T="undefined" />
	<Point X="267" Y="211" T="undefined" />
	<Point X="267" Y="218" T="undefined" />
	<Point X="267" Y="224" T="undefined" />
	<Point X="267" Y="231" T="undefined" />
	<Point X="267" Y="239" T="undefined" />
	<Point X="267" Y="242" T="undefined" />
	<Point X="268" Y="248" T="undefined" />
	<Point X="269" Y="251" T="undefined" />
	<Point X="271" Y="260" T="undefined" />
	<Point X="272" Y="266" T="undefined" />
	<Point X="272" Y="271" T="undefined" />
	<Point X="273" Y="276" T="undefined" />
	<Point X="273" Y="281" T="undefined" />
	<Point X="273" Y="283" T="undefined" />
	<Point X="273" Y="289" T="undefined" />
	<Point X="274" Y="298" T="undefined" />
	<Point X="274" Y="304" T="undefined" />
	<Point X="274" Y="310" T="undefined" />
	<Point X="274" Y="314" T="undefined" />
	<Point X="274" Y="315" T="undefined" />
	<Point X="274" Y="317" T="undefined" />
	<Point X="274" Y="318" T="undefined" />
	<Point X="274" Y="318" T="undefined" />
	<Point X="275" Y="324" T="undefined" />
	<Point X="277" Y="330" T="undefined" />
	<Point X="277" Y="337" T="undefined" />
	<Point X="277" Y="341" T="undefined" />
	<Point X="277" Y="342" T="undefined" />
	<Point X="277" Y="342" T="undefined" />
	<Point X="277" Y="344" T="undefined" />
	<Point X="277" Y="345" T="undefined" />
	<Point X="277" Y="345" T="undefined" />
	<Point X="277" Y="346" T="undefined" />
	<Point X="277" Y="346" T="undefined" />
	<Point X="277" Y="347" T="undefined" />
	<Point X="276" Y="347" T="undefined" />
	<Point X="275" Y="348" T="undefined" />
	<Point X="274" Y="348" T="undefined" />
	<Point X="273" Y="348" T="undefined" />
	<Point X="272" Y="348" T="undefined" />
	<Point X="269" Y="349" T="undefined" />
	<Point X="267" Y="349" T="undefined" />
	<Point X="266" Y="349" T="undefined" />
	<Point X="261" Y="349" T="undefined" />
	<Point X="258" Y="349" T="undefined" />
	<Point X="253" Y="349" T="undefined" />
	<Point X="248" Y="348" T="undefined" />
	<Point X="246" Y="348" T="undefined" />
	<Point X="242" Y="348" T="undefined" />
	<Point X="239" Y="348" T="undefined" />
	<Point X="235" Y="348" T="undefined" />
	<Point X="231" Y="348" T="undefined" />
	<Point X="228" Y="348" T="undefined" />
	<Point X="224" Y="348" T="undefined" />
	<Point X="221" Y="348" T="undefined" />
	<Point X="219" Y="348" T="undefined" />
	<Point X="217" Y="348" T="undefined" />
	<Point X="214" Y="348" T="undefined" />
	<Point X="213" Y="348" T="undefined" />
	<Point X="211" Y="348" T="undefined" />
	<Point X="208" Y="348" T="undefined" />
	<Point X="205" Y="348" T="undefined" />
	<Point X="202" Y="348" T="undefined" />
	<Point X="200" Y="348" T="undefined" />
	<Point X="198" Y="348" T="undefined" />
	<Point X="197" Y="348" T="undefined" />
	<Point X="196" Y="348" T="undefined" />
	<Point X="196" Y="348" T="undefined" />
</Gesture>