<?xml version="1.0" encoding="utf-8" standalone="yes"?>
<Gesture Name="Right Curly Brace0" NumPts="186">
	<Point X="184" Y="81" T="undefined" />
	<Point X="185" Y="81" T="undefined" />
	<Point X="188" Y="81" T="undefined" />
	<Point X="189" Y="81" T="undefined" />
	<Point X="195" Y="81" T="undefined" />
	<Point X="199" Y="81" T="undefined" />
	<Point X="202" Y="81" T="undefined" />
	<Point X="204" Y="81" T="undefined" />
	<Point X="205" Y="81" T="undefined" />
	<Point X="207" Y="81" T="undefined" />
	<Point X="209" Y="82" T="undefined" />
	<Point X="211" Y="83" T="undefined" />
	<Point X="213" Y="83" T="undefined" />
	<Point X="216" Y="84" T="undefined" />
	<Point X="218" Y="84" T="undefined" />
	<Point X="222" Y="86" T="undefined" />
	<Point X="225" Y="88" T="undefined" />
	<Point X="228" Y="89" T="undefined" />
	<Point X="230" Y="92" T="undefined" />
	<Point X="232" Y="94" T="undefined" />
	<Point X="233" Y="96" T="undefined" />
	<Point X="235" Y="98" T="undefined" />
	<Point X="235" Y="101" T="undefined" />
	<Point X="237" Y="105" T="undefined" />
	<Point X="237" Y="106" T="undefined" />
	<Point X="237" Y="110" T="undefined" />
	<Point X="238" Y="111" T="undefined" />
	<Point X="238" Y="117" T="undefined" />
	<Point X="237" Y="121" T="undefined" />
	<Point X="235" Y="126" T="undefined" />
	<Point X="233" Y="130" T="undefined" />
	<Point X="231" Y="132" T="undefined" />
	<Point X="227" Y="134" T="undefined" />
	<Point X="225" Y="137" T="undefined" />
	<Point X="221" Y="141" T="undefined" />
	<Point X="217" Y="145" T="undefined" />
	<Point X="214" Y="149" T="undefined" />
	<Point X="211" Y="152" T="undefined" />
	<Point X="209" Y="155" T="undefined" />
	<Point X="206" Y="159" T="undefined" />
	<Point X="205" Y="162" T="undefined" />
	<Point X="204" Y="165" T="undefined" />
	<Point X="202" Y="170" T="undefined" />
	<Point X="201" Y="174" T="undefined" />
	<Point X="200" Y="180" T="undefined" />
	<Point X="200" Y="184" T="undefined" />
	<Point X="200" Y="190" T="undefined" />
	<Point X="200" Y="194" T="undefined" />
	<Point X="201" Y="197" T="undefined" />
	<Point X="201" Y="201" T="undefined" />
	<Point X="201" Y="202" T="undefined" />
	<Point X="202" Y="203" T="undefined" />
	<Point X="204" Y="206" T="undefined" />
	<Point X="206" Y="208" T="undefined" />
	<Point X="207" Y="209" T="undefined" />
	<Point X="209" Y="211" T="undefined" />
	<Point X="212" Y="212" T="undefined" />
	<Point X="214" Y="213" T="undefined" />
	<Point X="218" Y="214" T="undefined" />
	<Point X="220" Y="216" T="undefined" />
	<Point X="223" Y="216" T="undefined" />
	<Point X="227" Y="217" T="undefined" />
	<Point X="229" Y="218" T="undefined" />
	<Point X="233" Y="218" T="undefined" />
	<Point X="236" Y="219" T="undefined" />
	<Point X="238" Y="220" T="undefined" />
	<Point X="239" Y="220" T="undefined" />
	<Point X="240" Y="221" T="undefined" />
	<Point X="241" Y="221" T="undefined" />
	<Point X="241" Y="221" T="undefined" />
	<Point X="242" Y="221" T="undefined" />
	<Point X="242" Y="222" T="undefined" />
	<Point X="242" Y="222" T="undefined" />
	<Point X="242" Y="223" T="undefined" />
	<Point X="241" Y="224" T="undefined" />
	<Point X="240" Y="225" T="undefined" />
	<Point X="240" Y="225" T="undefined" />
	<Point X="239" Y="226" T="undefined" />
	<Point X="238" Y="227" T="undefined" />
	<Point X="236" Y="227" T="undefined" />
	<Point X="235" Y="228" T="undefined" />
	<Point X="234" Y="228" T="undefined" />
	<Point X="234" Y="228" T="undefined" />
	<Point X="233" Y="228" T="undefined" />
	<Point X="231" Y="229" T="undefined" />
	<Point X="230" Y="229" T="undefined" />
	<Point X="229" Y="230" T="undefined" />
	<Point X="227" Y="230" T="undefined" />
	<Point X="227" Y="231" T="undefined" />
	<Point X="226" Y="231" T="undefined" />
	<Point X="225" Y="231" T="undefined" />
	<Point X="224" Y="231" T="undefined" />
	<Point X="223" Y="231" T="undefined" />
	<Point X="222" Y="231" T="undefined" />
	<Point X="221" Y="232" T="undefined" />
	<Point X="221" Y="233" T="undefined" />
	<Point X="219" Y="233" T="undefined" />
	<Point X="218" Y="234" T="undefined" />
	<Point X="216" Y="234" T="undefined" />
	<Point X="215" Y="234" T="undefined" />
	<Point X="214" Y="236" T="undefined" />
	<Point X="212" Y="236" T="undefined" />
	<Point X="211" Y="237" T="undefined" />
	<Point X="209" Y="238" T="undefined" />
	<Point X="209" Y="238" T="undefined" />
	<Point X="207" Y="240" T="undefined" />
	<Point X="207" Y="241" T="undefined" />
	<Point X="205" Y="241" T="undefined" />
	<Point X="204" Y="243" T="undefined" />
	<Point X="203" Y="244" T="undefined" />
	<Point X="202" Y="244" T="undefined" />
	<Point X="200" Y="251" T="undefined" />
	<Point X="200" Y="251" T="undefined" />
	<Point X="200" Y="252" T="undefined" />
	<Point X="199" Y="253" T="undefined" />
	<Point X="199" Y="254" T="undefined" />
	<Point X="199" Y="255" T="undefined" />
	<Point X="198" Y="255" T="undefined" />
	<Point X="198" Y="256" T="undefined" />
	<Point X="198" Y="257" T="undefined" />
	<Point X="198" Y="258" T="undefined" />
	<Point X="198" Y="259" T="undefined" />
	<Point X="197" Y="259" T="undefined" />
	<Point X="197" Y="259" T="undefined" />
	<Point X="197" Y="260" T="undefined" />
	<Point X="197" Y="260" T="undefined" />
	<Point X="197" Y="261" T="undefined" />
	<Point X="197" Y="262" T="undefined" />
	<Point X="197" Y="265" T="undefined" />
	<Point X="197" Y="267" T="undefined" />
	<Point X="197" Y="268" T="undefined" />
	<Point X="197" Y="270" T="undefined" />
	<Point X="197" Y="271" T="undefined" />
	<Point X="197" Y="275" T="undefined" />
	<Point X="197" Y="277" T="undefined" />
	<Point X="199" Y="279" T="undefined" />
	<Point X="200" Y="281" T="undefined" />
	<Point X="201" Y="283" T="undefined" />
	<Point X="203" Y="284" T="undefined" />
	<Point X="205" Y="285" T="undefined" />
	<Point X="210" Y="287" T="undefined" />
	<Point X="213" Y="289" T="undefined" />
	<Point X="216" Y="292" T="undefined" />
	<Point X="218" Y="293" T="undefined" />
	<Point X="220" Y="296" T="undefined" />
	<Point X="223" Y="298" T="undefined" />
	<Point X="225" Y="300" T="undefined" />
	<Point X="228" Y="305" T="undefined" />
	<Point X="230" Y="309" T="undefined" />
	<Point X="232" Y="313" T="undefined" />
	<Point X="232" Y="315" T="undefined" />
	<Point X="233" Y="316" T="undefined" />
	<Point X="234" Y="319" T="undefined" />
	<Point X="236" Y="322" T="undefined" />
	<Point X="237" Y="331" T="undefined" />
	<Point X="238" Y="336" T="undefined" />
	<Point X="238" Y="338" T="undefined" />
	<Point X="238" Y="341" T="undefined" />
	<Point X="238" Y="343" T="undefined" />
	<Point X="238" Y="346" T="undefined" />
	<Point X="238" Y="348" T="undefined" />
	<Point X="238" Y="351" T="undefined" />
	<Point X="238" Y="352" T="undefined" />
	<Point X="238" Y="356" T="undefined" />
	<Point X="236" Y="360" T="undefined" />
	<Point X="235" Y="363" T="undefined" />
	<Point X="230" Y="370" T="undefined" />
	<Point X="227" Y="374" T="undefined" />
	<Point X="221" Y="378" T="undefined" />
	<Point X="214" Y="380" T="undefined" />
	<Point X="209" Y="382" T="undefined" />
	<Point X="205" Y="382" T="undefined" />
	<Point X="203" Y="383" T="undefined" />
	<Point X="199" Y="383" T="undefined" />
	<Point X="197" Y="384" T="undefined" />
	<Point X="193" Y="384" T="undefined" />
	<Point X="191" Y="385" T="undefined" />
	<Point X="188" Y="385" T="undefined" />
	<Point X="185" Y="385" T="undefined" />
	<Point X="182" Y="385" T="undefined" />
	<Point X="178" Y="385" T="undefined" />
	<Point X="176" Y="385" T="undefined" />
	<Point X="175" Y="385" T="undefined" />
	<Point X="173" Y="385" T="undefined" />
	<Point X="172" Y="385" T="undefined" />
	<Point X="171" Y="385" T="undefined" />
</Gesture>