<?xml version="1.0" encoding="utf-8" standalone="yes"?>
<Gesture Name="Right Curly Brace2" NumPts="168">
	<Point X="184" Y="116" T="undefined" />
	<Point X="185" Y="117" T="undefined" />
	<Point X="188" Y="117" T="undefined" />
	<Point X="191" Y="118" T="undefined" />
	<Point X="196" Y="120" T="undefined" />
	<Point X="199" Y="120" T="undefined" />
	<Point X="205" Y="120" T="undefined" />
	<Point X="210" Y="120" T="undefined" />
	<Point X="214" Y="120" T="undefined" />
	<Point X="219" Y="123" T="undefined" />
	<Point X="222" Y="124" T="undefined" />
	<Point X="226" Y="126" T="undefined" />
	<Point X="228" Y="127" T="undefined" />
	<Point X="231" Y="128" T="undefined" />
	<Point X="236" Y="129" T="undefined" />
	<Point X="238" Y="131" T="undefined" />
	<Point X="241" Y="132" T="undefined" />
	<Point X="243" Y="135" T="undefined" />
	<Point X="245" Y="136" T="undefined" />
	<Point X="247" Y="138" T="undefined" />
	<Point X="248" Y="140" T="undefined" />
	<Point X="249" Y="142" T="undefined" />
	<Point X="250" Y="144" T="undefined" />
	<Point X="252" Y="151" T="undefined" />
	<Point X="252" Y="155" T="undefined" />
	<Point X="252" Y="163" T="undefined" />
	<Point X="252" Y="167" T="undefined" />
	<Point X="252" Y="171" T="undefined" />
	<Point X="251" Y="174" T="undefined" />
	<Point X="250" Y="179" T="undefined" />
	<Point X="249" Y="182" T="undefined" />
	<Point X="248" Y="184" T="undefined" />
	<Point X="247" Y="187" T="undefined" />
	<Point X="245" Y="189" T="undefined" />
	<Point X="244" Y="191" T="undefined" />
	<Point X="241" Y="195" T="undefined" />
	<Point X="238" Y="200" T="undefined" />
	<Point X="236" Y="202" T="undefined" />
	<Point X="235" Y="203" T="undefined" />
	<Point X="233" Y="206" T="undefined" />
	<Point X="232" Y="208" T="undefined" />
	<Point X="231" Y="209" T="undefined" />
	<Point X="229" Y="213" T="undefined" />
	<Point X="228" Y="217" T="undefined" />
	<Point X="226" Y="221" T="undefined" />
	<Point X="224" Y="225" T="undefined" />
	<Point X="222" Y="229" T="undefined" />
	<Point X="222" Y="231" T="undefined" />
	<Point X="221" Y="231" T="undefined" />
	<Point X="221" Y="232" T="undefined" />
	<Point X="221" Y="233" T="undefined" />
	<Point X="221" Y="233" T="undefined" />
	<Point X="221" Y="234" T="undefined" />
	<Point X="221" Y="235" T="undefined" />
	<Point X="221" Y="236" T="undefined" />
	<Point X="222" Y="237" T="undefined" />
	<Point X="224" Y="237" T="undefined" />
	<Point X="227" Y="239" T="undefined" />
	<Point X="229" Y="240" T="undefined" />
	<Point X="233" Y="241" T="undefined" />
	<Point X="238" Y="242" T="undefined" />
	<Point X="240" Y="243" T="undefined" />
	<Point X="244" Y="245" T="undefined" />
	<Point X="245" Y="245" T="undefined" />
	<Point X="248" Y="247" T="undefined" />
	<Point X="250" Y="249" T="undefined" />
	<Point X="252" Y="251" T="undefined" />
	<Point X="253" Y="252" T="undefined" />
	<Point X="255" Y="255" T="undefined" />
	<Point X="257" Y="258" T="undefined" />
	<Point X="259" Y="259" T="undefined" />
	<Point X="261" Y="262" T="undefined" />
	<Point X="263" Y="264" T="undefined" />
	<Point X="264" Y="266" T="undefined" />
	<Point X="265" Y="267" T="undefined" />
	<Point X="265" Y="268" T="undefined" />
	<Point X="265" Y="268" T="undefined" />
	<Point X="265" Y="268" T="undefined" />
	<Point X="264" Y="268" T="undefined" />
	<Point X="264" Y="268" T="undefined" />
	<Point X="262" Y="269" T="undefined" />
	<Point X="260" Y="269" T="undefined" />
	<Point X="258" Y="270" T="undefined" />
	<Point X="256" Y="270" T="undefined" />
	<Point X="254" Y="271" T="undefined" />
	<Point X="250" Y="272" T="undefined" />
	<Point X="248" Y="273" T="undefined" />
	<Point X="246" Y="275" T="undefined" />
	<Point X="245" Y="275" T="undefined" />
	<Point X="243" Y="276" T="undefined" />
	<Point X="241" Y="277" T="undefined" />
	<Point X="238" Y="278" T="undefined" />
	<Point X="235" Y="279" T="undefined" />
	<Point X="233" Y="280" T="undefined" />
	<Point X="231" Y="282" T="undefined" />
	<Point X="230" Y="282" T="undefined" />
	<Point X="229" Y="284" T="undefined" />
	<Point X="228" Y="284" T="undefined" />
	<Point X="227" Y="284" T="undefined" />
	<Point X="227" Y="284" T="undefined" />
	<Point X="226" Y="284" T="undefined" />
	<Point X="226" Y="285" T="undefined" />
	<Point X="226" Y="285" T="undefined" />
	<Point X="226" Y="288" T="undefined" />
	<Point X="224" Y="291" T="undefined" />
	<Point X="224" Y="293" T="undefined" />
	<Point X="224" Y="294" T="undefined" />
	<Point X="223" Y="295" T="undefined" />
	<Point X="223" Y="296" T="undefined" />
	<Point X="223" Y="296" T="undefined" />
	<Point X="223" Y="297" T="undefined" />
	<Point X="223" Y="298" T="undefined" />
	<Point X="223" Y="299" T="undefined" />
	<Point X="223" Y="300" T="undefined" />
	<Point X="223" Y="300" T="undefined" />
	<Point X="223" Y="301" T="undefined" />
	<Point X="223" Y="302" T="undefined" />
	<Point X="223" Y="303" T="undefined" />
	<Point X="223" Y="304" T="undefined" />
	<Point X="224" Y="305" T="undefined" />
	<Point X="224" Y="307" T="undefined" />
	<Point X="225" Y="309" T="undefined" />
	<Point X="226" Y="312" T="undefined" />
	<Point X="229" Y="314" T="undefined" />
	<Point X="231" Y="317" T="undefined" />
	<Point X="233" Y="319" T="undefined" />
	<Point X="235" Y="320" T="undefined" />
	<Point X="236" Y="323" T="undefined" />
	<Point X="238" Y="325" T="undefined" />
	<Point X="240" Y="328" T="undefined" />
	<Point X="243" Y="333" T="undefined" />
	<Point X="245" Y="336" T="undefined" />
	<Point X="246" Y="341" T="undefined" />
	<Point X="247" Y="343" T="undefined" />
	<Point X="248" Y="349" T="undefined" />
	<Point X="248" Y="355" T="undefined" />
	<Point X="249" Y="367" T="undefined" />
	<Point X="249" Y="374" T="undefined" />
	<Point X="249" Y="379" T="undefined" />
	<Point X="248" Y="384" T="undefined" />
	<Point X="248" Y="389" T="undefined" />
	<Point X="247" Y="398" T="undefined" />
	<Point X="247" Y="404" T="undefined" />
	<Point X="246" Y="409" T="undefined" />
	<Point X="244" Y="415" T="undefined" />
	<Point X="244" Y="417" T="undefined" />
	<Point X="242" Y="420" T="undefined" />
	<Point X="240" Y="423" T="undefined" />
	<Point X="238" Y="424" T="undefined" />
	<Point X="234" Y="430" T="undefined" />
	<Point X="225" Y="432" T="undefined" />
	<Point X="216" Y="432" T="undefined" />
	<Point X="210" Y="432" T="undefined" />
	<Point X="204" Y="431" T="undefined" />
	<Point X="200" Y="429" T="undefined" />
	<Point X="197" Y="429" T="undefined" />
	<Point X="195" Y="429" T="undefined" />
	<Point X="194" Y="429" T="undefined" />
	<Point X="193" Y="429" T="undefined" />
	<Point X="193" Y="429" T="undefined" />
	<Point X="192" Y="429" T="undefined" />
	<Point X="192" Y="429" T="undefined" />
	<Point X="192" Y="429" T="undefined" />
	<Point X="191" Y="428" T="undefined" />
	<Point X="190" Y="428" T="undefined" />
	<Point X="189" Y="428" T="undefined" />
	<Point X="189" Y="428" T="undefined" />
	<Point X="189" Y="427" T="undefined" />
</Gesture>