<?xml version="1.0" encoding="utf-8" standalone="yes"?>
<Gesture Name="Star6" NumPts="158">
	<Point X="157" Y="310" T="undefined" />
	<Point X="160" Y="303" T="undefined" />
	<Point X="164" Y="294" T="undefined" />
	<Point X="183" Y="261" T="undefined" />
	<Point X="193" Y="246" T="undefined" />
	<Point X="204" Y="231" T="undefined" />
	<Point X="211" Y="222" T="undefined" />
	<Point X="215" Y="216" T="undefined" />
	<Point X="220" Y="207" T="undefined" />
	<Point X="223" Y="201" T="undefined" />
	<Point X="227" Y="193" T="undefined" />
	<Point X="231" Y="187" T="undefined" />
	<Point X="238" Y="173" T="undefined" />
	<Point X="241" Y="166" T="undefined" />
	<Point X="244" Y="161" T="undefined" />
	<Point X="247" Y="153" T="undefined" />
	<Point X="249" Y="148" T="undefined" />
	<Point X="251" Y="143" T="undefined" />
	<Point X="252" Y="137" T="undefined" />
	<Point X="253" Y="136" T="undefined" />
	<Point X="253" Y="139" T="undefined" />
	<Point X="255" Y="145" T="undefined" />
	<Point X="255" Y="154" T="undefined" />
	<Point X="257" Y="161" T="undefined" />
	<Point X="260" Y="170" T="undefined" />
	<Point X="264" Y="189" T="undefined" />
	<Point X="265" Y="198" T="undefined" />
	<Point X="269" Y="207" T="undefined" />
	<Point X="270" Y="216" T="undefined" />
	<Point X="274" Y="229" T="undefined" />
	<Point X="276" Y="239" T="undefined" />
	<Point X="278" Y="247" T="undefined" />
	<Point X="285" Y="266" T="undefined" />
	<Point X="289" Y="280" T="undefined" />
	<Point X="291" Y="286" T="undefined" />
	<Point X="292" Y="290" T="undefined" />
	<Point X="293" Y="294" T="undefined" />
	<Point X="294" Y="296" T="undefined" />
	<Point X="295" Y="299" T="undefined" />
	<Point X="296" Y="301" T="undefined" />
	<Point X="296" Y="304" T="undefined" />
	<Point X="297" Y="308" T="undefined" />
	<Point X="297" Y="310" T="undefined" />
	<Point X="297" Y="310" T="undefined" />
	<Point X="297" Y="311" T="undefined" />
	<Point X="297" Y="312" T="undefined" />
	<Point X="297" Y="313" T="undefined" />
	<Point X="297" Y="313" T="undefined" />
	<Point X="297" Y="314" T="undefined" />
	<Point X="297" Y="315" T="undefined" />
	<Point X="298" Y="317" T="undefined" />
	<Point X="298" Y="319" T="undefined" />
	<Point X="300" Y="323" T="undefined" />
	<Point X="300" Y="325" T="undefined" />
	<Point X="300" Y="326" T="undefined" />
	<Point X="300" Y="326" T="undefined" />
	<Point X="300" Y="327" T="undefined" />
	<Point X="299" Y="325" T="undefined" />
	<Point X="298" Y="324" T="undefined" />
	<Point X="294" Y="320" T="undefined" />
	<Point X="281" Y="310" T="undefined" />
	<Point X="272" Y="300" T="undefined" />
	<Point X="255" Y="286" T="undefined" />
	<Point X="243" Y="279" T="undefined" />
	<Point X="231" Y="273" T="undefined" />
	<Point X="219" Y="268" T="undefined" />
	<Point X="204" Y="261" T="undefined" />
	<Point X="196" Y="257" T="undefined" />
	<Point X="191" Y="254" T="undefined" />
	<Point X="183" Y="250" T="undefined" />
	<Point X="179" Y="248" T="undefined" />
	<Point X="174" Y="245" T="undefined" />
	<Point X="170" Y="243" T="undefined" />
	<Point X="168" Y="241" T="undefined" />
	<Point X="164" Y="237" T="undefined" />
	<Point X="162" Y="236" T="undefined" />
	<Point X="159" Y="231" T="undefined" />
	<Point X="157" Y="228" T="undefined" />
	<Point X="155" Y="224" T="undefined" />
	<Point X="153" Y="223" T="undefined" />
	<Point X="152" Y="221" T="undefined" />
	<Point X="150" Y="218" T="undefined" />
	<Point X="149" Y="216" T="undefined" />
	<Point X="147" Y="213" T="undefined" />
	<Point X="147" Y="212" T="undefined" />
	<Point X="146" Y="209" T="undefined" />
	<Point X="145" Y="207" T="undefined" />
	<Point X="144" Y="206" T="undefined" />
	<Point X="144" Y="205" T="undefined" />
	<Point X="144" Y="204" T="undefined" />
	<Point X="143" Y="204" T="undefined" />
	<Point X="144" Y="204" T="undefined" />
	<Point X="146" Y="204" T="undefined" />
	<Point X="147" Y="204" T="undefined" />
	<Point X="154" Y="204" T="undefined" />
	<Point X="160" Y="204" T="undefined" />
	<Point X="167" Y="204" T="undefined" />
	<Point X="179" Y="205" T="undefined" />
	<Point X="188" Y="205" T="undefined" />
	<Point X="205" Y="203" T="undefined" />
	<Point X="217" Y="201" T="undefined" />
	<Point X="236" Y="196" T="undefined" />
	<Point X="246" Y="193" T="undefined" />
	<Point X="263" Y="189" T="undefined" />
	<Point X="269" Y="189" T="undefined" />
	<Point X="275" Y="191" T="undefined" />
	<Point X="284" Y="196" T="undefined" />
	<Point X="292" Y="198" T="undefined" />
	<Point X="298" Y="200" T="undefined" />
	<Point X="310" Y="202" T="undefined" />
	<Point X="317" Y="202" T="undefined" />
	<Point X="332" Y="201" T="undefined" />
	<Point X="341" Y="199" T="undefined" />
	<Point X="349" Y="197" T="undefined" />
	<Point X="354" Y="197" T="undefined" />
	<Point X="357" Y="197" T="undefined" />
	<Point X="364" Y="199" T="undefined" />
	<Point X="368" Y="200" T="undefined" />
	<Point X="373" Y="201" T="undefined" />
	<Point X="374" Y="202" T="undefined" />
	<Point X="374" Y="203" T="undefined" />
	<Point X="372" Y="203" T="undefined" />
	<Point X="368" Y="205" T="undefined" />
	<Point X="358" Y="208" T="undefined" />
	<Point X="352" Y="210" T="undefined" />
	<Point X="337" Y="215" T="undefined" />
	<Point X="328" Y="218" T="undefined" />
	<Point X="321" Y="222" T="undefined" />
	<Point X="312" Y="228" T="undefined" />
	<Point X="304" Y="233" T="undefined" />
	<Point X="292" Y="239" T="undefined" />
	<Point X="281" Y="244" T="undefined" />
	<Point X="271" Y="251" T="undefined" />
	<Point X="264" Y="256" T="undefined" />
	<Point X="257" Y="261" T="undefined" />
	<Point X="249" Y="267" T="undefined" />
	<Point X="244" Y="270" T="undefined" />
	<Point X="239" Y="273" T="undefined" />
	<Point X="235" Y="275" T="undefined" />
	<Point X="231" Y="276" T="undefined" />
	<Point X="225" Y="279" T="undefined" />
	<Point X="221" Y="281" T="undefined" />
	<Point X="215" Y="286" T="undefined" />
	<Point X="210" Y="289" T="undefined" />
	<Point X="204" Y="294" T="undefined" />
	<Point X="201" Y="296" T="undefined" />
	<Point X="199" Y="299" T="undefined" />
	<Point X="198" Y="301" T="undefined" />
	<Point X="196" Y="301" T="undefined" />
	<Point X="195" Y="302" T="undefined" />
	<Point X="194" Y="303" T="undefined" />
	<Point X="191" Y="305" T="undefined" />
	<Point X="189" Y="305" T="undefined" />
	<Point X="187" Y="306" T="undefined" />
	<Point X="184" Y="307" T="undefined" />
	<Point X="182" Y="308" T="undefined" />
	<Point X="181" Y="309" T="undefined" />
	<Point X="180" Y="310" T="undefined" />
</Gesture>