<?xml version="1.0" encoding="utf-8" standalone="yes"?>
<Gesture Name="Star9" NumPts="101">
	<Point X="129" Y="362" T="undefined" />
	<Point X="131" Y="355" T="undefined" />
	<Point X="134" Y="346" T="undefined" />
	<Point X="144" Y="322" T="undefined" />
	<Point X="158" Y="286" T="undefined" />
	<Point X="171" Y="257" T="undefined" />
	<Point X="191" Y="214" T="undefined" />
	<Point X="203" Y="188" T="undefined" />
	<Point X="218" Y="163" T="undefined" />
	<Point X="229" Y="149" T="undefined" />
	<Point X="235" Y="137" T="undefined" />
	<Point X="239" Y="129" T="undefined" />
	<Point X="241" Y="126" T="undefined" />
	<Point X="242" Y="125" T="undefined" />
	<Point X="243" Y="123" T="undefined" />
	<Point X="244" Y="122" T="undefined" />
	<Point X="245" Y="121" T="undefined" />
	<Point X="245" Y="121" T="undefined" />
	<Point X="246" Y="122" T="undefined" />
	<Point X="248" Y="125" T="undefined" />
	<Point X="250" Y="144" T="undefined" />
	<Point X="250" Y="158" T="undefined" />
	<Point X="250" Y="167" T="undefined" />
	<Point X="251" Y="194" T="undefined" />
	<Point X="252" Y="213" T="undefined" />
	<Point X="259" Y="252" T="undefined" />
	<Point X="262" Y="268" T="undefined" />
	<Point X="268" Y="295" T="undefined" />
	<Point X="272" Y="307" T="undefined" />
	<Point X="275" Y="313" T="undefined" />
	<Point X="280" Y="328" T="undefined" />
	<Point X="282" Y="338" T="undefined" />
	<Point X="285" Y="346" T="undefined" />
	<Point X="285" Y="349" T="undefined" />
	<Point X="285" Y="351" T="undefined" />
	<Point X="285" Y="352" T="undefined" />
	<Point X="285" Y="353" T="undefined" />
	<Point X="285" Y="353" T="undefined" />
	<Point X="284" Y="353" T="undefined" />
	<Point X="283" Y="353" T="undefined" />
	<Point X="264" Y="344" T="undefined" />
	<Point X="251" Y="330" T="undefined" />
	<Point X="221" Y="307" T="undefined" />
	<Point X="202" Y="290" T="undefined" />
	<Point X="181" Y="266" T="undefined" />
	<Point X="165" Y="253" T="undefined" />
	<Point X="154" Y="242" T="undefined" />
	<Point X="132" Y="227" T="undefined" />
	<Point X="120" Y="221" T="undefined" />
	<Point X="107" Y="217" T="undefined" />
	<Point X="102" Y="215" T="undefined" />
	<Point X="97" Y="214" T="undefined" />
	<Point X="95" Y="213" T="undefined" />
	<Point X="93" Y="213" T="undefined" />
	<Point X="92" Y="213" T="undefined" />
	<Point X="92" Y="213" T="undefined" />
	<Point X="91" Y="213" T="undefined" />
	<Point X="91" Y="212" T="undefined" />
	<Point X="94" Y="210" T="undefined" />
	<Point X="100" Y="208" T="undefined" />
	<Point X="112" Y="204" T="undefined" />
	<Point X="132" Y="200" T="undefined" />
	<Point X="156" Y="196" T="undefined" />
	<Point X="173" Y="194" T="undefined" />
	<Point X="191" Y="192" T="undefined" />
	<Point X="219" Y="190" T="undefined" />
	<Point X="241" Y="187" T="undefined" />
	<Point X="258" Y="184" T="undefined" />
	<Point X="288" Y="178" T="undefined" />
	<Point X="304" Y="174" T="undefined" />
	<Point X="326" Y="168" T="undefined" />
	<Point X="336" Y="166" T="undefined" />
	<Point X="340" Y="165" T="undefined" />
	<Point X="346" Y="165" T="undefined" />
	<Point X="349" Y="167" T="undefined" />
	<Point X="353" Y="169" T="undefined" />
	<Point X="353" Y="170" T="undefined" />
	<Point X="354" Y="171" T="undefined" />
	<Point X="354" Y="171" T="undefined" />
	<Point X="353" Y="172" T="undefined" />
	<Point X="348" Y="176" T="undefined" />
	<Point X="339" Y="184" T="undefined" />
	<Point X="316" Y="200" T="undefined" />
	<Point X="301" Y="210" T="undefined" />
	<Point X="283" Y="227" T="undefined" />
	<Point X="266" Y="245" T="undefined" />
	<Point X="246" Y="264" T="undefined" />
	<Point X="232" Y="281" T="undefined" />
	<Point X="212" Y="301" T="undefined" />
	<Point X="201" Y="310" T="undefined" />
	<Point X="192" Y="322" T="undefined" />
	<Point X="183" Y="336" T="undefined" />
	<Point X="177" Y="344" T="undefined" />
	<Point X="170" Y="351" T="undefined" />
	<Point X="161" Y="361" T="undefined" />
	<Point X="155" Y="368" T="undefined" />
	<Point X="150" Y="374" T="undefined" />
	<Point X="147" Y="377" T="undefined" />
	<Point X="145" Y="377" T="undefined" />
	<Point X="144" Y="378" T="undefined" />
	<Point X="142" Y="378" T="undefined" />
</Gesture>