<?xml version="1.0" encoding="utf-8" standalone="yes"?>
<Gesture Name="Star3" NumPts="149">
	<Point X="125" Y="334" T="undefined" />
	<Point X="128" Y="329" T="undefined" />
	<Point X="130" Y="322" T="undefined" />
	<Point X="133" Y="314" T="undefined" />
	<Point X="141" Y="297" T="undefined" />
	<Point X="145" Y="287" T="undefined" />
	<Point X="148" Y="279" T="undefined" />
	<Point X="153" Y="270" T="undefined" />
	<Point X="156" Y="262" T="undefined" />
	<Point X="163" Y="246" T="undefined" />
	<Point X="168" Y="235" T="undefined" />
	<Point X="171" Y="229" T="undefined" />
	<Point X="176" Y="218" T="undefined" />
	<Point X="178" Y="212" T="undefined" />
	<Point X="181" Y="207" T="undefined" />
	<Point X="182" Y="205" T="undefined" />
	<Point X="185" Y="200" T="undefined" />
	<Point X="187" Y="196" T="undefined" />
	<Point X="191" Y="188" T="undefined" />
	<Point X="195" Y="179" T="undefined" />
	<Point X="199" Y="173" T="undefined" />
	<Point X="202" Y="165" T="undefined" />
	<Point X="204" Y="162" T="undefined" />
	<Point X="204" Y="161" T="undefined" />
	<Point X="204" Y="160" T="undefined" />
	<Point X="204" Y="159" T="undefined" />
	<Point X="204" Y="158" T="undefined" />
	<Point X="204" Y="156" T="undefined" />
	<Point X="204" Y="154" T="undefined" />
	<Point X="205" Y="151" T="undefined" />
	<Point X="208" Y="146" T="undefined" />
	<Point X="209" Y="144" T="undefined" />
	<Point X="209" Y="142" T="undefined" />
	<Point X="210" Y="141" T="undefined" />
	<Point X="211" Y="140" T="undefined" />
	<Point X="213" Y="137" T="undefined" />
	<Point X="214" Y="136" T="undefined" />
	<Point X="216" Y="133" T="undefined" />
	<Point X="217" Y="131" T="undefined" />
	<Point X="218" Y="130" T="undefined" />
	<Point X="218" Y="129" T="undefined" />
	<Point X="218" Y="132" T="undefined" />
	<Point X="218" Y="137" T="undefined" />
	<Point X="218" Y="143" T="undefined" />
	<Point X="219" Y="161" T="undefined" />
	<Point X="220" Y="168" T="undefined" />
	<Point X="220" Y="181" T="undefined" />
	<Point X="220" Y="193" T="undefined" />
	<Point X="220" Y="203" T="undefined" />
	<Point X="220" Y="212" T="undefined" />
	<Point X="220" Y="221" T="undefined" />
	<Point X="219" Y="242" T="undefined" />
	<Point X="219" Y="252" T="undefined" />
	<Point X="220" Y="261" T="undefined" />
	<Point X="222" Y="276" T="undefined" />
	<Point X="225" Y="285" T="undefined" />
	<Point X="227" Y="293" T="undefined" />
	<Point X="228" Y="297" T="undefined" />
	<Point X="231" Y="305" T="undefined" />
	<Point X="233" Y="311" T="undefined" />
	<Point X="234" Y="316" T="undefined" />
	<Point X="235" Y="323" T="undefined" />
	<Point X="236" Y="325" T="undefined" />
	<Point X="236" Y="328" T="undefined" />
	<Point X="236" Y="330" T="undefined" />
	<Point X="236" Y="331" T="undefined" />
	<Point X="236" Y="332" T="undefined" />
	<Point X="236" Y="333" T="undefined" />
	<Point X="235" Y="332" T="undefined" />
	<Point X="234" Y="332" T="undefined" />
	<Point X="228" Y="327" T="undefined" />
	<Point X="213" Y="315" T="undefined" />
	<Point X="202" Y="304" T="undefined" />
	<Point X="189" Y="292" T="undefined" />
	<Point X="176" Y="278" T="undefined" />
	<Point X="165" Y="262" T="undefined" />
	<Point X="152" Y="244" T="undefined" />
	<Point X="145" Y="234" T="undefined" />
	<Point X="135" Y="221" T="undefined" />
	<Point X="129" Y="214" T="undefined" />
	<Point X="121" Y="208" T="undefined" />
	<Point X="115" Y="205" T="undefined" />
	<Point X="112" Y="203" T="undefined" />
	<Point X="108" Y="200" T="undefined" />
	<Point X="105" Y="197" T="undefined" />
	<Point X="101" Y="193" T="undefined" />
	<Point X="100" Y="190" T="undefined" />
	<Point X="98" Y="187" T="undefined" />
	<Point X="97" Y="186" T="undefined" />
	<Point X="97" Y="185" T="undefined" />
	<Point X="100" Y="185" T="undefined" />
	<Point X="103" Y="185" T="undefined" />
	<Point X="111" Y="185" T="undefined" />
	<Point X="117" Y="185" T="undefined" />
	<Point X="125" Y="188" T="undefined" />
	<Point X="131" Y="189" T="undefined" />
	<Point X="140" Y="192" T="undefined" />
	<Point X="145" Y="194" T="undefined" />
	<Point X="155" Y="195" T="undefined" />
	<Point X="170" Y="197" T="undefined" />
	<Point X="178" Y="197" T="undefined" />
	<Point X="189" Y="197" T="undefined" />
	<Point X="198" Y="197" T="undefined" />
	<Point X="206" Y="197" T="undefined" />
	<Point X="215" Y="197" T="undefined" />
	<Point X="221" Y="197" T="undefined" />
	<Point X="234" Y="197" T="undefined" />
	<Point X="245" Y="197" T="undefined" />
	<Point X="255" Y="197" T="undefined" />
	<Point X="262" Y="197" T="undefined" />
	<Point X="279" Y="196" T="undefined" />
	<Point X="287" Y="193" T="undefined" />
	<Point X="291" Y="191" T="undefined" />
	<Point X="297" Y="189" T="undefined" />
	<Point X="300" Y="188" T="undefined" />
	<Point X="304" Y="188" T="undefined" />
	<Point X="307" Y="188" T="undefined" />
	<Point X="309" Y="188" T="undefined" />
	<Point X="309" Y="188" T="undefined" />
	<Point X="309" Y="189" T="undefined" />
	<Point X="309" Y="190" T="undefined" />
	<Point X="308" Y="192" T="undefined" />
	<Point X="303" Y="196" T="undefined" />
	<Point X="298" Y="201" T="undefined" />
	<Point X="282" Y="214" T="undefined" />
	<Point X="269" Y="223" T="undefined" />
	<Point X="255" Y="233" T="undefined" />
	<Point X="248" Y="239" T="undefined" />
	<Point X="242" Y="243" T="undefined" />
	<Point X="229" Y="251" T="undefined" />
	<Point X="218" Y="258" T="undefined" />
	<Point X="203" Y="270" T="undefined" />
	<Point X="189" Y="278" T="undefined" />
	<Point X="178" Y="285" T="undefined" />
	<Point X="173" Y="287" T="undefined" />
	<Point X="169" Y="289" T="undefined" />
	<Point X="167" Y="289" T="undefined" />
	<Point X="166" Y="290" T="undefined" />
	<Point X="164" Y="292" T="undefined" />
	<Point X="162" Y="295" T="undefined" />
	<Point X="157" Y="302" T="undefined" />
	<Point X="156" Y="307" T="undefined" />
	<Point X="154" Y="310" T="undefined" />
	<Point X="151" Y="316" T="undefined" />
	<Point X="149" Y="319" T="undefined" />
	<Point X="148" Y="321" T="undefined" />
	<Point X="148" Y="323" T="undefined" />
	<Point X="147" Y="324" T="undefined" />
	<Point X="147" Y="325" T="undefined" />
</Gesture>