<?xml version="1.0" encoding="utf-8" standalone="yes"?>
<Gesture Name="Star8" NumPts="132">
	<Point X="148" Y="312" T="undefined" />
	<Point X="151" Y="305" T="undefined" />
	<Point X="155" Y="295" T="undefined" />
	<Point X="167" Y="273" T="undefined" />
	<Point X="178" Y="250" T="undefined" />
	<Point X="189" Y="224" T="undefined" />
	<Point X="205" Y="197" T="undefined" />
	<Point X="218" Y="174" T="undefined" />
	<Point X="223" Y="165" T="undefined" />
	<Point X="226" Y="159" T="undefined" />
	<Point X="235" Y="148" T="undefined" />
	<Point X="244" Y="136" T="undefined" />
	<Point X="255" Y="120" T="undefined" />
	<Point X="260" Y="112" T="undefined" />
	<Point X="263" Y="107" T="undefined" />
	<Point X="266" Y="102" T="undefined" />
	<Point X="267" Y="100" T="undefined" />
	<Point X="267" Y="99" T="undefined" />
	<Point X="267" Y="100" T="undefined" />
	<Point X="267" Y="100" T="undefined" />
	<Point X="267" Y="103" T="undefined" />
	<Point X="269" Y="107" T="undefined" />
	<Point X="272" Y="128" T="undefined" />
	<Point X="273" Y="146" T="undefined" />
	<Point X="274" Y="180" T="undefined" />
	<Point X="275" Y="200" T="undefined" />
	<Point X="278" Y="229" T="undefined" />
	<Point X="280" Y="247" T="undefined" />
	<Point X="283" Y="262" T="undefined" />
	<Point X="288" Y="291" T="undefined" />
	<Point X="291" Y="300" T="undefined" />
	<Point X="296" Y="311" T="undefined" />
	<Point X="298" Y="315" T="undefined" />
	<Point X="301" Y="323" T="undefined" />
	<Point X="302" Y="328" T="undefined" />
	<Point X="304" Y="334" T="undefined" />
	<Point X="304" Y="336" T="undefined" />
	<Point X="304" Y="337" T="undefined" />
	<Point X="304" Y="338" T="undefined" />
	<Point X="303" Y="338" T="undefined" />
	<Point X="302" Y="336" T="undefined" />
	<Point X="299" Y="330" T="undefined" />
	<Point X="296" Y="322" T="undefined" />
	<Point X="291" Y="311" T="undefined" />
	<Point X="288" Y="308" T="undefined" />
	<Point X="281" Y="302" T="undefined" />
	<Point X="269" Y="297" T="undefined" />
	<Point X="251" Y="288" T="undefined" />
	<Point X="239" Y="279" T="undefined" />
	<Point X="227" Y="270" T="undefined" />
	<Point X="209" Y="253" T="undefined" />
	<Point X="198" Y="239" T="undefined" />
	<Point X="186" Y="218" T="undefined" />
	<Point X="180" Y="212" T="undefined" />
	<Point X="172" Y="206" T="undefined" />
	<Point X="164" Y="200" T="undefined" />
	<Point X="158" Y="194" T="undefined" />
	<Point X="155" Y="189" T="undefined" />
	<Point X="153" Y="184" T="undefined" />
	<Point X="150" Y="177" T="undefined" />
	<Point X="149" Y="175" T="undefined" />
	<Point X="148" Y="172" T="undefined" />
	<Point X="148" Y="171" T="undefined" />
	<Point X="146" Y="169" T="undefined" />
	<Point X="145" Y="166" T="undefined" />
	<Point X="144" Y="165" T="undefined" />
	<Point X="143" Y="165" T="undefined" />
	<Point X="143" Y="165" T="undefined" />
	<Point X="143" Y="164" T="undefined" />
	<Point X="146" Y="164" T="undefined" />
	<Point X="152" Y="162" T="undefined" />
	<Point X="164" Y="160" T="undefined" />
	<Point X="175" Y="157" T="undefined" />
	<Point X="195" Y="154" T="undefined" />
	<Point X="206" Y="153" T="undefined" />
	<Point X="227" Y="153" T="undefined" />
	<Point X="242" Y="153" T="undefined" />
	<Point X="255" Y="155" T="undefined" />
	<Point X="278" Y="158" T="undefined" />
	<Point X="289" Y="158" T="undefined" />
	<Point X="312" Y="157" T="undefined" />
	<Point X="328" Y="154" T="undefined" />
	<Point X="338" Y="151" T="undefined" />
	<Point X="357" Y="147" T="undefined" />
	<Point X="368" Y="146" T="undefined" />
	<Point X="376" Y="146" T="undefined" />
	<Point X="384" Y="148" T="undefined" />
	<Point X="388" Y="149" T="undefined" />
	<Point X="392" Y="149" T="undefined" />
	<Point X="396" Y="149" T="undefined" />
	<Point X="398" Y="148" T="undefined" />
	<Point X="399" Y="147" T="undefined" />
	<Point X="399" Y="148" T="undefined" />
	<Point X="399" Y="149" T="undefined" />
	<Point X="395" Y="152" T="undefined" />
	<Point X="390" Y="157" T="undefined" />
	<Point X="380" Y="166" T="undefined" />
	<Point X="372" Y="172" T="undefined" />
	<Point X="354" Y="190" T="undefined" />
	<Point X="340" Y="202" T="undefined" />
	<Point X="327" Y="215" T="undefined" />
	<Point X="305" Y="229" T="undefined" />
	<Point X="292" Y="240" T="undefined" />
	<Point X="280" Y="250" T="undefined" />
	<Point X="273" Y="256" T="undefined" />
	<Point X="262" Y="263" T="undefined" />
	<Point X="254" Y="268" T="undefined" />
	<Point X="248" Y="271" T="undefined" />
	<Point X="241" Y="278" T="undefined" />
	<Point X="235" Y="284" T="undefined" />
	<Point X="231" Y="287" T="undefined" />
	<Point X="229" Y="290" T="undefined" />
	<Point X="223" Y="295" T="undefined" />
	<Point X="218" Y="298" T="undefined" />
	<Point X="213" Y="301" T="undefined" />
	<Point X="205" Y="303" T="undefined" />
	<Point X="201" Y="305" T="undefined" />
	<Point X="196" Y="307" T="undefined" />
	<Point X="192" Y="309" T="undefined" />
	<Point X="188" Y="312" T="undefined" />
	<Point X="185" Y="315" T="undefined" />
	<Point X="183" Y="316" T="undefined" />
	<Point X="180" Y="319" T="undefined" />
	<Point X="179" Y="320" T="undefined" />
	<Point X="177" Y="320" T="undefined" />
	<Point X="176" Y="321" T="undefined" />
	<Point X="173" Y="322" T="undefined" />
	<Point X="172" Y="323" T="undefined" />
	<Point X="170" Y="323" T="undefined" />
	<Point X="169" Y="323" T="undefined" />
	<Point X="168" Y="324" T="undefined" />
	<Point X="168" Y="324" T="undefined" />
</Gesture>