<?xml version="1.0" encoding="utf-8" standalone="yes"?>
<Gesture Name="Star0" NumPts="159">
	<Point X="154" Y="370" T="undefined" />
	<Point X="156" Y="363" T="undefined" />
	<Point X="160" Y="351" T="undefined" />
	<Point X="166" Y="333" T="undefined" />
	<Point X="176" Y="311" T="undefined" />
	<Point X="183" Y="293" T="undefined" />
	<Point X="186" Y="281" T="undefined" />
	<Point X="193" Y="263" T="undefined" />
	<Point X="200" Y="245" T="undefined" />
	<Point X="205" Y="230" T="undefined" />
	<Point X="210" Y="221" T="undefined" />
	<Point X="215" Y="207" T="undefined" />
	<Point X="220" Y="199" T="undefined" />
	<Point X="222" Y="196" T="undefined" />
	<Point X="223" Y="192" T="undefined" />
	<Point X="224" Y="192" T="undefined" />
	<Point X="225" Y="190" T="undefined" />
	<Point X="226" Y="189" T="undefined" />
	<Point X="231" Y="180" T="undefined" />
	<Point X="242" Y="158" T="undefined" />
	<Point X="250" Y="140" T="undefined" />
	<Point X="251" Y="139" T="undefined" />
	<Point X="251" Y="138" T="undefined" />
	<Point X="251" Y="137" T="undefined" />
	<Point X="251" Y="139" T="undefined" />
	<Point X="250" Y="142" T="undefined" />
	<Point X="248" Y="145" T="undefined" />
	<Point X="248" Y="147" T="undefined" />
	<Point X="248" Y="148" T="undefined" />
	<Point X="248" Y="148" T="undefined" />
	<Point X="248" Y="149" T="undefined" />
	<Point X="248" Y="150" T="undefined" />
	<Point X="248" Y="152" T="undefined" />
	<Point X="246" Y="156" T="undefined" />
	<Point X="246" Y="161" T="undefined" />
	<Point X="246" Y="166" T="undefined" />
	<Point X="246" Y="169" T="undefined" />
	<Point X="246" Y="186" T="undefined" />
	<Point X="246" Y="201" T="undefined" />
	<Point X="245" Y="218" T="undefined" />
	<Point X="245" Y="234" T="undefined" />
	<Point X="245" Y="249" T="undefined" />
	<Point X="245" Y="254" T="undefined" />
	<Point X="246" Y="261" T="undefined" />
	<Point X="249" Y="279" T="undefined" />
	<Point X="250" Y="290" T="undefined" />
	<Point X="251" Y="298" T="undefined" />
	<Point X="254" Y="312" T="undefined" />
	<Point X="257" Y="322" T="undefined" />
	<Point X="259" Y="332" T="undefined" />
	<Point X="261" Y="338" T="undefined" />
	<Point X="263" Y="344" T="undefined" />
	<Point X="266" Y="354" T="undefined" />
	<Point X="267" Y="360" T="undefined" />
	<Point X="268" Y="363" T="undefined" />
	<Point X="269" Y="365" T="undefined" />
	<Point X="269" Y="367" T="undefined" />
	<Point X="269" Y="368" T="undefined" />
	<Point X="269" Y="368" T="undefined" />
	<Point X="268" Y="368" T="undefined" />
	<Point X="267" Y="368" T="undefined" />
	<Point X="264" Y="367" T="undefined" />
	<Point X="251" Y="359" T="undefined" />
	<Point X="243" Y="350" T="undefined" />
	<Point X="229" Y="334" T="undefined" />
	<Point X="217" Y="321" T="undefined" />
	<Point X="199" Y="297" T="undefined" />
	<Point X="192" Y="287" T="undefined" />
	<Point X="186" Y="279" T="undefined" />
	<Point X="176" Y="260" T="undefined" />
	<Point X="169" Y="249" T="undefined" />
	<Point X="161" Y="238" T="undefined" />
	<Point X="155" Y="231" T="undefined" />
	<Point X="148" Y="221" T="undefined" />
	<Point X="145" Y="218" T="undefined" />
	<Point X="138" Y="214" T="undefined" />
	<Point X="134" Y="212" T="undefined" />
	<Point X="132" Y="210" T="undefined" />
	<Point X="130" Y="209" T="undefined" />
	<Point X="128" Y="208" T="undefined" />
	<Point X="127" Y="207" T="undefined" />
	<Point X="126" Y="207" T="undefined" />
	<Point X="126" Y="207" T="undefined" />
	<Point X="128" Y="206" T="undefined" />
	<Point X="129" Y="205" T="undefined" />
	<Point X="131" Y="205" T="undefined" />
	<Point X="133" Y="205" T="undefined" />
	<Point X="139" Y="204" T="undefined" />
	<Point X="146" Y="204" T="undefined" />
	<Point X="153" Y="205" T="undefined" />
	<Point X="162" Y="207" T="undefined" />
	<Point X="176" Y="210" T="undefined" />
	<Point X="185" Y="210" T="undefined" />
	<Point X="201" Y="211" T="undefined" />
	<Point X="212" Y="211" T="undefined" />
	<Point X="222" Y="211" T="undefined" />
	<Point X="238" Y="209" T="undefined" />
	<Point X="252" Y="209" T="undefined" />
	<Point X="260" Y="209" T="undefined" />
	<Point X="271" Y="213" T="undefined" />
	<Point X="286" Y="219" T="undefined" />
	<Point X="294" Y="222" T="undefined" />
	<Point X="302" Y="226" T="undefined" />
	<Point X="307" Y="226" T="undefined" />
	<Point X="311" Y="225" T="undefined" />
	<Point X="319" Y="224" T="undefined" />
	<Point X="323" Y="222" T="undefined" />
	<Point X="326" Y="222" T="undefined" />
	<Point X="329" Y="223" T="undefined" />
	<Point X="329" Y="223" T="undefined" />
	<Point X="330" Y="224" T="undefined" />
	<Point X="330" Y="225" T="undefined" />
	<Point X="330" Y="225" T="undefined" />
	<Point X="330" Y="226" T="undefined" />
	<Point X="330" Y="227" T="undefined" />
	<Point X="330" Y="227" T="undefined" />
	<Point X="329" Y="228" T="undefined" />
	<Point X="328" Y="229" T="undefined" />
	<Point X="322" Y="231" T="undefined" />
	<Point X="319" Y="233" T="undefined" />
	<Point X="312" Y="238" T="undefined" />
	<Point X="307" Y="241" T="undefined" />
	<Point X="298" Y="249" T="undefined" />
	<Point X="290" Y="254" T="undefined" />
	<Point X="282" Y="261" T="undefined" />
	<Point X="270" Y="270" T="undefined" />
	<Point X="263" Y="276" T="undefined" />
	<Point X="252" Y="285" T="undefined" />
	<Point X="245" Y="293" T="undefined" />
	<Point X="238" Y="302" T="undefined" />
	<Point X="234" Y="306" T="undefined" />
	<Point X="231" Y="310" T="undefined" />
	<Point X="227" Y="314" T="undefined" />
	<Point X="221" Y="318" T="undefined" />
	<Point X="207" Y="331" T="undefined" />
	<Point X="199" Y="339" T="undefined" />
	<Point X="194" Y="344" T="undefined" />
	<Point X="191" Y="348" T="undefined" />
	<Point X="189" Y="350" T="undefined" />
	<Point X="187" Y="352" T="undefined" />
	<Point X="186" Y="353" T="undefined" />
	<Point X="182" Y="354" T="undefined" />
	<Point X="181" Y="354" T="undefined" />
	<Point X="179" Y="356" T="undefined" />
	<Point X="177" Y="356" T="undefined" />
	<Point X="177" Y="357" T="undefined" />
	<Point X="176" Y="358" T="undefined" />
	<Point X="175" Y="358" T="undefined" />
	<Point X="174" Y="358" T="undefined" />
	<Point X="173" Y="358" T="undefined" />
	<Point X="173" Y="359" T="undefined" />
	<Point X="172" Y="359" T="undefined" />
	<Point X="171" Y="360" T="undefined" />
	<Point X="170" Y="360" T="undefined" />
	<Point X="169" Y="360" T="undefined" />
	<Point X="169" Y="361" T="undefined" />
	<Point X="169" Y="361" T="undefined" />
	<Point X="168" Y="361" T="undefined" />
	<Point X="167" Y="362" T="undefined" />
</Gesture>