<?xml version="1.0" encoding="utf-8" standalone="yes"?>
<Gesture Name="Star1" NumPts="114">
	<Point X="62" Y="347" T="undefined" />
	<Point X="65" Y="342" T="undefined" />
	<Point X="70" Y="334" T="undefined" />
	<Point X="87" Y="306" T="undefined" />
	<Point X="100" Y="287" T="undefined" />
	<Point X="121" Y="247" T="undefined" />
	<Point X="138" Y="220" T="undefined" />
	<Point X="158" Y="191" T="undefined" />
	<Point X="172" Y="174" T="undefined" />
	<Point X="191" Y="150" T="undefined" />
	<Point X="199" Y="142" T="undefined" />
	<Point X="204" Y="136" T="undefined" />
	<Point X="209" Y="132" T="undefined" />
	<Point X="211" Y="129" T="undefined" />
	<Point X="212" Y="127" T="undefined" />
	<Point X="214" Y="125" T="undefined" />
	<Point X="214" Y="125" T="undefined" />
	<Point X="214" Y="125" T="undefined" />
	<Point X="214" Y="127" T="undefined" />
	<Point X="213" Y="131" T="undefined" />
	<Point X="212" Y="134" T="undefined" />
	<Point X="211" Y="137" T="undefined" />
	<Point X="209" Y="140" T="undefined" />
	<Point X="209" Y="143" T="undefined" />
	<Point X="209" Y="152" T="undefined" />
	<Point X="209" Y="174" T="undefined" />
	<Point X="209" Y="200" T="undefined" />
	<Point X="209" Y="222" T="undefined" />
	<Point X="209" Y="242" T="undefined" />
	<Point X="209" Y="276" T="undefined" />
	<Point X="209" Y="290" T="undefined" />
	<Point X="210" Y="312" T="undefined" />
	<Point X="212" Y="322" T="undefined" />
	<Point X="214" Y="331" T="undefined" />
	<Point X="218" Y="352" T="undefined" />
	<Point X="219" Y="361" T="undefined" />
	<Point X="220" Y="366" T="undefined" />
	<Point X="220" Y="367" T="undefined" />
	<Point X="220" Y="368" T="undefined" />
	<Point X="220" Y="368" T="undefined" />
	<Point X="220" Y="368" T="undefined" />
	<Point X="219" Y="368" T="undefined" />
	<Point X="217" Y="368" T="undefined" />
	<Point X="212" Y="366" T="undefined" />
	<Point X="206" Y="362" T="undefined" />
	<Point X="190" Y="348" T="undefined" />
	<Point X="176" Y="332" T="undefined" />
	<Point X="165" Y="319" T="undefined" />
	<Point X="145" Y="293" T="undefined" />
	<Point X="127" Y="276" T="undefined" />
	<Point X="118" Y="267" T="undefined" />
	<Point X="107" Y="256" T="undefined" />
	<Point X="93" Y="242" T="undefined" />
	<Point X="84" Y="234" T="undefined" />
	<Point X="71" Y="218" T="undefined" />
	<Point X="64" Y="207" T="undefined" />
	<Point X="59" Y="199" T="undefined" />
	<Point X="58" Y="198" T="undefined" />
	<Point X="57" Y="198" T="undefined" />
	<Point X="56" Y="198" T="undefined" />
	<Point X="56" Y="199" T="undefined" />
	<Point X="56" Y="199" T="undefined" />
	<Point X="56" Y="198" T="undefined" />
	<Point X="58" Y="198" T="undefined" />
	<Point X="60" Y="198" T="undefined" />
	<Point X="60" Y="198" T="undefined" />
	<Point X="68" Y="199" T="undefined" />
	<Point X="79" Y="201" T="undefined" />
	<Point X="98" Y="203" T="undefined" />
	<Point X="109" Y="204" T="undefined" />
	<Point X="133" Y="209" T="undefined" />
	<Point X="148" Y="213" T="undefined" />
	<Point X="173" Y="217" T="undefined" />
	<Point X="193" Y="218" T="undefined" />
	<Point X="206" Y="217" T="undefined" />
	<Point X="230" Y="213" T="undefined" />
	<Point X="237" Y="212" T="undefined" />
	<Point X="246" Y="209" T="undefined" />
	<Point X="253" Y="207" T="undefined" />
	<Point X="259" Y="207" T="undefined" />
	<Point X="262" Y="207" T="undefined" />
	<Point X="263" Y="207" T="undefined" />
	<Point X="263" Y="208" T="undefined" />
	<Point X="264" Y="208" T="undefined" />
	<Point X="268" Y="209" T="undefined" />
	<Point X="271" Y="210" T="undefined" />
	<Point X="273" Y="212" T="undefined" />
	<Point X="275" Y="213" T="undefined" />
	<Point X="275" Y="213" T="undefined" />
	<Point X="275" Y="214" T="undefined" />
	<Point X="275" Y="214" T="undefined" />
	<Point X="275" Y="215" T="undefined" />
	<Point X="269" Y="219" T="undefined" />
	<Point X="261" Y="222" T="undefined" />
	<Point X="250" Y="227" T="undefined" />
	<Point X="241" Y="234" T="undefined" />
	<Point X="235" Y="240" T="undefined" />
	<Point X="228" Y="246" T="undefined" />
	<Point X="214" Y="257" T="undefined" />
	<Point X="198" Y="271" T="undefined" />
	<Point X="184" Y="290" T="undefined" />
	<Point X="170" Y="306" T="undefined" />
	<Point X="152" Y="321" T="undefined" />
	<Point X="147" Y="327" T="undefined" />
	<Point X="142" Y="333" T="undefined" />
	<Point X="138" Y="338" T="undefined" />
	<Point X="130" Y="345" T="undefined" />
	<Point X="113" Y="358" T="undefined" />
	<Point X="103" Y="369" T="undefined" />
	<Point X="95" Y="379" T="undefined" />
	<Point X="88" Y="383" T="undefined" />
	<Point X="87" Y="384" T="undefined" />
	<Point X="85" Y="385" T="undefined" />
	<Point X="84" Y="385" T="undefined" />
</Gesture>