<?xml version="1.0" encoding="utf-8" standalone="yes"?>
<Gesture Name="Star7" NumPts="102">
	<Point X="85" Y="308" T="undefined" />
	<Point X="88" Y="301" T="undefined" />
	<Point X="95" Y="290" T="undefined" />
	<Point X="118" Y="252" T="undefined" />
	<Point X="136" Y="222" T="undefined" />
	<Point X="154" Y="193" T="undefined" />
	<Point X="180" Y="159" T="undefined" />
	<Point X="194" Y="142" T="undefined" />
	<Point X="212" Y="118" T="undefined" />
	<Point X="218" Y="113" T="undefined" />
	<Point X="222" Y="109" T="undefined" />
	<Point X="224" Y="107" T="undefined" />
	<Point X="225" Y="106" T="undefined" />
	<Point X="226" Y="105" T="undefined" />
	<Point X="226" Y="104" T="undefined" />
	<Point X="226" Y="105" T="undefined" />
	<Point X="226" Y="109" T="undefined" />
	<Point X="223" Y="129" T="undefined" />
	<Point X="218" Y="157" T="undefined" />
	<Point X="216" Y="176" T="undefined" />
	<Point X="216" Y="194" T="undefined" />
	<Point X="218" Y="223" T="undefined" />
	<Point X="220" Y="248" T="undefined" />
	<Point X="224" Y="279" T="undefined" />
	<Point X="228" Y="297" T="undefined" />
	<Point X="231" Y="304" T="undefined" />
	<Point X="235" Y="319" T="undefined" />
	<Point X="239" Y="331" T="undefined" />
	<Point X="242" Y="342" T="undefined" />
	<Point X="242" Y="348" T="undefined" />
	<Point X="243" Y="352" T="undefined" />
	<Point X="243" Y="354" T="undefined" />
	<Point X="243" Y="354" T="undefined" />
	<Point X="243" Y="353" T="undefined" />
	<Point X="241" Y="350" T="undefined" />
	<Point X="236" Y="341" T="undefined" />
	<Point X="230" Y="329" T="undefined" />
	<Point X="222" Y="321" T="undefined" />
	<Point X="212" Y="312" T="undefined" />
	<Point X="204" Y="308" T="undefined" />
	<Point X="187" Y="301" T="undefined" />
	<Point X="173" Y="292" T="undefined" />
	<Point X="157" Y="274" T="undefined" />
	<Point X="146" Y="260" T="undefined" />
	<Point X="136" Y="242" T="undefined" />
	<Point X="126" Y="215" T="undefined" />
	<Point X="120" Y="204" T="undefined" />
	<Point X="112" Y="191" T="undefined" />
	<Point X="108" Y="187" T="undefined" />
	<Point X="101" Y="184" T="undefined" />
	<Point X="94" Y="181" T="undefined" />
	<Point X="92" Y="181" T="undefined" />
	<Point X="90" Y="180" T="undefined" />
	<Point X="89" Y="179" T="undefined" />
	<Point X="88" Y="177" T="undefined" />
	<Point X="88" Y="175" T="undefined" />
	<Point X="88" Y="174" T="undefined" />
	<Point X="87" Y="173" T="undefined" />
	<Point X="93" Y="172" T="undefined" />
	<Point X="100" Y="172" T="undefined" />
	<Point X="108" Y="172" T="undefined" />
	<Point X="131" Y="172" T="undefined" />
	<Point X="147" Y="172" T="undefined" />
	<Point X="173" Y="172" T="undefined" />
	<Point X="195" Y="174" T="undefined" />
	<Point X="215" Y="178" T="undefined" />
	<Point X="234" Y="184" T="undefined" />
	<Point X="245" Y="189" T="undefined" />
	<Point X="257" Y="192" T="undefined" />
	<Point X="266" Y="194" T="undefined" />
	<Point X="277" Y="194" T="undefined" />
	<Point X="281" Y="194" T="undefined" />
	<Point X="285" Y="193" T="undefined" />
	<Point X="285" Y="193" T="undefined" />
	<Point X="286" Y="193" T="undefined" />
	<Point X="284" Y="193" T="undefined" />
	<Point X="281" Y="195" T="undefined" />
	<Point X="272" Y="199" T="undefined" />
	<Point X="263" Y="204" T="undefined" />
	<Point X="252" Y="210" T="undefined" />
	<Point X="238" Y="219" T="undefined" />
	<Point X="226" Y="228" T="undefined" />
	<Point X="212" Y="242" T="undefined" />
	<Point X="201" Y="251" T="undefined" />
	<Point X="185" Y="262" T="undefined" />
	<Point X="176" Y="267" T="undefined" />
	<Point X="165" Y="275" T="undefined" />
	<Point X="151" Y="286" T="undefined" />
	<Point X="141" Y="292" T="undefined" />
	<Point X="129" Y="301" T="undefined" />
	<Point X="125" Y="305" T="undefined" />
	<Point X="120" Y="308" T="undefined" />
	<Point X="117" Y="312" T="undefined" />
	<Point X="114" Y="314" T="undefined" />
	<Point X="110" Y="320" T="undefined" />
	<Point X="107" Y="322" T="undefined" />
	<Point X="103" Y="327" T="undefined" />
	<Point X="101" Y="328" T="undefined" />
	<Point X="99" Y="329" T="undefined" />
	<Point X="98" Y="330" T="undefined" />
	<Point X="97" Y="330" T="undefined" />
	<Point X="96" Y="330" T="undefined" />
</Gesture>