<?xml version="1.0" encoding="utf-8" standalone="yes"?>
<Gesture Name="Star2" NumPts="225">
	<Point X="129" Y="343" T="undefined" />
	<Point X="130" Y="339" T="undefined" />
	<Point X="130" Y="336" T="undefined" />
	<Point X="133" Y="328" T="undefined" />
	<Point X="137" Y="310" T="undefined" />
	<Point X="140" Y="297" T="undefined" />
	<Point X="142" Y="292" T="undefined" />
	<Point X="143" Y="289" T="undefined" />
	<Point X="145" Y="285" T="undefined" />
	<Point X="146" Y="283" T="undefined" />
	<Point X="149" Y="278" T="undefined" />
	<Point X="151" Y="271" T="undefined" />
	<Point X="154" Y="264" T="undefined" />
	<Point X="158" Y="255" T="undefined" />
	<Point X="159" Y="251" T="undefined" />
	<Point X="161" Y="246" T="undefined" />
	<Point X="162" Y="241" T="undefined" />
	<Point X="164" Y="234" T="undefined" />
	<Point X="166" Y="228" T="undefined" />
	<Point X="169" Y="216" T="undefined" />
	<Point X="172" Y="204" T="undefined" />
	<Point X="176" Y="193" T="undefined" />
	<Point X="180" Y="183" T="undefined" />
	<Point X="182" Y="178" T="undefined" />
	<Point X="185" Y="173" T="undefined" />
	<Point X="187" Y="170" T="undefined" />
	<Point X="189" Y="165" T="undefined" />
	<Point X="193" Y="156" T="undefined" />
	<Point X="194" Y="152" T="undefined" />
	<Point X="196" Y="149" T="undefined" />
	<Point X="196" Y="148" T="undefined" />
	<Point X="196" Y="148" T="undefined" />
	<Point X="196" Y="147" T="undefined" />
	<Point X="196" Y="146" T="undefined" />
	<Point X="196" Y="146" T="undefined" />
	<Point X="197" Y="146" T="undefined" />
	<Point X="197" Y="147" T="undefined" />
	<Point X="198" Y="148" T="undefined" />
	<Point X="199" Y="149" T="undefined" />
	<Point X="201" Y="156" T="undefined" />
	<Point X="203" Y="162" T="undefined" />
	<Point X="204" Y="171" T="undefined" />
	<Point X="207" Y="181" T="undefined" />
	<Point X="210" Y="196" T="undefined" />
	<Point X="211" Y="202" T="undefined" />
	<Point X="213" Y="210" T="undefined" />
	<Point X="214" Y="215" T="undefined" />
	<Point X="217" Y="221" T="undefined" />
	<Point X="219" Y="230" T="undefined" />
	<Point X="220" Y="235" T="undefined" />
	<Point X="223" Y="242" T="undefined" />
	<Point X="226" Y="246" T="undefined" />
	<Point X="226" Y="252" T="undefined" />
	<Point X="227" Y="260" T="undefined" />
	<Point X="228" Y="266" T="undefined" />
	<Point X="229" Y="271" T="undefined" />
	<Point X="229" Y="275" T="undefined" />
	<Point X="231" Y="280" T="undefined" />
	<Point X="231" Y="284" T="undefined" />
	<Point X="233" Y="287" T="undefined" />
	<Point X="233" Y="290" T="undefined" />
	<Point X="233" Y="292" T="undefined" />
	<Point X="234" Y="294" T="undefined" />
	<Point X="235" Y="297" T="undefined" />
	<Point X="235" Y="299" T="undefined" />
	<Point X="237" Y="304" T="undefined" />
	<Point X="237" Y="306" T="undefined" />
	<Point X="237" Y="308" T="undefined" />
	<Point X="237" Y="309" T="undefined" />
	<Point X="238" Y="310" T="undefined" />
	<Point X="238" Y="311" T="undefined" />
	<Point X="239" Y="312" T="undefined" />
	<Point X="241" Y="315" T="undefined" />
	<Point X="241" Y="317" T="undefined" />
	<Point X="243" Y="320" T="undefined" />
	<Point X="243" Y="321" T="undefined" />
	<Point X="243" Y="322" T="undefined" />
	<Point X="244" Y="324" T="undefined" />
	<Point X="244" Y="325" T="undefined" />
	<Point X="245" Y="327" T="undefined" />
	<Point X="246" Y="329" T="undefined" />
	<Point X="247" Y="333" T="undefined" />
	<Point X="248" Y="334" T="undefined" />
	<Point X="248" Y="335" T="undefined" />
	<Point X="248" Y="336" T="undefined" />
	<Point X="248" Y="337" T="undefined" />
	<Point X="248" Y="338" T="undefined" />
	<Point X="249" Y="339" T="undefined" />
	<Point X="249" Y="339" T="undefined" />
	<Point X="248" Y="337" T="undefined" />
	<Point X="248" Y="335" T="undefined" />
	<Point X="244" Y="328" T="undefined" />
	<Point X="238" Y="321" T="undefined" />
	<Point X="231" Y="312" T="undefined" />
	<Point X="226" Y="308" T="undefined" />
	<Point X="220" Y="303" T="undefined" />
	<Point X="209" Y="297" T="undefined" />
	<Point X="201" Y="293" T="undefined" />
	<Point X="192" Y="286" T="undefined" />
	<Point X="186" Y="282" T="undefined" />
	<Point X="180" Y="278" T="undefined" />
	<Point X="174" Y="275" T="undefined" />
	<Point X="169" Y="272" T="undefined" />
	<Point X="163" Y="270" T="undefined" />
	<Point X="157" Y="266" T="undefined" />
	<Point X="152" Y="263" T="undefined" />
	<Point X="144" Y="258" T="undefined" />
	<Point X="139" Y="254" T="undefined" />
	<Point X="136" Y="251" T="undefined" />
	<Point X="133" Y="248" T="undefined" />
	<Point X="128" Y="244" T="undefined" />
	<Point X="126" Y="241" T="undefined" />
	<Point X="123" Y="238" T="undefined" />
	<Point X="118" Y="235" T="undefined" />
	<Point X="114" Y="233" T="undefined" />
	<Point X="109" Y="231" T="undefined" />
	<Point X="106" Y="229" T="undefined" />
	<Point X="102" Y="227" T="undefined" />
	<Point X="100" Y="225" T="undefined" />
	<Point X="98" Y="224" T="undefined" />
	<Point X="97" Y="223" T="undefined" />
	<Point X="96" Y="222" T="undefined" />
	<Point X="97" Y="222" T="undefined" />
	<Point X="97" Y="222" T="undefined" />
	<Point X="99" Y="222" T="undefined" />
	<Point X="101" Y="222" T="undefined" />
	<Point X="104" Y="220" T="undefined" />
	<Point X="106" Y="220" T="undefined" />
	<Point X="110" Y="220" T="undefined" />
	<Point X="114" Y="220" T="undefined" />
	<Point X="120" Y="220" T="undefined" />
	<Point X="123" Y="220" T="undefined" />
	<Point X="130" Y="218" T="undefined" />
	<Point X="134" Y="218" T="undefined" />
	<Point X="139" Y="216" T="undefined" />
	<Point X="146" Y="213" T="undefined" />
	<Point X="150" Y="212" T="undefined" />
	<Point X="153" Y="210" T="undefined" />
	<Point X="155" Y="210" T="undefined" />
	<Point X="157" Y="210" T="undefined" />
	<Point X="160" Y="210" T="undefined" />
	<Point X="164" Y="210" T="undefined" />
	<Point X="168" Y="210" T="undefined" />
	<Point X="174" Y="210" T="undefined" />
	<Point X="178" Y="209" T="undefined" />
	<Point X="181" Y="209" T="undefined" />
	<Point X="186" Y="209" T="undefined" />
	<Point X="190" Y="209" T="undefined" />
	<Point X="194" Y="209" T="undefined" />
	<Point X="201" Y="209" T="undefined" />
	<Point X="206" Y="209" T="undefined" />
	<Point X="212" Y="209" T="undefined" />
	<Point X="214" Y="210" T="undefined" />
	<Point X="217" Y="211" T="undefined" />
	<Point X="222" Y="211" T="undefined" />
	<Point X="226" Y="211" T="undefined" />
	<Point X="233" Y="210" T="undefined" />
	<Point X="237" Y="209" T="undefined" />
	<Point X="243" Y="207" T="undefined" />
	<Point X="246" Y="207" T="undefined" />
	<Point X="249" Y="207" T="undefined" />
	<Point X="254" Y="207" T="undefined" />
	<Point X="258" Y="207" T="undefined" />
	<Point X="264" Y="207" T="undefined" />
	<Point X="267" Y="207" T="undefined" />
	<Point X="274" Y="207" T="undefined" />
	<Point X="278" Y="207" T="undefined" />
	<Point X="282" Y="207" T="undefined" />
	<Point X="289" Y="207" T="undefined" />
	<Point X="292" Y="207" T="undefined" />
	<Point X="295" Y="207" T="undefined" />
	<Point X="295" Y="207" T="undefined" />
	<Point X="296" Y="209" T="undefined" />
	<Point X="296" Y="209" T="undefined" />
	<Point X="296" Y="210" T="undefined" />
	<Point X="296" Y="211" T="undefined" />
	<Point X="295" Y="212" T="undefined" />
	<Point X="294" Y="213" T="undefined" />
	<Point X="290" Y="215" T="undefined" />
	<Point X="286" Y="217" T="undefined" />
	<Point X="280" Y="222" T="undefined" />
	<Point X="275" Y="225" T="undefined" />
	<Point X="268" Y="228" T="undefined" />
	<Point X="265" Y="230" T="undefined" />
	<Point X="257" Y="233" T="undefined" />
	<Point X="253" Y="235" T="undefined" />
	<Point X="249" Y="238" T="undefined" />
	<Point X="243" Y="242" T="undefined" />
	<Point X="239" Y="245" T="undefined" />
	<Point X="233" Y="251" T="undefined" />
	<Point X="230" Y="255" T="undefined" />
	<Point X="223" Y="259" T="undefined" />
	<Point X="218" Y="262" T="undefined" />
	<Point X="214" Y="266" T="undefined" />
	<Point X="208" Y="270" T="undefined" />
	<Point X="203" Y="275" T="undefined" />
	<Point X="195" Y="280" T="undefined" />
	<Point X="189" Y="285" T="undefined" />
	<Point X="182" Y="292" T="undefined" />
	<Point X="179" Y="295" T="undefined" />
	<Point X="178" Y="296" T="undefined" />
	<Point X="176" Y="298" T="undefined" />
	<Point X="174" Y="301" T="undefined" />
	<Point X="172" Y="304" T="undefined" />
	<Point X="168" Y="308" T="undefined" />
	<Point X="166" Y="311" T="undefined" />
	<Point X="163" Y="315" T="undefined" />
	<Point X="162" Y="315" T="undefined" />
	<Point X="161" Y="316" T="undefined" />
	<Point X="160" Y="317" T="undefined" />
	<Point X="157" Y="320" T="undefined" />
	<Point X="156" Y="321" T="undefined" />
	<Point X="156" Y="322" T="undefined" />
	<Point X="154" Y="323" T="undefined" />
	<Point X="154" Y="324" T="undefined" />
	<Point X="153" Y="325" T="undefined" />
	<Point X="152" Y="326" T="undefined" />
	<Point X="150" Y="327" T="undefined" />
	<Point X="148" Y="330" T="undefined" />
	<Point X="146" Y="332" T="undefined" />
	<Point X="145" Y="333" T="undefined" />
	<Point X="144" Y="334" T="undefined" />
	<Point X="143" Y="335" T="undefined" />
	<Point X="142" Y="335" T="undefined" />
	<Point X="142" Y="335" T="undefined" />
</Gesture>