<?xml version="1.0" encoding="utf-8" standalone="yes"?>
<Gesture Name="Triangle9" NumPts="105">
	<Point X="178" Y="141" T="undefined" />
	<Point X="177" Y="143" T="undefined" />
	<Point X="172" Y="149" T="undefined" />
	<Point X="162" Y="162" T="undefined" />
	<Point X="156" Y="169" T="undefined" />
	<Point X="148" Y="179" T="undefined" />
	<Point X="138" Y="194" T="undefined" />
	<Point X="130" Y="203" T="undefined" />
	<Point X="122" Y="211" T="undefined" />
	<Point X="116" Y="217" T="undefined" />
	<Point X="107" Y="227" T="undefined" />
	<Point X="98" Y="237" T="undefined" />
	<Point X="94" Y="244" T="undefined" />
	<Point X="88" Y="252" T="undefined" />
	<Point X="84" Y="257" T="undefined" />
	<Point X="81" Y="261" T="undefined" />
	<Point X="71" Y="276" T="undefined" />
	<Point X="65" Y="285" T="undefined" />
	<Point X="61" Y="289" T="undefined" />
	<Point X="58" Y="294" T="undefined" />
	<Point X="55" Y="298" T="undefined" />
	<Point X="53" Y="302" T="undefined" />
	<Point X="51" Y="304" T="undefined" />
	<Point X="50" Y="307" T="undefined" />
	<Point X="49" Y="307" T="undefined" />
	<Point X="49" Y="308" T="undefined" />
	<Point X="49" Y="309" T="undefined" />
	<Point X="49" Y="309" T="undefined" />
	<Point X="50" Y="309" T="undefined" />
	<Point X="56" Y="308" T="undefined" />
	<Point X="69" Y="305" T="undefined" />
	<Point X="78" Y="302" T="undefined" />
	<Point X="89" Y="300" T="undefined" />
	<Point X="96" Y="298" T="undefined" />
	<Point X="108" Y="296" T="undefined" />
	<Point X="117" Y="295" T="undefined" />
	<Point X="129" Y="293" T="undefined" />
	<Point X="144" Y="291" T="undefined" />
	<Point X="150" Y="291" T="undefined" />
	<Point X="154" Y="291" T="undefined" />
	<Point X="155" Y="291" T="undefined" />
	<Point X="157" Y="292" T="undefined" />
	<Point X="161" Y="292" T="undefined" />
	<Point X="165" Y="293" T="undefined" />
	<Point X="172" Y="293" T="undefined" />
	<Point X="177" Y="293" T="undefined" />
	<Point X="182" Y="293" T="undefined" />
	<Point X="192" Y="291" T="undefined" />
	<Point X="199" Y="290" T="undefined" />
	<Point X="203" Y="288" T="undefined" />
	<Point X="208" Y="288" T="undefined" />
	<Point X="219" Y="287" T="undefined" />
	<Point X="223" Y="287" T="undefined" />
	<Point X="229" Y="287" T="undefined" />
	<Point X="238" Y="287" T="undefined" />
	<Point X="243" Y="287" T="undefined" />
	<Point X="247" Y="287" T="undefined" />
	<Point X="253" Y="287" T="undefined" />
	<Point X="260" Y="287" T="undefined" />
	<Point X="265" Y="287" T="undefined" />
	<Point X="271" Y="287" T="undefined" />
	<Point X="279" Y="287" T="undefined" />
	<Point X="282" Y="287" T="undefined" />
	<Point X="285" Y="287" T="undefined" />
	<Point X="287" Y="287" T="undefined" />
	<Point X="289" Y="287" T="undefined" />
	<Point X="291" Y="287" T="undefined" />
	<Point X="292" Y="287" T="undefined" />
	<Point X="292" Y="287" T="undefined" />
	<Point X="293" Y="287" T="undefined" />
	<Point X="293" Y="286" T="undefined" />
	<Point X="295" Y="283" T="undefined" />
	<Point X="295" Y="272" T="undefined" />
	<Point X="294" Y="264" T="undefined" />
	<Point X="289" Y="255" T="undefined" />
	<Point X="284" Y="250" T="undefined" />
	<Point X="277" Y="244" T="undefined" />
	<Point X="265" Y="235" T="undefined" />
	<Point X="257" Y="231" T="undefined" />
	<Point X="249" Y="224" T="undefined" />
	<Point X="245" Y="220" T="undefined" />
	<Point X="239" Y="216" T="undefined" />
	<Point X="232" Y="212" T="undefined" />
	<Point X="228" Y="210" T="undefined" />
	<Point X="226" Y="209" T="undefined" />
	<Point X="224" Y="208" T="undefined" />
	<Point X="220" Y="204" T="undefined" />
	<Point X="217" Y="200" T="undefined" />
	<Point X="214" Y="193" T="undefined" />
	<Point X="213" Y="190" T="undefined" />
	<Point X="212" Y="188" T="undefined" />
	<Point X="209" Y="185" T="undefined" />
	<Point X="206" Y="184" T="undefined" />
	<Point X="204" Y="181" T="undefined" />
	<Point X="203" Y="178" T="undefined" />
	<Point X="200" Y="173" T="undefined" />
	<Point X="198" Y="170" T="undefined" />
	<Point X="196" Y="167" T="undefined" />
	<Point X="194" Y="165" T="undefined" />
	<Point X="192" Y="164" T="undefined" />
	<Point X="191" Y="162" T="undefined" />
	<Point X="189" Y="159" T="undefined" />
	<Point X="188" Y="157" T="undefined" />
	<Point X="187" Y="155" T="undefined" />
	<Point X="186" Y="154" T="undefined" />
</Gesture>