<?xml version="1.0" encoding="utf-8" standalone="yes"?>
<Gesture Name="Triangle6" NumPts="130">
	<Point X="186" Y="153" T="undefined" />
	<Point X="185" Y="153" T="undefined" />
	<Point X="183" Y="156" T="undefined" />
	<Point X="179" Y="159" T="undefined" />
	<Point X="176" Y="164" T="undefined" />
	<Point X="172" Y="170" T="undefined" />
	<Point X="168" Y="176" T="undefined" />
	<Point X="161" Y="185" T="undefined" />
	<Point X="156" Y="190" T="undefined" />
	<Point X="148" Y="201" T="undefined" />
	<Point X="141" Y="210" T="undefined" />
	<Point X="136" Y="218" T="undefined" />
	<Point X="130" Y="227" T="undefined" />
	<Point X="129" Y="231" T="undefined" />
	<Point X="125" Y="235" T="undefined" />
	<Point X="122" Y="239" T="undefined" />
	<Point X="118" Y="244" T="undefined" />
	<Point X="112" Y="251" T="undefined" />
	<Point X="107" Y="257" T="undefined" />
	<Point X="101" Y="266" T="undefined" />
	<Point X="98" Y="271" T="undefined" />
	<Point X="94" Y="280" T="undefined" />
	<Point X="91" Y="287" T="undefined" />
	<Point X="88" Y="293" T="undefined" />
	<Point X="85" Y="300" T="undefined" />
	<Point X="83" Y="303" T="undefined" />
	<Point X="81" Y="305" T="undefined" />
	<Point X="80" Y="305" T="undefined" />
	<Point X="80" Y="307" T="undefined" />
	<Point X="80" Y="307" T="undefined" />
	<Point X="79" Y="308" T="undefined" />
	<Point X="79" Y="308" T="undefined" />
	<Point X="77" Y="310" T="undefined" />
	<Point X="72" Y="320" T="undefined" />
	<Point X="69" Y="329" T="undefined" />
	<Point X="65" Y="336" T="undefined" />
	<Point X="62" Y="342" T="undefined" />
	<Point X="61" Y="343" T="undefined" />
	<Point X="60" Y="344" T="undefined" />
	<Point X="64" Y="343" T="undefined" />
	<Point X="70" Y="341" T="undefined" />
	<Point X="82" Y="337" T="undefined" />
	<Point X="92" Y="333" T="undefined" />
	<Point X="102" Y="331" T="undefined" />
	<Point X="116" Y="329" T="undefined" />
	<Point X="126" Y="329" T="undefined" />
	<Point X="144" Y="327" T="undefined" />
	<Point X="157" Y="328" T="undefined" />
	<Point X="174" Y="329" T="undefined" />
	<Point X="181" Y="330" T="undefined" />
	<Point X="187" Y="332" T="undefined" />
	<Point X="197" Y="334" T="undefined" />
	<Point X="205" Y="335" T="undefined" />
	<Point X="217" Y="336" T="undefined" />
	<Point X="224" Y="336" T="undefined" />
	<Point X="233" Y="336" T="undefined" />
	<Point X="244" Y="336" T="undefined" />
	<Point X="250" Y="335" T="undefined" />
	<Point X="256" Y="334" T="undefined" />
	<Point X="262" Y="332" T="undefined" />
	<Point X="271" Y="330" T="undefined" />
	<Point X="277" Y="329" T="undefined" />
	<Point X="283" Y="329" T="undefined" />
	<Point X="289" Y="328" T="undefined" />
	<Point X="292" Y="328" T="undefined" />
	<Point X="295" Y="328" T="undefined" />
	<Point X="297" Y="328" T="undefined" />
	<Point X="300" Y="328" T="undefined" />
	<Point X="303" Y="328" T="undefined" />
	<Point X="305" Y="328" T="undefined" />
	<Point X="308" Y="328" T="undefined" />
	<Point X="310" Y="328" T="undefined" />
	<Point X="314" Y="328" T="undefined" />
	<Point X="316" Y="327" T="undefined" />
	<Point X="318" Y="327" T="undefined" />
	<Point X="318" Y="327" T="undefined" />
	<Point X="319" Y="326" T="undefined" />
	<Point X="319" Y="326" T="undefined" />
	<Point X="319" Y="325" T="undefined" />
	<Point X="319" Y="325" T="undefined" />
	<Point X="320" Y="324" T="undefined" />
	<Point X="320" Y="320" T="undefined" />
	<Point X="318" Y="317" T="undefined" />
	<Point X="311" Y="306" T="undefined" />
	<Point X="305" Y="298" T="undefined" />
	<Point X="298" Y="290" T="undefined" />
	<Point X="289" Y="281" T="undefined" />
	<Point X="285" Y="278" T="undefined" />
	<Point X="276" Y="271" T="undefined" />
	<Point X="270" Y="267" T="undefined" />
	<Point X="263" Y="260" T="undefined" />
	<Point X="259" Y="256" T="undefined" />
	<Point X="255" Y="251" T="undefined" />
	<Point X="251" Y="247" T="undefined" />
	<Point X="248" Y="244" T="undefined" />
	<Point X="245" Y="241" T="undefined" />
	<Point X="243" Y="237" T="undefined" />
	<Point X="242" Y="234" T="undefined" />
	<Point X="240" Y="228" T="undefined" />
	<Point X="237" Y="223" T="undefined" />
	<Point X="234" Y="216" T="undefined" />
	<Point X="231" Y="210" T="undefined" />
	<Point X="226" Y="203" T="undefined" />
	<Point X="224" Y="199" T="undefined" />
	<Point X="222" Y="195" T="undefined" />
	<Point X="221" Y="190" T="undefined" />
	<Point X="220" Y="188" T="undefined" />
	<Point X="219" Y="187" T="undefined" />
	<Point X="218" Y="185" T="undefined" />
	<Point X="217" Y="183" T="undefined" />
	<Point X="216" Y="181" T="undefined" />
	<Point X="215" Y="180" T="undefined" />
	<Point X="214" Y="178" T="undefined" />
	<Point X="213" Y="177" T="undefined" />
	<Point X="212" Y="176" T="undefined" />
	<Point X="212" Y="175" T="undefined" />
	<Point X="210" Y="174" T="undefined" />
	<Point X="209" Y="173" T="undefined" />
	<Point X="209" Y="173" T="undefined" />
	<Point X="208" Y="172" T="undefined" />
	<Point X="207" Y="171" T="undefined" />
	<Point X="206" Y="169" T="undefined" />
	<Point X="205" Y="168" T="undefined" />
	<Point X="204" Y="167" T="undefined" />
	<Point X="204" Y="166" T="undefined" />
	<Point X="202" Y="165" T="undefined" />
	<Point X="201" Y="163" T="undefined" />
	<Point X="201" Y="163" T="undefined" />
	<Point X="199" Y="162" T="undefined" />
	<Point X="199" Y="162" T="undefined" />
</Gesture>