<?xml version="1.0" encoding="utf-8" standalone="yes"?>
<Gesture Name="Triangle4" NumPts="108">
	<Point X="214" Y="131" T="undefined" />
	<Point X="212" Y="134" T="undefined" />
	<Point X="210" Y="137" T="undefined" />
	<Point X="205" Y="141" T="undefined" />
	<Point X="198" Y="151" T="undefined" />
	<Point X="195" Y="156" T="undefined" />
	<Point X="193" Y="160" T="undefined" />
	<Point X="187" Y="169" T="undefined" />
	<Point X="180" Y="181" T="undefined" />
	<Point X="172" Y="190" T="undefined" />
	<Point X="163" Y="206" T="undefined" />
	<Point X="158" Y="215" T="undefined" />
	<Point X="154" Y="222" T="undefined" />
	<Point X="147" Y="237" T="undefined" />
	<Point X="142" Y="246" T="undefined" />
	<Point X="136" Y="253" T="undefined" />
	<Point X="130" Y="262" T="undefined" />
	<Point X="127" Y="266" T="undefined" />
	<Point X="124" Y="270" T="undefined" />
	<Point X="124" Y="272" T="undefined" />
	<Point X="123" Y="272" T="undefined" />
	<Point X="121" Y="273" T="undefined" />
	<Point X="121" Y="274" T="undefined" />
	<Point X="120" Y="276" T="undefined" />
	<Point X="119" Y="278" T="undefined" />
	<Point X="118" Y="280" T="undefined" />
	<Point X="118" Y="281" T="undefined" />
	<Point X="118" Y="282" T="undefined" />
	<Point X="118" Y="283" T="undefined" />
	<Point X="118" Y="283" T="undefined" />
	<Point X="118" Y="285" T="undefined" />
	<Point X="120" Y="287" T="undefined" />
	<Point X="121" Y="288" T="undefined" />
	<Point X="121" Y="289" T="undefined" />
	<Point X="121" Y="290" T="undefined" />
	<Point X="121" Y="290" T="undefined" />
	<Point X="124" Y="289" T="undefined" />
	<Point X="127" Y="289" T="undefined" />
	<Point X="135" Y="288" T="undefined" />
	<Point X="148" Y="286" T="undefined" />
	<Point X="154" Y="285" T="undefined" />
	<Point X="160" Y="284" T="undefined" />
	<Point X="171" Y="284" T="undefined" />
	<Point X="177" Y="283" T="undefined" />
	<Point X="189" Y="282" T="undefined" />
	<Point X="194" Y="281" T="undefined" />
	<Point X="204" Y="281" T="undefined" />
	<Point X="211" Y="281" T="undefined" />
	<Point X="218" Y="280" T="undefined" />
	<Point X="231" Y="280" T="undefined" />
	<Point X="239" Y="280" T="undefined" />
	<Point X="250" Y="280" T="undefined" />
	<Point X="255" Y="280" T="undefined" />
	<Point X="261" Y="280" T="undefined" />
	<Point X="271" Y="281" T="undefined" />
	<Point X="277" Y="282" T="undefined" />
	<Point X="285" Y="282" T="undefined" />
	<Point X="290" Y="282" T="undefined" />
	<Point X="297" Y="282" T="undefined" />
	<Point X="301" Y="282" T="undefined" />
	<Point X="308" Y="282" T="undefined" />
	<Point X="311" Y="282" T="undefined" />
	<Point X="315" Y="282" T="undefined" />
	<Point X="319" Y="282" T="undefined" />
	<Point X="321" Y="282" T="undefined" />
	<Point X="322" Y="282" T="undefined" />
	<Point X="318" Y="278" T="undefined" />
	<Point X="311" Y="269" T="undefined" />
	<Point X="305" Y="262" T="undefined" />
	<Point X="301" Y="256" T="undefined" />
	<Point X="298" Y="252" T="undefined" />
	<Point X="294" Y="248" T="undefined" />
	<Point X="290" Y="245" T="undefined" />
	<Point X="285" Y="241" T="undefined" />
	<Point X="281" Y="238" T="undefined" />
	<Point X="279" Y="236" T="undefined" />
	<Point X="274" Y="233" T="undefined" />
	<Point X="273" Y="232" T="undefined" />
	<Point X="271" Y="231" T="undefined" />
	<Point X="270" Y="228" T="undefined" />
	<Point X="267" Y="223" T="undefined" />
	<Point X="264" Y="213" T="undefined" />
	<Point X="261" Y="203" T="undefined" />
	<Point X="258" Y="194" T="undefined" />
	<Point X="255" Y="190" T="undefined" />
	<Point X="253" Y="187" T="undefined" />
	<Point X="251" Y="185" T="undefined" />
	<Point X="249" Y="184" T="undefined" />
	<Point X="247" Y="178" T="undefined" />
	<Point X="247" Y="175" T="undefined" />
	<Point X="245" Y="167" T="undefined" />
	<Point X="244" Y="165" T="undefined" />
	<Point X="243" Y="161" T="undefined" />
	<Point X="242" Y="158" T="undefined" />
	<Point X="241" Y="157" T="undefined" />
	<Point X="239" Y="154" T="undefined" />
	<Point X="238" Y="153" T="undefined" />
	<Point X="236" Y="151" T="undefined" />
	<Point X="234" Y="149" T="undefined" />
	<Point X="233" Y="148" T="undefined" />
	<Point X="232" Y="147" T="undefined" />
	<Point X="232" Y="147" T="undefined" />
	<Point X="232" Y="146" T="undefined" />
	<Point X="231" Y="146" T="undefined" />
	<Point X="231" Y="146" T="undefined" />
	<Point X="231" Y="146" T="undefined" />
	<Point X="230" Y="146" T="undefined" />
	<Point X="230" Y="145" T="undefined" />
</Gesture>