<?xml version="1.0" encoding="utf-8" standalone="yes"?>
<Gesture Name="Triangle7" NumPts="133">
	<Point X="189" Y="131" T="undefined" />
	<Point X="187" Y="136" T="undefined" />
	<Point X="184" Y="141" T="undefined" />
	<Point X="178" Y="154" T="undefined" />
	<Point X="172" Y="166" T="undefined" />
	<Point X="164" Y="181" T="undefined" />
	<Point X="161" Y="192" T="undefined" />
	<Point X="155" Y="205" T="undefined" />
	<Point X="151" Y="212" T="undefined" />
	<Point X="143" Y="222" T="undefined" />
	<Point X="138" Y="233" T="undefined" />
	<Point X="132" Y="244" T="undefined" />
	<Point X="124" Y="258" T="undefined" />
	<Point X="121" Y="265" T="undefined" />
	<Point X="117" Y="273" T="undefined" />
	<Point X="116" Y="278" T="undefined" />
	<Point X="113" Y="283" T="undefined" />
	<Point X="109" Y="294" T="undefined" />
	<Point X="106" Y="299" T="undefined" />
	<Point X="101" Y="309" T="undefined" />
	<Point X="98" Y="315" T="undefined" />
	<Point X="96" Y="321" T="undefined" />
	<Point X="95" Y="322" T="undefined" />
	<Point X="94" Y="324" T="undefined" />
	<Point X="93" Y="327" T="undefined" />
	<Point X="92" Y="329" T="undefined" />
	<Point X="91" Y="332" T="undefined" />
	<Point X="90" Y="333" T="undefined" />
	<Point X="90" Y="334" T="undefined" />
	<Point X="90" Y="335" T="undefined" />
	<Point X="90" Y="336" T="undefined" />
	<Point X="90" Y="336" T="undefined" />
	<Point X="90" Y="337" T="undefined" />
	<Point X="90" Y="337" T="undefined" />
	<Point X="91" Y="338" T="undefined" />
	<Point X="95" Y="340" T="undefined" />
	<Point X="98" Y="341" T="undefined" />
	<Point X="100" Y="343" T="undefined" />
	<Point X="106" Y="343" T="undefined" />
	<Point X="110" Y="343" T="undefined" />
	<Point X="118" Y="342" T="undefined" />
	<Point X="123" Y="341" T="undefined" />
	<Point X="127" Y="341" T="undefined" />
	<Point X="133" Y="341" T="undefined" />
	<Point X="136" Y="341" T="undefined" />
	<Point X="142" Y="340" T="undefined" />
	<Point X="147" Y="340" T="undefined" />
	<Point X="151" Y="340" T="undefined" />
	<Point X="155" Y="340" T="undefined" />
	<Point X="160" Y="342" T="undefined" />
	<Point X="163" Y="342" T="undefined" />
	<Point X="167" Y="342" T="undefined" />
	<Point X="175" Y="342" T="undefined" />
	<Point X="179" Y="342" T="undefined" />
	<Point X="186" Y="341" T="undefined" />
	<Point X="190" Y="341" T="undefined" />
	<Point X="195" Y="340" T="undefined" />
	<Point X="203" Y="340" T="undefined" />
	<Point X="209" Y="338" T="undefined" />
	<Point X="216" Y="338" T="undefined" />
	<Point X="221" Y="337" T="undefined" />
	<Point X="230" Y="337" T="undefined" />
	<Point X="235" Y="337" T="undefined" />
	<Point X="240" Y="336" T="undefined" />
	<Point X="246" Y="336" T="undefined" />
	<Point X="249" Y="336" T="undefined" />
	<Point X="255" Y="336" T="undefined" />
	<Point X="260" Y="336" T="undefined" />
	<Point X="264" Y="336" T="undefined" />
	<Point X="271" Y="336" T="undefined" />
	<Point X="274" Y="336" T="undefined" />
	<Point X="278" Y="336" T="undefined" />
	<Point X="285" Y="336" T="undefined" />
	<Point X="295" Y="335" T="undefined" />
	<Point X="301" Y="334" T="undefined" />
	<Point X="308" Y="333" T="undefined" />
	<Point X="311" Y="333" T="undefined" />
	<Point X="315" Y="332" T="undefined" />
	<Point X="320" Y="332" T="undefined" />
	<Point X="323" Y="332" T="undefined" />
	<Point X="325" Y="332" T="undefined" />
	<Point X="327" Y="332" T="undefined" />
	<Point X="327" Y="332" T="undefined" />
	<Point X="327" Y="330" T="undefined" />
	<Point X="327" Y="327" T="undefined" />
	<Point X="325" Y="318" T="undefined" />
	<Point X="322" Y="309" T="undefined" />
	<Point X="318" Y="300" T="undefined" />
	<Point X="316" Y="296" T="undefined" />
	<Point X="313" Y="293" T="undefined" />
	<Point X="308" Y="287" T="undefined" />
	<Point X="305" Y="284" T="undefined" />
	<Point X="301" Y="279" T="undefined" />
	<Point X="298" Y="274" T="undefined" />
	<Point X="292" Y="270" T="undefined" />
	<Point X="289" Y="267" T="undefined" />
	<Point X="285" Y="263" T="undefined" />
	<Point X="281" Y="259" T="undefined" />
	<Point X="276" Y="255" T="undefined" />
	<Point X="274" Y="250" T="undefined" />
	<Point X="272" Y="247" T="undefined" />
	<Point X="269" Y="242" T="undefined" />
	<Point X="267" Y="240" T="undefined" />
	<Point X="264" Y="235" T="undefined" />
	<Point X="263" Y="233" T="undefined" />
	<Point X="261" Y="231" T="undefined" />
	<Point X="260" Y="230" T="undefined" />
	<Point X="258" Y="227" T="undefined" />
	<Point X="254" Y="224" T="undefined" />
	<Point X="249" Y="221" T="undefined" />
	<Point X="247" Y="218" T="undefined" />
	<Point X="243" Y="214" T="undefined" />
	<Point X="241" Y="211" T="undefined" />
	<Point X="238" Y="206" T="undefined" />
	<Point X="236" Y="204" T="undefined" />
	<Point X="234" Y="199" T="undefined" />
	<Point X="233" Y="196" T="undefined" />
	<Point X="231" Y="193" T="undefined" />
	<Point X="229" Y="188" T="undefined" />
	<Point X="227" Y="181" T="undefined" />
	<Point X="224" Y="174" T="undefined" />
	<Point X="221" Y="166" T="undefined" />
	<Point X="220" Y="160" T="undefined" />
	<Point X="217" Y="154" T="undefined" />
	<Point X="215" Y="151" T="undefined" />
	<Point X="214" Y="148" T="undefined" />
	<Point X="212" Y="146" T="undefined" />
	<Point X="209" Y="143" T="undefined" />
	<Point X="208" Y="142" T="undefined" />
	<Point X="206" Y="137" T="undefined" />
	<Point X="205" Y="134" T="undefined" />
	<Point X="204" Y="131" T="undefined" />
	<Point X="203" Y="130" T="undefined" />
</Gesture>