<?xml version="1.0" encoding="utf-8" standalone="yes"?>
<Gesture Name="Triangle3" NumPts="137">
	<Point X="216" Y="127" T="undefined" />
	<Point X="216" Y="129" T="undefined" />
	<Point X="214" Y="131" T="undefined" />
	<Point X="211" Y="139" T="undefined" />
	<Point X="209" Y="144" T="undefined" />
	<Point X="205" Y="151" T="undefined" />
	<Point X="201" Y="158" T="undefined" />
	<Point X="195" Y="170" T="undefined" />
	<Point X="192" Y="175" T="undefined" />
	<Point X="189" Y="180" T="undefined" />
	<Point X="186" Y="183" T="undefined" />
	<Point X="184" Y="187" T="undefined" />
	<Point X="181" Y="192" T="undefined" />
	<Point X="177" Y="198" T="undefined" />
	<Point X="170" Y="216" T="undefined" />
	<Point X="164" Y="224" T="undefined" />
	<Point X="159" Y="230" T="undefined" />
	<Point X="151" Y="241" T="undefined" />
	<Point X="147" Y="246" T="undefined" />
	<Point X="142" Y="255" T="undefined" />
	<Point X="139" Y="261" T="undefined" />
	<Point X="137" Y="266" T="undefined" />
	<Point X="135" Y="270" T="undefined" />
	<Point X="134" Y="273" T="undefined" />
	<Point X="132" Y="278" T="undefined" />
	<Point X="129" Y="283" T="undefined" />
	<Point X="128" Y="289" T="undefined" />
	<Point X="127" Y="291" T="undefined" />
	<Point X="126" Y="295" T="undefined" />
	<Point X="125" Y="296" T="undefined" />
	<Point X="125" Y="297" T="undefined" />
	<Point X="125" Y="298" T="undefined" />
	<Point X="125" Y="299" T="undefined" />
	<Point X="125" Y="299" T="undefined" />
	<Point X="126" Y="300" T="undefined" />
	<Point X="127" Y="300" T="undefined" />
	<Point X="132" Y="300" T="undefined" />
	<Point X="136" Y="301" T="undefined" />
	<Point X="146" Y="301" T="undefined" />
	<Point X="153" Y="301" T="undefined" />
	<Point X="160" Y="300" T="undefined" />
	<Point X="168" Y="300" T="undefined" />
	<Point X="173" Y="300" T="undefined" />
	<Point X="182" Y="300" T="undefined" />
	<Point X="187" Y="300" T="undefined" />
	<Point X="194" Y="300" T="undefined" />
	<Point X="197" Y="300" T="undefined" />
	<Point X="201" Y="300" T="undefined" />
	<Point X="206" Y="301" T="undefined" />
	<Point X="212" Y="303" T="undefined" />
	<Point X="220" Y="304" T="undefined" />
	<Point X="225" Y="304" T="undefined" />
	<Point X="231" Y="305" T="undefined" />
	<Point X="234" Y="305" T="undefined" />
	<Point X="237" Y="305" T="undefined" />
	<Point X="244" Y="305" T="undefined" />
	<Point X="250" Y="305" T="undefined" />
	<Point X="252" Y="305" T="undefined" />
	<Point X="263" Y="304" T="undefined" />
	<Point X="267" Y="304" T="undefined" />
	<Point X="271" Y="304" T="undefined" />
	<Point X="275" Y="304" T="undefined" />
	<Point X="279" Y="304" T="undefined" />
	<Point X="282" Y="304" T="undefined" />
	<Point X="288" Y="304" T="undefined" />
	<Point X="291" Y="305" T="undefined" />
	<Point X="295" Y="305" T="undefined" />
	<Point X="299" Y="306" T="undefined" />
	<Point X="303" Y="307" T="undefined" />
	<Point X="308" Y="307" T="undefined" />
	<Point X="314" Y="308" T="undefined" />
	<Point X="319" Y="308" T="undefined" />
	<Point X="325" Y="308" T="undefined" />
	<Point X="329" Y="308" T="undefined" />
	<Point X="333" Y="309" T="undefined" />
	<Point X="335" Y="309" T="undefined" />
	<Point X="338" Y="309" T="undefined" />
	<Point X="341" Y="309" T="undefined" />
	<Point X="345" Y="309" T="undefined" />
	<Point X="346" Y="308" T="undefined" />
	<Point X="347" Y="308" T="undefined" />
	<Point X="347" Y="308" T="undefined" />
	<Point X="348" Y="308" T="undefined" />
	<Point X="348" Y="306" T="undefined" />
	<Point X="348" Y="305" T="undefined" />
	<Point X="347" Y="303" T="undefined" />
	<Point X="343" Y="299" T="undefined" />
	<Point X="338" Y="292" T="undefined" />
	<Point X="332" Y="283" T="undefined" />
	<Point X="327" Y="275" T="undefined" />
	<Point X="319" Y="266" T="undefined" />
	<Point X="316" Y="261" T="undefined" />
	<Point X="311" Y="256" T="undefined" />
	<Point X="306" Y="250" T="undefined" />
	<Point X="303" Y="247" T="undefined" />
	<Point X="299" Y="242" T="undefined" />
	<Point X="298" Y="240" T="undefined" />
	<Point X="294" Y="235" T="undefined" />
	<Point X="291" Y="231" T="undefined" />
	<Point X="288" Y="226" T="undefined" />
	<Point X="285" Y="222" T="undefined" />
	<Point X="282" Y="219" T="undefined" />
	<Point X="278" Y="214" T="undefined" />
	<Point X="275" Y="209" T="undefined" />
	<Point X="269" Y="203" T="undefined" />
	<Point X="265" Y="198" T="undefined" />
	<Point X="263" Y="196" T="undefined" />
	<Point X="261" Y="192" T="undefined" />
	<Point X="259" Y="190" T="undefined" />
	<Point X="256" Y="187" T="undefined" />
	<Point X="253" Y="184" T="undefined" />
	<Point X="251" Y="181" T="undefined" />
	<Point X="248" Y="175" T="undefined" />
	<Point X="248" Y="172" T="undefined" />
	<Point X="246" Y="170" T="undefined" />
	<Point X="246" Y="169" T="undefined" />
	<Point X="243" Y="166" T="undefined" />
	<Point X="241" Y="165" T="undefined" />
	<Point X="239" Y="163" T="undefined" />
	<Point X="237" Y="159" T="undefined" />
	<Point X="235" Y="156" T="undefined" />
	<Point X="234" Y="151" T="undefined" />
	<Point X="233" Y="149" T="undefined" />
	<Point X="231" Y="145" T="undefined" />
	<Point X="231" Y="144" T="undefined" />
	<Point X="230" Y="144" T="undefined" />
	<Point X="230" Y="144" T="undefined" />
	<Point X="230" Y="143" T="undefined" />
	<Point X="229" Y="143" T="undefined" />
	<Point X="229" Y="143" T="undefined" />
	<Point X="229" Y="142" T="undefined" />
	<Point X="228" Y="141" T="undefined" />
	<Point X="228" Y="141" T="undefined" />
	<Point X="227" Y="141" T="undefined" />
	<Point X="227" Y="141" T="undefined" />
	<Point X="227" Y="140" T="undefined" />
	<Point X="226" Y="140" T="undefined" />
</Gesture>