<?xml version="1.0" encoding="utf-8" standalone="yes"?>
<Gesture Name="Triangle2" NumPts="126">
	<Point X="213" Y="139" T="undefined" />
	<Point X="211" Y="140" T="undefined" />
	<Point X="208" Y="143" T="undefined" />
	<Point X="199" Y="153" T="undefined" />
	<Point X="195" Y="158" T="undefined" />
	<Point X="192" Y="162" T="undefined" />
	<Point X="190" Y="166" T="undefined" />
	<Point X="188" Y="169" T="undefined" />
	<Point X="182" Y="175" T="undefined" />
	<Point X="179" Y="178" T="undefined" />
	<Point X="173" Y="184" T="undefined" />
	<Point X="166" Y="191" T="undefined" />
	<Point X="160" Y="201" T="undefined" />
	<Point X="156" Y="208" T="undefined" />
	<Point X="153" Y="213" T="undefined" />
	<Point X="149" Y="218" T="undefined" />
	<Point X="145" Y="223" T="undefined" />
	<Point X="137" Y="235" T="undefined" />
	<Point X="133" Y="242" T="undefined" />
	<Point X="129" Y="247" T="undefined" />
	<Point X="126" Y="252" T="undefined" />
	<Point X="124" Y="254" T="undefined" />
	<Point X="122" Y="257" T="undefined" />
	<Point X="121" Y="258" T="undefined" />
	<Point X="118" Y="263" T="undefined" />
	<Point X="115" Y="268" T="undefined" />
	<Point X="111" Y="276" T="undefined" />
	<Point X="109" Y="281" T="undefined" />
	<Point X="107" Y="284" T="undefined" />
	<Point X="105" Y="288" T="undefined" />
	<Point X="103" Y="289" T="undefined" />
	<Point X="102" Y="291" T="undefined" />
	<Point X="99" Y="294" T="undefined" />
	<Point X="99" Y="297" T="undefined" />
	<Point X="97" Y="300" T="undefined" />
	<Point X="96" Y="302" T="undefined" />
	<Point X="96" Y="303" T="undefined" />
	<Point X="96" Y="303" T="undefined" />
	<Point X="96" Y="304" T="undefined" />
	<Point X="96" Y="304" T="undefined" />
	<Point X="97" Y="304" T="undefined" />
	<Point X="99" Y="304" T="undefined" />
	<Point X="104" Y="306" T="undefined" />
	<Point X="108" Y="307" T="undefined" />
	<Point X="115" Y="309" T="undefined" />
	<Point X="119" Y="310" T="undefined" />
	<Point X="123" Y="311" T="undefined" />
	<Point X="131" Y="312" T="undefined" />
	<Point X="137" Y="312" T="undefined" />
	<Point X="146" Y="312" T="undefined" />
	<Point X="150" Y="312" T="undefined" />
	<Point X="154" Y="313" T="undefined" />
	<Point X="160" Y="315" T="undefined" />
	<Point X="164" Y="317" T="undefined" />
	<Point X="172" Y="318" T="undefined" />
	<Point X="176" Y="318" T="undefined" />
	<Point X="183" Y="318" T="undefined" />
	<Point X="186" Y="317" T="undefined" />
	<Point X="190" Y="316" T="undefined" />
	<Point X="198" Y="313" T="undefined" />
	<Point X="202" Y="312" T="undefined" />
	<Point X="213" Y="309" T="undefined" />
	<Point X="218" Y="309" T="undefined" />
	<Point X="225" Y="308" T="undefined" />
	<Point X="230" Y="308" T="undefined" />
	<Point X="233" Y="308" T="undefined" />
	<Point X="240" Y="307" T="undefined" />
	<Point X="245" Y="306" T="undefined" />
	<Point X="253" Y="306" T="undefined" />
	<Point X="259" Y="306" T="undefined" />
	<Point X="266" Y="306" T="undefined" />
	<Point X="270" Y="306" T="undefined" />
	<Point X="275" Y="305" T="undefined" />
	<Point X="285" Y="304" T="undefined" />
	<Point X="291" Y="304" T="undefined" />
	<Point X="296" Y="304" T="undefined" />
	<Point X="299" Y="306" T="undefined" />
	<Point X="301" Y="307" T="undefined" />
	<Point X="303" Y="308" T="undefined" />
	<Point X="305" Y="308" T="undefined" />
	<Point X="308" Y="309" T="undefined" />
	<Point X="310" Y="309" T="undefined" />
	<Point X="311" Y="309" T="undefined" />
	<Point X="311" Y="308" T="undefined" />
	<Point X="311" Y="306" T="undefined" />
	<Point X="311" Y="303" T="undefined" />
	<Point X="310" Y="300" T="undefined" />
	<Point X="304" Y="290" T="undefined" />
	<Point X="301" Y="283" T="undefined" />
	<Point X="293" Y="267" T="undefined" />
	<Point X="288" Y="258" T="undefined" />
	<Point X="285" Y="253" T="undefined" />
	<Point X="280" Y="249" T="undefined" />
	<Point X="277" Y="246" T="undefined" />
	<Point X="274" Y="244" T="undefined" />
	<Point X="272" Y="243" T="undefined" />
	<Point X="271" Y="241" T="undefined" />
	<Point X="268" Y="237" T="undefined" />
	<Point X="266" Y="234" T="undefined" />
	<Point X="265" Y="230" T="undefined" />
	<Point X="264" Y="227" T="undefined" />
	<Point X="262" Y="223" T="undefined" />
	<Point X="260" Y="220" T="undefined" />
	<Point X="258" Y="214" T="undefined" />
	<Point X="256" Y="210" T="undefined" />
	<Point X="254" Y="206" T="undefined" />
	<Point X="252" Y="201" T="undefined" />
	<Point X="250" Y="199" T="undefined" />
	<Point X="248" Y="196" T="undefined" />
	<Point X="246" Y="194" T="undefined" />
	<Point X="244" Y="190" T="undefined" />
	<Point X="241" Y="185" T="undefined" />
	<Point X="240" Y="181" T="undefined" />
	<Point X="239" Y="176" T="undefined" />
	<Point X="237" Y="173" T="undefined" />
	<Point X="237" Y="170" T="undefined" />
	<Point X="235" Y="167" T="undefined" />
	<Point X="235" Y="166" T="undefined" />
	<Point X="234" Y="164" T="undefined" />
	<Point X="232" Y="162" T="undefined" />
	<Point X="231" Y="160" T="undefined" />
	<Point X="230" Y="160" T="undefined" />
	<Point X="229" Y="159" T="undefined" />
	<Point X="228" Y="159" T="undefined" />
	<Point X="228" Y="159" T="undefined" />
	<Point X="227" Y="159" T="undefined" />
</Gesture>