<?xml version="1.0" encoding="utf-8" standalone="yes"?>
<Gesture Name="Triangle1" NumPts="137">
	<Point X="233" Y="133" T="undefined" />
	<Point X="232" Y="134" T="undefined" />
	<Point X="231" Y="135" T="undefined" />
	<Point X="228" Y="138" T="undefined" />
	<Point X="226" Y="142" T="undefined" />
	<Point X="223" Y="145" T="undefined" />
	<Point X="219" Y="151" T="undefined" />
	<Point X="216" Y="155" T="undefined" />
	<Point X="212" Y="161" T="undefined" />
	<Point X="210" Y="163" T="undefined" />
	<Point X="206" Y="168" T="undefined" />
	<Point X="205" Y="170" T="undefined" />
	<Point X="202" Y="175" T="undefined" />
	<Point X="199" Y="177" T="undefined" />
	<Point X="198" Y="180" T="undefined" />
	<Point X="195" Y="185" T="undefined" />
	<Point X="193" Y="188" T="undefined" />
	<Point X="191" Y="191" T="undefined" />
	<Point X="188" Y="194" T="undefined" />
	<Point X="185" Y="197" T="undefined" />
	<Point X="184" Y="199" T="undefined" />
	<Point X="182" Y="203" T="undefined" />
	<Point X="177" Y="210" T="undefined" />
	<Point X="174" Y="213" T="undefined" />
	<Point X="172" Y="217" T="undefined" />
	<Point X="169" Y="221" T="undefined" />
	<Point X="168" Y="224" T="undefined" />
	<Point X="165" Y="226" T="undefined" />
	<Point X="164" Y="229" T="undefined" />
	<Point X="162" Y="232" T="undefined" />
	<Point X="161" Y="234" T="undefined" />
	<Point X="160" Y="236" T="undefined" />
	<Point X="157" Y="242" T="undefined" />
	<Point X="154" Y="246" T="undefined" />
	<Point X="151" Y="253" T="undefined" />
	<Point X="148" Y="257" T="undefined" />
	<Point X="147" Y="259" T="undefined" />
	<Point X="146" Y="260" T="undefined" />
	<Point X="145" Y="261" T="undefined" />
	<Point X="144" Y="263" T="undefined" />
	<Point X="144" Y="264" T="undefined" />
	<Point X="142" Y="268" T="undefined" />
	<Point X="141" Y="271" T="undefined" />
	<Point X="140" Y="272" T="undefined" />
	<Point X="139" Y="273" T="undefined" />
	<Point X="139" Y="273" T="undefined" />
	<Point X="140" Y="274" T="undefined" />
	<Point X="141" Y="274" T="undefined" />
	<Point X="143" Y="274" T="undefined" />
	<Point X="145" Y="274" T="undefined" />
	<Point X="149" Y="274" T="undefined" />
	<Point X="152" Y="274" T="undefined" />
	<Point X="154" Y="275" T="undefined" />
	<Point X="159" Y="275" T="undefined" />
	<Point X="164" Y="274" T="undefined" />
	<Point X="170" Y="273" T="undefined" />
	<Point X="173" Y="272" T="undefined" />
	<Point X="174" Y="272" T="undefined" />
	<Point X="174" Y="272" T="undefined" />
	<Point X="174" Y="273" T="undefined" />
	<Point X="176" Y="274" T="undefined" />
	<Point X="177" Y="275" T="undefined" />
	<Point X="178" Y="276" T="undefined" />
	<Point X="180" Y="276" T="undefined" />
	<Point X="182" Y="276" T="undefined" />
	<Point X="185" Y="276" T="undefined" />
	<Point X="187" Y="276" T="undefined" />
	<Point X="191" Y="277" T="undefined" />
	<Point X="194" Y="277" T="undefined" />
	<Point X="196" Y="277" T="undefined" />
	<Point X="201" Y="277" T="undefined" />
	<Point X="204" Y="277" T="undefined" />
	<Point X="210" Y="276" T="undefined" />
	<Point X="213" Y="276" T="undefined" />
	<Point X="218" Y="275" T="undefined" />
	<Point X="221" Y="275" T="undefined" />
	<Point X="223" Y="275" T="undefined" />
	<Point X="229" Y="275" T="undefined" />
	<Point X="232" Y="275" T="undefined" />
	<Point X="237" Y="275" T="undefined" />
	<Point X="240" Y="275" T="undefined" />
	<Point X="242" Y="275" T="undefined" />
	<Point X="247" Y="274" T="undefined" />
	<Point X="250" Y="274" T="undefined" />
	<Point X="255" Y="274" T="undefined" />
	<Point X="260" Y="274" T="undefined" />
	<Point X="267" Y="274" T="undefined" />
	<Point X="270" Y="274" T="undefined" />
	<Point X="274" Y="274" T="undefined" />
	<Point X="278" Y="273" T="undefined" />
	<Point X="281" Y="273" T="undefined" />
	<Point X="287" Y="272" T="undefined" />
	<Point X="292" Y="272" T="undefined" />
	<Point X="297" Y="272" T="undefined" />
	<Point X="301" Y="271" T="undefined" />
	<Point X="304" Y="271" T="undefined" />
	<Point X="310" Y="269" T="undefined" />
	<Point X="314" Y="268" T="undefined" />
	<Point X="317" Y="268" T="undefined" />
	<Point X="320" Y="268" T="undefined" />
	<Point X="321" Y="268" T="undefined" />
	<Point X="320" Y="266" T="undefined" />
	<Point X="317" Y="264" T="undefined" />
	<Point X="315" Y="261" T="undefined" />
	<Point X="309" Y="254" T="undefined" />
	<Point X="306" Y="248" T="undefined" />
	<Point X="303" Y="240" T="undefined" />
	<Point X="301" Y="236" T="undefined" />
	<Point X="299" Y="233" T="undefined" />
	<Point X="296" Y="225" T="undefined" />
	<Point X="295" Y="222" T="undefined" />
	<Point X="291" Y="213" T="undefined" />
	<Point X="289" Y="207" T="undefined" />
	<Point X="286" Y="202" T="undefined" />
	<Point X="284" Y="193" T="undefined" />
	<Point X="283" Y="189" T="undefined" />
	<Point X="281" Y="185" T="undefined" />
	<Point X="281" Y="181" T="undefined" />
	<Point X="279" Y="176" T="undefined" />
	<Point X="277" Y="171" T="undefined" />
	<Point X="276" Y="166" T="undefined" />
	<Point X="274" Y="162" T="undefined" />
	<Point X="272" Y="156" T="undefined" />
	<Point X="269" Y="151" T="undefined" />
	<Point X="267" Y="148" T="undefined" />
	<Point X="264" Y="144" T="undefined" />
	<Point X="263" Y="141" T="undefined" />
	<Point X="262" Y="139" T="undefined" />
	<Point X="260" Y="136" T="undefined" />
	<Point X="258" Y="134" T="undefined" />
	<Point X="257" Y="132" T="undefined" />
	<Point X="255" Y="130" T="undefined" />
	<Point X="255" Y="128" T="undefined" />
	<Point X="254" Y="128" T="undefined" />
	<Point X="253" Y="128" T="undefined" />
	<Point X="253" Y="128" T="undefined" />
	<Point X="252" Y="128" T="undefined" />
</Gesture>