<?xml version="1.0" encoding="utf-8" standalone="yes"?>
<Gesture Name="Triangle0" NumPts="352">
	<Point X="214" Y="143" T="undefined" />
	<Point X="214" Y="143" T="undefined" />
	<Point X="214" Y="144" T="undefined" />
	<Point X="211" Y="146" T="undefined" />
	<Point X="211" Y="147" T="undefined" />
	<Point X="210" Y="149" T="undefined" />
	<Point X="209" Y="151" T="undefined" />
	<Point X="208" Y="153" T="undefined" />
	<Point X="207" Y="154" T="undefined" />
	<Point X="206" Y="155" T="undefined" />
	<Point X="204" Y="157" T="undefined" />
	<Point X="204" Y="159" T="undefined" />
	<Point X="203" Y="160" T="undefined" />
	<Point X="201" Y="163" T="undefined" />
	<Point X="199" Y="165" T="undefined" />
	<Point X="197" Y="167" T="undefined" />
	<Point X="196" Y="169" T="undefined" />
	<Point X="195" Y="170" T="undefined" />
	<Point X="195" Y="171" T="undefined" />
	<Point X="193" Y="172" T="undefined" />
	<Point X="192" Y="173" T="undefined" />
	<Point X="192" Y="174" T="undefined" />
	<Point X="190" Y="177" T="undefined" />
	<Point X="189" Y="178" T="undefined" />
	<Point X="187" Y="179" T="undefined" />
	<Point X="186" Y="180" T="undefined" />
	<Point X="185" Y="181" T="undefined" />
	<Point X="183" Y="184" T="undefined" />
	<Point X="182" Y="187" T="undefined" />
	<Point X="180" Y="190" T="undefined" />
	<Point X="179" Y="193" T="undefined" />
	<Point X="178" Y="195" T="undefined" />
	<Point X="177" Y="198" T="undefined" />
	<Point X="176" Y="199" T="undefined" />
	<Point X="174" Y="201" T="undefined" />
	<Point X="173" Y="204" T="undefined" />
	<Point X="168" Y="208" T="undefined" />
	<Point X="167" Y="211" T="undefined" />
	<Point X="164" Y="215" T="undefined" />
	<Point X="162" Y="218" T="undefined" />
	<Point X="160" Y="221" T="undefined" />
	<Point X="158" Y="225" T="undefined" />
	<Point X="157" Y="228" T="undefined" />
	<Point X="156" Y="230" T="undefined" />
	<Point X="155" Y="232" T="undefined" />
	<Point X="154" Y="235" T="undefined" />
	<Point X="152" Y="236" T="undefined" />
	<Point X="151" Y="238" T="undefined" />
	<Point X="150" Y="239" T="undefined" />
	<Point X="149" Y="239" T="undefined" />
	<Point X="147" Y="240" T="undefined" />
	<Point X="146" Y="242" T="undefined" />
	<Point X="144" Y="244" T="undefined" />
	<Point X="142" Y="245" T="undefined" />
	<Point X="142" Y="247" T="undefined" />
	<Point X="141" Y="248" T="undefined" />
	<Point X="139" Y="252" T="undefined" />
	<Point X="137" Y="255" T="undefined" />
	<Point X="136" Y="259" T="undefined" />
	<Point X="135" Y="261" T="undefined" />
	<Point X="133" Y="263" T="undefined" />
	<Point X="132" Y="264" T="undefined" />
	<Point X="131" Y="266" T="undefined" />
	<Point X="129" Y="268" T="undefined" />
	<Point X="129" Y="269" T="undefined" />
	<Point X="128" Y="270" T="undefined" />
	<Point X="127" Y="270" T="undefined" />
	<Point X="125" Y="271" T="undefined" />
	<Point X="124" Y="273" T="undefined" />
	<Point X="122" Y="276" T="undefined" />
	<Point X="120" Y="279" T="undefined" />
	<Point X="120" Y="280" T="undefined" />
	<Point X="119" Y="281" T="undefined" />
	<Point X="119" Y="282" T="undefined" />
	<Point X="118" Y="283" T="undefined" />
	<Point X="117" Y="284" T="undefined" />
	<Point X="116" Y="286" T="undefined" />
	<Point X="115" Y="289" T="undefined" />
	<Point X="114" Y="290" T="undefined" />
	<Point X="113" Y="291" T="undefined" />
	<Point X="112" Y="292" T="undefined" />
	<Point X="112" Y="292" T="undefined" />
	<Point X="110" Y="293" T="undefined" />
	<Point X="110" Y="294" T="undefined" />
	<Point X="109" Y="296" T="undefined" />
	<Point X="108" Y="296" T="undefined" />
	<Point X="108" Y="297" T="undefined" />
	<Point X="107" Y="298" T="undefined" />
	<Point X="106" Y="299" T="undefined" />
	<Point X="106" Y="300" T="undefined" />
	<Point X="105" Y="301" T="undefined" />
	<Point X="104" Y="302" T="undefined" />
	<Point X="104" Y="303" T="undefined" />
	<Point X="102" Y="303" T="undefined" />
	<Point X="101" Y="305" T="undefined" />
	<Point X="101" Y="306" T="undefined" />
	<Point X="101" Y="307" T="undefined" />
	<Point X="101" Y="308" T="undefined" />
	<Point X="101" Y="308" T="undefined" />
	<Point X="101" Y="309" T="undefined" />
	<Point X="101" Y="309" T="undefined" />
	<Point X="101" Y="310" T="undefined" />
	<Point X="101" Y="310" T="undefined" />
	<Point X="101" Y="312" T="undefined" />
	<Point X="102" Y="312" T="undefined" />
	<Point X="103" Y="312" T="undefined" />
	<Point X="104" Y="312" T="undefined" />
	<Point X="106" Y="311" T="undefined" />
	<Point X="107" Y="311" T="undefined" />
	<Point X="108" Y="311" T="undefined" />
	<Point X="109" Y="311" T="undefined" />
	<Point X="109" Y="311" T="undefined" />
	<Point X="111" Y="311" T="undefined" />
	<Point X="111" Y="311" T="undefined" />
	<Point X="112" Y="312" T="undefined" />
	<Point X="113" Y="312" T="undefined" />
	<Point X="113" Y="312" T="undefined" />
	<Point X="114" Y="312" T="undefined" />
	<Point X="115" Y="313" T="undefined" />
	<Point X="116" Y="313" T="undefined" />
	<Point X="117" Y="313" T="undefined" />
	<Point X="118" Y="313" T="undefined" />
	<Point X="119" Y="313" T="undefined" />
	<Point X="120" Y="313" T="undefined" />
	<Point X="120" Y="313" T="undefined" />
	<Point X="121" Y="313" T="undefined" />
	<Point X="123" Y="314" T="undefined" />
	<Point X="124" Y="314" T="undefined" />
	<Point X="126" Y="314" T="undefined" />
	<Point X="127" Y="314" T="undefined" />
	<Point X="128" Y="314" T="undefined" />
	<Point X="130" Y="314" T="undefined" />
	<Point X="132" Y="314" T="undefined" />
	<Point X="135" Y="314" T="undefined" />
	<Point X="138" Y="314" T="undefined" />
	<Point X="141" Y="314" T="undefined" />
	<Point X="142" Y="314" T="undefined" />
	<Point X="144" Y="315" T="undefined" />
	<Point X="145" Y="315" T="undefined" />
	<Point X="147" Y="315" T="undefined" />
	<Point X="148" Y="315" T="undefined" />
	<Point X="150" Y="316" T="undefined" />
	<Point X="152" Y="316" T="undefined" />
	<Point X="155" Y="316" T="undefined" />
	<Point X="158" Y="316" T="undefined" />
	<Point X="164" Y="316" T="undefined" />
	<Point X="166" Y="316" T="undefined" />
	<Point X="169" Y="315" T="undefined" />
	<Point X="173" Y="315" T="undefined" />
	<Point X="175" Y="315" T="undefined" />
	<Point X="177" Y="315" T="undefined" />
	<Point X="179" Y="315" T="undefined" />
	<Point X="181" Y="315" T="undefined" />
	<Point X="184" Y="315" T="undefined" />
	<Point X="185" Y="315" T="undefined" />
	<Point X="189" Y="315" T="undefined" />
	<Point X="190" Y="314" T="undefined" />
	<Point X="193" Y="314" T="undefined" />
	<Point X="197" Y="314" T="undefined" />
	<Point X="199" Y="314" T="undefined" />
	<Point X="201" Y="314" T="undefined" />
	<Point X="203" Y="314" T="undefined" />
	<Point X="205" Y="314" T="undefined" />
	<Point X="206" Y="314" T="undefined" />
	<Point X="207" Y="314" T="undefined" />
	<Point X="209" Y="314" T="undefined" />
	<Point X="210" Y="314" T="undefined" />
	<Point X="211" Y="314" T="undefined" />
	<Point X="213" Y="314" T="undefined" />
	<Point X="215" Y="314" T="undefined" />
	<Point X="217" Y="314" T="undefined" />
	<Point X="218" Y="315" T="undefined" />
	<Point X="219" Y="315" T="undefined" />
	<Point X="220" Y="315" T="undefined" />
	<Point X="223" Y="315" T="undefined" />
	<Point X="224" Y="315" T="undefined" />
	<Point X="227" Y="315" T="undefined" />
	<Point X="229" Y="315" T="undefined" />
	<Point X="231" Y="315" T="undefined" />
	<Point X="233" Y="315" T="undefined" />
	<Point X="236" Y="315" T="undefined" />
	<Point X="238" Y="315" T="undefined" />
	<Point X="240" Y="315" T="undefined" />
	<Point X="242" Y="314" T="undefined" />
	<Point X="244" Y="314" T="undefined" />
	<Point X="246" Y="313" T="undefined" />
	<Point X="249" Y="312" T="undefined" />
	<Point X="253" Y="312" T="undefined" />
	<Point X="259" Y="312" T="undefined" />
	<Point X="262" Y="312" T="undefined" />
	<Point X="264" Y="313" T="undefined" />
	<Point X="265" Y="313" T="undefined" />
	<Point X="265" Y="313" T="undefined" />
	<Point X="266" Y="314" T="undefined" />
	<Point X="267" Y="314" T="undefined" />
	<Point X="269" Y="314" T="undefined" />
	<Point X="271" Y="314" T="undefined" />
	<Point X="272" Y="314" T="undefined" />
	<Point X="275" Y="314" T="undefined" />
	<Point X="276" Y="314" T="undefined" />
	<Point X="278" Y="314" T="undefined" />
	<Point X="279" Y="314" T="undefined" />
	<Point X="283" Y="313" T="undefined" />
	<Point X="284" Y="313" T="undefined" />
	<Point X="286" Y="313" T="undefined" />
	<Point X="288" Y="313" T="undefined" />
	<Point X="289" Y="313" T="undefined" />
	<Point X="292" Y="313" T="undefined" />
	<Point X="293" Y="313" T="undefined" />
	<Point X="295" Y="313" T="undefined" />
	<Point X="297" Y="313" T="undefined" />
	<Point X="299" Y="314" T="undefined" />
	<Point X="302" Y="314" T="undefined" />
	<Point X="303" Y="315" T="undefined" />
	<Point X="305" Y="315" T="undefined" />
	<Point X="306" Y="315" T="undefined" />
	<Point X="306" Y="315" T="undefined" />
	<Point X="308" Y="315" T="undefined" />
	<Point X="309" Y="315" T="undefined" />
	<Point X="311" Y="316" T="undefined" />
	<Point X="312" Y="316" T="undefined" />
	<Point X="313" Y="316" T="undefined" />
	<Point X="314" Y="316" T="undefined" />
	<Point X="315" Y="316" T="undefined" />
	<Point X="316" Y="316" T="undefined" />
	<Point X="317" Y="316" T="undefined" />
	<Point X="318" Y="316" T="undefined" />
	<Point X="318" Y="316" T="undefined" />
	<Point X="319" Y="316" T="undefined" />
	<Point X="320" Y="316" T="undefined" />
	<Point X="321" Y="316" T="undefined" />
	<Point X="321" Y="316" T="undefined" />
	<Point X="322" Y="316" T="undefined" />
	<Point X="323" Y="316" T="undefined" />
	<Point X="324" Y="316" T="undefined" />
	<Point X="325" Y="316" T="undefined" />
	<Point X="326" Y="316" T="undefined" />
	<Point X="326" Y="316" T="undefined" />
	<Point X="328" Y="316" T="undefined" />
	<Point X="328" Y="316" T="undefined" />
	<Point X="329" Y="316" T="undefined" />
	<Point X="330" Y="316" T="undefined" />
	<Point X="331" Y="316" T="undefined" />
	<Point X="332" Y="316" T="undefined" />
	<Point X="332" Y="316" T="undefined" />
	<Point X="331" Y="313" T="undefined" />
	<Point X="329" Y="312" T="undefined" />
	<Point X="326" Y="307" T="undefined" />
	<Point X="323" Y="305" T="undefined" />
	<Point X="320" Y="303" T="undefined" />
	<Point X="316" Y="301" T="undefined" />
	<Point X="314" Y="299" T="undefined" />
	<Point X="313" Y="297" T="undefined" />
	<Point X="312" Y="295" T="undefined" />
	<Point X="311" Y="295" T="undefined" />
	<Point X="311" Y="293" T="undefined" />
	<Point X="311" Y="293" T="undefined" />
	<Point X="311" Y="292" T="undefined" />
	<Point X="311" Y="291" T="undefined" />
	<Point X="310" Y="290" T="undefined" />
	<Point X="310" Y="288" T="undefined" />
	<Point X="309" Y="285" T="undefined" />
	<Point X="308" Y="281" T="undefined" />
	<Point X="307" Y="279" T="undefined" />
	<Point X="306" Y="278" T="undefined" />
	<Point X="306" Y="276" T="undefined" />
	<Point X="305" Y="276" T="undefined" />
	<Point X="305" Y="275" T="undefined" />
	<Point X="304" Y="275" T="undefined" />
	<Point X="303" Y="274" T="undefined" />
	<Point X="302" Y="271" T="undefined" />
	<Point X="301" Y="269" T="undefined" />
	<Point X="299" Y="266" T="undefined" />
	<Point X="297" Y="264" T="undefined" />
	<Point X="295" Y="260" T="undefined" />
	<Point X="295" Y="257" T="undefined" />
	<Point X="293" Y="255" T="undefined" />
	<Point X="292" Y="251" T="undefined" />
	<Point X="291" Y="248" T="undefined" />
	<Point X="290" Y="244" T="undefined" />
	<Point X="289" Y="241" T="undefined" />
	<Point X="288" Y="239" T="undefined" />
	<Point X="286" Y="235" T="undefined" />
	<Point X="286" Y="233" T="undefined" />
	<Point X="285" Y="230" T="undefined" />
	<Point X="283" Y="227" T="undefined" />
	<Point X="281" Y="223" T="undefined" />
	<Point X="280" Y="221" T="undefined" />
	<Point X="279" Y="219" T="undefined" />
	<Point X="277" Y="217" T="undefined" />
	<Point X="277" Y="216" T="undefined" />
	<Point X="276" Y="213" T="undefined" />
	<Point X="274" Y="212" T="undefined" />
	<Point X="274" Y="210" T="undefined" />
	<Point X="272" Y="206" T="undefined" />
	<Point X="271" Y="203" T="undefined" />
	<Point X="270" Y="199" T="undefined" />
	<Point X="269" Y="197" T="undefined" />
	<Point X="267" Y="194" T="undefined" />
	<Point X="266" Y="192" T="undefined" />
	<Point X="265" Y="189" T="undefined" />
	<Point X="262" Y="186" T="undefined" />
	<Point X="261" Y="185" T="undefined" />
	<Point X="260" Y="182" T="undefined" />
	<Point X="258" Y="182" T="undefined" />
	<Point X="257" Y="181" T="undefined" />
	<Point X="255" Y="179" T="undefined" />
	<Point X="255" Y="178" T="undefined" />
	<Point X="253" Y="176" T="undefined" />
	<Point X="252" Y="174" T="undefined" />
	<Point X="251" Y="173" T="undefined" />
	<Point X="250" Y="172" T="undefined" />
	<Point X="249" Y="171" T="undefined" />
	<Point X="248" Y="169" T="undefined" />
	<Point X="247" Y="168" T="undefined" />
	<Point X="246" Y="167" T="undefined" />
	<Point X="246" Y="166" T="undefined" />
	<Point X="244" Y="164" T="undefined" />
	<Point X="244" Y="162" T="undefined" />
	<Point X="243" Y="162" T="undefined" />
	<Point X="243" Y="161" T="undefined" />
	<Point X="242" Y="161" T="undefined" />
	<Point X="241" Y="161" T="undefined" />
	<Point X="240" Y="160" T="undefined" />
	<Point X="239" Y="159" T="undefined" />
	<Point X="238" Y="158" T="undefined" />
	<Point X="236" Y="157" T="undefined" />
	<Point X="235" Y="156" T="undefined" />
	<Point X="235" Y="155" T="undefined" />
	<Point X="234" Y="154" T="undefined" />
	<Point X="233" Y="153" T="undefined" />
	<Point X="232" Y="153" T="undefined" />
	<Point X="231" Y="153" T="undefined" />
	<Point X="231" Y="152" T="undefined" />
	<Point X="230" Y="152" T="undefined" />
	<Point X="230" Y="152" T="undefined" />
	<Point X="229" Y="151" T="undefined" />
	<Point X="229" Y="150" T="undefined" />
	<Point X="228" Y="150" T="undefined" />
	<Point X="227" Y="150" T="undefined" />
	<Point X="227" Y="149" T="undefined" />
	<Point X="227" Y="149" T="undefined" />
	<Point X="227" Y="149" T="undefined" />
	<Point X="227" Y="148" T="undefined" />
	<Point X="226" Y="148" T="undefined" />
	<Point X="226" Y="148" T="undefined" />
	<Point X="226" Y="147" T="undefined" />
	<Point X="226" Y="146" T="undefined" />
	<Point X="226" Y="146" T="undefined" />
	<Point X="226" Y="146" T="undefined" />
	<Point X="225" Y="146" T="undefined" />
	<Point X="225" Y="145" T="undefined" />
</Gesture>