<?xml version="1.0" encoding="utf-8" standalone="yes"?>
<Gesture Name="Triangle8" NumPts="70">
	<Point X="210" Y="130" T="undefined" />
	<Point X="207" Y="135" T="undefined" />
	<Point X="203" Y="141" T="undefined" />
	<Point X="197" Y="148" T="undefined" />
	<Point X="178" Y="173" T="undefined" />
	<Point X="164" Y="188" T="undefined" />
	<Point X="147" Y="204" T="undefined" />
	<Point X="137" Y="215" T="undefined" />
	<Point X="125" Y="228" T="undefined" />
	<Point X="118" Y="236" T="undefined" />
	<Point X="111" Y="241" T="undefined" />
	<Point X="98" Y="257" T="undefined" />
	<Point X="90" Y="267" T="undefined" />
	<Point X="81" Y="278" T="undefined" />
	<Point X="76" Y="283" T="undefined" />
	<Point X="72" Y="287" T="undefined" />
	<Point X="70" Y="290" T="undefined" />
	<Point X="69" Y="292" T="undefined" />
	<Point X="68" Y="293" T="undefined" />
	<Point X="67" Y="293" T="undefined" />
	<Point X="67" Y="295" T="undefined" />
	<Point X="67" Y="296" T="undefined" />
	<Point X="67" Y="296" T="undefined" />
	<Point X="69" Y="297" T="undefined" />
	<Point X="73" Y="297" T="undefined" />
	<Point X="85" Y="297" T="undefined" />
	<Point X="96" Y="297" T="undefined" />
	<Point X="112" Y="296" T="undefined" />
	<Point X="124" Y="294" T="undefined" />
	<Point X="133" Y="294" T="undefined" />
	<Point X="157" Y="298" T="undefined" />
	<Point X="176" Y="308" T="undefined" />
	<Point X="200" Y="319" T="undefined" />
	<Point X="214" Y="324" T="undefined" />
	<Point X="231" Y="328" T="undefined" />
	<Point X="244" Y="328" T="undefined" />
	<Point X="260" Y="328" T="undefined" />
	<Point X="275" Y="328" T="undefined" />
	<Point X="288" Y="327" T="undefined" />
	<Point X="308" Y="327" T="undefined" />
	<Point X="317" Y="327" T="undefined" />
	<Point X="325" Y="327" T="undefined" />
	<Point X="345" Y="327" T="undefined" />
	<Point X="353" Y="327" T="undefined" />
	<Point X="362" Y="327" T="undefined" />
	<Point X="369" Y="327" T="undefined" />
	<Point X="376" Y="327" T="undefined" />
	<Point X="379" Y="327" T="undefined" />
	<Point X="381" Y="327" T="undefined" />
	<Point X="382" Y="327" T="undefined" />
	<Point X="382" Y="326" T="undefined" />
	<Point X="381" Y="324" T="undefined" />
	<Point X="379" Y="316" T="undefined" />
	<Point X="365" Y="291" T="undefined" />
	<Point X="353" Y="273" T="undefined" />
	<Point X="332" Y="241" T="undefined" />
	<Point X="307" Y="215" T="undefined" />
	<Point X="289" Y="196" T="undefined" />
	<Point X="265" Y="179" T="undefined" />
	<Point X="251" Y="171" T="undefined" />
	<Point X="238" Y="163" T="undefined" />
	<Point X="230" Y="157" T="undefined" />
	<Point X="223" Y="151" T="undefined" />
	<Point X="219" Y="147" T="undefined" />
	<Point X="216" Y="145" T="undefined" />
	<Point X="213" Y="142" T="undefined" />
	<Point X="212" Y="141" T="undefined" />
	<Point X="211" Y="140" T="undefined" />
	<Point X="210" Y="138" T="undefined" />
	<Point X="208" Y="137" T="undefined" />
</Gesture>