<?xml version="1.0" encoding="utf-8" standalone="yes"?>
<Gesture Name="Triangle5" NumPts="89">
	<Point X="203" Y="120" T="undefined" />
	<Point X="199" Y="123" T="undefined" />
	<Point X="196" Y="127" T="undefined" />
	<Point X="181" Y="144" T="undefined" />
	<Point X="169" Y="161" T="undefined" />
	<Point X="152" Y="182" T="undefined" />
	<Point X="139" Y="202" T="undefined" />
	<Point X="126" Y="221" T="undefined" />
	<Point X="111" Y="240" T="undefined" />
	<Point X="102" Y="256" T="undefined" />
	<Point X="95" Y="268" T="undefined" />
	<Point X="89" Y="276" T="undefined" />
	<Point X="86" Y="280" T="undefined" />
	<Point X="81" Y="288" T="undefined" />
	<Point X="78" Y="293" T="undefined" />
	<Point X="76" Y="298" T="undefined" />
	<Point X="74" Y="303" T="undefined" />
	<Point X="73" Y="305" T="undefined" />
	<Point X="72" Y="306" T="undefined" />
	<Point X="72" Y="307" T="undefined" />
	<Point X="72" Y="307" T="undefined" />
	<Point X="74" Y="307" T="undefined" />
	<Point X="77" Y="306" T="undefined" />
	<Point X="81" Y="305" T="undefined" />
	<Point X="90" Y="301" T="undefined" />
	<Point X="104" Y="298" T="undefined" />
	<Point X="114" Y="297" T="undefined" />
	<Point X="129" Y="295" T="undefined" />
	<Point X="141" Y="293" T="undefined" />
	<Point X="157" Y="293" T="undefined" />
	<Point X="165" Y="293" T="undefined" />
	<Point X="173" Y="292" T="undefined" />
	<Point X="180" Y="292" T="undefined" />
	<Point X="190" Y="291" T="undefined" />
	<Point X="201" Y="291" T="undefined" />
	<Point X="208" Y="291" T="undefined" />
	<Point X="213" Y="291" T="undefined" />
	<Point X="217" Y="291" T="undefined" />
	<Point X="226" Y="290" T="undefined" />
	<Point X="233" Y="289" T="undefined" />
	<Point X="242" Y="287" T="undefined" />
	<Point X="247" Y="285" T="undefined" />
	<Point X="255" Y="282" T="undefined" />
	<Point X="261" Y="280" T="undefined" />
	<Point X="269" Y="280" T="undefined" />
	<Point X="277" Y="279" T="undefined" />
	<Point X="281" Y="279" T="undefined" />
	<Point X="285" Y="279" T="undefined" />
	<Point X="292" Y="280" T="undefined" />
	<Point X="297" Y="281" T="undefined" />
	<Point X="306" Y="285" T="undefined" />
	<Point X="309" Y="285" T="undefined" />
	<Point X="314" Y="286" T="undefined" />
	<Point X="317" Y="286" T="undefined" />
	<Point X="319" Y="285" T="undefined" />
	<Point X="323" Y="284" T="undefined" />
	<Point X="324" Y="284" T="undefined" />
	<Point X="326" Y="284" T="undefined" />
	<Point X="321" Y="278" T="undefined" />
	<Point X="315" Y="272" T="undefined" />
	<Point X="296" Y="256" T="undefined" />
	<Point X="290" Y="249" T="undefined" />
	<Point X="280" Y="237" T="undefined" />
	<Point X="267" Y="224" T="undefined" />
	<Point X="257" Y="216" T="undefined" />
	<Point X="251" Y="211" T="undefined" />
	<Point X="247" Y="208" T="undefined" />
	<Point X="244" Y="206" T="undefined" />
	<Point X="242" Y="203" T="undefined" />
	<Point X="239" Y="198" T="undefined" />
	<Point X="238" Y="194" T="undefined" />
	<Point X="235" Y="189" T="undefined" />
	<Point X="233" Y="186" T="undefined" />
	<Point X="232" Y="183" T="undefined" />
	<Point X="229" Y="178" T="undefined" />
	<Point X="228" Y="175" T="undefined" />
	<Point X="225" Y="170" T="undefined" />
	<Point X="223" Y="168" T="undefined" />
	<Point X="222" Y="165" T="undefined" />
	<Point X="221" Y="161" T="undefined" />
	<Point X="220" Y="158" T="undefined" />
	<Point X="219" Y="154" T="undefined" />
	<Point X="218" Y="152" T="undefined" />
	<Point X="217" Y="151" T="undefined" />
	<Point X="216" Y="150" T="undefined" />
	<Point X="216" Y="149" T="undefined" />
	<Point X="213" Y="149" T="undefined" />
	<Point X="213" Y="149" T="undefined" />
	<Point X="211" Y="148" T="undefined" />
</Gesture>