<?xml version="1.0" encoding="utf-8" standalone="yes"?>
<Gesture Name="V1" NumPts="47">
	<Point X="132" Y="184" T="undefined" />
	<Point X="133" Y="185" T="undefined" />
	<Point X="135" Y="187" T="undefined" />
	<Point X="136" Y="188" T="undefined" />
	<Point X="141" Y="192" T="undefined" />
	<Point X="143" Y="196" T="undefined" />
	<Point X="148" Y="203" T="undefined" />
	<Point X="149" Y="207" T="undefined" />
	<Point X="150" Y="211" T="undefined" />
	<Point X="152" Y="219" T="undefined" />
	<Point X="152" Y="224" T="undefined" />
	<Point X="155" Y="233" T="undefined" />
	<Point X="159" Y="238" T="undefined" />
	<Point X="164" Y="248" T="undefined" />
	<Point X="167" Y="255" T="undefined" />
	<Point X="171" Y="261" T="undefined" />
	<Point X="173" Y="267" T="undefined" />
	<Point X="178" Y="275" T="undefined" />
	<Point X="179" Y="281" T="undefined" />
	<Point X="181" Y="285" T="undefined" />
	<Point X="181" Y="288" T="undefined" />
	<Point X="183" Y="291" T="undefined" />
	<Point X="184" Y="294" T="undefined" />
	<Point X="185" Y="296" T="undefined" />
	<Point X="187" Y="298" T="undefined" />
	<Point X="188" Y="300" T="undefined" />
	<Point X="188" Y="301" T="undefined" />
	<Point X="189" Y="301" T="undefined" />
	<Point X="189" Y="300" T="undefined" />
	<Point X="190" Y="299" T="undefined" />
	<Point X="192" Y="296" T="undefined" />
	<Point X="196" Y="290" T="undefined" />
	<Point X="199" Y="281" T="undefined" />
	<Point X="205" Y="265" T="undefined" />
	<Point X="206" Y="259" T="undefined" />
	<Point X="209" Y="253" T="undefined" />
	<Point X="215" Y="235" T="undefined" />
	<Point X="219" Y="225" T="undefined" />
	<Point X="227" Y="214" T="undefined" />
	<Point X="234" Y="204" T="undefined" />
	<Point X="243" Y="189" T="undefined" />
	<Point X="249" Y="181" T="undefined" />
	<Point X="252" Y="175" T="undefined" />
	<Point X="257" Y="166" T="undefined" />
	<Point X="258" Y="162" T="undefined" />
	<Point X="259" Y="161" T="undefined" />
	<Point X="259" Y="160" T="undefined" />
</Gesture>