<?xml version="1.0" encoding="utf-8" standalone="yes"?>
<Gesture Name="V2" NumPts="73">
	<Point X="157" Y="162" T="undefined" />
	<Point X="158" Y="162" T="undefined" />
	<Point X="158" Y="163" T="undefined" />
	<Point X="160" Y="165" T="undefined" />
	<Point X="162" Y="168" T="undefined" />
	<Point X="164" Y="170" T="undefined" />
	<Point X="167" Y="173" T="undefined" />
	<Point X="169" Y="176" T="undefined" />
	<Point X="170" Y="179" T="undefined" />
	<Point X="173" Y="185" T="undefined" />
	<Point X="175" Y="189" T="undefined" />
	<Point X="176" Y="193" T="undefined" />
	<Point X="177" Y="195" T="undefined" />
	<Point X="178" Y="198" T="undefined" />
	<Point X="180" Y="199" T="undefined" />
	<Point X="181" Y="200" T="undefined" />
	<Point X="183" Y="205" T="undefined" />
	<Point X="186" Y="210" T="undefined" />
	<Point X="189" Y="216" T="undefined" />
	<Point X="191" Y="218" T="undefined" />
	<Point X="192" Y="222" T="undefined" />
	<Point X="194" Y="225" T="undefined" />
	<Point X="196" Y="227" T="undefined" />
	<Point X="198" Y="231" T="undefined" />
	<Point X="199" Y="234" T="undefined" />
	<Point X="201" Y="238" T="undefined" />
	<Point X="203" Y="241" T="undefined" />
	<Point X="205" Y="246" T="undefined" />
	<Point X="207" Y="248" T="undefined" />
	<Point X="209" Y="251" T="undefined" />
	<Point X="210" Y="254" T="undefined" />
	<Point X="211" Y="255" T="undefined" />
	<Point X="214" Y="257" T="undefined" />
	<Point X="215" Y="259" T="undefined" />
	<Point X="218" Y="262" T="undefined" />
	<Point X="218" Y="263" T="undefined" />
	<Point X="219" Y="267" T="undefined" />
	<Point X="222" Y="272" T="undefined" />
	<Point X="223" Y="276" T="undefined" />
	<Point X="225" Y="281" T="undefined" />
	<Point X="226" Y="283" T="undefined" />
	<Point X="226" Y="284" T="undefined" />
	<Point X="227" Y="286" T="undefined" />
	<Point X="227" Y="287" T="undefined" />
	<Point X="228" Y="287" T="undefined" />
	<Point X="229" Y="286" T="undefined" />
	<Point X="231" Y="283" T="undefined" />
	<Point X="235" Y="276" T="undefined" />
	<Point X="239" Y="270" T="undefined" />
	<Point X="244" Y="260" T="undefined" />
	<Point X="249" Y="253" T="undefined" />
	<Point X="254" Y="245" T="undefined" />
	<Point X="260" Y="235" T="undefined" />
	<Point X="263" Y="229" T="undefined" />
	<Point X="266" Y="226" T="undefined" />
	<Point X="267" Y="225" T="undefined" />
	<Point X="268" Y="223" T="undefined" />
	<Point X="270" Y="222" T="undefined" />
	<Point X="273" Y="219" T="undefined" />
	<Point X="276" Y="216" T="undefined" />
	<Point X="279" Y="211" T="undefined" />
	<Point X="286" Y="199" T="undefined" />
	<Point X="290" Y="194" T="undefined" />
	<Point X="294" Y="188" T="undefined" />
	<Point X="295" Y="186" T="undefined" />
	<Point X="298" Y="184" T="undefined" />
	<Point X="299" Y="183" T="undefined" />
	<Point X="300" Y="181" T="undefined" />
	<Point X="302" Y="176" T="undefined" />
	<Point X="305" Y="173" T="undefined" />
	<Point X="307" Y="166" T="undefined" />
	<Point X="308" Y="163" T="undefined" />
	<Point X="309" Y="161" T="undefined" />
</Gesture>