<?xml version="1.0" encoding="utf-8" standalone="yes"?>
<Gesture Name="V3" NumPts="59">
	<Point X="126" Y="166" T="undefined" />
	<Point X="127" Y="169" T="undefined" />
	<Point X="129" Y="172" T="undefined" />
	<Point X="136" Y="184" T="undefined" />
	<Point X="140" Y="190" T="undefined" />
	<Point X="144" Y="200" T="undefined" />
	<Point X="147" Y="206" T="undefined" />
	<Point X="148" Y="211" T="undefined" />
	<Point X="151" Y="218" T="undefined" />
	<Point X="154" Y="225" T="undefined" />
	<Point X="160" Y="237" T="undefined" />
	<Point X="162" Y="242" T="undefined" />
	<Point X="165" Y="248" T="undefined" />
	<Point X="166" Y="251" T="undefined" />
	<Point X="168" Y="254" T="undefined" />
	<Point X="170" Y="258" T="undefined" />
	<Point X="172" Y="261" T="undefined" />
	<Point X="175" Y="266" T="undefined" />
	<Point X="177" Y="270" T="undefined" />
	<Point X="179" Y="273" T="undefined" />
	<Point X="179" Y="274" T="undefined" />
	<Point X="181" Y="277" T="undefined" />
	<Point X="182" Y="279" T="undefined" />
	<Point X="182" Y="281" T="undefined" />
	<Point X="184" Y="283" T="undefined" />
	<Point X="184" Y="283" T="undefined" />
	<Point X="184" Y="285" T="undefined" />
	<Point X="185" Y="287" T="undefined" />
	<Point X="186" Y="288" T="undefined" />
	<Point X="186" Y="290" T="undefined" />
	<Point X="187" Y="292" T="undefined" />
	<Point X="189" Y="299" T="undefined" />
	<Point X="189" Y="303" T="undefined" />
	<Point X="190" Y="306" T="undefined" />
	<Point X="190" Y="309" T="undefined" />
	<Point X="190" Y="309" T="undefined" />
	<Point X="191" Y="309" T="undefined" />
	<Point X="191" Y="309" T="undefined" />
	<Point X="192" Y="309" T="undefined" />
	<Point X="194" Y="307" T="undefined" />
	<Point X="197" Y="303" T="undefined" />
	<Point X="203" Y="296" T="undefined" />
	<Point X="208" Y="291" T="undefined" />
	<Point X="217" Y="280" T="undefined" />
	<Point X="224" Y="270" T="undefined" />
	<Point X="230" Y="262" T="undefined" />
	<Point X="239" Y="253" T="undefined" />
	<Point X="243" Y="249" T="undefined" />
	<Point X="247" Y="245" T="undefined" />
	<Point X="248" Y="244" T="undefined" />
	<Point X="255" Y="235" T="undefined" />
	<Point X="263" Y="223" T="undefined" />
	<Point X="270" Y="213" T="undefined" />
	<Point X="273" Y="210" T="undefined" />
	<Point X="284" Y="196" T="undefined" />
	<Point X="289" Y="183" T="undefined" />
	<Point X="292" Y="179" T="undefined" />
	<Point X="295" Y="172" T="undefined" />
	<Point X="295" Y="170" T="undefined" />
</Gesture>