<?xml version="1.0" encoding="utf-8" standalone="yes"?>
<Gesture Name="V5" NumPts="32">
	<Point X="88" Y="143" T="undefined" />
	<Point X="91" Y="148" T="undefined" />
	<Point X="94" Y="155" T="undefined" />
	<Point X="99" Y="163" T="undefined" />
	<Point X="105" Y="174" T="undefined" />
	<Point X="115" Y="190" T="undefined" />
	<Point X="119" Y="199" T="undefined" />
	<Point X="127" Y="210" T="undefined" />
	<Point X="133" Y="218" T="undefined" />
	<Point X="140" Y="229" T="undefined" />
	<Point X="150" Y="243" T="undefined" />
	<Point X="154" Y="251" T="undefined" />
	<Point X="164" Y="266" T="undefined" />
	<Point X="169" Y="276" T="undefined" />
	<Point X="173" Y="282" T="undefined" />
	<Point X="176" Y="287" T="undefined" />
	<Point X="177" Y="288" T="undefined" />
	<Point X="177" Y="288" T="undefined" />
	<Point X="178" Y="288" T="undefined" />
	<Point X="180" Y="286" T="undefined" />
	<Point X="208" Y="260" T="undefined" />
	<Point X="223" Y="246" T="undefined" />
	<Point X="249" Y="215" T="undefined" />
	<Point X="279" Y="175" T="undefined" />
	<Point X="292" Y="153" T="undefined" />
	<Point X="304" Y="137" T="undefined" />
	<Point X="308" Y="133" T="undefined" />
	<Point X="311" Y="130" T="undefined" />
	<Point X="312" Y="129" T="undefined" />
	<Point X="312" Y="128" T="undefined" />
	<Point X="312" Y="127" T="undefined" />
	<Point X="311" Y="127" T="undefined" />
</Gesture>