<?xml version="1.0" encoding="utf-8" standalone="yes"?>
<Gesture Name="V6" NumPts="37">
	<Point X="138" Y="168" T="undefined" />
	<Point X="138" Y="170" T="undefined" />
	<Point X="139" Y="172" T="undefined" />
	<Point X="142" Y="189" T="undefined" />
	<Point X="145" Y="202" T="undefined" />
	<Point X="148" Y="223" T="undefined" />
	<Point X="150" Y="235" T="undefined" />
	<Point X="152" Y="246" T="undefined" />
	<Point X="153" Y="255" T="undefined" />
	<Point X="154" Y="261" T="undefined" />
	<Point X="158" Y="270" T="undefined" />
	<Point X="162" Y="277" T="undefined" />
	<Point X="168" Y="285" T="undefined" />
	<Point X="173" Y="290" T="undefined" />
	<Point X="176" Y="294" T="undefined" />
	<Point X="181" Y="300" T="undefined" />
	<Point X="182" Y="306" T="undefined" />
	<Point X="185" Y="312" T="undefined" />
	<Point X="186" Y="316" T="undefined" />
	<Point X="187" Y="320" T="undefined" />
	<Point X="187" Y="320" T="undefined" />
	<Point X="187" Y="321" T="undefined" />
	<Point X="187" Y="322" T="undefined" />
	<Point X="192" Y="317" T="undefined" />
	<Point X="198" Y="307" T="undefined" />
	<Point X="205" Y="296" T="undefined" />
	<Point X="221" Y="267" T="undefined" />
	<Point X="232" Y="248" T="undefined" />
	<Point X="240" Y="231" T="undefined" />
	<Point X="247" Y="217" T="undefined" />
	<Point X="252" Y="210" T="undefined" />
	<Point X="257" Y="200" T="undefined" />
	<Point X="259" Y="196" T="undefined" />
	<Point X="259" Y="193" T="undefined" />
	<Point X="259" Y="192" T="undefined" />
	<Point X="259" Y="192" T="undefined" />
	<Point X="259" Y="191" T="undefined" />
</Gesture>