<?xml version="1.0" encoding="utf-8" standalone="yes"?>
<Gesture Name="V7" NumPts="33">
	<Point X="139" Y="164" T="undefined" />
	<Point X="141" Y="168" T="undefined" />
	<Point X="142" Y="172" T="undefined" />
	<Point X="152" Y="187" T="undefined" />
	<Point X="156" Y="193" T="undefined" />
	<Point X="161" Y="202" T="undefined" />
	<Point X="168" Y="221" T="undefined" />
	<Point X="173" Y="237" T="undefined" />
	<Point X="175" Y="244" T="undefined" />
	<Point X="179" Y="253" T="undefined" />
	<Point X="182" Y="265" T="undefined" />
	<Point X="185" Y="273" T="undefined" />
	<Point X="189" Y="281" T="undefined" />
	<Point X="192" Y="287" T="undefined" />
	<Point X="196" Y="294" T="undefined" />
	<Point X="200" Y="302" T="undefined" />
	<Point X="202" Y="304" T="undefined" />
	<Point X="202" Y="307" T="undefined" />
	<Point X="202" Y="307" T="undefined" />
	<Point X="202" Y="308" T="undefined" />
	<Point X="203" Y="308" T="undefined" />
	<Point X="204" Y="306" T="undefined" />
	<Point X="211" Y="298" T="undefined" />
	<Point X="217" Y="288" T="undefined" />
	<Point X="224" Y="279" T="undefined" />
	<Point X="240" Y="248" T="undefined" />
	<Point X="252" Y="229" T="undefined" />
	<Point X="271" Y="193" T="undefined" />
	<Point X="279" Y="176" T="undefined" />
	<Point X="292" Y="158" T="undefined" />
	<Point X="296" Y="154" T="undefined" />
	<Point X="300" Y="150" T="undefined" />
	<Point X="302" Y="148" T="undefined" />
</Gesture>