<?xml version="1.0" encoding="utf-8" standalone="yes"?>
<Gesture Name="V9" NumPts="29">
	<Point X="206" Y="184" T="undefined" />
	<Point X="207" Y="188" T="undefined" />
	<Point X="209" Y="195" T="undefined" />
	<Point X="213" Y="210" T="undefined" />
	<Point X="215" Y="220" T="undefined" />
	<Point X="216" Y="230" T="undefined" />
	<Point X="219" Y="238" T="undefined" />
	<Point X="225" Y="256" T="undefined" />
	<Point X="228" Y="265" T="undefined" />
	<Point X="233" Y="273" T="undefined" />
	<Point X="241" Y="287" T="undefined" />
	<Point X="246" Y="295" T="undefined" />
	<Point X="248" Y="301" T="undefined" />
	<Point X="250" Y="303" T="undefined" />
	<Point X="251" Y="306" T="undefined" />
	<Point X="253" Y="308" T="undefined" />
	<Point X="254" Y="309" T="undefined" />
	<Point X="255" Y="310" T="undefined" />
	<Point X="256" Y="310" T="undefined" />
	<Point X="261" Y="306" T="undefined" />
	<Point X="270" Y="295" T="undefined" />
	<Point X="282" Y="280" T="undefined" />
	<Point X="293" Y="268" T="undefined" />
	<Point X="313" Y="242" T="undefined" />
	<Point X="323" Y="220" T="undefined" />
	<Point X="334" Y="201" T="undefined" />
	<Point X="347" Y="172" T="undefined" />
	<Point X="350" Y="167" T="undefined" />
	<Point X="352" Y="164" T="undefined" />
</Gesture>