<?xml version="1.0" encoding="utf-8" standalone="yes"?>
<Gesture Name="X1" NumPts="151">
	<Point X="153" Y="146" T="undefined" />
	<Point X="155" Y="147" T="undefined" />
	<Point X="157" Y="150" T="undefined" />
	<Point X="162" Y="158" T="undefined" />
	<Point X="170" Y="172" T="undefined" />
	<Point X="177" Y="187" T="undefined" />
	<Point X="180" Y="193" T="undefined" />
	<Point X="183" Y="198" T="undefined" />
	<Point X="185" Y="203" T="undefined" />
	<Point X="188" Y="207" T="undefined" />
	<Point X="192" Y="215" T="undefined" />
	<Point X="196" Y="221" T="undefined" />
	<Point X="199" Y="226" T="undefined" />
	<Point X="202" Y="233" T="undefined" />
	<Point X="205" Y="237" T="undefined" />
	<Point X="207" Y="242" T="undefined" />
	<Point X="209" Y="246" T="undefined" />
	<Point X="213" Y="252" T="undefined" />
	<Point X="215" Y="255" T="undefined" />
	<Point X="218" Y="259" T="undefined" />
	<Point X="220" Y="262" T="undefined" />
	<Point X="222" Y="265" T="undefined" />
	<Point X="227" Y="270" T="undefined" />
	<Point X="232" Y="274" T="undefined" />
	<Point X="236" Y="280" T="undefined" />
	<Point X="242" Y="289" T="undefined" />
	<Point X="245" Y="294" T="undefined" />
	<Point X="246" Y="296" T="undefined" />
	<Point X="249" Y="299" T="undefined" />
	<Point X="251" Y="301" T="undefined" />
	<Point X="253" Y="304" T="undefined" />
	<Point X="253" Y="305" T="undefined" />
	<Point X="255" Y="306" T="undefined" />
	<Point X="255" Y="306" T="undefined" />
	<Point X="256" Y="306" T="undefined" />
	<Point X="256" Y="306" T="undefined" />
	<Point X="257" Y="304" T="undefined" />
	<Point X="258" Y="302" T="undefined" />
	<Point X="259" Y="298" T="undefined" />
	<Point X="259" Y="295" T="undefined" />
	<Point X="260" Y="290" T="undefined" />
	<Point X="260" Y="286" T="undefined" />
	<Point X="261" Y="276" T="undefined" />
	<Point X="261" Y="271" T="undefined" />
	<Point X="261" Y="265" T="undefined" />
	<Point X="263" Y="256" T="undefined" />
	<Point X="263" Y="253" T="undefined" />
	<Point X="264" Y="246" T="undefined" />
	<Point X="264" Y="244" T="undefined" />
	<Point X="264" Y="240" T="undefined" />
	<Point X="265" Y="236" T="undefined" />
	<Point X="265" Y="233" T="undefined" />
	<Point X="265" Y="227" T="undefined" />
	<Point X="265" Y="223" T="undefined" />
	<Point X="265" Y="218" T="undefined" />
	<Point X="265" Y="214" T="undefined" />
	<Point X="265" Y="212" T="undefined" />
	<Point X="265" Y="211" T="undefined" />
	<Point X="265" Y="211" T="undefined" />
	<Point X="265" Y="209" T="undefined" />
	<Point X="265" Y="208" T="undefined" />
	<Point X="267" Y="206" T="undefined" />
	<Point X="267" Y="203" T="undefined" />
	<Point X="268" Y="200" T="undefined" />
	<Point X="268" Y="197" T="undefined" />
	<Point X="268" Y="197" T="undefined" />
	<Point X="268" Y="195" T="undefined" />
	<Point X="268" Y="194" T="undefined" />
	<Point X="268" Y="192" T="undefined" />
	<Point X="268" Y="188" T="undefined" />
	<Point X="269" Y="180" T="undefined" />
	<Point X="269" Y="176" T="undefined" />
	<Point X="269" Y="173" T="undefined" />
	<Point X="269" Y="172" T="undefined" />
	<Point X="269" Y="171" T="undefined" />
	<Point X="269" Y="170" T="undefined" />
	<Point X="269" Y="169" T="undefined" />
	<Point X="268" Y="167" T="undefined" />
	<Point X="268" Y="164" T="undefined" />
	<Point X="268" Y="161" T="undefined" />
	<Point X="268" Y="159" T="undefined" />
	<Point X="268" Y="158" T="undefined" />
	<Point X="268" Y="157" T="undefined" />
	<Point X="268" Y="157" T="undefined" />
	<Point X="268" Y="156" T="undefined" />
	<Point X="268" Y="155" T="undefined" />
	<Point X="268" Y="155" T="undefined" />
	<Point X="267" Y="155" T="undefined" />
	<Point X="267" Y="155" T="undefined" />
	<Point X="266" Y="155" T="undefined" />
	<Point X="266" Y="155" T="undefined" />
	<Point X="265" Y="155" T="undefined" />
	<Point X="264" Y="155" T="undefined" />
	<Point X="264" Y="155" T="undefined" />
	<Point X="263" Y="155" T="undefined" />
	<Point X="262" Y="157" T="undefined" />
	<Point X="261" Y="158" T="undefined" />
	<Point X="259" Y="160" T="undefined" />
	<Point X="259" Y="160" T="undefined" />
	<Point X="258" Y="161" T="undefined" />
	<Point X="257" Y="162" T="undefined" />
	<Point X="256" Y="163" T="undefined" />
	<Point X="253" Y="166" T="undefined" />
	<Point X="251" Y="169" T="undefined" />
	<Point X="249" Y="171" T="undefined" />
	<Point X="247" Y="173" T="undefined" />
	<Point X="245" Y="174" T="undefined" />
	<Point X="241" Y="177" T="undefined" />
	<Point X="238" Y="179" T="undefined" />
	<Point X="234" Y="183" T="undefined" />
	<Point X="232" Y="185" T="undefined" />
	<Point X="230" Y="187" T="undefined" />
	<Point X="228" Y="189" T="undefined" />
	<Point X="227" Y="190" T="undefined" />
	<Point X="225" Y="192" T="undefined" />
	<Point X="223" Y="195" T="undefined" />
	<Point X="220" Y="198" T="undefined" />
	<Point X="219" Y="200" T="undefined" />
	<Point X="217" Y="202" T="undefined" />
	<Point X="212" Y="206" T="undefined" />
	<Point X="209" Y="210" T="undefined" />
	<Point X="204" Y="216" T="undefined" />
	<Point X="201" Y="220" T="undefined" />
	<Point X="199" Y="224" T="undefined" />
	<Point X="196" Y="227" T="undefined" />
	<Point X="195" Y="229" T="undefined" />
	<Point X="193" Y="232" T="undefined" />
	<Point X="191" Y="234" T="undefined" />
	<Point X="189" Y="238" T="undefined" />
	<Point X="187" Y="239" T="undefined" />
	<Point X="185" Y="242" T="undefined" />
	<Point X="183" Y="246" T="undefined" />
	<Point X="181" Y="248" T="undefined" />
	<Point X="177" Y="252" T="undefined" />
	<Point X="175" Y="256" T="undefined" />
	<Point X="172" Y="258" T="undefined" />
	<Point X="169" Y="259" T="undefined" />
	<Point X="167" Y="262" T="undefined" />
	<Point X="164" Y="264" T="undefined" />
	<Point X="162" Y="266" T="undefined" />
	<Point X="159" Y="269" T="undefined" />
	<Point X="157" Y="272" T="undefined" />
	<Point X="155" Y="276" T="undefined" />
	<Point X="150" Y="282" T="undefined" />
	<Point X="148" Y="287" T="undefined" />
	<Point X="146" Y="290" T="undefined" />
	<Point X="145" Y="291" T="undefined" />
	<Point X="144" Y="292" T="undefined" />
	<Point X="144" Y="292" T="undefined" />
	<Point X="143" Y="293" T="undefined" />
	<Point X="142" Y="294" T="undefined" />
</Gesture>