<?xml version="1.0" encoding="utf-8" standalone="yes"?>
<Gesture Name="X2" NumPts="101">
	<Point X="141" Y="119" T="undefined" />
	<Point X="142" Y="121" T="undefined" />
	<Point X="144" Y="125" T="undefined" />
	<Point X="153" Y="142" T="undefined" />
	<Point X="154" Y="145" T="undefined" />
	<Point X="160" Y="153" T="undefined" />
	<Point X="169" Y="162" T="undefined" />
	<Point X="176" Y="169" T="undefined" />
	<Point X="185" Y="177" T="undefined" />
	<Point X="191" Y="185" T="undefined" />
	<Point X="200" Y="194" T="undefined" />
	<Point X="213" Y="205" T="undefined" />
	<Point X="224" Y="213" T="undefined" />
	<Point X="239" Y="229" T="undefined" />
	<Point X="247" Y="239" T="undefined" />
	<Point X="261" Y="250" T="undefined" />
	<Point X="267" Y="257" T="undefined" />
	<Point X="272" Y="263" T="undefined" />
	<Point X="277" Y="270" T="undefined" />
	<Point X="279" Y="274" T="undefined" />
	<Point X="282" Y="278" T="undefined" />
	<Point X="284" Y="281" T="undefined" />
	<Point X="285" Y="283" T="undefined" />
	<Point X="291" Y="289" T="undefined" />
	<Point X="296" Y="295" T="undefined" />
	<Point X="300" Y="301" T="undefined" />
	<Point X="302" Y="303" T="undefined" />
	<Point X="303" Y="304" T="undefined" />
	<Point X="304" Y="304" T="undefined" />
	<Point X="304" Y="303" T="undefined" />
	<Point X="304" Y="303" T="undefined" />
	<Point X="305" Y="298" T="undefined" />
	<Point X="305" Y="291" T="undefined" />
	<Point X="305" Y="282" T="undefined" />
	<Point X="305" Y="265" T="undefined" />
	<Point X="305" Y="256" T="undefined" />
	<Point X="305" Y="248" T="undefined" />
	<Point X="304" Y="242" T="undefined" />
	<Point X="303" Y="233" T="undefined" />
	<Point X="302" Y="219" T="undefined" />
	<Point X="301" Y="211" T="undefined" />
	<Point X="301" Y="208" T="undefined" />
	<Point X="300" Y="203" T="undefined" />
	<Point X="299" Y="199" T="undefined" />
	<Point X="299" Y="197" T="undefined" />
	<Point X="295" Y="187" T="undefined" />
	<Point X="294" Y="180" T="undefined" />
	<Point X="291" Y="172" T="undefined" />
	<Point X="288" Y="163" T="undefined" />
	<Point X="286" Y="158" T="undefined" />
	<Point X="285" Y="156" T="undefined" />
	<Point X="284" Y="153" T="undefined" />
	<Point X="283" Y="151" T="undefined" />
	<Point X="282" Y="150" T="undefined" />
	<Point X="281" Y="147" T="undefined" />
	<Point X="281" Y="144" T="undefined" />
	<Point X="281" Y="144" T="undefined" />
	<Point X="280" Y="142" T="undefined" />
	<Point X="280" Y="142" T="undefined" />
	<Point X="279" Y="141" T="undefined" />
	<Point X="279" Y="140" T="undefined" />
	<Point X="278" Y="138" T="undefined" />
	<Point X="277" Y="136" T="undefined" />
	<Point X="277" Y="133" T="undefined" />
	<Point X="276" Y="131" T="undefined" />
	<Point X="275" Y="128" T="undefined" />
	<Point X="274" Y="126" T="undefined" />
	<Point X="272" Y="125" T="undefined" />
	<Point X="272" Y="124" T="undefined" />
	<Point X="271" Y="124" T="undefined" />
	<Point X="271" Y="123" T="undefined" />
	<Point X="271" Y="123" T="undefined" />
	<Point X="270" Y="123" T="undefined" />
	<Point X="269" Y="123" T="undefined" />
	<Point X="268" Y="124" T="undefined" />
	<Point X="267" Y="127" T="undefined" />
	<Point X="262" Y="132" T="undefined" />
	<Point X="261" Y="135" T="undefined" />
	<Point X="260" Y="137" T="undefined" />
	<Point X="259" Y="138" T="undefined" />
	<Point X="257" Y="140" T="undefined" />
	<Point X="255" Y="143" T="undefined" />
	<Point X="250" Y="148" T="undefined" />
	<Point X="243" Y="156" T="undefined" />
	<Point X="238" Y="163" T="undefined" />
	<Point X="232" Y="170" T="undefined" />
	<Point X="227" Y="176" T="undefined" />
	<Point X="216" Y="189" T="undefined" />
	<Point X="208" Y="201" T="undefined" />
	<Point X="197" Y="216" T="undefined" />
	<Point X="184" Y="236" T="undefined" />
	<Point X="176" Y="245" T="undefined" />
	<Point X="164" Y="262" T="undefined" />
	<Point X="159" Y="270" T="undefined" />
	<Point X="155" Y="276" T="undefined" />
	<Point X="151" Y="280" T="undefined" />
	<Point X="148" Y="283" T="undefined" />
	<Point X="146" Y="285" T="undefined" />
	<Point X="145" Y="286" T="undefined" />
	<Point X="144" Y="288" T="undefined" />
	<Point X="143" Y="289" T="undefined" />
</Gesture>