<?xml version="1.0" encoding="utf-8" standalone="yes"?>
<Gesture Name="X3" NumPts="130">
	<Point X="162" Y="134" T="undefined" />
	<Point X="163" Y="137" T="undefined" />
	<Point X="167" Y="145" T="undefined" />
	<Point X="170" Y="154" T="undefined" />
	<Point X="173" Y="160" T="undefined" />
	<Point X="177" Y="167" T="undefined" />
	<Point X="181" Y="175" T="undefined" />
	<Point X="188" Y="190" T="undefined" />
	<Point X="191" Y="199" T="undefined" />
	<Point X="194" Y="206" T="undefined" />
	<Point X="198" Y="215" T="undefined" />
	<Point X="201" Y="221" T="undefined" />
	<Point X="206" Y="228" T="undefined" />
	<Point X="210" Y="232" T="undefined" />
	<Point X="214" Y="238" T="undefined" />
	<Point X="217" Y="243" T="undefined" />
	<Point X="220" Y="247" T="undefined" />
	<Point X="225" Y="256" T="undefined" />
	<Point X="228" Y="263" T="undefined" />
	<Point X="233" Y="273" T="undefined" />
	<Point X="236" Y="278" T="undefined" />
	<Point X="241" Y="284" T="undefined" />
	<Point X="243" Y="286" T="undefined" />
	<Point X="246" Y="289" T="undefined" />
	<Point X="251" Y="297" T="undefined" />
	<Point X="256" Y="304" T="undefined" />
	<Point X="261" Y="314" T="undefined" />
	<Point X="264" Y="318" T="undefined" />
	<Point X="265" Y="321" T="undefined" />
	<Point X="267" Y="324" T="undefined" />
	<Point X="268" Y="325" T="undefined" />
	<Point X="269" Y="327" T="undefined" />
	<Point X="270" Y="328" T="undefined" />
	<Point X="270" Y="329" T="undefined" />
	<Point X="270" Y="329" T="undefined" />
	<Point X="271" Y="331" T="undefined" />
	<Point X="271" Y="330" T="undefined" />
	<Point X="271" Y="330" T="undefined" />
	<Point X="271" Y="328" T="undefined" />
	<Point X="273" Y="321" T="undefined" />
	<Point X="274" Y="314" T="undefined" />
	<Point X="276" Y="307" T="undefined" />
	<Point X="278" Y="295" T="undefined" />
	<Point X="278" Y="290" T="undefined" />
	<Point X="278" Y="287" T="undefined" />
	<Point X="279" Y="284" T="undefined" />
	<Point X="282" Y="272" T="undefined" />
	<Point X="286" Y="260" T="undefined" />
	<Point X="290" Y="250" T="undefined" />
	<Point X="291" Y="242" T="undefined" />
	<Point X="293" Y="238" T="undefined" />
	<Point X="293" Y="233" T="undefined" />
	<Point X="293" Y="232" T="undefined" />
	<Point X="293" Y="232" T="undefined" />
	<Point X="292" Y="230" T="undefined" />
	<Point X="292" Y="228" T="undefined" />
	<Point X="291" Y="223" T="undefined" />
	<Point X="291" Y="219" T="undefined" />
	<Point X="291" Y="214" T="undefined" />
	<Point X="290" Y="212" T="undefined" />
	<Point X="289" Y="209" T="undefined" />
	<Point X="289" Y="205" T="undefined" />
	<Point X="289" Y="200" T="undefined" />
	<Point X="290" Y="193" T="undefined" />
	<Point X="290" Y="186" T="undefined" />
	<Point X="291" Y="180" T="undefined" />
	<Point X="291" Y="176" T="undefined" />
	<Point X="291" Y="172" T="undefined" />
	<Point X="291" Y="171" T="undefined" />
	<Point X="291" Y="169" T="undefined" />
	<Point X="291" Y="166" T="undefined" />
	<Point X="291" Y="164" T="undefined" />
	<Point X="291" Y="158" T="undefined" />
	<Point X="291" Y="155" T="undefined" />
	<Point X="291" Y="152" T="undefined" />
	<Point X="291" Y="149" T="undefined" />
	<Point X="291" Y="147" T="undefined" />
	<Point X="291" Y="145" T="undefined" />
	<Point X="291" Y="143" T="undefined" />
	<Point X="290" Y="140" T="undefined" />
	<Point X="290" Y="136" T="undefined" />
	<Point X="290" Y="132" T="undefined" />
	<Point X="290" Y="127" T="undefined" />
	<Point X="290" Y="124" T="undefined" />
	<Point X="290" Y="123" T="undefined" />
	<Point X="290" Y="123" T="undefined" />
	<Point X="289" Y="123" T="undefined" />
	<Point X="289" Y="123" T="undefined" />
	<Point X="289" Y="124" T="undefined" />
	<Point X="287" Y="126" T="undefined" />
	<Point X="287" Y="126" T="undefined" />
	<Point X="287" Y="127" T="undefined" />
	<Point X="287" Y="128" T="undefined" />
	<Point X="287" Y="128" T="undefined" />
	<Point X="286" Y="130" T="undefined" />
	<Point X="284" Y="131" T="undefined" />
	<Point X="279" Y="137" T="undefined" />
	<Point X="275" Y="142" T="undefined" />
	<Point X="271" Y="148" T="undefined" />
	<Point X="262" Y="163" T="undefined" />
	<Point X="259" Y="171" T="undefined" />
	<Point X="254" Y="180" T="undefined" />
	<Point X="252" Y="185" T="undefined" />
	<Point X="246" Y="198" T="undefined" />
	<Point X="241" Y="210" T="undefined" />
	<Point X="236" Y="222" T="undefined" />
	<Point X="231" Y="230" T="undefined" />
	<Point X="228" Y="234" T="undefined" />
	<Point X="227" Y="236" T="undefined" />
	<Point X="225" Y="238" T="undefined" />
	<Point X="222" Y="244" T="undefined" />
	<Point X="217" Y="253" T="undefined" />
	<Point X="211" Y="262" T="undefined" />
	<Point X="203" Y="272" T="undefined" />
	<Point X="196" Y="284" T="undefined" />
	<Point X="190" Y="294" T="undefined" />
	<Point X="187" Y="300" T="undefined" />
	<Point X="184" Y="304" T="undefined" />
	<Point X="182" Y="306" T="undefined" />
	<Point X="180" Y="308" T="undefined" />
	<Point X="176" Y="311" T="undefined" />
	<Point X="173" Y="314" T="undefined" />
	<Point X="168" Y="320" T="undefined" />
	<Point X="167" Y="324" T="undefined" />
	<Point X="165" Y="327" T="undefined" />
	<Point X="164" Y="328" T="undefined" />
	<Point X="163" Y="329" T="undefined" />
	<Point X="162" Y="330" T="undefined" />
	<Point X="161" Y="332" T="undefined" />
	<Point X="161" Y="332" T="undefined" />
</Gesture>