<?xml version="1.0" encoding="utf-8" standalone="yes"?>
<Gesture Name="X4" NumPts="92">
	<Point X="134" Y="140" T="undefined" />
	<Point X="136" Y="144" T="undefined" />
	<Point X="139" Y="152" T="undefined" />
	<Point X="144" Y="159" T="undefined" />
	<Point X="149" Y="165" T="undefined" />
	<Point X="155" Y="174" T="undefined" />
	<Point X="161" Y="182" T="undefined" />
	<Point X="168" Y="194" T="undefined" />
	<Point X="174" Y="206" T="undefined" />
	<Point X="181" Y="221" T="undefined" />
	<Point X="186" Y="234" T="undefined" />
	<Point X="190" Y="244" T="undefined" />
	<Point X="192" Y="250" T="undefined" />
	<Point X="197" Y="259" T="undefined" />
	<Point X="200" Y="264" T="undefined" />
	<Point X="208" Y="275" T="undefined" />
	<Point X="214" Y="282" T="undefined" />
	<Point X="221" Y="291" T="undefined" />
	<Point X="224" Y="298" T="undefined" />
	<Point X="228" Y="303" T="undefined" />
	<Point X="233" Y="311" T="undefined" />
	<Point X="238" Y="314" T="undefined" />
	<Point X="242" Y="318" T="undefined" />
	<Point X="244" Y="319" T="undefined" />
	<Point X="245" Y="320" T="undefined" />
	<Point X="246" Y="321" T="undefined" />
	<Point X="248" Y="322" T="undefined" />
	<Point X="249" Y="323" T="undefined" />
	<Point X="251" Y="324" T="undefined" />
	<Point X="252" Y="325" T="undefined" />
	<Point X="253" Y="325" T="undefined" />
	<Point X="256" Y="321" T="undefined" />
	<Point X="259" Y="315" T="undefined" />
	<Point X="264" Y="298" T="undefined" />
	<Point X="265" Y="288" T="undefined" />
	<Point X="266" Y="279" T="undefined" />
	<Point X="266" Y="274" T="undefined" />
	<Point X="265" Y="265" T="undefined" />
	<Point X="265" Y="250" T="undefined" />
	<Point X="265" Y="243" T="undefined" />
	<Point X="265" Y="230" T="undefined" />
	<Point X="265" Y="221" T="undefined" />
	<Point X="264" Y="212" T="undefined" />
	<Point X="264" Y="207" T="undefined" />
	<Point X="264" Y="203" T="undefined" />
	<Point X="264" Y="202" T="undefined" />
	<Point X="263" Y="199" T="undefined" />
	<Point X="263" Y="192" T="undefined" />
	<Point X="263" Y="182" T="undefined" />
	<Point X="265" Y="173" T="undefined" />
	<Point X="265" Y="166" T="undefined" />
	<Point X="265" Y="163" T="undefined" />
	<Point X="264" Y="160" T="undefined" />
	<Point X="264" Y="159" T="undefined" />
	<Point X="263" Y="156" T="undefined" />
	<Point X="262" Y="155" T="undefined" />
	<Point X="261" Y="146" T="undefined" />
	<Point X="260" Y="139" T="undefined" />
	<Point X="259" Y="135" T="undefined" />
	<Point X="259" Y="131" T="undefined" />
	<Point X="258" Y="130" T="undefined" />
	<Point X="258" Y="129" T="undefined" />
	<Point X="257" Y="129" T="undefined" />
	<Point X="257" Y="129" T="undefined" />
	<Point X="256" Y="129" T="undefined" />
	<Point X="255" Y="129" T="undefined" />
	<Point X="255" Y="130" T="undefined" />
	<Point X="254" Y="131" T="undefined" />
	<Point X="251" Y="133" T="undefined" />
	<Point X="246" Y="138" T="undefined" />
	<Point X="240" Y="146" T="undefined" />
	<Point X="232" Y="156" T="undefined" />
	<Point X="227" Y="162" T="undefined" />
	<Point X="221" Y="170" T="undefined" />
	<Point X="213" Y="177" T="undefined" />
	<Point X="202" Y="190" T="undefined" />
	<Point X="189" Y="205" T="undefined" />
	<Point X="181" Y="214" T="undefined" />
	<Point X="163" Y="233" T="undefined" />
	<Point X="154" Y="245" T="undefined" />
	<Point X="145" Y="254" T="undefined" />
	<Point X="141" Y="258" T="undefined" />
	<Point X="136" Y="265" T="undefined" />
	<Point X="131" Y="274" T="undefined" />
	<Point X="126" Y="283" T="undefined" />
	<Point X="117" Y="295" T="undefined" />
	<Point X="114" Y="299" T="undefined" />
	<Point X="108" Y="305" T="undefined" />
	<Point X="106" Y="306" T="undefined" />
	<Point X="105" Y="308" T="undefined" />
	<Point X="103" Y="310" T="undefined" />
	<Point X="103" Y="310" T="undefined" />
</Gesture>