<?xml version="1.0" encoding="utf-8" standalone="yes"?>
<Gesture Name="X5" NumPts="108">
	<Point X="155" Y="142" T="undefined" />
	<Point X="155" Y="144" T="undefined" />
	<Point X="156" Y="147" T="undefined" />
	<Point X="158" Y="156" T="undefined" />
	<Point X="161" Y="164" T="undefined" />
	<Point X="165" Y="182" T="undefined" />
	<Point X="169" Y="195" T="undefined" />
	<Point X="171" Y="202" T="undefined" />
	<Point X="175" Y="210" T="undefined" />
	<Point X="178" Y="218" T="undefined" />
	<Point X="183" Y="224" T="undefined" />
	<Point X="191" Y="236" T="undefined" />
	<Point X="196" Y="244" T="undefined" />
	<Point X="199" Y="248" T="undefined" />
	<Point X="204" Y="256" T="undefined" />
	<Point X="209" Y="263" T="undefined" />
	<Point X="212" Y="269" T="undefined" />
	<Point X="218" Y="278" T="undefined" />
	<Point X="221" Y="283" T="undefined" />
	<Point X="224" Y="287" T="undefined" />
	<Point X="229" Y="295" T="undefined" />
	<Point X="232" Y="302" T="undefined" />
	<Point X="235" Y="307" T="undefined" />
	<Point X="237" Y="310" T="undefined" />
	<Point X="238" Y="311" T="undefined" />
	<Point X="239" Y="314" T="undefined" />
	<Point X="242" Y="315" T="undefined" />
	<Point X="244" Y="317" T="undefined" />
	<Point X="246" Y="319" T="undefined" />
	<Point X="247" Y="321" T="undefined" />
	<Point X="247" Y="322" T="undefined" />
	<Point X="247" Y="323" T="undefined" />
	<Point X="249" Y="324" T="undefined" />
	<Point X="250" Y="326" T="undefined" />
	<Point X="254" Y="333" T="undefined" />
	<Point X="256" Y="337" T="undefined" />
	<Point X="257" Y="341" T="undefined" />
	<Point X="257" Y="342" T="undefined" />
	<Point X="257" Y="343" T="undefined" />
	<Point X="257" Y="343" T="undefined" />
	<Point X="258" Y="343" T="undefined" />
	<Point X="258" Y="342" T="undefined" />
	<Point X="262" Y="336" T="undefined" />
	<Point X="263" Y="330" T="undefined" />
	<Point X="266" Y="321" T="undefined" />
	<Point X="268" Y="312" T="undefined" />
	<Point X="270" Y="299" T="undefined" />
	<Point X="273" Y="282" T="undefined" />
	<Point X="275" Y="275" T="undefined" />
	<Point X="276" Y="268" T="undefined" />
	<Point X="279" Y="256" T="undefined" />
	<Point X="281" Y="248" T="undefined" />
	<Point X="284" Y="245" T="undefined" />
	<Point X="285" Y="240" T="undefined" />
	<Point X="286" Y="235" T="undefined" />
	<Point X="288" Y="229" T="undefined" />
	<Point X="289" Y="215" T="undefined" />
	<Point X="289" Y="206" T="undefined" />
	<Point X="290" Y="196" T="undefined" />
	<Point X="290" Y="188" T="undefined" />
	<Point X="290" Y="181" T="undefined" />
	<Point X="290" Y="173" T="undefined" />
	<Point X="290" Y="168" T="undefined" />
	<Point X="290" Y="164" T="undefined" />
	<Point X="290" Y="161" T="undefined" />
	<Point X="290" Y="158" T="undefined" />
	<Point X="290" Y="156" T="undefined" />
	<Point X="290" Y="155" T="undefined" />
	<Point X="290" Y="154" T="undefined" />
	<Point X="290" Y="153" T="undefined" />
	<Point X="290" Y="153" T="undefined" />
	<Point X="289" Y="153" T="undefined" />
	<Point X="289" Y="153" T="undefined" />
	<Point X="288" Y="153" T="undefined" />
	<Point X="287" Y="153" T="undefined" />
	<Point X="286" Y="153" T="undefined" />
	<Point X="286" Y="153" T="undefined" />
	<Point X="285" Y="155" T="undefined" />
	<Point X="282" Y="157" T="undefined" />
	<Point X="279" Y="159" T="undefined" />
	<Point X="276" Y="163" T="undefined" />
	<Point X="270" Y="169" T="undefined" />
	<Point X="266" Y="174" T="undefined" />
	<Point X="259" Y="181" T="undefined" />
	<Point X="251" Y="189" T="undefined" />
	<Point X="245" Y="195" T="undefined" />
	<Point X="241" Y="199" T="undefined" />
	<Point X="237" Y="203" T="undefined" />
	<Point X="233" Y="207" T="undefined" />
	<Point X="223" Y="220" T="undefined" />
	<Point X="210" Y="233" T="undefined" />
	<Point X="203" Y="239" T="undefined" />
	<Point X="196" Y="243" T="undefined" />
	<Point X="186" Y="249" T="undefined" />
	<Point X="178" Y="253" T="undefined" />
	<Point X="170" Y="259" T="undefined" />
	<Point X="159" Y="267" T="undefined" />
	<Point X="153" Y="273" T="undefined" />
	<Point X="150" Y="276" T="undefined" />
	<Point X="146" Y="279" T="undefined" />
	<Point X="143" Y="280" T="undefined" />
	<Point X="141" Y="283" T="undefined" />
	<Point X="138" Y="285" T="undefined" />
	<Point X="133" Y="288" T="undefined" />
	<Point X="130" Y="290" T="undefined" />
	<Point X="127" Y="294" T="undefined" />
	<Point X="125" Y="295" T="undefined" />
	<Point X="124" Y="296" T="undefined" />
</Gesture>