<?xml version="1.0" encoding="utf-8" standalone="yes"?>
<Gesture Name="X6" NumPts="75">
	<Point X="147" Y="144" T="undefined" />
	<Point X="150" Y="146" T="undefined" />
	<Point X="154" Y="150" T="undefined" />
	<Point X="167" Y="168" T="undefined" />
	<Point X="182" Y="186" T="undefined" />
	<Point X="191" Y="196" T="undefined" />
	<Point X="205" Y="214" T="undefined" />
	<Point X="214" Y="228" T="undefined" />
	<Point X="221" Y="236" T="undefined" />
	<Point X="229" Y="242" T="undefined" />
	<Point X="242" Y="254" T="undefined" />
	<Point X="249" Y="264" T="undefined" />
	<Point X="254" Y="272" T="undefined" />
	<Point X="262" Y="281" T="undefined" />
	<Point X="267" Y="288" T="undefined" />
	<Point X="276" Y="301" T="undefined" />
	<Point X="281" Y="308" T="undefined" />
	<Point X="286" Y="316" T="undefined" />
	<Point X="288" Y="318" T="undefined" />
	<Point X="289" Y="320" T="undefined" />
	<Point X="290" Y="321" T="undefined" />
	<Point X="291" Y="320" T="undefined" />
	<Point X="292" Y="319" T="undefined" />
	<Point X="293" Y="315" T="undefined" />
	<Point X="297" Y="298" T="undefined" />
	<Point X="299" Y="285" T="undefined" />
	<Point X="303" Y="271" T="undefined" />
	<Point X="310" Y="239" T="undefined" />
	<Point X="312" Y="226" T="undefined" />
	<Point X="313" Y="201" T="undefined" />
	<Point X="312" Y="195" T="undefined" />
	<Point X="311" Y="189" T="undefined" />
	<Point X="310" Y="187" T="undefined" />
	<Point X="310" Y="185" T="undefined" />
	<Point X="308" Y="180" T="undefined" />
	<Point X="307" Y="174" T="undefined" />
	<Point X="305" Y="162" T="undefined" />
	<Point X="304" Y="156" T="undefined" />
	<Point X="304" Y="150" T="undefined" />
	<Point X="304" Y="148" T="undefined" />
	<Point X="302" Y="146" T="undefined" />
	<Point X="302" Y="143" T="undefined" />
	<Point X="301" Y="142" T="undefined" />
	<Point X="301" Y="138" T="undefined" />
	<Point X="301" Y="136" T="undefined" />
	<Point X="301" Y="132" T="undefined" />
	<Point X="301" Y="130" T="undefined" />
	<Point X="301" Y="129" T="undefined" />
	<Point X="300" Y="129" T="undefined" />
	<Point X="297" Y="130" T="undefined" />
	<Point X="294" Y="134" T="undefined" />
	<Point X="288" Y="139" T="undefined" />
	<Point X="281" Y="145" T="undefined" />
	<Point X="277" Y="149" T="undefined" />
	<Point X="274" Y="153" T="undefined" />
	<Point X="267" Y="161" T="undefined" />
	<Point X="260" Y="167" T="undefined" />
	<Point X="248" Y="177" T="undefined" />
	<Point X="241" Y="181" T="undefined" />
	<Point X="236" Y="185" T="undefined" />
	<Point X="224" Y="197" T="undefined" />
	<Point X="213" Y="211" T="undefined" />
	<Point X="198" Y="227" T="undefined" />
	<Point X="189" Y="239" T="undefined" />
	<Point X="179" Y="251" T="undefined" />
	<Point X="166" Y="263" T="undefined" />
	<Point X="162" Y="268" T="undefined" />
	<Point X="158" Y="272" T="undefined" />
	<Point X="157" Y="273" T="undefined" />
	<Point X="154" Y="277" T="undefined" />
	<Point X="152" Y="280" T="undefined" />
	<Point X="148" Y="285" T="undefined" />
	<Point X="145" Y="288" T="undefined" />
	<Point X="143" Y="290" T="undefined" />
	<Point X="142" Y="292" T="undefined" />
</Gesture>