<?xml version="1.0" encoding="utf-8" standalone="yes"?>
<Gesture Name="X7" NumPts="102">
	<Point X="177" Y="142" T="undefined" />
	<Point X="178" Y="149" T="undefined" />
	<Point X="178" Y="159" T="undefined" />
	<Point X="180" Y="172" T="undefined" />
	<Point X="184" Y="197" T="undefined" />
	<Point X="186" Y="205" T="undefined" />
	<Point X="191" Y="212" T="undefined" />
	<Point X="195" Y="215" T="undefined" />
	<Point X="199" Y="220" T="undefined" />
	<Point X="202" Y="223" T="undefined" />
	<Point X="206" Y="235" T="undefined" />
	<Point X="209" Y="244" T="undefined" />
	<Point X="210" Y="250" T="undefined" />
	<Point X="213" Y="258" T="undefined" />
	<Point X="216" Y="264" T="undefined" />
	<Point X="218" Y="271" T="undefined" />
	<Point X="219" Y="275" T="undefined" />
	<Point X="221" Y="281" T="undefined" />
	<Point X="224" Y="286" T="undefined" />
	<Point X="225" Y="290" T="undefined" />
	<Point X="229" Y="298" T="undefined" />
	<Point X="232" Y="302" T="undefined" />
	<Point X="236" Y="312" T="undefined" />
	<Point X="238" Y="318" T="undefined" />
	<Point X="240" Y="323" T="undefined" />
	<Point X="242" Y="330" T="undefined" />
	<Point X="243" Y="335" T="undefined" />
	<Point X="245" Y="341" T="undefined" />
	<Point X="246" Y="344" T="undefined" />
	<Point X="248" Y="347" T="undefined" />
	<Point X="250" Y="350" T="undefined" />
	<Point X="251" Y="351" T="undefined" />
	<Point X="252" Y="353" T="undefined" />
	<Point X="253" Y="354" T="undefined" />
	<Point X="253" Y="352" T="undefined" />
	<Point X="257" Y="343" T="undefined" />
	<Point X="262" Y="332" T="undefined" />
	<Point X="265" Y="319" T="undefined" />
	<Point X="274" Y="286" T="undefined" />
	<Point X="280" Y="271" T="undefined" />
	<Point X="286" Y="250" T="undefined" />
	<Point X="288" Y="237" T="undefined" />
	<Point X="291" Y="227" T="undefined" />
	<Point X="293" Y="220" T="undefined" />
	<Point X="297" Y="206" T="undefined" />
	<Point X="304" Y="188" T="undefined" />
	<Point X="307" Y="180" T="undefined" />
	<Point X="310" Y="169" T="undefined" />
	<Point X="311" Y="164" T="undefined" />
	<Point X="312" Y="160" T="undefined" />
	<Point X="312" Y="156" T="undefined" />
	<Point X="313" Y="154" T="undefined" />
	<Point X="313" Y="150" T="undefined" />
	<Point X="314" Y="146" T="undefined" />
	<Point X="314" Y="142" T="undefined" />
	<Point X="314" Y="140" T="undefined" />
	<Point X="314" Y="139" T="undefined" />
	<Point X="314" Y="138" T="undefined" />
	<Point X="314" Y="138" T="undefined" />
	<Point X="313" Y="138" T="undefined" />
	<Point X="313" Y="138" T="undefined" />
	<Point X="312" Y="138" T="undefined" />
	<Point X="312" Y="139" T="undefined" />
	<Point X="309" Y="141" T="undefined" />
	<Point X="304" Y="144" T="undefined" />
	<Point X="298" Y="149" T="undefined" />
	<Point X="283" Y="167" T="undefined" />
	<Point X="274" Y="176" T="undefined" />
	<Point X="268" Y="183" T="undefined" />
	<Point X="260" Y="191" T="undefined" />
	<Point X="251" Y="202" T="undefined" />
	<Point X="246" Y="211" T="undefined" />
	<Point X="239" Y="221" T="undefined" />
	<Point X="230" Y="233" T="undefined" />
	<Point X="218" Y="245" T="undefined" />
	<Point X="205" Y="264" T="undefined" />
	<Point X="198" Y="271" T="undefined" />
	<Point X="188" Y="278" T="undefined" />
	<Point X="181" Y="283" T="undefined" />
	<Point X="175" Y="286" T="undefined" />
	<Point X="169" Y="292" T="undefined" />
	<Point X="166" Y="296" T="undefined" />
	<Point X="163" Y="302" T="undefined" />
	<Point X="162" Y="304" T="undefined" />
	<Point X="161" Y="304" T="undefined" />
	<Point X="161" Y="305" T="undefined" />
	<Point X="160" Y="305" T="undefined" />
	<Point X="160" Y="305" T="undefined" />
	<Point X="160" Y="306" T="undefined" />
	<Point X="157" Y="307" T="undefined" />
	<Point X="155" Y="309" T="undefined" />
	<Point X="154" Y="310" T="undefined" />
	<Point X="153" Y="310" T="undefined" />
	<Point X="153" Y="311" T="undefined" />
	<Point X="152" Y="311" T="undefined" />
	<Point X="152" Y="312" T="undefined" />
	<Point X="150" Y="315" T="undefined" />
	<Point X="149" Y="316" T="undefined" />
	<Point X="148" Y="317" T="undefined" />
	<Point X="147" Y="318" T="undefined" />
	<Point X="147" Y="319" T="undefined" />
	<Point X="146" Y="319" T="undefined" />
</Gesture>