<?xml version="1.0" encoding="utf-8" standalone="yes"?>
<Gesture Name="X9" NumPts="76">
	<Point X="128" Y="150" T="undefined" />
	<Point X="132" Y="153" T="undefined" />
	<Point X="137" Y="157" T="undefined" />
	<Point X="147" Y="168" T="undefined" />
	<Point X="165" Y="184" T="undefined" />
	<Point X="178" Y="200" T="undefined" />
	<Point X="192" Y="220" T="undefined" />
	<Point X="205" Y="232" T="undefined" />
	<Point X="220" Y="257" T="undefined" />
	<Point X="227" Y="266" T="undefined" />
	<Point X="237" Y="277" T="undefined" />
	<Point X="254" Y="298" T="undefined" />
	<Point X="262" Y="310" T="undefined" />
	<Point X="270" Y="321" T="undefined" />
	<Point X="278" Y="330" T="undefined" />
	<Point X="283" Y="337" T="undefined" />
	<Point X="289" Y="344" T="undefined" />
	<Point X="290" Y="346" T="undefined" />
	<Point X="292" Y="348" T="undefined" />
	<Point X="293" Y="347" T="undefined" />
	<Point X="294" Y="345" T="undefined" />
	<Point X="296" Y="341" T="undefined" />
	<Point X="297" Y="333" T="undefined" />
	<Point X="298" Y="324" T="undefined" />
	<Point X="298" Y="289" T="undefined" />
	<Point X="293" Y="242" T="undefined" />
	<Point X="291" Y="216" T="undefined" />
	<Point X="291" Y="184" T="undefined" />
	<Point X="291" Y="173" T="undefined" />
	<Point X="291" Y="168" T="undefined" />
	<Point X="291" Y="164" T="undefined" />
	<Point X="290" Y="163" T="undefined" />
	<Point X="290" Y="161" T="undefined" />
	<Point X="288" Y="157" T="undefined" />
	<Point X="287" Y="152" T="undefined" />
	<Point X="286" Y="149" T="undefined" />
	<Point X="285" Y="148" T="undefined" />
	<Point X="285" Y="148" T="undefined" />
	<Point X="284" Y="148" T="undefined" />
	<Point X="284" Y="147" T="undefined" />
	<Point X="284" Y="147" T="undefined" />
	<Point X="284" Y="146" T="undefined" />
	<Point X="284" Y="146" T="undefined" />
	<Point X="283" Y="146" T="undefined" />
	<Point X="283" Y="146" T="undefined" />
	<Point X="283" Y="145" T="undefined" />
	<Point X="283" Y="145" T="undefined" />
	<Point X="283" Y="143" T="undefined" />
	<Point X="283" Y="140" T="undefined" />
	<Point X="283" Y="139" T="undefined" />
	<Point X="283" Y="139" T="undefined" />
	<Point X="282" Y="139" T="undefined" />
	<Point X="281" Y="139" T="undefined" />
	<Point X="281" Y="139" T="undefined" />
	<Point X="280" Y="139" T="undefined" />
	<Point X="280" Y="140" T="undefined" />
	<Point X="277" Y="142" T="undefined" />
	<Point X="274" Y="147" T="undefined" />
	<Point X="270" Y="152" T="undefined" />
	<Point X="260" Y="164" T="undefined" />
	<Point X="248" Y="175" T="undefined" />
	<Point X="241" Y="182" T="undefined" />
	<Point X="234" Y="190" T="undefined" />
	<Point X="220" Y="209" T="undefined" />
	<Point X="211" Y="219" T="undefined" />
	<Point X="194" Y="241" T="undefined" />
	<Point X="182" Y="260" T="undefined" />
	<Point X="163" Y="279" T="undefined" />
	<Point X="148" Y="296" T="undefined" />
	<Point X="136" Y="311" T="undefined" />
	<Point X="124" Y="324" T="undefined" />
	<Point X="115" Y="334" T="undefined" />
	<Point X="107" Y="342" T="undefined" />
	<Point X="104" Y="345" T="undefined" />
	<Point X="103" Y="346" T="undefined" />
	<Point X="102" Y="347" T="undefined" />
</Gesture>