<?xml version="1.0" encoding="utf-8" standalone="yes"?>
<Gesture Name="Zigzag5" NumPts="108">
	<Point X="180" Y="64" T="undefined" />
	<Point X="182" Y="66" T="undefined" />
	<Point X="186" Y="69" T="undefined" />
	<Point X="192" Y="75" T="undefined" />
	<Point X="203" Y="86" T="undefined" />
	<Point X="210" Y="93" T="undefined" />
	<Point X="217" Y="100" T="undefined" />
	<Point X="223" Y="104" T="undefined" />
	<Point X="234" Y="109" T="undefined" />
	<Point X="238" Y="111" T="undefined" />
	<Point X="244" Y="114" T="undefined" />
	<Point X="249" Y="116" T="undefined" />
	<Point X="251" Y="117" T="undefined" />
	<Point X="252" Y="117" T="undefined" />
	<Point X="252" Y="118" T="undefined" />
	<Point X="252" Y="119" T="undefined" />
	<Point X="252" Y="119" T="undefined" />
	<Point X="252" Y="120" T="undefined" />
	<Point X="247" Y="124" T="undefined" />
	<Point X="231" Y="133" T="undefined" />
	<Point X="220" Y="139" T="undefined" />
	<Point X="200" Y="147" T="undefined" />
	<Point X="185" Y="156" T="undefined" />
	<Point X="179" Y="162" T="undefined" />
	<Point X="173" Y="169" T="undefined" />
	<Point X="168" Y="174" T="undefined" />
	<Point X="164" Y="180" T="undefined" />
	<Point X="162" Y="182" T="undefined" />
	<Point X="159" Y="185" T="undefined" />
	<Point X="156" Y="187" T="undefined" />
	<Point X="155" Y="189" T="undefined" />
	<Point X="154" Y="189" T="undefined" />
	<Point X="153" Y="190" T="undefined" />
	<Point X="153" Y="191" T="undefined" />
	<Point X="153" Y="191" T="undefined" />
	<Point X="154" Y="192" T="undefined" />
	<Point X="164" Y="195" T="undefined" />
	<Point X="171" Y="199" T="undefined" />
	<Point X="177" Y="202" T="undefined" />
	<Point X="191" Y="209" T="undefined" />
	<Point X="202" Y="214" T="undefined" />
	<Point X="213" Y="220" T="undefined" />
	<Point X="221" Y="224" T="undefined" />
	<Point X="236" Y="230" T="undefined" />
	<Point X="245" Y="236" T="undefined" />
	<Point X="252" Y="240" T="undefined" />
	<Point X="259" Y="245" T="undefined" />
	<Point X="262" Y="247" T="undefined" />
	<Point X="268" Y="251" T="undefined" />
	<Point X="272" Y="253" T="undefined" />
	<Point X="275" Y="255" T="undefined" />
	<Point X="277" Y="257" T="undefined" />
	<Point X="277" Y="258" T="undefined" />
	<Point X="277" Y="259" T="undefined" />
	<Point X="276" Y="259" T="undefined" />
	<Point X="274" Y="259" T="undefined" />
	<Point X="264" Y="260" T="undefined" />
	<Point X="254" Y="263" T="undefined" />
	<Point X="233" Y="268" T="undefined" />
	<Point X="223" Y="272" T="undefined" />
	<Point X="213" Y="280" T="undefined" />
	<Point X="209" Y="284" T="undefined" />
	<Point X="202" Y="290" T="undefined" />
	<Point X="198" Y="291" T="undefined" />
	<Point X="196" Y="293" T="undefined" />
	<Point X="192" Y="294" T="undefined" />
	<Point X="190" Y="295" T="undefined" />
	<Point X="187" Y="297" T="undefined" />
	<Point X="182" Y="300" T="undefined" />
	<Point X="178" Y="302" T="undefined" />
	<Point X="172" Y="305" T="undefined" />
	<Point X="169" Y="307" T="undefined" />
	<Point X="167" Y="307" T="undefined" />
	<Point X="166" Y="307" T="undefined" />
	<Point X="165" Y="307" T="undefined" />
	<Point X="165" Y="307" T="undefined" />
	<Point X="164" Y="307" T="undefined" />
	<Point X="164" Y="308" T="undefined" />
	<Point X="163" Y="309" T="undefined" />
	<Point X="162" Y="310" T="undefined" />
	<Point X="162" Y="310" T="undefined" />
	<Point X="161" Y="311" T="undefined" />
	<Point X="159" Y="314" T="undefined" />
	<Point X="158" Y="315" T="undefined" />
	<Point X="158" Y="316" T="undefined" />
	<Point X="158" Y="317" T="undefined" />
	<Point X="158" Y="317" T="undefined" />
	<Point X="158" Y="319" T="undefined" />
	<Point X="158" Y="319" T="undefined" />
	<Point X="161" Y="321" T="undefined" />
	<Point X="165" Y="324" T="undefined" />
	<Point X="171" Y="327" T="undefined" />
	<Point X="175" Y="329" T="undefined" />
	<Point X="185" Y="334" T="undefined" />
	<Point X="198" Y="342" T="undefined" />
	<Point X="213" Y="352" T="undefined" />
	<Point X="226" Y="363" T="undefined" />
	<Point X="232" Y="368" T="undefined" />
	<Point X="239" Y="373" T="undefined" />
	<Point X="243" Y="376" T="undefined" />
	<Point X="249" Y="379" T="undefined" />
	<Point X="253" Y="381" T="undefined" />
	<Point X="257" Y="386" T="undefined" />
	<Point X="260" Y="388" T="undefined" />
	<Point X="261" Y="389" T="undefined" />
	<Point X="261" Y="390" T="undefined" />
	<Point X="261" Y="389" T="undefined" />
	<Point X="253" Y="387" T="undefined" />
</Gesture>