<?xml version="1.0" encoding="utf-8" standalone="yes"?>
<Gesture Name="Zigzag8" NumPts="113">
	<Point X="201" Y="86" T="undefined" />
	<Point X="202" Y="86" T="undefined" />
	<Point X="204" Y="87" T="undefined" />
	<Point X="208" Y="89" T="undefined" />
	<Point X="214" Y="91" T="undefined" />
	<Point X="219" Y="92" T="undefined" />
	<Point X="227" Y="95" T="undefined" />
	<Point X="231" Y="96" T="undefined" />
	<Point X="236" Y="99" T="undefined" />
	<Point X="240" Y="101" T="undefined" />
	<Point X="244" Y="103" T="undefined" />
	<Point X="251" Y="107" T="undefined" />
	<Point X="255" Y="110" T="undefined" />
	<Point X="260" Y="114" T="undefined" />
	<Point X="267" Y="118" T="undefined" />
	<Point X="271" Y="121" T="undefined" />
	<Point X="275" Y="125" T="undefined" />
	<Point X="278" Y="127" T="undefined" />
	<Point X="282" Y="130" T="undefined" />
	<Point X="285" Y="133" T="undefined" />
	<Point X="287" Y="135" T="undefined" />
	<Point X="289" Y="136" T="undefined" />
	<Point X="290" Y="137" T="undefined" />
	<Point X="291" Y="139" T="undefined" />
	<Point X="291" Y="139" T="undefined" />
	<Point X="291" Y="140" T="undefined" />
	<Point X="291" Y="140" T="undefined" />
	<Point X="291" Y="141" T="undefined" />
	<Point X="290" Y="143" T="undefined" />
	<Point X="287" Y="145" T="undefined" />
	<Point X="282" Y="148" T="undefined" />
	<Point X="275" Y="153" T="undefined" />
	<Point X="264" Y="159" T="undefined" />
	<Point X="251" Y="167" T="undefined" />
	<Point X="246" Y="170" T="undefined" />
	<Point X="241" Y="173" T="undefined" />
	<Point X="235" Y="176" T="undefined" />
	<Point X="232" Y="178" T="undefined" />
	<Point X="227" Y="182" T="undefined" />
	<Point X="223" Y="185" T="undefined" />
	<Point X="219" Y="188" T="undefined" />
	<Point X="213" Y="192" T="undefined" />
	<Point X="211" Y="193" T="undefined" />
	<Point X="210" Y="194" T="undefined" />
	<Point X="208" Y="194" T="undefined" />
	<Point X="208" Y="195" T="undefined" />
	<Point X="208" Y="196" T="undefined" />
	<Point X="208" Y="196" T="undefined" />
	<Point X="208" Y="197" T="undefined" />
	<Point X="209" Y="197" T="undefined" />
	<Point X="210" Y="198" T="undefined" />
	<Point X="213" Y="199" T="undefined" />
	<Point X="215" Y="200" T="undefined" />
	<Point X="220" Y="204" T="undefined" />
	<Point X="224" Y="207" T="undefined" />
	<Point X="230" Y="211" T="undefined" />
	<Point X="237" Y="216" T="undefined" />
	<Point X="247" Y="223" T="undefined" />
	<Point X="253" Y="226" T="undefined" />
	<Point X="258" Y="228" T="undefined" />
	<Point X="265" Y="231" T="undefined" />
	<Point X="268" Y="233" T="undefined" />
	<Point X="272" Y="235" T="undefined" />
	<Point X="275" Y="238" T="undefined" />
	<Point X="278" Y="241" T="undefined" />
	<Point X="284" Y="247" T="undefined" />
	<Point X="288" Y="252" T="undefined" />
	<Point X="293" Y="256" T="undefined" />
	<Point X="295" Y="259" T="undefined" />
	<Point X="296" Y="261" T="undefined" />
	<Point X="297" Y="261" T="undefined" />
	<Point X="297" Y="262" T="undefined" />
	<Point X="297" Y="263" T="undefined" />
	<Point X="297" Y="263" T="undefined" />
	<Point X="297" Y="264" T="undefined" />
	<Point X="296" Y="266" T="undefined" />
	<Point X="294" Y="269" T="undefined" />
	<Point X="287" Y="275" T="undefined" />
	<Point X="277" Y="284" T="undefined" />
	<Point X="273" Y="287" T="undefined" />
	<Point X="267" Y="292" T="undefined" />
	<Point X="262" Y="295" T="undefined" />
	<Point X="255" Y="298" T="undefined" />
	<Point X="247" Y="301" T="undefined" />
	<Point X="241" Y="304" T="undefined" />
	<Point X="231" Y="308" T="undefined" />
	<Point X="223" Y="314" T="undefined" />
	<Point X="209" Y="324" T="undefined" />
	<Point X="202" Y="329" T="undefined" />
	<Point X="195" Y="335" T="undefined" />
	<Point X="193" Y="337" T="undefined" />
	<Point X="191" Y="339" T="undefined" />
	<Point X="190" Y="339" T="undefined" />
	<Point X="189" Y="340" T="undefined" />
	<Point X="188" Y="342" T="undefined" />
	<Point X="187" Y="342" T="undefined" />
	<Point X="187" Y="342" T="undefined" />
	<Point X="187" Y="342" T="undefined" />
	<Point X="189" Y="342" T="undefined" />
	<Point X="199" Y="343" T="undefined" />
	<Point X="208" Y="345" T="undefined" />
	<Point X="218" Y="347" T="undefined" />
	<Point X="232" Y="356" T="undefined" />
	<Point X="247" Y="363" T="undefined" />
	<Point X="262" Y="370" T="undefined" />
	<Point X="279" Y="380" T="undefined" />
	<Point X="292" Y="385" T="undefined" />
	<Point X="309" Y="393" T="undefined" />
	<Point X="316" Y="398" T="undefined" />
	<Point X="326" Y="407" T="undefined" />
	<Point X="333" Y="412" T="undefined" />
	<Point X="338" Y="415" T="undefined" />
	<Point X="343" Y="417" T="undefined" />
</Gesture>