<?xml version="1.0" encoding="utf-8" standalone="yes"?>
<Gesture Name="Zigzag3" NumPts="142">
	<Point X="150" Y="94" T="undefined" />
	<Point X="150" Y="94" T="undefined" />
	<Point X="151" Y="95" T="undefined" />
	<Point X="152" Y="95" T="undefined" />
	<Point X="155" Y="97" T="undefined" />
	<Point X="157" Y="97" T="undefined" />
	<Point X="161" Y="98" T="undefined" />
	<Point X="162" Y="99" T="undefined" />
	<Point X="164" Y="99" T="undefined" />
	<Point X="169" Y="101" T="undefined" />
	<Point X="173" Y="101" T="undefined" />
	<Point X="181" Y="103" T="undefined" />
	<Point X="185" Y="105" T="undefined" />
	<Point X="190" Y="109" T="undefined" />
	<Point X="192" Y="111" T="undefined" />
	<Point X="195" Y="113" T="undefined" />
	<Point X="196" Y="114" T="undefined" />
	<Point X="198" Y="116" T="undefined" />
	<Point X="200" Y="117" T="undefined" />
	<Point X="202" Y="119" T="undefined" />
	<Point X="205" Y="122" T="undefined" />
	<Point X="207" Y="123" T="undefined" />
	<Point X="210" Y="126" T="undefined" />
	<Point X="213" Y="128" T="undefined" />
	<Point X="214" Y="129" T="undefined" />
	<Point X="216" Y="131" T="undefined" />
	<Point X="219" Y="133" T="undefined" />
	<Point X="221" Y="135" T="undefined" />
	<Point X="224" Y="137" T="undefined" />
	<Point X="227" Y="138" T="undefined" />
	<Point X="231" Y="140" T="undefined" />
	<Point X="232" Y="141" T="undefined" />
	<Point X="234" Y="142" T="undefined" />
	<Point X="236" Y="143" T="undefined" />
	<Point X="237" Y="144" T="undefined" />
	<Point X="239" Y="145" T="undefined" />
	<Point X="240" Y="146" T="undefined" />
	<Point X="241" Y="147" T="undefined" />
	<Point X="241" Y="149" T="undefined" />
	<Point X="241" Y="149" T="undefined" />
	<Point X="241" Y="150" T="undefined" />
	<Point X="241" Y="151" T="undefined" />
	<Point X="235" Y="155" T="undefined" />
	<Point X="228" Y="160" T="undefined" />
	<Point X="217" Y="169" T="undefined" />
	<Point X="212" Y="173" T="undefined" />
	<Point X="204" Y="178" T="undefined" />
	<Point X="200" Y="180" T="undefined" />
	<Point X="196" Y="183" T="undefined" />
	<Point X="191" Y="186" T="undefined" />
	<Point X="188" Y="189" T="undefined" />
	<Point X="185" Y="192" T="undefined" />
	<Point X="181" Y="195" T="undefined" />
	<Point X="177" Y="198" T="undefined" />
	<Point X="174" Y="200" T="undefined" />
	<Point X="172" Y="201" T="undefined" />
	<Point X="169" Y="203" T="undefined" />
	<Point X="166" Y="204" T="undefined" />
	<Point X="165" Y="206" T="undefined" />
	<Point X="165" Y="206" T="undefined" />
	<Point X="164" Y="206" T="undefined" />
	<Point X="165" Y="206" T="undefined" />
	<Point X="166" Y="206" T="undefined" />
	<Point X="170" Y="206" T="undefined" />
	<Point X="176" Y="207" T="undefined" />
	<Point X="184" Y="210" T="undefined" />
	<Point X="188" Y="212" T="undefined" />
	<Point X="197" Y="219" T="undefined" />
	<Point X="205" Y="226" T="undefined" />
	<Point X="215" Y="240" T="undefined" />
	<Point X="222" Y="247" T="undefined" />
	<Point X="229" Y="254" T="undefined" />
	<Point X="242" Y="262" T="undefined" />
	<Point X="247" Y="265" T="undefined" />
	<Point X="254" Y="269" T="undefined" />
	<Point X="259" Y="272" T="undefined" />
	<Point X="264" Y="275" T="undefined" />
	<Point X="271" Y="281" T="undefined" />
	<Point X="274" Y="284" T="undefined" />
	<Point X="276" Y="287" T="undefined" />
	<Point X="278" Y="289" T="undefined" />
	<Point X="278" Y="289" T="undefined" />
	<Point X="278" Y="290" T="undefined" />
	<Point X="277" Y="290" T="undefined" />
	<Point X="275" Y="290" T="undefined" />
	<Point X="269" Y="291" T="undefined" />
	<Point X="262" Y="291" T="undefined" />
	<Point X="254" Y="292" T="undefined" />
	<Point X="250" Y="292" T="undefined" />
	<Point X="241" Y="295" T="undefined" />
	<Point X="234" Y="297" T="undefined" />
	<Point X="224" Y="302" T="undefined" />
	<Point X="220" Y="305" T="undefined" />
	<Point X="215" Y="308" T="undefined" />
	<Point X="208" Y="309" T="undefined" />
	<Point X="202" Y="311" T="undefined" />
	<Point X="200" Y="312" T="undefined" />
	<Point X="196" Y="312" T="undefined" />
	<Point X="191" Y="313" T="undefined" />
	<Point X="188" Y="314" T="undefined" />
	<Point X="184" Y="315" T="undefined" />
	<Point X="180" Y="316" T="undefined" />
	<Point X="176" Y="317" T="undefined" />
	<Point X="172" Y="318" T="undefined" />
	<Point X="169" Y="319" T="undefined" />
	<Point X="167" Y="321" T="undefined" />
	<Point X="165" Y="322" T="undefined" />
	<Point X="165" Y="322" T="undefined" />
	<Point X="163" Y="324" T="undefined" />
	<Point X="163" Y="324" T="undefined" />
	<Point X="162" Y="324" T="undefined" />
	<Point X="162" Y="325" T="undefined" />
	<Point X="161" Y="325" T="undefined" />
	<Point X="161" Y="325" T="undefined" />
	<Point X="161" Y="326" T="undefined" />
	<Point X="160" Y="326" T="undefined" />
	<Point X="161" Y="326" T="undefined" />
	<Point X="162" Y="326" T="undefined" />
	<Point X="167" Y="326" T="undefined" />
	<Point X="170" Y="328" T="undefined" />
	<Point X="175" Y="329" T="undefined" />
	<Point X="185" Y="331" T="undefined" />
	<Point X="193" Y="333" T="undefined" />
	<Point X="205" Y="338" T="undefined" />
	<Point X="214" Y="343" T="undefined" />
	<Point X="223" Y="347" T="undefined" />
	<Point X="227" Y="350" T="undefined" />
	<Point X="236" Y="355" T="undefined" />
	<Point X="241" Y="358" T="undefined" />
	<Point X="247" Y="361" T="undefined" />
	<Point X="253" Y="365" T="undefined" />
	<Point X="257" Y="368" T="undefined" />
	<Point X="262" Y="373" T="undefined" />
	<Point X="268" Y="376" T="undefined" />
	<Point X="276" Y="380" T="undefined" />
	<Point X="282" Y="384" T="undefined" />
	<Point X="289" Y="387" T="undefined" />
	<Point X="295" Y="390" T="undefined" />
	<Point X="296" Y="390" T="undefined" />
	<Point X="296" Y="391" T="undefined" />
	<Point X="292" Y="388" T="undefined" />
	<Point X="290" Y="388" T="undefined" />
</Gesture>