<?xml version="1.0" encoding="utf-8" standalone="yes"?>
<Gesture Name="Zigzag6" NumPts="96">
	<Point X="203" Y="105" T="undefined" />
	<Point X="204" Y="106" T="undefined" />
	<Point X="207" Y="109" T="undefined" />
	<Point X="210" Y="113" T="undefined" />
	<Point X="214" Y="118" T="undefined" />
	<Point X="220" Y="124" T="undefined" />
	<Point X="225" Y="128" T="undefined" />
	<Point X="229" Y="132" T="undefined" />
	<Point X="233" Y="136" T="undefined" />
	<Point X="236" Y="139" T="undefined" />
	<Point X="240" Y="143" T="undefined" />
	<Point X="243" Y="145" T="undefined" />
	<Point X="247" Y="148" T="undefined" />
	<Point X="250" Y="150" T="undefined" />
	<Point X="252" Y="153" T="undefined" />
	<Point X="255" Y="155" T="undefined" />
	<Point X="261" Y="160" T="undefined" />
	<Point X="265" Y="165" T="undefined" />
	<Point X="268" Y="169" T="undefined" />
	<Point X="272" Y="175" T="undefined" />
	<Point X="275" Y="178" T="undefined" />
	<Point X="276" Y="179" T="undefined" />
	<Point X="276" Y="181" T="undefined" />
	<Point X="276" Y="181" T="undefined" />
	<Point X="275" Y="182" T="undefined" />
	<Point X="272" Y="183" T="undefined" />
	<Point X="267" Y="185" T="undefined" />
	<Point X="253" Y="191" T="undefined" />
	<Point X="244" Y="195" T="undefined" />
	<Point X="230" Y="205" T="undefined" />
	<Point X="214" Y="218" T="undefined" />
	<Point X="206" Y="226" T="undefined" />
	<Point X="202" Y="230" T="undefined" />
	<Point X="196" Y="235" T="undefined" />
	<Point X="192" Y="237" T="undefined" />
	<Point X="190" Y="238" T="undefined" />
	<Point X="189" Y="239" T="undefined" />
	<Point X="189" Y="240" T="undefined" />
	<Point X="188" Y="240" T="undefined" />
	<Point X="188" Y="240" T="undefined" />
	<Point X="190" Y="242" T="undefined" />
	<Point X="197" Y="245" T="undefined" />
	<Point X="208" Y="251" T="undefined" />
	<Point X="218" Y="258" T="undefined" />
	<Point X="230" Y="267" T="undefined" />
	<Point X="237" Y="271" T="undefined" />
	<Point X="244" Y="275" T="undefined" />
	<Point X="252" Y="281" T="undefined" />
	<Point X="261" Y="288" T="undefined" />
	<Point X="270" Y="296" T="undefined" />
	<Point X="277" Y="301" T="undefined" />
	<Point X="283" Y="306" T="undefined" />
	<Point X="291" Y="312" T="undefined" />
	<Point X="293" Y="314" T="undefined" />
	<Point X="294" Y="315" T="undefined" />
	<Point X="294" Y="316" T="undefined" />
	<Point X="294" Y="317" T="undefined" />
	<Point X="294" Y="317" T="undefined" />
	<Point X="289" Y="319" T="undefined" />
	<Point X="275" Y="321" T="undefined" />
	<Point X="266" Y="325" T="undefined" />
	<Point X="245" Y="334" T="undefined" />
	<Point X="232" Y="342" T="undefined" />
	<Point X="215" Y="356" T="undefined" />
	<Point X="204" Y="364" T="undefined" />
	<Point X="194" Y="374" T="undefined" />
	<Point X="182" Y="385" T="undefined" />
	<Point X="176" Y="390" T="undefined" />
	<Point X="169" Y="395" T="undefined" />
	<Point X="164" Y="395" T="undefined" />
	<Point X="159" Y="397" T="undefined" />
	<Point X="156" Y="398" T="undefined" />
	<Point X="155" Y="398" T="undefined" />
	<Point X="153" Y="398" T="undefined" />
	<Point X="153" Y="398" T="undefined" />
	<Point X="153" Y="398" T="undefined" />
	<Point X="155" Y="398" T="undefined" />
	<Point X="162" Y="398" T="undefined" />
	<Point X="170" Y="398" T="undefined" />
	<Point X="185" Y="399" T="undefined" />
	<Point X="199" Y="401" T="undefined" />
	<Point X="214" Y="404" T="undefined" />
	<Point X="238" Y="410" T="undefined" />
	<Point X="255" Y="417" T="undefined" />
	<Point X="277" Y="425" T="undefined" />
	<Point X="290" Y="431" T="undefined" />
	<Point X="307" Y="439" T="undefined" />
	<Point X="316" Y="443" T="undefined" />
	<Point X="325" Y="445" T="undefined" />
	<Point X="332" Y="448" T="undefined" />
	<Point X="336" Y="449" T="undefined" />
	<Point X="341" Y="450" T="undefined" />
	<Point X="342" Y="450" T="undefined" />
	<Point X="341" Y="450" T="undefined" />
	<Point X="340" Y="450" T="undefined" />
	<Point X="340" Y="450" T="undefined" />
</Gesture>