<?xml version="1.0" encoding="utf-8" standalone="yes"?>
<Gesture Name="Zigzag2" NumPts="105">
	<Point X="128" Y="91" T="undefined" />
	<Point X="130" Y="91" T="undefined" />
	<Point X="137" Y="94" T="undefined" />
	<Point X="141" Y="97" T="undefined" />
	<Point X="151" Y="105" T="undefined" />
	<Point X="161" Y="112" T="undefined" />
	<Point X="169" Y="116" T="undefined" />
	<Point X="184" Y="124" T="undefined" />
	<Point X="189" Y="127" T="undefined" />
	<Point X="195" Y="130" T="undefined" />
	<Point X="201" Y="133" T="undefined" />
	<Point X="206" Y="136" T="undefined" />
	<Point X="213" Y="142" T="undefined" />
	<Point X="217" Y="147" T="undefined" />
	<Point X="222" Y="151" T="undefined" />
	<Point X="225" Y="153" T="undefined" />
	<Point X="226" Y="153" T="undefined" />
	<Point X="228" Y="155" T="undefined" />
	<Point X="229" Y="155" T="undefined" />
	<Point X="229" Y="155" T="undefined" />
	<Point X="229" Y="156" T="undefined" />
	<Point X="227" Y="157" T="undefined" />
	<Point X="225" Y="158" T="undefined" />
	<Point X="219" Y="161" T="undefined" />
	<Point X="196" Y="168" T="undefined" />
	<Point X="185" Y="172" T="undefined" />
	<Point X="177" Y="175" T="undefined" />
	<Point X="166" Y="181" T="undefined" />
	<Point X="161" Y="185" T="undefined" />
	<Point X="155" Y="191" T="undefined" />
	<Point X="150" Y="196" T="undefined" />
	<Point X="148" Y="199" T="undefined" />
	<Point X="142" Y="202" T="undefined" />
	<Point X="139" Y="205" T="undefined" />
	<Point X="133" Y="210" T="undefined" />
	<Point X="130" Y="213" T="undefined" />
	<Point X="127" Y="217" T="undefined" />
	<Point X="126" Y="218" T="undefined" />
	<Point X="126" Y="218" T="undefined" />
	<Point X="126" Y="219" T="undefined" />
	<Point X="126" Y="219" T="undefined" />
	<Point X="126" Y="220" T="undefined" />
	<Point X="131" Y="222" T="undefined" />
	<Point X="142" Y="227" T="undefined" />
	<Point X="154" Y="230" T="undefined" />
	<Point X="173" Y="234" T="undefined" />
	<Point X="185" Y="237" T="undefined" />
	<Point X="205" Y="244" T="undefined" />
	<Point X="218" Y="250" T="undefined" />
	<Point X="228" Y="256" T="undefined" />
	<Point X="239" Y="265" T="undefined" />
	<Point X="248" Y="270" T="undefined" />
	<Point X="260" Y="275" T="undefined" />
	<Point X="265" Y="278" T="undefined" />
	<Point X="270" Y="280" T="undefined" />
	<Point X="275" Y="283" T="undefined" />
	<Point X="277" Y="283" T="undefined" />
	<Point X="279" Y="285" T="undefined" />
	<Point X="280" Y="285" T="undefined" />
	<Point X="280" Y="285" T="undefined" />
	<Point X="280" Y="286" T="undefined" />
	<Point X="279" Y="286" T="undefined" />
	<Point X="278" Y="287" T="undefined" />
	<Point X="271" Y="291" T="undefined" />
	<Point X="262" Y="294" T="undefined" />
	<Point X="250" Y="300" T="undefined" />
	<Point X="237" Y="308" T="undefined" />
	<Point X="233" Y="311" T="undefined" />
	<Point X="225" Y="314" T="undefined" />
	<Point X="218" Y="315" T="undefined" />
	<Point X="211" Y="317" T="undefined" />
	<Point X="203" Y="318" T="undefined" />
	<Point X="195" Y="320" T="undefined" />
	<Point X="178" Y="325" T="undefined" />
	<Point X="165" Y="329" T="undefined" />
	<Point X="156" Y="331" T="undefined" />
	<Point X="146" Y="335" T="undefined" />
	<Point X="139" Y="335" T="undefined" />
	<Point X="132" Y="337" T="undefined" />
	<Point X="128" Y="338" T="undefined" />
	<Point X="125" Y="339" T="undefined" />
	<Point X="123" Y="341" T="undefined" />
	<Point X="121" Y="342" T="undefined" />
	<Point X="120" Y="344" T="undefined" />
	<Point X="119" Y="345" T="undefined" />
	<Point X="118" Y="346" T="undefined" />
	<Point X="117" Y="346" T="undefined" />
	<Point X="116" Y="347" T="undefined" />
	<Point X="116" Y="348" T="undefined" />
	<Point X="116" Y="348" T="undefined" />
	<Point X="116" Y="348" T="undefined" />
	<Point X="126" Y="351" T="undefined" />
	<Point X="141" Y="355" T="undefined" />
	<Point X="152" Y="359" T="undefined" />
	<Point X="169" Y="365" T="undefined" />
	<Point X="184" Y="371" T="undefined" />
	<Point X="201" Y="378" T="undefined" />
	<Point X="213" Y="383" T="undefined" />
	<Point X="235" Y="392" T="undefined" />
	<Point X="247" Y="396" T="undefined" />
	<Point X="254" Y="399" T="undefined" />
	<Point X="265" Y="404" T="undefined" />
	<Point X="270" Y="406" T="undefined" />
	<Point X="274" Y="409" T="undefined" />
	<Point X="276" Y="410" T="undefined" />
</Gesture>