<?xml version="1.0" encoding="utf-8" standalone="yes"?>
<Gesture Name="Zigzag4" NumPts="93">
	<Point X="167" Y="99" T="undefined" />
	<Point X="169" Y="102" T="undefined" />
	<Point X="171" Y="104" T="undefined" />
	<Point X="178" Y="111" T="undefined" />
	<Point X="185" Y="118" T="undefined" />
	<Point X="202" Y="135" T="undefined" />
	<Point X="208" Y="140" T="undefined" />
	<Point X="217" Y="147" T="undefined" />
	<Point X="221" Y="150" T="undefined" />
	<Point X="228" Y="155" T="undefined" />
	<Point X="233" Y="157" T="undefined" />
	<Point X="241" Y="164" T="undefined" />
	<Point X="247" Y="170" T="undefined" />
	<Point X="248" Y="172" T="undefined" />
	<Point X="248" Y="174" T="undefined" />
	<Point X="248" Y="174" T="undefined" />
	<Point X="248" Y="175" T="undefined" />
	<Point X="248" Y="175" T="undefined" />
	<Point X="245" Y="175" T="undefined" />
	<Point X="235" Y="176" T="undefined" />
	<Point X="226" Y="178" T="undefined" />
	<Point X="214" Y="185" T="undefined" />
	<Point X="199" Y="192" T="undefined" />
	<Point X="188" Y="198" T="undefined" />
	<Point X="172" Y="209" T="undefined" />
	<Point X="160" Y="217" T="undefined" />
	<Point X="155" Y="221" T="undefined" />
	<Point X="153" Y="223" T="undefined" />
	<Point X="152" Y="224" T="undefined" />
	<Point X="151" Y="224" T="undefined" />
	<Point X="151" Y="224" T="undefined" />
	<Point X="151" Y="225" T="undefined" />
	<Point X="151" Y="225" T="undefined" />
	<Point X="151" Y="227" T="undefined" />
	<Point X="152" Y="228" T="undefined" />
	<Point X="155" Y="230" T="undefined" />
	<Point X="164" Y="233" T="undefined" />
	<Point X="169" Y="233" T="undefined" />
	<Point X="181" Y="235" T="undefined" />
	<Point X="190" Y="238" T="undefined" />
	<Point X="204" Y="246" T="undefined" />
	<Point X="211" Y="253" T="undefined" />
	<Point X="221" Y="259" T="undefined" />
	<Point X="231" Y="266" T="undefined" />
	<Point X="239" Y="270" T="undefined" />
	<Point X="246" Y="274" T="undefined" />
	<Point X="250" Y="276" T="undefined" />
	<Point X="251" Y="276" T="undefined" />
	<Point X="251" Y="277" T="undefined" />
	<Point X="251" Y="277" T="undefined" />
	<Point X="251" Y="278" T="undefined" />
	<Point X="251" Y="278" T="undefined" />
	<Point X="251" Y="279" T="undefined" />
	<Point X="251" Y="281" T="undefined" />
	<Point X="249" Y="283" T="undefined" />
	<Point X="247" Y="285" T="undefined" />
	<Point X="244" Y="287" T="undefined" />
	<Point X="234" Y="293" T="undefined" />
	<Point X="223" Y="298" T="undefined" />
	<Point X="211" Y="305" T="undefined" />
	<Point X="202" Y="310" T="undefined" />
	<Point X="185" Y="319" T="undefined" />
	<Point X="176" Y="325" T="undefined" />
	<Point X="169" Y="330" T="undefined" />
	<Point X="157" Y="338" T="undefined" />
	<Point X="153" Y="340" T="undefined" />
	<Point X="151" Y="341" T="undefined" />
	<Point X="149" Y="343" T="undefined" />
	<Point X="148" Y="344" T="undefined" />
	<Point X="147" Y="344" T="undefined" />
	<Point X="146" Y="345" T="undefined" />
	<Point X="145" Y="346" T="undefined" />
	<Point X="143" Y="347" T="undefined" />
	<Point X="141" Y="349" T="undefined" />
	<Point X="141" Y="350" T="undefined" />
	<Point X="140" Y="350" T="undefined" />
	<Point X="140" Y="350" T="undefined" />
	<Point X="141" Y="350" T="undefined" />
	<Point X="142" Y="350" T="undefined" />
	<Point X="148" Y="349" T="undefined" />
	<Point X="157" Y="349" T="undefined" />
	<Point X="176" Y="350" T="undefined" />
	<Point X="191" Y="354" T="undefined" />
	<Point X="215" Y="360" T="undefined" />
	<Point X="235" Y="367" T="undefined" />
	<Point X="263" Y="380" T="undefined" />
	<Point X="276" Y="386" T="undefined" />
	<Point X="291" Y="392" T="undefined" />
	<Point X="305" Y="398" T="undefined" />
	<Point X="310" Y="399" T="undefined" />
	<Point X="315" Y="400" T="undefined" />
	<Point X="319" Y="401" T="undefined" />
	<Point X="321" Y="402" T="undefined" />
</Gesture>