<?xml version="1.0" encoding="utf-8" standalone="yes"?>
<Gesture Name="Zigzag7" NumPts="106">
	<Point X="218" Y="77" T="undefined" />
	<Point X="219" Y="77" T="undefined" />
	<Point X="220" Y="79" T="undefined" />
	<Point X="222" Y="80" T="undefined" />
	<Point X="229" Y="83" T="undefined" />
	<Point X="234" Y="86" T="undefined" />
	<Point X="240" Y="91" T="undefined" />
	<Point X="243" Y="94" T="undefined" />
	<Point X="246" Y="98" T="undefined" />
	<Point X="249" Y="101" T="undefined" />
	<Point X="252" Y="104" T="undefined" />
	<Point X="258" Y="108" T="undefined" />
	<Point X="263" Y="111" T="undefined" />
	<Point X="268" Y="115" T="undefined" />
	<Point X="272" Y="118" T="undefined" />
	<Point X="275" Y="121" T="undefined" />
	<Point X="278" Y="124" T="undefined" />
	<Point X="280" Y="126" T="undefined" />
	<Point X="282" Y="127" T="undefined" />
	<Point X="283" Y="128" T="undefined" />
	<Point X="284" Y="129" T="undefined" />
	<Point X="285" Y="130" T="undefined" />
	<Point X="285" Y="131" T="undefined" />
	<Point X="286" Y="135" T="undefined" />
	<Point X="287" Y="138" T="undefined" />
	<Point X="287" Y="142" T="undefined" />
	<Point X="287" Y="144" T="undefined" />
	<Point X="287" Y="146" T="undefined" />
	<Point X="286" Y="148" T="undefined" />
	<Point X="286" Y="148" T="undefined" />
	<Point X="279" Y="152" T="undefined" />
	<Point X="271" Y="157" T="undefined" />
	<Point X="259" Y="166" T="undefined" />
	<Point X="252" Y="172" T="undefined" />
	<Point X="246" Y="179" T="undefined" />
	<Point X="239" Y="187" T="undefined" />
	<Point X="235" Y="191" T="undefined" />
	<Point X="227" Y="196" T="undefined" />
	<Point X="222" Y="200" T="undefined" />
	<Point X="218" Y="204" T="undefined" />
	<Point X="213" Y="208" T="undefined" />
	<Point X="211" Y="212" T="undefined" />
	<Point X="209" Y="214" T="undefined" />
	<Point X="208" Y="214" T="undefined" />
	<Point X="207" Y="216" T="undefined" />
	<Point X="207" Y="216" T="undefined" />
	<Point X="207" Y="217" T="undefined" />
	<Point X="207" Y="217" T="undefined" />
	<Point X="215" Y="218" T="undefined" />
	<Point X="220" Y="220" T="undefined" />
	<Point X="228" Y="221" T="undefined" />
	<Point X="233" Y="223" T="undefined" />
	<Point X="238" Y="224" T="undefined" />
	<Point X="246" Y="228" T="undefined" />
	<Point X="256" Y="233" T="undefined" />
	<Point X="262" Y="236" T="undefined" />
	<Point X="268" Y="239" T="undefined" />
	<Point X="275" Y="244" T="undefined" />
	<Point X="281" Y="249" T="undefined" />
	<Point X="288" Y="254" T="undefined" />
	<Point X="296" Y="261" T="undefined" />
	<Point X="300" Y="263" T="undefined" />
	<Point X="303" Y="265" T="undefined" />
	<Point X="304" Y="266" T="undefined" />
	<Point X="304" Y="266" T="undefined" />
	<Point X="305" Y="267" T="undefined" />
	<Point X="305" Y="268" T="undefined" />
	<Point X="306" Y="271" T="undefined" />
	<Point X="306" Y="275" T="undefined" />
	<Point X="302" Y="281" T="undefined" />
	<Point X="294" Y="286" T="undefined" />
	<Point X="279" Y="292" T="undefined" />
	<Point X="270" Y="294" T="undefined" />
	<Point X="259" Y="296" T="undefined" />
	<Point X="246" Y="300" T="undefined" />
	<Point X="240" Y="301" T="undefined" />
	<Point X="233" Y="306" T="undefined" />
	<Point X="227" Y="309" T="undefined" />
	<Point X="219" Y="315" T="undefined" />
	<Point X="215" Y="319" T="undefined" />
	<Point X="210" Y="322" T="undefined" />
	<Point X="204" Y="325" T="undefined" />
	<Point X="203" Y="326" T="undefined" />
	<Point X="202" Y="327" T="undefined" />
	<Point X="201" Y="327" T="undefined" />
	<Point X="201" Y="328" T="undefined" />
	<Point X="200" Y="328" T="undefined" />
	<Point X="200" Y="329" T="undefined" />
	<Point X="200" Y="329" T="undefined" />
	<Point X="201" Y="330" T="undefined" />
	<Point X="206" Y="333" T="undefined" />
	<Point X="211" Y="335" T="undefined" />
	<Point X="221" Y="338" T="undefined" />
	<Point X="233" Y="342" T="undefined" />
	<Point X="239" Y="347" T="undefined" />
	<Point X="257" Y="358" T="undefined" />
	<Point X="272" Y="367" T="undefined" />
	<Point X="291" Y="377" T="undefined" />
	<Point X="304" Y="382" T="undefined" />
	<Point X="314" Y="385" T="undefined" />
	<Point X="320" Y="387" T="undefined" />
	<Point X="322" Y="387" T="undefined" />
	<Point X="324" Y="388" T="undefined" />
	<Point X="325" Y="389" T="undefined" />
	<Point X="326" Y="390" T="undefined" />
	<Point X="327" Y="390" T="undefined" />
</Gesture>