<?xml version="1.0" encoding="utf-8" standalone="yes"?>
<Gesture Name="Zigzag0" NumPts="222">
	<Point X="152" Y="114" T="undefined" />
	<Point X="153" Y="114" T="undefined" />
	<Point X="153" Y="114" T="undefined" />
	<Point X="154" Y="114" T="undefined" />
	<Point X="155" Y="114" T="undefined" />
	<Point X="156" Y="115" T="undefined" />
	<Point X="156" Y="116" T="undefined" />
	<Point X="157" Y="116" T="undefined" />
	<Point X="158" Y="117" T="undefined" />
	<Point X="158" Y="118" T="undefined" />
	<Point X="160" Y="118" T="undefined" />
	<Point X="161" Y="118" T="undefined" />
	<Point X="163" Y="119" T="undefined" />
	<Point X="164" Y="120" T="undefined" />
	<Point X="164" Y="120" T="undefined" />
	<Point X="166" Y="121" T="undefined" />
	<Point X="167" Y="122" T="undefined" />
	<Point X="169" Y="123" T="undefined" />
	<Point X="171" Y="124" T="undefined" />
	<Point X="174" Y="125" T="undefined" />
	<Point X="177" Y="126" T="undefined" />
	<Point X="180" Y="127" T="undefined" />
	<Point X="184" Y="127" T="undefined" />
	<Point X="185" Y="128" T="undefined" />
	<Point X="188" Y="128" T="undefined" />
	<Point X="190" Y="129" T="undefined" />
	<Point X="190" Y="129" T="undefined" />
	<Point X="192" Y="130" T="undefined" />
	<Point X="193" Y="130" T="undefined" />
	<Point X="195" Y="131" T="undefined" />
	<Point X="197" Y="132" T="undefined" />
	<Point X="199" Y="133" T="undefined" />
	<Point X="201" Y="133" T="undefined" />
	<Point X="205" Y="135" T="undefined" />
	<Point X="208" Y="135" T="undefined" />
	<Point X="211" Y="137" T="undefined" />
	<Point X="215" Y="138" T="undefined" />
	<Point X="217" Y="139" T="undefined" />
	<Point X="220" Y="139" T="undefined" />
	<Point X="224" Y="141" T="undefined" />
	<Point X="227" Y="142" T="undefined" />
	<Point X="231" Y="144" T="undefined" />
	<Point X="233" Y="144" T="undefined" />
	<Point X="237" Y="146" T="undefined" />
	<Point X="240" Y="146" T="undefined" />
	<Point X="243" Y="147" T="undefined" />
	<Point X="247" Y="149" T="undefined" />
	<Point X="249" Y="150" T="undefined" />
	<Point X="252" Y="151" T="undefined" />
	<Point X="253" Y="152" T="undefined" />
	<Point X="253" Y="153" T="undefined" />
	<Point X="255" Y="153" T="undefined" />
	<Point X="256" Y="154" T="undefined" />
	<Point X="258" Y="155" T="undefined" />
	<Point X="259" Y="156" T="undefined" />
	<Point X="259" Y="157" T="undefined" />
	<Point X="259" Y="157" T="undefined" />
	<Point X="259" Y="158" T="undefined" />
	<Point X="257" Y="158" T="undefined" />
	<Point X="254" Y="159" T="undefined" />
	<Point X="247" Y="161" T="undefined" />
	<Point X="239" Y="163" T="undefined" />
	<Point X="234" Y="164" T="undefined" />
	<Point X="227" Y="165" T="undefined" />
	<Point X="223" Y="167" T="undefined" />
	<Point X="218" Y="169" T="undefined" />
	<Point X="215" Y="172" T="undefined" />
	<Point X="213" Y="174" T="undefined" />
	<Point X="208" Y="177" T="undefined" />
	<Point X="207" Y="180" T="undefined" />
	<Point X="204" Y="183" T="undefined" />
	<Point X="201" Y="185" T="undefined" />
	<Point X="198" Y="188" T="undefined" />
	<Point X="195" Y="190" T="undefined" />
	<Point X="193" Y="191" T="undefined" />
	<Point X="189" Y="194" T="undefined" />
	<Point X="188" Y="195" T="undefined" />
	<Point X="186" Y="196" T="undefined" />
	<Point X="184" Y="196" T="undefined" />
	<Point X="181" Y="198" T="undefined" />
	<Point X="179" Y="199" T="undefined" />
	<Point X="178" Y="199" T="undefined" />
	<Point X="176" Y="200" T="undefined" />
	<Point X="175" Y="200" T="undefined" />
	<Point X="174" Y="201" T="undefined" />
	<Point X="173" Y="201" T="undefined" />
	<Point X="173" Y="201" T="undefined" />
	<Point X="172" Y="201" T="undefined" />
	<Point X="172" Y="201" T="undefined" />
	<Point X="171" Y="202" T="undefined" />
	<Point X="171" Y="202" T="undefined" />
	<Point X="169" Y="203" T="undefined" />
	<Point X="168" Y="203" T="undefined" />
	<Point X="166" Y="204" T="undefined" />
	<Point X="163" Y="205" T="undefined" />
	<Point X="162" Y="205" T="undefined" />
	<Point X="162" Y="205" T="undefined" />
	<Point X="161" Y="205" T="undefined" />
	<Point X="161" Y="205" T="undefined" />
	<Point X="162" Y="205" T="undefined" />
	<Point X="163" Y="205" T="undefined" />
	<Point X="164" Y="205" T="undefined" />
	<Point X="170" Y="205" T="undefined" />
	<Point X="174" Y="205" T="undefined" />
	<Point X="178" Y="205" T="undefined" />
	<Point X="185" Y="205" T="undefined" />
	<Point X="189" Y="205" T="undefined" />
	<Point X="195" Y="204" T="undefined" />
	<Point X="199" Y="204" T="undefined" />
	<Point X="203" Y="204" T="undefined" />
	<Point X="208" Y="205" T="undefined" />
	<Point X="212" Y="206" T="undefined" />
	<Point X="217" Y="209" T="undefined" />
	<Point X="221" Y="212" T="undefined" />
	<Point X="226" Y="214" T="undefined" />
	<Point X="229" Y="216" T="undefined" />
	<Point X="231" Y="218" T="undefined" />
	<Point X="232" Y="219" T="undefined" />
	<Point X="234" Y="222" T="undefined" />
	<Point X="238" Y="225" T="undefined" />
	<Point X="240" Y="226" T="undefined" />
	<Point X="244" Y="228" T="undefined" />
	<Point X="246" Y="229" T="undefined" />
	<Point X="247" Y="229" T="undefined" />
	<Point X="251" Y="229" T="undefined" />
	<Point X="254" Y="229" T="undefined" />
	<Point X="258" Y="229" T="undefined" />
	<Point X="260" Y="230" T="undefined" />
	<Point X="263" Y="230" T="undefined" />
	<Point X="265" Y="231" T="undefined" />
	<Point X="266" Y="231" T="undefined" />
	<Point X="268" Y="232" T="undefined" />
	<Point X="269" Y="233" T="undefined" />
	<Point X="270" Y="234" T="undefined" />
	<Point X="271" Y="235" T="undefined" />
	<Point X="272" Y="236" T="undefined" />
	<Point X="273" Y="237" T="undefined" />
	<Point X="274" Y="238" T="undefined" />
	<Point X="275" Y="239" T="undefined" />
	<Point X="276" Y="240" T="undefined" />
	<Point X="276" Y="240" T="undefined" />
	<Point X="276" Y="241" T="undefined" />
	<Point X="275" Y="241" T="undefined" />
	<Point X="275" Y="242" T="undefined" />
	<Point X="271" Y="243" T="undefined" />
	<Point X="267" Y="244" T="undefined" />
	<Point X="259" Y="246" T="undefined" />
	<Point X="254" Y="247" T="undefined" />
	<Point X="249" Y="248" T="undefined" />
	<Point X="242" Y="249" T="undefined" />
	<Point X="238" Y="251" T="undefined" />
	<Point X="233" Y="252" T="undefined" />
	<Point X="230" Y="253" T="undefined" />
	<Point X="224" Y="255" T="undefined" />
	<Point X="220" Y="257" T="undefined" />
	<Point X="218" Y="257" T="undefined" />
	<Point X="214" Y="259" T="undefined" />
	<Point X="211" Y="261" T="undefined" />
	<Point X="208" Y="262" T="undefined" />
	<Point X="207" Y="263" T="undefined" />
	<Point X="202" Y="267" T="undefined" />
	<Point X="196" Y="270" T="undefined" />
	<Point X="191" Y="274" T="undefined" />
	<Point X="185" Y="278" T="undefined" />
	<Point X="181" Y="280" T="undefined" />
	<Point X="178" Y="282" T="undefined" />
	<Point X="175" Y="284" T="undefined" />
	<Point X="173" Y="284" T="undefined" />
	<Point X="169" Y="285" T="undefined" />
	<Point X="168" Y="286" T="undefined" />
	<Point X="165" Y="287" T="undefined" />
	<Point X="164" Y="288" T="undefined" />
	<Point X="163" Y="288" T="undefined" />
	<Point X="162" Y="288" T="undefined" />
	<Point X="162" Y="288" T="undefined" />
	<Point X="162" Y="289" T="undefined" />
	<Point X="164" Y="289" T="undefined" />
	<Point X="165" Y="289" T="undefined" />
	<Point X="169" Y="291" T="undefined" />
	<Point X="171" Y="292" T="undefined" />
	<Point X="174" Y="292" T="undefined" />
	<Point X="178" Y="293" T="undefined" />
	<Point X="181" Y="293" T="undefined" />
	<Point X="183" Y="294" T="undefined" />
	<Point X="187" Y="295" T="undefined" />
	<Point X="191" Y="295" T="undefined" />
	<Point X="195" Y="296" T="undefined" />
	<Point X="198" Y="297" T="undefined" />
	<Point X="201" Y="298" T="undefined" />
	<Point X="203" Y="300" T="undefined" />
	<Point X="206" Y="302" T="undefined" />
	<Point X="209" Y="304" T="undefined" />
	<Point X="212" Y="306" T="undefined" />
	<Point X="216" Y="308" T="undefined" />
	<Point X="221" Y="310" T="undefined" />
	<Point X="226" Y="312" T="undefined" />
	<Point X="232" Y="313" T="undefined" />
	<Point X="236" Y="315" T="undefined" />
	<Point X="240" Y="316" T="undefined" />
	<Point X="243" Y="317" T="undefined" />
	<Point X="247" Y="318" T="undefined" />
	<Point X="249" Y="319" T="undefined" />
	<Point X="253" Y="320" T="undefined" />
	<Point X="254" Y="320" T="undefined" />
	<Point X="255" Y="320" T="undefined" />
	<Point X="257" Y="320" T="undefined" />
	<Point X="259" Y="321" T="undefined" />
	<Point X="262" Y="321" T="undefined" />
	<Point X="264" Y="321" T="undefined" />
	<Point X="265" Y="321" T="undefined" />
	<Point X="267" Y="321" T="undefined" />
	<Point X="269" Y="321" T="undefined" />
	<Point X="271" Y="322" T="undefined" />
	<Point X="272" Y="322" T="undefined" />
	<Point X="272" Y="322" T="undefined" />
	<Point X="273" Y="322" T="undefined" />
	<Point X="273" Y="322" T="undefined" />
	<Point X="274" Y="322" T="undefined" />
	<Point X="274" Y="322" T="undefined" />
	<Point X="275" Y="322" T="undefined" />
	<Point X="274" Y="322" T="undefined" />
	<Point X="274" Y="322" T="undefined" />
</Gesture>