<?xml version="1.0" encoding="utf-8" standalone="yes"?>
<Gesture Name="Zigzag9" NumPts="103">
	<Point X="173" Y="81" T="undefined" />
	<Point X="176" Y="82" T="undefined" />
	<Point X="182" Y="87" T="undefined" />
	<Point X="194" Y="93" T="undefined" />
	<Point X="205" Y="98" T="undefined" />
	<Point X="216" Y="102" T="undefined" />
	<Point X="233" Y="110" T="undefined" />
	<Point X="241" Y="113" T="undefined" />
	<Point X="248" Y="118" T="undefined" />
	<Point X="252" Y="120" T="undefined" />
	<Point X="255" Y="122" T="undefined" />
	<Point X="260" Y="124" T="undefined" />
	<Point X="264" Y="125" T="undefined" />
	<Point X="267" Y="128" T="undefined" />
	<Point X="269" Y="131" T="undefined" />
	<Point X="270" Y="133" T="undefined" />
	<Point X="270" Y="135" T="undefined" />
	<Point X="270" Y="136" T="undefined" />
	<Point X="270" Y="137" T="undefined" />
	<Point X="268" Y="138" T="undefined" />
	<Point X="252" Y="140" T="undefined" />
	<Point X="241" Y="142" T="undefined" />
	<Point X="225" Y="147" T="undefined" />
	<Point X="199" Y="159" T="undefined" />
	<Point X="186" Y="171" T="undefined" />
	<Point X="168" Y="189" T="undefined" />
	<Point X="158" Y="198" T="undefined" />
	<Point X="151" Y="205" T="undefined" />
	<Point X="146" Y="211" T="undefined" />
	<Point X="144" Y="213" T="undefined" />
	<Point X="143" Y="214" T="undefined" />
	<Point X="142" Y="214" T="undefined" />
	<Point X="142" Y="215" T="undefined" />
	<Point X="142" Y="215" T="undefined" />
	<Point X="143" Y="217" T="undefined" />
	<Point X="147" Y="220" T="undefined" />
	<Point X="156" Y="223" T="undefined" />
	<Point X="172" Y="229" T="undefined" />
	<Point X="181" Y="233" T="undefined" />
	<Point X="194" Y="237" T="undefined" />
	<Point X="214" Y="245" T="undefined" />
	<Point X="228" Y="250" T="undefined" />
	<Point X="249" Y="256" T="undefined" />
	<Point X="263" Y="260" T="undefined" />
	<Point X="277" Y="265" T="undefined" />
	<Point X="288" Y="269" T="undefined" />
	<Point X="300" Y="273" T="undefined" />
	<Point X="311" Y="277" T="undefined" />
	<Point X="314" Y="279" T="undefined" />
	<Point X="318" Y="282" T="undefined" />
	<Point X="319" Y="282" T="undefined" />
	<Point X="319" Y="283" T="undefined" />
	<Point X="319" Y="284" T="undefined" />
	<Point X="318" Y="284" T="undefined" />
	<Point X="309" Y="286" T="undefined" />
	<Point X="293" Y="290" T="undefined" />
	<Point X="273" Y="298" T="undefined" />
	<Point X="251" Y="308" T="undefined" />
	<Point X="235" Y="314" T="undefined" />
	<Point X="222" Y="320" T="undefined" />
	<Point X="200" Y="330" T="undefined" />
	<Point X="187" Y="337" T="undefined" />
	<Point X="174" Y="343" T="undefined" />
	<Point X="166" Y="347" T="undefined" />
	<Point X="161" Y="351" T="undefined" />
	<Point X="155" Y="353" T="undefined" />
	<Point X="152" Y="353" T="undefined" />
	<Point X="150" Y="353" T="undefined" />
	<Point X="150" Y="353" T="undefined" />
	<Point X="149" Y="353" T="undefined" />
	<Point X="149" Y="353" T="undefined" />
	<Point X="150" Y="353" T="undefined" />
	<Point X="151" Y="353" T="undefined" />
	<Point X="151" Y="355" T="undefined" />
	<Point X="153" Y="356" T="undefined" />
	<Point X="155" Y="356" T="undefined" />
	<Point X="156" Y="357" T="undefined" />
	<Point X="162" Y="360" T="undefined" />
	<Point X="171" Y="363" T="undefined" />
	<Point X="183" Y="368" T="undefined" />
	<Point X="206" Y="381" T="undefined" />
	<Point X="223" Y="390" T="undefined" />
	<Point X="233" Y="395" T="undefined" />
	<Point X="245" Y="401" T="undefined" />
	<Point X="250" Y="404" T="undefined" />
	<Point X="256" Y="407" T="undefined" />
	<Point X="262" Y="411" T="undefined" />
	<Point X="267" Y="414" T="undefined" />
	<Point X="274" Y="420" T="undefined" />
	<Point X="277" Y="421" T="undefined" />
	<Point X="278" Y="422" T="undefined" />
	<Point X="278" Y="422" T="undefined" />
	<Point X="279" Y="422" T="undefined" />
	<Point X="279" Y="423" T="undefined" />
	<Point X="279" Y="423" T="undefined" />
	<Point X="280" Y="424" T="undefined" />
	<Point X="281" Y="425" T="undefined" />
	<Point X="284" Y="427" T="undefined" />
	<Point X="288" Y="430" T="undefined" />
	<Point X="293" Y="436" T="undefined" />
	<Point X="296" Y="438" T="undefined" />
	<Point X="298" Y="439" T="undefined" />
	<Point X="298" Y="439" T="undefined" />
</Gesture>