<?xml version="1.0" encoding="utf-8" standalone="yes"?>
<Gesture Name="Zigzag1" NumPts="165">
	<Point X="149" Y="93" T="undefined" />
	<Point X="151" Y="94" T="undefined" />
	<Point X="151" Y="95" T="undefined" />
	<Point X="155" Y="97" T="undefined" />
	<Point X="157" Y="98" T="undefined" />
	<Point X="161" Y="101" T="undefined" />
	<Point X="163" Y="102" T="undefined" />
	<Point X="166" Y="104" T="undefined" />
	<Point X="170" Y="105" T="undefined" />
	<Point X="174" Y="106" T="undefined" />
	<Point X="176" Y="106" T="undefined" />
	<Point X="179" Y="107" T="undefined" />
	<Point X="182" Y="108" T="undefined" />
	<Point X="184" Y="109" T="undefined" />
	<Point X="186" Y="110" T="undefined" />
	<Point X="187" Y="111" T="undefined" />
	<Point X="188" Y="111" T="undefined" />
	<Point X="192" Y="113" T="undefined" />
	<Point X="195" Y="114" T="undefined" />
	<Point X="199" Y="115" T="undefined" />
	<Point X="201" Y="116" T="undefined" />
	<Point X="203" Y="116" T="undefined" />
	<Point X="208" Y="118" T="undefined" />
	<Point X="213" Y="119" T="undefined" />
	<Point X="217" Y="121" T="undefined" />
	<Point X="219" Y="122" T="undefined" />
	<Point X="221" Y="124" T="undefined" />
	<Point X="225" Y="127" T="undefined" />
	<Point X="226" Y="129" T="undefined" />
	<Point X="229" Y="132" T="undefined" />
	<Point X="231" Y="133" T="undefined" />
	<Point X="232" Y="134" T="undefined" />
	<Point X="235" Y="135" T="undefined" />
	<Point X="237" Y="136" T="undefined" />
	<Point X="240" Y="137" T="undefined" />
	<Point X="240" Y="137" T="undefined" />
	<Point X="241" Y="138" T="undefined" />
	<Point X="242" Y="138" T="undefined" />
	<Point X="243" Y="138" T="undefined" />
	<Point X="244" Y="139" T="undefined" />
	<Point X="245" Y="140" T="undefined" />
	<Point X="245" Y="140" T="undefined" />
	<Point X="246" Y="140" T="undefined" />
	<Point X="246" Y="141" T="undefined" />
	<Point X="246" Y="142" T="undefined" />
	<Point X="245" Y="143" T="undefined" />
	<Point X="241" Y="146" T="undefined" />
	<Point X="232" Y="150" T="undefined" />
	<Point X="228" Y="153" T="undefined" />
	<Point X="222" Y="158" T="undefined" />
	<Point X="220" Y="161" T="undefined" />
	<Point X="216" Y="164" T="undefined" />
	<Point X="214" Y="165" T="undefined" />
	<Point X="212" Y="166" T="undefined" />
	<Point X="209" Y="167" T="undefined" />
	<Point X="204" Y="170" T="undefined" />
	<Point X="200" Y="172" T="undefined" />
	<Point X="197" Y="174" T="undefined" />
	<Point X="195" Y="175" T="undefined" />
	<Point X="192" Y="176" T="undefined" />
	<Point X="188" Y="177" T="undefined" />
	<Point X="185" Y="180" T="undefined" />
	<Point X="184" Y="182" T="undefined" />
	<Point X="182" Y="183" T="undefined" />
	<Point X="180" Y="186" T="undefined" />
	<Point X="178" Y="187" T="undefined" />
	<Point X="175" Y="190" T="undefined" />
	<Point X="173" Y="192" T="undefined" />
	<Point X="171" Y="193" T="undefined" />
	<Point X="170" Y="194" T="undefined" />
	<Point X="170" Y="195" T="undefined" />
	<Point X="169" Y="195" T="undefined" />
	<Point X="170" Y="195" T="undefined" />
	<Point X="171" Y="196" T="undefined" />
	<Point X="174" Y="197" T="undefined" />
	<Point X="178" Y="199" T="undefined" />
	<Point X="181" Y="200" T="undefined" />
	<Point X="185" Y="201" T="undefined" />
	<Point X="188" Y="202" T="undefined" />
	<Point X="193" Y="204" T="undefined" />
	<Point X="196" Y="204" T="undefined" />
	<Point X="199" Y="206" T="undefined" />
	<Point X="205" Y="208" T="undefined" />
	<Point X="210" Y="210" T="undefined" />
	<Point X="215" Y="212" T="undefined" />
	<Point X="221" Y="216" T="undefined" />
	<Point X="226" Y="219" T="undefined" />
	<Point X="231" Y="220" T="undefined" />
	<Point X="234" Y="223" T="undefined" />
	<Point X="239" Y="225" T="undefined" />
	<Point X="244" Y="227" T="undefined" />
	<Point X="248" Y="230" T="undefined" />
	<Point X="252" Y="232" T="undefined" />
	<Point X="255" Y="233" T="undefined" />
	<Point X="260" Y="236" T="undefined" />
	<Point X="265" Y="238" T="undefined" />
	<Point X="271" Y="240" T="undefined" />
	<Point X="274" Y="241" T="undefined" />
	<Point X="276" Y="242" T="undefined" />
	<Point X="275" Y="242" T="undefined" />
	<Point X="274" Y="242" T="undefined" />
	<Point X="272" Y="242" T="undefined" />
	<Point X="266" Y="244" T="undefined" />
	<Point X="262" Y="245" T="undefined" />
	<Point X="256" Y="248" T="undefined" />
	<Point X="252" Y="250" T="undefined" />
	<Point X="249" Y="253" T="undefined" />
	<Point X="245" Y="256" T="undefined" />
	<Point X="243" Y="259" T="undefined" />
	<Point X="239" Y="262" T="undefined" />
	<Point X="234" Y="265" T="undefined" />
	<Point X="230" Y="268" T="undefined" />
	<Point X="225" Y="272" T="undefined" />
	<Point X="223" Y="274" T="undefined" />
	<Point X="220" Y="275" T="undefined" />
	<Point X="219" Y="276" T="undefined" />
	<Point X="217" Y="276" T="undefined" />
	<Point X="215" Y="277" T="undefined" />
	<Point X="213" Y="278" T="undefined" />
	<Point X="209" Y="279" T="undefined" />
	<Point X="208" Y="281" T="undefined" />
	<Point X="206" Y="283" T="undefined" />
	<Point X="203" Y="284" T="undefined" />
	<Point X="202" Y="285" T="undefined" />
	<Point X="199" Y="287" T="undefined" />
	<Point X="198" Y="288" T="undefined" />
	<Point X="197" Y="289" T="undefined" />
	<Point X="195" Y="291" T="undefined" />
	<Point X="194" Y="292" T="undefined" />
	<Point X="190" Y="297" T="undefined" />
	<Point X="187" Y="301" T="undefined" />
	<Point X="185" Y="302" T="undefined" />
	<Point X="184" Y="303" T="undefined" />
	<Point X="182" Y="304" T="undefined" />
	<Point X="181" Y="306" T="undefined" />
	<Point X="179" Y="307" T="undefined" />
	<Point X="178" Y="308" T="undefined" />
	<Point X="177" Y="309" T="undefined" />
	<Point X="176" Y="310" T="undefined" />
	<Point X="175" Y="310" T="undefined" />
	<Point X="174" Y="310" T="undefined" />
	<Point X="174" Y="311" T="undefined" />
	<Point X="175" Y="311" T="undefined" />
	<Point X="176" Y="312" T="undefined" />
	<Point X="180" Y="312" T="undefined" />
	<Point X="185" Y="313" T="undefined" />
	<Point X="194" Y="316" T="undefined" />
	<Point X="203" Y="318" T="undefined" />
	<Point X="213" Y="321" T="undefined" />
	<Point X="224" Y="323" T="undefined" />
	<Point X="227" Y="324" T="undefined" />
	<Point X="231" Y="325" T="undefined" />
	<Point X="241" Y="328" T="undefined" />
	<Point X="246" Y="329" T="undefined" />
	<Point X="253" Y="331" T="undefined" />
	<Point X="258" Y="332" T="undefined" />
	<Point X="264" Y="334" T="undefined" />
	<Point X="266" Y="334" T="undefined" />
	<Point X="269" Y="335" T="undefined" />
	<Point X="275" Y="337" T="undefined" />
	<Point X="279" Y="338" T="undefined" />
	<Point X="284" Y="339" T="undefined" />
	<Point X="288" Y="339" T="undefined" />
	<Point X="292" Y="340" T="undefined" />
	<Point X="293" Y="340" T="undefined" />
</Gesture>