<?xml version="1.0" encoding="utf-8" standalone="yes"?>
<Gesture Name="Left Square Bracket0" NumPts="51">
	<Point X="139" Y="131" T="undefined" />
	<Point X="136" Y="132" T="undefined" />
	<Point X="118" Y="139" T="undefined" />
	<Point X="98" Y="146" T="undefined" />
	<Point X="74" Y="155" T="undefined" />
	<Point X="65" Y="157" T="undefined" />
	<Point X="60" Y="158" T="undefined" />
	<Point X="55" Y="158" T="undefined" />
	<Point X="53" Y="158" T="undefined" />
	<Point X="52" Y="158" T="undefined" />
	<Point X="52" Y="159" T="undefined" />
	<Point X="52" Y="160" T="undefined" />
	<Point X="52" Y="161" T="undefined" />
	<Point X="55" Y="166" T="undefined" />
	<Point X="60" Y="175" T="undefined" />
	<Point X="68" Y="195" T="undefined" />
	<Point X="82" Y="240" T="undefined" />
	<Point X="88" Y="266" T="undefined" />
	<Point X="94" Y="295" T="undefined" />
	<Point X="95" Y="307" T="undefined" />
	<Point X="96" Y="316" T="undefined" />
	<Point X="98" Y="323" T="undefined" />
	<Point X="98" Y="328" T="undefined" />
	<Point X="99" Y="333" T="undefined" />
	<Point X="99" Y="340" T="undefined" />
	<Point X="99" Y="344" T="undefined" />
	<Point X="99" Y="350" T="undefined" />
	<Point X="100" Y="358" T="undefined" />
	<Point X="100" Y="364" T="undefined" />
	<Point X="100" Y="368" T="undefined" />
	<Point X="100" Y="370" T="undefined" />
	<Point X="100" Y="372" T="undefined" />
	<Point X="100" Y="373" T="undefined" />
	<Point X="100" Y="374" T="undefined" />
	<Point X="100" Y="375" T="undefined" />
	<Point X="101" Y="375" T="undefined" />
	<Point X="102" Y="375" T="undefined" />
	<Point X="103" Y="375" T="undefined" />
	<Point X="107" Y="376" T="undefined" />
	<Point X="125" Y="378" T="undefined" />
	<Point X="146" Y="380" T="undefined" />
	<Point X="177" Y="382" T="undefined" />
	<Point X="186" Y="383" T="undefined" />
	<Point X="191" Y="384" T="undefined" />
	<Point X="194" Y="384" T="undefined" />
	<Point X="195" Y="384" T="undefined" />
	<Point X="196" Y="384" T="undefined" />
	<Point X="197" Y="384" T="undefined" />
	<Point X="197" Y="384" T="undefined" />
	<Point X="196" Y="383" T="undefined" />
	<Point X="196" Y="382" T="undefined" />
</Gesture>