<?xml version="1.0" encoding="utf-8" standalone="yes"?>
<Gesture Name="Left Square Bracket5" NumPts="41">
	<Point X="152" Y="110" T="undefined" />
	<Point X="146" Y="110" T="undefined" />
	<Point X="137" Y="112" T="undefined" />
	<Point X="124" Y="114" T="undefined" />
	<Point X="112" Y="117" T="undefined" />
	<Point X="106" Y="118" T="undefined" />
	<Point X="101" Y="119" T="undefined" />
	<Point X="97" Y="119" T="undefined" />
	<Point X="93" Y="119" T="undefined" />
	<Point X="92" Y="119" T="undefined" />
	<Point X="90" Y="119" T="undefined" />
	<Point X="89" Y="119" T="undefined" />
	<Point X="89" Y="120" T="undefined" />
	<Point X="88" Y="126" T="undefined" />
	<Point X="84" Y="143" T="undefined" />
	<Point X="80" Y="182" T="undefined" />
	<Point X="74" Y="244" T="undefined" />
	<Point X="74" Y="275" T="undefined" />
	<Point X="74" Y="306" T="undefined" />
	<Point X="76" Y="314" T="undefined" />
	<Point X="77" Y="320" T="undefined" />
	<Point X="78" Y="325" T="undefined" />
	<Point X="78" Y="328" T="undefined" />
	<Point X="78" Y="334" T="undefined" />
	<Point X="78" Y="352" T="undefined" />
	<Point X="77" Y="369" T="undefined" />
	<Point X="77" Y="378" T="undefined" />
	<Point X="77" Y="384" T="undefined" />
	<Point X="77" Y="386" T="undefined" />
	<Point X="77" Y="388" T="undefined" />
	<Point X="77" Y="388" T="undefined" />
	<Point X="78" Y="388" T="undefined" />
	<Point X="80" Y="389" T="undefined" />
	<Point X="84" Y="391" T="undefined" />
	<Point X="98" Y="394" T="undefined" />
	<Point X="149" Y="408" T="undefined" />
	<Point X="177" Y="416" T="undefined" />
	<Point X="190" Y="420" T="undefined" />
	<Point X="198" Y="422" T="undefined" />
	<Point X="199" Y="422" T="undefined" />
	<Point X="200" Y="422" T="undefined" />
</Gesture>