<?xml version="1.0" encoding="utf-8" standalone="yes"?>
<Gesture Name="Left Square Bracket2" NumPts="47">
	<Point X="295" Y="76" T="undefined" />
	<Point X="294" Y="76" T="undefined" />
	<Point X="287" Y="76" T="undefined" />
	<Point X="279" Y="74" T="undefined" />
	<Point X="244" Y="73" T="undefined" />
	<Point X="214" Y="74" T="undefined" />
	<Point X="189" Y="76" T="undefined" />
	<Point X="176" Y="78" T="undefined" />
	<Point X="167" Y="80" T="undefined" />
	<Point X="162" Y="82" T="undefined" />
	<Point X="160" Y="82" T="undefined" />
	<Point X="158" Y="82" T="undefined" />
	<Point X="158" Y="82" T="undefined" />
	<Point X="157" Y="82" T="undefined" />
	<Point X="156" Y="84" T="undefined" />
	<Point X="155" Y="84" T="undefined" />
	<Point X="153" Y="92" T="undefined" />
	<Point X="152" Y="103" T="undefined" />
	<Point X="149" Y="121" T="undefined" />
	<Point X="149" Y="145" T="undefined" />
	<Point X="150" Y="177" T="undefined" />
	<Point X="154" Y="219" T="undefined" />
	<Point X="159" Y="258" T="undefined" />
	<Point X="160" Y="285" T="undefined" />
	<Point X="162" Y="306" T="undefined" />
	<Point X="162" Y="324" T="undefined" />
	<Point X="164" Y="328" T="undefined" />
	<Point X="164" Y="336" T="undefined" />
	<Point X="164" Y="340" T="undefined" />
	<Point X="163" Y="344" T="undefined" />
	<Point X="162" Y="349" T="undefined" />
	<Point X="162" Y="353" T="undefined" />
	<Point X="161" Y="358" T="undefined" />
	<Point X="160" Y="360" T="undefined" />
	<Point X="160" Y="363" T="undefined" />
	<Point X="160" Y="364" T="undefined" />
	<Point X="160" Y="365" T="undefined" />
	<Point X="160" Y="366" T="undefined" />
	<Point X="164" Y="367" T="undefined" />
	<Point X="178" Y="369" T="undefined" />
	<Point X="216" Y="376" T="undefined" />
	<Point X="256" Y="382" T="undefined" />
	<Point X="278" Y="386" T="undefined" />
	<Point X="287" Y="388" T="undefined" />
	<Point X="290" Y="389" T="undefined" />
	<Point X="291" Y="390" T="undefined" />
	<Point X="292" Y="390" T="undefined" />
</Gesture>