<?xml version="1.0" encoding="utf-8" standalone="yes"?>
<Gesture Name="Left Square Bracket9" NumPts="36">
	<Point X="180" Y="116" T="undefined" />
	<Point X="167" Y="116" T="undefined" />
	<Point X="151" Y="119" T="undefined" />
	<Point X="114" Y="125" T="undefined" />
	<Point X="100" Y="128" T="undefined" />
	<Point X="88" Y="130" T="undefined" />
	<Point X="82" Y="131" T="undefined" />
	<Point X="76" Y="132" T="undefined" />
	<Point X="72" Y="133" T="undefined" />
	<Point X="70" Y="133" T="undefined" />
	<Point X="70" Y="134" T="undefined" />
	<Point X="68" Y="136" T="undefined" />
	<Point X="65" Y="143" T="undefined" />
	<Point X="58" Y="165" T="undefined" />
	<Point X="46" Y="248" T="undefined" />
	<Point X="45" Y="299" T="undefined" />
	<Point X="51" Y="345" T="undefined" />
	<Point X="60" Y="387" T="undefined" />
	<Point X="63" Y="404" T="undefined" />
	<Point X="65" Y="410" T="undefined" />
	<Point X="66" Y="415" T="undefined" />
	<Point X="66" Y="416" T="undefined" />
	<Point X="66" Y="417" T="undefined" />
	<Point X="66" Y="418" T="undefined" />
	<Point X="66" Y="419" T="undefined" />
	<Point X="67" Y="419" T="undefined" />
	<Point X="68" Y="419" T="undefined" />
	<Point X="72" Y="419" T="undefined" />
	<Point X="86" Y="417" T="undefined" />
	<Point X="179" Y="410" T="undefined" />
	<Point X="236" Y="408" T="undefined" />
	<Point X="270" Y="408" T="undefined" />
	<Point X="274" Y="408" T="undefined" />
	<Point X="277" Y="408" T="undefined" />
	<Point X="278" Y="408" T="undefined" />
	<Point X="278" Y="407" T="undefined" />
</Gesture>