<?xml version="1.0" encoding="utf-8" standalone="yes"?>
<Gesture Name="Left Square Bracket3" NumPts="44">
	<Point X="141" Y="112" T="undefined" />
	<Point X="140" Y="112" T="undefined" />
	<Point X="133" Y="113" T="undefined" />
	<Point X="109" Y="117" T="undefined" />
	<Point X="75" Y="118" T="undefined" />
	<Point X="54" Y="120" T="undefined" />
	<Point X="44" Y="120" T="undefined" />
	<Point X="38" Y="120" T="undefined" />
	<Point X="36" Y="120" T="undefined" />
	<Point X="35" Y="120" T="undefined" />
	<Point X="34" Y="120" T="undefined" />
	<Point X="34" Y="120" T="undefined" />
	<Point X="34" Y="122" T="undefined" />
	<Point X="34" Y="128" T="undefined" />
	<Point X="34" Y="144" T="undefined" />
	<Point X="36" Y="190" T="undefined" />
	<Point X="37" Y="250" T="undefined" />
	<Point X="38" Y="291" T="undefined" />
	<Point X="40" Y="318" T="undefined" />
	<Point X="42" Y="346" T="undefined" />
	<Point X="42" Y="354" T="undefined" />
	<Point X="43" Y="358" T="undefined" />
	<Point X="44" Y="359" T="undefined" />
	<Point X="44" Y="360" T="undefined" />
	<Point X="44" Y="361" T="undefined" />
	<Point X="44" Y="362" T="undefined" />
	<Point X="44" Y="362" T="undefined" />
	<Point X="44" Y="363" T="undefined" />
	<Point X="44" Y="364" T="undefined" />
	<Point X="43" Y="364" T="undefined" />
	<Point X="43" Y="364" T="undefined" />
	<Point X="42" Y="366" T="undefined" />
	<Point X="42" Y="366" T="undefined" />
	<Point X="42" Y="368" T="undefined" />
	<Point X="42" Y="370" T="undefined" />
	<Point X="42" Y="371" T="undefined" />
	<Point X="44" Y="372" T="undefined" />
	<Point X="53" Y="374" T="undefined" />
	<Point X="79" Y="376" T="undefined" />
	<Point X="110" Y="379" T="undefined" />
	<Point X="130" Y="382" T="undefined" />
	<Point X="138" Y="382" T="undefined" />
	<Point X="140" Y="382" T="undefined" />
	<Point X="142" Y="382" T="undefined" />
</Gesture>