<?xml version="1.0" encoding="utf-8" standalone="yes"?>
<Gesture Name="Left Square Bracket4" NumPts="32">
	<Point X="183" Y="56" T="undefined" />
	<Point X="178" Y="57" T="undefined" />
	<Point X="168" Y="61" T="undefined" />
	<Point X="140" Y="70" T="undefined" />
	<Point X="108" Y="80" T="undefined" />
	<Point X="90" Y="85" T="undefined" />
	<Point X="81" Y="85" T="undefined" />
	<Point X="80" Y="85" T="undefined" />
	<Point X="78" Y="84" T="undefined" />
	<Point X="78" Y="86" T="undefined" />
	<Point X="80" Y="96" T="undefined" />
	<Point X="88" Y="143" T="undefined" />
	<Point X="115" Y="292" T="undefined" />
	<Point X="125" Y="367" T="undefined" />
	<Point X="132" Y="423" T="undefined" />
	<Point X="136" Y="441" T="undefined" />
	<Point X="138" Y="450" T="undefined" />
	<Point X="138" Y="455" T="undefined" />
	<Point X="139" Y="456" T="undefined" />
	<Point X="140" Y="457" T="undefined" />
	<Point X="141" Y="457" T="undefined" />
	<Point X="142" Y="457" T="undefined" />
	<Point X="146" Y="457" T="undefined" />
	<Point X="188" Y="452" T="undefined" />
	<Point X="242" Y="448" T="undefined" />
	<Point X="279" Y="446" T="undefined" />
	<Point X="286" Y="446" T="undefined" />
	<Point X="290" Y="446" T="undefined" />
	<Point X="291" Y="446" T="undefined" />
	<Point X="292" Y="446" T="undefined" />
	<Point X="292" Y="445" T="undefined" />
	<Point X="292" Y="444" T="undefined" />
</Gesture>