<?xml version="1.0" encoding="utf-8" standalone="yes"?>
<Gesture Name="Left Square Bracket7" NumPts="16">
	<Point X="162" Y="120" T="undefined" />
	<Point X="128" Y="120" T="undefined" />
	<Point X="20" Y="127" T="undefined" />
	<Point X="12" Y="178" T="undefined" />
	<Point X="67" Y="336" T="undefined" />
	<Point X="91" Y="409" T="undefined" />
	<Point X="112" Y="472" T="undefined" />
	<Point X="120" Y="490" T="undefined" />
	<Point X="122" Y="500" T="undefined" />
	<Point X="165" Y="495" T="undefined" />
	<Point X="191" Y="488" T="undefined" />
	<Point X="210" Y="485" T="undefined" />
	<Point X="214" Y="484" T="undefined" />
	<Point X="216" Y="484" T="undefined" />
	<Point X="217" Y="484" T="undefined" />
	<Point X="217" Y="483" T="undefined" />
</Gesture>