<?xml version="1.0" encoding="utf-8" standalone="yes"?>
<Gesture Name="arrowhead10">
	<Stroke>
		<Point X="122" Y="296" T="0" />
		<Point X="122" Y="297" T="0" />
		<Point X="124" Y="297" T="0" />
		<Point X="131" Y="297" T="0" />
		<Point X="144" Y="297" T="0" />
		<Point X="171" Y="297" T="0" />
		<Point X="207" Y="297" T="0" />
		<Point X="246" Y="297" T="0" />
		<Point X="287" Y="298" T="0" />
		<Point X="315" Y="299" T="0" />
		<Point X="326" Y="300" T="0" />
	</Stroke>
	<Stroke>
		<Point X="302" Y="249" T="0" />
		<Point X="302" Y="250" T="0" />
		<Point X="306" Y="254" T="0" />
		<Point X="314" Y="261" T="0" />
		<Point X="327" Y="271" T="0" />
		<Point X="341" Y="281" T="0" />
		<Point X="352" Y="290" T="0" />
		<Point X="359" Y="295" T="0" />
		<Point X="362" Y="298" T="0" />
		<Point X="365" Y="301" T="0" />
		<Point X="367" Y="304" T="0" />
		<Point X="369" Y="306" T="0" />
		<Point X="369" Y="309" T="0" />
		<Point X="367" Y="312" T="0" />
		<Point X="363" Y="315" T="0" />
		<Point X="356" Y="317" T="0" />
		<Point X="346" Y="319" T="0" />
		<Point X="333" Y="323" T="0" />
		<Point X="316" Y="326" T="0" />
		<Point X="296" Y="329" T="0" />
		<Point X="279" Y="333" T="0" />
		<Point X="271" Y="335" T="0" />
	</Stroke>
</Gesture> 
