<?xml version="1.0" encoding="utf-8" standalone="yes"?>
<Gesture Name="arrowhead09">
	<Stroke>
		<Point X="72" Y="253" T="0" />
		<Point X="72" Y="256" T="0" />
		<Point X="72" Y="258" T="0" />
		<Point X="79" Y="260" T="0" />
		<Point X="94" Y="262" T="0" />
		<Point X="122" Y="264" T="0" />
		<Point X="168" Y="266" T="0" />
		<Point X="214" Y="266" T="0" />
		<Point X="250" Y="264" T="0" />
		<Point X="274" Y="261" T="0" />
		<Point X="284" Y="258" T="0" />
	</Stroke>
	<Stroke>
		<Point X="245" Y="216" T="0" />
		<Point X="246" Y="216" T="0" />
		<Point X="250" Y="219" T="0" />
		<Point X="263" Y="227" T="0" />
		<Point X="288" Y="242" T="0" />
		<Point X="315" Y="255" T="0" />
		<Point X="333" Y="263" T="0" />
		<Point X="342" Y="267" T="0" />
		<Point X="343" Y="267" T="0" />
		<Point X="343" Y="268" T="0" />
		<Point X="338" Y="270" T="0" />
		<Point X="318" Y="277" T="0" />
		<Point X="289" Y="286" T="0" />
		<Point X="253" Y="299" T="0" />
		<Point X="225" Y="309" T="0" />
		<Point X="207" Y="315" T="0" />
		<Point X="200" Y="316" T="0" />
	</Stroke>
</Gesture> 
