<?xml version="1.0" encoding="utf-8" standalone="yes"?>
<Gesture Name="arrowhead01">
	<Stroke>
		<Point X="115" Y="303" T="0" />
		<Point X="116" Y="303" T="0" />
		<Point X="117" Y="302" T="0" />
		<Point X="119" Y="302" T="0" />
		<Point X="125" Y="302" T="0" />
		<Point X="140" Y="304" T="0" />
		<Point X="169" Y="305" T="0" />
		<Point X="206" Y="304" T="0" />
		<Point X="241" Y="300" T="0" />
		<Point X="264" Y="297" T="0" />
		<Point X="274" Y="296" T="0" />
	</Stroke>
	<Stroke>
		<Point X="258" Y="232" T="0" />
		<Point X="262" Y="234" T="0" />
		<Point X="270" Y="244" T="0" />
		<Point X="280" Y="257" T="0" />
		<Point X="290" Y="272" T="0" />
		<Point X="298" Y="285" T="0" />
		<Point X="302" Y="293" T="0" />
		<Point X="302" Y="294" T="0" />
		<Point X="302" Y="295" T="0" />
		<Point X="300" Y="297" T="0" />
		<Point X="291" Y="303" T="0" />
		<Point X="278" Y="313" T="0" />
		<Point X="268" Y="323" T="0" />
		<Point X="257" Y="334" T="0" />
		<Point X="248" Y="340" T="0" />
		<Point X="244" Y="343" T="0" />
	</Stroke>
</Gesture> 
