<?xml version="1.0" encoding="utf-8" standalone="yes"?>
<Gesture Name="arrowhead04">
	<Stroke>
		<Point X="61" Y="273" T="0" />
		<Point X="62" Y="273" T="0" />
		<Point X="63" Y="273" T="0" />
		<Point X="77" Y="273" T="0" />
		<Point X="117" Y="273" T="0" />
		<Point X="186" Y="275" T="0" />
		<Point X="277" Y="279" T="0" />
		<Point X="342" Y="282" T="0" />
		<Point X="382" Y="284" T="0" />
		<Point X="400" Y="284" T="0" />
		<Point X="402" Y="284" T="0" />
		<Point X="401" Y="284" T="0" />
	</Stroke>
	<Stroke>
		<Point X="341" Y="214" T="0" />
		<Point X="341" Y="216" T="0" />
		<Point X="341" Y="217" T="0" />
		<Point X="352" Y="229" T="0" />
		<Point X="377" Y="244" T="0" />
		<Point X="408" Y="262" T="0" />
		<Point X="438" Y="278" T="0" />
		<Point X="459" Y="288" T="0" />
		<Point X="466" Y="292" T="0" />
		<Point X="465" Y="293" T="0" />
		<Point X="464" Y="293" T="0" />
		<Point X="459" Y="296" T="0" />
		<Point X="446" Y="303" T="0" />
		<Point X="420" Y="312" T="0" />
		<Point X="386" Y="323" T="0" />
		<Point X="342" Y="337" T="0" />
		<Point X="306" Y="349" T="0" />
		<Point X="288" Y="354" T="0" />
		<Point X="284" Y="355" T="0" />
	</Stroke>
</Gesture> 
