<?xml version="1.0" encoding="utf-8" standalone="yes"?>
<Gesture Name="arrowhead06">
	<Stroke>
		<Point X="157" Y="298" T="0" />
		<Point X="157" Y="298" T="0" />
		<Point X="160" Y="298" T="0" />
		<Point X="177" Y="298" T="0" />
		<Point X="205" Y="297" T="0" />
		<Point X="237" Y="294" T="0" />
		<Point X="265" Y="294" T="0" />
		<Point X="281" Y="293" T="0" />
		<Point X="288" Y="292" T="0" />
		<Point X="290" Y="291" T="0" />
		<Point X="291" Y="290" T="0" />
		<Point X="291" Y="290" T="0" />
	</Stroke>
	<Stroke>
		<Point X="261" Y="248" T="0" />
		<Point X="262" Y="248" T="0" />
		<Point X="269" Y="255" T="0" />
		<Point X="281" Y="265" T="0" />
		<Point X="296" Y="277" T="0" />
		<Point X="308" Y="285" T="0" />
		<Point X="315" Y="290" T="0" />
		<Point X="318" Y="291" T="0" />
		<Point X="318" Y="292" T="0" />
		<Point X="312" Y="298" T="0" />
		<Point X="305" Y="301" T="0" />
		<Point X="294" Y="307" T="0" />
		<Point X="282" Y="315" T="0" />
		<Point X="272" Y="323" T="0" />
		<Point X="265" Y="329" T="0" />
		<Point X="261" Y="334" T="0" />
		<Point X="260" Y="336" T="0" />
		<Point X="260" Y="337" T="0" />
	</Stroke>
</Gesture> 
