<?xml version="1.0" encoding="utf-8" standalone="yes"?>
<Gesture Name="arrowhead02">
	<Stroke>
		<Point X="169" Y="302" T="0" />
		<Point X="169" Y="302" T="0" />
		<Point X="169" Y="303" T="0" />
		<Point X="173" Y="303" T="0" />
		<Point X="183" Y="303" T="0" />
		<Point X="206" Y="303" T="0" />
		<Point X="234" Y="303" T="0" />
		<Point X="266" Y="303" T="0" />
		<Point X="298" Y="304" T="0" />
		<Point X="314" Y="306" T="0" />
		<Point X="319" Y="307" T="0" />
		<Point X="320" Y="307" T="0" />
	</Stroke>
	<Stroke>
		<Point X="301" Y="259" T="0" />
		<Point X="301" Y="260" T="0" />
		<Point X="301" Y="261" T="0" />
		<Point X="308" Y="269" T="0" />
		<Point X="318" Y="280" T="0" />
		<Point X="330" Y="292" T="0" />
		<Point X="341" Y="303" T="0" />
		<Point X="348" Y="310" T="0" />
		<Point X="351" Y="314" T="0" />
		<Point X="352" Y="317" T="0" />
		<Point X="353" Y="318" T="0" />
		<Point X="353" Y="319" T="0" />
		<Point X="353" Y="320" T="0" />
		<Point X="349" Y="325" T="0" />
		<Point X="336" Y="331" T="0" />
		<Point X="322" Y="337" T="0" />
		<Point X="311" Y="341" T="0" />
		<Point X="304" Y="343" T="0" />
		<Point X="302" Y="345" T="0" />
	</Stroke>
</Gesture> 
