<?xml version="1.0" encoding="utf-8" standalone="yes"?>
<Gesture Name="arrowhead03">
	<Stroke>
		<Point X="115" Y="242" T="0" />
		<Point X="140" Y="242" T="0" />
		<Point X="162" Y="242" T="0" />
		<Point X="195" Y="242" T="0" />
		<Point X="229" Y="241" T="0" />
		<Point X="257" Y="241" T="0" />
		<Point X="271" Y="241" T="0" />
	</Stroke>
	<Stroke>
		<Point X="226" Y="202" T="0" />
		<Point X="227" Y="202" T="0" />
		<Point X="234" Y="205" T="0" />
		<Point X="245" Y="211" T="0" />
		<Point X="256" Y="218" T="0" />
		<Point X="271" Y="226" T="0" />
		<Point X="284" Y="234" T="0" />
		<Point X="293" Y="239" T="0" />
		<Point X="297" Y="242" T="0" />
		<Point X="298" Y="243" T="0" />
		<Point X="298" Y="244" T="0" />
		<Point X="299" Y="244" T="0" />
		<Point X="299" Y="245" T="0" />
		<Point X="297" Y="248" T="0" />
		<Point X="288" Y="254" T="0" />
		<Point X="274" Y="260" T="0" />
		<Point X="255" Y="268" T="0" />
		<Point X="240" Y="275" T="0" />
		<Point X="231" Y="280" T="0" />
	</Stroke>
</Gesture> 
