<?xml version="1.0" encoding="utf-8" standalone="yes"?>
<Gesture Name="arrowhead08">
	<Stroke>
		<Point X="113" Y="296" T="0" />
		<Point X="113" Y="296" T="0" />
		<Point X="113" Y="296" T="0" />
		<Point X="114" Y="296" T="0" />
		<Point X="117" Y="296" T="0" />
		<Point X="145" Y="296" T="0" />
		<Point X="199" Y="296" T="0" />
		<Point X="256" Y="296" T="0" />
		<Point X="312" Y="296" T="0" />
		<Point X="354" Y="296" T="0" />
		<Point X="379" Y="297" T="0" />
		<Point X="388" Y="299" T="0" />
	</Stroke>
	<Stroke>
		<Point X="366" Y="233" T="0" />
		<Point X="368" Y="234" T="0" />
		<Point X="376" Y="244" T="0" />
		<Point X="394" Y="262" T="0" />
		<Point X="410" Y="280" T="0" />
		<Point X="426" Y="296" T="0" />
		<Point X="435" Y="304" T="0" />
		<Point X="438" Y="307" T="0" />
		<Point X="438" Y="308" T="0" />
		<Point X="437" Y="309" T="0" />
		<Point X="431" Y="314" T="0" />
		<Point X="416" Y="323" T="0" />
		<Point X="394" Y="333" T="0" />
		<Point X="358" Y="347" T="0" />
		<Point X="324" Y="359" T="0" />
		<Point X="295" Y="370" T="0" />
		<Point X="281" Y="375" T="0" />
	</Stroke>
</Gesture> 
