<?xml version="1.0" encoding="utf-8" standalone="yes"?>
<Gesture Name="arrowhead05">
	<Stroke>
		<Point X="163" Y="241" T="0" />
		<Point X="164" Y="241" T="0" />
		<Point X="173" Y="241" T="0" />
		<Point X="195" Y="243" T="0" />
		<Point X="241" Y="243" T="0" />
		<Point X="291" Y="244" T="0" />
		<Point X="330" Y="245" T="0" />
		<Point X="352" Y="246" T="0" />
		<Point X="359" Y="246" T="0" />
	</Stroke>
	<Stroke>
		<Point X="333" Y="178" T="0" />
		<Point X="337" Y="182" T="0" />
		<Point X="347" Y="191" T="0" />
		<Point X="360" Y="204" T="0" />
		<Point X="372" Y="218" T="0" />
		<Point X="381" Y="231" T="0" />
		<Point X="386" Y="239" T="0" />
		<Point X="387" Y="241" T="0" />
		<Point X="387" Y="242" T="0" />
		<Point X="378" Y="245" T="0" />
		<Point X="355" Y="253" T="0" />
		<Point X="327" Y="263" T="0" />
		<Point X="296" Y="277" T="0" />
		<Point X="273" Y="289" T="0" />
		<Point X="265" Y="297" T="0" />
	</Stroke>
</Gesture> 
