<?xml version="1.0" encoding="utf-8" standalone="yes"?>
<Gesture Name="arrowhead07">
	<Stroke>
		<Point X="87" Y="282" T="0" />
		<Point X="88" Y="282" T="0" />
		<Point X="93" Y="280" T="0" />
		<Point X="110" Y="276" T="0" />
		<Point X="152" Y="270" T="0" />
		<Point X="210" Y="264" T="0" />
		<Point X="265" Y="259" T="0" />
		<Point X="306" Y="255" T="0" />
		<Point X="326" Y="253" T="0" />
	</Stroke>
	<Stroke>
		<Point X="291" Y="171" T="0" />
		<Point X="294" Y="172" T="0" />
		<Point X="311" Y="190" T="0" />
		<Point X="338" Y="215" T="0" />
		<Point X="365" Y="238" T="0" />
		<Point X="384" Y="252" T="0" />
		<Point X="394" Y="258" T="0" />
		<Point X="396" Y="259" T="0" />
		<Point X="396" Y="260" T="0" />
		<Point X="393" Y="265" T="0" />
		<Point X="373" Y="278" T="0" />
		<Point X="339" Y="297" T="0" />
		<Point X="303" Y="316" T="0" />
		<Point X="275" Y="328" T="0" />
		<Point X="255" Y="334" T="0" />
	</Stroke>
</Gesture> 
