<?xml version="1.0" encoding="utf-8" standalone="yes"?>
<Gesture Name="asterisk10">
	<Stroke>
		<Point X="107" Y="286" T="0" />
		<Point X="107" Y="286" T="0" />
		<Point X="108" Y="286" T="0" />
		<Point X="113" Y="285" T="0" />
		<Point X="127" Y="285" T="0" />
		<Point X="138" Y="284" T="0" />
		<Point X="149" Y="284" T="0" />
		<Point X="153" Y="284" T="0" />
		<Point X="154" Y="284" T="0" />
		<Point X="154" Y="284" T="0" />
		<Point X="155" Y="284" T="0" />
		<Point X="161" Y="283" T="0" />
		<Point X="177" Y="283" T="0" />
		<Point X="196" Y="283" T="0" />
		<Point X="225" Y="283" T="0" />
		<Point X="252" Y="283" T="0" />
		<Point X="279" Y="284" T="0" />
		<Point X="299" Y="284" T="0" />
		<Point X="308" Y="285" T="0" />
	</Stroke>
	<Stroke>
		<Point X="268" Y="212" T="0" />
		<Point X="267" Y="214" T="0" />
		<Point X="253" Y="229" T="0" />
		<Point X="230" Y="251" T="0" />
		<Point X="203" Y="276" T="0" />
		<Point X="177" Y="306" T="0" />
		<Point X="157" Y="332" T="0" />
		<Point X="145" Y="352" T="0" />
		<Point X="139" Y="362" T="0" />
		<Point X="138" Y="366" T="0" />
	</Stroke>
	<Stroke>
		<Point X="162" Y="189" T="0" />
		<Point X="162" Y="190" T="0" />
		<Point X="162" Y="191" T="0" />
		<Point X="162" Y="193" T="0" />
		<Point X="163" Y="196" T="0" />
		<Point X="168" Y="210" T="0" />
		<Point X="175" Y="235" T="0" />
		<Point X="183" Y="267" T="0" />
		<Point X="190" Y="299" T="0" />
		<Point X="197" Y="326" T="0" />
		<Point X="203" Y="345" T="0" />
		<Point X="206" Y="358" T="0" />
		<Point X="210" Y="369" T="0" />
		<Point X="212" Y="378" T="0" />
		<Point X="215" Y="384" T="0" />
		<Point X="216" Y="389" T="0" />
		<Point X="217" Y="392" T="0" />
		<Point X="217" Y="393" T="0" />
	</Stroke>
</Gesture> 
