<?xml version="1.0" encoding="utf-8" standalone="yes"?>
<Gesture Name="asterisk07">
	<Stroke>
		<Point X="293" Y="219" T="0" />
		<Point X="288" Y="229" T="0" />
		<Point X="283" Y="240" T="0" />
		<Point X="273" Y="257" T="0" />
		<Point X="262" Y="277" T="0" />
		<Point X="249" Y="295" T="0" />
		<Point X="237" Y="312" T="0" />
		<Point X="226" Y="328" T="0" />
		<Point X="216" Y="343" T="0" />
		<Point X="207" Y="358" T="0" />
		<Point X="199" Y="372" T="0" />
		<Point X="195" Y="381" T="0" />
		<Point X="193" Y="385" T="0" />
		<Point X="192" Y="388" T="0" />
		<Point X="192" Y="389" T="0" />
	</Stroke>
	<Stroke>
		<Point X="194" Y="218" T="0" />
		<Point X="195" Y="221" T="0" />
		<Point X="201" Y="232" T="0" />
		<Point X="211" Y="250" T="0" />
		<Point X="222" Y="272" T="0" />
		<Point X="235" Y="298" T="0" />
		<Point X="246" Y="326" T="0" />
		<Point X="254" Y="350" T="0" />
		<Point X="258" Y="365" T="0" />
		<Point X="261" Y="376" T="0" />
		<Point X="262" Y="386" T="0" />
		<Point X="262" Y="394" T="0" />
		<Point X="262" Y="399" T="0" />
		<Point X="262" Y="402" T="0" />
		<Point X="262" Y="403" T="0" />
		<Point X="262" Y="404" T="0" />
	</Stroke>
	<Stroke>
		<Point X="158" Y="304" T="0" />
		<Point X="159" Y="304" T="0" />
		<Point X="161" Y="304" T="0" />
		<Point X="170" Y="304" T="0" />
		<Point X="190" Y="304" T="0" />
		<Point X="208" Y="304" T="0" />
		<Point X="223" Y="303" T="0" />
		<Point X="237" Y="303" T="0" />
		<Point X="249" Y="303" T="0" />
		<Point X="263" Y="304" T="0" />
		<Point X="274" Y="304" T="0" />
		<Point X="286" Y="304" T="0" />
		<Point X="295" Y="304" T="0" />
		<Point X="302" Y="303" T="0" />
		<Point X="308" Y="302" T="0" />
		<Point X="314" Y="302" T="0" />
		<Point X="317" Y="302" T="0" />
	</Stroke>
</Gesture> 
