<?xml version="1.0" encoding="utf-8" standalone="yes"?>
<Gesture Name="asterisk06">
	<Stroke>
		<Point X="282" Y="243" T="0" />
		<Point X="282" Y="243" T="0" />
		<Point X="278" Y="250" T="0" />
		<Point X="273" Y="258" T="0" />
		<Point X="267" Y="269" T="0" />
		<Point X="259" Y="284" T="0" />
		<Point X="251" Y="300" T="0" />
		<Point X="244" Y="311" T="0" />
		<Point X="242" Y="316" T="0" />
		<Point X="240" Y="318" T="0" />
		<Point X="239" Y="320" T="0" />
		<Point X="238" Y="322" T="0" />
		<Point X="236" Y="325" T="0" />
		<Point X="234" Y="328" T="0" />
		<Point X="230" Y="332" T="0" />
		<Point X="227" Y="336" T="0" />
	</Stroke>
	<Stroke>
		<Point X="224" Y="237" T="0" />
		<Point X="225" Y="238" T="0" />
		<Point X="233" Y="249" T="0" />
		<Point X="243" Y="263" T="0" />
		<Point X="256" Y="279" T="0" />
		<Point X="265" Y="293" T="0" />
		<Point X="271" Y="302" T="0" />
		<Point X="275" Y="310" T="0" />
		<Point X="277" Y="316" T="0" />
		<Point X="279" Y="322" T="0" />
		<Point X="281" Y="327" T="0" />
		<Point X="283" Y="331" T="0" />
		<Point X="283" Y="335" T="0" />
		<Point X="284" Y="336" T="0" />
	</Stroke>
	<Stroke>
		<Point X="198" Y="286" T="0" />
		<Point X="198" Y="287" T="0" />
		<Point X="199" Y="287" T="0" />
		<Point X="201" Y="287" T="0" />
		<Point X="205" Y="288" T="0" />
		<Point X="214" Y="288" T="0" />
		<Point X="227" Y="288" T="0" />
		<Point X="241" Y="287" T="0" />
		<Point X="260" Y="286" T="0" />
		<Point X="277" Y="285" T="0" />
		<Point X="289" Y="284" T="0" />
		<Point X="297" Y="284" T="0" />
		<Point X="301" Y="283" T="0" />
	</Stroke>
</Gesture> 
