<?xml version="1.0" encoding="utf-8" standalone="yes"?>
<Gesture Name="asterisk01">
	<Stroke>
		<Point X="373" Y="210" T="0" />
		<Point X="372" Y="211" T="0" />
		<Point X="370" Y="214" T="0" />
		<Point X="365" Y="222" T="0" />
		<Point X="350" Y="237" T="0" />
		<Point X="324" Y="262" T="0" />
		<Point X="290" Y="291" T="0" />
		<Point X="256" Y="319" T="0" />
		<Point X="232" Y="339" T="0" />
		<Point X="215" Y="356" T="0" />
		<Point X="207" Y="365" T="0" />
		<Point X="204" Y="370" T="0" />
	</Stroke>
	<Stroke>
		<Point X="219" Y="181" T="0" />
		<Point X="225" Y="190" T="0" />
		<Point X="241" Y="217" T="0" />
		<Point X="269" Y="259" T="0" />
		<Point X="306" Y="317" T="0" />
		<Point X="336" Y="369" T="0" />
		<Point X="353" Y="401" T="0" />
		<Point X="360" Y="416" T="0" />
		<Point X="362" Y="420" T="0" />
	</Stroke>
	<Stroke>
		<Point X="181" Y="299" T="0" />
		<Point X="182" Y="299" T="0" />
		<Point X="189" Y="298" T="0" />
		<Point X="205" Y="297" T="0" />
		<Point X="231" Y="294" T="0" />
		<Point X="264" Y="291" T="0" />
		<Point X="306" Y="287" T="0" />
		<Point X="353" Y="283" T="0" />
		<Point X="391" Y="281" T="0" />
		<Point X="412" Y="281" T="0" />
	</Stroke>
</Gesture> 
