<?xml version="1.0" encoding="utf-8" standalone="yes"?>
<Gesture Name="asterisk09">
	<Stroke>
		<Point X="314" Y="265" T="0" />
		<Point X="314" Y="265" T="0" />
		<Point X="314" Y="265" T="0" />
		<Point X="313" Y="267" T="0" />
		<Point X="307" Y="273" T="0" />
		<Point X="293" Y="284" T="0" />
		<Point X="269" Y="300" T="0" />
		<Point X="247" Y="319" T="0" />
		<Point X="227" Y="340" T="0" />
		<Point X="212" Y="358" T="0" />
		<Point X="206" Y="369" T="0" />
		<Point X="203" Y="375" T="0" />
		<Point X="203" Y="377" T="0" />
	</Stroke>
	<Stroke>
		<Point X="217" Y="234" T="0" />
		<Point X="218" Y="235" T="0" />
		<Point X="225" Y="241" T="0" />
		<Point X="237" Y="253" T="0" />
		<Point X="255" Y="274" T="0" />
		<Point X="272" Y="302" T="0" />
		<Point X="284" Y="330" T="0" />
		<Point X="292" Y="348" T="0" />
		<Point X="296" Y="359" T="0" />
		<Point X="298" Y="366" T="0" />
		<Point X="299" Y="371" T="0" />
		<Point X="299" Y="373" T="0" />
		<Point X="299" Y="374" T="0" />
	</Stroke>
	<Stroke>
		<Point X="197" Y="310" T="0" />
		<Point X="197" Y="311" T="0" />
		<Point X="198" Y="311" T="0" />
		<Point X="207" Y="312" T="0" />
		<Point X="227" Y="314" T="0" />
		<Point X="248" Y="314" T="0" />
		<Point X="274" Y="314" T="0" />
		<Point X="292" Y="314" T="0" />
		<Point X="303" Y="314" T="0" />
		<Point X="307" Y="314" T="0" />
		<Point X="308" Y="313" T="0" />
		<Point X="310" Y="312" T="0" />
		<Point X="312" Y="311" T="0" />
		<Point X="316" Y="310" T="0" />
	</Stroke>
</Gesture> 
