<?xml version="1.0" encoding="utf-8" standalone="yes"?>
<Gesture Name="asterisk04">
	<Stroke>
		<Point X="276" Y="213" T="0" />
		<Point X="272" Y="217" T="0" />
		<Point X="262" Y="227" T="0" />
		<Point X="243" Y="244" T="0" />
		<Point X="220" Y="265" T="0" />
		<Point X="198" Y="289" T="0" />
		<Point X="180" Y="309" T="0" />
		<Point X="169" Y="323" T="0" />
		<Point X="166" Y="327" T="0" />
	</Stroke>
	<Stroke>
		<Point X="173" Y="207" T="0" />
		<Point X="174" Y="210" T="0" />
		<Point X="178" Y="225" T="0" />
		<Point X="186" Y="252" T="0" />
		<Point X="195" Y="283" T="0" />
		<Point X="204" Y="312" T="0" />
		<Point X="211" Y="332" T="0" />
		<Point X="214" Y="342" T="0" />
		<Point X="215" Y="347" T="0" />
	</Stroke>
	<Stroke>
		<Point X="140" Y="275" T="0" />
		<Point X="140" Y="274" T="0" />
		<Point X="141" Y="274" T="0" />
		<Point X="149" Y="273" T="0" />
		<Point X="167" Y="273" T="0" />
		<Point X="196" Y="274" T="0" />
		<Point X="231" Y="277" T="0" />
		<Point X="256" Y="280" T="0" />
		<Point X="271" Y="281" T="0" />
	</Stroke>
</Gesture> 
