<?xml version="1.0" encoding="utf-8" standalone="yes"?>
<Gesture Name="asterisk08">
	<Stroke>
		<Point X="309" Y="198" T="0" />
		<Point X="309" Y="198" T="0" />
		<Point X="309" Y="200" T="0" />
		<Point X="308" Y="203" T="0" />
		<Point X="302" Y="214" T="0" />
		<Point X="293" Y="229" T="0" />
		<Point X="279" Y="251" T="0" />
		<Point X="259" Y="281" T="0" />
		<Point X="247" Y="299" T="0" />
		<Point X="234" Y="317" T="0" />
		<Point X="225" Y="328" T="0" />
		<Point X="219" Y="335" T="0" />
		<Point X="218" Y="338" T="0" />
		<Point X="217" Y="338" T="0" />
		<Point X="217" Y="339" T="0" />
		<Point X="217" Y="340" T="0" />
		<Point X="213" Y="346" T="0" />
		<Point X="211" Y="349" T="0" />
	</Stroke>
	<Stroke>
		<Point X="225" Y="193" T="0" />
		<Point X="226" Y="194" T="0" />
		<Point X="229" Y="206" T="0" />
		<Point X="237" Y="228" T="0" />
		<Point X="250" Y="258" T="0" />
		<Point X="266" Y="286" T="0" />
		<Point X="278" Y="304" T="0" />
		<Point X="287" Y="315" T="0" />
		<Point X="294" Y="325" T="0" />
		<Point X="299" Y="334" T="0" />
		<Point X="302" Y="341" T="0" />
		<Point X="304" Y="350" T="0" />
		<Point X="307" Y="359" T="0" />
		<Point X="309" Y="366" T="0" />
		<Point X="312" Y="370" T="0" />
		<Point X="313" Y="373" T="0" />
	</Stroke>
	<Stroke>
		<Point X="154" Y="265" T="0" />
		<Point X="155" Y="265" T="0" />
		<Point X="156" Y="265" T="0" />
		<Point X="162" Y="265" T="0" />
		<Point X="175" Y="265" T="0" />
		<Point X="204" Y="268" T="0" />
		<Point X="245" Y="271" T="0" />
		<Point X="287" Y="271" T="0" />
		<Point X="323" Y="271" T="0" />
		<Point X="348" Y="271" T="0" />
		<Point X="360" Y="272" T="0" />
		<Point X="368" Y="272" T="0" />
	</Stroke>
</Gesture> 
