<?xml version="1.0" encoding="utf-8" standalone="yes"?>
<Gesture Name="asterisk02">
	<Stroke>
		<Point X="387" Y="222" T="0" />
		<Point X="385" Y="222" T="0" />
		<Point X="376" Y="225" T="0" />
		<Point X="354" Y="232" T="0" />
		<Point X="320" Y="242" T="0" />
		<Point X="283" Y="254" T="0" />
		<Point X="247" Y="267" T="0" />
		<Point X="219" Y="280" T="0" />
		<Point X="206" Y="290" T="0" />
		<Point X="198" Y="298" T="0" />
		<Point X="192" Y="305" T="0" />
		<Point X="187" Y="310" T="0" />
		<Point X="183" Y="313" T="0" />
	</Stroke>
	<Stroke>
		<Point X="241" Y="166" T="0" />
		<Point X="253" Y="179" T="0" />
		<Point X="274" Y="205" T="0" />
		<Point X="300" Y="243" T="0" />
		<Point X="322" Y="282" T="0" />
		<Point X="339" Y="318" T="0" />
		<Point X="352" Y="346" T="0" />
		<Point X="359" Y="362" T="0" />
		<Point X="362" Y="370" T="0" />
	</Stroke>
	<Stroke>
		<Point X="132" Y="231" T="0" />
		<Point X="133" Y="232" T="0" />
		<Point X="134" Y="232" T="0" />
		<Point X="137" Y="232" T="0" />
		<Point X="153" Y="232" T="0" />
		<Point X="182" Y="235" T="0" />
		<Point X="219" Y="240" T="0" />
		<Point X="263" Y="243" T="0" />
		<Point X="303" Y="248" T="0" />
		<Point X="336" Y="253" T="0" />
		<Point X="357" Y="258" T="0" />
		<Point X="372" Y="262" T="0" />
		<Point X="384" Y="264" T="0" />
		<Point X="393" Y="265" T="0" />
		<Point X="398" Y="265" T="0" />
		<Point X="402" Y="265" T="0" />
	</Stroke>
</Gesture> 
