<?xml version="1.0" encoding="utf-8" standalone="yes"?>
<Gesture Name="asterisk03">
	<Stroke>
		<Point X="370" Y="211" T="0" />
		<Point X="366" Y="215" T="0" />
		<Point X="356" Y="224" T="0" />
		<Point X="335" Y="241" T="0" />
		<Point X="308" Y="259" T="0" />
		<Point X="273" Y="280" T="0" />
		<Point X="251" Y="298" T="0" />
		<Point X="240" Y="307" T="0" />
		<Point X="236" Y="310" T="0" />
	</Stroke>
	<Stroke>
		<Point X="243" Y="174" T="0" />
		<Point X="245" Y="177" T="0" />
		<Point X="255" Y="196" T="0" />
		<Point X="274" Y="232" T="0" />
		<Point X="294" Y="266" T="0" />
		<Point X="313" Y="292" T="0" />
		<Point X="326" Y="309" T="0" />
		<Point X="332" Y="317" T="0" />
		<Point X="334" Y="321" T="0" />
	</Stroke>
	<Stroke>
		<Point X="232" Y="268" T="0" />
		<Point X="234" Y="268" T="0" />
		<Point X="244" Y="266" T="0" />
		<Point X="267" Y="264" T="0" />
		<Point X="300" Y="260" T="0" />
		<Point X="340" Y="255" T="0" />
		<Point X="375" Y="253" T="0" />
		<Point X="401" Y="252" T="0" />
		<Point X="413" Y="252" T="0" />
	</Stroke>
</Gesture> 
