<?xml version="1.0" encoding="utf-8" standalone="yes"?>
<Gesture Name="asterisk05">
	<Stroke>
		<Point X="280" Y="194" T="0" />
		<Point X="278" Y="196" T="0" />
		<Point X="270" Y="210" T="0" />
		<Point X="254" Y="240" T="0" />
		<Point X="236" Y="274" T="0" />
		<Point X="220" Y="306" T="0" />
		<Point X="208" Y="328" T="0" />
		<Point X="203" Y="339" T="0" />
		<Point X="202" Y="342" T="0" />
		<Point X="202" Y="341" T="0" />
	</Stroke>
	<Stroke>
		<Point X="200" Y="189" T="0" />
		<Point X="201" Y="194" T="0" />
		<Point X="208" Y="214" T="0" />
		<Point X="221" Y="241" T="0" />
		<Point X="244" Y="275" T="0" />
		<Point X="267" Y="305" T="0" />
		<Point X="284" Y="324" T="0" />
		<Point X="294" Y="336" T="0" />
		<Point X="299" Y="343" T="0" />
		<Point X="300" Y="346" T="0" />
	</Stroke>
	<Stroke>
		<Point X="165" Y="280" T="0" />
		<Point X="166" Y="279" T="0" />
		<Point X="176" Y="277" T="0" />
		<Point X="203" Y="275" T="0" />
		<Point X="243" Y="272" T="0" />
		<Point X="288" Y="270" T="0" />
		<Point X="329" Y="268" T="0" />
		<Point X="351" Y="268" T="0" />
		<Point X="358" Y="268" T="0" />
	</Stroke>
</Gesture> 
