<?xml version="1.0" encoding="utf-8" standalone="yes"?>
<Gesture Name="D01">
	<Stroke>
		<Point X="178" Y="249" T="0" />
		<Point X="178" Y="249" T="0" />
		<Point X="178" Y="250" T="0" />
		<Point X="178" Y="251" T="0" />
		<Point X="179" Y="261" T="0" />
		<Point X="179" Y="282" T="0" />
		<Point X="176" Y="317" T="0" />
		<Point X="168" Y="357" T="0" />
		<Point X="162" Y="396" T="0" />
		<Point X="158" Y="427" T="0" />
		<Point X="158" Y="440" T="0" />
		<Point X="158" Y="444" T="0" />
		<Point X="159" Y="441" T="0" />
	</Stroke>
	<Stroke>
		<Point X="172" Y="252" T="0" />
		<Point X="173" Y="251" T="0" />
		<Point X="174" Y="250" T="0" />
		<Point X="176" Y="249" T="0" />
		<Point X="180" Y="247" T="0" />
		<Point X="188" Y="247" T="0" />
		<Point X="201" Y="247" T="0" />
		<Point X="221" Y="251" T="0" />
		<Point X="242" Y="257" T="0" />
		<Point X="257" Y="263" T="0" />
		<Point X="267" Y="270" T="0" />
		<Point X="273" Y="278" T="0" />
		<Point X="277" Y="288" T="0" />
		<Point X="280" Y="303" T="0" />
		<Point X="281" Y="318" T="0" />
		<Point X="281" Y="332" T="0" />
		<Point X="281" Y="347" T="0" />
		<Point X="272" Y="364" T="0" />
		<Point X="257" Y="383" T="0" />
		<Point X="232" Y="402" T="0" />
		<Point X="198" Y="424" T="0" />
		<Point X="162" Y="443" T="0" />
		<Point X="132" Y="454" T="0" />
		<Point X="115" Y="459" T="0" />
		<Point X="108" Y="460" T="0" />
		<Point X="108" Y="459" T="0" />
	</Stroke>
</Gesture> 
