<?xml version="1.0" encoding="utf-8" standalone="yes"?>
<Gesture Name="D02">
	<Stroke>
		<Point X="182" Y="198" T="0" />
		<Point X="182" Y="199" T="0" />
		<Point X="182" Y="209" T="0" />
		<Point X="180" Y="231" T="0" />
		<Point X="179" Y="262" T="0" />
		<Point X="176" Y="296" T="0" />
		<Point X="172" Y="333" T="0" />
		<Point X="170" Y="356" T="0" />
		<Point X="170" Y="366" T="0" />
		<Point X="170" Y="365" T="0" />
		<Point X="171" Y="362" T="0" />
	</Stroke>
	<Stroke>
		<Point X="171" Y="211" T="0" />
		<Point X="172" Y="211" T="0" />
		<Point X="173" Y="211" T="0" />
		<Point X="176" Y="211" T="0" />
		<Point X="178" Y="210" T="0" />
		<Point X="182" Y="208" T="0" />
		<Point X="185" Y="206" T="0" />
		<Point X="188" Y="205" T="0" />
		<Point X="193" Y="204" T="0" />
		<Point X="199" Y="202" T="0" />
		<Point X="208" Y="201" T="0" />
		<Point X="217" Y="201" T="0" />
		<Point X="224" Y="201" T="0" />
		<Point X="232" Y="202" T="0" />
		<Point X="240" Y="207" T="0" />
		<Point X="246" Y="215" T="0" />
		<Point X="251" Y="230" T="0" />
		<Point X="253" Y="245" T="0" />
		<Point X="253" Y="259" T="0" />
		<Point X="253" Y="270" T="0" />
		<Point X="250" Y="277" T="0" />
		<Point X="245" Y="287" T="0" />
		<Point X="236" Y="298" T="0" />
		<Point X="221" Y="312" T="0" />
		<Point X="203" Y="328" T="0" />
		<Point X="189" Y="338" T="0" />
		<Point X="180" Y="342" T="0" />
		<Point X="174" Y="342" T="0" />
		<Point X="169" Y="342" T="0" />
		<Point X="165" Y="342" T="0" />
		<Point X="161" Y="342" T="0" />
		<Point X="160" Y="342" T="0" />
		<Point X="158" Y="342" T="0" />
		<Point X="156" Y="339" T="0" />
	</Stroke>
</Gesture> 
