<?xml version="1.0" encoding="utf-8" standalone="yes"?>
<Gesture Name="D03">
	<Stroke>
		<Point X="161" Y="156" T="0" />
		<Point X="161" Y="156" T="0" />
		<Point X="162" Y="159" T="0" />
		<Point X="163" Y="179" T="0" />
		<Point X="166" Y="213" T="0" />
		<Point X="169" Y="259" T="0" />
		<Point X="172" Y="310" T="0" />
		<Point X="177" Y="367" T="0" />
		<Point X="183" Y="412" T="0" />
		<Point X="187" Y="432" T="0" />
		<Point X="189" Y="436" T="0" />
		<Point X="189" Y="435" T="0" />
		<Point X="189" Y="431" T="0" />
	</Stroke>
	<Stroke>
		<Point X="161" Y="158" T="0" />
		<Point X="162" Y="158" T="0" />
		<Point X="163" Y="158" T="0" />
		<Point X="171" Y="157" T="0" />
		<Point X="189" Y="155" T="0" />
		<Point X="215" Y="155" T="0" />
		<Point X="242" Y="156" T="0" />
		<Point X="266" Y="160" T="0" />
		<Point X="284" Y="167" T="0" />
		<Point X="299" Y="176" T="0" />
		<Point X="311" Y="190" T="0" />
		<Point X="323" Y="208" T="0" />
		<Point X="335" Y="234" T="0" />
		<Point X="345" Y="260" T="0" />
		<Point X="349" Y="277" T="0" />
		<Point X="351" Y="291" T="0" />
		<Point X="351" Y="301" T="0" />
		<Point X="349" Y="310" T="0" />
		<Point X="345" Y="319" T="0" />
		<Point X="340" Y="328" T="0" />
		<Point X="331" Y="342" T="0" />
		<Point X="317" Y="356" T="0" />
		<Point X="306" Y="366" T="0" />
		<Point X="291" Y="373" T="0" />
		<Point X="279" Y="378" T="0" />
		<Point X="271" Y="381" T="0" />
		<Point X="261" Y="384" T="0" />
		<Point X="250" Y="387" T="0" />
		<Point X="238" Y="390" T="0" />
		<Point X="224" Y="394" T="0" />
		<Point X="215" Y="396" T="0" />
		<Point X="210" Y="398" T="0" />
		<Point X="208" Y="399" T="0" />
		<Point X="206" Y="400" T="0" />
		<Point X="203" Y="401" T="0" />
		<Point X="199" Y="404" T="0" />
		<Point X="197" Y="405" T="0" />
		<Point X="196" Y="405" T="0" />
	</Stroke>
</Gesture> 
