<?xml version="1.0" encoding="utf-8" standalone="yes"?>
<Gesture Name="D04">
	<Stroke>
		<Point X="185" Y="156" T="0" />
		<Point X="184" Y="165" T="0" />
		<Point X="178" Y="183" T="0" />
		<Point X="171" Y="215" T="0" />
		<Point X="162" Y="256" T="0" />
		<Point X="155" Y="297" T="0" />
		<Point X="149" Y="335" T="0" />
		<Point X="143" Y="361" T="0" />
		<Point X="140" Y="379" T="0" />
		<Point X="139" Y="389" T="0" />
	</Stroke>
	<Stroke>
		<Point X="192" Y="160" T="0" />
		<Point X="193" Y="160" T="0" />
		<Point X="194" Y="160" T="0" />
		<Point X="209" Y="161" T="0" />
		<Point X="233" Y="162" T="0" />
		<Point X="257" Y="165" T="0" />
		<Point X="274" Y="169" T="0" />
		<Point X="283" Y="173" T="0" />
		<Point X="287" Y="177" T="0" />
		<Point X="289" Y="185" T="0" />
		<Point X="290" Y="197" T="0" />
		<Point X="291" Y="212" T="0" />
		<Point X="292" Y="233" T="0" />
		<Point X="292" Y="252" T="0" />
		<Point X="292" Y="264" T="0" />
		<Point X="289" Y="273" T="0" />
		<Point X="283" Y="280" T="0" />
		<Point X="274" Y="288" T="0" />
		<Point X="259" Y="298" T="0" />
		<Point X="236" Y="311" T="0" />
		<Point X="209" Y="326" T="0" />
		<Point X="184" Y="341" T="0" />
		<Point X="161" Y="355" T="0" />
		<Point X="142" Y="367" T="0" />
		<Point X="130" Y="374" T="0" />
		<Point X="126" Y="375" T="0" />
		<Point X="125" Y="375" T="0" />
		<Point X="124" Y="375" T="0" />
		<Point X="121" Y="375" T="0" />
		<Point X="117" Y="375" T="0" />
		<Point X="115" Y="375" T="0" />
	</Stroke>
</Gesture> 
