<?xml version="1.0" encoding="utf-8" standalone="yes"?>
<Gesture Name="D05">
	<Stroke>
		<Point X="189" Y="188" T="0" />
		<Point X="189" Y="191" T="0" />
		<Point X="187" Y="199" T="0" />
		<Point X="184" Y="220" T="0" />
		<Point X="180" Y="255" T="0" />
		<Point X="176" Y="296" T="0" />
		<Point X="171" Y="345" T="0" />
		<Point X="167" Y="387" T="0" />
		<Point X="166" Y="411" T="0" />
		<Point X="166" Y="424" T="0" />
	</Stroke>
	<Stroke>
		<Point X="191" Y="194" T="0" />
		<Point X="191" Y="193" T="0" />
		<Point X="192" Y="193" T="0" />
		<Point X="194" Y="193" T="0" />
		<Point X="201" Y="194" T="0" />
		<Point X="213" Y="199" T="0" />
		<Point X="230" Y="208" T="0" />
		<Point X="250" Y="219" T="0" />
		<Point X="272" Y="230" T="0" />
		<Point X="291" Y="240" T="0" />
		<Point X="300" Y="246" T="0" />
		<Point X="303" Y="248" T="0" />
		<Point X="303" Y="251" T="0" />
		<Point X="303" Y="256" T="0" />
		<Point X="302" Y="267" T="0" />
		<Point X="297" Y="285" T="0" />
		<Point X="285" Y="312" T="0" />
		<Point X="266" Y="343" T="0" />
		<Point X="244" Y="374" T="0" />
		<Point X="222" Y="395" T="0" />
		<Point X="209" Y="406" T="0" />
		<Point X="200" Y="412" T="0" />
		<Point X="193" Y="417" T="0" />
		<Point X="187" Y="419" T="0" />
		<Point X="180" Y="422" T="0" />
		<Point X="173" Y="424" T="0" />
		<Point X="169" Y="425" T="0" />
		<Point X="166" Y="426" T="0" />
		<Point X="163" Y="427" T="0" />
		<Point X="160" Y="428" T="0" />
		<Point X="159" Y="428" T="0" />
		<Point X="157" Y="429" T="0" />
		<Point X="155" Y="429" T="0" />
		<Point X="152" Y="428" T="0" />
	</Stroke>
</Gesture> 
