<?xml version="1.0" encoding="utf-8" standalone="yes"?>
<Gesture Name="D06">
	<Stroke>
		<Point X="199" Y="160" T="0" />
		<Point X="199" Y="161" T="0" />
		<Point X="196" Y="173" T="0" />
		<Point X="188" Y="195" T="0" />
		<Point X="178" Y="229" T="0" />
		<Point X="168" Y="268" T="0" />
		<Point X="162" Y="306" T="0" />
		<Point X="160" Y="331" T="0" />
		<Point X="160" Y="346" T="0" />
		<Point X="162" Y="354" T="0" />
		<Point X="163" Y="355" T="0" />
	</Stroke>
	<Stroke>
		<Point X="199" Y="163" T="0" />
		<Point X="200" Y="163" T="0" />
		<Point X="204" Y="163" T="0" />
		<Point X="217" Y="167" T="0" />
		<Point X="235" Y="174" T="0" />
		<Point X="255" Y="185" T="0" />
		<Point X="272" Y="198" T="0" />
		<Point X="286" Y="212" T="0" />
		<Point X="298" Y="225" T="0" />
		<Point X="305" Y="237" T="0" />
		<Point X="308" Y="251" T="0" />
		<Point X="308" Y="266" T="0" />
		<Point X="302" Y="282" T="0" />
		<Point X="291" Y="300" T="0" />
		<Point X="273" Y="321" T="0" />
		<Point X="251" Y="337" T="0" />
		<Point X="222" Y="351" T="0" />
		<Point X="194" Y="359" T="0" />
		<Point X="174" Y="362" T="0" />
		<Point X="162" Y="364" T="0" />
		<Point X="155" Y="364" T="0" />
		<Point X="150" Y="364" T="0" />
		<Point X="146" Y="362" T="0" />
		<Point X="144" Y="361" T="0" />
	</Stroke>
</Gesture> 
