<?xml version="1.0" encoding="utf-8" standalone="yes"?>
<Gesture Name="D07">
	<Stroke>
		<Point X="204" Y="199" T="0" />
		<Point X="204" Y="205" T="0" />
		<Point X="205" Y="215" T="0" />
		<Point X="207" Y="232" T="0" />
		<Point X="209" Y="261" T="0" />
		<Point X="211" Y="299" T="0" />
		<Point X="211" Y="341" T="0" />
		<Point X="211" Y="375" T="0" />
		<Point X="211" Y="396" T="0" />
		<Point X="211" Y="410" T="0" />
		<Point X="211" Y="415" T="0" />
		<Point X="211" Y="415" T="0" />
	</Stroke>
	<Stroke>
		<Point X="209" Y="198" T="0" />
		<Point X="211" Y="198" T="0" />
		<Point X="215" Y="198" T="0" />
		<Point X="224" Y="199" T="0" />
		<Point X="242" Y="201" T="0" />
		<Point X="261" Y="204" T="0" />
		<Point X="283" Y="209" T="0" />
		<Point X="301" Y="212" T="0" />
		<Point X="312" Y="215" T="0" />
		<Point X="318" Y="219" T="0" />
		<Point X="324" Y="224" T="0" />
		<Point X="329" Y="231" T="0" />
		<Point X="336" Y="243" T="0" />
		<Point X="341" Y="255" T="0" />
		<Point X="347" Y="268" T="0" />
		<Point X="351" Y="279" T="0" />
		<Point X="353" Y="291" T="0" />
		<Point X="353" Y="304" T="0" />
		<Point X="353" Y="317" T="0" />
		<Point X="350" Y="331" T="0" />
		<Point X="346" Y="342" T="0" />
		<Point X="341" Y="351" T="0" />
		<Point X="331" Y="362" T="0" />
		<Point X="318" Y="376" T="0" />
		<Point X="300" Y="393" T="0" />
		<Point X="283" Y="408" T="0" />
		<Point X="267" Y="421" T="0" />
		<Point X="254" Y="428" T="0" />
		<Point X="244" Y="432" T="0" />
		<Point X="235" Y="434" T="0" />
		<Point X="226" Y="434" T="0" />
		<Point X="220" Y="434" T="0" />
		<Point X="213" Y="434" T="0" />
		<Point X="210" Y="434" T="0" />
		<Point X="208" Y="434" T="0" />
		<Point X="206" Y="433" T="0" />
		<Point X="204" Y="433" T="0" />
		<Point X="202" Y="431" T="0" />
		<Point X="199" Y="431" T="0" />
		<Point X="198" Y="431" T="0" />
	</Stroke>
</Gesture> 
