<?xml version="1.0" encoding="utf-8" standalone="yes"?>
<Gesture Name="D08">
	<Stroke>
		<Point X="180" Y="212" T="0" />
		<Point X="180" Y="212" T="0" />
		<Point X="179" Y="215" T="0" />
		<Point X="178" Y="223" T="0" />
		<Point X="175" Y="240" T="0" />
		<Point X="172" Y="264" T="0" />
		<Point X="168" Y="288" T="0" />
		<Point X="166" Y="314" T="0" />
		<Point X="165" Y="335" T="0" />
		<Point X="164" Y="353" T="0" />
		<Point X="164" Y="364" T="0" />
		<Point X="164" Y="376" T="0" />
		<Point X="163" Y="384" T="0" />
		<Point X="162" Y="391" T="0" />
		<Point X="162" Y="393" T="0" />
		<Point X="162" Y="392" T="0" />
	</Stroke>
	<Stroke>
		<Point X="182" Y="216" T="0" />
		<Point X="186" Y="213" T="0" />
		<Point X="190" Y="212" T="0" />
		<Point X="196" Y="211" T="0" />
		<Point X="203" Y="211" T="0" />
		<Point X="211" Y="211" T="0" />
		<Point X="220" Y="213" T="0" />
		<Point X="229" Y="216" T="0" />
		<Point X="235" Y="219" T="0" />
		<Point X="240" Y="223" T="0" />
		<Point X="243" Y="227" T="0" />
		<Point X="248" Y="233" T="0" />
		<Point X="252" Y="240" T="0" />
		<Point X="254" Y="248" T="0" />
		<Point X="256" Y="260" T="0" />
		<Point X="256" Y="272" T="0" />
		<Point X="256" Y="289" T="0" />
		<Point X="256" Y="305" T="0" />
		<Point X="254" Y="326" T="0" />
		<Point X="250" Y="343" T="0" />
		<Point X="246" Y="354" T="0" />
		<Point X="243" Y="359" T="0" />
		<Point X="242" Y="362" T="0" />
		<Point X="238" Y="366" T="0" />
		<Point X="233" Y="370" T="0" />
		<Point X="225" Y="375" T="0" />
		<Point X="215" Y="377" T="0" />
		<Point X="204" Y="379" T="0" />
		<Point X="195" Y="381" T="0" />
		<Point X="188" Y="382" T="0" />
		<Point X="182" Y="384" T="0" />
		<Point X="176" Y="385" T="0" />
		<Point X="172" Y="385" T="0" />
		<Point X="167" Y="385" T="0" />
		<Point X="160" Y="385" T="0" />
		<Point X="154" Y="385" T="0" />
	</Stroke>
</Gesture> 
