<?xml version="1.0" encoding="utf-8" standalone="yes"?>
<Gesture Name="D09">
	<Stroke>
		<Point X="160" Y="175" T="0" />
		<Point X="160" Y="179" T="0" />
		<Point X="160" Y="184" T="0" />
		<Point X="161" Y="196" T="0" />
		<Point X="163" Y="219" T="0" />
		<Point X="165" Y="257" T="0" />
		<Point X="166" Y="301" T="0" />
		<Point X="166" Y="335" T="0" />
		<Point X="166" Y="358" T="0" />
		<Point X="166" Y="370" T="0" />
		<Point X="166" Y="378" T="0" />
		<Point X="166" Y="385" T="0" />
		<Point X="166" Y="391" T="0" />
		<Point X="166" Y="397" T="0" />
		<Point X="166" Y="398" T="0" />
		<Point X="166" Y="398" T="0" />
		<Point X="166" Y="397" T="0" />
		<Point X="166" Y="393" T="0" />
	</Stroke>
	<Stroke>
		<Point X="170" Y="174" T="0" />
		<Point X="186" Y="177" T="0" />
		<Point X="207" Y="177" T="0" />
		<Point X="232" Y="177" T="0" />
		<Point X="255" Y="177" T="0" />
		<Point X="272" Y="177" T="0" />
		<Point X="284" Y="177" T="0" />
		<Point X="291" Y="179" T="0" />
		<Point X="295" Y="181" T="0" />
		<Point X="300" Y="189" T="0" />
		<Point X="306" Y="201" T="0" />
		<Point X="310" Y="214" T="0" />
		<Point X="313" Y="228" T="0" />
		<Point X="315" Y="245" T="0" />
		<Point X="315" Y="257" T="0" />
		<Point X="314" Y="272" T="0" />
		<Point X="310" Y="288" T="0" />
		<Point X="304" Y="305" T="0" />
		<Point X="296" Y="319" T="0" />
		<Point X="289" Y="329" T="0" />
		<Point X="281" Y="341" T="0" />
		<Point X="271" Y="353" T="0" />
		<Point X="259" Y="362" T="0" />
		<Point X="249" Y="369" T="0" />
		<Point X="240" Y="372" T="0" />
		<Point X="229" Y="374" T="0" />
		<Point X="216" Y="377" T="0" />
		<Point X="202" Y="380" T="0" />
		<Point X="189" Y="384" T="0" />
		<Point X="181" Y="385" T="0" />
		<Point X="177" Y="385" T="0" />
		<Point X="176" Y="385" T="0" />
	</Stroke>
</Gesture> 
