<?xml version="1.0" encoding="utf-8" standalone="yes"?>
<Gesture Name="D10">
	<Stroke>
		<Point X="102" Y="157" T="0" />
		<Point X="102" Y="157" T="0" />
		<Point X="102" Y="158" T="0" />
		<Point X="102" Y="170" T="0" />
		<Point X="102" Y="190" T="0" />
		<Point X="102" Y="219" T="0" />
		<Point X="101" Y="254" T="0" />
		<Point X="99" Y="283" T="0" />
		<Point X="99" Y="306" T="0" />
		<Point X="100" Y="325" T="0" />
		<Point X="103" Y="336" T="0" />
		<Point X="103" Y="340" T="0" />
		<Point X="103" Y="340" T="0" />
	</Stroke>
	<Stroke>
		<Point X="111" Y="155" T="0" />
		<Point X="112" Y="155" T="0" />
		<Point X="122" Y="157" T="0" />
		<Point X="135" Y="161" T="0" />
		<Point X="150" Y="166" T="0" />
		<Point X="164" Y="173" T="0" />
		<Point X="175" Y="178" T="0" />
		<Point X="181" Y="183" T="0" />
		<Point X="189" Y="189" T="0" />
		<Point X="196" Y="195" T="0" />
		<Point X="201" Y="201" T="0" />
		<Point X="206" Y="209" T="0" />
		<Point X="209" Y="216" T="0" />
		<Point X="211" Y="222" T="0" />
		<Point X="211" Y="232" T="0" />
		<Point X="211" Y="242" T="0" />
		<Point X="208" Y="254" T="0" />
		<Point X="203" Y="267" T="0" />
		<Point X="196" Y="278" T="0" />
		<Point X="189" Y="286" T="0" />
		<Point X="182" Y="291" T="0" />
		<Point X="173" Y="296" T="0" />
		<Point X="163" Y="301" T="0" />
		<Point X="153" Y="306" T="0" />
		<Point X="141" Y="312" T="0" />
		<Point X="132" Y="315" T="0" />
		<Point X="125" Y="318" T="0" />
		<Point X="120" Y="319" T="0" />
		<Point X="117" Y="319" T="0" />
	</Stroke>
</Gesture> 
