<?xml version="1.0" encoding="utf-8" standalone="yes"?>
<Gesture Name="exclamation_point02">
	<Stroke>
		<Point X="216" Y="156" T="0" />
		<Point X="217" Y="162" T="0" />
		<Point X="221" Y="179" T="0" />
		<Point X="227" Y="207" T="0" />
		<Point X="232" Y="244" T="0" />
		<Point X="237" Y="281" T="0" />
		<Point X="238" Y="305" T="0" />
		<Point X="240" Y="318" T="0" />
	</Stroke>
	<Stroke>
		<Point X="244" Y="351" T="0" />
		<Point X="244" Y="350" T="0" />
		<Point X="244" Y="349" T="0" />
		<Point X="243" Y="349" T="0" />
		<Point X="242" Y="349" T="0" />
		<Point X="242" Y="350" T="0" />
		<Point X="242" Y="351" T="0" />
		<Point X="242" Y="354" T="0" />
		<Point X="242" Y="356" T="0" />
		<Point X="242" Y="359" T="0" />
		<Point X="243" Y="361" T="0" />
		<Point X="244" Y="361" T="0" />
		<Point X="245" Y="361" T="0" />
		<Point X="246" Y="361" T="0" />
		<Point X="247" Y="361" T="0" />
		<Point X="248" Y="361" T="0" />
		<Point X="249" Y="361" T="0" />
		<Point X="249" Y="360" T="0" />
		<Point X="249" Y="359" T="0" />
		<Point X="249" Y="356" T="0" />
		<Point X="249" Y="354" T="0" />
		<Point X="248" Y="352" T="0" />
		<Point X="248" Y="351" T="0" />
		<Point X="246" Y="350" T="0" />
		<Point X="244" Y="350" T="0" />
		<Point X="243" Y="350" T="0" />
		<Point X="242" Y="350" T="0" />
		<Point X="239" Y="352" T="0" />
		<Point X="237" Y="355" T="0" />
		<Point X="235" Y="357" T="0" />
		<Point X="235" Y="358" T="0" />
	</Stroke>
</Gesture> 
