<?xml version="1.0" encoding="utf-8" standalone="yes"?>
<Gesture Name="exclamation_point10">
	<Stroke>
		<Point X="245" Y="124" T="0" />
		<Point X="244" Y="124" T="0" />
		<Point X="243" Y="125" T="0" />
		<Point X="241" Y="131" T="0" />
		<Point X="239" Y="141" T="0" />
		<Point X="235" Y="160" T="0" />
		<Point X="231" Y="190" T="0" />
		<Point X="224" Y="231" T="0" />
		<Point X="222" Y="264" T="0" />
		<Point X="222" Y="285" T="0" />
		<Point X="223" Y="296" T="0" />
		<Point X="224" Y="299" T="0" />
		<Point X="225" Y="300" T="0" />
		<Point X="226" Y="301" T="0" />
		<Point X="226" Y="301" T="0" />
		<Point X="227" Y="303" T="0" />
		<Point X="228" Y="306" T="0" />
		<Point X="230" Y="311" T="0" />
	</Stroke>
	<Stroke>
		<Point X="223" Y="328" T="0" />
		<Point X="223" Y="330" T="0" />
		<Point X="223" Y="331" T="0" />
		<Point X="223" Y="332" T="0" />
		<Point X="223" Y="334" T="0" />
		<Point X="223" Y="337" T="0" />
		<Point X="223" Y="340" T="0" />
		<Point X="224" Y="343" T="0" />
		<Point X="225" Y="347" T="0" />
		<Point X="226" Y="350" T="0" />
		<Point X="228" Y="353" T="0" />
		<Point X="229" Y="353" T="0" />
		<Point X="230" Y="353" T="0" />
		<Point X="231" Y="352" T="0" />
		<Point X="231" Y="348" T="0" />
		<Point X="232" Y="344" T="0" />
		<Point X="232" Y="341" T="0" />
		<Point X="232" Y="338" T="0" />
		<Point X="232" Y="336" T="0" />
		<Point X="231" Y="335" T="0" />
		<Point X="230" Y="335" T="0" />
		<Point X="229" Y="335" T="0" />
		<Point X="229" Y="336" T="0" />
		<Point X="228" Y="338" T="0" />
	</Stroke>
</Gesture> 
