<?xml version="1.0" encoding="utf-8" standalone="yes"?>
<Gesture Name="exclamation_point03">
	<Stroke>
		<Point X="259" Y="153" T="0" />
		<Point X="259" Y="153" T="0" />
		<Point X="260" Y="157" T="0" />
		<Point X="260" Y="175" T="0" />
		<Point X="260" Y="205" T="0" />
		<Point X="255" Y="241" T="0" />
		<Point X="250" Y="273" T="0" />
		<Point X="249" Y="294" T="0" />
		<Point X="248" Y="304" T="0" />
	</Stroke>
	<Stroke>
		<Point X="251" Y="330" T="0" />
		<Point X="250" Y="330" T="0" />
		<Point X="247" Y="330" T="0" />
		<Point X="245" Y="331" T="0" />
		<Point X="243" Y="332" T="0" />
		<Point X="241" Y="333" T="0" />
		<Point X="240" Y="334" T="0" />
		<Point X="239" Y="335" T="0" />
		<Point X="238" Y="337" T="0" />
		<Point X="237" Y="340" T="0" />
		<Point X="238" Y="345" T="0" />
		<Point X="243" Y="350" T="0" />
		<Point X="247" Y="352" T="0" />
		<Point X="251" Y="353" T="0" />
		<Point X="252" Y="353" T="0" />
		<Point X="253" Y="353" T="0" />
		<Point X="253" Y="352" T="0" />
		<Point X="254" Y="348" T="0" />
		<Point X="254" Y="343" T="0" />
		<Point X="253" Y="339" T="0" />
		<Point X="251" Y="335" T="0" />
		<Point X="247" Y="332" T="0" />
		<Point X="244" Y="332" T="0" />
		<Point X="242" Y="331" T="0" />
	</Stroke>
</Gesture> 
