<?xml version="1.0" encoding="utf-8" standalone="yes"?>
<Gesture Name="exclamation_point06">
	<Stroke>
		<Point X="196" Y="173" T="0" />
		<Point X="196" Y="173" T="0" />
		<Point X="199" Y="180" T="0" />
		<Point X="203" Y="204" T="0" />
		<Point X="204" Y="246" T="0" />
		<Point X="204" Y="291" T="0" />
		<Point X="202" Y="330" T="0" />
		<Point X="199" Y="360" T="0" />
		<Point X="199" Y="371" T="0" />
		<Point X="198" Y="375" T="0" />
		<Point X="198" Y="376" T="0" />
	</Stroke>
	<Stroke>
		<Point X="200" Y="406" T="0" />
		<Point X="200" Y="405" T="0" />
		<Point X="200" Y="404" T="0" />
		<Point X="199" Y="404" T="0" />
		<Point X="198" Y="404" T="0" />
		<Point X="196" Y="404" T="0" />
		<Point X="193" Y="405" T="0" />
		<Point X="188" Y="407" T="0" />
		<Point X="186" Y="408" T="0" />
		<Point X="184" Y="408" T="0" />
		<Point X="184" Y="409" T="0" />
		<Point X="184" Y="412" T="0" />
		<Point X="185" Y="415" T="0" />
		<Point X="186" Y="418" T="0" />
		<Point X="188" Y="420" T="0" />
		<Point X="190" Y="421" T="0" />
		<Point X="191" Y="421" T="0" />
		<Point X="193" Y="421" T="0" />
		<Point X="193" Y="420" T="0" />
		<Point X="193" Y="419" T="0" />
		<Point X="193" Y="417" T="0" />
		<Point X="193" Y="415" T="0" />
		<Point X="193" Y="412" T="0" />
		<Point X="193" Y="409" T="0" />
		<Point X="193" Y="406" T="0" />
		<Point X="193" Y="405" T="0" />
	</Stroke>
</Gesture> 
