<?xml version="1.0" encoding="utf-8" standalone="yes"?>
<Gesture Name="exclamation_point09">
	<Stroke>
		<Point X="203" Y="171" T="0" />
		<Point X="203" Y="171" T="0" />
		<Point X="203" Y="172" T="0" />
		<Point X="200" Y="184" T="0" />
		<Point X="195" Y="204" T="0" />
		<Point X="186" Y="239" T="0" />
		<Point X="177" Y="285" T="0" />
		<Point X="168" Y="339" T="0" />
		<Point X="164" Y="385" T="0" />
		<Point X="163" Y="401" T="0" />
		<Point X="164" Y="411" T="0" />
		<Point X="166" Y="413" T="0" />
		<Point X="166" Y="413" T="0" />
	</Stroke>
	<Stroke>
		<Point X="158" Y="423" T="0" />
		<Point X="158" Y="424" T="0" />
		<Point X="158" Y="425" T="0" />
		<Point X="158" Y="427" T="0" />
		<Point X="160" Y="429" T="0" />
		<Point X="161" Y="433" T="0" />
		<Point X="162" Y="436" T="0" />
		<Point X="163" Y="438" T="0" />
		<Point X="163" Y="439" T="0" />
		<Point X="164" Y="437" T="0" />
		<Point X="164" Y="434" T="0" />
		<Point X="162" Y="430" T="0" />
		<Point X="158" Y="425" T="0" />
		<Point X="156" Y="421" T="0" />
		<Point X="154" Y="419" T="0" />
		<Point X="153" Y="419" T="0" />
		<Point X="152" Y="419" T="0" />
		<Point X="151" Y="419" T="0" />
		<Point X="150" Y="419" T="0" />
		<Point X="149" Y="421" T="0" />
		<Point X="149" Y="424" T="0" />
		<Point X="149" Y="425" T="0" />
		<Point X="149" Y="426" T="0" />
		<Point X="149" Y="427" T="0" />
		<Point X="151" Y="429" T="0" />
		<Point X="153" Y="430" T="0" />
	</Stroke>
</Gesture> 
