<?xml version="1.0" encoding="utf-8" standalone="yes"?>
<Gesture Name="exclamation_point07">
	<Stroke>
		<Point X="276" Y="168" T="0" />
		<Point X="276" Y="168" T="0" />
		<Point X="276" Y="171" T="0" />
		<Point X="276" Y="182" T="0" />
		<Point X="276" Y="201" T="0" />
		<Point X="275" Y="230" T="0" />
		<Point X="275" Y="268" T="0" />
		<Point X="275" Y="306" T="0" />
		<Point X="276" Y="337" T="0" />
		<Point X="279" Y="354" T="0" />
		<Point X="280" Y="366" T="0" />
		<Point X="282" Y="375" T="0" />
		<Point X="282" Y="380" T="0" />
		<Point X="282" Y="383" T="0" />
		<Point X="282" Y="385" T="0" />
		<Point X="282" Y="386" T="0" />
		<Point X="282" Y="387" T="0" />
		<Point X="282" Y="388" T="0" />
		<Point X="283" Y="391" T="0" />
	</Stroke>
	<Stroke>
		<Point X="285" Y="411" T="0" />
		<Point X="285" Y="412" T="0" />
		<Point X="285" Y="417" T="0" />
		<Point X="285" Y="419" T="0" />
		<Point X="285" Y="423" T="0" />
		<Point X="285" Y="424" T="0" />
		<Point X="286" Y="424" T="0" />
		<Point X="288" Y="424" T="0" />
		<Point X="289" Y="424" T="0" />
		<Point X="293" Y="424" T="0" />
		<Point X="298" Y="423" T="0" />
		<Point X="302" Y="421" T="0" />
		<Point X="304" Y="418" T="0" />
		<Point X="305" Y="415" T="0" />
		<Point X="305" Y="413" T="0" />
		<Point X="306" Y="411" T="0" />
		<Point X="306" Y="409" T="0" />
		<Point X="306" Y="408" T="0" />
		<Point X="306" Y="407" T="0" />
		<Point X="305" Y="406" T="0" />
		<Point X="304" Y="406" T="0" />
		<Point X="303" Y="406" T="0" />
		<Point X="302" Y="406" T="0" />
		<Point X="298" Y="409" T="0" />
		<Point X="292" Y="412" T="0" />
		<Point X="284" Y="415" T="0" />
		<Point X="278" Y="417" T="0" />
	</Stroke>
</Gesture> 
