<?xml version="1.0" encoding="utf-8" standalone="yes"?>
<Gesture Name="exclamation_point01">
	<Stroke>
		<Point X="207" Y="125" T="0" />
		<Point X="207" Y="132" T="0" />
		<Point X="208" Y="144" T="0" />
		<Point X="210" Y="164" T="0" />
		<Point X="210" Y="193" T="0" />
		<Point X="207" Y="229" T="0" />
		<Point X="203" Y="263" T="0" />
		<Point X="202" Y="284" T="0" />
		<Point X="202" Y="297" T="0" />
		<Point X="202" Y="303" T="0" />
		<Point X="202" Y="308" T="0" />
		<Point X="202" Y="313" T="0" />
		<Point X="202" Y="317" T="0" />
	</Stroke>
	<Stroke>
		<Point X="193" Y="345" T="0" />
		<Point X="194" Y="345" T="0" />
		<Point X="195" Y="345" T="0" />
		<Point X="196" Y="345" T="0" />
		<Point X="198" Y="345" T="0" />
		<Point X="201" Y="345" T="0" />
		<Point X="204" Y="344" T="0" />
		<Point X="207" Y="343" T="0" />
		<Point X="211" Y="343" T="0" />
		<Point X="213" Y="340" T="0" />
		<Point X="215" Y="338" T="0" />
		<Point X="216" Y="333" T="0" />
		<Point X="216" Y="329" T="0" />
		<Point X="216" Y="326" T="0" />
		<Point X="216" Y="323" T="0" />
		<Point X="214" Y="322" T="0" />
		<Point X="210" Y="321" T="0" />
		<Point X="206" Y="321" T="0" />
		<Point X="204" Y="321" T="0" />
		<Point X="200" Y="324" T="0" />
		<Point X="195" Y="329" T="0" />
		<Point X="190" Y="337" T="0" />
		<Point X="189" Y="345" T="0" />
		<Point X="188" Y="349" T="0" />
		<Point X="188" Y="352" T="0" />
		<Point X="189" Y="355" T="0" />
		<Point X="191" Y="357" T="0" />
	</Stroke>
</Gesture> 
