<?xml version="1.0" encoding="utf-8" standalone="yes"?>
<Gesture Name="exclamation_point04">
	<Stroke>
		<Point X="208" Y="145" T="0" />
		<Point X="209" Y="147" T="0" />
		<Point X="211" Y="152" T="0" />
		<Point X="212" Y="165" T="0" />
		<Point X="212" Y="189" T="0" />
		<Point X="207" Y="218" T="0" />
		<Point X="201" Y="255" T="0" />
		<Point X="195" Y="290" T="0" />
		<Point X="194" Y="314" T="0" />
		<Point X="194" Y="327" T="0" />
	</Stroke>
	<Stroke>
		<Point X="194" Y="337" T="0" />
		<Point X="194" Y="338" T="0" />
		<Point X="193" Y="338" T="0" />
		<Point X="192" Y="340" T="0" />
		<Point X="190" Y="343" T="0" />
		<Point X="189" Y="347" T="0" />
		<Point X="187" Y="352" T="0" />
		<Point X="186" Y="357" T="0" />
		<Point X="186" Y="360" T="0" />
		<Point X="186" Y="361" T="0" />
		<Point X="188" Y="361" T="0" />
		<Point X="190" Y="361" T="0" />
		<Point X="193" Y="361" T="0" />
		<Point X="195" Y="360" T="0" />
		<Point X="198" Y="358" T="0" />
		<Point X="199" Y="356" T="0" />
		<Point X="201" Y="355" T="0" />
		<Point X="202" Y="353" T="0" />
		<Point X="202" Y="352" T="0" />
		<Point X="203" Y="349" T="0" />
		<Point X="203" Y="345" T="0" />
		<Point X="203" Y="342" T="0" />
		<Point X="203" Y="339" T="0" />
		<Point X="201" Y="336" T="0" />
		<Point X="199" Y="335" T="0" />
		<Point X="197" Y="335" T="0" />
		<Point X="195" Y="335" T="0" />
		<Point X="192" Y="335" T="0" />
	</Stroke>
</Gesture> 
