<?xml version="1.0" encoding="utf-8" standalone="yes"?>
<Gesture Name="exclamation_point05">
	<Stroke>
		<Point X="233" Y="132" T="0" />
		<Point X="232" Y="145" T="0" />
		<Point X="228" Y="165" T="0" />
		<Point X="223" Y="197" T="0" />
		<Point X="217" Y="239" T="0" />
		<Point X="213" Y="277" T="0" />
		<Point X="210" Y="309" T="0" />
		<Point X="210" Y="324" T="0" />
	</Stroke>
	<Stroke>
		<Point X="213" Y="329" T="0" />
		<Point X="213" Y="330" T="0" />
		<Point X="211" Y="330" T="0" />
		<Point X="210" Y="331" T="0" />
		<Point X="209" Y="331" T="0" />
		<Point X="209" Y="332" T="0" />
		<Point X="207" Y="334" T="0" />
		<Point X="207" Y="335" T="0" />
		<Point X="207" Y="336" T="0" />
		<Point X="207" Y="337" T="0" />
		<Point X="207" Y="339" T="0" />
		<Point X="208" Y="341" T="0" />
		<Point X="209" Y="343" T="0" />
		<Point X="211" Y="345" T="0" />
		<Point X="214" Y="347" T="0" />
		<Point X="216" Y="347" T="0" />
		<Point X="217" Y="347" T="0" />
		<Point X="218" Y="347" T="0" />
		<Point X="218" Y="345" T="0" />
		<Point X="219" Y="341" T="0" />
		<Point X="220" Y="336" T="0" />
		<Point X="220" Y="331" T="0" />
		<Point X="219" Y="327" T="0" />
		<Point X="218" Y="323" T="0" />
		<Point X="216" Y="322" T="0" />
		<Point X="215" Y="322" T="0" />
		<Point X="214" Y="322" T="0" />
		<Point X="212" Y="323" T="0" />
	</Stroke>
</Gesture> 
