<?xml version="1.0" encoding="utf-8" standalone="yes"?>
<Gesture Name="exclamation_point08">
	<Stroke>
		<Point X="259" Y="182" T="0" />
		<Point X="259" Y="182" T="0" />
		<Point X="259" Y="187" T="0" />
		<Point X="257" Y="199" T="0" />
		<Point X="257" Y="216" T="0" />
		<Point X="256" Y="238" T="0" />
		<Point X="255" Y="266" T="0" />
		<Point X="254" Y="289" T="0" />
		<Point X="254" Y="303" T="0" />
		<Point X="254" Y="312" T="0" />
		<Point X="254" Y="321" T="0" />
		<Point X="254" Y="328" T="0" />
		<Point X="254" Y="335" T="0" />
		<Point X="254" Y="337" T="0" />
		<Point X="254" Y="338" T="0" />
		<Point X="254" Y="339" T="0" />
		<Point X="254" Y="340" T="0" />
		<Point X="254" Y="342" T="0" />
	</Stroke>
	<Stroke>
		<Point X="265" Y="360" T="0" />
		<Point X="264" Y="360" T="0" />
		<Point X="263" Y="360" T="0" />
		<Point X="262" Y="360" T="0" />
		<Point X="260" Y="360" T="0" />
		<Point X="259" Y="360" T="0" />
		<Point X="258" Y="360" T="0" />
		<Point X="258" Y="361" T="0" />
		<Point X="257" Y="361" T="0" />
		<Point X="256" Y="363" T="0" />
		<Point X="255" Y="364" T="0" />
		<Point X="254" Y="366" T="0" />
		<Point X="254" Y="368" T="0" />
		<Point X="255" Y="369" T="0" />
		<Point X="256" Y="369" T="0" />
		<Point X="257" Y="369" T="0" />
		<Point X="260" Y="370" T="0" />
		<Point X="262" Y="370" T="0" />
		<Point X="263" Y="370" T="0" />
		<Point X="263" Y="369" T="0" />
		<Point X="262" Y="366" T="0" />
		<Point X="262" Y="364" T="0" />
		<Point X="261" Y="364" T="0" />
		<Point X="261" Y="363" T="0" />
		<Point X="260" Y="363" T="0" />
		<Point X="259" Y="363" T="0" />
	</Stroke>
</Gesture> 
