<?xml version="1.0" encoding="utf-8" standalone="yes"?>
<Gesture Name="five_point_star09">
	<Stroke>
		<Point X="116" Y="221" T="0" />
		<Point X="117" Y="222" T="0" />
		<Point X="119" Y="223" T="0" />
		<Point X="128" Y="224" T="0" />
		<Point X="148" Y="226" T="0" />
		<Point X="198" Y="227" T="0" />
		<Point X="269" Y="223" T="0" />
		<Point X="363" Y="206" T="0" />
		<Point X="445" Y="188" T="0" />
		<Point X="496" Y="176" T="0" />
		<Point X="499" Y="176" T="0" />
		<Point X="477" Y="186" T="0" />
		<Point X="448" Y="200" T="0" />
		<Point X="404" Y="224" T="0" />
		<Point X="362" Y="250" T="0" />
		<Point X="323" Y="275" T="0" />
		<Point X="290" Y="300" T="0" />
		<Point X="273" Y="319" T="0" />
		<Point X="266" Y="329" T="0" />
		<Point X="265" Y="335" T="0" />
		<Point X="263" Y="339" T="0" />
		<Point X="261" Y="342" T="0" />
		<Point X="256" Y="348" T="0" />
		<Point X="252" Y="351" T="0" />
		<Point X="250" Y="352" T="0" />
		<Point X="248" Y="344" T="0" />
		<Point X="243" Y="329" T="0" />
		<Point X="238" Y="302" T="0" />
		<Point X="235" Y="265" T="0" />
		<Point X="234" Y="220" T="0" />
		<Point X="237" Y="178" T="0" />
		<Point X="248" Y="138" T="0" />
		<Point X="261" Y="113" T="0" />
		<Point X="271" Y="94" T="0" />
		<Point X="278" Y="85" T="0" />
		<Point X="282" Y="82" T="0" />
		<Point X="286" Y="82" T="0" />
		<Point X="289" Y="81" T="0" />
		<Point X="295" Y="83" T="0" />
		<Point X="306" Y="95" T="0" />
		<Point X="324" Y="121" T="0" />
		<Point X="346" Y="162" T="0" />
		<Point X="369" Y="208" T="0" />
		<Point X="390" Y="244" T="0" />
		<Point X="403" Y="266" T="0" />
		<Point X="409" Y="279" T="0" />
		<Point X="409" Y="285" T="0" />
		<Point X="409" Y="290" T="0" />
		<Point X="409" Y="294" T="0" />
		<Point X="408" Y="303" T="0" />
		<Point X="407" Y="315" T="0" />
		<Point X="404" Y="325" T="0" />
		<Point X="403" Y="332" T="0" />
		<Point X="402" Y="336" T="0" />
		<Point X="401" Y="335" T="0" />
		<Point X="395" Y="326" T="0" />
		<Point X="385" Y="314" T="0" />
		<Point X="362" Y="296" T="0" />
		<Point X="317" Y="272" T="0" />
		<Point X="249" Y="249" T="0" />
		<Point X="172" Y="232" T="0" />
		<Point X="100" Y="221" T="0" />
		<Point X="55" Y="216" T="0" />
		<Point X="32" Y="216" T="0" />
	</Stroke>
</Gesture> 
