<?xml version="1.0" encoding="utf-8" standalone="yes"?>
<Gesture Name="five_point_star06">
	<Stroke>
		<Point X="140" Y="223" T="0" />
		<Point X="140" Y="223" T="0" />
		<Point X="141" Y="223" T="0" />
		<Point X="150" Y="222" T="0" />
		<Point X="174" Y="221" T="0" />
		<Point X="211" Y="218" T="0" />
		<Point X="265" Y="211" T="0" />
		<Point X="313" Y="205" T="0" />
		<Point X="347" Y="199" T="0" />
		<Point X="362" Y="196" T="0" />
		<Point X="363" Y="194" T="0" />
		<Point X="363" Y="195" T="0" />
		<Point X="362" Y="199" T="0" />
		<Point X="351" Y="216" T="0" />
		<Point X="332" Y="242" T="0" />
		<Point X="307" Y="273" T="0" />
		<Point X="289" Y="299" T="0" />
		<Point X="280" Y="315" T="0" />
		<Point X="277" Y="322" T="0" />
		<Point X="277" Y="324" T="0" />
		<Point X="277" Y="323" T="0" />
		<Point X="277" Y="318" T="0" />
		<Point X="277" Y="305" T="0" />
		<Point X="277" Y="288" T="0" />
		<Point X="273" Y="265" T="0" />
		<Point X="265" Y="239" T="0" />
		<Point X="257" Y="215" T="0" />
		<Point X="251" Y="199" T="0" />
		<Point X="248" Y="189" T="0" />
		<Point X="248" Y="183" T="0" />
		<Point X="248" Y="181" T="0" />
		<Point X="248" Y="180" T="0" />
		<Point X="251" Y="180" T="0" />
		<Point X="257" Y="180" T="0" />
		<Point X="265" Y="182" T="0" />
		<Point X="276" Y="190" T="0" />
		<Point X="291" Y="205" T="0" />
		<Point X="308" Y="225" T="0" />
		<Point X="325" Y="247" T="0" />
		<Point X="337" Y="262" T="0" />
		<Point X="343" Y="273" T="0" />
		<Point X="347" Y="278" T="0" />
		<Point X="349" Y="281" T="0" />
		<Point X="348" Y="281" T="0" />
		<Point X="344" Y="281" T="0" />
		<Point X="330" Y="272" T="0" />
		<Point X="302" Y="256" T="0" />
		<Point X="268" Y="239" T="0" />
		<Point X="235" Y="226" T="0" />
		<Point X="210" Y="220" T="0" />
		<Point X="195" Y="217" T="0" />
		<Point X="188" Y="216" T="0" />
		<Point X="186" Y="216" T="0" />
		<Point X="185" Y="216" T="0" />
	</Stroke>
</Gesture> 
