<?xml version="1.0" encoding="utf-8" standalone="yes"?>
<Gesture Name="five_point_star10">
	<Stroke>
		<Point X="133" Y="278" T="0" />
		<Point X="133" Y="278" T="0" />
		<Point X="133" Y="277" T="0" />
		<Point X="139" Y="274" T="0" />
		<Point X="153" Y="269" T="0" />
		<Point X="171" Y="265" T="0" />
		<Point X="192" Y="261" T="0" />
		<Point X="209" Y="260" T="0" />
		<Point X="222" Y="259" T="0" />
		<Point X="233" Y="258" T="0" />
		<Point X="240" Y="257" T="0" />
		<Point X="248" Y="256" T="0" />
		<Point X="260" Y="254" T="0" />
		<Point X="272" Y="253" T="0" />
		<Point X="282" Y="253" T="0" />
		<Point X="286" Y="252" T="0" />
		<Point X="287" Y="252" T="0" />
		<Point X="288" Y="252" T="0" />
		<Point X="287" Y="253" T="0" />
		<Point X="282" Y="261" T="0" />
		<Point X="267" Y="277" T="0" />
		<Point X="247" Y="301" T="0" />
		<Point X="227" Y="329" T="0" />
		<Point X="212" Y="353" T="0" />
		<Point X="204" Y="370" T="0" />
		<Point X="202" Y="378" T="0" />
		<Point X="201" Y="379" T="0" />
		<Point X="201" Y="378" T="0" />
		<Point X="201" Y="372" T="0" />
		<Point X="202" Y="353" T="0" />
		<Point X="205" Y="322" T="0" />
		<Point X="208" Y="278" T="0" />
		<Point X="209" Y="237" T="0" />
		<Point X="210" Y="197" T="0" />
		<Point X="211" Y="172" T="0" />
		<Point X="212" Y="161" T="0" />
		<Point X="212" Y="159" T="0" />
		<Point X="212" Y="160" T="0" />
		<Point X="214" Y="169" T="0" />
		<Point X="216" Y="181" T="0" />
		<Point X="220" Y="194" T="0" />
		<Point X="228" Y="217" T="0" />
		<Point X="243" Y="256" T="0" />
		<Point X="257" Y="287" T="0" />
		<Point X="267" Y="312" T="0" />
		<Point X="272" Y="323" T="0" />
		<Point X="273" Y="328" T="0" />
		<Point X="273" Y="332" T="0" />
		<Point X="273" Y="336" T="0" />
		<Point X="273" Y="340" T="0" />
		<Point X="273" Y="341" T="0" />
		<Point X="273" Y="342" T="0" />
		<Point X="271" Y="346" T="0" />
		<Point X="267" Y="349" T="0" />
		<Point X="264" Y="351" T="0" />
		<Point X="264" Y="352" T="0" />
		<Point X="263" Y="352" T="0" />
		<Point X="262" Y="350" T="0" />
		<Point X="258" Y="342" T="0" />
		<Point X="250" Y="333" T="0" />
		<Point X="238" Y="321" T="0" />
		<Point X="219" Y="306" T="0" />
		<Point X="191" Y="289" T="0" />
		<Point X="167" Y="276" T="0" />
		<Point X="149" Y="268" T="0" />
		<Point X="139" Y="266" T="0" />
		<Point X="135" Y="266" T="0" />
	</Stroke>
</Gesture> 
