<?xml version="1.0" encoding="utf-8" standalone="yes"?>
<Gesture Name="five_point_star04">
	<Stroke>
		<Point X="142" Y="252" T="0" />
		<Point X="142" Y="252" T="0" />
		<Point X="144" Y="252" T="0" />
		<Point X="159" Y="252" T="0" />
		<Point X="191" Y="251" T="0" />
		<Point X="245" Y="245" T="0" />
		<Point X="299" Y="238" T="0" />
		<Point X="335" Y="231" T="0" />
		<Point X="352" Y="226" T="0" />
		<Point X="354" Y="225" T="0" />
		<Point X="354" Y="226" T="0" />
		<Point X="352" Y="229" T="0" />
		<Point X="342" Y="242" T="0" />
		<Point X="322" Y="262" T="0" />
		<Point X="296" Y="287" T="0" />
		<Point X="268" Y="318" T="0" />
		<Point X="241" Y="348" T="0" />
		<Point X="219" Y="375" T="0" />
		<Point X="207" Y="390" T="0" />
		<Point X="205" Y="395" T="0" />
		<Point X="206" Y="390" T="0" />
		<Point X="209" Y="380" T="0" />
		<Point X="210" Y="364" T="0" />
		<Point X="212" Y="339" T="0" />
		<Point X="213" Y="308" T="0" />
		<Point X="214" Y="276" T="0" />
		<Point X="215" Y="242" T="0" />
		<Point X="218" Y="214" T="0" />
		<Point X="223" Y="192" T="0" />
		<Point X="226" Y="178" T="0" />
		<Point X="230" Y="170" T="0" />
		<Point X="230" Y="168" T="0" />
		<Point X="231" Y="169" T="0" />
		<Point X="232" Y="171" T="0" />
		<Point X="238" Y="188" T="0" />
		<Point X="249" Y="221" T="0" />
		<Point X="260" Y="264" T="0" />
		<Point X="275" Y="320" T="0" />
		<Point X="289" Y="358" T="0" />
		<Point X="298" Y="379" T="0" />
		<Point X="303" Y="390" T="0" />
		<Point X="303" Y="392" T="0" />
		<Point X="303" Y="391" T="0" />
		<Point X="303" Y="388" T="0" />
		<Point X="298" Y="379" T="0" />
		<Point X="290" Y="369" T="0" />
		<Point X="275" Y="356" T="0" />
		<Point X="248" Y="338" T="0" />
		<Point X="212" Y="316" T="0" />
		<Point X="175" Y="295" T="0" />
		<Point X="149" Y="280" T="0" />
	</Stroke>
</Gesture> 
