<?xml version="1.0" encoding="utf-8" standalone="yes"?>
<Gesture Name="five_point_star08">
	<Stroke>
		<Point X="150" Y="260" T="0" />
		<Point X="156" Y="258" T="0" />
		<Point X="171" Y="254" T="0" />
		<Point X="194" Y="250" T="0" />
		<Point X="221" Y="244" T="0" />
		<Point X="262" Y="236" T="0" />
		<Point X="304" Y="231" T="0" />
		<Point X="343" Y="227" T="0" />
		<Point X="369" Y="226" T="0" />
		<Point X="379" Y="225" T="0" />
		<Point X="382" Y="225" T="0" />
		<Point X="382" Y="225" T="0" />
		<Point X="380" Y="228" T="0" />
		<Point X="369" Y="239" T="0" />
		<Point X="347" Y="258" T="0" />
		<Point X="317" Y="281" T="0" />
		<Point X="272" Y="312" T="0" />
		<Point X="231" Y="337" T="0" />
		<Point X="204" Y="352" T="0" />
		<Point X="188" Y="361" T="0" />
		<Point X="181" Y="366" T="0" />
		<Point X="179" Y="367" T="0" />
		<Point X="179" Y="365" T="0" />
		<Point X="179" Y="356" T="0" />
		<Point X="184" Y="315" T="0" />
		<Point X="191" Y="270" T="0" />
		<Point X="201" Y="222" T="0" />
		<Point X="211" Y="181" T="0" />
		<Point X="221" Y="151" T="0" />
		<Point X="229" Y="132" T="0" />
		<Point X="235" Y="119" T="0" />
		<Point X="238" Y="115" T="0" />
		<Point X="239" Y="113" T="0" />
		<Point X="240" Y="115" T="0" />
		<Point X="250" Y="142" T="0" />
		<Point X="266" Y="190" T="0" />
		<Point X="286" Y="244" T="0" />
		<Point X="308" Y="293" T="0" />
		<Point X="325" Y="322" T="0" />
		<Point X="332" Y="334" T="0" />
		<Point X="334" Y="339" T="0" />
		<Point X="335" Y="341" T="0" />
		<Point X="334" Y="341" T="0" />
		<Point X="333" Y="341" T="0" />
		<Point X="332" Y="341" T="0" />
		<Point X="326" Y="335" T="0" />
		<Point X="318" Y="328" T="0" />
		<Point X="301" Y="314" T="0" />
		<Point X="277" Y="296" T="0" />
		<Point X="248" Y="276" T="0" />
		<Point X="218" Y="255" T="0" />
		<Point X="200" Y="246" T="0" />
		<Point X="191" Y="243" T="0" />
		<Point X="190" Y="243" T="0" />
		<Point X="189" Y="243" T="0" />
		<Point X="185" Y="243" T="0" />
		<Point X="181" Y="243" T="0" />
		<Point X="177" Y="243" T="0" />
		<Point X="176" Y="243" T="0" />
	</Stroke>
</Gesture> 
