<?xml version="1.0" encoding="utf-8" standalone="yes"?>
<Gesture Name="five_point_star02">
	<Stroke>
		<Point X="221" Y="235" T="0" />
		<Point X="221" Y="235" T="0" />
		<Point X="221" Y="234" T="0" />
		<Point X="223" Y="233" T="0" />
		<Point X="230" Y="231" T="0" />
		<Point X="247" Y="230" T="0" />
		<Point X="270" Y="228" T="0" />
		<Point X="290" Y="226" T="0" />
		<Point X="302" Y="225" T="0" />
		<Point X="310" Y="223" T="0" />
		<Point X="315" Y="221" T="0" />
		<Point X="318" Y="219" T="0" />
		<Point X="320" Y="219" T="0" />
		<Point X="321" Y="218" T="0" />
		<Point X="322" Y="217" T="0" />
		<Point X="328" Y="213" T="0" />
		<Point X="332" Y="211" T="0" />
		<Point X="335" Y="210" T="0" />
		<Point X="336" Y="210" T="0" />
		<Point X="336" Y="215" T="0" />
		<Point X="334" Y="222" T="0" />
		<Point X="328" Y="234" T="0" />
		<Point X="318" Y="251" T="0" />
		<Point X="309" Y="270" T="0" />
		<Point X="301" Y="286" T="0" />
		<Point X="296" Y="299" T="0" />
		<Point X="293" Y="308" T="0" />
		<Point X="290" Y="314" T="0" />
		<Point X="289" Y="317" T="0" />
		<Point X="289" Y="318" T="0" />
		<Point X="288" Y="320" T="0" />
		<Point X="288" Y="321" T="0" />
		<Point X="286" Y="323" T="0" />
		<Point X="285" Y="322" T="0" />
		<Point X="285" Y="320" T="0" />
		<Point X="283" Y="311" T="0" />
		<Point X="281" Y="297" T="0" />
		<Point X="279" Y="273" T="0" />
		<Point X="277" Y="247" T="0" />
		<Point X="271" Y="221" T="0" />
		<Point X="265" Y="198" T="0" />
		<Point X="262" Y="184" T="0" />
		<Point X="261" Y="174" T="0" />
		<Point X="261" Y="167" T="0" />
		<Point X="261" Y="163" T="0" />
		<Point X="261" Y="162" T="0" />
		<Point X="262" Y="162" T="0" />
		<Point X="262" Y="163" T="0" />
		<Point X="267" Y="170" T="0" />
		<Point X="274" Y="182" T="0" />
		<Point X="284" Y="199" T="0" />
		<Point X="296" Y="217" T="0" />
		<Point X="308" Y="234" T="0" />
		<Point X="317" Y="248" T="0" />
		<Point X="324" Y="260" T="0" />
		<Point X="329" Y="271" T="0" />
		<Point X="334" Y="283" T="0" />
		<Point X="337" Y="294" T="0" />
		<Point X="340" Y="303" T="0" />
		<Point X="342" Y="312" T="0" />
		<Point X="343" Y="316" T="0" />
		<Point X="344" Y="319" T="0" />
		<Point X="344" Y="320" T="0" />
		<Point X="344" Y="319" T="0" />
		<Point X="343" Y="317" T="0" />
		<Point X="340" Y="310" T="0" />
		<Point X="334" Y="303" T="0" />
		<Point X="323" Y="294" T="0" />
		<Point X="306" Y="284" T="0" />
		<Point X="284" Y="276" T="0" />
		<Point X="261" Y="271" T="0" />
		<Point X="241" Y="267" T="0" />
		<Point X="231" Y="265" T="0" />
		<Point X="224" Y="263" T="0" />
		<Point X="217" Y="260" T="0" />
		<Point X="209" Y="258" T="0" />
		<Point X="203" Y="256" T="0" />
	</Stroke>
</Gesture> 
