<?xml version="1.0" encoding="utf-8" standalone="yes"?>
<Gesture Name="five_point_star03">
	<Stroke>
		<Point X="82" Y="257" T="0" />
		<Point X="92" Y="256" T="0" />
		<Point X="114" Y="253" T="0" />
		<Point X="151" Y="248" T="0" />
		<Point X="193" Y="243" T="0" />
		<Point X="233" Y="236" T="0" />
		<Point X="265" Y="231" T="0" />
		<Point X="285" Y="228" T="0" />
		<Point X="291" Y="227" T="0" />
		<Point X="291" Y="228" T="0" />
		<Point X="290" Y="229" T="0" />
		<Point X="280" Y="242" T="0" />
		<Point X="260" Y="261" T="0" />
		<Point X="225" Y="292" T="0" />
		<Point X="192" Y="325" T="0" />
		<Point X="158" Y="359" T="0" />
		<Point X="134" Y="386" T="0" />
		<Point X="126" Y="396" T="0" />
		<Point X="125" Y="397" T="0" />
		<Point X="127" Y="390" T="0" />
		<Point X="130" Y="377" T="0" />
		<Point X="135" Y="360" T="0" />
		<Point X="142" Y="332" T="0" />
		<Point X="149" Y="294" T="0" />
		<Point X="152" Y="259" T="0" />
		<Point X="153" Y="225" T="0" />
		<Point X="153" Y="200" T="0" />
		<Point X="153" Y="185" T="0" />
		<Point X="153" Y="179" T="0" />
		<Point X="153" Y="178" T="0" />
		<Point X="158" Y="188" T="0" />
		<Point X="172" Y="216" T="0" />
		<Point X="198" Y="268" T="0" />
		<Point X="226" Y="322" T="0" />
		<Point X="250" Y="365" T="0" />
		<Point X="265" Y="389" T="0" />
		<Point X="273" Y="401" T="0" />
		<Point X="275" Y="404" T="0" />
		<Point X="275" Y="405" T="0" />
		<Point X="274" Y="404" T="0" />
		<Point X="269" Y="398" T="0" />
		<Point X="258" Y="386" T="0" />
		<Point X="239" Y="368" T="0" />
		<Point X="215" Y="346" T="0" />
		<Point X="181" Y="313" T="0" />
		<Point X="149" Y="287" T="0" />
		<Point X="114" Y="265" T="0" />
		<Point X="85" Y="252" T="0" />
		<Point X="68" Y="247" T="0" />
	</Stroke>
</Gesture> 
