<?xml version="1.0" encoding="utf-8" standalone="yes"?>
<Gesture Name="five_point_star05">
	<Stroke>
		<Point X="150" Y="284" T="0" />
		<Point X="154" Y="280" T="0" />
		<Point X="159" Y="278" T="0" />
		<Point X="170" Y="276" T="0" />
		<Point X="199" Y="274" T="0" />
		<Point X="248" Y="271" T="0" />
		<Point X="320" Y="268" T="0" />
		<Point X="383" Y="267" T="0" />
		<Point X="420" Y="264" T="0" />
		<Point X="432" Y="264" T="0" />
		<Point X="431" Y="265" T="0" />
		<Point X="425" Y="271" T="0" />
		<Point X="414" Y="282" T="0" />
		<Point X="395" Y="301" T="0" />
		<Point X="369" Y="325" T="0" />
		<Point X="334" Y="357" T="0" />
		<Point X="305" Y="383" T="0" />
		<Point X="290" Y="398" T="0" />
		<Point X="285" Y="403" T="0" />
		<Point X="285" Y="404" T="0" />
		<Point X="285" Y="403" T="0" />
		<Point X="285" Y="401" T="0" />
		<Point X="285" Y="389" T="0" />
		<Point X="282" Y="372" T="0" />
		<Point X="278" Y="342" T="0" />
		<Point X="272" Y="305" T="0" />
		<Point X="266" Y="270" T="0" />
		<Point X="262" Y="238" T="0" />
		<Point X="260" Y="220" T="0" />
		<Point X="259" Y="210" T="0" />
		<Point X="259" Y="207" T="0" />
		<Point X="260" Y="207" T="0" />
		<Point X="261" Y="207" T="0" />
		<Point X="267" Y="216" T="0" />
		<Point X="273" Y="230" T="0" />
		<Point X="284" Y="259" T="0" />
		<Point X="299" Y="308" T="0" />
		<Point X="311" Y="354" T="0" />
		<Point X="328" Y="393" T="0" />
		<Point X="339" Y="412" T="0" />
		<Point X="346" Y="420" T="0" />
		<Point X="348" Y="420" T="0" />
		<Point X="347" Y="416" T="0" />
		<Point X="343" Y="407" T="0" />
		<Point X="338" Y="398" T="0" />
		<Point X="331" Y="388" T="0" />
		<Point X="318" Y="374" T="0" />
		<Point X="297" Y="358" T="0" />
		<Point X="271" Y="342" T="0" />
		<Point X="233" Y="326" T="0" />
		<Point X="199" Y="314" T="0" />
		<Point X="170" Y="305" T="0" />
		<Point X="158" Y="301" T="0" />
		<Point X="152" Y="300" T="0" />
		<Point X="151" Y="300" T="0" />
		<Point X="150" Y="300" T="0" />
		<Point X="149" Y="300" T="0" />
	</Stroke>
</Gesture> 
