<?xml version="1.0" encoding="utf-8" standalone="yes"?>
<Gesture Name="five_point_star01">
	<Stroke>
		<Point X="178" Y="245" T="0" />
		<Point X="178" Y="244" T="0" />
		<Point X="178" Y="244" T="0" />
		<Point X="180" Y="243" T="0" />
		<Point X="187" Y="234" T="0" />
		<Point X="203" Y="219" T="0" />
		<Point X="224" Y="198" T="0" />
		<Point X="246" Y="174" T="0" />
		<Point X="262" Y="153" T="0" />
		<Point X="271" Y="137" T="0" />
		<Point X="275" Y="130" T="0" />
		<Point X="277" Y="127" T="0" />
		<Point X="278" Y="127" T="0" />
		<Point X="283" Y="131" T="0" />
		<Point X="295" Y="145" T="0" />
		<Point X="307" Y="162" T="0" />
		<Point X="318" Y="181" T="0" />
		<Point X="327" Y="200" T="0" />
		<Point X="333" Y="215" T="0" />
		<Point X="337" Y="229" T="0" />
		<Point X="339" Y="240" T="0" />
		<Point X="341" Y="246" T="0" />
		<Point X="342" Y="249" T="0" />
		<Point X="343" Y="251" T="0" />
		<Point X="343" Y="252" T="0" />
		<Point X="343" Y="253" T="0" />
		<Point X="342" Y="253" T="0" />
		<Point X="340" Y="254" T="0" />
		<Point X="331" Y="255" T="0" />
		<Point X="311" Y="255" T="0" />
		<Point X="280" Y="252" T="0" />
		<Point X="246" Y="248" T="0" />
		<Point X="219" Y="246" T="0" />
		<Point X="198" Y="246" T="0" />
		<Point X="185" Y="247" T="0" />
		<Point X="178" Y="248" T="0" />
		<Point X="176" Y="249" T="0" />
		<Point X="175" Y="249" T="0" />
		<Point X="174" Y="249" T="0" />
		<Point X="172" Y="249" T="0" />
		<Point X="170" Y="249" T="0" />
	</Stroke>
	<Stroke>
		<Point X="179" Y="188" T="0" />
		<Point X="180" Y="188" T="0" />
		<Point X="184" Y="187" T="0" />
		<Point X="197" Y="186" T="0" />
		<Point X="223" Y="184" T="0" />
		<Point X="264" Y="181" T="0" />
		<Point X="307" Y="179" T="0" />
		<Point X="346" Y="179" T="0" />
		<Point X="370" Y="179" T="0" />
		<Point X="383" Y="179" T="0" />
		<Point X="387" Y="179" T="0" />
		<Point X="388" Y="179" T="0" />
		<Point X="388" Y="180" T="0" />
		<Point X="384" Y="183" T="0" />
		<Point X="376" Y="190" T="0" />
		<Point X="360" Y="204" T="0" />
		<Point X="339" Y="222" T="0" />
		<Point X="309" Y="246" T="0" />
		<Point X="281" Y="269" T="0" />
		<Point X="261" Y="289" T="0" />
		<Point X="252" Y="303" T="0" />
		<Point X="249" Y="309" T="0" />
		<Point X="249" Y="310" T="0" />
		<Point X="249" Y="309" T="0" />
		<Point X="249" Y="304" T="0" />
		<Point X="248" Y="293" T="0" />
		<Point X="245" Y="276" T="0" />
		<Point X="241" Y="250" T="0" />
		<Point X="237" Y="226" T="0" />
		<Point X="230" Y="205" T="0" />
		<Point X="224" Y="187" T="0" />
		<Point X="220" Y="176" T="0" />
		<Point X="218" Y="168" T="0" />
		<Point X="216" Y="163" T="0" />
		<Point X="215" Y="160" T="0" />
		<Point X="214" Y="158" T="0" />
		<Point X="213" Y="158" T="0" />
	</Stroke>
</Gesture> 
