<?xml version="1.0" encoding="utf-8" standalone="yes"?>
<Gesture Name="H01">
	<Stroke>
		<Point X="170" Y="147" T="0" />
		<Point X="169" Y="156" T="0" />
		<Point X="168" Y="175" T="0" />
		<Point X="166" Y="205" T="0" />
		<Point X="163" Y="251" T="0" />
		<Point X="160" Y="294" T="0" />
		<Point X="158" Y="340" T="0" />
		<Point X="158" Y="377" T="0" />
		<Point X="162" Y="400" T="0" />
		<Point X="164" Y="408" T="0" />
	</Stroke>
	<Stroke>
		<Point X="182" Y="272" T="0" />
		<Point X="182" Y="271" T="0" />
		<Point X="185" Y="270" T="0" />
		<Point X="187" Y="270" T="0" />
		<Point X="193" Y="270" T="0" />
		<Point X="204" Y="270" T="0" />
		<Point X="223" Y="270" T="0" />
		<Point X="254" Y="270" T="0" />
		<Point X="291" Y="267" T="0" />
		<Point X="319" Y="264" T="0" />
		<Point X="331" Y="261" T="0" />
	</Stroke>
	<Stroke>
		<Point X="323" Y="140" T="0" />
		<Point X="323" Y="143" T="0" />
		<Point X="325" Y="157" T="0" />
		<Point X="329" Y="182" T="0" />
		<Point X="332" Y="221" T="0" />
		<Point X="334" Y="268" T="0" />
		<Point X="335" Y="313" T="0" />
		<Point X="336" Y="352" T="0" />
		<Point X="340" Y="378" T="0" />
		<Point X="343" Y="397" T="0" />
		<Point X="345" Y="408" T="0" />
		<Point X="346" Y="416" T="0" />
		<Point X="347" Y="422" T="0" />
		<Point X="348" Y="424" T="0" />
	</Stroke>
</Gesture> 
