<?xml version="1.0" encoding="utf-8" standalone="yes"?>
<Gesture Name="H02">
	<Stroke>
		<Point X="161" Y="199" T="0" />
		<Point X="161" Y="203" T="0" />
		<Point X="164" Y="216" T="0" />
		<Point X="166" Y="236" T="0" />
		<Point X="167" Y="266" T="0" />
		<Point X="167" Y="297" T="0" />
		<Point X="167" Y="333" T="0" />
		<Point X="169" Y="356" T="0" />
		<Point X="172" Y="371" T="0" />
		<Point X="174" Y="377" T="0" />
	</Stroke>
	<Stroke>
		<Point X="177" Y="296" T="0" />
		<Point X="178" Y="296" T="0" />
		<Point X="189" Y="297" T="0" />
		<Point X="209" Y="298" T="0" />
		<Point X="229" Y="298" T="0" />
		<Point X="248" Y="296" T="0" />
		<Point X="258" Y="294" T="0" />
		<Point X="263" Y="292" T="0" />
		<Point X="264" Y="292" T="0" />
		<Point X="264" Y="291" T="0" />
		<Point X="266" Y="291" T="0" />
		<Point X="268" Y="289" T="0" />
		<Point X="273" Y="287" T="0" />
		<Point X="277" Y="287" T="0" />
	</Stroke>
	<Stroke>
		<Point X="281" Y="199" T="0" />
		<Point X="281" Y="200" T="0" />
		<Point X="281" Y="206" T="0" />
		<Point X="281" Y="222" T="0" />
		<Point X="282" Y="245" T="0" />
		<Point X="284" Y="279" T="0" />
		<Point X="285" Y="316" T="0" />
		<Point X="285" Y="345" T="0" />
		<Point X="285" Y="365" T="0" />
		<Point X="286" Y="373" T="0" />
		<Point X="286" Y="376" T="0" />
		<Point X="286" Y="377" T="0" />
		<Point X="286" Y="378" T="0" />
	</Stroke>
</Gesture> 
