<?xml version="1.0" encoding="utf-8" standalone="yes"?>
<Gesture Name="H03">
	<Stroke>
		<Point X="222" Y="194" T="0" />
		<Point X="222" Y="195" T="0" />
		<Point X="223" Y="202" T="0" />
		<Point X="225" Y="213" T="0" />
		<Point X="228" Y="235" T="0" />
		<Point X="232" Y="267" T="0" />
		<Point X="235" Y="306" T="0" />
		<Point X="235" Y="345" T="0" />
		<Point X="237" Y="375" T="0" />
		<Point X="239" Y="391" T="0" />
		<Point X="241" Y="396" T="0" />
		<Point X="241" Y="396" T="0" />
	</Stroke>
	<Stroke>
		<Point X="230" Y="310" T="0" />
		<Point X="231" Y="310" T="0" />
		<Point X="232" Y="309" T="0" />
		<Point X="237" Y="308" T="0" />
		<Point X="250" Y="307" T="0" />
		<Point X="266" Y="306" T="0" />
		<Point X="284" Y="305" T="0" />
		<Point X="296" Y="304" T="0" />
		<Point X="304" Y="302" T="0" />
		<Point X="305" Y="301" T="0" />
	</Stroke>
	<Stroke>
		<Point X="314" Y="202" T="0" />
		<Point X="314" Y="209" T="0" />
		<Point X="311" Y="229" T="0" />
		<Point X="308" Y="259" T="0" />
		<Point X="305" Y="297" T="0" />
		<Point X="303" Y="331" T="0" />
		<Point X="302" Y="362" T="0" />
		<Point X="302" Y="380" T="0" />
		<Point X="302" Y="391" T="0" />
		<Point X="302" Y="401" T="0" />
		<Point X="302" Y="407" T="0" />
		<Point X="304" Y="412" T="0" />
	</Stroke>
</Gesture> 
