<?xml version="1.0" encoding="utf-8" standalone="yes"?>
<Gesture Name="H04">
	<Stroke>
		<Point X="173" Y="180" T="0" />
		<Point X="173" Y="181" T="0" />
		<Point X="173" Y="186" T="0" />
		<Point X="169" Y="204" T="0" />
		<Point X="162" Y="242" T="0" />
		<Point X="154" Y="286" T="0" />
		<Point X="147" Y="332" T="0" />
		<Point X="143" Y="365" T="0" />
		<Point X="142" Y="379" T="0" />
	</Stroke>
	<Stroke>
		<Point X="162" Y="295" T="0" />
		<Point X="163" Y="295" T="0" />
		<Point X="164" Y="294" T="0" />
		<Point X="168" Y="293" T="0" />
		<Point X="172" Y="293" T="0" />
		<Point X="180" Y="293" T="0" />
		<Point X="195" Y="294" T="0" />
		<Point X="214" Y="296" T="0" />
		<Point X="229" Y="298" T="0" />
		<Point X="240" Y="299" T="0" />
		<Point X="246" Y="299" T="0" />
		<Point X="249" Y="300" T="0" />
	</Stroke>
	<Stroke>
		<Point X="277" Y="190" T="0" />
		<Point X="272" Y="208" T="0" />
		<Point X="267" Y="233" T="0" />
		<Point X="262" Y="260" T="0" />
		<Point X="256" Y="295" T="0" />
		<Point X="251" Y="331" T="0" />
		<Point X="246" Y="358" T="0" />
		<Point X="245" Y="372" T="0" />
		<Point X="245" Y="378" T="0" />
		<Point X="244" Y="383" T="0" />
		<Point X="244" Y="386" T="0" />
		<Point X="243" Y="389" T="0" />
		<Point X="243" Y="391" T="0" />
	</Stroke>
</Gesture> 
