<?xml version="1.0" encoding="utf-8" standalone="yes"?>
<Gesture Name="H05">
	<Stroke>
		<Point X="168" Y="156" T="0" />
		<Point X="167" Y="163" T="0" />
		<Point X="164" Y="176" T="0" />
		<Point X="161" Y="205" T="0" />
		<Point X="153" Y="246" T="0" />
		<Point X="145" Y="295" T="0" />
		<Point X="133" Y="364" T="0" />
		<Point X="127" Y="411" T="0" />
		<Point X="127" Y="432" T="0" />
		<Point X="127" Y="440" T="0" />
		<Point X="127" Y="443" T="0" />
	</Stroke>
	<Stroke>
		<Point X="143" Y="343" T="0" />
		<Point X="144" Y="343" T="0" />
		<Point X="150" Y="341" T="0" />
		<Point X="168" Y="340" T="0" />
		<Point X="191" Y="339" T="0" />
		<Point X="221" Y="338" T="0" />
		<Point X="246" Y="336" T="0" />
		<Point X="260" Y="334" T="0" />
		<Point X="263" Y="333" T="0" />
	</Stroke>
	<Stroke>
		<Point X="286" Y="194" T="0" />
		<Point X="286" Y="195" T="0" />
		<Point X="284" Y="201" T="0" />
		<Point X="280" Y="220" T="0" />
		<Point X="274" Y="251" T="0" />
		<Point X="265" Y="300" T="0" />
		<Point X="258" Y="360" T="0" />
		<Point X="256" Y="412" T="0" />
		<Point X="258" Y="442" T="0" />
		<Point X="261" Y="457" T="0" />
		<Point X="263" Y="465" T="0" />
		<Point X="263" Y="468" T="0" />
	</Stroke>
</Gesture> 
