<?xml version="1.0" encoding="utf-8" standalone="yes"?>
<Gesture Name="H06">
	<Stroke>
		<Point X="153" Y="280" T="0" />
		<Point X="155" Y="281" T="0" />
		<Point X="161" Y="281" T="0" />
		<Point X="170" Y="281" T="0" />
		<Point X="180" Y="281" T="0" />
		<Point X="199" Y="278" T="0" />
		<Point X="229" Y="274" T="0" />
		<Point X="265" Y="268" T="0" />
		<Point X="293" Y="264" T="0" />
		<Point X="315" Y="261" T="0" />
	</Stroke>
	<Stroke>
		<Point X="176" Y="180" T="0" />
		<Point X="175" Y="180" T="0" />
		<Point X="174" Y="183" T="0" />
		<Point X="169" Y="192" T="0" />
		<Point X="163" Y="205" T="0" />
		<Point X="157" Y="223" T="0" />
		<Point X="152" Y="248" T="0" />
		<Point X="150" Y="277" T="0" />
		<Point X="150" Y="309" T="0" />
		<Point X="151" Y="335" T="0" />
		<Point X="154" Y="352" T="0" />
		<Point X="156" Y="361" T="0" />
		<Point X="157" Y="364" T="0" />
		<Point X="157" Y="365" T="0" />
	</Stroke>
	<Stroke>
		<Point X="338" Y="190" T="0" />
		<Point X="337" Y="191" T="0" />
		<Point X="336" Y="201" T="0" />
		<Point X="331" Y="219" T="0" />
		<Point X="326" Y="247" T="0" />
		<Point X="323" Y="277" T="0" />
		<Point X="319" Y="305" T="0" />
		<Point X="318" Y="326" T="0" />
		<Point X="318" Y="340" T="0" />
		<Point X="318" Y="348" T="0" />
		<Point X="318" Y="352" T="0" />
		<Point X="318" Y="354" T="0" />
		<Point X="318" Y="356" T="0" />
		<Point X="318" Y="359" T="0" />
	</Stroke>
</Gesture> 
