<?xml version="1.0" encoding="utf-8" standalone="yes"?>
<Gesture Name="H07">
	<Stroke>
		<Point X="160" Y="193" T="0" />
		<Point X="160" Y="196" T="0" />
		<Point X="160" Y="206" T="0" />
		<Point X="160" Y="225" T="0" />
		<Point X="160" Y="249" T="0" />
		<Point X="160" Y="283" T="0" />
		<Point X="159" Y="314" T="0" />
		<Point X="159" Y="337" T="0" />
		<Point X="158" Y="356" T="0" />
		<Point X="158" Y="366" T="0" />
		<Point X="158" Y="374" T="0" />
		<Point X="158" Y="379" T="0" />
		<Point X="158" Y="381" T="0" />
	</Stroke>
	<Stroke>
		<Point X="164" Y="301" T="0" />
		<Point X="165" Y="301" T="0" />
		<Point X="167" Y="301" T="0" />
		<Point X="173" Y="300" T="0" />
		<Point X="186" Y="297" T="0" />
		<Point X="205" Y="295" T="0" />
		<Point X="226" Y="294" T="0" />
		<Point X="240" Y="293" T="0" />
		<Point X="249" Y="292" T="0" />
		<Point X="252" Y="291" T="0" />
		<Point X="253" Y="291" T="0" />
		<Point X="255" Y="291" T="0" />
		<Point X="258" Y="292" T="0" />
		<Point X="260" Y="292" T="0" />
	</Stroke>
	<Stroke>
		<Point X="271" Y="188" T="0" />
		<Point X="269" Y="196" T="0" />
		<Point X="265" Y="211" T="0" />
		<Point X="261" Y="232" T="0" />
		<Point X="257" Y="258" T="0" />
		<Point X="255" Y="289" T="0" />
		<Point X="255" Y="318" T="0" />
		<Point X="255" Y="341" T="0" />
		<Point X="256" Y="360" T="0" />
		<Point X="257" Y="371" T="0" />
		<Point X="257" Y="379" T="0" />
		<Point X="258" Y="386" T="0" />
		<Point X="258" Y="391" T="0" />
		<Point X="258" Y="395" T="0" />
		<Point X="259" Y="397" T="0" />
		<Point X="259" Y="400" T="0" />
		<Point X="259" Y="403" T="0" />
		<Point X="259" Y="405" T="0" />
	</Stroke>
</Gesture> 
