<?xml version="1.0" encoding="utf-8" standalone="yes"?>
<Gesture Name="H08">
	<Stroke>
		<Point X="177" Y="190" T="0" />
		<Point X="176" Y="195" T="0" />
		<Point X="174" Y="208" T="0" />
		<Point X="168" Y="237" T="0" />
		<Point X="163" Y="275" T="0" />
		<Point X="157" Y="318" T="0" />
		<Point X="155" Y="353" T="0" />
		<Point X="156" Y="382" T="0" />
		<Point X="158" Y="400" T="0" />
		<Point X="159" Y="413" T="0" />
		<Point X="159" Y="424" T="0" />
		<Point X="159" Y="434" T="0" />
		<Point X="159" Y="439" T="0" />
	</Stroke>
	<Stroke>
		<Point X="161" Y="310" T="0" />
		<Point X="162" Y="310" T="0" />
		<Point X="177" Y="311" T="0" />
		<Point X="201" Y="311" T="0" />
		<Point X="235" Y="312" T="0" />
		<Point X="263" Y="313" T="0" />
		<Point X="284" Y="315" T="0" />
		<Point X="302" Y="317" T="0" />
		<Point X="312" Y="318" T="0" />
	</Stroke>
	<Stroke>
		<Point X="308" Y="223" T="0" />
		<Point X="308" Y="231" T="0" />
		<Point X="308" Y="247" T="0" />
		<Point X="308" Y="268" T="0" />
		<Point X="308" Y="294" T="0" />
		<Point X="308" Y="326" T="0" />
		<Point X="312" Y="355" T="0" />
		<Point X="314" Y="374" T="0" />
		<Point X="316" Y="387" T="0" />
		<Point X="316" Y="397" T="0" />
		<Point X="316" Y="410" T="0" />
		<Point X="316" Y="423" T="0" />
		<Point X="317" Y="432" T="0" />
		<Point X="317" Y="437" T="0" />
	</Stroke>
</Gesture> 
