<?xml version="1.0" encoding="utf-8" standalone="yes"?>
<Gesture Name="H09">
	<Stroke>
		<Point X="156" Y="186" T="0" />
		<Point X="156" Y="190" T="0" />
		<Point X="156" Y="194" T="0" />
		<Point X="156" Y="204" T="0" />
		<Point X="155" Y="221" T="0" />
		<Point X="155" Y="249" T="0" />
		<Point X="155" Y="281" T="0" />
		<Point X="154" Y="312" T="0" />
		<Point X="154" Y="342" T="0" />
		<Point X="154" Y="362" T="0" />
		<Point X="154" Y="373" T="0" />
		<Point X="154" Y="378" T="0" />
	</Stroke>
	<Stroke>
		<Point X="159" Y="296" T="0" />
		<Point X="160" Y="296" T="0" />
		<Point X="177" Y="296" T="0" />
		<Point X="185" Y="296" T="0" />
		<Point X="201" Y="296" T="0" />
		<Point X="214" Y="295" T="0" />
		<Point X="220" Y="295" T="0" />
		<Point X="222" Y="295" T="0" />
		<Point X="223" Y="295" T="0" />
		<Point X="227" Y="295" T="0" />
		<Point X="235" Y="295" T="0" />
		<Point X="240" Y="295" T="0" />
	</Stroke>
	<Stroke>
		<Point X="261" Y="183" T="0" />
		<Point X="260" Y="196" T="0" />
		<Point X="259" Y="221" T="0" />
		<Point X="259" Y="261" T="0" />
		<Point X="259" Y="298" T="0" />
		<Point X="259" Y="336" T="0" />
		<Point X="260" Y="363" T="0" />
		<Point X="262" Y="379" T="0" />
		<Point X="263" Y="384" T="0" />
		<Point X="263" Y="387" T="0" />
		<Point X="264" Y="389" T="0" />
		<Point X="264" Y="392" T="0" />
		<Point X="264" Y="396" T="0" />
		<Point X="264" Y="401" T="0" />
		<Point X="264" Y="405" T="0" />
	</Stroke>
</Gesture> 
