<?xml version="1.0" encoding="utf-8" standalone="yes"?>
<Gesture Name="H10">
	<Stroke>
		<Point X="119" Y="169" T="0" />
		<Point X="119" Y="169" T="0" />
		<Point X="119" Y="170" T="0" />
		<Point X="119" Y="178" T="0" />
		<Point X="119" Y="200" T="0" />
		<Point X="116" Y="240" T="0" />
		<Point X="111" Y="284" T="0" />
		<Point X="106" Y="326" T="0" />
		<Point X="103" Y="362" T="0" />
		<Point X="103" Y="387" T="0" />
		<Point X="103" Y="399" T="0" />
		<Point X="104" Y="402" T="0" />
	</Stroke>
	<Stroke>
		<Point X="117" Y="303" T="0" />
		<Point X="119" Y="302" T="0" />
		<Point X="132" Y="301" T="0" />
		<Point X="157" Y="299" T="0" />
		<Point X="183" Y="298" T="0" />
		<Point X="202" Y="297" T="0" />
		<Point X="214" Y="296" T="0" />
		<Point X="221" Y="295" T="0" />
	</Stroke>
	<Stroke>
		<Point X="221" Y="175" T="0" />
		<Point X="221" Y="184" T="0" />
		<Point X="221" Y="204" T="0" />
		<Point X="222" Y="236" T="0" />
		<Point X="224" Y="270" T="0" />
		<Point X="225" Y="311" T="0" />
		<Point X="225" Y="350" T="0" />
		<Point X="227" Y="374" T="0" />
		<Point X="228" Y="388" T="0" />
		<Point X="229" Y="394" T="0" />
		<Point X="229" Y="398" T="0" />
		<Point X="229" Y="402" T="0" />
		<Point X="229" Y="406" T="0" />
		<Point X="230" Y="409" T="0" />
	</Stroke>
</Gesture> 
