<?xml version="1.0" encoding="utf-8" standalone="yes"?>
<Gesture Name="half_note03">
	<Stroke>
		<Point X="293" Y="267" T="0" />
		<Point X="293" Y="267" T="0" />
		<Point X="289" Y="267" T="0" />
		<Point X="276" Y="267" T="0" />
		<Point X="254" Y="269" T="0" />
		<Point X="223" Y="273" T="0" />
		<Point X="196" Y="277" T="0" />
		<Point X="181" Y="282" T="0" />
		<Point X="169" Y="288" T="0" />
		<Point X="161" Y="295" T="0" />
		<Point X="156" Y="301" T="0" />
		<Point X="155" Y="304" T="0" />
		<Point X="155" Y="306" T="0" />
		<Point X="155" Y="308" T="0" />
		<Point X="155" Y="313" T="0" />
		<Point X="156" Y="315" T="0" />
		<Point X="166" Y="327" T="0" />
		<Point X="179" Y="335" T="0" />
		<Point X="197" Y="339" T="0" />
		<Point X="222" Y="341" T="0" />
		<Point X="250" Y="342" T="0" />
		<Point X="280" Y="342" T="0" />
		<Point X="302" Y="340" T="0" />
		<Point X="316" Y="334" T="0" />
		<Point X="323" Y="328" T="0" />
		<Point X="325" Y="325" T="0" />
		<Point X="327" Y="321" T="0" />
		<Point X="329" Y="316" T="0" />
		<Point X="330" Y="310" T="0" />
		<Point X="330" Y="303" T="0" />
		<Point X="329" Y="299" T="0" />
		<Point X="326" Y="297" T="0" />
		<Point X="323" Y="294" T="0" />
		<Point X="318" Y="290" T="0" />
		<Point X="312" Y="286" T="0" />
		<Point X="307" Y="284" T="0" />
		<Point X="305" Y="282" T="0" />
		<Point X="304" Y="282" T="0" />
		<Point X="304" Y="281" T="0" />
		<Point X="301" Y="278" T="0" />
		<Point X="299" Y="275" T="0" />
		<Point X="296" Y="273" T="0" />
	</Stroke>
	<Stroke>
		<Point X="311" Y="139" T="0" />
		<Point X="311" Y="141" T="0" />
		<Point X="311" Y="147" T="0" />
		<Point X="311" Y="166" T="0" />
		<Point X="312" Y="196" T="0" />
		<Point X="314" Y="225" T="0" />
		<Point X="314" Y="255" T="0" />
		<Point X="314" Y="269" T="0" />
		<Point X="315" Y="275" T="0" />
	</Stroke>
</Gesture> 
