<?xml version="1.0" encoding="utf-8" standalone="yes"?>
<Gesture Name="half_note06">
	<Stroke>
		<Point X="299" Y="236" T="0" />
		<Point X="299" Y="236" T="0" />
		<Point X="295" Y="236" T="0" />
		<Point X="286" Y="238" T="0" />
		<Point X="273" Y="242" T="0" />
		<Point X="259" Y="246" T="0" />
		<Point X="246" Y="249" T="0" />
		<Point X="233" Y="254" T="0" />
		<Point X="224" Y="257" T="0" />
		<Point X="218" Y="259" T="0" />
		<Point X="214" Y="261" T="0" />
		<Point X="211" Y="263" T="0" />
		<Point X="210" Y="265" T="0" />
		<Point X="208" Y="267" T="0" />
		<Point X="207" Y="271" T="0" />
		<Point X="206" Y="274" T="0" />
		<Point X="206" Y="276" T="0" />
		<Point X="206" Y="279" T="0" />
		<Point X="208" Y="284" T="0" />
		<Point X="213" Y="288" T="0" />
		<Point X="223" Y="293" T="0" />
		<Point X="236" Y="296" T="0" />
		<Point X="248" Y="297" T="0" />
		<Point X="259" Y="297" T="0" />
		<Point X="267" Y="297" T="0" />
		<Point X="274" Y="295" T="0" />
		<Point X="281" Y="291" T="0" />
		<Point X="287" Y="287" T="0" />
		<Point X="295" Y="282" T="0" />
		<Point X="302" Y="277" T="0" />
		<Point X="308" Y="272" T="0" />
		<Point X="312" Y="269" T="0" />
		<Point X="315" Y="266" T="0" />
		<Point X="318" Y="263" T="0" />
		<Point X="320" Y="259" T="0" />
		<Point X="323" Y="253" T="0" />
		<Point X="324" Y="248" T="0" />
		<Point X="325" Y="244" T="0" />
		<Point X="325" Y="241" T="0" />
		<Point X="325" Y="240" T="0" />
		<Point X="324" Y="239" T="0" />
		<Point X="322" Y="238" T="0" />
		<Point X="319" Y="238" T="0" />
		<Point X="316" Y="237" T="0" />
		<Point X="313" Y="237" T="0" />
		<Point X="309" Y="237" T="0" />
		<Point X="308" Y="237" T="0" />
		<Point X="307" Y="237" T="0" />
		<Point X="306" Y="237" T="0" />
		<Point X="304" Y="237" T="0" />
		<Point X="300" Y="237" T="0" />
		<Point X="298" Y="237" T="0" />
	</Stroke>
	<Stroke>
		<Point X="325" Y="89" T="0" />
		<Point X="325" Y="88" T="0" />
		<Point X="325" Y="90" T="0" />
		<Point X="324" Y="99" T="0" />
		<Point X="321" Y="111" T="0" />
		<Point X="318" Y="125" T="0" />
		<Point X="316" Y="139" T="0" />
		<Point X="314" Y="153" T="0" />
		<Point X="314" Y="167" T="0" />
		<Point X="314" Y="178" T="0" />
		<Point X="314" Y="185" T="0" />
		<Point X="314" Y="189" T="0" />
		<Point X="313" Y="192" T="0" />
		<Point X="313" Y="196" T="0" />
		<Point X="313" Y="201" T="0" />
		<Point X="313" Y="205" T="0" />
		<Point X="313" Y="209" T="0" />
		<Point X="314" Y="213" T="0" />
		<Point X="314" Y="217" T="0" />
		<Point X="314" Y="220" T="0" />
		<Point X="315" Y="223" T="0" />
		<Point X="315" Y="225" T="0" />
		<Point X="315" Y="226" T="0" />
		<Point X="315" Y="227" T="0" />
		<Point X="315" Y="230" T="0" />
	</Stroke>
</Gesture> 
