<?xml version="1.0" encoding="utf-8" standalone="yes"?>
<Gesture Name="half_note05">
	<Stroke>
		<Point X="272" Y="260" T="0" />
		<Point X="273" Y="260" T="0" />
		<Point X="276" Y="259" T="0" />
		<Point X="276" Y="258" T="0" />
		<Point X="277" Y="257" T="0" />
		<Point X="277" Y="256" T="0" />
		<Point X="275" Y="252" T="0" />
		<Point X="269" Y="249" T="0" />
		<Point X="257" Y="247" T="0" />
		<Point X="240" Y="247" T="0" />
		<Point X="220" Y="250" T="0" />
		<Point X="200" Y="255" T="0" />
		<Point X="182" Y="262" T="0" />
		<Point X="170" Y="269" T="0" />
		<Point X="163" Y="276" T="0" />
		<Point X="160" Y="286" T="0" />
		<Point X="159" Y="296" T="0" />
		<Point X="159" Y="308" T="0" />
		<Point X="161" Y="322" T="0" />
		<Point X="168" Y="334" T="0" />
		<Point X="178" Y="344" T="0" />
		<Point X="197" Y="353" T="0" />
		<Point X="219" Y="357" T="0" />
		<Point X="242" Y="358" T="0" />
		<Point X="263" Y="356" T="0" />
		<Point X="278" Y="348" T="0" />
		<Point X="287" Y="340" T="0" />
		<Point X="294" Y="327" T="0" />
		<Point X="298" Y="314" T="0" />
		<Point X="299" Y="299" T="0" />
		<Point X="295" Y="282" T="0" />
		<Point X="286" Y="268" T="0" />
		<Point X="273" Y="256" T="0" />
		<Point X="263" Y="248" T="0" />
		<Point X="251" Y="244" T="0" />
		<Point X="241" Y="241" T="0" />
		<Point X="233" Y="241" T="0" />
		<Point X="229" Y="241" T="0" />
		<Point X="224" Y="242" T="0" />
		<Point X="223" Y="244" T="0" />
	</Stroke>
	<Stroke>
		<Point X="299" Y="106" T="0" />
		<Point X="299" Y="107" T="0" />
		<Point X="299" Y="110" T="0" />
		<Point X="295" Y="125" T="0" />
		<Point X="287" Y="157" T="0" />
		<Point X="277" Y="196" T="0" />
		<Point X="270" Y="233" T="0" />
		<Point X="267" Y="259" T="0" />
		<Point X="266" Y="275" T="0" />
		<Point X="265" Y="282" T="0" />
		<Point X="265" Y="287" T="0" />
		<Point X="265" Y="290" T="0" />
		<Point X="265" Y="292" T="0" />
	</Stroke>
</Gesture> 
