<?xml version="1.0" encoding="utf-8" standalone="yes"?>
<Gesture Name="half_note01">
	<Stroke>
		<Point X="372" Y="269" T="0" />
		<Point X="370" Y="269" T="0" />
		<Point X="365" Y="269" T="0" />
		<Point X="354" Y="269" T="0" />
		<Point X="339" Y="269" T="0" />
		<Point X="320" Y="270" T="0" />
		<Point X="301" Y="272" T="0" />
		<Point X="284" Y="275" T="0" />
		<Point X="265" Y="279" T="0" />
		<Point X="244" Y="284" T="0" />
		<Point X="225" Y="289" T="0" />
		<Point X="213" Y="295" T="0" />
		<Point X="205" Y="300" T="0" />
		<Point X="200" Y="307" T="0" />
		<Point X="197" Y="314" T="0" />
		<Point X="195" Y="321" T="0" />
		<Point X="195" Y="328" T="0" />
		<Point X="198" Y="336" T="0" />
		<Point X="205" Y="343" T="0" />
		<Point X="217" Y="350" T="0" />
		<Point X="236" Y="355" T="0" />
		<Point X="260" Y="359" T="0" />
		<Point X="288" Y="361" T="0" />
		<Point X="319" Y="362" T="0" />
		<Point X="347" Y="362" T="0" />
		<Point X="377" Y="360" T="0" />
		<Point X="398" Y="357" T="0" />
		<Point X="409" Y="351" T="0" />
		<Point X="414" Y="346" T="0" />
		<Point X="416" Y="340" T="0" />
		<Point X="417" Y="334" T="0" />
		<Point X="417" Y="328" T="0" />
		<Point X="414" Y="321" T="0" />
		<Point X="408" Y="314" T="0" />
		<Point X="400" Y="307" T="0" />
		<Point X="395" Y="303" T="0" />
		<Point X="393" Y="301" T="0" />
		<Point X="392" Y="299" T="0" />
		<Point X="391" Y="298" T="0" />
		<Point X="389" Y="295" T="0" />
		<Point X="387" Y="292" T="0" />
		<Point X="385" Y="290" T="0" />
	</Stroke>
	<Stroke>
		<Point X="383" Y="172" T="0" />
		<Point X="384" Y="172" T="0" />
		<Point X="385" Y="184" T="0" />
		<Point X="385" Y="199" T="0" />
		<Point X="385" Y="221" T="0" />
		<Point X="385" Y="242" T="0" />
		<Point X="385" Y="256" T="0" />
		<Point X="385" Y="262" T="0" />
		<Point X="385" Y="264" T="0" />
		<Point X="385" Y="265" T="0" />
		<Point X="385" Y="266" T="0" />
		<Point X="385" Y="267" T="0" />
	</Stroke>
</Gesture> 
