<?xml version="1.0" encoding="utf-8" standalone="yes"?>
<Gesture Name="half_note02">
	<Stroke>
		<Point X="278" Y="247" T="0" />
		<Point X="278" Y="247" T="0" />
		<Point X="277" Y="246" T="0" />
		<Point X="271" Y="246" T="0" />
		<Point X="258" Y="246" T="0" />
		<Point X="239" Y="245" T="0" />
		<Point X="218" Y="245" T="0" />
		<Point X="199" Y="245" T="0" />
		<Point X="186" Y="244" T="0" />
		<Point X="177" Y="244" T="0" />
		<Point X="174" Y="244" T="0" />
		<Point X="173" Y="244" T="0" />
		<Point X="172" Y="244" T="0" />
		<Point X="169" Y="244" T="0" />
		<Point X="168" Y="245" T="0" />
		<Point X="158" Y="246" T="0" />
		<Point X="151" Y="248" T="0" />
		<Point X="146" Y="250" T="0" />
		<Point X="143" Y="251" T="0" />
		<Point X="140" Y="253" T="0" />
		<Point X="136" Y="256" T="0" />
		<Point X="132" Y="261" T="0" />
		<Point X="129" Y="267" T="0" />
		<Point X="126" Y="273" T="0" />
		<Point X="124" Y="279" T="0" />
		<Point X="123" Y="284" T="0" />
		<Point X="123" Y="289" T="0" />
		<Point X="124" Y="293" T="0" />
		<Point X="126" Y="298" T="0" />
		<Point X="130" Y="303" T="0" />
		<Point X="135" Y="308" T="0" />
		<Point X="141" Y="313" T="0" />
		<Point X="147" Y="317" T="0" />
		<Point X="155" Y="321" T="0" />
		<Point X="164" Y="324" T="0" />
		<Point X="175" Y="327" T="0" />
		<Point X="184" Y="327" T="0" />
		<Point X="193" Y="327" T="0" />
		<Point X="199" Y="327" T="0" />
		<Point X="205" Y="325" T="0" />
		<Point X="212" Y="322" T="0" />
		<Point X="218" Y="319" T="0" />
		<Point X="226" Y="315" T="0" />
		<Point X="231" Y="312" T="0" />
		<Point X="236" Y="309" T="0" />
		<Point X="240" Y="305" T="0" />
		<Point X="242" Y="301" T="0" />
		<Point X="245" Y="295" T="0" />
		<Point X="248" Y="288" T="0" />
		<Point X="250" Y="282" T="0" />
		<Point X="252" Y="274" T="0" />
		<Point X="252" Y="267" T="0" />
		<Point X="252" Y="260" T="0" />
		<Point X="252" Y="257" T="0" />
	</Stroke>
	<Stroke>
		<Point X="266" Y="97" T="0" />
		<Point X="266" Y="98" T="0" />
		<Point X="266" Y="99" T="0" />
		<Point X="263" Y="113" T="0" />
		<Point X="260" Y="133" T="0" />
		<Point X="257" Y="158" T="0" />
		<Point X="254" Y="178" T="0" />
		<Point X="254" Y="191" T="0" />
		<Point X="254" Y="202" T="0" />
		<Point X="254" Y="210" T="0" />
		<Point X="254" Y="217" T="0" />
		<Point X="254" Y="222" T="0" />
		<Point X="253" Y="226" T="0" />
		<Point X="253" Y="230" T="0" />
		<Point X="252" Y="235" T="0" />
		<Point X="252" Y="238" T="0" />
		<Point X="252" Y="239" T="0" />
		<Point X="252" Y="240" T="0" />
		<Point X="252" Y="241" T="0" />
		<Point X="252" Y="242" T="0" />
		<Point X="252" Y="243" T="0" />
		<Point X="252" Y="244" T="0" />
		<Point X="252" Y="245" T="0" />
	</Stroke>
</Gesture> 
