<?xml version="1.0" encoding="utf-8" standalone="yes"?>
<Gesture Name="half_note07">
	<Stroke>
		<Point X="281" Y="270" T="0" />
		<Point X="281" Y="270" T="0" />
		<Point X="280" Y="269" T="0" />
		<Point X="276" Y="267" T="0" />
		<Point X="270" Y="264" T="0" />
		<Point X="264" Y="263" T="0" />
		<Point X="259" Y="263" T="0" />
		<Point X="254" Y="262" T="0" />
		<Point X="248" Y="262" T="0" />
		<Point X="241" Y="262" T="0" />
		<Point X="236" Y="262" T="0" />
		<Point X="231" Y="262" T="0" />
		<Point X="226" Y="262" T="0" />
		<Point X="222" Y="262" T="0" />
		<Point X="219" Y="262" T="0" />
		<Point X="216" Y="262" T="0" />
		<Point X="212" Y="263" T="0" />
		<Point X="209" Y="264" T="0" />
		<Point X="207" Y="265" T="0" />
		<Point X="204" Y="267" T="0" />
		<Point X="201" Y="270" T="0" />
		<Point X="196" Y="274" T="0" />
		<Point X="193" Y="278" T="0" />
		<Point X="191" Y="282" T="0" />
		<Point X="190" Y="286" T="0" />
		<Point X="189" Y="290" T="0" />
		<Point X="188" Y="292" T="0" />
		<Point X="188" Y="294" T="0" />
		<Point X="188" Y="296" T="0" />
		<Point X="188" Y="299" T="0" />
		<Point X="188" Y="304" T="0" />
		<Point X="192" Y="310" T="0" />
		<Point X="198" Y="316" T="0" />
		<Point X="204" Y="320" T="0" />
		<Point X="210" Y="324" T="0" />
		<Point X="215" Y="327" T="0" />
		<Point X="223" Y="329" T="0" />
		<Point X="230" Y="330" T="0" />
		<Point X="236" Y="331" T="0" />
		<Point X="244" Y="331" T="0" />
		<Point X="254" Y="331" T="0" />
		<Point X="265" Y="329" T="0" />
		<Point X="274" Y="326" T="0" />
		<Point X="281" Y="323" T="0" />
		<Point X="285" Y="319" T="0" />
		<Point X="287" Y="315" T="0" />
		<Point X="288" Y="309" T="0" />
		<Point X="288" Y="303" T="0" />
		<Point X="288" Y="297" T="0" />
		<Point X="288" Y="290" T="0" />
		<Point X="287" Y="282" T="0" />
		<Point X="284" Y="274" T="0" />
		<Point X="280" Y="267" T="0" />
		<Point X="277" Y="263" T="0" />
		<Point X="276" Y="259" T="0" />
		<Point X="275" Y="256" T="0" />
	</Stroke>
	<Stroke>
		<Point X="298" Y="104" T="0" />
		<Point X="297" Y="105" T="0" />
		<Point X="296" Y="109" T="0" />
		<Point X="294" Y="118" T="0" />
		<Point X="292" Y="128" T="0" />
		<Point X="290" Y="144" T="0" />
		<Point X="287" Y="159" T="0" />
		<Point X="286" Y="173" T="0" />
		<Point X="286" Y="187" T="0" />
		<Point X="286" Y="199" T="0" />
		<Point X="286" Y="208" T="0" />
		<Point X="286" Y="213" T="0" />
		<Point X="286" Y="217" T="0" />
		<Point X="286" Y="224" T="0" />
		<Point X="286" Y="232" T="0" />
		<Point X="286" Y="242" T="0" />
		<Point X="286" Y="250" T="0" />
		<Point X="286" Y="256" T="0" />
		<Point X="286" Y="259" T="0" />
		<Point X="286" Y="261" T="0" />
		<Point X="286" Y="262" T="0" />
		<Point X="286" Y="263" T="0" />
		<Point X="286" Y="264" T="0" />
		<Point X="286" Y="266" T="0" />
		<Point X="286" Y="268" T="0" />
		<Point X="286" Y="269" T="0" />
	</Stroke>
</Gesture> 
