<?xml version="1.0" encoding="utf-8" standalone="yes"?>
<Gesture Name="half_note04">
	<Stroke>
		<Point X="277" Y="245" T="0" />
		<Point X="276" Y="244" T="0" />
		<Point X="272" Y="241" T="0" />
		<Point X="267" Y="239" T="0" />
		<Point X="260" Y="237" T="0" />
		<Point X="247" Y="234" T="0" />
		<Point X="226" Y="232" T="0" />
		<Point X="199" Y="230" T="0" />
		<Point X="171" Y="230" T="0" />
		<Point X="139" Y="230" T="0" />
		<Point X="109" Y="232" T="0" />
		<Point X="89" Y="239" T="0" />
		<Point X="80" Y="249" T="0" />
		<Point X="79" Y="263" T="0" />
		<Point X="79" Y="278" T="0" />
		<Point X="87" Y="293" T="0" />
		<Point X="96" Y="303" T="0" />
		<Point X="110" Y="310" T="0" />
		<Point X="127" Y="316" T="0" />
		<Point X="148" Y="321" T="0" />
		<Point X="173" Y="323" T="0" />
		<Point X="204" Y="324" T="0" />
		<Point X="228" Y="324" T="0" />
		<Point X="252" Y="321" T="0" />
		<Point X="267" Y="317" T="0" />
		<Point X="275" Y="311" T="0" />
		<Point X="278" Y="304" T="0" />
		<Point X="279" Y="295" T="0" />
		<Point X="277" Y="284" T="0" />
		<Point X="271" Y="271" T="0" />
		<Point X="262" Y="258" T="0" />
		<Point X="253" Y="246" T="0" />
		<Point X="243" Y="234" T="0" />
		<Point X="234" Y="226" T="0" />
		<Point X="225" Y="220" T="0" />
		<Point X="216" Y="217" T="0" />
	</Stroke>
	<Stroke>
		<Point X="329" Y="84" T="0" />
		<Point X="328" Y="85" T="0" />
		<Point X="319" Y="107" T="0" />
		<Point X="314" Y="125" T="0" />
		<Point X="306" Y="162" T="0" />
		<Point X="298" Y="199" T="0" />
		<Point X="294" Y="240" T="0" />
		<Point X="294" Y="266" T="0" />
		<Point X="294" Y="277" T="0" />
		<Point X="294" Y="283" T="0" />
		<Point X="294" Y="284" T="0" />
		<Point X="294" Y="285" T="0" />
	</Stroke>
</Gesture> 
