<?xml version="1.0" encoding="utf-8" standalone="yes"?>
<Gesture Name="half_note08">
	<Stroke>
		<Point X="296" Y="255" T="0" />
		<Point X="296" Y="255" T="0" />
		<Point X="295" Y="255" T="0" />
		<Point X="291" Y="254" T="0" />
		<Point X="283" Y="252" T="0" />
		<Point X="269" Y="250" T="0" />
		<Point X="252" Y="249" T="0" />
		<Point X="240" Y="249" T="0" />
		<Point X="226" Y="249" T="0" />
		<Point X="211" Y="252" T="0" />
		<Point X="204" Y="255" T="0" />
		<Point X="194" Y="262" T="0" />
		<Point X="188" Y="269" T="0" />
		<Point X="185" Y="273" T="0" />
		<Point X="185" Y="274" T="0" />
		<Point X="183" Y="284" T="0" />
		<Point X="186" Y="291" T="0" />
		<Point X="196" Y="300" T="0" />
		<Point X="209" Y="307" T="0" />
		<Point X="225" Y="312" T="0" />
		<Point X="245" Y="318" T="0" />
		<Point X="271" Y="321" T="0" />
		<Point X="294" Y="322" T="0" />
		<Point X="312" Y="322" T="0" />
		<Point X="322" Y="322" T="0" />
		<Point X="326" Y="321" T="0" />
		<Point X="327" Y="320" T="0" />
		<Point X="328" Y="316" T="0" />
		<Point X="328" Y="308" T="0" />
		<Point X="323" Y="297" T="0" />
		<Point X="316" Y="288" T="0" />
		<Point X="307" Y="281" T="0" />
		<Point X="299" Y="278" T="0" />
		<Point X="290" Y="276" T="0" />
		<Point X="284" Y="273" T="0" />
		<Point X="280" Y="273" T="0" />
		<Point X="277" Y="273" T="0" />
		<Point X="276" Y="272" T="0" />
		<Point X="276" Y="271" T="0" />
		<Point X="274" Y="269" T="0" />
		<Point X="272" Y="264" T="0" />
		<Point X="268" Y="257" T="0" />
		<Point X="265" Y="252" T="0" />
		<Point X="265" Y="254" T="0" />
	</Stroke>
	<Stroke>
		<Point X="351" Y="149" T="0" />
		<Point X="350" Y="149" T="0" />
		<Point X="349" Y="151" T="0" />
		<Point X="347" Y="158" T="0" />
		<Point X="343" Y="172" T="0" />
		<Point X="339" Y="198" T="0" />
		<Point X="336" Y="232" T="0" />
		<Point X="332" Y="267" T="0" />
		<Point X="330" Y="299" T="0" />
		<Point X="329" Y="317" T="0" />
		<Point X="329" Y="326" T="0" />
	</Stroke>
</Gesture> 
