<?xml version="1.0" encoding="utf-8" standalone="yes"?>
<Gesture Name="half_note09">
	<Stroke>
		<Point X="212" Y="300" T="0" />
		<Point X="212" Y="300" T="0" />
		<Point X="212" Y="299" T="0" />
		<Point X="211" Y="299" T="0" />
		<Point X="205" Y="298" T="0" />
		<Point X="191" Y="298" T="0" />
		<Point X="167" Y="298" T="0" />
		<Point X="141" Y="300" T="0" />
		<Point X="122" Y="306" T="0" />
		<Point X="112" Y="314" T="0" />
		<Point X="108" Y="323" T="0" />
		<Point X="108" Y="332" T="0" />
		<Point X="110" Y="342" T="0" />
		<Point X="118" Y="350" T="0" />
		<Point X="131" Y="356" T="0" />
		<Point X="147" Y="361" T="0" />
		<Point X="164" Y="364" T="0" />
		<Point X="183" Y="364" T="0" />
		<Point X="198" Y="362" T="0" />
		<Point X="208" Y="358" T="0" />
		<Point X="215" Y="352" T="0" />
		<Point X="218" Y="343" T="0" />
		<Point X="220" Y="333" T="0" />
		<Point X="220" Y="323" T="0" />
		<Point X="216" Y="313" T="0" />
		<Point X="207" Y="304" T="0" />
		<Point X="191" Y="297" T="0" />
		<Point X="177" Y="294" T="0" />
		<Point X="170" Y="295" T="0" />
		<Point X="163" Y="300" T="0" />
		<Point X="157" Y="305" T="0" />
		<Point X="154" Y="308" T="0" />
	</Stroke>
	<Stroke>
		<Point X="206" Y="201" T="0" />
		<Point X="207" Y="201" T="0" />
		<Point X="209" Y="203" T="0" />
		<Point X="211" Y="211" T="0" />
		<Point X="213" Y="224" T="0" />
		<Point X="214" Y="243" T="0" />
		<Point X="215" Y="266" T="0" />
		<Point X="215" Y="291" T="0" />
		<Point X="214" Y="311" T="0" />
		<Point X="212" Y="329" T="0" />
		<Point X="210" Y="345" T="0" />
		<Point X="208" Y="357" T="0" />
		<Point X="208" Y="363" T="0" />
	</Stroke>
</Gesture> 
