<?xml version="1.0" encoding="utf-8" standalone="yes"?>
<Gesture Name="half_note10">
	<Stroke>
		<Point X="228" Y="285" T="0" />
		<Point X="228" Y="285" T="0" />
		<Point X="225" Y="282" T="0" />
		<Point X="221" Y="278" T="0" />
		<Point X="213" Y="274" T="0" />
		<Point X="197" Y="270" T="0" />
		<Point X="176" Y="269" T="0" />
		<Point X="154" Y="270" T="0" />
		<Point X="134" Y="275" T="0" />
		<Point X="121" Y="282" T="0" />
		<Point X="116" Y="290" T="0" />
		<Point X="115" Y="298" T="0" />
		<Point X="117" Y="307" T="0" />
		<Point X="122" Y="314" T="0" />
		<Point X="133" Y="319" T="0" />
		<Point X="152" Y="326" T="0" />
		<Point X="176" Y="332" T="0" />
		<Point X="198" Y="335" T="0" />
		<Point X="215" Y="337" T="0" />
		<Point X="225" Y="336" T="0" />
		<Point X="232" Y="332" T="0" />
		<Point X="236" Y="326" T="0" />
		<Point X="238" Y="315" T="0" />
		<Point X="238" Y="304" T="0" />
		<Point X="234" Y="291" T="0" />
		<Point X="227" Y="283" T="0" />
		<Point X="217" Y="276" T="0" />
		<Point X="205" Y="273" T="0" />
		<Point X="196" Y="273" T="0" />
		<Point X="192" Y="273" T="0" />
		<Point X="189" Y="274" T="0" />
		<Point X="188" Y="275" T="0" />
	</Stroke>
	<Stroke>
		<Point X="263" Y="144" T="0" />
		<Point X="262" Y="144" T="0" />
		<Point X="259" Y="159" T="0" />
		<Point X="253" Y="184" T="0" />
		<Point X="245" Y="218" T="0" />
		<Point X="240" Y="246" T="0" />
		<Point X="235" Y="278" T="0" />
		<Point X="234" Y="305" T="0" />
		<Point X="234" Y="319" T="0" />
		<Point X="234" Y="325" T="0" />
		<Point X="234" Y="329" T="0" />
		<Point X="234" Y="333" T="0" />
		<Point X="234" Y="337" T="0" />
		<Point X="233" Y="343" T="0" />
		<Point X="232" Y="347" T="0" />
		<Point X="231" Y="351" T="0" />
		<Point X="231" Y="352" T="0" />
		<Point X="231" Y="353" T="0" />
	</Stroke>
</Gesture> 
