<?xml version="1.0" encoding="utf-8" standalone="yes"?>
<Gesture Name="I01">
	<Stroke>
		<Point X="153" Y="168" T="0" />
		<Point X="153" Y="168" T="0" />
		<Point X="154" Y="167" T="0" />
		<Point X="159" Y="166" T="0" />
		<Point X="168" Y="165" T="0" />
		<Point X="182" Y="164" T="0" />
		<Point X="195" Y="163" T="0" />
		<Point X="207" Y="161" T="0" />
		<Point X="215" Y="160" T="0" />
		<Point X="218" Y="159" T="0" />
	</Stroke>
	<Stroke>
		<Point X="189" Y="163" T="0" />
		<Point X="189" Y="169" T="0" />
		<Point X="192" Y="177" T="0" />
		<Point X="197" Y="189" T="0" />
		<Point X="199" Y="206" T="0" />
		<Point X="201" Y="233" T="0" />
		<Point X="201" Y="268" T="0" />
		<Point X="198" Y="312" T="0" />
		<Point X="196" Y="343" T="0" />
		<Point X="195" Y="363" T="0" />
		<Point X="196" Y="378" T="0" />
		<Point X="197" Y="391" T="0" />
		<Point X="197" Y="397" T="0" />
	</Stroke>
	<Stroke>
		<Point X="192" Y="389" T="0" />
		<Point X="191" Y="389" T="0" />
		<Point X="190" Y="389" T="0" />
		<Point X="194" Y="392" T="0" />
		<Point X="200" Y="393" T="0" />
		<Point X="207" Y="395" T="0" />
		<Point X="216" Y="395" T="0" />
		<Point X="221" Y="395" T="0" />
		<Point X="225" Y="395" T="0" />
		<Point X="226" Y="395" T="0" />
	</Stroke>
</Gesture> 
