<?xml version="1.0" encoding="utf-8" standalone="yes"?>
<Gesture Name="I02">
	<Stroke>
		<Point X="165" Y="210" T="0" />
		<Point X="165" Y="210" T="0" />
		<Point X="168" Y="210" T="0" />
		<Point X="176" Y="209" T="0" />
		<Point X="185" Y="209" T="0" />
		<Point X="194" Y="210" T="0" />
		<Point X="199" Y="211" T="0" />
	</Stroke>
	<Stroke>
		<Point X="191" Y="208" T="0" />
		<Point X="191" Y="209" T="0" />
		<Point X="190" Y="209" T="0" />
		<Point X="190" Y="211" T="0" />
		<Point X="190" Y="218" T="0" />
		<Point X="190" Y="226" T="0" />
		<Point X="192" Y="240" T="0" />
		<Point X="193" Y="255" T="0" />
		<Point X="193" Y="272" T="0" />
		<Point X="193" Y="290" T="0" />
		<Point X="193" Y="305" T="0" />
		<Point X="192" Y="317" T="0" />
		<Point X="192" Y="325" T="0" />
		<Point X="192" Y="329" T="0" />
		<Point X="192" Y="332" T="0" />
		<Point X="192" Y="335" T="0" />
		<Point X="192" Y="340" T="0" />
		<Point X="192" Y="345" T="0" />
		<Point X="192" Y="352" T="0" />
		<Point X="192" Y="360" T="0" />
		<Point X="192" Y="366" T="0" />
		<Point X="192" Y="370" T="0" />
		<Point X="192" Y="373" T="0" />
		<Point X="192" Y="376" T="0" />
		<Point X="192" Y="381" T="0" />
		<Point X="192" Y="386" T="0" />
		<Point X="192" Y="391" T="0" />
		<Point X="192" Y="395" T="0" />
		<Point X="192" Y="398" T="0" />
		<Point X="192" Y="399" T="0" />
	</Stroke>
	<Stroke>
		<Point X="181" Y="398" T="0" />
		<Point X="182" Y="398" T="0" />
		<Point X="187" Y="397" T="0" />
		<Point X="192" Y="396" T="0" />
		<Point X="196" Y="396" T="0" />
		<Point X="200" Y="395" T="0" />
		<Point X="203" Y="395" T="0" />
		<Point X="205" Y="395" T="0" />
		<Point X="206" Y="395" T="0" />
		<Point X="207" Y="395" T="0" />
		<Point X="208" Y="395" T="0" />
		<Point X="209" Y="395" T="0" />
	</Stroke>
</Gesture> 
