<?xml version="1.0" encoding="utf-8" standalone="yes"?>
<Gesture Name="I03">
	<Stroke>
		<Point X="171" Y="199" T="0" />
		<Point X="176" Y="198" T="0" />
		<Point X="187" Y="197" T="0" />
		<Point X="197" Y="197" T="0" />
		<Point X="208" Y="197" T="0" />
		<Point X="215" Y="197" T="0" />
		<Point X="218" Y="197" T="0" />
	</Stroke>
	<Stroke>
		<Point X="197" Y="193" T="0" />
		<Point X="196" Y="193" T="0" />
		<Point X="196" Y="195" T="0" />
		<Point X="196" Y="200" T="0" />
		<Point X="196" Y="207" T="0" />
		<Point X="197" Y="218" T="0" />
		<Point X="199" Y="232" T="0" />
		<Point X="200" Y="248" T="0" />
		<Point X="200" Y="263" T="0" />
		<Point X="198" Y="283" T="0" />
		<Point X="195" Y="305" T="0" />
		<Point X="193" Y="328" T="0" />
		<Point X="193" Y="342" T="0" />
		<Point X="192" Y="351" T="0" />
		<Point X="192" Y="361" T="0" />
		<Point X="193" Y="372" T="0" />
		<Point X="194" Y="380" T="0" />
		<Point X="195" Y="386" T="0" />
		<Point X="195" Y="389" T="0" />
	</Stroke>
	<Stroke>
		<Point X="172" Y="382" T="0" />
		<Point X="173" Y="382" T="0" />
		<Point X="174" Y="383" T="0" />
		<Point X="178" Y="384" T="0" />
		<Point X="186" Y="388" T="0" />
		<Point X="197" Y="392" T="0" />
		<Point X="209" Y="395" T="0" />
		<Point X="219" Y="396" T="0" />
		<Point X="224" Y="397" T="0" />
	</Stroke>
</Gesture> 
