<?xml version="1.0" encoding="utf-8" standalone="yes"?>
<Gesture Name="I04">
	<Stroke>
		<Point X="179" Y="170" T="0" />
		<Point X="179" Y="170" T="0" />
		<Point X="179" Y="171" T="0" />
		<Point X="187" Y="172" T="0" />
		<Point X="200" Y="174" T="0" />
		<Point X="210" Y="176" T="0" />
		<Point X="220" Y="178" T="0" />
		<Point X="225" Y="178" T="0" />
	</Stroke>
	<Stroke>
		<Point X="208" Y="178" T="0" />
		<Point X="208" Y="179" T="0" />
		<Point X="208" Y="181" T="0" />
		<Point X="208" Y="188" T="0" />
		<Point X="208" Y="197" T="0" />
		<Point X="208" Y="211" T="0" />
		<Point X="205" Y="231" T="0" />
		<Point X="201" Y="256" T="0" />
		<Point X="194" Y="290" T="0" />
		<Point X="186" Y="321" T="0" />
		<Point X="180" Y="349" T="0" />
		<Point X="178" Y="366" T="0" />
		<Point X="177" Y="373" T="0" />
	</Stroke>
	<Stroke>
		<Point X="159" Y="374" T="0" />
		<Point X="160" Y="374" T="0" />
		<Point X="161" Y="374" T="0" />
		<Point X="165" Y="375" T="0" />
		<Point X="173" Y="376" T="0" />
		<Point X="181" Y="377" T="0" />
		<Point X="192" Y="378" T="0" />
		<Point X="201" Y="378" T="0" />
		<Point X="207" Y="378" T="0" />
		<Point X="213" Y="378" T="0" />
		<Point X="217" Y="378" T="0" />
		<Point X="219" Y="379" T="0" />
		<Point X="223" Y="380" T="0" />
	</Stroke>
</Gesture> 
