<?xml version="1.0" encoding="utf-8" standalone="yes"?>
<Gesture Name="I05">
	<Stroke>
		<Point X="218" Y="149" T="0" />
		<Point X="219" Y="148" T="0" />
		<Point X="223" Y="147" T="0" />
		<Point X="230" Y="145" T="0" />
		<Point X="237" Y="144" T="0" />
		<Point X="243" Y="143" T="0" />
		<Point X="248" Y="142" T="0" />
		<Point X="251" Y="141" T="0" />
		<Point X="253" Y="141" T="0" />
		<Point X="255" Y="141" T="0" />
		<Point X="257" Y="141" T="0" />
		<Point X="259" Y="141" T="0" />
	</Stroke>
	<Stroke>
		<Point X="241" Y="148" T="0" />
		<Point X="241" Y="151" T="0" />
		<Point X="241" Y="161" T="0" />
		<Point X="242" Y="172" T="0" />
		<Point X="244" Y="185" T="0" />
		<Point X="246" Y="202" T="0" />
		<Point X="247" Y="225" T="0" />
		<Point X="249" Y="255" T="0" />
		<Point X="250" Y="287" T="0" />
		<Point X="250" Y="315" T="0" />
		<Point X="250" Y="335" T="0" />
		<Point X="250" Y="349" T="0" />
		<Point X="251" Y="360" T="0" />
		<Point X="251" Y="365" T="0" />
	</Stroke>
	<Stroke>
		<Point X="249" Y="368" T="0" />
		<Point X="251" Y="369" T="0" />
		<Point X="260" Y="371" T="0" />
		<Point X="272" Y="372" T="0" />
		<Point X="281" Y="372" T="0" />
		<Point X="288" Y="372" T="0" />
	</Stroke>
</Gesture> 
