<?xml version="1.0" encoding="utf-8" standalone="yes"?>
<Gesture Name="I06">
	<Stroke>
		<Point X="147" Y="153" T="0" />
		<Point X="147" Y="153" T="0" />
		<Point X="147" Y="153" T="0" />
		<Point X="147" Y="152" T="0" />
		<Point X="152" Y="152" T="0" />
		<Point X="161" Y="151" T="0" />
		<Point X="176" Y="151" T="0" />
		<Point X="193" Y="151" T="0" />
		<Point X="206" Y="151" T="0" />
		<Point X="216" Y="151" T="0" />
		<Point X="222" Y="151" T="0" />
		<Point X="224" Y="151" T="0" />
		<Point X="225" Y="151" T="0" />
		<Point X="226" Y="151" T="0" />
		<Point X="230" Y="151" T="0" />
		<Point X="232" Y="150" T="0" />
		<Point X="234" Y="150" T="0" />
		<Point X="236" Y="150" T="0" />
		<Point X="239" Y="149" T="0" />
		<Point X="243" Y="148" T="0" />
		<Point X="247" Y="148" T="0" />
		<Point X="249" Y="147" T="0" />
		<Point X="250" Y="147" T="0" />
		<Point X="250" Y="146" T="0" />
		<Point X="251" Y="146" T="0" />
		<Point X="253" Y="144" T="0" />
		<Point X="255" Y="143" T="0" />
		<Point X="255" Y="142" T="0" />
	</Stroke>
	<Stroke>
		<Point X="206" Y="151" T="0" />
		<Point X="206" Y="152" T="0" />
		<Point X="206" Y="153" T="0" />
		<Point X="207" Y="164" T="0" />
		<Point X="209" Y="179" T="0" />
		<Point X="211" Y="203" T="0" />
		<Point X="212" Y="233" T="0" />
		<Point X="212" Y="268" T="0" />
		<Point X="209" Y="294" T="0" />
		<Point X="208" Y="307" T="0" />
		<Point X="207" Y="313" T="0" />
		<Point X="207" Y="318" T="0" />
		<Point X="206" Y="320" T="0" />
		<Point X="206" Y="321" T="0" />
		<Point X="206" Y="322" T="0" />
		<Point X="206" Y="325" T="0" />
		<Point X="206" Y="329" T="0" />
		<Point X="206" Y="333" T="0" />
		<Point X="206" Y="337" T="0" />
		<Point X="206" Y="340" T="0" />
	</Stroke>
	<Stroke>
		<Point X="167" Y="340" T="0" />
		<Point X="168" Y="340" T="0" />
		<Point X="174" Y="340" T="0" />
		<Point X="189" Y="341" T="0" />
		<Point X="214" Y="342" T="0" />
		<Point X="258" Y="345" T="0" />
		<Point X="297" Y="345" T="0" />
		<Point X="326" Y="345" T="0" />
		<Point X="340" Y="345" T="0" />
		<Point X="343" Y="344" T="0" />
	</Stroke>
</Gesture> 
