<?xml version="1.0" encoding="utf-8" standalone="yes"?>
<Gesture Name="I07">
	<Stroke>
		<Point X="177" Y="200" T="0" />
		<Point X="177" Y="200" T="0" />
		<Point X="178" Y="200" T="0" />
		<Point X="182" Y="200" T="0" />
		<Point X="189" Y="200" T="0" />
		<Point X="195" Y="200" T="0" />
		<Point X="202" Y="200" T="0" />
		<Point X="206" Y="200" T="0" />
		<Point X="208" Y="200" T="0" />
	</Stroke>
	<Stroke>
		<Point X="187" Y="205" T="0" />
		<Point X="187" Y="206" T="0" />
		<Point X="187" Y="207" T="0" />
		<Point X="187" Y="210" T="0" />
		<Point X="188" Y="217" T="0" />
		<Point X="189" Y="230" T="0" />
		<Point X="189" Y="246" T="0" />
		<Point X="190" Y="265" T="0" />
		<Point X="190" Y="286" T="0" />
		<Point X="188" Y="306" T="0" />
		<Point X="184" Y="326" T="0" />
		<Point X="182" Y="346" T="0" />
		<Point X="179" Y="368" T="0" />
		<Point X="178" Y="383" T="0" />
		<Point X="177" Y="394" T="0" />
		<Point X="177" Y="398" T="0" />
		<Point X="177" Y="400" T="0" />
	</Stroke>
	<Stroke>
		<Point X="173" Y="394" T="0" />
		<Point X="174" Y="393" T="0" />
		<Point X="181" Y="393" T="0" />
		<Point X="193" Y="392" T="0" />
		<Point X="204" Y="392" T="0" />
		<Point X="215" Y="392" T="0" />
		<Point X="221" Y="392" T="0" />
	</Stroke>
</Gesture> 
