<?xml version="1.0" encoding="utf-8" standalone="yes"?>
<Gesture Name="I08">
	<Stroke>
		<Point X="155" Y="210" T="0" />
		<Point X="155" Y="210" T="0" />
		<Point X="158" Y="210" T="0" />
		<Point X="165" Y="208" T="0" />
		<Point X="175" Y="207" T="0" />
		<Point X="188" Y="206" T="0" />
		<Point X="203" Y="205" T="0" />
		<Point X="217" Y="204" T="0" />
		<Point X="225" Y="204" T="0" />
	</Stroke>
	<Stroke>
		<Point X="193" Y="202" T="0" />
		<Point X="193" Y="203" T="0" />
		<Point X="193" Y="204" T="0" />
		<Point X="193" Y="205" T="0" />
		<Point X="193" Y="214" T="0" />
		<Point X="193" Y="229" T="0" />
		<Point X="193" Y="252" T="0" />
		<Point X="193" Y="281" T="0" />
		<Point X="194" Y="309" T="0" />
		<Point X="195" Y="338" T="0" />
		<Point X="197" Y="366" T="0" />
		<Point X="198" Y="391" T="0" />
		<Point X="200" Y="404" T="0" />
		<Point X="201" Y="411" T="0" />
		<Point X="201" Y="413" T="0" />
		<Point X="202" Y="415" T="0" />
		<Point X="202" Y="416" T="0" />
		<Point X="202" Y="418" T="0" />
	</Stroke>
	<Stroke>
		<Point X="186" Y="412" T="0" />
		<Point X="187" Y="412" T="0" />
		<Point X="195" Y="412" T="0" />
		<Point X="205" Y="413" T="0" />
		<Point X="216" Y="414" T="0" />
		<Point X="229" Y="416" T="0" />
		<Point X="241" Y="417" T="0" />
		<Point X="247" Y="419" T="0" />
	</Stroke>
</Gesture> 
