<?xml version="1.0" encoding="utf-8" standalone="yes"?>
<Gesture Name="I09">
	<Stroke>
		<Point X="129" Y="156" T="0" />
		<Point X="129" Y="156" T="0" />
		<Point X="130" Y="157" T="0" />
		<Point X="131" Y="157" T="0" />
		<Point X="139" Y="160" T="0" />
		<Point X="149" Y="163" T="0" />
		<Point X="161" Y="164" T="0" />
		<Point X="175" Y="166" T="0" />
		<Point X="185" Y="167" T="0" />
		<Point X="193" Y="168" T="0" />
		<Point X="194" Y="168" T="0" />
		<Point X="194" Y="168" T="0" />
	</Stroke>
	<Stroke>
		<Point X="168" Y="178" T="0" />
		<Point X="168" Y="179" T="0" />
		<Point X="168" Y="190" T="0" />
		<Point X="168" Y="212" T="0" />
		<Point X="168" Y="244" T="0" />
		<Point X="168" Y="281" T="0" />
		<Point X="166" Y="315" T="0" />
		<Point X="165" Y="337" T="0" />
		<Point X="164" Y="347" T="0" />
		<Point X="164" Y="353" T="0" />
		<Point X="164" Y="356" T="0" />
		<Point X="164" Y="359" T="0" />
		<Point X="164" Y="363" T="0" />
		<Point X="163" Y="367" T="0" />
		<Point X="163" Y="370" T="0" />
		<Point X="163" Y="371" T="0" />
		<Point X="163" Y="372" T="0" />
		<Point X="163" Y="373" T="0" />
		<Point X="163" Y="376" T="0" />
		<Point X="162" Y="380" T="0" />
	</Stroke>
	<Stroke>
		<Point X="146" Y="377" T="0" />
		<Point X="147" Y="377" T="0" />
		<Point X="158" Y="379" T="0" />
		<Point X="161" Y="379" T="0" />
		<Point X="169" Y="381" T="0" />
		<Point X="177" Y="382" T="0" />
		<Point X="186" Y="383" T="0" />
		<Point X="192" Y="383" T="0" />
	</Stroke>
</Gesture> 
