<?xml version="1.0" encoding="utf-8" standalone="yes"?>
<Gesture Name="I10">
	<Stroke>
		<Point X="222" Y="179" T="0" />
		<Point X="222" Y="179" T="0" />
		<Point X="225" Y="178" T="0" />
		<Point X="230" Y="178" T="0" />
		<Point X="236" Y="178" T="0" />
		<Point X="242" Y="178" T="0" />
		<Point X="247" Y="179" T="0" />
		<Point X="251" Y="179" T="0" />
		<Point X="252" Y="179" T="0" />
	</Stroke>
	<Stroke>
		<Point X="241" Y="184" T="0" />
		<Point X="241" Y="187" T="0" />
		<Point X="240" Y="189" T="0" />
		<Point X="240" Y="193" T="0" />
		<Point X="238" Y="201" T="0" />
		<Point X="236" Y="218" T="0" />
		<Point X="231" Y="251" T="0" />
		<Point X="224" Y="285" T="0" />
		<Point X="213" Y="327" T="0" />
		<Point X="210" Y="360" T="0" />
		<Point X="209" Y="385" T="0" />
		<Point X="209" Y="402" T="0" />
		<Point X="209" Y="416" T="0" />
		<Point X="209" Y="425" T="0" />
		<Point X="209" Y="429" T="0" />
	</Stroke>
	<Stroke>
		<Point X="199" Y="428" T="0" />
		<Point X="199" Y="429" T="0" />
		<Point X="209" Y="432" T="0" />
		<Point X="227" Y="434" T="0" />
		<Point X="248" Y="435" T="0" />
		<Point X="262" Y="436" T="0" />
		<Point X="270" Y="437" T="0" />
	</Stroke>
</Gesture> 
