<?xml version="1.0" encoding="utf-8" standalone="yes"?>
<Gesture Name="line02">
	<Stroke>
		<Point X="134" Y="276" T="0" />
		<Point X="134" Y="276" T="0" />
		<Point X="135" Y="276" T="0" />
		<Point X="142" Y="275" T="0" />
		<Point X="172" Y="275" T="0" />
		<Point X="217" Y="275" T="0" />
		<Point X="272" Y="272" T="0" />
		<Point X="310" Y="267" T="0" />
		<Point X="336" Y="263" T="0" />
		<Point X="348" Y="261" T="0" />
		<Point X="357" Y="259" T="0" />
		<Point X="362" Y="259" T="0" />
		<Point X="364" Y="259" T="0" />
		<Point X="368" Y="259" T="0" />
		<Point X="374" Y="259" T="0" />
	</Stroke>
</Gesture> 
