<?xml version="1.0" encoding="utf-8" standalone="yes"?>
<Gesture Name="line08">
	<Stroke>
		<Point X="86" Y="247" T="0" />
		<Point X="86" Y="247" T="0" />
		<Point X="87" Y="247" T="0" />
		<Point X="92" Y="246" T="0" />
		<Point X="125" Y="244" T="0" />
		<Point X="178" Y="242" T="0" />
		<Point X="249" Y="238" T="0" />
		<Point X="317" Y="234" T="0" />
		<Point X="378" Y="233" T="0" />
		<Point X="433" Y="235" T="0" />
		<Point X="470" Y="243" T="0" />
		<Point X="487" Y="247" T="0" />
		<Point X="491" Y="249" T="0" />
	</Stroke>
</Gesture> 
