<?xml version="1.0" encoding="utf-8" standalone="yes"?>
<Gesture Name="line10">
	<Stroke>
		<Point X="76" Y="303" T="0" />
		<Point X="76" Y="302" T="0" />
		<Point X="79" Y="301" T="0" />
		<Point X="92" Y="299" T="0" />
		<Point X="119" Y="298" T="0" />
		<Point X="167" Y="296" T="0" />
		<Point X="221" Y="292" T="0" />
		<Point X="262" Y="289" T="0" />
		<Point X="293" Y="286" T="0" />
		<Point X="309" Y="284" T="0" />
		<Point X="317" Y="282" T="0" />
		<Point X="322" Y="281" T="0" />
		<Point X="326" Y="280" T="0" />
		<Point X="331" Y="279" T="0" />
		<Point X="338" Y="278" T="0" />
		<Point X="343" Y="277" T="0" />
	</Stroke>
</Gesture> 
