<?xml version="1.0" encoding="utf-8" standalone="yes"?>
<Gesture Name="line09">
	<Stroke>
		<Point X="51" Y="265" T="0" />
		<Point X="54" Y="264" T="0" />
		<Point X="60" Y="264" T="0" />
		<Point X="82" Y="266" T="0" />
		<Point X="121" Y="267" T="0" />
		<Point X="190" Y="265" T="0" />
		<Point X="269" Y="262" T="0" />
		<Point X="339" Y="259" T="0" />
		<Point X="381" Y="258" T="0" />
		<Point X="400" Y="258" T="0" />
		<Point X="403" Y="258" T="0" />
		<Point X="410" Y="258" T="0" />
		<Point X="430" Y="258" T="0" />
		<Point X="459" Y="258" T="0" />
		<Point X="483" Y="257" T="0" />
		<Point X="492" Y="256" T="0" />
	</Stroke>
</Gesture> 
