<?xml version="1.0" encoding="utf-8" standalone="yes"?>
<Gesture Name="line06">
	<Stroke>
		<Point X="46" Y="257" T="0" />
		<Point X="48" Y="257" T="0" />
		<Point X="60" Y="257" T="0" />
		<Point X="85" Y="257" T="0" />
		<Point X="117" Y="255" T="0" />
		<Point X="158" Y="253" T="0" />
		<Point X="200" Y="249" T="0" />
		<Point X="236" Y="245" T="0" />
		<Point X="264" Y="241" T="0" />
		<Point X="275" Y="239" T="0" />
		<Point X="279" Y="238" T="0" />
		<Point X="286" Y="237" T="0" />
		<Point X="296" Y="236" T="0" />
		<Point X="312" Y="234" T="0" />
		<Point X="326" Y="234" T="0" />
		<Point X="336" Y="234" T="0" />
	</Stroke>
</Gesture> 
