<?xml version="1.0" encoding="utf-8" standalone="yes"?>
<Gesture Name="N01">
	<Stroke>
		<Point X="227" Y="174" T="0" />
		<Point X="227" Y="174" T="0" />
		<Point X="226" Y="174" T="0" />
		<Point X="221" Y="186" T="0" />
		<Point X="214" Y="208" T="0" />
		<Point X="203" Y="246" T="0" />
		<Point X="191" Y="288" T="0" />
		<Point X="181" Y="330" T="0" />
		<Point X="175" Y="371" T="0" />
		<Point X="174" Y="402" T="0" />
		<Point X="174" Y="414" T="0" />
		<Point X="174" Y="419" T="0" />
	</Stroke>
	<Stroke>
		<Point X="223" Y="183" T="0" />
		<Point X="224" Y="183" T="0" />
		<Point X="225" Y="183" T="0" />
		<Point X="228" Y="191" T="0" />
		<Point X="234" Y="207" T="0" />
		<Point X="242" Y="232" T="0" />
		<Point X="252" Y="265" T="0" />
		<Point X="259" Y="293" T="0" />
		<Point X="264" Y="313" T="0" />
		<Point X="268" Y="331" T="0" />
		<Point X="271" Y="343" T="0" />
		<Point X="272" Y="352" T="0" />
		<Point X="274" Y="358" T="0" />
		<Point X="275" Y="362" T="0" />
	</Stroke>
	<Stroke>
		<Point X="332" Y="147" T="0" />
		<Point X="331" Y="147" T="0" />
		<Point X="330" Y="150" T="0" />
		<Point X="323" Y="170" T="0" />
		<Point X="313" Y="198" T="0" />
		<Point X="303" Y="235" T="0" />
		<Point X="292" Y="275" T="0" />
		<Point X="286" Y="316" T="0" />
		<Point X="286" Y="355" T="0" />
		<Point X="286" Y="385" T="0" />
		<Point X="287" Y="400" T="0" />
		<Point X="287" Y="410" T="0" />
		<Point X="287" Y="415" T="0" />
		<Point X="287" Y="417" T="0" />
	</Stroke>
</Gesture> 
