<?xml version="1.0" encoding="utf-8" standalone="yes"?>
<Gesture Name="N02">
	<Stroke>
		<Point X="187" Y="188" T="0" />
		<Point X="187" Y="188" T="0" />
		<Point X="187" Y="189" T="0" />
		<Point X="184" Y="199" T="0" />
		<Point X="178" Y="219" T="0" />
		<Point X="174" Y="246" T="0" />
		<Point X="173" Y="282" T="0" />
		<Point X="173" Y="314" T="0" />
		<Point X="173" Y="338" T="0" />
		<Point X="173" Y="350" T="0" />
		<Point X="173" Y="354" T="0" />
		<Point X="174" Y="354" T="0" />
		<Point X="174" Y="355" T="0" />
		<Point X="174" Y="354" T="0" />
	</Stroke>
	<Stroke>
		<Point X="174" Y="201" T="0" />
		<Point X="175" Y="201" T="0" />
		<Point X="181" Y="209" T="0" />
		<Point X="190" Y="223" T="0" />
		<Point X="200" Y="238" T="0" />
		<Point X="209" Y="256" T="0" />
		<Point X="216" Y="274" T="0" />
		<Point X="220" Y="287" T="0" />
		<Point X="223" Y="299" T="0" />
		<Point X="225" Y="308" T="0" />
		<Point X="227" Y="315" T="0" />
		<Point X="228" Y="320" T="0" />
		<Point X="229" Y="324" T="0" />
		<Point X="230" Y="327" T="0" />
		<Point X="231" Y="329" T="0" />
	</Stroke>
	<Stroke>
		<Point X="240" Y="161" T="0" />
		<Point X="239" Y="162" T="0" />
		<Point X="236" Y="173" T="0" />
		<Point X="231" Y="195" T="0" />
		<Point X="224" Y="226" T="0" />
		<Point X="221" Y="249" T="0" />
		<Point X="221" Y="277" T="0" />
		<Point X="221" Y="293" T="0" />
		<Point X="221" Y="303" T="0" />
		<Point X="221" Y="307" T="0" />
	</Stroke>
</Gesture> 
