<?xml version="1.0" encoding="utf-8" standalone="yes"?>
<Gesture Name="N03">
	<Stroke>
		<Point X="175" Y="173" T="0" />
		<Point X="175" Y="174" T="0" />
		<Point X="175" Y="181" T="0" />
		<Point X="176" Y="194" T="0" />
		<Point X="179" Y="219" T="0" />
		<Point X="182" Y="259" T="0" />
		<Point X="185" Y="300" T="0" />
		<Point X="186" Y="341" T="0" />
		<Point X="186" Y="365" T="0" />
		<Point X="187" Y="378" T="0" />
		<Point X="188" Y="385" T="0" />
	</Stroke>
	<Stroke>
		<Point X="195" Y="186" T="0" />
		<Point X="195" Y="188" T="0" />
		<Point X="195" Y="193" T="0" />
		<Point X="196" Y="205" T="0" />
		<Point X="204" Y="225" T="0" />
		<Point X="218" Y="252" T="0" />
		<Point X="234" Y="281" T="0" />
		<Point X="255" Y="316" T="0" />
		<Point X="273" Y="346" T="0" />
		<Point X="290" Y="372" T="0" />
		<Point X="304" Y="388" T="0" />
		<Point X="311" Y="396" T="0" />
		<Point X="314" Y="399" T="0" />
		<Point X="314" Y="400" T="0" />
	</Stroke>
	<Stroke>
		<Point X="310" Y="186" T="0" />
		<Point X="310" Y="187" T="0" />
		<Point X="310" Y="189" T="0" />
		<Point X="311" Y="206" T="0" />
		<Point X="313" Y="233" T="0" />
		<Point X="316" Y="261" T="0" />
		<Point X="318" Y="295" T="0" />
		<Point X="319" Y="322" T="0" />
		<Point X="320" Y="339" T="0" />
		<Point X="320" Y="349" T="0" />
		<Point X="321" Y="353" T="0" />
		<Point X="321" Y="356" T="0" />
		<Point X="321" Y="358" T="0" />
		<Point X="321" Y="360" T="0" />
	</Stroke>
</Gesture> 
