<?xml version="1.0" encoding="utf-8" standalone="yes"?>
<Gesture Name="N04">
	<Stroke>
		<Point X="192" Y="141" T="0" />
		<Point X="192" Y="141" T="0" />
		<Point X="192" Y="142" T="0" />
		<Point X="186" Y="156" T="0" />
		<Point X="173" Y="185" T="0" />
		<Point X="158" Y="221" T="0" />
		<Point X="140" Y="264" T="0" />
		<Point X="125" Y="309" T="0" />
		<Point X="111" Y="349" T="0" />
		<Point X="105" Y="372" T="0" />
		<Point X="104" Y="382" T="0" />
		<Point X="104" Y="384" T="0" />
	</Stroke>
	<Stroke>
		<Point X="190" Y="137" T="0" />
		<Point X="190" Y="138" T="0" />
		<Point X="190" Y="140" T="0" />
		<Point X="190" Y="148" T="0" />
		<Point X="190" Y="160" T="0" />
		<Point X="191" Y="174" T="0" />
		<Point X="194" Y="194" T="0" />
		<Point X="199" Y="216" T="0" />
		<Point X="205" Y="239" T="0" />
		<Point X="210" Y="257" T="0" />
		<Point X="216" Y="272" T="0" />
		<Point X="223" Y="283" T="0" />
		<Point X="226" Y="290" T="0" />
		<Point X="228" Y="294" T="0" />
	</Stroke>
	<Stroke>
		<Point X="303" Y="99" T="0" />
		<Point X="299" Y="108" T="0" />
		<Point X="293" Y="126" T="0" />
		<Point X="285" Y="150" T="0" />
		<Point X="279" Y="179" T="0" />
		<Point X="272" Y="213" T="0" />
		<Point X="266" Y="241" T="0" />
		<Point X="262" Y="258" T="0" />
		<Point X="258" Y="268" T="0" />
		<Point X="255" Y="275" T="0" />
		<Point X="251" Y="282" T="0" />
		<Point X="248" Y="288" T="0" />
		<Point X="247" Y="292" T="0" />
		<Point X="247" Y="294" T="0" />
		<Point X="246" Y="297" T="0" />
		<Point X="246" Y="299" T="0" />
		<Point X="246" Y="302" T="0" />
		<Point X="245" Y="306" T="0" />
	</Stroke>
</Gesture> 
