<?xml version="1.0" encoding="utf-8" standalone="yes"?>
<Gesture Name="N05">
	<Stroke>
		<Point X="210" Y="161" T="0" />
		<Point X="207" Y="163" T="0" />
		<Point X="200" Y="175" T="0" />
		<Point X="192" Y="195" T="0" />
		<Point X="180" Y="232" T="0" />
		<Point X="169" Y="279" T="0" />
		<Point X="164" Y="322" T="0" />
		<Point X="163" Y="359" T="0" />
		<Point X="163" Y="385" T="0" />
		<Point X="164" Y="404" T="0" />
		<Point X="165" Y="412" T="0" />
	</Stroke>
	<Stroke>
		<Point X="212" Y="173" T="0" />
		<Point X="212" Y="174" T="0" />
		<Point X="212" Y="176" T="0" />
		<Point X="212" Y="184" T="0" />
		<Point X="215" Y="196" T="0" />
		<Point X="221" Y="221" T="0" />
		<Point X="227" Y="246" T="0" />
		<Point X="234" Y="273" T="0" />
		<Point X="242" Y="304" T="0" />
		<Point X="249" Y="332" T="0" />
		<Point X="256" Y="357" T="0" />
		<Point X="262" Y="374" T="0" />
		<Point X="265" Y="384" T="0" />
		<Point X="267" Y="389" T="0" />
		<Point X="268" Y="393" T="0" />
	</Stroke>
	<Stroke>
		<Point X="339" Y="135" T="0" />
		<Point X="338" Y="135" T="0" />
		<Point X="336" Y="140" T="0" />
		<Point X="331" Y="153" T="0" />
		<Point X="324" Y="173" T="0" />
		<Point X="316" Y="201" T="0" />
		<Point X="309" Y="237" T="0" />
		<Point X="303" Y="276" T="0" />
		<Point X="300" Y="316" T="0" />
		<Point X="300" Y="346" T="0" />
		<Point X="298" Y="369" T="0" />
		<Point X="297" Y="387" T="0" />
		<Point X="295" Y="404" T="0" />
		<Point X="292" Y="415" T="0" />
		<Point X="291" Y="422" T="0" />
	</Stroke>
</Gesture> 
