<?xml version="1.0" encoding="utf-8" standalone="yes"?>
<Gesture Name="N06">
	<Stroke>
		<Point X="194" Y="164" T="0" />
		<Point X="194" Y="165" T="0" />
		<Point X="193" Y="170" T="0" />
		<Point X="186" Y="183" T="0" />
		<Point X="170" Y="212" T="0" />
		<Point X="150" Y="246" T="0" />
		<Point X="133" Y="278" T="0" />
		<Point X="123" Y="304" T="0" />
		<Point X="120" Y="317" T="0" />
		<Point X="119" Y="321" T="0" />
		<Point X="119" Y="322" T="0" />
	</Stroke>
	<Stroke>
		<Point X="195" Y="173" T="0" />
		<Point X="195" Y="174" T="0" />
		<Point X="195" Y="175" T="0" />
		<Point X="195" Y="176" T="0" />
		<Point X="195" Y="177" T="0" />
		<Point X="195" Y="186" T="0" />
		<Point X="194" Y="215" T="0" />
		<Point X="197" Y="252" T="0" />
		<Point X="204" Y="283" T="0" />
		<Point X="214" Y="313" T="0" />
		<Point X="221" Y="330" T="0" />
		<Point X="225" Y="337" T="0" />
		<Point X="226" Y="338" T="0" />
		<Point X="227" Y="337" T="0" />
	</Stroke>
	<Stroke>
		<Point X="262" Y="172" T="0" />
		<Point X="260" Y="182" T="0" />
		<Point X="254" Y="202" T="0" />
		<Point X="246" Y="230" T="0" />
		<Point X="239" Y="257" T="0" />
		<Point X="232" Y="282" T="0" />
		<Point X="227" Y="300" T="0" />
		<Point X="222" Y="314" T="0" />
		<Point X="218" Y="326" T="0" />
		<Point X="217" Y="336" T="0" />
		<Point X="217" Y="340" T="0" />
	</Stroke>
</Gesture> 
