<?xml version="1.0" encoding="utf-8" standalone="yes"?>
<Gesture Name="N07">
	<Stroke>
		<Point X="197" Y="172" T="0" />
		<Point X="197" Y="172" T="0" />
		<Point X="197" Y="173" T="0" />
		<Point X="196" Y="179" T="0" />
		<Point X="194" Y="189" T="0" />
		<Point X="189" Y="205" T="0" />
		<Point X="180" Y="226" T="0" />
		<Point X="169" Y="250" T="0" />
		<Point X="156" Y="279" T="0" />
		<Point X="145" Y="306" T="0" />
		<Point X="134" Y="334" T="0" />
		<Point X="126" Y="361" T="0" />
		<Point X="123" Y="377" T="0" />
		<Point X="121" Y="385" T="0" />
		<Point X="121" Y="391" T="0" />
		<Point X="121" Y="393" T="0" />
	</Stroke>
	<Stroke>
		<Point X="196" Y="182" T="0" />
		<Point X="197" Y="182" T="0" />
		<Point X="197" Y="183" T="0" />
		<Point X="199" Y="186" T="0" />
		<Point X="204" Y="197" T="0" />
		<Point X="209" Y="212" T="0" />
		<Point X="215" Y="232" T="0" />
		<Point X="221" Y="258" T="0" />
		<Point X="226" Y="280" T="0" />
		<Point X="229" Y="297" T="0" />
		<Point X="232" Y="315" T="0" />
		<Point X="233" Y="328" T="0" />
		<Point X="234" Y="340" T="0" />
		<Point X="235" Y="348" T="0" />
		<Point X="236" Y="354" T="0" />
	</Stroke>
	<Stroke>
		<Point X="302" Y="172" T="0" />
		<Point X="302" Y="173" T="0" />
		<Point X="299" Y="185" T="0" />
		<Point X="294" Y="202" T="0" />
		<Point X="288" Y="221" T="0" />
		<Point X="282" Y="242" T="0" />
		<Point X="274" Y="265" T="0" />
		<Point X="266" Y="287" T="0" />
		<Point X="259" Y="308" T="0" />
		<Point X="254" Y="326" T="0" />
		<Point X="249" Y="342" T="0" />
		<Point X="246" Y="351" T="0" />
		<Point X="244" Y="356" T="0" />
		<Point X="243" Y="359" T="0" />
		<Point X="243" Y="360" T="0" />
		<Point X="243" Y="361" T="0" />
		<Point X="242" Y="362" T="0" />
	</Stroke>
</Gesture> 
