<?xml version="1.0" encoding="utf-8" standalone="yes"?>
<Gesture Name="N08">
	<Stroke>
		<Point X="223" Y="183" T="0" />
		<Point X="223" Y="183" T="0" />
		<Point X="222" Y="184" T="0" />
		<Point X="216" Y="200" T="0" />
		<Point X="204" Y="244" T="0" />
		<Point X="188" Y="305" T="0" />
		<Point X="178" Y="376" T="0" />
		<Point X="176" Y="409" T="0" />
		<Point X="175" Y="434" T="0" />
		<Point X="175" Y="448" T="0" />
		<Point X="175" Y="455" T="0" />
		<Point X="175" Y="457" T="0" />
	</Stroke>
	<Stroke>
		<Point X="223" Y="198" T="0" />
		<Point X="224" Y="198" T="0" />
		<Point X="225" Y="203" T="0" />
		<Point X="229" Y="209" T="0" />
		<Point X="232" Y="221" T="0" />
		<Point X="237" Y="237" T="0" />
		<Point X="243" Y="262" T="0" />
		<Point X="251" Y="295" T="0" />
		<Point X="259" Y="330" T="0" />
		<Point X="269" Y="362" T="0" />
		<Point X="279" Y="383" T="0" />
		<Point X="288" Y="397" T="0" />
		<Point X="294" Y="405" T="0" />
		<Point X="297" Y="409" T="0" />
	</Stroke>
	<Stroke>
		<Point X="326" Y="170" T="0" />
		<Point X="326" Y="171" T="0" />
		<Point X="324" Y="178" T="0" />
		<Point X="321" Y="195" T="0" />
		<Point X="319" Y="224" T="0" />
		<Point X="314" Y="262" T="0" />
		<Point X="311" Y="292" T="0" />
		<Point X="310" Y="316" T="0" />
		<Point X="310" Y="334" T="0" />
		<Point X="310" Y="346" T="0" />
		<Point X="310" Y="356" T="0" />
		<Point X="310" Y="362" T="0" />
		<Point X="310" Y="366" T="0" />
		<Point X="310" Y="370" T="0" />
		<Point X="310" Y="378" T="0" />
		<Point X="310" Y="388" T="0" />
		<Point X="310" Y="405" T="0" />
		<Point X="310" Y="415" T="0" />
	</Stroke>
</Gesture> 
