<?xml version="1.0" encoding="utf-8" standalone="yes"?>
<Gesture Name="N09">
	<Stroke>
		<Point X="179" Y="159" T="0" />
		<Point X="179" Y="159" T="0" />
		<Point X="179" Y="160" T="0" />
		<Point X="179" Y="164" T="0" />
		<Point X="179" Y="182" T="0" />
		<Point X="175" Y="215" T="0" />
		<Point X="168" Y="258" T="0" />
		<Point X="161" Y="298" T="0" />
		<Point X="156" Y="334" T="0" />
		<Point X="153" Y="359" T="0" />
		<Point X="152" Y="370" T="0" />
		<Point X="152" Y="373" T="0" />
		<Point X="152" Y="375" T="0" />
		<Point X="152" Y="376" T="0" />
		<Point X="152" Y="377" T="0" />
	</Stroke>
	<Stroke>
		<Point X="189" Y="167" T="0" />
		<Point X="189" Y="168" T="0" />
		<Point X="194" Y="188" T="0" />
		<Point X="203" Y="212" T="0" />
		<Point X="213" Y="235" T="0" />
		<Point X="225" Y="263" T="0" />
		<Point X="237" Y="285" T="0" />
		<Point X="254" Y="315" T="0" />
		<Point X="268" Y="339" T="0" />
		<Point X="279" Y="357" T="0" />
		<Point X="284" Y="368" T="0" />
	</Stroke>
	<Stroke>
		<Point X="301" Y="151" T="0" />
		<Point X="301" Y="152" T="0" />
		<Point X="301" Y="155" T="0" />
		<Point X="300" Y="162" T="0" />
		<Point X="299" Y="175" T="0" />
		<Point X="298" Y="196" T="0" />
		<Point X="298" Y="227" T="0" />
		<Point X="298" Y="260" T="0" />
		<Point X="298" Y="288" T="0" />
		<Point X="299" Y="308" T="0" />
		<Point X="301" Y="321" T="0" />
		<Point X="302" Y="328" T="0" />
		<Point X="303" Y="333" T="0" />
		<Point X="304" Y="340" T="0" />
		<Point X="305" Y="347" T="0" />
	</Stroke>
</Gesture> 
