<?xml version="1.0" encoding="utf-8" standalone="yes"?>
<Gesture Name="N10">
	<Stroke>
		<Point X="225" Y="193" T="0" />
		<Point X="225" Y="193" T="0" />
		<Point X="225" Y="194" T="0" />
		<Point X="222" Y="206" T="0" />
		<Point X="217" Y="235" T="0" />
		<Point X="210" Y="282" T="0" />
		<Point X="203" Y="328" T="0" />
		<Point X="196" Y="360" T="0" />
		<Point X="194" Y="377" T="0" />
		<Point X="193" Y="387" T="0" />
		<Point X="193" Y="392" T="0" />
		<Point X="193" Y="395" T="0" />
		<Point X="193" Y="396" T="0" />
		<Point X="193" Y="396" T="0" />
	</Stroke>
	<Stroke>
		<Point X="237" Y="184" T="0" />
		<Point X="238" Y="185" T="0" />
		<Point X="238" Y="186" T="0" />
		<Point X="239" Y="192" T="0" />
		<Point X="242" Y="205" T="0" />
		<Point X="245" Y="227" T="0" />
		<Point X="249" Y="249" T="0" />
		<Point X="254" Y="271" T="0" />
		<Point X="260" Y="293" T="0" />
		<Point X="266" Y="312" T="0" />
		<Point X="272" Y="331" T="0" />
		<Point X="277" Y="344" T="0" />
		<Point X="281" Y="355" T="0" />
		<Point X="284" Y="362" T="0" />
		<Point X="285" Y="365" T="0" />
	</Stroke>
	<Stroke>
		<Point X="300" Y="146" T="0" />
		<Point X="299" Y="148" T="0" />
		<Point X="299" Y="156" T="0" />
		<Point X="299" Y="170" T="0" />
		<Point X="298" Y="188" T="0" />
		<Point X="297" Y="208" T="0" />
		<Point X="295" Y="231" T="0" />
		<Point X="293" Y="257" T="0" />
		<Point X="290" Y="286" T="0" />
		<Point X="290" Y="312" T="0" />
		<Point X="290" Y="336" T="0" />
		<Point X="290" Y="357" T="0" />
		<Point X="290" Y="371" T="0" />
		<Point X="290" Y="378" T="0" />
		<Point X="290" Y="380" T="0" />
		<Point X="290" Y="381" T="0" />
		<Point X="290" Y="382" T="0" />
	</Stroke>
</Gesture> 
