<?xml version="1.0" encoding="utf-8" standalone="yes"?>
<Gesture Name="null03">
	<Stroke>
		<Point X="322" Y="205" T="0" />
		<Point X="309" Y="203" T="0" />
		<Point X="283" Y="200" T="0" />
		<Point X="253" Y="200" T="0" />
		<Point X="223" Y="201" T="0" />
		<Point X="203" Y="204" T="0" />
		<Point X="197" Y="212" T="0" />
		<Point X="196" Y="221" T="0" />
		<Point X="201" Y="232" T="0" />
		<Point X="209" Y="240" T="0" />
		<Point X="224" Y="245" T="0" />
		<Point X="242" Y="249" T="0" />
		<Point X="266" Y="250" T="0" />
		<Point X="293" Y="250" T="0" />
		<Point X="318" Y="248" T="0" />
		<Point X="338" Y="245" T="0" />
		<Point X="350" Y="242" T="0" />
		<Point X="354" Y="238" T="0" />
		<Point X="355" Y="234" T="0" />
		<Point X="355" Y="228" T="0" />
		<Point X="352" Y="223" T="0" />
		<Point X="347" Y="218" T="0" />
		<Point X="338" Y="213" T="0" />
		<Point X="323" Y="207" T="0" />
		<Point X="300" Y="202" T="0" />
		<Point X="281" Y="201" T="0" />
		<Point X="266" Y="201" T="0" />
	</Stroke>
	<Stroke>
		<Point X="364" Y="107" T="0" />
		<Point X="358" Y="115" T="0" />
		<Point X="340" Y="141" T="0" />
		<Point X="316" Y="176" T="0" />
		<Point X="283" Y="231" T="0" />
		<Point X="250" Y="291" T="0" />
		<Point X="224" Y="343" T="0" />
		<Point X="211" Y="379" T="0" />
		<Point X="209" Y="401" T="0" />
		<Point X="209" Y="409" T="0" />
		<Point X="209" Y="412" T="0" />
	</Stroke>
</Gesture> 
