<?xml version="1.0" encoding="utf-8" standalone="yes"?>
<Gesture Name="null02">
	<Stroke>
		<Point X="289" Y="189" T="0" />
		<Point X="260" Y="194" T="0" />
		<Point X="234" Y="197" T="0" />
		<Point X="212" Y="203" T="0" />
		<Point X="204" Y="210" T="0" />
		<Point X="203" Y="220" T="0" />
		<Point X="208" Y="237" T="0" />
		<Point X="219" Y="254" T="0" />
		<Point X="234" Y="269" T="0" />
		<Point X="251" Y="281" T="0" />
		<Point X="266" Y="286" T="0" />
		<Point X="283" Y="287" T="0" />
		<Point X="304" Y="280" T="0" />
		<Point X="320" Y="271" T="0" />
		<Point X="330" Y="260" T="0" />
		<Point X="334" Y="248" T="0" />
		<Point X="335" Y="235" T="0" />
		<Point X="331" Y="222" T="0" />
		<Point X="317" Y="208" T="0" />
		<Point X="296" Y="196" T="0" />
		<Point X="270" Y="189" T="0" />
		<Point X="244" Y="188" T="0" />
		<Point X="225" Y="191" T="0" />
		<Point X="214" Y="200" T="0" />
		<Point X="210" Y="210" T="0" />
		<Point X="209" Y="219" T="0" />
	</Stroke>
	<Stroke>
		<Point X="392" Y="100" T="0" />
		<Point X="391" Y="101" T="0" />
		<Point X="375" Y="118" T="0" />
		<Point X="343" Y="153" T="0" />
		<Point X="303" Y="200" T="0" />
		<Point X="261" Y="256" T="0" />
		<Point X="224" Y="311" T="0" />
		<Point X="203" Y="351" T="0" />
		<Point X="194" Y="377" T="0" />
		<Point X="191" Y="395" T="0" />
		<Point X="190" Y="403" T="0" />
		<Point X="190" Y="406" T="0" />
		<Point X="190" Y="407" T="0" />
		<Point X="189" Y="408" T="0" />
		<Point X="188" Y="410" T="0" />
		<Point X="187" Y="413" T="0" />
		<Point X="186" Y="415" T="0" />
		<Point X="184" Y="418" T="0" />
	</Stroke>
</Gesture> 
