<?xml version="1.0" encoding="utf-8" standalone="yes"?>
<Gesture Name="null04">
	<Stroke>
		<Point X="273" Y="219" T="0" />
		<Point X="270" Y="219" T="0" />
		<Point X="255" Y="217" T="0" />
		<Point X="240" Y="217" T="0" />
		<Point X="230" Y="221" T="0" />
		<Point X="220" Y="232" T="0" />
		<Point X="216" Y="244" T="0" />
		<Point X="215" Y="255" T="0" />
		<Point X="221" Y="266" T="0" />
		<Point X="230" Y="275" T="0" />
		<Point X="246" Y="285" T="0" />
		<Point X="267" Y="294" T="0" />
		<Point X="291" Y="301" T="0" />
		<Point X="314" Y="305" T="0" />
		<Point X="337" Y="305" T="0" />
		<Point X="358" Y="301" T="0" />
		<Point X="371" Y="293" T="0" />
		<Point X="377" Y="283" T="0" />
		<Point X="377" Y="270" T="0" />
		<Point X="370" Y="257" T="0" />
		<Point X="358" Y="245" T="0" />
		<Point X="341" Y="235" T="0" />
		<Point X="318" Y="226" T="0" />
		<Point X="299" Y="222" T="0" />
		<Point X="280" Y="220" T="0" />
		<Point X="271" Y="220" T="0" />
		<Point X="266" Y="220" T="0" />
		<Point X="265" Y="222" T="0" />
	</Stroke>
	<Stroke>
		<Point X="393" Y="142" T="0" />
		<Point X="387" Y="148" T="0" />
		<Point X="364" Y="171" T="0" />
		<Point X="327" Y="205" T="0" />
		<Point X="282" Y="250" T="0" />
		<Point X="242" Y="299" T="0" />
		<Point X="212" Y="351" T="0" />
		<Point X="193" Y="396" T="0" />
		<Point X="182" Y="422" T="0" />
		<Point X="179" Y="431" T="0" />
	</Stroke>
</Gesture> 
