<?xml version="1.0" encoding="utf-8" standalone="yes"?>
<Gesture Name="null01">
	<Stroke>
		<Point X="214" Y="204" T="0" />
		<Point X="215" Y="203" T="0" />
		<Point X="215" Y="202" T="0" />
		<Point X="214" Y="202" T="0" />
		<Point X="204" Y="207" T="0" />
		<Point X="185" Y="218" T="0" />
		<Point X="164" Y="237" T="0" />
		<Point X="158" Y="260" T="0" />
		<Point X="159" Y="283" T="0" />
		<Point X="169" Y="300" T="0" />
		<Point X="185" Y="310" T="0" />
		<Point X="207" Y="311" T="0" />
		<Point X="240" Y="309" T="0" />
		<Point X="270" Y="301" T="0" />
		<Point X="297" Y="289" T="0" />
		<Point X="311" Y="277" T="0" />
		<Point X="319" Y="263" T="0" />
		<Point X="320" Y="248" T="0" />
		<Point X="317" Y="235" T="0" />
		<Point X="304" Y="223" T="0" />
		<Point X="280" Y="212" T="0" />
		<Point X="249" Y="205" T="0" />
		<Point X="218" Y="204" T="0" />
		<Point X="200" Y="206" T="0" />
		<Point X="191" Y="210" T="0" />
	</Stroke>
	<Stroke>
		<Point X="326" Y="151" T="0" />
		<Point X="325" Y="151" T="0" />
		<Point X="323" Y="153" T="0" />
		<Point X="311" Y="162" T="0" />
		<Point X="286" Y="185" T="0" />
		<Point X="251" Y="221" T="0" />
		<Point X="216" Y="264" T="0" />
		<Point X="182" Y="321" T="0" />
		<Point X="149" Y="384" T="0" />
		<Point X="122" Y="437" T="0" />
		<Point X="105" Y="471" T="0" />
		<Point X="102" Y="481" T="0" />
	</Stroke>
</Gesture> 
