<?xml version="1.0" encoding="utf-8" standalone="yes"?>
<Gesture Name="null05">
	<Stroke>
		<Point X="283" Y="236" T="0" />
		<Point X="272" Y="232" T="0" />
		<Point X="251" Y="230" T="0" />
		<Point X="226" Y="231" T="0" />
		<Point X="197" Y="237" T="0" />
		<Point X="173" Y="248" T="0" />
		<Point X="163" Y="264" T="0" />
		<Point X="162" Y="287" T="0" />
		<Point X="177" Y="307" T="0" />
		<Point X="203" Y="322" T="0" />
		<Point X="234" Y="330" T="0" />
		<Point X="265" Y="332" T="0" />
		<Point X="291" Y="328" T="0" />
		<Point X="307" Y="317" T="0" />
		<Point X="313" Y="303" T="0" />
		<Point X="314" Y="286" T="0" />
		<Point X="303" Y="263" T="0" />
		<Point X="280" Y="239" T="0" />
	</Stroke>
	<Stroke>
		<Point X="365" Y="151" T="0" />
		<Point X="355" Y="154" T="0" />
		<Point X="344" Y="161" T="0" />
		<Point X="330" Y="174" T="0" />
		<Point X="310" Y="197" T="0" />
		<Point X="286" Y="228" T="0" />
		<Point X="254" Y="266" T="0" />
		<Point X="229" Y="294" T="0" />
		<Point X="193" Y="333" T="0" />
		<Point X="170" Y="356" T="0" />
		<Point X="161" Y="368" T="0" />
		<Point X="158" Y="374" T="0" />
		<Point X="157" Y="378" T="0" />
	</Stroke>
</Gesture> 
