<?xml version="1.0" encoding="utf-8" standalone="yes"?>
<Gesture Name="null08">
	<Stroke>
		<Point X="325" Y="219" T="0" />
		<Point X="325" Y="219" T="0" />
		<Point X="309" Y="213" T="0" />
		<Point X="303" Y="211" T="0" />
		<Point X="270" Y="208" T="0" />
		<Point X="237" Y="209" T="0" />
		<Point X="206" Y="219" T="0" />
		<Point X="190" Y="234" T="0" />
		<Point X="182" Y="254" T="0" />
		<Point X="181" Y="283" T="0" />
		<Point X="192" Y="316" T="0" />
		<Point X="220" Y="342" T="0" />
		<Point X="259" Y="355" T="0" />
		<Point X="299" Y="356" T="0" />
		<Point X="336" Y="347" T="0" />
		<Point X="362" Y="333" T="0" />
		<Point X="376" Y="316" T="0" />
		<Point X="378" Y="295" T="0" />
		<Point X="372" Y="267" T="0" />
		<Point X="350" Y="239" T="0" />
		<Point X="320" Y="218" T="0" />
		<Point X="282" Y="207" T="0" />
		<Point X="254" Y="206" T="0" />
		<Point X="234" Y="210" T="0" />
		<Point X="226" Y="217" T="0" />
	</Stroke>
</Gesture> 
