<?xml version="1.0" encoding="utf-8" standalone="yes"?>
<Gesture Name="null10">
	<Stroke>
		<Point X="247" Y="254" T="0" />
		<Point X="246" Y="251" T="0" />
		<Point X="243" Y="249" T="0" />
		<Point X="234" Y="245" T="0" />
		<Point X="220" Y="244" T="0" />
		<Point X="200" Y="246" T="0" />
		<Point X="180" Y="254" T="0" />
		<Point X="159" Y="267" T="0" />
		<Point X="147" Y="279" T="0" />
		<Point X="140" Y="295" T="0" />
		<Point X="141" Y="315" T="0" />
		<Point X="154" Y="333" T="0" />
		<Point X="177" Y="346" T="0" />
		<Point X="208" Y="356" T="0" />
		<Point X="236" Y="358" T="0" />
		<Point X="259" Y="354" T="0" />
		<Point X="286" Y="342" T="0" />
		<Point X="311" Y="324" T="0" />
		<Point X="327" Y="302" T="0" />
		<Point X="332" Y="277" T="0" />
		<Point X="328" Y="252" T="0" />
		<Point X="315" Y="232" T="0" />
		<Point X="295" Y="220" T="0" />
		<Point X="275" Y="214" T="0" />
		<Point X="248" Y="213" T="0" />
		<Point X="228" Y="217" T="0" />
		<Point X="215" Y="224" T="0" />
	</Stroke>
</Gesture> 
