<?xml version="1.0" encoding="utf-8" standalone="yes"?>
<Gesture Name="null07">
	<Stroke>
		<Point X="174" Y="154" T="0" />
		<Point X="171" Y="150" T="0" />
		<Point X="157" Y="147" T="0" />
		<Point X="141" Y="148" T="0" />
		<Point X="125" Y="156" T="0" />
		<Point X="113" Y="172" T="0" />
		<Point X="105" Y="196" T="0" />
		<Point X="101" Y="222" T="0" />
		<Point X="105" Y="245" T="0" />
		<Point X="117" Y="259" T="0" />
		<Point X="138" Y="269" T="0" />
		<Point X="165" Y="275" T="0" />
		<Point X="200" Y="276" T="0" />
		<Point X="242" Y="271" T="0" />
		<Point X="289" Y="253" T="0" />
		<Point X="325" Y="233" T="0" />
		<Point X="346" Y="210" T="0" />
		<Point X="348" Y="189" T="0" />
		<Point X="334" Y="170" T="0" />
		<Point X="305" Y="151" T="0" />
		<Point X="266" Y="139" T="0" />
		<Point X="212" Y="126" T="0" />
		<Point X="145" Y="116" T="0" />
		<Point X="86" Y="115" T="0" />
		<Point X="54" Y="118" T="0" />
		<Point X="42" Y="124" T="0" />
		<Point X="40" Y="128" T="0" />
		<Point X="40" Y="132" T="0" />
	</Stroke>
	<Stroke>
		<Point X="299" Y="72" T="0" />
		<Point X="297" Y="72" T="0" />
		<Point X="284" Y="86" T="0" />
		<Point X="253" Y="126" T="0" />
		<Point X="198" Y="201" T="0" />
		<Point X="145" Y="287" T="0" />
		<Point X="110" Y="364" T="0" />
		<Point X="89" Y="423" T="0" />
		<Point X="85" Y="444" T="0" />
		<Point X="85" Y="449" T="0" />
	</Stroke>
</Gesture> 
