<?xml version="1.0" encoding="utf-8" standalone="yes"?>
<Gesture Name="null06">
	<Stroke>
		<Point X="263" Y="210" T="0" />
		<Point X="263" Y="210" T="0" />
		<Point X="263" Y="210" T="0" />
		<Point X="262" Y="210" T="0" />
		<Point X="253" Y="212" T="0" />
		<Point X="234" Y="216" T="0" />
		<Point X="211" Y="222" T="0" />
		<Point X="182" Y="230" T="0" />
		<Point X="155" Y="238" T="0" />
		<Point X="136" Y="246" T="0" />
		<Point X="129" Y="253" T="0" />
		<Point X="128" Y="263" T="0" />
		<Point X="132" Y="274" T="0" />
		<Point X="145" Y="284" T="0" />
		<Point X="167" Y="292" T="0" />
		<Point X="195" Y="296" T="0" />
		<Point X="230" Y="296" T="0" />
		<Point X="261" Y="292" T="0" />
		<Point X="280" Y="286" T="0" />
		<Point X="293" Y="277" T="0" />
		<Point X="299" Y="268" T="0" />
		<Point X="301" Y="258" T="0" />
		<Point X="300" Y="247" T="0" />
		<Point X="293" Y="235" T="0" />
		<Point X="281" Y="223" T="0" />
		<Point X="262" Y="213" T="0" />
		<Point X="242" Y="209" T="0" />
		<Point X="215" Y="208" T="0" />
		<Point X="188" Y="211" T="0" />
		<Point X="169" Y="217" T="0" />
		<Point X="155" Y="226" T="0" />
	</Stroke>
	<Stroke>
		<Point X="331" Y="88" T="0" />
		<Point X="326" Y="107" T="0" />
		<Point X="313" Y="141" T="0" />
		<Point X="291" Y="196" T="0" />
		<Point X="257" Y="266" T="0" />
		<Point X="226" Y="325" T="0" />
		<Point X="197" Y="379" T="0" />
		<Point X="177" Y="423" T="0" />
		<Point X="165" Y="451" T="0" />
		<Point X="160" Y="465" T="0" />
	</Stroke>
</Gesture> 
