<?xml version="1.0" encoding="utf-8" standalone="yes"?>
<Gesture Name="null09">
	<Stroke>
		<Point X="310" Y="207" T="0" />
		<Point X="309" Y="205" T="0" />
		<Point X="305" Y="202" T="0" />
		<Point X="298" Y="197" T="0" />
		<Point X="286" Y="193" T="0" />
		<Point X="269" Y="190" T="0" />
		<Point X="247" Y="189" T="0" />
		<Point X="222" Y="192" T="0" />
		<Point X="199" Y="199" T="0" />
		<Point X="185" Y="210" T="0" />
		<Point X="184" Y="224" T="0" />
		<Point X="196" Y="248" T="0" />
		<Point X="219" Y="271" T="0" />
		<Point X="243" Y="288" T="0" />
		<Point X="271" Y="298" T="0" />
		<Point X="299" Y="302" T="0" />
		<Point X="325" Y="302" T="0" />
		<Point X="348" Y="299" T="0" />
		<Point X="365" Y="289" T="0" />
		<Point X="374" Y="276" T="0" />
		<Point X="379" Y="260" T="0" />
		<Point X="379" Y="241" T="0" />
		<Point X="370" Y="223" T="0" />
		<Point X="350" Y="209" T="0" />
		<Point X="325" Y="201" T="0" />
		<Point X="306" Y="199" T="0" />
		<Point X="294" Y="200" T="0" />
		<Point X="285" Y="204" T="0" />
	</Stroke>
	<Stroke>
		<Point X="384" Y="129" T="0" />
		<Point X="384" Y="130" T="0" />
		<Point X="379" Y="137" T="0" />
		<Point X="365" Y="160" T="0" />
		<Point X="343" Y="201" T="0" />
		<Point X="316" Y="254" T="0" />
		<Point X="291" Y="305" T="0" />
		<Point X="271" Y="347" T="0" />
		<Point X="259" Y="370" T="0" />
		<Point X="251" Y="384" T="0" />
		<Point X="245" Y="392" T="0" />
		<Point X="241" Y="397" T="0" />
		<Point X="241" Y="398" T="0" />
		<Point X="240" Y="398" T="0" />
	</Stroke>
</Gesture> 
