<?xml version="1.0" encoding="utf-8" standalone="yes"?>
<Gesture Name="P01">
	<Stroke>
		<Point X="157" Y="187" T="0" />
		<Point X="158" Y="185" T="0" />
		<Point X="170" Y="179" T="0" />
		<Point X="191" Y="171" T="0" />
		<Point X="221" Y="167" T="0" />
		<Point X="256" Y="166" T="0" />
		<Point X="291" Y="172" T="0" />
		<Point X="323" Y="187" T="0" />
		<Point X="342" Y="203" T="0" />
		<Point X="354" Y="221" T="0" />
		<Point X="358" Y="238" T="0" />
		<Point X="358" Y="251" T="0" />
		<Point X="352" Y="259" T="0" />
		<Point X="345" Y="266" T="0" />
		<Point X="334" Y="272" T="0" />
		<Point X="315" Y="276" T="0" />
		<Point X="291" Y="278" T="0" />
		<Point X="257" Y="278" T="0" />
		<Point X="229" Y="277" T="0" />
		<Point X="208" Y="274" T="0" />
		<Point X="196" Y="271" T="0" />
		<Point X="193" Y="270" T="0" />
		<Point X="192" Y="270" T="0" />
		<Point X="190" Y="270" T="0" />
	</Stroke>
	<Stroke>
		<Point X="195" Y="182" T="0" />
		<Point X="196" Y="182" T="0" />
		<Point X="197" Y="182" T="0" />
		<Point X="197" Y="191" T="0" />
		<Point X="197" Y="207" T="0" />
		<Point X="192" Y="233" T="0" />
		<Point X="185" Y="271" T="0" />
		<Point X="174" Y="324" T="0" />
		<Point X="161" Y="381" T="0" />
		<Point X="150" Y="430" T="0" />
		<Point X="146" Y="457" T="0" />
		<Point X="145" Y="468" T="0" />
		<Point X="145" Y="472" T="0" />
	</Stroke>
</Gesture> 
