<?xml version="1.0" encoding="utf-8" standalone="yes"?>
<Gesture Name="P02">
	<Stroke>
		<Point X="217" Y="185" T="0" />
		<Point X="214" Y="178" T="0" />
		<Point X="212" Y="173" T="0" />
		<Point X="212" Y="172" T="0" />
		<Point X="214" Y="169" T="0" />
		<Point X="218" Y="165" T="0" />
		<Point X="224" Y="161" T="0" />
		<Point X="236" Y="158" T="0" />
		<Point X="249" Y="155" T="0" />
		<Point X="261" Y="154" T="0" />
		<Point X="270" Y="154" T="0" />
		<Point X="275" Y="156" T="0" />
		<Point X="280" Y="159" T="0" />
		<Point X="287" Y="165" T="0" />
		<Point X="292" Y="169" T="0" />
		<Point X="297" Y="173" T="0" />
		<Point X="300" Y="177" T="0" />
		<Point X="301" Y="182" T="0" />
		<Point X="301" Y="186" T="0" />
		<Point X="301" Y="192" T="0" />
		<Point X="301" Y="198" T="0" />
		<Point X="297" Y="205" T="0" />
		<Point X="290" Y="213" T="0" />
		<Point X="280" Y="223" T="0" />
		<Point X="270" Y="230" T="0" />
		<Point X="261" Y="237" T="0" />
		<Point X="251" Y="243" T="0" />
		<Point X="240" Y="247" T="0" />
		<Point X="229" Y="250" T="0" />
		<Point X="219" Y="252" T="0" />
		<Point X="213" Y="254" T="0" />
		<Point X="210" Y="255" T="0" />
		<Point X="209" Y="256" T="0" />
		<Point X="207" Y="256" T="0" />
		<Point X="207" Y="257" T="0" />
		<Point X="206" Y="257" T="0" />
		<Point X="206" Y="253" T="0" />
	</Stroke>
	<Stroke>
		<Point X="216" Y="173" T="0" />
		<Point X="217" Y="173" T="0" />
		<Point X="218" Y="173" T="0" />
		<Point X="218" Y="174" T="0" />
		<Point X="218" Y="180" T="0" />
		<Point X="216" Y="192" T="0" />
		<Point X="213" Y="210" T="0" />
		<Point X="209" Y="233" T="0" />
		<Point X="207" Y="256" T="0" />
		<Point X="205" Y="277" T="0" />
		<Point X="203" Y="299" T="0" />
		<Point X="200" Y="321" T="0" />
		<Point X="197" Y="336" T="0" />
		<Point X="196" Y="347" T="0" />
		<Point X="195" Y="355" T="0" />
		<Point X="195" Y="363" T="0" />
		<Point X="195" Y="369" T="0" />
		<Point X="195" Y="371" T="0" />
	</Stroke>
</Gesture> 
