<?xml version="1.0" encoding="utf-8" standalone="yes"?>
<Gesture Name="P03">
	<Stroke>
		<Point X="111" Y="195" T="0" />
		<Point X="113" Y="193" T="0" />
		<Point X="118" Y="189" T="0" />
		<Point X="132" Y="182" T="0" />
		<Point X="159" Y="178" T="0" />
		<Point X="193" Y="176" T="0" />
		<Point X="227" Y="176" T="0" />
		<Point X="256" Y="179" T="0" />
		<Point X="272" Y="184" T="0" />
		<Point X="278" Y="188" T="0" />
		<Point X="280" Y="193" T="0" />
		<Point X="282" Y="201" T="0" />
		<Point X="282" Y="211" T="0" />
		<Point X="281" Y="223" T="0" />
		<Point X="274" Y="237" T="0" />
		<Point X="261" Y="249" T="0" />
		<Point X="245" Y="258" T="0" />
		<Point X="226" Y="263" T="0" />
		<Point X="209" Y="267" T="0" />
		<Point X="194" Y="269" T="0" />
		<Point X="179" Y="269" T="0" />
		<Point X="162" Y="269" T="0" />
		<Point X="145" Y="268" T="0" />
		<Point X="131" Y="266" T="0" />
		<Point X="123" Y="266" T="0" />
	</Stroke>
	<Stroke>
		<Point X="143" Y="201" T="0" />
		<Point X="143" Y="202" T="0" />
		<Point X="143" Y="208" T="0" />
		<Point X="141" Y="225" T="0" />
		<Point X="138" Y="252" T="0" />
		<Point X="132" Y="287" T="0" />
		<Point X="126" Y="327" T="0" />
		<Point X="123" Y="376" T="0" />
		<Point X="123" Y="420" T="0" />
		<Point X="126" Y="446" T="0" />
		<Point X="131" Y="460" T="0" />
		<Point X="132" Y="463" T="0" />
		<Point X="133" Y="464" T="0" />
	</Stroke>
</Gesture> 
