<?xml version="1.0" encoding="utf-8" standalone="yes"?>
<Gesture Name="P04">
	<Stroke>
		<Point X="182" Y="196" T="0" />
		<Point X="182" Y="196" T="0" />
		<Point X="189" Y="194" T="0" />
		<Point X="212" Y="193" T="0" />
		<Point X="246" Y="193" T="0" />
		<Point X="284" Y="198" T="0" />
		<Point X="313" Y="206" T="0" />
		<Point X="328" Y="215" T="0" />
		<Point X="334" Y="221" T="0" />
		<Point X="334" Y="225" T="0" />
		<Point X="334" Y="229" T="0" />
		<Point X="331" Y="233" T="0" />
		<Point X="329" Y="235" T="0" />
		<Point X="310" Y="247" T="0" />
		<Point X="288" Y="255" T="0" />
		<Point X="256" Y="263" T="0" />
		<Point X="219" Y="271" T="0" />
		<Point X="194" Y="276" T="0" />
		<Point X="185" Y="277" T="0" />
		<Point X="182" Y="277" T="0" />
		<Point X="180" Y="277" T="0" />
		<Point X="180" Y="276" T="0" />
		<Point X="180" Y="275" T="0" />
		<Point X="180" Y="274" T="0" />
		<Point X="180" Y="273" T="0" />
	</Stroke>
	<Stroke>
		<Point X="195" Y="203" T="0" />
		<Point X="195" Y="204" T="0" />
		<Point X="193" Y="209" T="0" />
		<Point X="188" Y="226" T="0" />
		<Point X="180" Y="257" T="0" />
		<Point X="167" Y="305" T="0" />
		<Point X="156" Y="363" T="0" />
		<Point X="146" Y="421" T="0" />
		<Point X="142" Y="464" T="0" />
		<Point X="142" Y="486" T="0" />
		<Point X="142" Y="498" T="0" />
		<Point X="144" Y="501" T="0" />
		<Point X="144" Y="500" T="0" />
		<Point X="146" Y="497" T="0" />
	</Stroke>
</Gesture> 
