<?xml version="1.0" encoding="utf-8" standalone="yes"?>
<Gesture Name="P05">
	<Stroke>
		<Point X="78" Y="146" T="0" />
		<Point X="84" Y="146" T="0" />
		<Point X="97" Y="150" T="0" />
		<Point X="118" Y="154" T="0" />
		<Point X="142" Y="160" T="0" />
		<Point X="168" Y="165" T="0" />
		<Point X="185" Y="168" T="0" />
		<Point X="196" Y="171" T="0" />
		<Point X="202" Y="174" T="0" />
		<Point X="204" Y="177" T="0" />
		<Point X="207" Y="184" T="0" />
		<Point X="207" Y="196" T="0" />
		<Point X="205" Y="210" T="0" />
		<Point X="197" Y="227" T="0" />
		<Point X="187" Y="240" T="0" />
		<Point X="173" Y="250" T="0" />
		<Point X="159" Y="256" T="0" />
		<Point X="140" Y="261" T="0" />
		<Point X="118" Y="262" T="0" />
		<Point X="98" Y="263" T="0" />
		<Point X="81" Y="263" T="0" />
		<Point X="71" Y="263" T="0" />
		<Point X="67" Y="263" T="0" />
		<Point X="66" Y="263" T="0" />
		<Point X="65" Y="263" T="0" />
		<Point X="64" Y="263" T="0" />
		<Point X="63" Y="263" T="0" />
		<Point X="63" Y="262" T="0" />
		<Point X="63" Y="259" T="0" />
		<Point X="63" Y="255" T="0" />
	</Stroke>
</Gesture> 
