<?xml version="1.0" encoding="utf-8" standalone="yes"?>
<Gesture Name="P06">
	<Stroke>
		<Point X="159" Y="153" T="0" />
		<Point X="159" Y="152" T="0" />
		<Point X="160" Y="152" T="0" />
		<Point X="161" Y="152" T="0" />
		<Point X="171" Y="153" T="0" />
		<Point X="194" Y="155" T="0" />
		<Point X="223" Y="157" T="0" />
		<Point X="257" Y="157" T="0" />
		<Point X="290" Y="159" T="0" />
		<Point X="307" Y="161" T="0" />
		<Point X="312" Y="166" T="0" />
		<Point X="310" Y="174" T="0" />
		<Point X="298" Y="194" T="0" />
		<Point X="275" Y="222" T="0" />
		<Point X="250" Y="247" T="0" />
		<Point X="227" Y="264" T="0" />
		<Point X="211" Y="273" T="0" />
		<Point X="198" Y="276" T="0" />
		<Point X="185" Y="276" T="0" />
		<Point X="175" Y="276" T="0" />
		<Point X="164" Y="273" T="0" />
		<Point X="155" Y="267" T="0" />
		<Point X="146" Y="260" T="0" />
		<Point X="139" Y="253" T="0" />
		<Point X="135" Y="248" T="0" />
		<Point X="134" Y="246" T="0" />
		<Point X="133" Y="245" T="0" />
		<Point X="133" Y="244" T="0" />
		<Point X="133" Y="242" T="0" />
	</Stroke>
	<Stroke>
		<Point X="172" Y="163" T="0" />
		<Point X="172" Y="165" T="0" />
		<Point X="170" Y="174" T="0" />
		<Point X="163" Y="194" T="0" />
		<Point X="157" Y="227" T="0" />
		<Point X="152" Y="273" T="0" />
		<Point X="150" Y="322" T="0" />
		<Point X="151" Y="360" T="0" />
		<Point X="154" Y="383" T="0" />
		<Point X="158" Y="395" T="0" />
		<Point X="160" Y="401" T="0" />
		<Point X="160" Y="403" T="0" />
	</Stroke>
</Gesture> 
