<?xml version="1.0" encoding="utf-8" standalone="yes"?>
<Gesture Name="P07">
	<Stroke>
		<Point X="177" Y="205" T="0" />
		<Point X="177" Y="205" T="0" />
		<Point X="181" Y="202" T="0" />
		<Point X="190" Y="199" T="0" />
		<Point X="205" Y="193" T="0" />
		<Point X="226" Y="187" T="0" />
		<Point X="248" Y="182" T="0" />
		<Point X="268" Y="179" T="0" />
		<Point X="283" Y="177" T="0" />
		<Point X="292" Y="177" T="0" />
		<Point X="298" Y="177" T="0" />
		<Point X="302" Y="178" T="0" />
		<Point X="305" Y="182" T="0" />
		<Point X="309" Y="188" T="0" />
		<Point X="311" Y="197" T="0" />
		<Point X="312" Y="209" T="0" />
		<Point X="312" Y="223" T="0" />
		<Point X="307" Y="237" T="0" />
		<Point X="301" Y="249" T="0" />
		<Point X="294" Y="258" T="0" />
		<Point X="286" Y="263" T="0" />
		<Point X="276" Y="269" T="0" />
		<Point X="263" Y="272" T="0" />
		<Point X="248" Y="275" T="0" />
		<Point X="233" Y="277" T="0" />
		<Point X="221" Y="277" T="0" />
		<Point X="209" Y="276" T="0" />
		<Point X="198" Y="274" T="0" />
		<Point X="193" Y="274" T="0" />
	</Stroke>
	<Stroke>
		<Point X="205" Y="209" T="0" />
		<Point X="205" Y="210" T="0" />
		<Point X="205" Y="212" T="0" />
		<Point X="204" Y="219" T="0" />
		<Point X="203" Y="232" T="0" />
		<Point X="202" Y="253" T="0" />
		<Point X="202" Y="281" T="0" />
		<Point X="201" Y="310" T="0" />
		<Point X="201" Y="339" T="0" />
		<Point X="201" Y="360" T="0" />
		<Point X="201" Y="374" T="0" />
		<Point X="201" Y="386" T="0" />
		<Point X="201" Y="393" T="0" />
		<Point X="200" Y="398" T="0" />
		<Point X="200" Y="399" T="0" />
		<Point X="200" Y="400" T="0" />
		<Point X="200" Y="402" T="0" />
		<Point X="199" Y="406" T="0" />
		<Point X="199" Y="410" T="0" />
		<Point X="199" Y="415" T="0" />
		<Point X="198" Y="419" T="0" />
		<Point X="198" Y="422" T="0" />
		<Point X="198" Y="425" T="0" />
		<Point X="198" Y="426" T="0" />
	</Stroke>
</Gesture> 
