<?xml version="1.0" encoding="utf-8" standalone="yes"?>
<Gesture Name="P08">
	<Stroke>
		<Point X="154" Y="200" T="0" />
		<Point X="154" Y="200" T="0" />
		<Point X="157" Y="200" T="0" />
		<Point X="164" Y="199" T="0" />
		<Point X="183" Y="199" T="0" />
		<Point X="207" Y="199" T="0" />
		<Point X="233" Y="199" T="0" />
		<Point X="253" Y="203" T="0" />
		<Point X="268" Y="208" T="0" />
		<Point X="277" Y="214" T="0" />
		<Point X="284" Y="221" T="0" />
		<Point X="289" Y="229" T="0" />
		<Point X="291" Y="237" T="0" />
		<Point X="292" Y="245" T="0" />
		<Point X="292" Y="251" T="0" />
		<Point X="292" Y="257" T="0" />
		<Point X="289" Y="262" T="0" />
		<Point X="284" Y="267" T="0" />
		<Point X="272" Y="273" T="0" />
		<Point X="256" Y="276" T="0" />
		<Point X="235" Y="279" T="0" />
		<Point X="211" Y="279" T="0" />
		<Point X="192" Y="279" T="0" />
		<Point X="178" Y="279" T="0" />
		<Point X="173" Y="278" T="0" />
		<Point X="172" Y="278" T="0" />
		<Point X="171" Y="278" T="0" />
		<Point X="170" Y="278" T="0" />
		<Point X="169" Y="278" T="0" />
		<Point X="168" Y="278" T="0" />
	</Stroke>
	<Stroke>
		<Point X="164" Y="208" T="0" />
		<Point X="164" Y="209" T="0" />
		<Point X="163" Y="212" T="0" />
		<Point X="161" Y="225" T="0" />
		<Point X="157" Y="252" T="0" />
		<Point X="151" Y="289" T="0" />
		<Point X="146" Y="328" T="0" />
		<Point X="145" Y="361" T="0" />
		<Point X="145" Y="384" T="0" />
		<Point X="146" Y="402" T="0" />
		<Point X="148" Y="415" T="0" />
		<Point X="149" Y="426" T="0" />
		<Point X="150" Y="434" T="0" />
		<Point X="150" Y="439" T="0" />
		<Point X="150" Y="441" T="0" />
		<Point X="150" Y="442" T="0" />
		<Point X="151" Y="442" T="0" />
	</Stroke>
</Gesture> 
