<?xml version="1.0" encoding="utf-8" standalone="yes"?>
<Gesture Name="P09">
	<Stroke>
		<Point X="214" Y="160" T="0" />
		<Point X="214" Y="160" T="0" />
		<Point X="214" Y="160" T="0" />
		<Point X="223" Y="159" T="0" />
		<Point X="239" Y="159" T="0" />
		<Point X="258" Y="159" T="0" />
		<Point X="277" Y="159" T="0" />
		<Point X="292" Y="159" T="0" />
		<Point X="300" Y="161" T="0" />
		<Point X="304" Y="163" T="0" />
		<Point X="308" Y="170" T="0" />
		<Point X="311" Y="179" T="0" />
		<Point X="314" Y="189" T="0" />
		<Point X="314" Y="204" T="0" />
		<Point X="313" Y="218" T="0" />
		<Point X="309" Y="230" T="0" />
		<Point X="304" Y="239" T="0" />
		<Point X="300" Y="245" T="0" />
		<Point X="293" Y="250" T="0" />
		<Point X="283" Y="256" T="0" />
		<Point X="267" Y="262" T="0" />
		<Point X="248" Y="268" T="0" />
		<Point X="229" Y="270" T="0" />
		<Point X="216" Y="271" T="0" />
		<Point X="206" Y="271" T="0" />
		<Point X="199" Y="269" T="0" />
		<Point X="195" Y="268" T="0" />
		<Point X="194" Y="267" T="0" />
		<Point X="193" Y="267" T="0" />
		<Point X="193" Y="266" T="0" />
	</Stroke>
	<Stroke>
		<Point X="215" Y="163" T="0" />
		<Point X="215" Y="164" T="0" />
		<Point X="215" Y="171" T="0" />
		<Point X="215" Y="187" T="0" />
		<Point X="215" Y="212" T="0" />
		<Point X="215" Y="249" T="0" />
		<Point X="214" Y="284" T="0" />
		<Point X="214" Y="322" T="0" />
		<Point X="213" Y="350" T="0" />
		<Point X="213" Y="370" T="0" />
		<Point X="212" Y="383" T="0" />
		<Point X="211" Y="395" T="0" />
		<Point X="211" Y="406" T="0" />
		<Point X="210" Y="416" T="0" />
		<Point X="209" Y="420" T="0" />
		<Point X="209" Y="421" T="0" />
	</Stroke>
</Gesture> 
