<?xml version="1.0" encoding="utf-8" standalone="yes"?>
<Gesture Name="P10">
	<Stroke>
		<Point X="176" Y="206" T="0" />
		<Point X="176" Y="206" T="0" />
		<Point X="176" Y="205" T="0" />
		<Point X="180" Y="204" T="0" />
		<Point X="193" Y="202" T="0" />
		<Point X="215" Y="202" T="0" />
		<Point X="243" Y="202" T="0" />
		<Point X="272" Y="203" T="0" />
		<Point X="294" Y="208" T="0" />
		<Point X="306" Y="213" T="0" />
		<Point X="312" Y="218" T="0" />
		<Point X="315" Y="225" T="0" />
		<Point X="316" Y="233" T="0" />
		<Point X="316" Y="243" T="0" />
		<Point X="316" Y="244" T="0" />
		<Point X="311" Y="261" T="0" />
		<Point X="304" Y="269" T="0" />
		<Point X="295" Y="275" T="0" />
		<Point X="283" Y="279" T="0" />
		<Point X="271" Y="282" T="0" />
		<Point X="257" Y="284" T="0" />
		<Point X="242" Y="284" T="0" />
		<Point X="223" Y="281" T="0" />
		<Point X="205" Y="278" T="0" />
		<Point X="193" Y="277" T="0" />
		<Point X="190" Y="276" T="0" />
		<Point X="190" Y="275" T="0" />
	</Stroke>
	<Stroke>
		<Point X="194" Y="210" T="0" />
		<Point X="194" Y="211" T="0" />
		<Point X="194" Y="212" T="0" />
		<Point X="194" Y="214" T="0" />
		<Point X="194" Y="220" T="0" />
		<Point X="193" Y="229" T="0" />
		<Point X="192" Y="242" T="0" />
		<Point X="192" Y="261" T="0" />
		<Point X="191" Y="283" T="0" />
		<Point X="187" Y="308" T="0" />
		<Point X="182" Y="333" T="0" />
		<Point X="178" Y="350" T="0" />
		<Point X="178" Y="359" T="0" />
		<Point X="178" Y="365" T="0" />
		<Point X="178" Y="369" T="0" />
		<Point X="178" Y="372" T="0" />
		<Point X="178" Y="375" T="0" />
		<Point X="178" Y="380" T="0" />
		<Point X="178" Y="386" T="0" />
		<Point X="178" Y="392" T="0" />
		<Point X="178" Y="393" T="0" />
		<Point X="178" Y="394" T="0" />
		<Point X="178" Y="395" T="0" />
		<Point X="178" Y="396" T="0" />
		<Point X="178" Y="397" T="0" />
		<Point X="178" Y="399" T="0" />
		<Point X="178" Y="401" T="0" />
	</Stroke>
</Gesture> 
