<?xml version="1.0" encoding="utf-8" standalone="yes"?>
<Gesture Name="pitchfork07">
	<Stroke>
		<Point X="229" Y="173" T="0" />
		<Point X="229" Y="173" T="0" />
		<Point X="228" Y="173" T="0" />
		<Point X="227" Y="175" T="0" />
		<Point X="223" Y="181" T="0" />
		<Point X="213" Y="192" T="0" />
		<Point X="204" Y="204" T="0" />
		<Point X="191" Y="224" T="0" />
		<Point X="183" Y="243" T="0" />
		<Point X="180" Y="256" T="0" />
		<Point X="181" Y="268" T="0" />
		<Point X="188" Y="278" T="0" />
		<Point X="203" Y="288" T="0" />
		<Point X="229" Y="298" T="0" />
		<Point X="257" Y="305" T="0" />
		<Point X="284" Y="307" T="0" />
		<Point X="310" Y="306" T="0" />
		<Point X="332" Y="299" T="0" />
		<Point X="353" Y="289" T="0" />
		<Point X="369" Y="278" T="0" />
		<Point X="377" Y="267" T="0" />
		<Point X="382" Y="258" T="0" />
		<Point X="382" Y="251" T="0" />
		<Point X="382" Y="248" T="0" />
		<Point X="382" Y="247" T="0" />
		<Point X="380" Y="247" T="0" />
	</Stroke>
	<Stroke>
		<Point X="352" Y="170" T="0" />
		<Point X="351" Y="170" T="0" />
		<Point X="348" Y="174" T="0" />
		<Point X="339" Y="185" T="0" />
		<Point X="325" Y="202" T="0" />
		<Point X="307" Y="227" T="0" />
		<Point X="283" Y="266" T="0" />
		<Point X="260" Y="307" T="0" />
		<Point X="236" Y="344" T="0" />
		<Point X="219" Y="371" T="0" />
		<Point X="210" Y="388" T="0" />
		<Point X="207" Y="397" T="0" />
		<Point X="205" Y="401" T="0" />
		<Point X="204" Y="405" T="0" />
		<Point X="203" Y="408" T="0" />
		<Point X="203" Y="409" T="0" />
		<Point X="203" Y="410" T="0" />
		<Point X="202" Y="410" T="0" />
	</Stroke>
</Gesture> 
