<?xml version="1.0" encoding="utf-8" standalone="yes"?>
<Gesture Name="pitchfork08">
	<Stroke>
		<Point X="228" Y="178" T="0" />
		<Point X="228" Y="178" T="0" />
		<Point X="227" Y="182" T="0" />
		<Point X="221" Y="198" T="0" />
		<Point X="212" Y="218" T="0" />
		<Point X="204" Y="242" T="0" />
		<Point X="199" Y="263" T="0" />
		<Point X="199" Y="278" T="0" />
		<Point X="205" Y="288" T="0" />
		<Point X="216" Y="296" T="0" />
		<Point X="231" Y="302" T="0" />
		<Point X="250" Y="306" T="0" />
		<Point X="271" Y="309" T="0" />
		<Point X="291" Y="309" T="0" />
		<Point X="305" Y="306" T="0" />
		<Point X="317" Y="299" T="0" />
		<Point X="327" Y="287" T="0" />
		<Point X="332" Y="276" T="0" />
		<Point X="336" Y="262" T="0" />
		<Point X="338" Y="247" T="0" />
		<Point X="338" Y="232" T="0" />
		<Point X="336" Y="221" T="0" />
		<Point X="334" Y="215" T="0" />
		<Point X="333" Y="214" T="0" />
		<Point X="333" Y="213" T="0" />
		<Point X="333" Y="212" T="0" />
		<Point X="333" Y="210" T="0" />
		<Point X="333" Y="207" T="0" />
	</Stroke>
	<Stroke>
		<Point X="295" Y="171" T="0" />
		<Point X="294" Y="171" T="0" />
		<Point X="294" Y="172" T="0" />
		<Point X="287" Y="185" T="0" />
		<Point X="275" Y="208" T="0" />
		<Point X="261" Y="240" T="0" />
		<Point X="248" Y="274" T="0" />
		<Point X="234" Y="317" T="0" />
		<Point X="222" Y="356" T="0" />
		<Point X="214" Y="385" T="0" />
		<Point X="212" Y="403" T="0" />
		<Point X="212" Y="412" T="0" />
	</Stroke>
</Gesture> 
