<?xml version="1.0" encoding="utf-8" standalone="yes"?>
<Gesture Name="pitchfork10">
	<Stroke>
		<Point X="160" Y="165" T="0" />
		<Point X="160" Y="166" T="0" />
		<Point X="159" Y="171" T="0" />
		<Point X="155" Y="179" T="0" />
		<Point X="149" Y="191" T="0" />
		<Point X="143" Y="206" T="0" />
		<Point X="140" Y="221" T="0" />
		<Point X="140" Y="235" T="0" />
		<Point X="142" Y="248" T="0" />
		<Point X="153" Y="260" T="0" />
		<Point X="172" Y="269" T="0" />
		<Point X="198" Y="273" T="0" />
		<Point X="233" Y="273" T="0" />
		<Point X="268" Y="270" T="0" />
		<Point X="293" Y="263" T="0" />
		<Point X="304" Y="253" T="0" />
		<Point X="307" Y="245" T="0" />
		<Point X="308" Y="234" T="0" />
		<Point X="308" Y="224" T="0" />
		<Point X="306" Y="216" T="0" />
		<Point X="305" Y="213" T="0" />
		<Point X="305" Y="212" T="0" />
	</Stroke>
	<Stroke>
		<Point X="264" Y="142" T="0" />
		<Point X="263" Y="144" T="0" />
		<Point X="260" Y="149" T="0" />
		<Point X="252" Y="162" T="0" />
		<Point X="237" Y="186" T="0" />
		<Point X="215" Y="219" T="0" />
		<Point X="194" Y="261" T="0" />
		<Point X="184" Y="297" T="0" />
		<Point X="182" Y="321" T="0" />
		<Point X="181" Y="339" T="0" />
		<Point X="179" Y="352" T="0" />
		<Point X="175" Y="365" T="0" />
		<Point X="169" Y="377" T="0" />
		<Point X="164" Y="387" T="0" />
		<Point X="157" Y="395" T="0" />
		<Point X="150" Y="406" T="0" />
		<Point X="143" Y="418" T="0" />
		<Point X="135" Y="431" T="0" />
		<Point X="128" Y="445" T="0" />
		<Point X="122" Y="455" T="0" />
		<Point X="120" Y="459" T="0" />
		<Point X="118" Y="462" T="0" />
		<Point X="115" Y="466" T="0" />
		<Point X="113" Y="470" T="0" />
	</Stroke>
</Gesture> 
