<?xml version="1.0" encoding="utf-8" standalone="yes"?>
<Gesture Name="pitchfork09">
	<Stroke>
		<Point X="202" Y="196" T="0" />
		<Point X="202" Y="196" T="0" />
		<Point X="202" Y="197" T="0" />
		<Point X="202" Y="198" T="0" />
		<Point X="198" Y="206" T="0" />
		<Point X="192" Y="218" T="0" />
		<Point X="185" Y="232" T="0" />
		<Point X="180" Y="246" T="0" />
		<Point X="179" Y="259" T="0" />
		<Point X="183" Y="272" T="0" />
		<Point X="192" Y="285" T="0" />
		<Point X="201" Y="294" T="0" />
		<Point X="209" Y="301" T="0" />
		<Point X="218" Y="307" T="0" />
		<Point X="227" Y="310" T="0" />
		<Point X="235" Y="312" T="0" />
		<Point X="244" Y="312" T="0" />
		<Point X="254" Y="309" T="0" />
		<Point X="260" Y="306" T="0" />
		<Point X="268" Y="299" T="0" />
		<Point X="275" Y="291" T="0" />
		<Point X="281" Y="281" T="0" />
		<Point X="285" Y="269" T="0" />
		<Point X="287" Y="255" T="0" />
		<Point X="287" Y="248" T="0" />
	</Stroke>
	<Stroke>
		<Point X="244" Y="198" T="0" />
		<Point X="244" Y="199" T="0" />
		<Point X="241" Y="207" T="0" />
		<Point X="236" Y="216" T="0" />
		<Point X="227" Y="231" T="0" />
		<Point X="216" Y="251" T="0" />
		<Point X="199" Y="281" T="0" />
		<Point X="181" Y="315" T="0" />
		<Point X="164" Y="346" T="0" />
		<Point X="151" Y="371" T="0" />
		<Point X="143" Y="389" T="0" />
		<Point X="141" Y="397" T="0" />
	</Stroke>
</Gesture> 
