<?xml version="1.0" encoding="utf-8" standalone="yes"?>
<Gesture Name="pitchfork04">
	<Stroke>
		<Point X="172" Y="179" T="0" />
		<Point X="172" Y="184" T="0" />
		<Point X="167" Y="194" T="0" />
		<Point X="158" Y="208" T="0" />
		<Point X="146" Y="230" T="0" />
		<Point X="132" Y="258" T="0" />
		<Point X="124" Y="286" T="0" />
		<Point X="127" Y="311" T="0" />
		<Point X="145" Y="332" T="0" />
		<Point X="174" Y="344" T="0" />
		<Point X="218" Y="350" T="0" />
		<Point X="264" Y="350" T="0" />
		<Point X="297" Y="349" T="0" />
		<Point X="319" Y="343" T="0" />
		<Point X="327" Y="336" T="0" />
		<Point X="329" Y="327" T="0" />
		<Point X="329" Y="314" T="0" />
		<Point X="327" Y="297" T="0" />
		<Point X="324" Y="287" T="0" />
		<Point X="320" Y="280" T="0" />
	</Stroke>
	<Stroke>
		<Point X="308" Y="204" T="0" />
		<Point X="307" Y="204" T="0" />
		<Point X="295" Y="220" T="0" />
		<Point X="279" Y="238" T="0" />
		<Point X="249" Y="270" T="0" />
		<Point X="216" Y="309" T="0" />
		<Point X="187" Y="355" T="0" />
		<Point X="165" Y="392" T="0" />
		<Point X="154" Y="416" T="0" />
		<Point X="149" Y="428" T="0" />
		<Point X="146" Y="436" T="0" />
		<Point X="146" Y="440" T="0" />
		<Point X="145" Y="443" T="0" />
		<Point X="145" Y="445" T="0" />
	</Stroke>
</Gesture> 
