<?xml version="1.0" encoding="utf-8" standalone="yes"?>
<Gesture Name="pitchfork05">
	<Stroke>
		<Point X="242" Y="149" T="0" />
		<Point X="242" Y="148" T="0" />
		<Point X="240" Y="147" T="0" />
		<Point X="236" Y="144" T="0" />
		<Point X="228" Y="143" T="0" />
		<Point X="215" Y="142" T="0" />
		<Point X="198" Y="145" T="0" />
		<Point X="181" Y="153" T="0" />
		<Point X="164" Y="165" T="0" />
		<Point X="154" Y="178" T="0" />
		<Point X="151" Y="191" T="0" />
		<Point X="154" Y="201" T="0" />
		<Point X="162" Y="209" T="0" />
		<Point X="175" Y="218" T="0" />
		<Point X="198" Y="227" T="0" />
		<Point X="227" Y="236" T="0" />
		<Point X="263" Y="245" T="0" />
		<Point X="304" Y="251" T="0" />
		<Point X="338" Y="253" T="0" />
		<Point X="362" Y="254" T="0" />
		<Point X="377" Y="252" T="0" />
		<Point X="380" Y="248" T="0" />
		<Point X="381" Y="243" T="0" />
		<Point X="378" Y="236" T="0" />
		<Point X="373" Y="228" T="0" />
		<Point X="370" Y="223" T="0" />
		<Point X="368" Y="221" T="0" />
	</Stroke>
	<Stroke>
		<Point X="332" Y="134" T="0" />
		<Point X="330" Y="137" T="0" />
		<Point X="325" Y="141" T="0" />
		<Point X="314" Y="148" T="0" />
		<Point X="297" Y="162" T="0" />
		<Point X="269" Y="188" T="0" />
		<Point X="237" Y="227" T="0" />
		<Point X="199" Y="275" T="0" />
		<Point X="167" Y="325" T="0" />
		<Point X="151" Y="363" T="0" />
		<Point X="147" Y="380" T="0" />
		<Point X="147" Y="387" T="0" />
		<Point X="149" Y="388" T="0" />
		<Point X="150" Y="389" T="0" />
		<Point X="150" Y="390" T="0" />
		<Point X="150" Y="392" T="0" />
		<Point X="150" Y="393" T="0" />
		<Point X="149" Y="393" T="0" />
		<Point X="149" Y="396" T="0" />
		<Point X="147" Y="399" T="0" />
		<Point X="146" Y="404" T="0" />
		<Point X="144" Y="409" T="0" />
		<Point X="141" Y="416" T="0" />
		<Point X="135" Y="424" T="0" />
		<Point X="128" Y="434" T="0" />
		<Point X="123" Y="443" T="0" />
		<Point X="117" Y="453" T="0" />
		<Point X="116" Y="459" T="0" />
		<Point X="114" Y="463" T="0" />
		<Point X="114" Y="464" T="0" />
	</Stroke>
</Gesture> 
