<?xml version="1.0" encoding="utf-8" standalone="yes"?>
<Gesture Name="pitchfork01">
	<Stroke>
		<Point X="170" Y="183" T="0" />
		<Point X="170" Y="183" T="0" />
		<Point X="167" Y="188" T="0" />
		<Point X="164" Y="199" T="0" />
		<Point X="157" Y="220" T="0" />
		<Point X="153" Y="242" T="0" />
		<Point X="154" Y="268" T="0" />
		<Point X="163" Y="291" T="0" />
		<Point X="176" Y="305" T="0" />
		<Point X="195" Y="311" T="0" />
		<Point X="221" Y="312" T="0" />
		<Point X="256" Y="310" T="0" />
		<Point X="289" Y="302" T="0" />
		<Point X="313" Y="291" T="0" />
		<Point X="325" Y="277" T="0" />
		<Point X="330" Y="264" T="0" />
		<Point X="331" Y="249" T="0" />
		<Point X="331" Y="236" T="0" />
		<Point X="331" Y="229" T="0" />
	</Stroke>
	<Stroke>
		<Point X="286" Y="150" T="0" />
		<Point X="282" Y="156" T="0" />
		<Point X="273" Y="173" T="0" />
		<Point X="256" Y="209" T="0" />
		<Point X="233" Y="260" T="0" />
		<Point X="207" Y="318" T="0" />
		<Point X="184" Y="371" T="0" />
		<Point X="170" Y="412" T="0" />
		<Point X="165" Y="434" T="0" />
		<Point X="164" Y="445" T="0" />
		<Point X="164" Y="450" T="0" />
		<Point X="163" Y="451" T="0" />
	</Stroke>
</Gesture> 
