<?xml version="1.0" encoding="utf-8" standalone="yes"?>
<Gesture Name="pitchfork06">
	<Stroke>
		<Point X="221" Y="154" T="0" />
		<Point X="221" Y="154" T="0" />
		<Point X="220" Y="156" T="0" />
		<Point X="215" Y="170" T="0" />
		<Point X="214" Y="173" T="0" />
		<Point X="212" Y="185" T="0" />
		<Point X="211" Y="197" T="0" />
		<Point X="213" Y="208" T="0" />
		<Point X="218" Y="218" T="0" />
		<Point X="225" Y="224" T="0" />
		<Point X="233" Y="229" T="0" />
		<Point X="243" Y="234" T="0" />
		<Point X="254" Y="237" T="0" />
		<Point X="264" Y="237" T="0" />
		<Point X="272" Y="237" T="0" />
		<Point X="281" Y="236" T="0" />
		<Point X="289" Y="233" T="0" />
		<Point X="297" Y="228" T="0" />
		<Point X="304" Y="222" T="0" />
		<Point X="309" Y="216" T="0" />
		<Point X="314" Y="208" T="0" />
		<Point X="318" Y="201" T="0" />
		<Point X="320" Y="195" T="0" />
		<Point X="321" Y="192" T="0" />
	</Stroke>
	<Stroke>
		<Point X="262" Y="148" T="0" />
		<Point X="262" Y="149" T="0" />
		<Point X="262" Y="151" T="0" />
		<Point X="262" Y="156" T="0" />
		<Point X="261" Y="163" T="0" />
		<Point X="257" Y="176" T="0" />
		<Point X="250" Y="195" T="0" />
		<Point X="241" Y="219" T="0" />
		<Point X="231" Y="246" T="0" />
		<Point X="221" Y="273" T="0" />
		<Point X="210" Y="299" T="0" />
		<Point X="202" Y="321" T="0" />
		<Point X="196" Y="341" T="0" />
		<Point X="192" Y="360" T="0" />
		<Point X="188" Y="378" T="0" />
		<Point X="184" Y="391" T="0" />
		<Point X="183" Y="398" T="0" />
		<Point X="182" Y="401" T="0" />
		<Point X="182" Y="402" T="0" />
	</Stroke>
</Gesture> 
