<?xml version="1.0" encoding="utf-8" standalone="yes"?>
<Gesture Name="pitchfork02">
	<Stroke>
		<Point X="186" Y="238" T="0" />
		<Point X="186" Y="238" T="0" />
		<Point X="186" Y="238" T="0" />
		<Point X="186" Y="237" T="0" />
		<Point X="185" Y="237" T="0" />
		<Point X="181" Y="236" T="0" />
		<Point X="178" Y="240" T="0" />
		<Point X="173" Y="251" T="0" />
		<Point X="168" Y="268" T="0" />
		<Point X="166" Y="287" T="0" />
		<Point X="167" Y="302" T="0" />
		<Point X="175" Y="310" T="0" />
		<Point X="185" Y="313" T="0" />
		<Point X="204" Y="309" T="0" />
		<Point X="232" Y="299" T="0" />
		<Point X="263" Y="291" T="0" />
		<Point X="297" Y="283" T="0" />
		<Point X="319" Y="278" T="0" />
		<Point X="333" Y="274" T="0" />
		<Point X="338" Y="271" T="0" />
		<Point X="339" Y="269" T="0" />
	</Stroke>
	<Stroke>
		<Point X="293" Y="218" T="0" />
		<Point X="293" Y="219" T="0" />
		<Point X="291" Y="221" T="0" />
		<Point X="284" Y="230" T="0" />
		<Point X="272" Y="251" T="0" />
		<Point X="252" Y="284" T="0" />
		<Point X="231" Y="319" T="0" />
		<Point X="213" Y="351" T="0" />
		<Point X="200" Y="374" T="0" />
		<Point X="193" Y="388" T="0" />
		<Point X="189" Y="395" T="0" />
		<Point X="188" Y="397" T="0" />
		<Point X="187" Y="400" T="0" />
		<Point X="186" Y="403" T="0" />
		<Point X="186" Y="406" T="0" />
		<Point X="185" Y="410" T="0" />
	</Stroke>
</Gesture> 
