<?xml version="1.0" encoding="utf-8" standalone="yes"?>
<Gesture Name="pitchfork03">
	<Stroke>
		<Point X="236" Y="196" T="0" />
		<Point X="234" Y="198" T="0" />
		<Point X="229" Y="202" T="0" />
		<Point X="218" Y="212" T="0" />
		<Point X="205" Y="225" T="0" />
		<Point X="193" Y="246" T="0" />
		<Point X="189" Y="270" T="0" />
		<Point X="191" Y="293" T="0" />
		<Point X="201" Y="307" T="0" />
		<Point X="217" Y="315" T="0" />
		<Point X="237" Y="318" T="0" />
		<Point X="260" Y="318" T="0" />
		<Point X="281" Y="312" T="0" />
		<Point X="295" Y="306" T="0" />
		<Point X="305" Y="300" T="0" />
		<Point X="312" Y="293" T="0" />
		<Point X="315" Y="288" T="0" />
		<Point X="317" Y="283" T="0" />
		<Point X="318" Y="280" T="0" />
	</Stroke>
	<Stroke>
		<Point X="292" Y="208" T="0" />
		<Point X="291" Y="210" T="0" />
		<Point X="289" Y="217" T="0" />
		<Point X="287" Y="224" T="0" />
		<Point X="281" Y="236" T="0" />
		<Point X="271" Y="256" T="0" />
		<Point X="256" Y="280" T="0" />
		<Point X="236" Y="312" T="0" />
		<Point X="213" Y="348" T="0" />
		<Point X="190" Y="379" T="0" />
		<Point X="171" Y="410" T="0" />
		<Point X="162" Y="429" T="0" />
		<Point X="159" Y="438" T="0" />
	</Stroke>
</Gesture> 
