<?xml version="1.0" encoding="utf-8" standalone="yes"?>
<Gesture Name="six_point_star09">
	<Stroke>
		<Point X="137" Y="286" T="0" />
		<Point X="137" Y="286" T="0" />
		<Point X="137" Y="286" T="0" />
		<Point X="137" Y="285" T="0" />
		<Point X="140" Y="277" T="0" />
		<Point X="147" Y="265" T="0" />
		<Point X="155" Y="253" T="0" />
		<Point X="163" Y="241" T="0" />
		<Point X="172" Y="230" T="0" />
		<Point X="178" Y="221" T="0" />
		<Point X="182" Y="214" T="0" />
		<Point X="184" Y="209" T="0" />
		<Point X="185" Y="209" T="0" />
		<Point X="186" Y="207" T="0" />
		<Point X="188" Y="207" T="0" />
		<Point X="192" Y="211" T="0" />
		<Point X="197" Y="221" T="0" />
		<Point X="203" Y="236" T="0" />
		<Point X="208" Y="253" T="0" />
		<Point X="213" Y="265" T="0" />
		<Point X="217" Y="274" T="0" />
		<Point X="219" Y="281" T="0" />
		<Point X="221" Y="287" T="0" />
		<Point X="222" Y="291" T="0" />
		<Point X="222" Y="294" T="0" />
		<Point X="222" Y="296" T="0" />
		<Point X="222" Y="297" T="0" />
		<Point X="221" Y="297" T="0" />
		<Point X="220" Y="297" T="0" />
		<Point X="217" Y="297" T="0" />
		<Point X="208" Y="297" T="0" />
		<Point X="197" Y="295" T="0" />
		<Point X="184" Y="294" T="0" />
		<Point X="163" Y="291" T="0" />
		<Point X="152" Y="290" T="0" />
		<Point X="148" Y="290" T="0" />
		<Point X="147" Y="290" T="0" />
	</Stroke>
	<Stroke>
		<Point X="123" Y="240" T="0" />
		<Point X="124" Y="240" T="0" />
		<Point X="125" Y="240" T="0" />
		<Point X="134" Y="240" T="0" />
		<Point X="147" Y="242" T="0" />
		<Point X="164" Y="244" T="0" />
		<Point X="181" Y="244" T="0" />
		<Point X="195" Y="244" T="0" />
		<Point X="207" Y="243" T="0" />
		<Point X="213" Y="243" T="0" />
		<Point X="216" Y="243" T="0" />
		<Point X="217" Y="243" T="0" />
		<Point X="218" Y="243" T="0" />
		<Point X="221" Y="245" T="0" />
		<Point X="224" Y="247" T="0" />
		<Point X="226" Y="247" T="0" />
		<Point X="227" Y="248" T="0" />
		<Point X="227" Y="249" T="0" />
		<Point X="227" Y="250" T="0" />
		<Point X="225" Y="253" T="0" />
		<Point X="220" Y="258" T="0" />
		<Point X="213" Y="264" T="0" />
		<Point X="206" Y="272" T="0" />
		<Point X="195" Y="282" T="0" />
		<Point X="184" Y="295" T="0" />
		<Point X="174" Y="307" T="0" />
		<Point X="169" Y="316" T="0" />
		<Point X="167" Y="320" T="0" />
		<Point X="167" Y="321" T="0" />
		<Point X="167" Y="322" T="0" />
		<Point X="167" Y="321" T="0" />
		<Point X="166" Y="314" T="0" />
		<Point X="163" Y="299" T="0" />
		<Point X="159" Y="283" T="0" />
		<Point X="151" Y="258" T="0" />
		<Point X="146" Y="242" T="0" />
		<Point X="143" Y="231" T="0" />
		<Point X="142" Y="224" T="0" />
		<Point X="142" Y="219" T="0" />
		<Point X="141" Y="216" T="0" />
	</Stroke>
</Gesture> 
