<?xml version="1.0" encoding="utf-8" standalone="yes"?>
<Gesture Name="six_point_star06">
	<Stroke>
		<Point X="208" Y="274" T="0" />
		<Point X="208" Y="273" T="0" />
		<Point X="210" Y="269" T="0" />
		<Point X="213" Y="265" T="0" />
		<Point X="218" Y="259" T="0" />
		<Point X="224" Y="252" T="0" />
		<Point X="230" Y="245" T="0" />
		<Point X="236" Y="238" T="0" />
		<Point X="241" Y="232" T="0" />
		<Point X="245" Y="226" T="0" />
		<Point X="249" Y="221" T="0" />
		<Point X="254" Y="216" T="0" />
		<Point X="258" Y="211" T="0" />
		<Point X="262" Y="206" T="0" />
		<Point X="266" Y="203" T="0" />
		<Point X="269" Y="199" T="0" />
		<Point X="273" Y="196" T="0" />
		<Point X="275" Y="193" T="0" />
		<Point X="278" Y="192" T="0" />
		<Point X="279" Y="192" T="0" />
		<Point X="279" Y="191" T="0" />
		<Point X="282" Y="191" T="0" />
		<Point X="286" Y="195" T="0" />
		<Point X="290" Y="199" T="0" />
		<Point X="294" Y="204" T="0" />
		<Point X="297" Y="211" T="0" />
		<Point X="301" Y="219" T="0" />
		<Point X="304" Y="227" T="0" />
		<Point X="308" Y="235" T="0" />
		<Point X="311" Y="242" T="0" />
		<Point X="314" Y="247" T="0" />
		<Point X="316" Y="253" T="0" />
		<Point X="318" Y="258" T="0" />
		<Point X="320" Y="263" T="0" />
		<Point X="322" Y="266" T="0" />
		<Point X="322" Y="268" T="0" />
		<Point X="322" Y="269" T="0" />
		<Point X="322" Y="270" T="0" />
		<Point X="321" Y="270" T="0" />
		<Point X="315" Y="273" T="0" />
		<Point X="303" Y="274" T="0" />
		<Point X="287" Y="276" T="0" />
		<Point X="272" Y="278" T="0" />
		<Point X="259" Y="280" T="0" />
		<Point X="248" Y="281" T="0" />
		<Point X="240" Y="282" T="0" />
		<Point X="235" Y="282" T="0" />
		<Point X="232" Y="282" T="0" />
		<Point X="231" Y="282" T="0" />
		<Point X="230" Y="282" T="0" />
		<Point X="229" Y="282" T="0" />
		<Point X="228" Y="283" T="0" />
		<Point X="227" Y="283" T="0" />
		<Point X="226" Y="283" T="0" />
		<Point X="224" Y="284" T="0" />
		<Point X="222" Y="284" T="0" />
		<Point X="221" Y="284" T="0" />
	</Stroke>
	<Stroke>
		<Point X="211" Y="235" T="0" />
		<Point X="212" Y="235" T="0" />
		<Point X="213" Y="235" T="0" />
		<Point X="214" Y="235" T="0" />
		<Point X="215" Y="235" T="0" />
		<Point X="221" Y="235" T="0" />
		<Point X="231" Y="235" T="0" />
		<Point X="250" Y="235" T="0" />
		<Point X="269" Y="233" T="0" />
		<Point X="286" Y="232" T="0" />
		<Point X="297" Y="230" T="0" />
		<Point X="304" Y="230" T="0" />
		<Point X="308" Y="229" T="0" />
		<Point X="310" Y="229" T="0" />
		<Point X="313" Y="228" T="0" />
		<Point X="317" Y="228" T="0" />
		<Point X="322" Y="227" T="0" />
		<Point X="327" Y="226" T="0" />
		<Point X="331" Y="226" T="0" />
		<Point X="334" Y="226" T="0" />
		<Point X="336" Y="225" T="0" />
		<Point X="336" Y="226" T="0" />
		<Point X="334" Y="229" T="0" />
		<Point X="330" Y="233" T="0" />
		<Point X="326" Y="237" T="0" />
		<Point X="323" Y="241" T="0" />
		<Point X="320" Y="244" T="0" />
		<Point X="317" Y="246" T="0" />
		<Point X="314" Y="250" T="0" />
		<Point X="310" Y="257" T="0" />
		<Point X="306" Y="264" T="0" />
		<Point X="301" Y="274" T="0" />
		<Point X="298" Y="280" T="0" />
		<Point X="296" Y="286" T="0" />
		<Point X="295" Y="290" T="0" />
		<Point X="294" Y="294" T="0" />
		<Point X="292" Y="296" T="0" />
		<Point X="292" Y="299" T="0" />
		<Point X="291" Y="300" T="0" />
		<Point X="291" Y="302" T="0" />
		<Point X="291" Y="303" T="0" />
		<Point X="290" Y="303" T="0" />
		<Point X="290" Y="306" T="0" />
		<Point X="288" Y="308" T="0" />
		<Point X="288" Y="311" T="0" />
		<Point X="287" Y="313" T="0" />
		<Point X="286" Y="314" T="0" />
		<Point X="286" Y="315" T="0" />
		<Point X="285" Y="315" T="0" />
		<Point X="285" Y="316" T="0" />
		<Point X="284" Y="316" T="0" />
		<Point X="283" Y="316" T="0" />
		<Point X="282" Y="314" T="0" />
		<Point X="278" Y="309" T="0" />
		<Point X="271" Y="299" T="0" />
		<Point X="264" Y="288" T="0" />
		<Point X="257" Y="278" T="0" />
		<Point X="251" Y="270" T="0" />
		<Point X="245" Y="264" T="0" />
		<Point X="240" Y="259" T="0" />
		<Point X="236" Y="256" T="0" />
		<Point X="234" Y="252" T="0" />
		<Point X="230" Y="247" T="0" />
		<Point X="227" Y="243" T="0" />
		<Point X="225" Y="240" T="0" />
		<Point X="223" Y="239" T="0" />
	</Stroke>
</Gesture> 
