<?xml version="1.0" encoding="utf-8" standalone="yes"?>
<Gesture Name="six_point_star02">
	<Stroke>
		<Point X="173" Y="294" T="0" />
		<Point X="173" Y="293" T="0" />
		<Point X="173" Y="292" T="0" />
		<Point X="180" Y="282" T="0" />
		<Point X="188" Y="271" T="0" />
		<Point X="203" Y="253" T="0" />
		<Point X="222" Y="231" T="0" />
		<Point X="239" Y="211" T="0" />
		<Point X="253" Y="195" T="0" />
		<Point X="260" Y="186" T="0" />
		<Point X="263" Y="181" T="0" />
		<Point X="265" Y="178" T="0" />
		<Point X="265" Y="177" T="0" />
		<Point X="265" Y="176" T="0" />
		<Point X="266" Y="176" T="0" />
		<Point X="266" Y="177" T="0" />
		<Point X="270" Y="186" T="0" />
		<Point X="278" Y="207" T="0" />
		<Point X="292" Y="255" T="0" />
		<Point X="306" Y="307" T="0" />
		<Point X="321" Y="343" T="0" />
		<Point X="328" Y="358" T="0" />
		<Point X="331" Y="361" T="0" />
		<Point X="331" Y="360" T="0" />
		<Point X="330" Y="359" T="0" />
		<Point X="327" Y="355" T="0" />
		<Point X="323" Y="349" T="0" />
		<Point X="319" Y="343" T="0" />
		<Point X="313" Y="337" T="0" />
		<Point X="308" Y="332" T="0" />
		<Point X="302" Y="327" T="0" />
		<Point X="294" Y="321" T="0" />
		<Point X="282" Y="316" T="0" />
		<Point X="267" Y="311" T="0" />
		<Point X="249" Y="306" T="0" />
		<Point X="224" Y="302" T="0" />
		<Point X="200" Y="300" T="0" />
		<Point X="177" Y="299" T="0" />
		<Point X="163" Y="299" T="0" />
		<Point X="158" Y="299" T="0" />
	</Stroke>
	<Stroke>
		<Point X="162" Y="219" T="0" />
		<Point X="163" Y="219" T="0" />
		<Point X="177" Y="219" T="0" />
		<Point X="213" Y="222" T="0" />
		<Point X="254" Y="225" T="0" />
		<Point X="302" Y="227" T="0" />
		<Point X="346" Y="228" T="0" />
		<Point X="369" Y="228" T="0" />
		<Point X="376" Y="228" T="0" />
		<Point X="378" Y="228" T="0" />
		<Point X="379" Y="228" T="0" />
		<Point X="379" Y="229" T="0" />
		<Point X="375" Y="234" T="0" />
		<Point X="363" Y="242" T="0" />
		<Point X="345" Y="253" T="0" />
		<Point X="323" Y="270" T="0" />
		<Point X="293" Y="293" T="0" />
		<Point X="265" Y="311" T="0" />
		<Point X="242" Y="324" T="0" />
		<Point X="233" Y="331" T="0" />
		<Point X="231" Y="332" T="0" />
		<Point X="230" Y="334" T="0" />
		<Point X="228" Y="337" T="0" />
		<Point X="225" Y="342" T="0" />
		<Point X="220" Y="348" T="0" />
		<Point X="217" Y="352" T="0" />
		<Point X="214" Y="354" T="0" />
		<Point X="213" Y="355" T="0" />
		<Point X="213" Y="356" T="0" />
		<Point X="212" Y="356" T="0" />
		<Point X="210" Y="354" T="0" />
		<Point X="206" Y="346" T="0" />
		<Point X="202" Y="334" T="0" />
		<Point X="196" Y="318" T="0" />
		<Point X="189" Y="299" T="0" />
		<Point X="183" Y="279" T="0" />
		<Point X="176" Y="263" T="0" />
		<Point X="170" Y="247" T="0" />
		<Point X="165" Y="235" T="0" />
		<Point X="163" Y="227" T="0" />
		<Point X="161" Y="221" T="0" />
		<Point X="160" Y="218" T="0" />
		<Point X="159" Y="215" T="0" />
		<Point X="159" Y="214" T="0" />
		<Point X="159" Y="212" T="0" />
		<Point X="158" Y="211" T="0" />
		<Point X="158" Y="209" T="0" />
	</Stroke>
</Gesture> 
