<?xml version="1.0" encoding="utf-8" standalone="yes"?>
<Gesture Name="six_point_star05">
	<Stroke>
		<Point X="172" Y="276" T="0" />
		<Point X="172" Y="276" T="0" />
		<Point X="173" Y="276" T="0" />
		<Point X="175" Y="272" T="0" />
		<Point X="178" Y="266" T="0" />
		<Point X="184" Y="257" T="0" />
		<Point X="190" Y="246" T="0" />
		<Point X="199" Y="234" T="0" />
		<Point X="207" Y="225" T="0" />
		<Point X="218" Y="214" T="0" />
		<Point X="225" Y="208" T="0" />
		<Point X="229" Y="204" T="0" />
		<Point X="232" Y="202" T="0" />
		<Point X="233" Y="201" T="0" />
		<Point X="237" Y="201" T="0" />
		<Point X="242" Y="201" T="0" />
		<Point X="250" Y="204" T="0" />
		<Point X="259" Y="214" T="0" />
		<Point X="267" Y="227" T="0" />
		<Point X="273" Y="241" T="0" />
		<Point X="278" Y="253" T="0" />
		<Point X="279" Y="260" T="0" />
		<Point X="281" Y="265" T="0" />
		<Point X="281" Y="266" T="0" />
		<Point X="281" Y="267" T="0" />
		<Point X="281" Y="269" T="0" />
		<Point X="281" Y="271" T="0" />
		<Point X="281" Y="273" T="0" />
		<Point X="280" Y="273" T="0" />
		<Point X="278" Y="273" T="0" />
		<Point X="266" Y="272" T="0" />
		<Point X="241" Y="270" T="0" />
		<Point X="206" Y="267" T="0" />
		<Point X="171" Y="267" T="0" />
		<Point X="148" Y="268" T="0" />
		<Point X="142" Y="270" T="0" />
		<Point X="141" Y="270" T="0" />
		<Point X="142" Y="270" T="0" />
		<Point X="143" Y="270" T="0" />
		<Point X="144" Y="270" T="0" />
		<Point X="145" Y="270" T="0" />
		<Point X="146" Y="270" T="0" />
		<Point X="148" Y="270" T="0" />
		<Point X="152" Y="270" T="0" />
		<Point X="157" Y="271" T="0" />
		<Point X="162" Y="271" T="0" />
		<Point X="165" Y="272" T="0" />
	</Stroke>
	<Stroke>
		<Point X="173" Y="235" T="0" />
		<Point X="173" Y="234" T="0" />
		<Point X="181" Y="234" T="0" />
		<Point X="194" Y="234" T="0" />
		<Point X="221" Y="236" T="0" />
		<Point X="253" Y="236" T="0" />
		<Point X="290" Y="235" T="0" />
		<Point X="318" Y="234" T="0" />
		<Point X="335" Y="233" T="0" />
		<Point X="342" Y="233" T="0" />
		<Point X="343" Y="233" T="0" />
		<Point X="343" Y="234" T="0" />
		<Point X="339" Y="237" T="0" />
		<Point X="333" Y="242" T="0" />
		<Point X="323" Y="249" T="0" />
		<Point X="310" Y="256" T="0" />
		<Point X="291" Y="265" T="0" />
		<Point X="270" Y="274" T="0" />
		<Point X="251" Y="281" T="0" />
		<Point X="240" Y="286" T="0" />
		<Point X="233" Y="292" T="0" />
		<Point X="228" Y="297" T="0" />
		<Point X="224" Y="303" T="0" />
		<Point X="220" Y="309" T="0" />
		<Point X="217" Y="313" T="0" />
		<Point X="216" Y="315" T="0" />
		<Point X="215" Y="314" T="0" />
		<Point X="214" Y="305" T="0" />
		<Point X="212" Y="294" T="0" />
		<Point X="210" Y="276" T="0" />
		<Point X="206" Y="257" T="0" />
		<Point X="202" Y="240" T="0" />
		<Point X="197" Y="229" T="0" />
		<Point X="192" Y="222" T="0" />
		<Point X="189" Y="219" T="0" />
		<Point X="188" Y="219" T="0" />
		<Point X="187" Y="219" T="0" />
		<Point X="185" Y="219" T="0" />
	</Stroke>
</Gesture> 
