<?xml version="1.0" encoding="utf-8" standalone="yes"?>
<Gesture Name="six_point_star01">
	<Stroke>
		<Point X="130" Y="310" T="0" />
		<Point X="132" Y="306" T="0" />
		<Point X="138" Y="296" T="0" />
		<Point X="150" Y="282" T="0" />
		<Point X="165" Y="263" T="0" />
		<Point X="185" Y="234" T="0" />
		<Point X="207" Y="211" T="0" />
		<Point X="225" Y="192" T="0" />
		<Point X="238" Y="178" T="0" />
		<Point X="247" Y="169" T="0" />
		<Point X="254" Y="164" T="0" />
		<Point X="257" Y="161" T="0" />
		<Point X="258" Y="161" T="0" />
		<Point X="266" Y="179" T="0" />
		<Point X="273" Y="195" T="0" />
		<Point X="280" Y="214" T="0" />
		<Point X="288" Y="236" T="0" />
		<Point X="294" Y="257" T="0" />
		<Point X="300" Y="273" T="0" />
		<Point X="305" Y="284" T="0" />
		<Point X="307" Y="291" T="0" />
		<Point X="309" Y="293" T="0" />
		<Point X="310" Y="296" T="0" />
		<Point X="311" Y="298" T="0" />
		<Point X="311" Y="299" T="0" />
		<Point X="311" Y="300" T="0" />
		<Point X="311" Y="301" T="0" />
		<Point X="307" Y="305" T="0" />
		<Point X="299" Y="308" T="0" />
		<Point X="286" Y="311" T="0" />
		<Point X="265" Y="313" T="0" />
		<Point X="237" Y="315" T="0" />
		<Point X="209" Y="317" T="0" />
		<Point X="179" Y="320" T="0" />
		<Point X="157" Y="320" T="0" />
		<Point X="142" Y="320" T="0" />
		<Point X="131" Y="320" T="0" />
		<Point X="125" Y="320" T="0" />
	</Stroke>
	<Stroke>
		<Point X="129" Y="235" T="0" />
		<Point X="131" Y="235" T="0" />
		<Point X="139" Y="234" T="0" />
		<Point X="157" Y="233" T="0" />
		<Point X="188" Y="232" T="0" />
		<Point X="239" Y="229" T="0" />
		<Point X="288" Y="227" T="0" />
		<Point X="325" Y="225" T="0" />
		<Point X="344" Y="224" T="0" />
		<Point X="351" Y="223" T="0" />
		<Point X="353" Y="222" T="0" />
		<Point X="355" Y="221" T="0" />
		<Point X="355" Y="222" T="0" />
		<Point X="352" Y="227" T="0" />
		<Point X="346" Y="237" T="0" />
		<Point X="335" Y="252" T="0" />
		<Point X="316" Y="271" T="0" />
		<Point X="291" Y="292" T="0" />
		<Point X="264" Y="312" T="0" />
		<Point X="242" Y="327" T="0" />
		<Point X="231" Y="335" T="0" />
		<Point X="227" Y="340" T="0" />
		<Point X="225" Y="344" T="0" />
		<Point X="222" Y="349" T="0" />
		<Point X="220" Y="353" T="0" />
		<Point X="218" Y="356" T="0" />
		<Point X="215" Y="360" T="0" />
		<Point X="210" Y="366" T="0" />
		<Point X="203" Y="374" T="0" />
		<Point X="197" Y="378" T="0" />
		<Point X="196" Y="379" T="0" />
		<Point X="196" Y="377" T="0" />
		<Point X="196" Y="373" T="0" />
		<Point X="196" Y="365" T="0" />
		<Point X="196" Y="354" T="0" />
		<Point X="195" Y="337" T="0" />
		<Point X="193" Y="318" T="0" />
		<Point X="188" Y="297" T="0" />
		<Point X="180" Y="279" T="0" />
		<Point X="173" Y="265" T="0" />
		<Point X="170" Y="258" T="0" />
		<Point X="169" Y="255" T="0" />
		<Point X="168" Y="254" T="0" />
		<Point X="168" Y="253" T="0" />
		<Point X="168" Y="252" T="0" />
		<Point X="167" Y="251" T="0" />
		<Point X="167" Y="248" T="0" />
		<Point X="166" Y="245" T="0" />
		<Point X="165" Y="243" T="0" />
		<Point X="165" Y="241" T="0" />
		<Point X="165" Y="238" T="0" />
		<Point X="165" Y="236" T="0" />
		<Point X="165" Y="235" T="0" />
		<Point X="165" Y="234" T="0" />
		<Point X="165" Y="232" T="0" />
		<Point X="165" Y="230" T="0" />
		<Point X="166" Y="229" T="0" />
	</Stroke>
</Gesture> 
