<?xml version="1.0" encoding="utf-8" standalone="yes"?>
<Gesture Name="six_point_star07">
	<Stroke>
		<Point X="168" Y="204" T="0" />
		<Point X="168" Y="204" T="0" />
		<Point X="168" Y="204" T="0" />
		<Point X="169" Y="203" T="0" />
		<Point X="172" Y="197" T="0" />
		<Point X="177" Y="189" T="0" />
		<Point X="185" Y="178" T="0" />
		<Point X="193" Y="168" T="0" />
		<Point X="201" Y="159" T="0" />
		<Point X="205" Y="154" T="0" />
		<Point X="208" Y="150" T="0" />
		<Point X="211" Y="147" T="0" />
		<Point X="214" Y="143" T="0" />
		<Point X="216" Y="140" T="0" />
		<Point X="218" Y="137" T="0" />
		<Point X="219" Y="136" T="0" />
		<Point X="220" Y="136" T="0" />
		<Point X="221" Y="136" T="0" />
		<Point X="225" Y="139" T="0" />
		<Point X="230" Y="147" T="0" />
		<Point X="237" Y="156" T="0" />
		<Point X="245" Y="169" T="0" />
		<Point X="254" Y="181" T="0" />
		<Point X="259" Y="187" T="0" />
		<Point X="261" Y="191" T="0" />
		<Point X="263" Y="194" T="0" />
		<Point X="264" Y="196" T="0" />
		<Point X="265" Y="199" T="0" />
		<Point X="265" Y="200" T="0" />
		<Point X="266" Y="201" T="0" />
		<Point X="266" Y="202" T="0" />
		<Point X="267" Y="205" T="0" />
		<Point X="267" Y="206" T="0" />
		<Point X="267" Y="207" T="0" />
		<Point X="266" Y="207" T="0" />
		<Point X="265" Y="207" T="0" />
		<Point X="257" Y="206" T="0" />
		<Point X="243" Y="204" T="0" />
		<Point X="225" Y="204" T="0" />
		<Point X="209" Y="204" T="0" />
		<Point X="199" Y="205" T="0" />
		<Point X="197" Y="206" T="0" />
		<Point X="196" Y="206" T="0" />
		<Point X="188" Y="206" T="0" />
		<Point X="187" Y="206" T="0" />
		<Point X="184" Y="206" T="0" />
		<Point X="183" Y="206" T="0" />
		<Point X="183" Y="207" T="0" />
		<Point X="182" Y="207" T="0" />
		<Point X="181" Y="207" T="0" />
	</Stroke>
	<Stroke>
		<Point X="175" Y="157" T="0" />
		<Point X="177" Y="157" T="0" />
		<Point X="181" Y="157" T="0" />
		<Point X="185" Y="157" T="0" />
		<Point X="189" Y="157" T="0" />
		<Point X="193" Y="157" T="0" />
		<Point X="200" Y="157" T="0" />
		<Point X="207" Y="156" T="0" />
		<Point X="220" Y="156" T="0" />
		<Point X="228" Y="156" T="0" />
		<Point X="234" Y="156" T="0" />
		<Point X="240" Y="156" T="0" />
		<Point X="242" Y="156" T="0" />
		<Point X="243" Y="156" T="0" />
		<Point X="245" Y="156" T="0" />
		<Point X="246" Y="156" T="0" />
		<Point X="248" Y="156" T="0" />
		<Point X="250" Y="156" T="0" />
		<Point X="254" Y="156" T="0" />
		<Point X="257" Y="156" T="0" />
		<Point X="261" Y="156" T="0" />
		<Point X="264" Y="156" T="0" />
		<Point X="266" Y="156" T="0" />
		<Point X="267" Y="156" T="0" />
		<Point X="268" Y="156" T="0" />
		<Point X="269" Y="156" T="0" />
		<Point X="270" Y="156" T="0" />
		<Point X="273" Y="156" T="0" />
		<Point X="276" Y="156" T="0" />
		<Point X="279" Y="157" T="0" />
		<Point X="279" Y="158" T="0" />
		<Point X="279" Y="159" T="0" />
		<Point X="278" Y="160" T="0" />
		<Point X="277" Y="161" T="0" />
		<Point X="276" Y="161" T="0" />
		<Point X="275" Y="162" T="0" />
		<Point X="274" Y="163" T="0" />
		<Point X="273" Y="164" T="0" />
		<Point X="272" Y="165" T="0" />
		<Point X="270" Y="167" T="0" />
		<Point X="267" Y="169" T="0" />
		<Point X="264" Y="172" T="0" />
		<Point X="263" Y="173" T="0" />
		<Point X="261" Y="175" T="0" />
		<Point X="259" Y="177" T="0" />
		<Point X="256" Y="180" T="0" />
		<Point X="253" Y="185" T="0" />
		<Point X="249" Y="189" T="0" />
		<Point X="246" Y="193" T="0" />
		<Point X="243" Y="197" T="0" />
		<Point X="240" Y="201" T="0" />
		<Point X="237" Y="205" T="0" />
		<Point X="235" Y="207" T="0" />
		<Point X="234" Y="209" T="0" />
		<Point X="232" Y="212" T="0" />
		<Point X="230" Y="215" T="0" />
		<Point X="229" Y="218" T="0" />
		<Point X="227" Y="220" T="0" />
		<Point X="225" Y="223" T="0" />
		<Point X="223" Y="226" T="0" />
		<Point X="221" Y="230" T="0" />
		<Point X="219" Y="234" T="0" />
		<Point X="216" Y="238" T="0" />
		<Point X="214" Y="242" T="0" />
		<Point X="213" Y="243" T="0" />
		<Point X="213" Y="244" T="0" />
		<Point X="213" Y="243" T="0" />
		<Point X="213" Y="239" T="0" />
		<Point X="213" Y="231" T="0" />
		<Point X="213" Y="223" T="0" />
		<Point X="211" Y="214" T="0" />
		<Point X="210" Y="206" T="0" />
		<Point X="209" Y="200" T="0" />
		<Point X="208" Y="195" T="0" />
		<Point X="207" Y="192" T="0" />
		<Point X="206" Y="190" T="0" />
		<Point X="205" Y="187" T="0" />
		<Point X="204" Y="185" T="0" />
		<Point X="202" Y="181" T="0" />
		<Point X="201" Y="178" T="0" />
		<Point X="199" Y="173" T="0" />
		<Point X="197" Y="169" T="0" />
		<Point X="194" Y="165" T="0" />
		<Point X="193" Y="161" T="0" />
		<Point X="192" Y="160" T="0" />
		<Point X="191" Y="158" T="0" />
		<Point X="190" Y="157" T="0" />
		<Point X="190" Y="156" T="0" />
		<Point X="189" Y="156" T="0" />
		<Point X="189" Y="155" T="0" />
	</Stroke>
</Gesture> 
