<?xml version="1.0" encoding="utf-8" standalone="yes"?>
<Gesture Name="six_point_star03">
	<Stroke>
		<Point X="166" Y="269" T="0" />
		<Point X="167" Y="269" T="0" />
		<Point X="167" Y="268" T="0" />
		<Point X="167" Y="267" T="0" />
		<Point X="170" Y="264" T="0" />
		<Point X="177" Y="255" T="0" />
		<Point X="186" Y="242" T="0" />
		<Point X="200" Y="223" T="0" />
		<Point X="216" Y="204" T="0" />
		<Point X="228" Y="189" T="0" />
		<Point X="237" Y="178" T="0" />
		<Point X="241" Y="174" T="0" />
		<Point X="242" Y="173" T="0" />
		<Point X="247" Y="180" T="0" />
		<Point X="253" Y="195" T="0" />
		<Point X="262" Y="214" T="0" />
		<Point X="270" Y="232" T="0" />
		<Point X="277" Y="245" T="0" />
		<Point X="281" Y="252" T="0" />
		<Point X="284" Y="257" T="0" />
		<Point X="286" Y="260" T="0" />
		<Point X="287" Y="263" T="0" />
		<Point X="287" Y="265" T="0" />
		<Point X="289" Y="267" T="0" />
		<Point X="289" Y="268" T="0" />
		<Point X="288" Y="268" T="0" />
		<Point X="287" Y="268" T="0" />
		<Point X="283" Y="269" T="0" />
		<Point X="272" Y="269" T="0" />
		<Point X="255" Y="269" T="0" />
		<Point X="233" Y="270" T="0" />
		<Point X="210" Y="270" T="0" />
		<Point X="195" Y="271" T="0" />
		<Point X="188" Y="273" T="0" />
	</Stroke>
	<Stroke>
		<Point X="155" Y="214" T="0" />
		<Point X="158" Y="218" T="0" />
		<Point X="162" Y="220" T="0" />
		<Point X="166" Y="221" T="0" />
		<Point X="170" Y="222" T="0" />
		<Point X="180" Y="222" T="0" />
		<Point X="197" Y="222" T="0" />
		<Point X="221" Y="223" T="0" />
		<Point X="248" Y="223" T="0" />
		<Point X="268" Y="223" T="0" />
		<Point X="278" Y="223" T="0" />
		<Point X="284" Y="223" T="0" />
		<Point X="286" Y="223" T="0" />
		<Point X="286" Y="224" T="0" />
		<Point X="283" Y="232" T="0" />
		<Point X="277" Y="246" T="0" />
		<Point X="266" Y="262" T="0" />
		<Point X="254" Y="276" T="0" />
		<Point X="244" Y="287" T="0" />
		<Point X="235" Y="296" T="0" />
		<Point X="228" Y="302" T="0" />
		<Point X="222" Y="306" T="0" />
		<Point X="219" Y="307" T="0" />
		<Point X="217" Y="309" T="0" />
		<Point X="216" Y="309" T="0" />
		<Point X="216" Y="310" T="0" />
		<Point X="216" Y="308" T="0" />
		<Point X="215" Y="302" T="0" />
		<Point X="210" Y="287" T="0" />
		<Point X="202" Y="265" T="0" />
		<Point X="191" Y="241" T="0" />
		<Point X="178" Y="219" T="0" />
		<Point X="167" Y="203" T="0" />
		<Point X="161" Y="196" T="0" />
		<Point X="161" Y="197" T="0" />
	</Stroke>
</Gesture> 
