<?xml version="1.0" encoding="utf-8" standalone="yes"?>
<Gesture Name="six_point_star04">
	<Stroke>
		<Point X="137" Y="287" T="0" />
		<Point X="138" Y="287" T="0" />
		<Point X="139" Y="284" T="0" />
		<Point X="144" Y="279" T="0" />
		<Point X="154" Y="272" T="0" />
		<Point X="171" Y="260" T="0" />
		<Point X="193" Y="245" T="0" />
		<Point X="211" Y="229" T="0" />
		<Point X="224" Y="217" T="0" />
		<Point X="233" Y="210" T="0" />
		<Point X="236" Y="206" T="0" />
		<Point X="237" Y="206" T="0" />
		<Point X="238" Y="206" T="0" />
		<Point X="241" Y="209" T="0" />
		<Point X="246" Y="218" T="0" />
		<Point X="253" Y="230" T="0" />
		<Point X="263" Y="249" T="0" />
		<Point X="271" Y="265" T="0" />
		<Point X="277" Y="277" T="0" />
		<Point X="282" Y="283" T="0" />
		<Point X="283" Y="286" T="0" />
		<Point X="284" Y="286" T="0" />
		<Point X="284" Y="287" T="0" />
		<Point X="269" Y="287" T="0" />
		<Point X="254" Y="286" T="0" />
		<Point X="224" Y="286" T="0" />
		<Point X="194" Y="284" T="0" />
		<Point X="162" Y="282" T="0" />
		<Point X="142" Y="282" T="0" />
	</Stroke>
	<Stroke>
		<Point X="151" Y="245" T="0" />
		<Point X="151" Y="244" T="0" />
		<Point X="152" Y="243" T="0" />
		<Point X="155" Y="241" T="0" />
		<Point X="160" Y="239" T="0" />
		<Point X="172" Y="239" T="0" />
		<Point X="193" Y="239" T="0" />
		<Point X="225" Y="239" T="0" />
		<Point X="258" Y="241" T="0" />
		<Point X="297" Y="242" T="0" />
		<Point X="320" Y="243" T="0" />
		<Point X="329" Y="244" T="0" />
		<Point X="330" Y="244" T="0" />
		<Point X="330" Y="245" T="0" />
		<Point X="324" Y="249" T="0" />
		<Point X="313" Y="256" T="0" />
		<Point X="297" Y="264" T="0" />
		<Point X="277" Y="273" T="0" />
		<Point X="252" Y="285" T="0" />
		<Point X="228" Y="293" T="0" />
		<Point X="216" Y="298" T="0" />
		<Point X="211" Y="299" T="0" />
		<Point X="210" Y="299" T="0" />
		<Point X="209" Y="299" T="0" />
		<Point X="209" Y="300" T="0" />
		<Point X="208" Y="300" T="0" />
		<Point X="207" Y="300" T="0" />
		<Point X="206" Y="300" T="0" />
		<Point X="205" Y="300" T="0" />
		<Point X="202" Y="300" T="0" />
		<Point X="196" Y="292" T="0" />
		<Point X="190" Y="282" T="0" />
		<Point X="184" Y="269" T="0" />
		<Point X="179" Y="256" T="0" />
		<Point X="176" Y="246" T="0" />
	</Stroke>
</Gesture> 
