<?xml version="1.0" encoding="utf-8" standalone="yes"?>
<Gesture Name="six_point_star10">
	<Stroke>
		<Point X="124" Y="262" T="0" />
		<Point X="124" Y="262" T="0" />
		<Point X="124" Y="261" T="0" />
		<Point X="131" Y="253" T="0" />
		<Point X="141" Y="241" T="0" />
		<Point X="156" Y="222" T="0" />
		<Point X="170" Y="209" T="0" />
		<Point X="183" Y="198" T="0" />
		<Point X="192" Y="191" T="0" />
		<Point X="198" Y="185" T="0" />
		<Point X="202" Y="182" T="0" />
		<Point X="206" Y="180" T="0" />
		<Point X="208" Y="179" T="0" />
		<Point X="211" Y="178" T="0" />
		<Point X="212" Y="177" T="0" />
		<Point X="222" Y="178" T="0" />
		<Point X="228" Y="182" T="0" />
		<Point X="238" Y="190" T="0" />
		<Point X="243" Y="199" T="0" />
		<Point X="247" Y="212" T="0" />
		<Point X="249" Y="227" T="0" />
		<Point X="249" Y="237" T="0" />
		<Point X="249" Y="248" T="0" />
		<Point X="249" Y="255" T="0" />
		<Point X="249" Y="261" T="0" />
		<Point X="249" Y="265" T="0" />
		<Point X="249" Y="269" T="0" />
		<Point X="249" Y="271" T="0" />
		<Point X="248" Y="271" T="0" />
		<Point X="247" Y="271" T="0" />
		<Point X="242" Y="272" T="0" />
		<Point X="233" Y="271" T="0" />
		<Point X="215" Y="269" T="0" />
		<Point X="186" Y="269" T="0" />
		<Point X="154" Y="268" T="0" />
		<Point X="128" Y="267" T="0" />
		<Point X="114" Y="265" T="0" />
	</Stroke>
	<Stroke>
		<Point X="130" Y="220" T="0" />
		<Point X="131" Y="220" T="0" />
		<Point X="132" Y="219" T="0" />
		<Point X="136" Y="219" T="0" />
		<Point X="148" Y="218" T="0" />
		<Point X="170" Y="219" T="0" />
		<Point X="198" Y="222" T="0" />
		<Point X="225" Y="226" T="0" />
		<Point X="247" Y="230" T="0" />
		<Point X="263" Y="233" T="0" />
		<Point X="273" Y="234" T="0" />
		<Point X="280" Y="234" T="0" />
		<Point X="287" Y="235" T="0" />
		<Point X="292" Y="235" T="0" />
		<Point X="294" Y="235" T="0" />
		<Point X="294" Y="236" T="0" />
		<Point X="293" Y="237" T="0" />
		<Point X="286" Y="241" T="0" />
		<Point X="267" Y="248" T="0" />
		<Point X="238" Y="258" T="0" />
		<Point X="205" Y="273" T="0" />
		<Point X="182" Y="284" T="0" />
		<Point X="165" Y="294" T="0" />
		<Point X="155" Y="299" T="0" />
		<Point X="148" Y="304" T="0" />
		<Point X="144" Y="307" T="0" />
		<Point X="144" Y="308" T="0" />
		<Point X="144" Y="307" T="0" />
		<Point X="145" Y="296" T="0" />
		<Point X="147" Y="283" T="0" />
		<Point X="149" Y="265" T="0" />
		<Point X="149" Y="245" T="0" />
		<Point X="146" Y="227" T="0" />
		<Point X="144" Y="217" T="0" />
		<Point X="144" Y="214" T="0" />
	</Stroke>
</Gesture> 
