<?xml version="1.0" encoding="utf-8" standalone="yes"?>
<Gesture Name="six_point_star08">
	<Stroke>
		<Point X="146" Y="254" T="0" />
		<Point X="146" Y="254" T="0" />
		<Point X="146" Y="255" T="0" />
		<Point X="152" Y="258" T="0" />
		<Point X="163" Y="262" T="0" />
		<Point X="190" Y="270" T="0" />
		<Point X="223" Y="276" T="0" />
		<Point X="252" Y="281" T="0" />
		<Point X="275" Y="282" T="0" />
		<Point X="285" Y="283" T="0" />
		<Point X="286" Y="283" T="0" />
		<Point X="286" Y="283" T="0" />
		<Point X="286" Y="283" T="0" />
		<Point X="285" Y="282" T="0" />
		<Point X="284" Y="282" T="0" />
		<Point X="280" Y="277" T="0" />
		<Point X="274" Y="270" T="0" />
		<Point X="264" Y="258" T="0" />
		<Point X="252" Y="242" T="0" />
		<Point X="241" Y="224" T="0" />
		<Point X="235" Y="205" T="0" />
		<Point X="232" Y="188" T="0" />
		<Point X="230" Y="173" T="0" />
		<Point X="230" Y="165" T="0" />
		<Point X="230" Y="162" T="0" />
		<Point X="229" Y="162" T="0" />
		<Point X="228" Y="163" T="0" />
		<Point X="227" Y="164" T="0" />
		<Point X="222" Y="169" T="0" />
		<Point X="214" Y="179" T="0" />
		<Point X="198" Y="195" T="0" />
		<Point X="180" Y="218" T="0" />
		<Point X="163" Y="240" T="0" />
		<Point X="154" Y="254" T="0" />
		<Point X="150" Y="261" T="0" />
	</Stroke>
	<Stroke>
		<Point X="144" Y="205" T="0" />
		<Point X="146" Y="205" T="0" />
		<Point X="150" Y="205" T="0" />
		<Point X="158" Y="205" T="0" />
		<Point X="168" Y="205" T="0" />
		<Point X="185" Y="206" T="0" />
		<Point X="203" Y="209" T="0" />
		<Point X="224" Y="212" T="0" />
		<Point X="245" Y="216" T="0" />
		<Point X="260" Y="217" T="0" />
		<Point X="267" Y="218" T="0" />
		<Point X="269" Y="219" T="0" />
		<Point X="270" Y="219" T="0" />
		<Point X="271" Y="219" T="0" />
		<Point X="272" Y="219" T="0" />
		<Point X="272" Y="220" T="0" />
		<Point X="272" Y="221" T="0" />
		<Point X="272" Y="222" T="0" />
		<Point X="271" Y="224" T="0" />
		<Point X="269" Y="226" T="0" />
		<Point X="265" Y="232" T="0" />
		<Point X="255" Y="243" T="0" />
		<Point X="237" Y="263" T="0" />
		<Point X="216" Y="287" T="0" />
		<Point X="197" Y="306" T="0" />
		<Point X="189" Y="316" T="0" />
		<Point X="186" Y="320" T="0" />
		<Point X="185" Y="321" T="0" />
		<Point X="184" Y="319" T="0" />
		<Point X="182" Y="308" T="0" />
		<Point X="179" Y="292" T="0" />
		<Point X="174" Y="270" T="0" />
		<Point X="168" Y="247" T="0" />
		<Point X="164" Y="227" T="0" />
		<Point X="161" Y="215" T="0" />
		<Point X="158" Y="208" T="0" />
		<Point X="158" Y="204" T="0" />
		<Point X="157" Y="200" T="0" />
		<Point X="157" Y="198" T="0" />
		<Point X="157" Y="196" T="0" />
		<Point X="157" Y="194" T="0" />
		<Point X="157" Y="193" T="0" />
		<Point X="157" Y="191" T="0" />
	</Stroke>
</Gesture> 
