<?xml version="1.0" encoding="utf-8" standalone="yes"?>
<Gesture Name="T01">
	<Stroke>
		<Point X="142" Y="159" T="0" />
		<Point X="143" Y="159" T="0" />
		<Point X="144" Y="159" T="0" />
		<Point X="150" Y="159" T="0" />
		<Point X="170" Y="159" T="0" />
		<Point X="216" Y="162" T="0" />
		<Point X="264" Y="168" T="0" />
		<Point X="310" Y="173" T="0" />
		<Point X="339" Y="175" T="0" />
		<Point X="348" Y="176" T="0" />
		<Point X="349" Y="176" T="0" />
	</Stroke>
	<Stroke>
		<Point X="271" Y="177" T="0" />
		<Point X="270" Y="181" T="0" />
		<Point X="269" Y="186" T="0" />
		<Point X="269" Y="191" T="0" />
		<Point X="269" Y="197" T="0" />
		<Point X="269" Y="208" T="0" />
		<Point X="268" Y="222" T="0" />
		<Point X="268" Y="241" T="0" />
		<Point X="268" Y="261" T="0" />
		<Point X="267" Y="278" T="0" />
		<Point X="266" Y="292" T="0" />
		<Point X="264" Y="301" T="0" />
		<Point X="264" Y="312" T="0" />
		<Point X="263" Y="320" T="0" />
		<Point X="263" Y="328" T="0" />
		<Point X="262" Y="335" T="0" />
		<Point X="260" Y="343" T="0" />
		<Point X="260" Y="350" T="0" />
		<Point X="260" Y="357" T="0" />
		<Point X="260" Y="364" T="0" />
		<Point X="260" Y="369" T="0" />
		<Point X="260" Y="372" T="0" />
		<Point X="259" Y="374" T="0" />
		<Point X="259" Y="375" T="0" />
	</Stroke>
</Gesture> 
