<?xml version="1.0" encoding="utf-8" standalone="yes"?>
<Gesture Name="T02">
	<Stroke>
		<Point X="114" Y="247" T="0" />
		<Point X="118" Y="247" T="0" />
		<Point X="151" Y="245" T="0" />
		<Point X="222" Y="238" T="0" />
		<Point X="314" Y="230" T="0" />
		<Point X="411" Y="225" T="0" />
		<Point X="271" Y="240" T="0" />
		<Point X="271" Y="242" T="0" />
		<Point X="271" Y="257" T="0" />
		<Point X="271" Y="287" T="0" />
		<Point X="271" Y="318" T="0" />
		<Point X="271" Y="354" T="0" />
		<Point X="271" Y="388" T="0" />
		<Point X="271" Y="412" T="0" />
		<Point X="271" Y="425" T="0" />
	</Stroke>
</Gesture> 
