<?xml version="1.0" encoding="utf-8" standalone="yes"?>
<Gesture Name="T03">
	<Stroke>
		<Point X="137" Y="169" T="0" />
		<Point X="137" Y="168" T="0" />
		<Point X="137" Y="168" T="0" />
		<Point X="140" Y="166" T="0" />
		<Point X="153" Y="162" T="0" />
		<Point X="184" Y="157" T="0" />
		<Point X="227" Y="153" T="0" />
		<Point X="278" Y="149" T="0" />
		<Point X="319" Y="148" T="0" />
		<Point X="345" Y="147" T="0" />
		<Point X="354" Y="147" T="0" />
		<Point X="354" Y="147" T="0" />
		<Point X="354" Y="147" T="0" />
		<Point X="354" Y="147" T="0" />
	</Stroke>
	<Stroke>
		<Point X="256" Y="146" T="0" />
		<Point X="256" Y="147" T="0" />
		<Point X="256" Y="149" T="0" />
		<Point X="257" Y="162" T="0" />
		<Point X="259" Y="186" T="0" />
		<Point X="261" Y="220" T="0" />
		<Point X="262" Y="258" T="0" />
		<Point X="262" Y="293" T="0" />
		<Point X="262" Y="321" T="0" />
		<Point X="262" Y="347" T="0" />
		<Point X="262" Y="367" T="0" />
		<Point X="262" Y="387" T="0" />
		<Point X="262" Y="399" T="0" />
		<Point X="262" Y="401" T="0" />
	</Stroke>
</Gesture> 
