<?xml version="1.0" encoding="utf-8" standalone="yes"?>
<Gesture Name="T04">
	<Stroke>
		<Point X="131" Y="197" T="0" />
		<Point X="131" Y="197" T="0" />
		<Point X="131" Y="197" T="0" />
		<Point X="133" Y="197" T="0" />
		<Point X="147" Y="197" T="0" />
		<Point X="178" Y="198" T="0" />
		<Point X="223" Y="198" T="0" />
		<Point X="273" Y="195" T="0" />
		<Point X="316" Y="194" T="0" />
		<Point X="346" Y="193" T="0" />
	</Stroke>
	<Stroke>
		<Point X="257" Y="200" T="0" />
		<Point X="257" Y="202" T="0" />
		<Point X="257" Y="204" T="0" />
		<Point X="260" Y="208" T="0" />
		<Point X="262" Y="215" T="0" />
		<Point X="266" Y="227" T="0" />
		<Point X="269" Y="247" T="0" />
		<Point X="274" Y="276" T="0" />
		<Point X="280" Y="316" T="0" />
		<Point X="284" Y="354" T="0" />
		<Point X="288" Y="397" T="0" />
		<Point X="290" Y="426" T="0" />
		<Point X="292" Y="440" T="0" />
	</Stroke>
</Gesture> 
