<?xml version="1.0" encoding="utf-8" standalone="yes"?>
<Gesture Name="T05">
	<Stroke>
		<Point X="176" Y="152" T="0" />
		<Point X="178" Y="152" T="0" />
		<Point X="190" Y="152" T="0" />
		<Point X="224" Y="157" T="0" />
		<Point X="277" Y="164" T="0" />
		<Point X="324" Y="171" T="0" />
		<Point X="376" Y="179" T="0" />
		<Point X="401" Y="184" T="0" />
		<Point X="407" Y="185" T="0" />
		<Point X="406" Y="185" T="0" />
	</Stroke>
	<Stroke>
		<Point X="312" Y="162" T="0" />
		<Point X="310" Y="174" T="0" />
		<Point X="307" Y="198" T="0" />
		<Point X="304" Y="230" T="0" />
		<Point X="301" Y="271" T="0" />
		<Point X="300" Y="313" T="0" />
		<Point X="300" Y="346" T="0" />
		<Point X="301" Y="379" T="0" />
		<Point X="304" Y="405" T="0" />
		<Point X="306" Y="422" T="0" />
		<Point X="308" Y="428" T="0" />
		<Point X="308" Y="430" T="0" />
		<Point X="308" Y="431" T="0" />
		<Point X="308" Y="432" T="0" />
	</Stroke>
</Gesture> 
