<?xml version="1.0" encoding="utf-8" standalone="yes"?>
<Gesture Name="T06">
	<Stroke>
		<Point X="140" Y="186" T="0" />
		<Point X="141" Y="185" T="0" />
		<Point X="146" Y="184" T="0" />
		<Point X="156" Y="182" T="0" />
		<Point X="171" Y="182" T="0" />
		<Point X="187" Y="182" T="0" />
		<Point X="204" Y="180" T="0" />
		<Point X="213" Y="180" T="0" />
		<Point X="216" Y="179" T="0" />
		<Point X="217" Y="179" T="0" />
		<Point X="218" Y="178" T="0" />
		<Point X="220" Y="178" T="0" />
		<Point X="222" Y="178" T="0" />
	</Stroke>
	<Stroke>
		<Point X="186" Y="181" T="0" />
		<Point X="185" Y="182" T="0" />
		<Point X="185" Y="186" T="0" />
		<Point X="185" Y="199" T="0" />
		<Point X="183" Y="219" T="0" />
		<Point X="180" Y="251" T="0" />
		<Point X="176" Y="287" T="0" />
		<Point X="175" Y="328" T="0" />
		<Point X="175" Y="357" T="0" />
		<Point X="175" Y="378" T="0" />
		<Point X="175" Y="395" T="0" />
		<Point X="175" Y="409" T="0" />
		<Point X="175" Y="419" T="0" />
		<Point X="176" Y="426" T="0" />
	</Stroke>
</Gesture> 
