<?xml version="1.0" encoding="utf-8" standalone="yes"?>
<Gesture Name="T07">
	<Stroke>
		<Point X="123" Y="191" T="0" />
		<Point X="123" Y="190" T="0" />
		<Point X="125" Y="190" T="0" />
		<Point X="134" Y="187" T="0" />
		<Point X="162" Y="182" T="0" />
		<Point X="195" Y="178" T="0" />
		<Point X="247" Y="174" T="0" />
		<Point X="295" Y="172" T="0" />
		<Point X="329" Y="171" T="0" />
		<Point X="350" Y="171" T="0" />
		<Point X="357" Y="171" T="0" />
		<Point X="356" Y="172" T="0" />
		<Point X="355" Y="172" T="0" />
	</Stroke>
	<Stroke>
		<Point X="231" Y="175" T="0" />
		<Point X="231" Y="176" T="0" />
		<Point X="231" Y="186" T="0" />
		<Point X="231" Y="198" T="0" />
		<Point X="231" Y="215" T="0" />
		<Point X="229" Y="236" T="0" />
		<Point X="227" Y="259" T="0" />
		<Point X="222" Y="289" T="0" />
		<Point X="216" Y="321" T="0" />
		<Point X="213" Y="344" T="0" />
		<Point X="212" Y="360" T="0" />
		<Point X="210" Y="374" T="0" />
		<Point X="210" Y="383" T="0" />
		<Point X="209" Y="392" T="0" />
		<Point X="208" Y="399" T="0" />
		<Point X="208" Y="406" T="0" />
	</Stroke>
</Gesture> 
