<?xml version="1.0" encoding="utf-8" standalone="yes"?>
<Gesture Name="T08">
	<Stroke>
		<Point X="148" Y="179" T="0" />
		<Point X="150" Y="179" T="0" />
		<Point X="169" Y="179" T="0" />
		<Point X="202" Y="177" T="0" />
		<Point X="233" Y="174" T="0" />
		<Point X="261" Y="172" T="0" />
		<Point X="285" Y="170" T="0" />
		<Point X="305" Y="169" T="0" />
		<Point X="314" Y="168" T="0" />
	</Stroke>
	<Stroke>
		<Point X="244" Y="178" T="0" />
		<Point X="244" Y="181" T="0" />
		<Point X="244" Y="188" T="0" />
		<Point X="244" Y="200" T="0" />
		<Point X="244" Y="219" T="0" />
		<Point X="244" Y="245" T="0" />
		<Point X="242" Y="271" T="0" />
		<Point X="240" Y="299" T="0" />
		<Point X="238" Y="326" T="0" />
		<Point X="238" Y="358" T="0" />
		<Point X="240" Y="387" T="0" />
		<Point X="243" Y="413" T="0" />
		<Point X="246" Y="430" T="0" />
		<Point X="248" Y="438" T="0" />
		<Point X="249" Y="441" T="0" />
	</Stroke>
</Gesture> 
