<?xml version="1.0" encoding="utf-8" standalone="yes"?>
<Gesture Name="T09">
	<Stroke>
		<Point X="112" Y="159" T="0" />
		<Point X="112" Y="159" T="0" />
		<Point X="112" Y="158" T="0" />
		<Point X="120" Y="159" T="0" />
		<Point X="148" Y="165" T="0" />
		<Point X="185" Y="169" T="0" />
		<Point X="228" Y="173" T="0" />
		<Point X="267" Y="177" T="0" />
		<Point X="296" Y="181" T="0" />
		<Point X="309" Y="183" T="0" />
		<Point X="310" Y="183" T="0" />
		<Point X="310" Y="184" T="0" />
		<Point X="311" Y="184" T="0" />
		<Point X="318" Y="185" T="0" />
		<Point X="321" Y="186" T="0" />
		<Point X="326" Y="187" T="0" />
	</Stroke>
	<Stroke>
		<Point X="224" Y="181" T="0" />
		<Point X="224" Y="183" T="0" />
		<Point X="224" Y="192" T="0" />
		<Point X="224" Y="209" T="0" />
		<Point X="224" Y="235" T="0" />
		<Point X="224" Y="263" T="0" />
		<Point X="223" Y="290" T="0" />
		<Point X="223" Y="313" T="0" />
		<Point X="223" Y="328" T="0" />
		<Point X="223" Y="339" T="0" />
		<Point X="223" Y="347" T="0" />
		<Point X="223" Y="354" T="0" />
		<Point X="223" Y="359" T="0" />
		<Point X="223" Y="363" T="0" />
		<Point X="223" Y="366" T="0" />
		<Point X="223" Y="368" T="0" />
		<Point X="223" Y="370" T="0" />
		<Point X="223" Y="371" T="0" />
		<Point X="223" Y="372" T="0" />
		<Point X="223" Y="373" T="0" />
		<Point X="223" Y="374" T="0" />
		<Point X="223" Y="375" T="0" />
		<Point X="223" Y="377" T="0" />
		<Point X="223" Y="379" T="0" />
		<Point X="223" Y="380" T="0" />
	</Stroke>
</Gesture> 
