<?xml version="1.0" encoding="utf-8" standalone="yes"?>
<Gesture Name="T10">
	<Stroke>
		<Point X="102" Y="96" T="0" />
		<Point X="102" Y="97" T="0" />
		<Point X="105" Y="100" T="0" />
		<Point X="115" Y="101" T="0" />
		<Point X="133" Y="101" T="0" />
		<Point X="163" Y="101" T="0" />
		<Point X="207" Y="101" T="0" />
		<Point X="255" Y="99" T="0" />
		<Point X="291" Y="99" T="0" />
		<Point X="309" Y="98" T="0" />
	</Stroke>
	<Stroke>
		<Point X="211" Y="101" T="0" />
		<Point X="211" Y="102" T="0" />
		<Point X="211" Y="109" T="0" />
		<Point X="211" Y="124" T="0" />
		<Point X="211" Y="146" T="0" />
		<Point X="212" Y="184" T="0" />
		<Point X="212" Y="232" T="0" />
		<Point X="212" Y="275" T="0" />
		<Point X="210" Y="310" T="0" />
		<Point X="210" Y="335" T="0" />
		<Point X="210" Y="350" T="0" />
		<Point X="210" Y="358" T="0" />
		<Point X="210" Y="363" T="0" />
		<Point X="210" Y="367" T="0" />
		<Point X="210" Y="371" T="0" />
		<Point X="210" Y="373" T="0" />
	</Stroke>
</Gesture> 
