<?xml version="1.0" encoding="utf-8" standalone="yes"?>
<Gesture Name="X01">
	<Stroke>
		<Point X="281" Y="177" T="0" />
		<Point X="281" Y="177" T="0" />
		<Point X="277" Y="185" T="0" />
		<Point X="265" Y="198" T="0" />
		<Point X="246" Y="216" T="0" />
		<Point X="221" Y="238" T="0" />
		<Point X="196" Y="263" T="0" />
		<Point X="174" Y="290" T="0" />
		<Point X="158" Y="313" T="0" />
		<Point X="150" Y="327" T="0" />
		<Point X="147" Y="336" T="0" />
		<Point X="147" Y="341" T="0" />
	</Stroke>
	<Stroke>
		<Point X="164" Y="142" T="0" />
		<Point X="165" Y="142" T="0" />
		<Point X="169" Y="144" T="0" />
		<Point X="180" Y="159" T="0" />
		<Point X="199" Y="186" T="0" />
		<Point X="220" Y="220" T="0" />
		<Point X="240" Y="255" T="0" />
		<Point X="261" Y="293" T="0" />
		<Point X="276" Y="319" T="0" />
		<Point X="286" Y="335" T="0" />
		<Point X="290" Y="344" T="0" />
		<Point X="291" Y="347" T="0" />
	</Stroke>
</Gesture> 
