<?xml version="1.0" encoding="utf-8" standalone="yes"?>
<Gesture Name="X02">
	<Stroke>
		<Point X="312" Y="213" T="0" />
		<Point X="307" Y="218" T="0" />
		<Point X="294" Y="229" T="0" />
		<Point X="272" Y="246" T="0" />
		<Point X="246" Y="266" T="0" />
		<Point X="219" Y="288" T="0" />
		<Point X="198" Y="307" T="0" />
		<Point X="185" Y="323" T="0" />
		<Point X="180" Y="334" T="0" />
		<Point X="178" Y="342" T="0" />
		<Point X="178" Y="345" T="0" />
	</Stroke>
	<Stroke>
		<Point X="177" Y="157" T="0" />
		<Point X="184" Y="165" T="0" />
		<Point X="200" Y="183" T="0" />
		<Point X="219" Y="208" T="0" />
		<Point X="238" Y="237" T="0" />
		<Point X="254" Y="265" T="0" />
		<Point X="266" Y="284" T="0" />
		<Point X="277" Y="300" T="0" />
		<Point X="283" Y="310" T="0" />
		<Point X="289" Y="319" T="0" />
		<Point X="293" Y="327" T="0" />
		<Point X="297" Y="338" T="0" />
		<Point X="303" Y="348" T="0" />
		<Point X="307" Y="356" T="0" />
	</Stroke>
</Gesture> 
