<?xml version="1.0" encoding="utf-8" standalone="yes"?>
<Gesture Name="X04">
	<Stroke>
		<Point X="308" Y="188" T="0" />
		<Point X="308" Y="189" T="0" />
		<Point X="299" Y="197" T="0" />
		<Point X="273" Y="219" T="0" />
		<Point X="232" Y="249" T="0" />
		<Point X="179" Y="282" T="0" />
		<Point X="128" Y="314" T="0" />
		<Point X="93" Y="343" T="0" />
		<Point X="69" Y="368" T="0" />
		<Point X="61" Y="382" T="0" />
	</Stroke>
	<Stroke>
		<Point X="90" Y="197" T="0" />
		<Point X="92" Y="197" T="0" />
		<Point X="102" Y="203" T="0" />
		<Point X="126" Y="218" T="0" />
		<Point X="157" Y="243" T="0" />
		<Point X="192" Y="277" T="0" />
		<Point X="217" Y="311" T="0" />
		<Point X="237" Y="342" T="0" />
		<Point X="254" Y="366" T="0" />
		<Point X="265" Y="379" T="0" />
		<Point X="273" Y="387" T="0" />
		<Point X="277" Y="391" T="0" />
	</Stroke>
</Gesture> 
