<?xml version="1.0" encoding="utf-8" standalone="yes"?>
<Gesture Name="X05">
	<Stroke>
		<Point X="295" Y="206" T="0" />
		<Point X="295" Y="207" T="0" />
		<Point X="295" Y="212" T="0" />
		<Point X="288" Y="222" T="0" />
		<Point X="276" Y="233" T="0" />
		<Point X="251" Y="253" T="0" />
		<Point X="212" Y="279" T="0" />
		<Point X="172" Y="307" T="0" />
		<Point X="140" Y="331" T="0" />
		<Point X="120" Y="349" T="0" />
	</Stroke>
	<Stroke>
		<Point X="148" Y="195" T="0" />
		<Point X="154" Y="205" T="0" />
		<Point X="171" Y="228" T="0" />
		<Point X="196" Y="261" T="0" />
		<Point X="223" Y="296" T="0" />
		<Point X="251" Y="331" T="0" />
		<Point X="269" Y="358" T="0" />
		<Point X="279" Y="374" T="0" />
		<Point X="285" Y="383" T="0" />
		<Point X="287" Y="386" T="0" />
	</Stroke>
</Gesture> 
