<?xml version="1.0" encoding="utf-8" standalone="yes"?>
<Gesture Name="X06">
	<Stroke>
		<Point X="319" Y="181" T="0" />
		<Point X="319" Y="181" T="0" />
		<Point X="317" Y="182" T="0" />
		<Point X="303" Y="194" T="0" />
		<Point X="269" Y="219" T="0" />
		<Point X="215" Y="263" T="0" />
		<Point X="170" Y="309" T="0" />
		<Point X="140" Y="343" T="0" />
		<Point X="115" Y="371" T="0" />
		<Point X="107" Y="383" T="0" />
	</Stroke>
	<Stroke>
		<Point X="97" Y="193" T="0" />
		<Point X="107" Y="203" T="0" />
		<Point X="137" Y="235" T="0" />
		<Point X="174" Y="272" T="0" />
		<Point X="213" Y="314" T="0" />
		<Point X="255" Y="359" T="0" />
		<Point X="291" Y="392" T="0" />
		<Point X="313" Y="408" T="0" />
		<Point X="321" Y="412" T="0" />
	</Stroke>
</Gesture> 
