<?xml version="1.0" encoding="utf-8" standalone="yes"?>
<Gesture Name="X07">
	<Stroke>
		<Point X="299" Y="269" T="0" />
		<Point X="295" Y="274" T="0" />
		<Point X="290" Y="283" T="0" />
		<Point X="285" Y="290" T="0" />
		<Point X="277" Y="301" T="0" />
		<Point X="266" Y="317" T="0" />
		<Point X="251" Y="333" T="0" />
		<Point X="235" Y="351" T="0" />
		<Point X="220" Y="368" T="0" />
		<Point X="206" Y="384" T="0" />
		<Point X="194" Y="397" T="0" />
		<Point X="185" Y="406" T="0" />
		<Point X="178" Y="413" T="0" />
		<Point X="175" Y="416" T="0" />
		<Point X="174" Y="417" T="0" />
		<Point X="173" Y="418" T="0" />
		<Point X="173" Y="419" T="0" />
	</Stroke>
	<Stroke>
		<Point X="184" Y="272" T="0" />
		<Point X="185" Y="272" T="0" />
		<Point X="193" Y="275" T="0" />
		<Point X="206" Y="286" T="0" />
		<Point X="221" Y="303" T="0" />
		<Point X="241" Y="330" T="0" />
		<Point X="258" Y="356" T="0" />
		<Point X="271" Y="379" T="0" />
		<Point X="281" Y="394" T="0" />
		<Point X="286" Y="403" T="0" />
		<Point X="288" Y="408" T="0" />
		<Point X="290" Y="411" T="0" />
		<Point X="291" Y="416" T="0" />
		<Point X="293" Y="421" T="0" />
		<Point X="295" Y="426" T="0" />
	</Stroke>
</Gesture> 
