<?xml version="1.0" encoding="utf-8" standalone="yes"?>
<Gesture Name="X08">
	<Stroke>
		<Point X="327" Y="220" T="0" />
		<Point X="326" Y="220" T="0" />
		<Point X="326" Y="221" T="0" />
		<Point X="325" Y="221" T="0" />
		<Point X="321" Y="226" T="0" />
		<Point X="313" Y="236" T="0" />
		<Point X="296" Y="254" T="0" />
		<Point X="271" Y="281" T="0" />
		<Point X="247" Y="307" T="0" />
		<Point X="229" Y="331" T="0" />
		<Point X="217" Y="348" T="0" />
		<Point X="208" Y="367" T="0" />
		<Point X="204" Y="381" T="0" />
		<Point X="202" Y="391" T="0" />
		<Point X="201" Y="395" T="0" />
		<Point X="201" Y="395" T="0" />
	</Stroke>
	<Stroke>
		<Point X="188" Y="212" T="0" />
		<Point X="189" Y="212" T="0" />
		<Point X="193" Y="220" T="0" />
		<Point X="202" Y="237" T="0" />
		<Point X="216" Y="259" T="0" />
		<Point X="239" Y="286" T="0" />
		<Point X="265" Y="316" T="0" />
		<Point X="289" Y="343" T="0" />
		<Point X="314" Y="370" T="0" />
		<Point X="333" Y="393" T="0" />
		<Point X="344" Y="408" T="0" />
		<Point X="351" Y="418" T="0" />
		<Point X="354" Y="423" T="0" />
	</Stroke>
</Gesture> 
