<?xml version="1.0" encoding="utf-8" standalone="yes"?>
<Gesture Name="X09">
	<Stroke>
		<Point X="271" Y="151" T="0" />
		<Point X="271" Y="151" T="0" />
		<Point X="267" Y="155" T="0" />
		<Point X="256" Y="163" T="0" />
		<Point X="236" Y="178" T="0" />
		<Point X="207" Y="204" T="0" />
		<Point X="171" Y="239" T="0" />
		<Point X="139" Y="274" T="0" />
		<Point X="111" Y="305" T="0" />
		<Point X="96" Y="322" T="0" />
		<Point X="92" Y="328" T="0" />
		<Point X="90" Y="332" T="0" />
		<Point X="89" Y="334" T="0" />
		<Point X="87" Y="337" T="0" />
		<Point X="86" Y="341" T="0" />
		<Point X="85" Y="344" T="0" />
	</Stroke>
	<Stroke>
		<Point X="109" Y="118" T="0" />
		<Point X="110" Y="115" T="0" />
		<Point X="112" Y="113" T="0" />
		<Point X="112" Y="112" T="0" />
		<Point X="113" Y="112" T="0" />
		<Point X="118" Y="123" T="0" />
		<Point X="132" Y="153" T="0" />
		<Point X="147" Y="188" T="0" />
		<Point X="166" Y="223" T="0" />
		<Point X="186" Y="253" T="0" />
		<Point X="202" Y="281" T="0" />
		<Point X="218" Y="307" T="0" />
		<Point X="233" Y="333" T="0" />
		<Point X="244" Y="355" T="0" />
		<Point X="252" Y="374" T="0" />
		<Point X="257" Y="388" T="0" />
		<Point X="261" Y="397" T="0" />
		<Point X="262" Y="401" T="0" />
		<Point X="263" Y="403" T="0" />
	</Stroke>
</Gesture> 
