<?xml version="1.0" encoding="utf-8" standalone="yes"?>
<Gesture Name="X10">
	<Stroke>
		<Point X="349" Y="232" T="0" />
		<Point X="349" Y="232" T="0" />
		<Point X="348" Y="232" T="0" />
		<Point X="346" Y="234" T="0" />
		<Point X="333" Y="245" T="0" />
		<Point X="306" Y="266" T="0" />
		<Point X="274" Y="293" T="0" />
		<Point X="238" Y="328" T="0" />
		<Point X="205" Y="364" T="0" />
		<Point X="175" Y="394" T="0" />
		<Point X="161" Y="408" T="0" />
		<Point X="158" Y="412" T="0" />
		<Point X="158" Y="412" T="0" />
	</Stroke>
	<Stroke>
		<Point X="156" Y="252" T="0" />
		<Point X="159" Y="252" T="0" />
		<Point X="170" Y="257" T="0" />
		<Point X="194" Y="278" T="0" />
		<Point X="225" Y="309" T="0" />
		<Point X="264" Y="356" T="0" />
		<Point X="295" Y="395" T="0" />
		<Point X="316" Y="423" T="0" />
		<Point X="327" Y="441" T="0" />
		<Point X="331" Y="452" T="0" />
		<Point X="333" Y="457" T="0" />
		<Point X="333" Y="459" T="0" />
	</Stroke>
</Gesture> 
