<?xml version="1.0" encoding="utf-8" standalone="yes"?>
<Gesture Name="Caret8" NumPts="51">
	<Point X="165" Y="360" T="undefined" />
	<Point X="166" Y="360" T="undefined" />
	<Point X="167" Y="358" T="undefined" />
	<Point X="167" Y="356" T="undefined" />
	<Point X="167" Y="349" T="undefined" />
	<Point X="168" Y="341" T="undefined" />
	<Point X="170" Y="322" T="undefined" />
	<Point X="171" Y="309" T="undefined" />
	<Point X="173" Y="295" T="undefined" />
	<Point X="177" Y="278" T="undefined" />
	<Point X="182" Y="263" T="undefined" />
	<Point X="186" Y="246" T="undefined" />
	<Point X="190" Y="235" T="undefined" />
	<Point X="193" Y="223" T="undefined" />
	<Point X="196" Y="214" T="undefined" />
	<Point X="201" Y="207" T="undefined" />
	<Point X="204" Y="204" T="undefined" />
	<Point X="206" Y="199" T="undefined" />
	<Point X="208" Y="196" T="undefined" />
	<Point X="211" Y="192" T="undefined" />
	<Point X="214" Y="189" T="undefined" />
	<Point X="216" Y="186" T="undefined" />
	<Point X="219" Y="183" T="undefined" />
	<Point X="222" Y="179" T="undefined" />
	<Point X="224" Y="176" T="undefined" />
	<Point X="226" Y="173" T="undefined" />
	<Point X="228" Y="172" T="undefined" />
	<Point X="229" Y="170" T="undefined" />
	<Point X="229" Y="169" T="undefined" />
	<Point X="230" Y="170" T="undefined" />
	<Point X="234" Y="181" T="undefined" />
	<Point X="240" Y="196" T="undefined" />
	<Point X="244" Y="209" T="undefined" />
	<Point X="248" Y="223" T="undefined" />
	<Point X="250" Y="237" T="undefined" />
	<Point X="251" Y="250" T="undefined" />
	<Point X="252" Y="260" T="undefined" />
	<Point X="256" Y="270" T="undefined" />
	<Point X="260" Y="276" T="undefined" />
	<Point X="262" Y="281" T="undefined" />
	<Point X="264" Y="286" T="undefined" />
	<Point X="266" Y="292" T="undefined" />
	<Point X="268" Y="300" T="undefined" />
	<Point X="272" Y="310" T="undefined" />
	<Point X="277" Y="324" T="undefined" />
	<Point X="281" Y="337" T="undefined" />
	<Point X="284" Y="349" T="undefined" />
	<Point X="290" Y="360" T="undefined" />
	<Point X="294" Y="369" T="undefined" />
	<Point X="297" Y="377" T="undefined" />
	<Point X="300" Y="382" T="undefined" />
</Gesture>