<?xml version="1.0" encoding="utf-8" standalone="yes"?>
<Gesture Name="Caret6" NumPts="53">
	<Point X="145" Y="387" T="undefined" />
	<Point X="145" Y="386" T="undefined" />
	<Point X="146" Y="384" T="undefined" />
	<Point X="148" Y="383" T="undefined" />
	<Point X="151" Y="375" T="undefined" />
	<Point X="158" Y="363" T="undefined" />
	<Point X="162" Y="352" T="undefined" />
	<Point X="167" Y="336" T="undefined" />
	<Point X="171" Y="324" T="undefined" />
	<Point X="175" Y="313" T="undefined" />
	<Point X="179" Y="301" T="undefined" />
	<Point X="186" Y="284" T="undefined" />
	<Point X="190" Y="278" T="undefined" />
	<Point X="194" Y="266" T="undefined" />
	<Point X="199" Y="255" T="undefined" />
	<Point X="208" Y="239" T="undefined" />
	<Point X="212" Y="230" T="undefined" />
	<Point X="216" Y="220" T="undefined" />
	<Point X="224" Y="209" T="undefined" />
	<Point X="231" Y="198" T="undefined" />
	<Point X="234" Y="192" T="undefined" />
	<Point X="236" Y="189" T="undefined" />
	<Point X="237" Y="187" T="undefined" />
	<Point X="237" Y="186" T="undefined" />
	<Point X="238" Y="186" T="undefined" />
	<Point X="238" Y="187" T="undefined" />
	<Point X="240" Y="191" T="undefined" />
	<Point X="244" Y="202" T="undefined" />
	<Point X="250" Y="224" T="undefined" />
	<Point X="254" Y="242" T="undefined" />
	<Point X="258" Y="262" T="undefined" />
	<Point X="264" Y="281" T="undefined" />
	<Point X="268" Y="298" T="undefined" />
	<Point X="272" Y="311" T="undefined" />
	<Point X="276" Y="322" T="undefined" />
	<Point X="280" Y="334" T="undefined" />
	<Point X="284" Y="345" T="undefined" />
	<Point X="288" Y="350" T="undefined" />
	<Point X="291" Y="354" T="undefined" />
	<Point X="293" Y="357" T="undefined" />
	<Point X="296" Y="361" T="undefined" />
	<Point X="298" Y="364" T="undefined" />
	<Point X="302" Y="369" T="undefined" />
	<Point X="305" Y="375" T="undefined" />
	<Point X="308" Y="379" T="undefined" />
	<Point X="310" Y="384" T="undefined" />
	<Point X="312" Y="387" T="undefined" />
	<Point X="313" Y="390" T="undefined" />
	<Point X="314" Y="394" T="undefined" />
	<Point X="315" Y="396" T="undefined" />
	<Point X="315" Y="397" T="undefined" />
	<Point X="315" Y="398" T="undefined" />
	<Point X="315" Y="399" T="undefined" />
</Gesture>