<?xml version="1.0" encoding="utf-8" standalone="yes"?>
<Gesture Name="Caret4" NumPts="33">
	<Point X="125" Y="338" T="undefined" />
	<Point X="125" Y="336" T="undefined" />
	<Point X="128" Y="329" T="undefined" />
	<Point X="132" Y="316" T="undefined" />
	<Point X="139" Y="301" T="undefined" />
	<Point X="148" Y="285" T="undefined" />
	<Point X="155" Y="270" T="undefined" />
	<Point X="161" Y="255" T="undefined" />
	<Point X="168" Y="239" T="undefined" />
	<Point X="172" Y="223" T="undefined" />
	<Point X="177" Y="208" T="undefined" />
	<Point X="182" Y="191" T="undefined" />
	<Point X="187" Y="179" T="undefined" />
	<Point X="191" Y="168" T="undefined" />
	<Point X="195" Y="160" T="undefined" />
	<Point X="198" Y="155" T="undefined" />
	<Point X="201" Y="152" T="undefined" />
	<Point X="203" Y="149" T="undefined" />
	<Point X="204" Y="146" T="undefined" />
	<Point X="204" Y="145" T="undefined" />
	<Point X="204" Y="145" T="undefined" />
	<Point X="208" Y="155" T="undefined" />
	<Point X="212" Y="172" T="undefined" />
	<Point X="216" Y="189" T="undefined" />
	<Point X="223" Y="213" T="undefined" />
	<Point X="228" Y="240" T="undefined" />
	<Point X="233" Y="267" T="undefined" />
	<Point X="238" Y="288" T="undefined" />
	<Point X="242" Y="303" T="undefined" />
	<Point X="245" Y="318" T="undefined" />
	<Point X="248" Y="326" T="undefined" />
	<Point X="252" Y="334" T="undefined" />
	<Point X="255" Y="340" T="undefined" />
</Gesture>