<?xml version="1.0" encoding="utf-8" standalone="yes"?>
<Gesture Name="Caret2" NumPts="51">
	<Point X="117" Y="361" T="undefined" />
	<Point X="120" Y="359" T="undefined" />
	<Point X="122" Y="354" T="undefined" />
	<Point X="129" Y="344" T="undefined" />
	<Point X="140" Y="329" T="undefined" />
	<Point X="147" Y="313" T="undefined" />
	<Point X="155" Y="293" T="undefined" />
	<Point X="160" Y="277" T="undefined" />
	<Point X="164" Y="263" T="undefined" />
	<Point X="170" Y="245" T="undefined" />
	<Point X="172" Y="239" T="undefined" />
	<Point X="177" Y="221" T="undefined" />
	<Point X="180" Y="210" T="undefined" />
	<Point X="184" Y="200" T="undefined" />
	<Point X="188" Y="188" T="undefined" />
	<Point X="192" Y="178" T="undefined" />
	<Point X="195" Y="170" T="undefined" />
	<Point X="198" Y="163" T="undefined" />
	<Point X="200" Y="158" T="undefined" />
	<Point X="203" Y="154" T="undefined" />
	<Point X="205" Y="151" T="undefined" />
	<Point X="206" Y="148" T="undefined" />
	<Point X="207" Y="147" T="undefined" />
	<Point X="207" Y="147" T="undefined" />
	<Point X="207" Y="146" T="undefined" />
	<Point X="208" Y="146" T="undefined" />
	<Point X="210" Y="150" T="undefined" />
	<Point X="214" Y="157" T="undefined" />
	<Point X="218" Y="169" T="undefined" />
	<Point X="222" Y="181" T="undefined" />
	<Point X="227" Y="193" T="undefined" />
	<Point X="232" Y="211" T="undefined" />
	<Point X="235" Y="222" T="undefined" />
	<Point X="237" Y="233" T="undefined" />
	<Point X="241" Y="246" T="undefined" />
	<Point X="245" Y="261" T="undefined" />
	<Point X="249" Y="274" T="undefined" />
	<Point X="253" Y="287" T="undefined" />
	<Point X="257" Y="299" T="undefined" />
	<Point X="261" Y="310" T="undefined" />
	<Point X="266" Y="321" T="undefined" />
	<Point X="269" Y="328" T="undefined" />
	<Point X="272" Y="333" T="undefined" />
	<Point X="276" Y="340" T="undefined" />
	<Point X="278" Y="345" T="undefined" />
	<Point X="282" Y="350" T="undefined" />
	<Point X="285" Y="356" T="undefined" />
	<Point X="288" Y="361" T="undefined" />
	<Point X="291" Y="364" T="undefined" />
	<Point X="294" Y="368" T="undefined" />
	<Point X="298" Y="374" T="undefined" />
</Gesture>