<?xml version="1.0" encoding="utf-8" standalone="yes"?>
<Gesture Name="Caret7" NumPts="45">
	<Point X="159" Y="373" T="undefined" />
	<Point X="159" Y="371" T="undefined" />
	<Point X="160" Y="370" T="undefined" />
	<Point X="161" Y="367" T="undefined" />
	<Point X="164" Y="360" T="undefined" />
	<Point X="168" Y="348" T="undefined" />
	<Point X="173" Y="335" T="undefined" />
	<Point X="180" Y="317" T="undefined" />
	<Point X="183" Y="305" T="undefined" />
	<Point X="184" Y="295" T="undefined" />
	<Point X="184" Y="288" T="undefined" />
	<Point X="185" Y="279" T="undefined" />
	<Point X="186" Y="277" T="undefined" />
	<Point X="186" Y="275" T="undefined" />
	<Point X="187" Y="272" T="undefined" />
	<Point X="188" Y="268" T="undefined" />
	<Point X="188" Y="265" T="undefined" />
	<Point X="190" Y="263" T="undefined" />
	<Point X="190" Y="259" T="undefined" />
	<Point X="192" Y="257" T="undefined" />
	<Point X="192" Y="255" T="undefined" />
	<Point X="193" Y="254" T="undefined" />
	<Point X="194" Y="253" T="undefined" />
	<Point X="194" Y="253" T="undefined" />
	<Point X="196" Y="255" T="undefined" />
	<Point X="200" Y="265" T="undefined" />
	<Point X="206" Y="277" T="undefined" />
	<Point X="210" Y="289" T="undefined" />
	<Point X="214" Y="301" T="undefined" />
	<Point X="219" Y="311" T="undefined" />
	<Point X="222" Y="315" T="undefined" />
	<Point X="226" Y="319" T="undefined" />
	<Point X="229" Y="322" T="undefined" />
	<Point X="232" Y="325" T="undefined" />
	<Point X="234" Y="327" T="undefined" />
	<Point X="237" Y="330" T="undefined" />
	<Point X="240" Y="335" T="undefined" />
	<Point X="243" Y="339" T="undefined" />
	<Point X="245" Y="342" T="undefined" />
	<Point X="247" Y="345" T="undefined" />
	<Point X="249" Y="347" T="undefined" />
	<Point X="250" Y="350" T="undefined" />
	<Point X="251" Y="353" T="undefined" />
	<Point X="252" Y="355" T="undefined" />
	<Point X="258" Y="361" T="undefined" />
</Gesture>