<?xml version="1.0" encoding="utf-8" standalone="yes"?>
<Gesture Name="Caret0" NumPts="55">
	<Point X="118" Y="277" T="undefined" />
	<Point X="120" Y="278" T="undefined" />
	<Point X="122" Y="278" T="undefined" />
	<Point X="124" Y="276" T="undefined" />
	<Point X="128" Y="272" T="undefined" />
	<Point X="131" Y="269" T="undefined" />
	<Point X="136" Y="261" T="undefined" />
	<Point X="143" Y="244" T="undefined" />
	<Point X="148" Y="232" T="undefined" />
	<Point X="153" Y="220" T="undefined" />
	<Point X="156" Y="212" T="undefined" />
	<Point X="162" Y="202" T="undefined" />
	<Point X="166" Y="193" T="undefined" />
	<Point X="171" Y="182" T="undefined" />
	<Point X="175" Y="176" T="undefined" />
	<Point X="178" Y="170" T="undefined" />
	<Point X="183" Y="164" T="undefined" />
	<Point X="186" Y="161" T="undefined" />
	<Point X="189" Y="158" T="undefined" />
	<Point X="192" Y="155" T="undefined" />
	<Point X="193" Y="152" T="undefined" />
	<Point X="196" Y="148" T="undefined" />
	<Point X="200" Y="144" T="undefined" />
	<Point X="201" Y="142" T="undefined" />
	<Point X="202" Y="141" T="undefined" />
	<Point X="203" Y="138" T="undefined" />
	<Point X="204" Y="137" T="undefined" />
	<Point X="205" Y="134" T="undefined" />
	<Point X="207" Y="133" T="undefined" />
	<Point X="208" Y="131" T="undefined" />
	<Point X="208" Y="131" T="undefined" />
	<Point X="209" Y="132" T="undefined" />
	<Point X="210" Y="134" T="undefined" />
	<Point X="211" Y="137" T="undefined" />
	<Point X="215" Y="148" T="undefined" />
	<Point X="219" Y="160" T="undefined" />
	<Point X="222" Y="172" T="undefined" />
	<Point X="228" Y="189" T="undefined" />
	<Point X="233" Y="200" T="undefined" />
	<Point X="237" Y="212" T="undefined" />
	<Point X="241" Y="224" T="undefined" />
	<Point X="244" Y="232" T="undefined" />
	<Point X="248" Y="239" T="undefined" />
	<Point X="250" Y="243" T="undefined" />
	<Point X="254" Y="248" T="undefined" />
	<Point X="255" Y="251" T="undefined" />
	<Point X="256" Y="255" T="undefined" />
	<Point X="258" Y="258" T="undefined" />
	<Point X="260" Y="260" T="undefined" />
	<Point X="261" Y="263" T="undefined" />
	<Point X="262" Y="264" T="undefined" />
	<Point X="262" Y="266" T="undefined" />
	<Point X="262" Y="266" T="undefined" />
	<Point X="263" Y="267" T="undefined" />
	<Point X="264" Y="269" T="undefined" />
</Gesture>