<?xml version="1.0" encoding="utf-8" standalone="yes"?>
<Gesture Name="Caret1" NumPts="40">
	<Point X="135" Y="298" T="undefined" />
	<Point X="135" Y="298" T="undefined" />
	<Point X="136" Y="297" T="undefined" />
	<Point X="138" Y="293" T="undefined" />
	<Point X="143" Y="285" T="undefined" />
	<Point X="155" Y="268" T="undefined" />
	<Point X="166" Y="252" T="undefined" />
	<Point X="178" Y="235" T="undefined" />
	<Point X="193" Y="216" T="undefined" />
	<Point X="206" Y="199" T="undefined" />
	<Point X="215" Y="184" T="undefined" />
	<Point X="219" Y="170" T="undefined" />
	<Point X="222" Y="162" T="undefined" />
	<Point X="225" Y="159" T="undefined" />
	<Point X="226" Y="155" T="undefined" />
	<Point X="228" Y="151" T="undefined" />
	<Point X="228" Y="150" T="undefined" />
	<Point X="229" Y="150" T="undefined" />
	<Point X="229" Y="151" T="undefined" />
	<Point X="230" Y="151" T="undefined" />
	<Point X="230" Y="152" T="undefined" />
	<Point X="233" Y="155" T="undefined" />
	<Point X="236" Y="159" T="undefined" />
	<Point X="241" Y="168" T="undefined" />
	<Point X="244" Y="177" T="undefined" />
	<Point X="248" Y="189" T="undefined" />
	<Point X="254" Y="204" T="undefined" />
	<Point X="268" Y="223" T="undefined" />
	<Point X="278" Y="245" T="undefined" />
	<Point X="283" Y="263" T="undefined" />
	<Point X="287" Y="277" T="undefined" />
	<Point X="293" Y="294" T="undefined" />
	<Point X="295" Y="302" T="undefined" />
	<Point X="296" Y="307" T="undefined" />
	<Point X="297" Y="311" T="undefined" />
	<Point X="297" Y="313" T="undefined" />
	<Point X="298" Y="316" T="undefined" />
	<Point X="299" Y="319" T="undefined" />
	<Point X="299" Y="320" T="undefined" />
	<Point X="299" Y="320" T="undefined" />
</Gesture>