<?xml version="1.0" encoding="utf-8" standalone="yes"?>
<Gesture Name="Left Square Bracket1" NumPts="55">
	<Point X="254" Y="163" T="undefined" />
	<Point X="254" Y="163" T="undefined" />
	<Point X="254" Y="162" T="undefined" />
	<Point X="253" Y="162" T="undefined" />
	<Point X="249" Y="161" T="undefined" />
	<Point X="241" Y="158" T="undefined" />
	<Point X="230" Y="157" T="undefined" />
	<Point X="216" Y="155" T="undefined" />
	<Point X="198" Y="150" T="undefined" />
	<Point X="178" Y="147" T="undefined" />
	<Point X="155" Y="144" T="undefined" />
	<Point X="136" Y="142" T="undefined" />
	<Point X="124" Y="139" T="undefined" />
	<Point X="122" Y="139" T="undefined" />
	<Point X="121" Y="138" T="undefined" />
	<Point X="120" Y="138" T="undefined" />
	<Point X="120" Y="138" T="undefined" />
	<Point X="120" Y="139" T="undefined" />
	<Point X="120" Y="142" T="undefined" />
	<Point X="122" Y="147" T="undefined" />
	<Point X="125" Y="159" T="undefined" />
	<Point X="130" Y="174" T="undefined" />
	<Point X="136" Y="199" T="undefined" />
	<Point X="140" Y="219" T="undefined" />
	<Point X="144" Y="236" T="undefined" />
	<Point X="148" Y="255" T="undefined" />
	<Point X="156" Y="272" T="undefined" />
	<Point X="161" Y="289" T="undefined" />
	<Point X="165" Y="305" T="undefined" />
	<Point X="166" Y="321" T="undefined" />
	<Point X="168" Y="335" T="undefined" />
	<Point X="170" Y="349" T="undefined" />
	<Point X="175" Y="366" T="undefined" />
	<Point X="177" Y="374" T="undefined" />
	<Point X="180" Y="379" T="undefined" />
	<Point X="181" Y="388" T="undefined" />
	<Point X="184" Y="397" T="undefined" />
	<Point X="186" Y="402" T="undefined" />
	<Point X="188" Y="407" T="undefined" />
	<Point X="188" Y="409" T="undefined" />
	<Point X="188" Y="411" T="undefined" />
	<Point X="189" Y="412" T="undefined" />
	<Point X="189" Y="413" T="undefined" />
	<Point X="189" Y="413" T="undefined" />
	<Point X="189" Y="414" T="undefined" />
	<Point X="190" Y="415" T="undefined" />
	<Point X="191" Y="415" T="undefined" />
	<Point X="196" Y="417" T="undefined" />
	<Point X="217" Y="420" T="undefined" />
	<Point X="234" Y="422" T="undefined" />
	<Point X="256" Y="423" T="undefined" />
	<Point X="276" Y="424" T="undefined" />
	<Point X="293" Y="425" T="undefined" />
	<Point X="302" Y="426" T="undefined" />
	<Point X="304" Y="426" T="undefined" />
</Gesture>