<?xml version="1.0" encoding="utf-8" standalone="yes"?>
<Gesture Name="Left Square Bracket8" NumPts="74">
	<Point X="216" Y="187" T="undefined" />
	<Point X="215" Y="187" T="undefined" />
	<Point X="214" Y="187" T="undefined" />
	<Point X="213" Y="187" T="undefined" />
	<Point X="208" Y="190" T="undefined" />
	<Point X="204" Y="191" T="undefined" />
	<Point X="193" Y="192" T="undefined" />
	<Point X="184" Y="193" T="undefined" />
	<Point X="178" Y="193" T="undefined" />
	<Point X="174" Y="193" T="undefined" />
	<Point X="173" Y="193" T="undefined" />
	<Point X="171" Y="193" T="undefined" />
	<Point X="170" Y="193" T="undefined" />
	<Point X="168" Y="193" T="undefined" />
	<Point X="168" Y="193" T="undefined" />
	<Point X="167" Y="193" T="undefined" />
	<Point X="166" Y="193" T="undefined" />
	<Point X="165" Y="195" T="undefined" />
	<Point X="163" Y="197" T="undefined" />
	<Point X="162" Y="201" T="undefined" />
	<Point X="161" Y="206" T="undefined" />
	<Point X="160" Y="219" T="undefined" />
	<Point X="160" Y="223" T="undefined" />
	<Point X="161" Y="239" T="undefined" />
	<Point X="162" Y="251" T="undefined" />
	<Point X="166" Y="263" T="undefined" />
	<Point X="168" Y="276" T="undefined" />
	<Point X="171" Y="286" T="undefined" />
	<Point X="173" Y="295" T="undefined" />
	<Point X="176" Y="300" T="undefined" />
	<Point X="179" Y="309" T="undefined" />
	<Point X="180" Y="312" T="undefined" />
	<Point X="180" Y="315" T="undefined" />
	<Point X="180" Y="317" T="undefined" />
	<Point X="180" Y="320" T="undefined" />
	<Point X="180" Y="323" T="undefined" />
	<Point X="180" Y="325" T="undefined" />
	<Point X="178" Y="329" T="undefined" />
	<Point X="177" Y="332" T="undefined" />
	<Point X="176" Y="334" T="undefined" />
	<Point X="176" Y="337" T="undefined" />
	<Point X="176" Y="339" T="undefined" />
	<Point X="176" Y="342" T="undefined" />
	<Point X="176" Y="345" T="undefined" />
	<Point X="176" Y="347" T="undefined" />
	<Point X="176" Y="349" T="undefined" />
	<Point X="176" Y="351" T="undefined" />
	<Point X="175" Y="354" T="undefined" />
	<Point X="175" Y="357" T="undefined" />
	<Point X="174" Y="359" T="undefined" />
	<Point X="174" Y="361" T="undefined" />
	<Point X="174" Y="363" T="undefined" />
	<Point X="173" Y="365" T="undefined" />
	<Point X="172" Y="368" T="undefined" />
	<Point X="172" Y="372" T="undefined" />
	<Point X="172" Y="374" T="undefined" />
	<Point X="171" Y="376" T="undefined" />
	<Point X="171" Y="377" T="undefined" />
	<Point X="171" Y="378" T="undefined" />
	<Point X="170" Y="379" T="undefined" />
	<Point X="170" Y="379" T="undefined" />
	<Point X="170" Y="379" T="undefined" />
	<Point X="170" Y="380" T="undefined" />
	<Point X="170" Y="380" T="undefined" />
	<Point X="171" Y="381" T="undefined" />
	<Point X="173" Y="382" T="undefined" />
	<Point X="177" Y="385" T="undefined" />
	<Point X="185" Y="390" T="undefined" />
	<Point X="190" Y="393" T="undefined" />
	<Point X="194" Y="396" T="undefined" />
	<Point X="199" Y="399" T="undefined" />
	<Point X="211" Y="404" T="undefined" />
	<Point X="223" Y="410" T="undefined" />
	<Point X="234" Y="416" T="undefined" />
</Gesture>