<?xml version="1.0" encoding="utf-8" standalone="yes"?>
<Gesture Name="Left Square Bracket3" NumPts="53">
	<Point X="203" Y="145" T="undefined" />
	<Point X="202" Y="145" T="undefined" />
	<Point X="202" Y="145" T="undefined" />
	<Point X="201" Y="145" T="undefined" />
	<Point X="198" Y="145" T="undefined" />
	<Point X="190" Y="145" T="undefined" />
	<Point X="175" Y="143" T="undefined" />
	<Point X="159" Y="140" T="undefined" />
	<Point X="142" Y="136" T="undefined" />
	<Point X="131" Y="133" T="undefined" />
	<Point X="122" Y="133" T="undefined" />
	<Point X="118" Y="133" T="undefined" />
	<Point X="115" Y="133" T="undefined" />
	<Point X="114" Y="133" T="undefined" />
	<Point X="114" Y="133" T="undefined" />
	<Point X="114" Y="133" T="undefined" />
	<Point X="113" Y="134" T="undefined" />
	<Point X="112" Y="138" T="undefined" />
	<Point X="112" Y="142" T="undefined" />
	<Point X="112" Y="150" T="undefined" />
	<Point X="113" Y="163" T="undefined" />
	<Point X="116" Y="177" T="undefined" />
	<Point X="120" Y="194" T="undefined" />
	<Point X="123" Y="217" T="undefined" />
	<Point X="126" Y="237" T="undefined" />
	<Point X="130" Y="261" T="undefined" />
	<Point X="132" Y="275" T="undefined" />
	<Point X="135" Y="287" T="undefined" />
	<Point X="137" Y="297" T="undefined" />
	<Point X="138" Y="304" T="undefined" />
	<Point X="138" Y="309" T="undefined" />
	<Point X="138" Y="314" T="undefined" />
	<Point X="138" Y="318" T="undefined" />
	<Point X="138" Y="321" T="undefined" />
	<Point X="138" Y="323" T="undefined" />
	<Point X="138" Y="325" T="undefined" />
	<Point X="138" Y="327" T="undefined" />
	<Point X="138" Y="330" T="undefined" />
	<Point X="138" Y="332" T="undefined" />
	<Point X="138" Y="334" T="undefined" />
	<Point X="138" Y="335" T="undefined" />
	<Point X="138" Y="336" T="undefined" />
	<Point X="140" Y="337" T="undefined" />
	<Point X="143" Y="338" T="undefined" />
	<Point X="148" Y="339" T="undefined" />
	<Point X="157" Y="340" T="undefined" />
	<Point X="169" Y="342" T="undefined" />
	<Point X="183" Y="343" T="undefined" />
	<Point X="194" Y="345" T="undefined" />
	<Point X="200" Y="345" T="undefined" />
	<Point X="202" Y="345" T="undefined" />
	<Point X="203" Y="345" T="undefined" />
	<Point X="205" Y="345" T="undefined" />
</Gesture>