<?xml version="1.0" encoding="utf-8" standalone="yes"?>
<Gesture Name="Left Square Bracket5" NumPts="46">
	<Point X="216" Y="177" T="undefined" />
	<Point X="214" Y="176" T="undefined" />
	<Point X="210" Y="175" T="undefined" />
	<Point X="205" Y="174" T="undefined" />
	<Point X="194" Y="172" T="undefined" />
	<Point X="180" Y="169" T="undefined" />
	<Point X="164" Y="165" T="undefined" />
	<Point X="144" Y="162" T="undefined" />
	<Point X="130" Y="161" T="undefined" />
	<Point X="115" Y="161" T="undefined" />
	<Point X="101" Y="161" T="undefined" />
	<Point X="98" Y="161" T="undefined" />
	<Point X="97" Y="161" T="undefined" />
	<Point X="96" Y="161" T="undefined" />
	<Point X="96" Y="163" T="undefined" />
	<Point X="93" Y="169" T="undefined" />
	<Point X="90" Y="179" T="undefined" />
	<Point X="86" Y="191" T="undefined" />
	<Point X="84" Y="206" T="undefined" />
	<Point X="80" Y="223" T="undefined" />
	<Point X="78" Y="239" T="undefined" />
	<Point X="78" Y="261" T="undefined" />
	<Point X="78" Y="274" T="undefined" />
	<Point X="76" Y="285" T="undefined" />
	<Point X="76" Y="296" T="undefined" />
	<Point X="75" Y="305" T="undefined" />
	<Point X="74" Y="310" T="undefined" />
	<Point X="73" Y="312" T="undefined" />
	<Point X="73" Y="313" T="undefined" />
	<Point X="73" Y="315" T="undefined" />
	<Point X="72" Y="318" T="undefined" />
	<Point X="72" Y="319" T="undefined" />
	<Point X="72" Y="321" T="undefined" />
	<Point X="72" Y="322" T="undefined" />
	<Point X="72" Y="323" T="undefined" />
	<Point X="72" Y="324" T="undefined" />
	<Point X="72" Y="325" T="undefined" />
	<Point X="72" Y="326" T="undefined" />
	<Point X="72" Y="327" T="undefined" />
	<Point X="76" Y="329" T="undefined" />
	<Point X="91" Y="333" T="undefined" />
	<Point X="117" Y="337" T="undefined" />
	<Point X="200" Y="347" T="undefined" />
	<Point X="252" Y="353" T="undefined" />
	<Point X="287" Y="359" T="undefined" />
	<Point X="305" Y="362" T="undefined" />
</Gesture>