<?xml version="1.0" encoding="utf-8" standalone="yes"?>
<Gesture Name="Left Square Bracket9" NumPts="49">
	<Point X="263" Y="189" T="undefined" />
	<Point X="263" Y="189" T="undefined" />
	<Point X="263" Y="189" T="undefined" />
	<Point X="261" Y="188" T="undefined" />
	<Point X="252" Y="185" T="undefined" />
	<Point X="236" Y="181" T="undefined" />
	<Point X="216" Y="176" T="undefined" />
	<Point X="197" Y="172" T="undefined" />
	<Point X="179" Y="168" T="undefined" />
	<Point X="166" Y="164" T="undefined" />
	<Point X="158" Y="162" T="undefined" />
	<Point X="156" Y="162" T="undefined" />
	<Point X="155" Y="162" T="undefined" />
	<Point X="155" Y="162" T="undefined" />
	<Point X="155" Y="164" T="undefined" />
	<Point X="157" Y="171" T="undefined" />
	<Point X="162" Y="190" T="undefined" />
	<Point X="166" Y="204" T="undefined" />
	<Point X="170" Y="219" T="undefined" />
	<Point X="174" Y="236" T="undefined" />
	<Point X="178" Y="252" T="undefined" />
	<Point X="182" Y="269" T="undefined" />
	<Point X="184" Y="284" T="undefined" />
	<Point X="184" Y="300" T="undefined" />
	<Point X="185" Y="313" T="undefined" />
	<Point X="186" Y="330" T="undefined" />
	<Point X="188" Y="340" T="undefined" />
	<Point X="190" Y="347" T="undefined" />
	<Point X="191" Y="352" T="undefined" />
	<Point X="191" Y="355" T="undefined" />
	<Point X="191" Y="358" T="undefined" />
	<Point X="192" Y="362" T="undefined" />
	<Point X="192" Y="364" T="undefined" />
	<Point X="192" Y="366" T="undefined" />
	<Point X="192" Y="369" T="undefined" />
	<Point X="193" Y="370" T="undefined" />
	<Point X="193" Y="371" T="undefined" />
	<Point X="194" Y="373" T="undefined" />
	<Point X="196" Y="375" T="undefined" />
	<Point X="202" Y="377" T="undefined" />
	<Point X="222" Y="381" T="undefined" />
	<Point X="254" Y="385" T="undefined" />
	<Point X="290" Y="389" T="undefined" />
	<Point X="319" Y="395" T="undefined" />
	<Point X="336" Y="399" T="undefined" />
	<Point X="344" Y="399" T="undefined" />
	<Point X="347" Y="398" T="undefined" />
	<Point X="348" Y="397" T="undefined" />
	<Point X="351" Y="398" T="undefined" />
</Gesture>