<?xml version="1.0" encoding="utf-8" standalone="yes"?>
<Gesture Name="Left Square Bracket0" NumPts="47">
	<Point X="201" Y="141" T="undefined" />
	<Point X="200" Y="140" T="undefined" />
	<Point X="199" Y="140" T="undefined" />
	<Point X="198" Y="139" T="undefined" />
	<Point X="190" Y="137" T="undefined" />
	<Point X="174" Y="133" T="undefined" />
	<Point X="162" Y="130" T="undefined" />
	<Point X="145" Y="128" T="undefined" />
	<Point X="129" Y="124" T="undefined" />
	<Point X="115" Y="123" T="undefined" />
	<Point X="109" Y="122" T="undefined" />
	<Point X="105" Y="122" T="undefined" />
	<Point X="104" Y="122" T="undefined" />
	<Point X="104" Y="124" T="undefined" />
	<Point X="102" Y="126" T="undefined" />
	<Point X="102" Y="130" T="undefined" />
	<Point X="101" Y="135" T="undefined" />
	<Point X="101" Y="143" T="undefined" />
	<Point X="101" Y="154" T="undefined" />
	<Point X="106" Y="176" T="undefined" />
	<Point X="110" Y="194" T="undefined" />
	<Point X="114" Y="211" T="undefined" />
	<Point X="118" Y="227" T="undefined" />
	<Point X="122" Y="245" T="undefined" />
	<Point X="126" Y="271" T="undefined" />
	<Point X="132" Y="294" T="undefined" />
	<Point X="136" Y="309" T="undefined" />
	<Point X="142" Y="326" T="undefined" />
	<Point X="146" Y="337" T="undefined" />
	<Point X="148" Y="347" T="undefined" />
	<Point X="149" Y="355" T="undefined" />
	<Point X="151" Y="360" T="undefined" />
	<Point X="152" Y="366" T="undefined" />
	<Point X="152" Y="371" T="undefined" />
	<Point X="151" Y="374" T="undefined" />
	<Point X="150" Y="377" T="undefined" />
	<Point X="150" Y="379" T="undefined" />
	<Point X="150" Y="381" T="undefined" />
	<Point X="151" Y="383" T="undefined" />
	<Point X="152" Y="385" T="undefined" />
	<Point X="155" Y="387" T="undefined" />
	<Point X="161" Y="389" T="undefined" />
	<Point X="174" Y="393" T="undefined" />
	<Point X="201" Y="398" T="undefined" />
	<Point X="221" Y="400" T="undefined" />
	<Point X="237" Y="400" T="undefined" />
	<Point X="251" Y="400" T="undefined" />
</Gesture>