<?xml version="1.0" encoding="utf-8" standalone="yes"?>
<Gesture Name="Caret5" NumPts="23">
	<Point X="131" Y="234" T="undefined" />
	<Point X="131" Y="234" T="undefined" />
	<Point X="134" Y="228" T="undefined" />
	<Point X="159" Y="182" T="undefined" />
	<Point X="189" Y="128" T="undefined" />
	<Point X="202" Y="100" T="undefined" />
	<Point X="212" Y="85" T="undefined" />
	<Point X="214" Y="83" T="undefined" />
	<Point X="215" Y="82" T="undefined" />
	<Point X="217" Y="82" T="undefined" />
	<Point X="218" Y="82" T="undefined" />
	<Point X="218" Y="83" T="undefined" />
	<Point X="218" Y="84" T="undefined" />
	<Point X="218" Y="84" T="undefined" />
	<Point X="219" Y="86" T="undefined" />
	<Point X="221" Y="92" T="undefined" />
	<Point X="228" Y="108" T="undefined" />
	<Point X="248" Y="142" T="undefined" />
	<Point X="260" Y="164" T="undefined" />
	<Point X="270" Y="180" T="undefined" />
	<Point X="278" Y="190" T="undefined" />
	<Point X="280" Y="193" T="undefined" />
	<Point X="282" Y="196" T="undefined" />
</Gesture>