<?xml version="1.0" encoding="utf-8" standalone="yes"?>
<Gesture Name="Caret7" NumPts="16">
	<Point X="138" Y="284" T="undefined" />
	<Point X="148" Y="271" T="undefined" />
	<Point X="184" Y="221" T="undefined" />
	<Point X="198" Y="194" T="undefined" />
	<Point X="206" Y="170" T="undefined" />
	<Point X="210" Y="160" T="undefined" />
	<Point X="212" Y="154" T="undefined" />
	<Point X="212" Y="150" T="undefined" />
	<Point X="213" Y="149" T="undefined" />
	<Point X="214" Y="149" T="undefined" />
	<Point X="216" Y="152" T="undefined" />
	<Point X="218" Y="158" T="undefined" />
	<Point X="230" Y="178" T="undefined" />
	<Point X="242" Y="202" T="undefined" />
	<Point X="254" Y="226" T="undefined" />
	<Point X="258" Y="245" T="undefined" />
</Gesture>