<?xml version="1.0" encoding="utf-8" standalone="yes"?>
<Gesture Name="Caret3" NumPts="31">
	<Point X="75" Y="298" T="undefined" />
	<Point X="76" Y="297" T="undefined" />
	<Point X="90" Y="284" T="undefined" />
	<Point X="112" Y="261" T="undefined" />
	<Point X="138" Y="235" T="undefined" />
	<Point X="161" Y="208" T="undefined" />
	<Point X="178" Y="188" T="undefined" />
	<Point X="190" Y="174" T="undefined" />
	<Point X="196" Y="166" T="undefined" />
	<Point X="200" Y="161" T="undefined" />
	<Point X="202" Y="159" T="undefined" />
	<Point X="202" Y="158" T="undefined" />
	<Point X="203" Y="156" T="undefined" />
	<Point X="204" Y="155" T="undefined" />
	<Point X="204" Y="155" T="undefined" />
	<Point X="204" Y="154" T="undefined" />
	<Point X="206" Y="153" T="undefined" />
	<Point X="206" Y="153" T="undefined" />
	<Point X="207" Y="153" T="undefined" />
	<Point X="208" Y="155" T="undefined" />
	<Point X="208" Y="158" T="undefined" />
	<Point X="209" Y="164" T="undefined" />
	<Point X="214" Y="218" T="undefined" />
	<Point X="222" Y="264" T="undefined" />
	<Point X="229" Y="299" T="undefined" />
	<Point X="235" Y="320" T="undefined" />
	<Point X="240" Y="338" T="undefined" />
	<Point X="243" Y="348" T="undefined" />
	<Point X="245" Y="354" T="undefined" />
	<Point X="246" Y="356" T="undefined" />
	<Point X="246" Y="356" T="undefined" />
</Gesture>