<?xml version="1.0" encoding="utf-8" standalone="yes"?>
<Gesture Name="Caret0" NumPts="29">
	<Point X="76" Y="348" T="undefined" />
	<Point X="76" Y="348" T="undefined" />
	<Point X="85" Y="324" T="undefined" />
	<Point X="122" Y="237" T="undefined" />
	<Point X="146" Y="185" T="undefined" />
	<Point X="167" Y="146" T="undefined" />
	<Point X="177" Y="128" T="undefined" />
	<Point X="184" Y="116" T="undefined" />
	<Point X="191" Y="103" T="undefined" />
	<Point X="193" Y="99" T="undefined" />
	<Point X="194" Y="97" T="undefined" />
	<Point X="195" Y="96" T="undefined" />
	<Point X="196" Y="96" T="undefined" />
	<Point X="196" Y="96" T="undefined" />
	<Point X="197" Y="96" T="undefined" />
	<Point X="198" Y="96" T="undefined" />
	<Point X="199" Y="96" T="undefined" />
	<Point X="201" Y="96" T="undefined" />
	<Point X="206" Y="100" T="undefined" />
	<Point X="232" Y="139" T="undefined" />
	<Point X="278" Y="222" T="undefined" />
	<Point X="317" Y="289" T="undefined" />
	<Point X="342" Y="330" T="undefined" />
	<Point X="352" Y="348" T="undefined" />
	<Point X="360" Y="360" T="undefined" />
	<Point X="368" Y="372" T="undefined" />
	<Point X="371" Y="377" T="undefined" />
	<Point X="376" Y="384" T="undefined" />
	<Point X="376" Y="386" T="undefined" />
</Gesture>