<?xml version="1.0" encoding="utf-8" standalone="yes"?>
<Gesture Name="Caret2" NumPts="29">
	<Point X="72" Y="276" T="undefined" />
	<Point X="73" Y="275" T="undefined" />
	<Point X="77" Y="268" T="undefined" />
	<Point X="101" Y="242" T="undefined" />
	<Point X="148" Y="187" T="undefined" />
	<Point X="189" Y="144" T="undefined" />
	<Point X="215" Y="114" T="undefined" />
	<Point X="230" Y="96" T="undefined" />
	<Point X="238" Y="84" T="undefined" />
	<Point X="243" Y="78" T="undefined" />
	<Point X="246" Y="73" T="undefined" />
	<Point X="248" Y="70" T="undefined" />
	<Point X="248" Y="68" T="undefined" />
	<Point X="249" Y="66" T="undefined" />
	<Point X="250" Y="65" T="undefined" />
	<Point X="250" Y="64" T="undefined" />
	<Point X="252" Y="64" T="undefined" />
	<Point X="252" Y="63" T="undefined" />
	<Point X="254" Y="64" T="undefined" />
	<Point X="257" Y="70" T="undefined" />
	<Point X="266" Y="97" T="undefined" />
	<Point X="292" Y="204" T="undefined" />
	<Point X="304" Y="255" T="undefined" />
	<Point X="310" Y="276" T="undefined" />
	<Point X="315" Y="287" T="undefined" />
	<Point X="316" Y="292" T="undefined" />
	<Point X="317" Y="293" T="undefined" />
	<Point X="318" Y="294" T="undefined" />
	<Point X="318" Y="293" T="undefined" />
</Gesture>