<?xml version="1.0" encoding="utf-8" standalone="yes"?>
<Gesture Name="Circle9" NumPts="61">
	<Point X="212" Y="156" T="undefined" />
	<Point X="206" Y="156" T="undefined" />
	<Point X="178" Y="156" T="undefined" />
	<Point X="146" Y="162" T="undefined" />
	<Point X="113" Y="171" T="undefined" />
	<Point X="100" Y="176" T="undefined" />
	<Point X="94" Y="180" T="undefined" />
	<Point X="88" Y="184" T="undefined" />
	<Point X="86" Y="187" T="undefined" />
	<Point X="84" Y="190" T="undefined" />
	<Point X="81" Y="199" T="undefined" />
	<Point X="78" Y="208" T="undefined" />
	<Point X="75" Y="219" T="undefined" />
	<Point X="72" Y="234" T="undefined" />
	<Point X="72" Y="248" T="undefined" />
	<Point X="76" Y="262" T="undefined" />
	<Point X="88" Y="292" T="undefined" />
	<Point X="102" Y="311" T="undefined" />
	<Point X="128" Y="338" T="undefined" />
	<Point X="146" Y="352" T="undefined" />
	<Point X="168" Y="364" T="undefined" />
	<Point X="196" Y="374" T="undefined" />
	<Point X="213" Y="378" T="undefined" />
	<Point X="223" Y="379" T="undefined" />
	<Point X="242" Y="380" T="undefined" />
	<Point X="255" Y="378" T="undefined" />
	<Point X="269" Y="373" T="undefined" />
	<Point X="292" Y="362" T="undefined" />
	<Point X="303" Y="353" T="undefined" />
	<Point X="322" Y="330" T="undefined" />
	<Point X="332" Y="309" T="undefined" />
	<Point X="340" Y="286" T="undefined" />
	<Point X="345" Y="250" T="undefined" />
	<Point X="345" Y="226" T="undefined" />
	<Point X="340" Y="200" T="undefined" />
	<Point X="335" Y="187" T="undefined" />
	<Point X="330" Y="178" T="undefined" />
	<Point X="316" Y="164" T="undefined" />
	<Point X="306" Y="157" T="undefined" />
	<Point X="295" Y="149" T="undefined" />
	<Point X="278" Y="141" T="undefined" />
	<Point X="269" Y="137" T="undefined" />
	<Point X="259" Y="135" T="undefined" />
	<Point X="242" Y="132" T="undefined" />
	<Point X="233" Y="132" T="undefined" />
	<Point X="225" Y="132" T="undefined" />
	<Point X="212" Y="133" T="undefined" />
	<Point X="206" Y="134" T="undefined" />
	<Point X="201" Y="136" T="undefined" />
	<Point X="194" Y="139" T="undefined" />
	<Point X="190" Y="142" T="undefined" />
	<Point X="185" Y="144" T="undefined" />
	<Point X="182" Y="145" T="undefined" />
	<Point X="180" Y="146" T="undefined" />
	<Point X="178" Y="148" T="undefined" />
	<Point X="176" Y="148" T="undefined" />
	<Point X="175" Y="149" T="undefined" />
	<Point X="175" Y="150" T="undefined" />
	<Point X="174" Y="150" T="undefined" />
	<Point X="174" Y="151" T="undefined" />
	<Point X="175" Y="152" T="undefined" />
</Gesture>