<?xml version="1.0" encoding="utf-8" standalone="yes"?>
<Gesture Name="Circle7" NumPts="24">
	<Point X="251" Y="160" T="undefined" />
	<Point X="236" Y="168" T="undefined" />
	<Point X="216" Y="182" T="undefined" />
	<Point X="173" Y="218" T="undefined" />
	<Point X="160" Y="236" T="undefined" />
	<Point X="154" Y="253" T="undefined" />
	<Point X="155" Y="274" T="undefined" />
	<Point X="162" Y="287" T="undefined" />
	<Point X="180" Y="301" T="undefined" />
	<Point X="260" Y="320" T="undefined" />
	<Point X="340" Y="318" T="undefined" />
	<Point X="424" Y="300" T="undefined" />
	<Point X="441" Y="288" T="undefined" />
	<Point X="448" Y="276" T="undefined" />
	<Point X="447" Y="250" T="undefined" />
	<Point X="436" Y="220" T="undefined" />
	<Point X="417" Y="191" T="undefined" />
	<Point X="374" Y="161" T="undefined" />
	<Point X="343" Y="151" T="undefined" />
	<Point X="303" Y="150" T="undefined" />
	<Point X="286" Y="155" T="undefined" />
	<Point X="280" Y="159" T="undefined" />
	<Point X="276" Y="163" T="undefined" />
	<Point X="276" Y="166" T="undefined" />
</Gesture>