<?xml version="1.0" encoding="utf-8" standalone="yes"?>
<Gesture Name="Circle4" NumPts="50">
	<Point X="214" Y="136" T="undefined" />
	<Point X="212" Y="136" T="undefined" />
	<Point X="207" Y="136" T="undefined" />
	<Point X="186" Y="140" T="undefined" />
	<Point X="156" Y="148" T="undefined" />
	<Point X="128" Y="158" T="undefined" />
	<Point X="105" Y="168" T="undefined" />
	<Point X="85" Y="178" T="undefined" />
	<Point X="70" Y="186" T="undefined" />
	<Point X="64" Y="192" T="undefined" />
	<Point X="59" Y="196" T="undefined" />
	<Point X="58" Y="202" T="undefined" />
	<Point X="56" Y="209" T="undefined" />
	<Point X="55" Y="216" T="undefined" />
	<Point X="55" Y="230" T="undefined" />
	<Point X="60" Y="243" T="undefined" />
	<Point X="73" Y="269" T="undefined" />
	<Point X="88" Y="288" T="undefined" />
	<Point X="105" Y="305" T="undefined" />
	<Point X="139" Y="324" T="undefined" />
	<Point X="166" Y="332" T="undefined" />
	<Point X="190" Y="338" T="undefined" />
	<Point X="233" Y="338" T="undefined" />
	<Point X="250" Y="334" T="undefined" />
	<Point X="259" Y="332" T="undefined" />
	<Point X="268" Y="326" T="undefined" />
	<Point X="274" Y="319" T="undefined" />
	<Point X="285" Y="299" T="undefined" />
	<Point X="292" Y="274" T="undefined" />
	<Point X="296" Y="253" T="undefined" />
	<Point X="298" Y="226" T="undefined" />
	<Point X="298" Y="210" T="undefined" />
	<Point X="295" Y="199" T="undefined" />
	<Point X="286" Y="184" T="undefined" />
	<Point X="280" Y="176" T="undefined" />
	<Point X="273" Y="167" T="undefined" />
	<Point X="265" Y="158" T="undefined" />
	<Point X="262" Y="154" T="undefined" />
	<Point X="259" Y="150" T="undefined" />
	<Point X="253" Y="146" T="undefined" />
	<Point X="248" Y="141" T="undefined" />
	<Point X="240" Y="136" T="undefined" />
	<Point X="235" Y="135" T="undefined" />
	<Point X="230" Y="133" T="undefined" />
	<Point X="222" Y="130" T="undefined" />
	<Point X="218" Y="130" T="undefined" />
	<Point X="215" Y="129" T="undefined" />
	<Point X="212" Y="127" T="undefined" />
	<Point X="210" Y="127" T="undefined" />
	<Point X="209" Y="127" T="undefined" />
</Gesture>