<?xml version="1.0" encoding="utf-8" standalone="yes"?>
<Gesture Name="Circle5" NumPts="53">
	<Point X="222" Y="154" T="undefined" />
	<Point X="214" Y="159" T="undefined" />
	<Point X="200" Y="172" T="undefined" />
	<Point X="168" Y="205" T="undefined" />
	<Point X="147" Y="232" T="undefined" />
	<Point X="136" Y="254" T="undefined" />
	<Point X="130" Y="280" T="undefined" />
	<Point X="131" Y="294" T="undefined" />
	<Point X="137" Y="315" T="undefined" />
	<Point X="146" Y="328" T="undefined" />
	<Point X="158" Y="338" T="undefined" />
	<Point X="183" Y="356" T="undefined" />
	<Point X="205" Y="366" T="undefined" />
	<Point X="226" Y="375" T="undefined" />
	<Point X="258" Y="382" T="undefined" />
	<Point X="277" Y="384" T="undefined" />
	<Point X="297" Y="382" T="undefined" />
	<Point X="327" Y="374" T="undefined" />
	<Point X="344" Y="366" T="undefined" />
	<Point X="352" Y="358" T="undefined" />
	<Point X="365" Y="342" T="undefined" />
	<Point X="372" Y="323" T="undefined" />
	<Point X="378" Y="287" T="undefined" />
	<Point X="378" Y="262" T="undefined" />
	<Point X="376" Y="240" T="undefined" />
	<Point X="370" Y="221" T="undefined" />
	<Point X="365" Y="212" T="undefined" />
	<Point X="361" Y="204" T="undefined" />
	<Point X="353" Y="193" T="undefined" />
	<Point X="348" Y="188" T="undefined" />
	<Point X="338" Y="180" T="undefined" />
	<Point X="330" Y="174" T="undefined" />
	<Point X="323" Y="172" T="undefined" />
	<Point X="310" Y="167" T="undefined" />
	<Point X="302" Y="166" T="undefined" />
	<Point X="293" Y="165" T="undefined" />
	<Point X="279" Y="166" T="undefined" />
	<Point X="269" Y="168" T="undefined" />
	<Point X="258" Y="168" T="undefined" />
	<Point X="248" Y="169" T="undefined" />
	<Point X="242" Y="169" T="undefined" />
	<Point X="235" Y="167" T="undefined" />
	<Point X="230" Y="166" T="undefined" />
	<Point X="226" Y="164" T="undefined" />
	<Point X="220" Y="164" T="undefined" />
	<Point X="218" Y="163" T="undefined" />
	<Point X="216" Y="163" T="undefined" />
	<Point X="213" Y="163" T="undefined" />
	<Point X="211" Y="162" T="undefined" />
	<Point X="210" Y="162" T="undefined" />
	<Point X="208" Y="162" T="undefined" />
	<Point X="208" Y="162" T="undefined" />
	<Point X="207" Y="161" T="undefined" />
</Gesture>