<?xml version="1.0" encoding="utf-8" standalone="yes"?>
<Gesture Name="Circle3" NumPts="37">
	<Point X="224" Y="144" T="undefined" />
	<Point X="222" Y="144" T="undefined" />
	<Point X="216" Y="144" T="undefined" />
	<Point X="207" Y="147" T="undefined" />
	<Point X="184" Y="157" T="undefined" />
	<Point X="134" Y="186" T="undefined" />
	<Point X="119" Y="197" T="undefined" />
	<Point X="86" Y="232" T="undefined" />
	<Point X="72" Y="251" T="undefined" />
	<Point X="64" Y="267" T="undefined" />
	<Point X="62" Y="283" T="undefined" />
	<Point X="62" Y="296" T="undefined" />
	<Point X="64" Y="313" T="undefined" />
	<Point X="71" Y="328" T="undefined" />
	<Point X="85" Y="345" T="undefined" />
	<Point X="110" Y="364" T="undefined" />
	<Point X="158" Y="380" T="undefined" />
	<Point X="178" Y="383" T="undefined" />
	<Point X="240" Y="379" T="undefined" />
	<Point X="272" Y="370" T="undefined" />
	<Point X="294" Y="356" T="undefined" />
	<Point X="309" Y="337" T="undefined" />
	<Point X="322" Y="314" T="undefined" />
	<Point X="330" Y="286" T="undefined" />
	<Point X="332" Y="258" T="undefined" />
	<Point X="331" Y="234" T="undefined" />
	<Point X="318" Y="204" T="undefined" />
	<Point X="307" Y="190" T="undefined" />
	<Point X="291" Y="176" T="undefined" />
	<Point X="270" Y="166" T="undefined" />
	<Point X="249" Y="158" T="undefined" />
	<Point X="226" Y="154" T="undefined" />
	<Point X="205" Y="154" T="undefined" />
	<Point X="190" Y="154" T="undefined" />
	<Point X="184" Y="154" T="undefined" />
	<Point X="179" Y="154" T="undefined" />
	<Point X="177" Y="154" T="undefined" />
</Gesture>