<?xml version="1.0" encoding="utf-8" standalone="yes"?>
<Gesture Name="Circle1" NumPts="31">
	<Point X="241" Y="168" T="undefined" />
	<Point X="235" Y="175" T="undefined" />
	<Point X="228" Y="186" T="undefined" />
	<Point X="212" Y="225" T="undefined" />
	<Point X="210" Y="243" T="undefined" />
	<Point X="212" Y="258" T="undefined" />
	<Point X="222" Y="276" T="undefined" />
	<Point X="233" Y="290" T="undefined" />
	<Point X="256" Y="308" T="undefined" />
	<Point X="281" Y="317" T="undefined" />
	<Point X="310" Y="324" T="undefined" />
	<Point X="339" Y="324" T="undefined" />
	<Point X="376" Y="317" T="undefined" />
	<Point X="386" Y="312" T="undefined" />
	<Point X="394" Y="300" T="undefined" />
	<Point X="398" Y="286" T="undefined" />
	<Point X="398" Y="266" T="undefined" />
	<Point X="390" Y="226" T="undefined" />
	<Point X="380" Y="202" T="undefined" />
	<Point X="358" Y="171" T="undefined" />
	<Point X="344" Y="159" T="undefined" />
	<Point X="335" Y="154" T="undefined" />
	<Point X="324" Y="149" T="undefined" />
	<Point X="316" Y="149" T="undefined" />
	<Point X="306" Y="149" T="undefined" />
	<Point X="290" Y="154" T="undefined" />
	<Point X="279" Y="159" T="undefined" />
	<Point X="270" Y="164" T="undefined" />
	<Point X="264" Y="170" T="undefined" />
	<Point X="261" Y="173" T="undefined" />
	<Point X="260" Y="176" T="undefined" />
</Gesture>