<?xml version="1.0" encoding="utf-8" standalone="yes"?>
<Gesture Name="Circle8" NumPts="28">
	<Point X="202" Y="156" T="undefined" />
	<Point X="198" Y="158" T="undefined" />
	<Point X="192" Y="161" T="undefined" />
	<Point X="183" Y="166" T="undefined" />
	<Point X="148" Y="191" T="undefined" />
	<Point X="126" Y="212" T="undefined" />
	<Point X="104" Y="240" T="undefined" />
	<Point X="97" Y="255" T="undefined" />
	<Point X="95" Y="265" T="undefined" />
	<Point X="96" Y="279" T="undefined" />
	<Point X="103" Y="290" T="undefined" />
	<Point X="130" Y="312" T="undefined" />
	<Point X="168" Y="328" T="undefined" />
	<Point X="222" Y="339" T="undefined" />
	<Point X="312" Y="338" T="undefined" />
	<Point X="370" Y="325" T="undefined" />
	<Point X="400" Y="310" T="undefined" />
	<Point X="414" Y="286" T="undefined" />
	<Point X="416" Y="268" T="undefined" />
	<Point X="414" Y="236" T="undefined" />
	<Point X="398" Y="188" T="undefined" />
	<Point X="379" Y="164" T="undefined" />
	<Point X="358" Y="148" T="undefined" />
	<Point X="324" Y="142" T="undefined" />
	<Point X="300" Y="144" T="undefined" />
	<Point X="274" Y="152" T="undefined" />
	<Point X="266" Y="156" T="undefined" />
	<Point X="264" Y="158" T="undefined" />
</Gesture>