<?xml version="1.0" encoding="utf-8" standalone="yes"?>
<Gesture Name="Delete2" NumPts="36">
	<Point X="187" Y="150" T="undefined" />
	<Point X="188" Y="152" T="undefined" />
	<Point X="189" Y="156" T="undefined" />
	<Point X="198" Y="178" T="undefined" />
	<Point X="214" Y="226" T="undefined" />
	<Point X="238" Y="296" T="undefined" />
	<Point X="266" Y="362" T="undefined" />
	<Point X="277" Y="386" T="undefined" />
	<Point X="281" Y="394" T="undefined" />
	<Point X="282" Y="396" T="undefined" />
	<Point X="283" Y="397" T="undefined" />
	<Point X="283" Y="398" T="undefined" />
	<Point X="284" Y="398" T="undefined" />
	<Point X="283" Y="398" T="undefined" />
	<Point X="282" Y="398" T="undefined" />
	<Point X="274" Y="397" T="undefined" />
	<Point X="247" Y="397" T="undefined" />
	<Point X="178" Y="402" T="undefined" />
	<Point X="119" Y="409" T="undefined" />
	<Point X="95" Y="412" T="undefined" />
	<Point X="85" Y="412" T="undefined" />
	<Point X="82" Y="412" T="undefined" />
	<Point X="80" Y="412" T="undefined" />
	<Point X="80" Y="412" T="undefined" />
	<Point X="80" Y="411" T="undefined" />
	<Point X="80" Y="410" T="undefined" />
	<Point X="80" Y="409" T="undefined" />
	<Point X="84" Y="405" T="undefined" />
	<Point X="91" Y="396" T="undefined" />
	<Point X="120" Y="359" T="undefined" />
	<Point X="165" Y="302" T="undefined" />
	<Point X="219" Y="234" T="undefined" />
	<Point X="238" Y="208" T="undefined" />
	<Point X="244" Y="201" T="undefined" />
	<Point X="246" Y="199" T="undefined" />
	<Point X="246" Y="198" T="undefined" />
</Gesture>