<?xml version="1.0" encoding="utf-8" standalone="yes"?>
<Gesture Name="Delete9" NumPts="33">
	<Point X="263" Y="242" T="undefined" />
	<Point X="272" Y="255" T="undefined" />
	<Point X="338" Y="364" T="undefined" />
	<Point X="370" Y="411" T="undefined" />
	<Point X="380" Y="426" T="undefined" />
	<Point X="386" Y="434" T="undefined" />
	<Point X="388" Y="436" T="undefined" />
	<Point X="388" Y="436" T="undefined" />
	<Point X="389" Y="436" T="undefined" />
	<Point X="390" Y="436" T="undefined" />
	<Point X="390" Y="437" T="undefined" />
	<Point X="389" Y="437" T="undefined" />
	<Point X="388" Y="437" T="undefined" />
	<Point X="378" Y="436" T="undefined" />
	<Point X="353" Y="435" T="undefined" />
	<Point X="313" Y="432" T="undefined" />
	<Point X="260" Y="428" T="undefined" />
	<Point X="244" Y="426" T="undefined" />
	<Point X="236" Y="425" T="undefined" />
	<Point X="232" Y="424" T="undefined" />
	<Point X="231" Y="424" T="undefined" />
	<Point X="230" Y="424" T="undefined" />
	<Point X="230" Y="422" T="undefined" />
	<Point X="232" Y="420" T="undefined" />
	<Point X="244" Y="411" T="undefined" />
	<Point X="292" Y="370" T="undefined" />
	<Point X="318" Y="344" T="undefined" />
	<Point X="338" Y="321" T="undefined" />
	<Point X="358" Y="300" T="undefined" />
	<Point X="364" Y="294" T="undefined" />
	<Point X="365" Y="292" T="undefined" />
	<Point X="366" Y="291" T="undefined" />
	<Point X="367" Y="290" T="undefined" />
</Gesture>