<?xml version="1.0" encoding="utf-8" standalone="yes"?>
<Gesture Name="Check4" NumPts="34">
	<Point X="112" Y="313" T="undefined" />
	<Point X="112" Y="313" T="undefined" />
	<Point X="112" Y="313" T="undefined" />
	<Point X="115" Y="312" T="undefined" />
	<Point X="118" Y="311" T="undefined" />
	<Point X="121" Y="311" T="undefined" />
	<Point X="124" Y="311" T="undefined" />
	<Point X="126" Y="311" T="undefined" />
	<Point X="129" Y="312" T="undefined" />
	<Point X="132" Y="315" T="undefined" />
	<Point X="139" Y="319" T="undefined" />
	<Point X="147" Y="324" T="undefined" />
	<Point X="157" Y="331" T="undefined" />
	<Point X="164" Y="337" T="undefined" />
	<Point X="168" Y="341" T="undefined" />
	<Point X="170" Y="347" T="undefined" />
	<Point X="174" Y="352" T="undefined" />
	<Point X="178" Y="357" T="undefined" />
	<Point X="181" Y="360" T="undefined" />
	<Point X="183" Y="363" T="undefined" />
	<Point X="184" Y="365" T="undefined" />
	<Point X="184" Y="366" T="undefined" />
	<Point X="184" Y="366" T="undefined" />
	<Point X="184" Y="363" T="undefined" />
	<Point X="184" Y="353" T="undefined" />
	<Point X="188" Y="327" T="undefined" />
	<Point X="192" Y="308" T="undefined" />
	<Point X="195" Y="286" T="undefined" />
	<Point X="200" Y="261" T="undefined" />
	<Point X="208" Y="233" T="undefined" />
	<Point X="221" Y="208" T="undefined" />
	<Point X="236" Y="191" T="undefined" />
	<Point X="258" Y="176" T="undefined" />
	<Point X="298" Y="164" T="undefined" />
</Gesture>