<?xml version="1.0" encoding="utf-8" standalone="yes"?>
<Gesture Name="Check5" NumPts="49">
	<Point X="95" Y="345" T="undefined" />
	<Point X="95" Y="344" T="undefined" />
	<Point X="95" Y="344" T="undefined" />
	<Point X="95" Y="341" T="undefined" />
	<Point X="95" Y="339" T="undefined" />
	<Point X="96" Y="336" T="undefined" />
	<Point X="99" Y="334" T="undefined" />
	<Point X="102" Y="332" T="undefined" />
	<Point X="104" Y="331" T="undefined" />
	<Point X="108" Y="330" T="undefined" />
	<Point X="111" Y="330" T="undefined" />
	<Point X="114" Y="331" T="undefined" />
	<Point X="116" Y="333" T="undefined" />
	<Point X="119" Y="335" T="undefined" />
	<Point X="123" Y="339" T="undefined" />
	<Point X="128" Y="341" T="undefined" />
	<Point X="132" Y="346" T="undefined" />
	<Point X="134" Y="348" T="undefined" />
	<Point X="136" Y="350" T="undefined" />
	<Point X="138" Y="353" T="undefined" />
	<Point X="140" Y="354" T="undefined" />
	<Point X="140" Y="355" T="undefined" />
	<Point X="141" Y="357" T="undefined" />
	<Point X="142" Y="358" T="undefined" />
	<Point X="142" Y="359" T="undefined" />
	<Point X="142" Y="360" T="undefined" />
	<Point X="143" Y="361" T="undefined" />
	<Point X="144" Y="362" T="undefined" />
	<Point X="144" Y="363" T="undefined" />
	<Point X="145" Y="364" T="undefined" />
	<Point X="145" Y="365" T="undefined" />
	<Point X="145" Y="365" T="undefined" />
	<Point X="146" Y="365" T="undefined" />
	<Point X="149" Y="358" T="undefined" />
	<Point X="152" Y="346" T="undefined" />
	<Point X="156" Y="333" T="undefined" />
	<Point X="160" Y="318" T="undefined" />
	<Point X="164" Y="302" T="undefined" />
	<Point X="169" Y="285" T="undefined" />
	<Point X="175" Y="271" T="undefined" />
	<Point X="182" Y="259" T="undefined" />
	<Point X="195" Y="242" T="undefined" />
	<Point X="202" Y="232" T="undefined" />
	<Point X="208" Y="223" T="undefined" />
	<Point X="213" Y="215" T="undefined" />
	<Point X="216" Y="209" T="undefined" />
	<Point X="219" Y="206" T="undefined" />
	<Point X="222" Y="203" T="undefined" />
	<Point X="223" Y="202" T="undefined" />
</Gesture>