<?xml version="1.0" encoding="utf-8" standalone="yes"?>
<Gesture Name="Check8" NumPts="25">
	<Point X="132" Y="306" T="undefined" />
	<Point X="140" Y="305" T="undefined" />
	<Point X="152" Y="308" T="undefined" />
	<Point X="170" Y="312" T="undefined" />
	<Point X="191" Y="317" T="undefined" />
	<Point X="207" Y="322" T="undefined" />
	<Point X="220" Y="327" T="undefined" />
	<Point X="231" Y="333" T="undefined" />
	<Point X="237" Y="339" T="undefined" />
	<Point X="242" Y="347" T="undefined" />
	<Point X="244" Y="351" T="undefined" />
	<Point X="245" Y="353" T="undefined" />
	<Point X="246" Y="353" T="undefined" />
	<Point X="246" Y="353" T="undefined" />
	<Point X="248" Y="349" T="undefined" />
	<Point X="253" Y="334" T="undefined" />
	<Point X="264" Y="312" T="undefined" />
	<Point X="281" Y="279" T="undefined" />
	<Point X="317" Y="225" T="undefined" />
	<Point X="326" Y="215" T="undefined" />
	<Point X="353" Y="191" T="undefined" />
	<Point X="386" Y="175" T="undefined" />
	<Point X="432" Y="157" T="undefined" />
	<Point X="462" Y="150" T="undefined" />
	<Point X="488" Y="145" T="undefined" />
</Gesture>