<?xml version="1.0" encoding="utf-8" standalone="yes"?>
<Gesture Name="ZigZag5" NumPts="47">
	<Point X="64" Y="250" T="undefined" />
	<Point X="66" Y="245" T="undefined" />
	<Point X="86" Y="222" T="undefined" />
	<Point X="111" Y="192" T="undefined" />
	<Point X="129" Y="172" T="undefined" />
	<Point X="135" Y="165" T="undefined" />
	<Point X="140" Y="159" T="undefined" />
	<Point X="142" Y="156" T="undefined" />
	<Point X="144" Y="154" T="undefined" />
	<Point X="146" Y="152" T="undefined" />
	<Point X="148" Y="152" T="undefined" />
	<Point X="150" Y="156" T="undefined" />
	<Point X="150" Y="184" T="undefined" />
	<Point X="142" Y="250" T="undefined" />
	<Point X="136" Y="294" T="undefined" />
	<Point X="131" Y="320" T="undefined" />
	<Point X="131" Y="324" T="undefined" />
	<Point X="131" Y="326" T="undefined" />
	<Point X="132" Y="326" T="undefined" />
	<Point X="133" Y="324" T="undefined" />
	<Point X="142" Y="310" T="undefined" />
	<Point X="177" Y="259" T="undefined" />
	<Point X="220" Y="194" T="undefined" />
	<Point X="243" Y="160" T="undefined" />
	<Point X="246" Y="153" T="undefined" />
	<Point X="249" Y="150" T="undefined" />
	<Point X="250" Y="150" T="undefined" />
	<Point X="250" Y="150" T="undefined" />
	<Point X="250" Y="150" T="undefined" />
	<Point X="250" Y="151" T="undefined" />
	<Point X="250" Y="157" T="undefined" />
	<Point X="250" Y="166" T="undefined" />
	<Point X="246" Y="194" T="undefined" />
	<Point X="234" Y="245" T="undefined" />
	<Point X="231" Y="264" T="undefined" />
	<Point X="228" Y="275" T="undefined" />
	<Point X="226" Y="287" T="undefined" />
	<Point X="226" Y="294" T="undefined" />
	<Point X="226" Y="300" T="undefined" />
	<Point X="228" Y="308" T="undefined" />
	<Point X="228" Y="310" T="undefined" />
	<Point X="232" Y="310" T="undefined" />
	<Point X="244" Y="302" T="undefined" />
	<Point X="285" Y="249" T="undefined" />
	<Point X="345" Y="158" T="undefined" />
	<Point X="355" Y="141" T="undefined" />
	<Point X="358" Y="136" T="undefined" />
</Gesture>