<?xml version="1.0" encoding="utf-8" standalone="yes"?>
<Gesture Name="ZigZag2" NumPts="68">
	<Point X="92" Y="343" T="undefined" />
	<Point X="92" Y="342" T="undefined" />
	<Point X="94" Y="339" T="undefined" />
	<Point X="97" Y="335" T="undefined" />
	<Point X="104" Y="324" T="undefined" />
	<Point X="119" Y="304" T="undefined" />
	<Point X="133" Y="286" T="undefined" />
	<Point X="147" Y="268" T="undefined" />
	<Point X="158" Y="256" T="undefined" />
	<Point X="164" Y="250" T="undefined" />
	<Point X="168" Y="246" T="undefined" />
	<Point X="170" Y="244" T="undefined" />
	<Point X="172" Y="242" T="undefined" />
	<Point X="173" Y="242" T="undefined" />
	<Point X="175" Y="242" T="undefined" />
	<Point X="178" Y="247" T="undefined" />
	<Point X="179" Y="254" T="undefined" />
	<Point X="181" Y="264" T="undefined" />
	<Point X="181" Y="275" T="undefined" />
	<Point X="182" Y="288" T="undefined" />
	<Point X="184" Y="302" T="undefined" />
	<Point X="186" Y="314" T="undefined" />
	<Point X="188" Y="322" T="undefined" />
	<Point X="189" Y="328" T="undefined" />
	<Point X="192" Y="334" T="undefined" />
	<Point X="194" Y="339" T="undefined" />
	<Point X="195" Y="340" T="undefined" />
	<Point X="196" Y="342" T="undefined" />
	<Point X="198" Y="342" T="undefined" />
	<Point X="198" Y="342" T="undefined" />
	<Point X="201" Y="339" T="undefined" />
	<Point X="204" Y="333" T="undefined" />
	<Point X="208" Y="320" T="undefined" />
	<Point X="217" Y="297" T="undefined" />
	<Point X="230" Y="262" T="undefined" />
	<Point X="236" Y="248" T="undefined" />
	<Point X="240" Y="242" T="undefined" />
	<Point X="242" Y="237" T="undefined" />
	<Point X="245" Y="235" T="undefined" />
	<Point X="246" Y="234" T="undefined" />
	<Point X="248" Y="234" T="undefined" />
	<Point X="250" Y="235" T="undefined" />
	<Point X="251" Y="236" T="undefined" />
	<Point X="252" Y="241" T="undefined" />
	<Point X="254" Y="246" T="undefined" />
	<Point X="256" Y="254" T="undefined" />
	<Point X="257" Y="265" T="undefined" />
	<Point X="260" Y="280" T="undefined" />
	<Point X="263" Y="295" T="undefined" />
	<Point X="266" Y="309" T="undefined" />
	<Point X="268" Y="319" T="undefined" />
	<Point X="272" Y="328" T="undefined" />
	<Point X="274" Y="332" T="undefined" />
	<Point X="274" Y="336" T="undefined" />
	<Point X="276" Y="337" T="undefined" />
	<Point X="277" Y="338" T="undefined" />
	<Point X="278" Y="339" T="undefined" />
	<Point X="278" Y="339" T="undefined" />
	<Point X="281" Y="337" T="undefined" />
	<Point X="286" Y="331" T="undefined" />
	<Point X="304" Y="303" T="undefined" />
	<Point X="319" Y="272" T="undefined" />
	<Point X="330" Y="246" T="undefined" />
	<Point X="334" Y="235" T="undefined" />
	<Point X="336" Y="232" T="undefined" />
	<Point X="337" Y="230" T="undefined" />
	<Point X="338" Y="230" T="undefined" />
	<Point X="338" Y="229" T="undefined" />
</Gesture>