<?xml version="1.0" encoding="utf-8" standalone="yes"?>
<Gesture Name="ZigZag1" NumPts="61">
	<Point X="108" Y="242" T="undefined" />
	<Point X="110" Y="237" T="undefined" />
	<Point X="115" Y="226" T="undefined" />
	<Point X="122" Y="214" T="undefined" />
	<Point X="140" Y="177" T="undefined" />
	<Point X="149" Y="164" T="undefined" />
	<Point X="154" Y="156" T="undefined" />
	<Point X="160" Y="148" T="undefined" />
	<Point X="162" Y="145" T="undefined" />
	<Point X="165" Y="142" T="undefined" />
	<Point X="166" Y="142" T="undefined" />
	<Point X="168" Y="141" T="undefined" />
	<Point X="169" Y="141" T="undefined" />
	<Point X="172" Y="144" T="undefined" />
	<Point X="174" Y="148" T="undefined" />
	<Point X="181" Y="164" T="undefined" />
	<Point X="184" Y="184" T="undefined" />
	<Point X="190" Y="202" T="undefined" />
	<Point X="196" Y="228" T="undefined" />
	<Point X="200" Y="241" T="undefined" />
	<Point X="204" Y="250" T="undefined" />
	<Point X="206" Y="254" T="undefined" />
	<Point X="208" Y="257" T="undefined" />
	<Point X="210" Y="259" T="undefined" />
	<Point X="210" Y="259" T="undefined" />
	<Point X="212" Y="259" T="undefined" />
	<Point X="215" Y="252" T="undefined" />
	<Point X="220" Y="240" T="undefined" />
	<Point X="227" Y="210" T="undefined" />
	<Point X="231" Y="187" T="undefined" />
	<Point X="233" Y="172" T="undefined" />
	<Point X="235" Y="163" T="undefined" />
	<Point X="237" Y="155" T="undefined" />
	<Point X="238" Y="153" T="undefined" />
	<Point X="240" Y="150" T="undefined" />
	<Point X="240" Y="148" T="undefined" />
	<Point X="242" Y="148" T="undefined" />
	<Point X="244" Y="148" T="undefined" />
	<Point X="246" Y="149" T="undefined" />
	<Point X="250" Y="156" T="undefined" />
	<Point X="253" Y="165" T="undefined" />
	<Point X="256" Y="180" T="undefined" />
	<Point X="261" Y="204" T="undefined" />
	<Point X="264" Y="216" T="undefined" />
	<Point X="268" Y="227" T="undefined" />
	<Point X="275" Y="240" T="undefined" />
	<Point X="279" Y="250" T="undefined" />
	<Point X="282" Y="255" T="undefined" />
	<Point X="286" Y="260" T="undefined" />
	<Point X="287" Y="261" T="undefined" />
	<Point X="288" Y="262" T="undefined" />
	<Point X="290" Y="261" T="undefined" />
	<Point X="294" Y="255" T="undefined" />
	<Point X="308" Y="230" T="undefined" />
	<Point X="317" Y="214" T="undefined" />
	<Point X="322" Y="204" T="undefined" />
	<Point X="328" Y="192" T="undefined" />
	<Point X="332" Y="184" T="undefined" />
	<Point X="337" Y="177" T="undefined" />
	<Point X="342" Y="170" T="undefined" />
	<Point X="345" Y="166" T="undefined" />
</Gesture>