<?xml version="1.0" encoding="utf-8" standalone="yes"?>
<Gesture Name="ZigZag7" NumPts="43">
	<Point X="57" Y="232" T="undefined" />
	<Point X="69" Y="215" T="undefined" />
	<Point X="90" Y="188" T="undefined" />
	<Point X="124" Y="146" T="undefined" />
	<Point X="145" Y="123" T="undefined" />
	<Point X="155" Y="113" T="undefined" />
	<Point X="161" Y="110" T="undefined" />
	<Point X="162" Y="110" T="undefined" />
	<Point X="165" Y="113" T="undefined" />
	<Point X="166" Y="124" T="undefined" />
	<Point X="166" Y="153" T="undefined" />
	<Point X="161" Y="214" T="undefined" />
	<Point X="158" Y="240" T="undefined" />
	<Point X="158" Y="256" T="undefined" />
	<Point X="158" Y="258" T="undefined" />
	<Point X="158" Y="259" T="undefined" />
	<Point X="158" Y="259" T="undefined" />
	<Point X="161" Y="258" T="undefined" />
	<Point X="172" Y="241" T="undefined" />
	<Point X="242" Y="132" T="undefined" />
	<Point X="266" Y="92" T="undefined" />
	<Point X="271" Y="84" T="undefined" />
	<Point X="274" Y="82" T="undefined" />
	<Point X="274" Y="82" T="undefined" />
	<Point X="275" Y="83" T="undefined" />
	<Point X="275" Y="92" T="undefined" />
	<Point X="273" Y="114" T="undefined" />
	<Point X="268" Y="160" T="undefined" />
	<Point X="262" Y="184" T="undefined" />
	<Point X="259" Y="203" T="undefined" />
	<Point X="257" Y="216" T="undefined" />
	<Point X="256" Y="220" T="undefined" />
	<Point X="256" Y="222" T="undefined" />
	<Point X="256" Y="223" T="undefined" />
	<Point X="258" Y="223" T="undefined" />
	<Point X="264" Y="218" T="undefined" />
	<Point X="316" Y="168" T="undefined" />
	<Point X="353" Y="130" T="undefined" />
	<Point X="372" Y="114" T="undefined" />
	<Point X="375" Y="112" T="undefined" />
	<Point X="378" Y="112" T="undefined" />
	<Point X="380" Y="113" T="undefined" />
	<Point X="382" Y="116" T="undefined" />
</Gesture>