<?xml version="1.0" encoding="utf-8" standalone="yes"?>
<Gesture Name="ZigZag8" NumPts="50">
	<Point X="56" Y="300" T="undefined" />
	<Point X="68" Y="276" T="undefined" />
	<Point X="95" Y="234" T="undefined" />
	<Point X="151" Y="154" T="undefined" />
	<Point X="162" Y="143" T="undefined" />
	<Point X="168" Y="138" T="undefined" />
	<Point X="171" Y="138" T="undefined" />
	<Point X="172" Y="138" T="undefined" />
	<Point X="174" Y="139" T="undefined" />
	<Point X="175" Y="140" T="undefined" />
	<Point X="175" Y="143" T="undefined" />
	<Point X="172" Y="158" T="undefined" />
	<Point X="166" Y="186" T="undefined" />
	<Point X="152" Y="233" T="undefined" />
	<Point X="146" Y="256" T="undefined" />
	<Point X="144" Y="274" T="undefined" />
	<Point X="142" Y="288" T="undefined" />
	<Point X="143" Y="294" T="undefined" />
	<Point X="144" Y="298" T="undefined" />
	<Point X="147" Y="302" T="undefined" />
	<Point X="149" Y="303" T="undefined" />
	<Point X="155" Y="300" T="undefined" />
	<Point X="166" Y="288" T="undefined" />
	<Point X="193" Y="248" T="undefined" />
	<Point X="224" Y="202" T="undefined" />
	<Point X="230" Y="188" T="undefined" />
	<Point X="235" Y="179" T="undefined" />
	<Point X="239" Y="172" T="undefined" />
	<Point X="240" Y="170" T="undefined" />
	<Point X="241" Y="168" T="undefined" />
	<Point X="242" Y="167" T="undefined" />
	<Point X="244" Y="166" T="undefined" />
	<Point X="244" Y="166" T="undefined" />
	<Point X="246" Y="168" T="undefined" />
	<Point X="248" Y="173" T="undefined" />
	<Point X="248" Y="200" T="undefined" />
	<Point X="244" Y="234" T="undefined" />
	<Point X="240" Y="268" T="undefined" />
	<Point X="236" Y="299" T="undefined" />
	<Point X="236" Y="311" T="undefined" />
	<Point X="236" Y="318" T="undefined" />
	<Point X="238" Y="326" T="undefined" />
	<Point X="239" Y="328" T="undefined" />
	<Point X="242" Y="329" T="undefined" />
	<Point X="250" Y="326" T="undefined" />
	<Point X="274" Y="306" T="undefined" />
	<Point X="314" Y="266" T="undefined" />
	<Point X="352" Y="223" T="undefined" />
	<Point X="366" Y="206" T="undefined" />
	<Point X="380" Y="193" T="undefined" />
</Gesture>