<?xml version="1.0" encoding="utf-8" standalone="yes"?>
<Gesture Name="Arrow3" NumPts="54">
	<Point X="106" Y="309" T="undefined" />
	<Point X="106" Y="309" T="undefined" />
	<Point X="111" Y="307" T="undefined" />
	<Point X="121" Y="302" T="undefined" />
	<Point X="141" Y="293" T="undefined" />
	<Point X="174" Y="280" T="undefined" />
	<Point X="216" Y="261" T="undefined" />
	<Point X="262" Y="243" T="undefined" />
	<Point X="301" Y="225" T="undefined" />
	<Point X="326" Y="212" T="undefined" />
	<Point X="342" Y="203" T="undefined" />
	<Point X="349" Y="198" T="undefined" />
	<Point X="351" Y="198" T="undefined" />
	<Point X="350" Y="198" T="undefined" />
	<Point X="349" Y="197" T="undefined" />
	<Point X="342" Y="194" T="undefined" />
	<Point X="325" Y="187" T="undefined" />
	<Point X="301" Y="177" T="undefined" />
	<Point X="277" Y="170" T="undefined" />
	<Point X="264" Y="165" T="undefined" />
	<Point X="260" Y="164" T="undefined" />
	<Point X="259" Y="163" T="undefined" />
	<Point X="257" Y="162" T="undefined" />
	<Point X="253" Y="161" T="undefined" />
	<Point X="252" Y="159" T="undefined" />
	<Point X="253" Y="159" T="undefined" />
	<Point X="255" Y="160" T="undefined" />
	<Point X="267" Y="163" T="undefined" />
	<Point X="283" Y="168" T="undefined" />
	<Point X="303" Y="176" T="undefined" />
	<Point X="320" Y="184" T="undefined" />
	<Point X="337" Y="193" T="undefined" />
	<Point X="349" Y="200" T="undefined" />
	<Point X="358" Y="204" T="undefined" />
	<Point X="360" Y="205" T="undefined" />
	<Point X="364" Y="207" T="undefined" />
	<Point X="371" Y="213" T="undefined" />
	<Point X="379" Y="219" T="undefined" />
	<Point X="386" Y="225" T="undefined" />
	<Point X="392" Y="231" T="undefined" />
	<Point X="393" Y="233" T="undefined" />
	<Point X="394" Y="233" T="undefined" />
	<Point X="394" Y="234" T="undefined" />
	<Point X="393" Y="234" T="undefined" />
	<Point X="391" Y="235" T="undefined" />
	<Point X="389" Y="236" T="undefined" />
	<Point X="385" Y="238" T="undefined" />
	<Point X="378" Y="243" T="undefined" />
	<Point X="367" Y="254" T="undefined" />
	<Point X="353" Y="269" T="undefined" />
	<Point X="337" Y="291" T="undefined" />
	<Point X="324" Y="318" T="undefined" />
	<Point X="314" Y="339" T="undefined" />
	<Point X="311" Y="349" T="undefined" />
</Gesture>