<?xml version="1.0" encoding="utf-8" standalone="yes"?>
<Gesture Name="Arrow2" NumPts="57">
	<Point X="86" Y="338" T="undefined" />
	<Point X="86" Y="338" T="undefined" />
	<Point X="87" Y="338" T="undefined" />
	<Point X="88" Y="338" T="undefined" />
	<Point X="98" Y="336" T="undefined" />
	<Point X="119" Y="329" T="undefined" />
	<Point X="151" Y="316" T="undefined" />
	<Point X="192" Y="298" T="undefined" />
	<Point X="230" Y="280" T="undefined" />
	<Point X="264" Y="263" T="undefined" />
	<Point X="286" Y="249" T="undefined" />
	<Point X="296" Y="242" T="undefined" />
	<Point X="298" Y="240" T="undefined" />
	<Point X="298" Y="240" T="undefined" />
	<Point X="297" Y="240" T="undefined" />
	<Point X="287" Y="239" T="undefined" />
	<Point X="268" Y="234" T="undefined" />
	<Point X="245" Y="227" T="undefined" />
	<Point X="219" Y="219" T="undefined" />
	<Point X="194" Y="211" T="undefined" />
	<Point X="173" Y="204" T="undefined" />
	<Point X="167" Y="203" T="undefined" />
	<Point X="168" Y="203" T="undefined" />
	<Point X="169" Y="203" T="undefined" />
	<Point X="181" Y="204" T="undefined" />
	<Point X="198" Y="207" T="undefined" />
	<Point X="215" Y="211" T="undefined" />
	<Point X="232" Y="216" T="undefined" />
	<Point X="250" Y="220" T="undefined" />
	<Point X="263" Y="224" T="undefined" />
	<Point X="270" Y="225" T="undefined" />
	<Point X="273" Y="225" T="undefined" />
	<Point X="275" Y="225" T="undefined" />
	<Point X="280" Y="225" T="undefined" />
	<Point X="291" Y="229" T="undefined" />
	<Point X="305" Y="234" T="undefined" />
	<Point X="313" Y="236" T="undefined" />
	<Point X="316" Y="237" T="undefined" />
	<Point X="316" Y="238" T="undefined" />
	<Point X="317" Y="239" T="undefined" />
	<Point X="318" Y="240" T="undefined" />
	<Point X="319" Y="241" T="undefined" />
	<Point X="320" Y="241" T="undefined" />
	<Point X="322" Y="242" T="undefined" />
	<Point X="325" Y="245" T="undefined" />
	<Point X="326" Y="245" T="undefined" />
	<Point X="327" Y="245" T="undefined" />
	<Point X="327" Y="246" T="undefined" />
	<Point X="323" Y="253" T="undefined" />
	<Point X="315" Y="269" T="undefined" />
	<Point X="303" Y="297" T="undefined" />
	<Point X="286" Y="335" T="undefined" />
	<Point X="265" Y="368" T="undefined" />
	<Point X="247" Y="394" T="undefined" />
	<Point X="237" Y="405" T="undefined" />
	<Point X="235" Y="407" T="undefined" />
	<Point X="236" Y="407" T="undefined" />
</Gesture>