<?xml version="1.0" encoding="utf-8" standalone="yes"?>
<Gesture Name="Caret0" NumPts="26">
	<Point X="110" Y="373" T="undefined" />
	<Point X="110" Y="373" T="undefined" />
	<Point X="112" Y="370" T="undefined" />
	<Point X="118" Y="357" T="undefined" />
	<Point X="129" Y="335" T="undefined" />
	<Point X="145" Y="312" T="undefined" />
	<Point X="168" Y="283" T="undefined" />
	<Point X="195" Y="255" T="undefined" />
	<Point X="219" Y="233" T="undefined" />
	<Point X="239" Y="218" T="undefined" />
	<Point X="246" Y="211" T="undefined" />
	<Point X="247" Y="210" T="undefined" />
	<Point X="247" Y="210" T="undefined" />
	<Point X="248" Y="210" T="undefined" />
	<Point X="252" Y="215" T="undefined" />
	<Point X="257" Y="226" T="undefined" />
	<Point X="265" Y="246" T="undefined" />
	<Point X="277" Y="278" T="undefined" />
	<Point X="288" Y="309" T="undefined" />
	<Point X="298" Y="329" T="undefined" />
	<Point X="303" Y="339" T="undefined" />
	<Point X="304" Y="341" T="undefined" />
	<Point X="304" Y="342" T="undefined" />
	<Point X="305" Y="343" T="undefined" />
	<Point X="305" Y="345" T="undefined" />
	<Point X="305" Y="346" T="undefined" />
</Gesture>