<?xml version="1.0" encoding="utf-8" standalone="yes"?>
<Gesture Name="Caret3" NumPts="23">
	<Point X="134" Y="396" T="undefined" />
	<Point X="134" Y="396" T="undefined" />
	<Point X="136" Y="393" T="undefined" />
	<Point X="142" Y="382" T="undefined" />
	<Point X="157" Y="364" T="undefined" />
	<Point X="182" Y="334" T="undefined" />
	<Point X="219" Y="295" T="undefined" />
	<Point X="264" Y="255" T="undefined" />
	<Point X="310" Y="219" T="undefined" />
	<Point X="348" Y="195" T="undefined" />
	<Point X="358" Y="189" T="undefined" />
	<Point X="358" Y="189" T="undefined" />
	<Point X="358" Y="190" T="undefined" />
	<Point X="358" Y="192" T="undefined" />
	<Point X="357" Y="206" T="undefined" />
	<Point X="354" Y="238" T="undefined" />
	<Point X="353" Y="284" T="undefined" />
	<Point X="353" Y="330" T="undefined" />
	<Point X="352" Y="369" T="undefined" />
	<Point X="355" Y="390" T="undefined" />
	<Point X="357" Y="394" T="undefined" />
	<Point X="357" Y="395" T="undefined" />
	<Point X="358" Y="397" T="undefined" />
</Gesture>