<?xml version="1.0" encoding="utf-8" standalone="yes"?>
<Gesture Name="Caret9" NumPts="27">
	<Point X="186" Y="345" T="undefined" />
	<Point X="187" Y="345" T="undefined" />
	<Point X="190" Y="344" T="undefined" />
	<Point X="195" Y="341" T="undefined" />
	<Point X="202" Y="337" T="undefined" />
	<Point X="210" Y="329" T="undefined" />
	<Point X="222" Y="318" T="undefined" />
	<Point X="245" Y="299" T="undefined" />
	<Point X="274" Y="273" T="undefined" />
	<Point X="305" Y="243" T="undefined" />
	<Point X="328" Y="218" T="undefined" />
	<Point X="339" Y="205" T="undefined" />
	<Point X="340" Y="204" T="undefined" />
	<Point X="340" Y="204" T="undefined" />
	<Point X="340" Y="205" T="undefined" />
	<Point X="340" Y="207" T="undefined" />
	<Point X="341" Y="213" T="undefined" />
	<Point X="341" Y="218" T="undefined" />
	<Point X="343" Y="226" T="undefined" />
	<Point X="344" Y="238" T="undefined" />
	<Point X="347" Y="259" T="undefined" />
	<Point X="353" Y="291" T="undefined" />
	<Point X="361" Y="337" T="undefined" />
	<Point X="368" Y="371" T="undefined" />
	<Point X="374" Y="387" T="undefined" />
	<Point X="375" Y="388" T="undefined" />
	<Point X="375" Y="389" T="undefined" />
</Gesture>