<?xml version="1.0" encoding="utf-8" standalone="yes"?>
<Gesture Name="Caret5" NumPts="22">
	<Point X="102" Y="321" T="undefined" />
	<Point X="103" Y="321" T="undefined" />
	<Point X="106" Y="320" T="undefined" />
	<Point X="112" Y="316" T="undefined" />
	<Point X="120" Y="307" T="undefined" />
	<Point X="130" Y="291" T="undefined" />
	<Point X="143" Y="271" T="undefined" />
	<Point X="158" Y="245" T="undefined" />
	<Point X="172" Y="224" T="undefined" />
	<Point X="183" Y="207" T="undefined" />
	<Point X="192" Y="197" T="undefined" />
	<Point X="193" Y="196" T="undefined" />
	<Point X="193" Y="196" T="undefined" />
	<Point X="194" Y="196" T="undefined" />
	<Point X="198" Y="204" T="undefined" />
	<Point X="203" Y="221" T="undefined" />
	<Point X="208" Y="252" T="undefined" />
	<Point X="217" Y="295" T="undefined" />
	<Point X="223" Y="336" T="undefined" />
	<Point X="230" Y="358" T="undefined" />
	<Point X="234" Y="365" T="undefined" />
	<Point X="235" Y="367" T="undefined" />
</Gesture>