<?xml version="1.0" encoding="utf-8" standalone="yes"?>
<Gesture Name="Caret8" NumPts="26">
	<Point X="165" Y="315" T="undefined" />
	<Point X="167" Y="314" T="undefined" />
	<Point X="174" Y="310" T="undefined" />
	<Point X="186" Y="302" T="undefined" />
	<Point X="199" Y="290" T="undefined" />
	<Point X="216" Y="270" T="undefined" />
	<Point X="239" Y="244" T="undefined" />
	<Point X="261" Y="218" T="undefined" />
	<Point X="279" Y="197" T="undefined" />
	<Point X="293" Y="182" T="undefined" />
	<Point X="300" Y="174" T="undefined" />
	<Point X="302" Y="171" T="undefined" />
	<Point X="302" Y="171" T="undefined" />
	<Point X="302" Y="176" T="undefined" />
	<Point X="304" Y="190" T="undefined" />
	<Point X="308" Y="216" T="undefined" />
	<Point X="314" Y="252" T="undefined" />
	<Point X="324" Y="288" T="undefined" />
	<Point X="335" Y="317" T="undefined" />
	<Point X="343" Y="334" T="undefined" />
	<Point X="347" Y="339" T="undefined" />
	<Point X="349" Y="344" T="undefined" />
	<Point X="350" Y="348" T="undefined" />
	<Point X="352" Y="353" T="undefined" />
	<Point X="354" Y="360" T="undefined" />
	<Point X="355" Y="368" T="undefined" />
</Gesture>