<?xml version="1.0" encoding="utf-8" standalone="yes"?>
<Gesture Name="Check4" NumPts="18">
	<Point X="171" Y="274" T="undefined" />
	<Point X="177" Y="277" T="undefined" />
	<Point X="190" Y="290" T="undefined" />
	<Point X="204" Y="305" T="undefined" />
	<Point X="223" Y="327" T="undefined" />
	<Point X="246" Y="351" T="undefined" />
	<Point X="265" Y="369" T="undefined" />
	<Point X="273" Y="378" T="undefined" />
	<Point X="274" Y="381" T="undefined" />
	<Point X="274" Y="380" T="undefined" />
	<Point X="275" Y="380" T="undefined" />
	<Point X="280" Y="369" T="undefined" />
	<Point X="283" Y="365" T="undefined" />
	<Point X="309" Y="327" T="undefined" />
	<Point X="333" Y="296" T="undefined" />
	<Point X="361" Y="267" T="undefined" />
	<Point X="383" Y="247" T="undefined" />
	<Point X="395" Y="237" T="undefined" />
</Gesture>