<?xml version="1.0" encoding="utf-8" standalone="yes"?>
<Gesture Name="Check0" NumPts="24">
	<Point X="134" Y="254" T="undefined" />
	<Point X="139" Y="257" T="undefined" />
	<Point X="145" Y="263" T="undefined" />
	<Point X="157" Y="277" T="undefined" />
	<Point X="169" Y="294" T="undefined" />
	<Point X="183" Y="315" T="undefined" />
	<Point X="195" Y="332" T="undefined" />
	<Point X="202" Y="346" T="undefined" />
	<Point X="212" Y="363" T="undefined" />
	<Point X="218" Y="371" T="undefined" />
	<Point X="222" Y="373" T="undefined" />
	<Point X="223" Y="373" T="undefined" />
	<Point X="227" Y="368" T="undefined" />
	<Point X="231" Y="359" T="undefined" />
	<Point X="233" Y="355" T="undefined" />
	<Point X="241" Y="341" T="undefined" />
	<Point X="248" Y="328" T="undefined" />
	<Point X="260" Y="308" T="undefined" />
	<Point X="276" Y="277" T="undefined" />
	<Point X="292" Y="248" T="undefined" />
	<Point X="307" Y="221" T="undefined" />
	<Point X="324" Y="198" T="undefined" />
	<Point X="341" Y="183" T="undefined" />
	<Point X="354" Y="175" T="undefined" />
</Gesture>