<?xml version="1.0" encoding="utf-8" standalone="yes"?>
<Gesture Name="Check8" NumPts="19">
	<Point X="195" Y="222" T="undefined" />
	<Point X="195" Y="222" T="undefined" />
	<Point X="197" Y="224" T="undefined" />
	<Point X="204" Y="232" T="undefined" />
	<Point X="221" Y="250" T="undefined" />
	<Point X="246" Y="276" T="undefined" />
	<Point X="265" Y="293" T="undefined" />
	<Point X="277" Y="303" T="undefined" />
	<Point X="280" Y="305" T="undefined" />
	<Point X="281" Y="305" T="undefined" />
	<Point X="282" Y="305" T="undefined" />
	<Point X="282" Y="304" T="undefined" />
	<Point X="296" Y="291" T="undefined" />
	<Point X="308" Y="279" T="undefined" />
	<Point X="330" Y="255" T="undefined" />
	<Point X="362" Y="224" T="undefined" />
	<Point X="400" Y="194" T="undefined" />
	<Point X="435" Y="170" T="undefined" />
	<Point X="452" Y="158" T="undefined" />
</Gesture>