<?xml version="1.0" encoding="utf-8" standalone="yes"?>
<Gesture Name="Check9" NumPts="18">
	<Point X="118" Y="270" T="undefined" />
	<Point X="118" Y="270" T="undefined" />
	<Point X="118" Y="270" T="undefined" />
	<Point X="127" Y="282" T="undefined" />
	<Point X="145" Y="300" T="undefined" />
	<Point X="169" Y="327" T="undefined" />
	<Point X="179" Y="340" T="undefined" />
	<Point X="185" Y="347" T="undefined" />
	<Point X="186" Y="347" T="undefined" />
	<Point X="187" Y="347" T="undefined" />
	<Point X="193" Y="344" T="undefined" />
	<Point X="201" Y="337" T="undefined" />
	<Point X="218" Y="325" T="undefined" />
	<Point X="252" Y="306" T="undefined" />
	<Point X="296" Y="287" T="undefined" />
	<Point X="340" Y="266" T="undefined" />
	<Point X="368" Y="249" T="undefined" />
	<Point X="377" Y="241" T="undefined" />
</Gesture>