<?xml version="1.0" encoding="utf-8" standalone="yes"?>
<Gesture Name="Check1" NumPts="23">
	<Point X="78" Y="278" T="undefined" />
	<Point X="78" Y="280" T="undefined" />
	<Point X="78" Y="288" T="undefined" />
	<Point X="79" Y="294" T="undefined" />
	<Point X="83" Y="305" T="undefined" />
	<Point X="91" Y="325" T="undefined" />
	<Point X="100" Y="345" T="undefined" />
	<Point X="112" Y="365" T="undefined" />
	<Point X="121" Y="378" T="undefined" />
	<Point X="130" Y="395" T="undefined" />
	<Point X="138" Y="405" T="undefined" />
	<Point X="139" Y="407" T="undefined" />
	<Point X="142" Y="405" T="undefined" />
	<Point X="142" Y="404" T="undefined" />
	<Point X="150" Y="397" T="undefined" />
	<Point X="157" Y="390" T="undefined" />
	<Point X="168" Y="374" T="undefined" />
	<Point X="192" Y="341" T="undefined" />
	<Point X="220" Y="306" T="undefined" />
	<Point X="251" Y="272" T="undefined" />
	<Point X="281" Y="242" T="undefined" />
	<Point X="311" Y="221" T="undefined" />
	<Point X="330" Y="209" T="undefined" />
</Gesture>