<?xml version="1.0" encoding="utf-8" standalone="yes"?>
<Gesture Name="Check6" NumPts="20">
	<Point X="146" Y="237" T="undefined" />
	<Point X="150" Y="241" T="undefined" />
	<Point X="166" Y="257" T="undefined" />
	<Point X="186" Y="276" T="undefined" />
	<Point X="205" Y="297" T="undefined" />
	<Point X="219" Y="316" T="undefined" />
	<Point X="227" Y="327" T="undefined" />
	<Point X="230" Y="330" T="undefined" />
	<Point X="230" Y="331" T="undefined" />
	<Point X="231" Y="331" T="undefined" />
	<Point X="232" Y="329" T="undefined" />
	<Point X="235" Y="325" T="undefined" />
	<Point X="241" Y="321" T="undefined" />
	<Point X="253" Y="312" T="undefined" />
	<Point X="274" Y="295" T="undefined" />
	<Point X="306" Y="270" T="undefined" />
	<Point X="344" Y="242" T="undefined" />
	<Point X="376" Y="219" T="undefined" />
	<Point X="396" Y="202" T="undefined" />
	<Point X="409" Y="190" T="undefined" />
</Gesture>