<?xml version="1.0" encoding="utf-8" standalone="yes"?>
<Gesture Name="Check5" NumPts="18">
	<Point X="158" Y="269" T="undefined" />
	<Point X="158" Y="269" T="undefined" />
	<Point X="160" Y="274" T="undefined" />
	<Point X="168" Y="288" T="undefined" />
	<Point X="179" Y="308" T="undefined" />
	<Point X="190" Y="324" T="undefined" />
	<Point X="196" Y="334" T="undefined" />
	<Point X="200" Y="341" T="undefined" />
	<Point X="200" Y="341" T="undefined" />
	<Point X="201" Y="340" T="undefined" />
	<Point X="202" Y="337" T="undefined" />
	<Point X="209" Y="326" T="undefined" />
	<Point X="223" Y="309" T="undefined" />
	<Point X="245" Y="285" T="undefined" />
	<Point X="273" Y="258" T="undefined" />
	<Point X="304" Y="228" T="undefined" />
	<Point X="337" Y="207" T="undefined" />
	<Point X="359" Y="196" T="undefined" />
</Gesture>