<?xml version="1.0" encoding="utf-8" standalone="yes"?>
<Gesture Name="Check2" NumPts="22">
	<Point X="145" Y="346" T="undefined" />
	<Point X="145" Y="346" T="undefined" />
	<Point X="145" Y="346" T="undefined" />
	<Point X="148" Y="346" T="undefined" />
	<Point X="152" Y="347" T="undefined" />
	<Point X="159" Y="351" T="undefined" />
	<Point X="170" Y="359" T="undefined" />
	<Point X="186" Y="370" T="undefined" />
	<Point X="199" Y="377" T="undefined" />
	<Point X="203" Y="379" T="undefined" />
	<Point X="203" Y="379" T="undefined" />
	<Point X="204" Y="379" T="undefined" />
	<Point X="205" Y="379" T="undefined" />
	<Point X="208" Y="376" T="undefined" />
	<Point X="216" Y="363" T="undefined" />
	<Point X="230" Y="343" T="undefined" />
	<Point X="251" Y="311" T="undefined" />
	<Point X="272" Y="278" T="undefined" />
	<Point X="290" Y="253" T="undefined" />
	<Point X="306" Y="234" T="undefined" />
	<Point X="321" Y="220" T="undefined" />
	<Point X="329" Y="213" T="undefined" />
</Gesture>