<?xml version="1.0" encoding="utf-8" standalone="yes"?>
<Gesture Name="Check3" NumPts="25">
	<Point X="139" Y="268" T="undefined" />
	<Point X="143" Y="270" T="undefined" />
	<Point X="149" Y="274" T="undefined" />
	<Point X="151" Y="275" T="undefined" />
	<Point X="159" Y="282" T="undefined" />
	<Point X="176" Y="298" T="undefined" />
	<Point X="202" Y="326" T="undefined" />
	<Point X="214" Y="339" T="undefined" />
	<Point X="226" Y="351" T="undefined" />
	<Point X="232" Y="356" T="undefined" />
	<Point X="233" Y="356" T="undefined" />
	<Point X="234" Y="356" T="undefined" />
	<Point X="236" Y="352" T="undefined" />
	<Point X="240" Y="343" T="undefined" />
	<Point X="247" Y="328" T="undefined" />
	<Point X="260" Y="310" T="undefined" />
	<Point X="276" Y="290" T="undefined" />
	<Point X="298" Y="268" T="undefined" />
	<Point X="319" Y="249" T="undefined" />
	<Point X="337" Y="235" T="undefined" />
	<Point X="342" Y="231" T="undefined" />
	<Point X="343" Y="231" T="undefined" />
	<Point X="343" Y="230" T="undefined" />
	<Point X="345" Y="226" T="undefined" />
	<Point X="350" Y="219" T="undefined" />
</Gesture>