<?xml version="1.0" encoding="utf-8" standalone="yes"?>
<Gesture Name="Circle8" NumPts="58">
	<Point X="272" Y="225" T="undefined" />
	<Point X="272" Y="225" T="undefined" />
	<Point X="271" Y="226" T="undefined" />
	<Point X="267" Y="229" T="undefined" />
	<Point X="263" Y="232" T="undefined" />
	<Point X="258" Y="235" T="undefined" />
	<Point X="253" Y="239" T="undefined" />
	<Point X="248" Y="242" T="undefined" />
	<Point X="246" Y="244" T="undefined" />
	<Point X="244" Y="246" T="undefined" />
	<Point X="241" Y="249" T="undefined" />
	<Point X="238" Y="253" T="undefined" />
	<Point X="238" Y="255" T="undefined" />
	<Point X="236" Y="259" T="undefined" />
	<Point X="235" Y="260" T="undefined" />
	<Point X="235" Y="262" T="undefined" />
	<Point X="235" Y="264" T="undefined" />
	<Point X="236" Y="266" T="undefined" />
	<Point X="240" Y="272" T="undefined" />
	<Point X="246" Y="278" T="undefined" />
	<Point X="252" Y="284" T="undefined" />
	<Point X="259" Y="290" T="undefined" />
	<Point X="264" Y="295" T="undefined" />
	<Point X="269" Y="298" T="undefined" />
	<Point X="274" Y="300" T="undefined" />
	<Point X="281" Y="302" T="undefined" />
	<Point X="286" Y="304" T="undefined" />
	<Point X="291" Y="305" T="undefined" />
	<Point X="294" Y="306" T="undefined" />
	<Point X="297" Y="306" T="undefined" />
	<Point X="302" Y="306" T="undefined" />
	<Point X="304" Y="305" T="undefined" />
	<Point X="307" Y="304" T="undefined" />
	<Point X="310" Y="302" T="undefined" />
	<Point X="314" Y="298" T="undefined" />
	<Point X="317" Y="294" T="undefined" />
	<Point X="320" Y="289" T="undefined" />
	<Point X="322" Y="282" T="undefined" />
	<Point X="323" Y="274" T="undefined" />
	<Point X="323" Y="268" T="undefined" />
	<Point X="323" Y="263" T="undefined" />
	<Point X="323" Y="257" T="undefined" />
	<Point X="323" Y="254" T="undefined" />
	<Point X="323" Y="251" T="undefined" />
	<Point X="322" Y="249" T="undefined" />
	<Point X="322" Y="248" T="undefined" />
	<Point X="321" Y="248" T="undefined" />
	<Point X="320" Y="245" T="undefined" />
	<Point X="318" Y="243" T="undefined" />
	<Point X="315" Y="240" T="undefined" />
	<Point X="313" Y="238" T="undefined" />
	<Point X="311" Y="237" T="undefined" />
	<Point X="307" Y="236" T="undefined" />
	<Point X="302" Y="234" T="undefined" />
	<Point X="297" Y="232" T="undefined" />
	<Point X="292" Y="228" T="undefined" />
	<Point X="289" Y="225" T="undefined" />
	<Point X="287" Y="224" T="undefined" />
</Gesture>