<?xml version="1.0" encoding="utf-8" standalone="yes"?>
<Gesture Name="Circle3" NumPts="57">
	<Point X="280" Y="211" T="undefined" />
	<Point X="280" Y="211" T="undefined" />
	<Point X="280" Y="211" T="undefined" />
	<Point X="279" Y="211" T="undefined" />
	<Point X="278" Y="212" T="undefined" />
	<Point X="277" Y="212" T="undefined" />
	<Point X="272" Y="214" T="undefined" />
	<Point X="261" Y="217" T="undefined" />
	<Point X="249" Y="222" T="undefined" />
	<Point X="235" Y="229" T="undefined" />
	<Point X="225" Y="234" T="undefined" />
	<Point X="215" Y="239" T="undefined" />
	<Point X="206" Y="243" T="undefined" />
	<Point X="200" Y="247" T="undefined" />
	<Point X="194" Y="252" T="undefined" />
	<Point X="192" Y="254" T="undefined" />
	<Point X="191" Y="256" T="undefined" />
	<Point X="190" Y="264" T="undefined" />
	<Point X="189" Y="275" T="undefined" />
	<Point X="189" Y="287" T="undefined" />
	<Point X="191" Y="297" T="undefined" />
	<Point X="199" Y="312" T="undefined" />
	<Point X="213" Y="325" T="undefined" />
	<Point X="228" Y="338" T="undefined" />
	<Point X="242" Y="346" T="undefined" />
	<Point X="259" Y="354" T="undefined" />
	<Point X="277" Y="361" T="undefined" />
	<Point X="298" Y="367" T="undefined" />
	<Point X="318" Y="370" T="undefined" />
	<Point X="334" Y="370" T="undefined" />
	<Point X="345" Y="369" T="undefined" />
	<Point X="356" Y="364" T="undefined" />
	<Point X="366" Y="359" T="undefined" />
	<Point X="374" Y="352" T="undefined" />
	<Point X="379" Y="344" T="undefined" />
	<Point X="380" Y="336" T="undefined" />
	<Point X="380" Y="325" T="undefined" />
	<Point X="376" Y="312" T="undefined" />
	<Point X="368" Y="293" T="undefined" />
	<Point X="358" Y="273" T="undefined" />
	<Point X="347" Y="251" T="undefined" />
	<Point X="340" Y="235" T="undefined" />
	<Point X="335" Y="226" T="undefined" />
	<Point X="331" Y="218" T="undefined" />
	<Point X="325" Y="209" T="undefined" />
	<Point X="321" Y="205" T="undefined" />
	<Point X="313" Y="196" T="undefined" />
	<Point X="309" Y="192" T="undefined" />
	<Point X="304" Y="191" T="undefined" />
	<Point X="299" Y="190" T="undefined" />
	<Point X="295" Y="190" T="undefined" />
	<Point X="291" Y="191" T="undefined" />
	<Point X="288" Y="192" T="undefined" />
	<Point X="284" Y="194" T="undefined" />
	<Point X="282" Y="194" T="undefined" />
	<Point X="280" Y="194" T="undefined" />
	<Point X="274" Y="196" T="undefined" />
</Gesture>