<?xml version="1.0" encoding="utf-8" standalone="yes"?>
<Gesture Name="Circle9" NumPts="58">
	<Point X="277" Y="284" T="undefined" />
	<Point X="277" Y="284" T="undefined" />
	<Point X="274" Y="285" T="undefined" />
	<Point X="273" Y="286" T="undefined" />
	<Point X="269" Y="288" T="undefined" />
	<Point X="263" Y="291" T="undefined" />
	<Point X="257" Y="295" T="undefined" />
	<Point X="253" Y="298" T="undefined" />
	<Point X="248" Y="301" T="undefined" />
	<Point X="245" Y="304" T="undefined" />
	<Point X="243" Y="306" T="undefined" />
	<Point X="241" Y="308" T="undefined" />
	<Point X="240" Y="310" T="undefined" />
	<Point X="238" Y="311" T="undefined" />
	<Point X="238" Y="312" T="undefined" />
	<Point X="238" Y="314" T="undefined" />
	<Point X="237" Y="318" T="undefined" />
	<Point X="237" Y="323" T="undefined" />
	<Point X="241" Y="331" T="undefined" />
	<Point X="246" Y="336" T="undefined" />
	<Point X="249" Y="338" T="undefined" />
	<Point X="253" Y="341" T="undefined" />
	<Point X="257" Y="344" T="undefined" />
	<Point X="263" Y="346" T="undefined" />
	<Point X="267" Y="347" T="undefined" />
	<Point X="275" Y="352" T="undefined" />
	<Point X="284" Y="358" T="undefined" />
	<Point X="290" Y="361" T="undefined" />
	<Point X="292" Y="362" T="undefined" />
	<Point X="294" Y="362" T="undefined" />
	<Point X="295" Y="362" T="undefined" />
	<Point X="297" Y="362" T="undefined" />
	<Point X="299" Y="361" T="undefined" />
	<Point X="300" Y="359" T="undefined" />
	<Point X="303" Y="357" T="undefined" />
	<Point X="307" Y="353" T="undefined" />
	<Point X="311" Y="349" T="undefined" />
	<Point X="316" Y="342" T="undefined" />
	<Point X="320" Y="335" T="undefined" />
	<Point X="322" Y="332" T="undefined" />
	<Point X="323" Y="331" T="undefined" />
	<Point X="323" Y="330" T="undefined" />
	<Point X="323" Y="328" T="undefined" />
	<Point X="323" Y="325" T="undefined" />
	<Point X="323" Y="321" T="undefined" />
	<Point X="321" Y="315" T="undefined" />
	<Point X="317" Y="309" T="undefined" />
	<Point X="312" Y="303" T="undefined" />
	<Point X="309" Y="300" T="undefined" />
	<Point X="306" Y="298" T="undefined" />
	<Point X="302" Y="296" T="undefined" />
	<Point X="297" Y="293" T="undefined" />
	<Point X="292" Y="290" T="undefined" />
	<Point X="287" Y="288" T="undefined" />
	<Point X="283" Y="287" T="undefined" />
	<Point X="280" Y="286" T="undefined" />
	<Point X="277" Y="286" T="undefined" />
	<Point X="275" Y="286" T="undefined" />
</Gesture>