<?xml version="1.0" encoding="utf-8" standalone="yes"?>
<Gesture Name="Circle7" NumPts="63">
	<Point X="295" Y="258" T="undefined" />
	<Point X="295" Y="257" T="undefined" />
	<Point X="295" Y="256" T="undefined" />
	<Point X="295" Y="255" T="undefined" />
	<Point X="295" Y="254" T="undefined" />
	<Point X="294" Y="254" T="undefined" />
	<Point X="292" Y="251" T="undefined" />
	<Point X="289" Y="246" T="undefined" />
	<Point X="285" Y="244" T="undefined" />
	<Point X="276" Y="236" T="undefined" />
	<Point X="267" Y="229" T="undefined" />
	<Point X="260" Y="224" T="undefined" />
	<Point X="255" Y="222" T="undefined" />
	<Point X="252" Y="221" T="undefined" />
	<Point X="250" Y="221" T="undefined" />
	<Point X="247" Y="222" T="undefined" />
	<Point X="244" Y="223" T="undefined" />
	<Point X="241" Y="224" T="undefined" />
	<Point X="240" Y="225" T="undefined" />
	<Point X="238" Y="226" T="undefined" />
	<Point X="235" Y="228" T="undefined" />
	<Point X="233" Y="229" T="undefined" />
	<Point X="230" Y="231" T="undefined" />
	<Point X="228" Y="234" T="undefined" />
	<Point X="226" Y="239" T="undefined" />
	<Point X="223" Y="248" T="undefined" />
	<Point X="223" Y="256" T="undefined" />
	<Point X="223" Y="264" T="undefined" />
	<Point X="223" Y="267" T="undefined" />
	<Point X="224" Y="271" T="undefined" />
	<Point X="228" Y="282" T="undefined" />
	<Point X="237" Y="292" T="undefined" />
	<Point X="246" Y="302" T="undefined" />
	<Point X="255" Y="308" T="undefined" />
	<Point X="265" Y="317" T="undefined" />
	<Point X="275" Y="323" T="undefined" />
	<Point X="286" Y="328" T="undefined" />
	<Point X="294" Y="331" T="undefined" />
	<Point X="300" Y="331" T="undefined" />
	<Point X="305" Y="331" T="undefined" />
	<Point X="309" Y="330" T="undefined" />
	<Point X="314" Y="328" T="undefined" />
	<Point X="317" Y="327" T="undefined" />
	<Point X="321" Y="323" T="undefined" />
	<Point X="323" Y="321" T="undefined" />
	<Point X="323" Y="314" T="undefined" />
	<Point X="323" Y="304" T="undefined" />
	<Point X="317" Y="293" T="undefined" />
	<Point X="309" Y="280" T="undefined" />
	<Point X="303" Y="272" T="undefined" />
	<Point X="300" Y="265" T="undefined" />
	<Point X="298" Y="261" T="undefined" />
	<Point X="297" Y="258" T="undefined" />
	<Point X="295" Y="256" T="undefined" />
	<Point X="293" Y="255" T="undefined" />
	<Point X="292" Y="255" T="undefined" />
	<Point X="290" Y="255" T="undefined" />
	<Point X="287" Y="254" T="undefined" />
	<Point X="285" Y="254" T="undefined" />
	<Point X="282" Y="252" T="undefined" />
	<Point X="279" Y="251" T="undefined" />
	<Point X="278" Y="250" T="undefined" />
	<Point X="277" Y="249" T="undefined" />
</Gesture>