<?xml version="1.0" encoding="utf-8" standalone="yes"?>
<Gesture Name="Circle2" NumPts="48">
	<Point X="213" Y="178" T="undefined" />
	<Point X="213" Y="178" T="undefined" />
	<Point X="212" Y="178" T="undefined" />
	<Point X="210" Y="179" T="undefined" />
	<Point X="202" Y="184" T="undefined" />
	<Point X="192" Y="191" T="undefined" />
	<Point X="179" Y="199" T="undefined" />
	<Point X="169" Y="207" T="undefined" />
	<Point X="161" Y="217" T="undefined" />
	<Point X="155" Y="225" T="undefined" />
	<Point X="153" Y="227" T="undefined" />
	<Point X="153" Y="228" T="undefined" />
	<Point X="153" Y="230" T="undefined" />
	<Point X="153" Y="238" T="undefined" />
	<Point X="158" Y="250" T="undefined" />
	<Point X="168" Y="266" T="undefined" />
	<Point X="180" Y="282" T="undefined" />
	<Point X="194" Y="293" T="undefined" />
	<Point X="208" Y="305" T="undefined" />
	<Point X="222" Y="314" T="undefined" />
	<Point X="235" Y="321" T="undefined" />
	<Point X="249" Y="325" T="undefined" />
	<Point X="262" Y="329" T="undefined" />
	<Point X="278" Y="333" T="undefined" />
	<Point X="290" Y="335" T="undefined" />
	<Point X="299" Y="335" T="undefined" />
	<Point X="311" Y="335" T="undefined" />
	<Point X="323" Y="329" T="undefined" />
	<Point X="330" Y="324" T="undefined" />
	<Point X="332" Y="321" T="undefined" />
	<Point X="332" Y="318" T="undefined" />
	<Point X="332" Y="316" T="undefined" />
	<Point X="329" Y="304" T="undefined" />
	<Point X="323" Y="288" T="undefined" />
	<Point X="317" Y="275" T="undefined" />
	<Point X="306" Y="262" T="undefined" />
	<Point X="297" Y="253" T="undefined" />
	<Point X="291" Y="250" T="undefined" />
	<Point X="286" Y="246" T="undefined" />
	<Point X="280" Y="243" T="undefined" />
	<Point X="272" Y="238" T="undefined" />
	<Point X="261" Y="233" T="undefined" />
	<Point X="249" Y="227" T="undefined" />
	<Point X="238" Y="222" T="undefined" />
	<Point X="230" Y="218" T="undefined" />
	<Point X="225" Y="215" T="undefined" />
	<Point X="216" Y="212" T="undefined" />
	<Point X="211" Y="210" T="undefined" />
</Gesture>