<?xml version="1.0" encoding="utf-8" standalone="yes"?>
<Gesture Name="Circle4" NumPts="64">
	<Point X="270" Y="234" T="undefined" />
	<Point X="270" Y="234" T="undefined" />
	<Point X="269" Y="234" T="undefined" />
	<Point X="265" Y="234" T="undefined" />
	<Point X="256" Y="235" T="undefined" />
	<Point X="246" Y="237" T="undefined" />
	<Point X="236" Y="240" T="undefined" />
	<Point X="223" Y="241" T="undefined" />
	<Point X="213" Y="243" T="undefined" />
	<Point X="206" Y="245" T="undefined" />
	<Point X="205" Y="246" T="undefined" />
	<Point X="204" Y="246" T="undefined" />
	<Point X="204" Y="246" T="undefined" />
	<Point X="203" Y="248" T="undefined" />
	<Point X="203" Y="250" T="undefined" />
	<Point X="201" Y="253" T="undefined" />
	<Point X="201" Y="259" T="undefined" />
	<Point X="200" Y="267" T="undefined" />
	<Point X="200" Y="275" T="undefined" />
	<Point X="201" Y="283" T="undefined" />
	<Point X="203" Y="290" T="undefined" />
	<Point X="206" Y="296" T="undefined" />
	<Point X="210" Y="301" T="undefined" />
	<Point X="214" Y="304" T="undefined" />
	<Point X="218" Y="308" T="undefined" />
	<Point X="226" Y="313" T="undefined" />
	<Point X="234" Y="319" T="undefined" />
	<Point X="247" Y="326" T="undefined" />
	<Point X="260" Y="331" T="undefined" />
	<Point X="272" Y="336" T="undefined" />
	<Point X="282" Y="338" T="undefined" />
	<Point X="290" Y="338" T="undefined" />
	<Point X="297" Y="337" T="undefined" />
	<Point X="304" Y="334" T="undefined" />
	<Point X="309" Y="332" T="undefined" />
	<Point X="314" Y="330" T="undefined" />
	<Point X="318" Y="328" T="undefined" />
	<Point X="321" Y="325" T="undefined" />
	<Point X="325" Y="321" T="undefined" />
	<Point X="326" Y="317" T="undefined" />
	<Point X="327" Y="311" T="undefined" />
	<Point X="329" Y="304" T="undefined" />
	<Point X="330" Y="299" T="undefined" />
	<Point X="330" Y="294" T="undefined" />
	<Point X="330" Y="285" T="undefined" />
	<Point X="330" Y="276" T="undefined" />
	<Point X="329" Y="269" T="undefined" />
	<Point X="328" Y="264" T="undefined" />
	<Point X="327" Y="262" T="undefined" />
	<Point X="327" Y="261" T="undefined" />
	<Point X="326" Y="261" T="undefined" />
	<Point X="325" Y="261" T="undefined" />
	<Point X="324" Y="259" T="undefined" />
	<Point X="320" Y="257" T="undefined" />
	<Point X="315" Y="254" T="undefined" />
	<Point X="308" Y="251" T="undefined" />
	<Point X="303" Y="250" T="undefined" />
	<Point X="296" Y="248" T="undefined" />
	<Point X="290" Y="246" T="undefined" />
	<Point X="283" Y="243" T="undefined" />
	<Point X="278" Y="242" T="undefined" />
	<Point X="271" Y="240" T="undefined" />
	<Point X="261" Y="237" T="undefined" />
	<Point X="252" Y="234" T="undefined" />
</Gesture>