<?xml version="1.0" encoding="utf-8" standalone="yes"?>
<Gesture Name="Circle1" NumPts="47">
	<Point X="231" Y="161" T="undefined" />
	<Point X="231" Y="161" T="undefined" />
	<Point X="229" Y="161" T="undefined" />
	<Point X="223" Y="161" T="undefined" />
	<Point X="212" Y="162" T="undefined" />
	<Point X="195" Y="166" T="undefined" />
	<Point X="172" Y="171" T="undefined" />
	<Point X="152" Y="178" T="undefined" />
	<Point X="138" Y="184" T="undefined" />
	<Point X="128" Y="190" T="undefined" />
	<Point X="120" Y="195" T="undefined" />
	<Point X="116" Y="198" T="undefined" />
	<Point X="113" Y="201" T="undefined" />
	<Point X="113" Y="205" T="undefined" />
	<Point X="113" Y="211" T="undefined" />
	<Point X="117" Y="223" T="undefined" />
	<Point X="123" Y="233" T="undefined" />
	<Point X="130" Y="242" T="undefined" />
	<Point X="139" Y="251" T="undefined" />
	<Point X="154" Y="262" T="undefined" />
	<Point X="172" Y="273" T="undefined" />
	<Point X="193" Y="281" T="undefined" />
	<Point X="213" Y="288" T="undefined" />
	<Point X="232" Y="293" T="undefined" />
	<Point X="248" Y="295" T="undefined" />
	<Point X="257" Y="295" T="undefined" />
	<Point X="265" Y="293" T="undefined" />
	<Point X="276" Y="288" T="undefined" />
	<Point X="290" Y="281" T="undefined" />
	<Point X="304" Y="272" T="undefined" />
	<Point X="313" Y="261" T="undefined" />
	<Point X="322" Y="245" T="undefined" />
	<Point X="329" Y="229" T="undefined" />
	<Point X="331" Y="211" T="undefined" />
	<Point X="330" Y="191" T="undefined" />
	<Point X="319" Y="172" T="undefined" />
	<Point X="302" Y="153" T="undefined" />
	<Point X="283" Y="141" T="undefined" />
	<Point X="266" Y="134" T="undefined" />
	<Point X="251" Y="131" T="undefined" />
	<Point X="239" Y="130" T="undefined" />
	<Point X="226" Y="131" T="undefined" />
	<Point X="215" Y="134" T="undefined" />
	<Point X="205" Y="136" T="undefined" />
	<Point X="198" Y="138" T="undefined" />
	<Point X="195" Y="139" T="undefined" />
	<Point X="193" Y="140" T="undefined" />
</Gesture>