<?xml version="1.0" encoding="utf-8" standalone="yes"?>
<Gesture Name="Circle0" NumPts="56">
	<Point X="209" Y="207" T="undefined" />
	<Point X="209" Y="207" T="undefined" />
	<Point X="209" Y="207" T="undefined" />
	<Point X="208" Y="207" T="undefined" />
	<Point X="205" Y="207" T="undefined" />
	<Point X="199" Y="208" T="undefined" />
	<Point X="191" Y="210" T="undefined" />
	<Point X="182" Y="213" T="undefined" />
	<Point X="170" Y="220" T="undefined" />
	<Point X="152" Y="232" T="undefined" />
	<Point X="140" Y="243" T="undefined" />
	<Point X="133" Y="250" T="undefined" />
	<Point X="131" Y="254" T="undefined" />
	<Point X="130" Y="259" T="undefined" />
	<Point X="130" Y="265" T="undefined" />
	<Point X="129" Y="277" T="undefined" />
	<Point X="130" Y="294" T="undefined" />
	<Point X="136" Y="312" T="undefined" />
	<Point X="145" Y="330" T="undefined" />
	<Point X="158" Y="349" T="undefined" />
	<Point X="170" Y="366" T="undefined" />
	<Point X="182" Y="379" T="undefined" />
	<Point X="191" Y="385" T="undefined" />
	<Point X="200" Y="388" T="undefined" />
	<Point X="209" Y="389" T="undefined" />
	<Point X="223" Y="390" T="undefined" />
	<Point X="237" Y="390" T="undefined" />
	<Point X="251" Y="390" T="undefined" />
	<Point X="268" Y="390" T="undefined" />
	<Point X="284" Y="387" T="undefined" />
	<Point X="297" Y="382" T="undefined" />
	<Point X="305" Y="377" T="undefined" />
	<Point X="313" Y="363" T="undefined" />
	<Point X="319" Y="349" T="undefined" />
	<Point X="322" Y="333" T="undefined" />
	<Point X="323" Y="319" T="undefined" />
	<Point X="323" Y="305" T="undefined" />
	<Point X="321" Y="286" T="undefined" />
	<Point X="317" Y="263" T="undefined" />
	<Point X="309" Y="244" T="undefined" />
	<Point X="297" Y="226" T="undefined" />
	<Point X="288" Y="215" T="undefined" />
	<Point X="281" Y="206" T="undefined" />
	<Point X="272" Y="198" T="undefined" />
	<Point X="262" Y="192" T="undefined" />
	<Point X="252" Y="188" T="undefined" />
	<Point X="243" Y="185" T="undefined" />
	<Point X="236" Y="183" T="undefined" />
	<Point X="226" Y="180" T="undefined" />
	<Point X="215" Y="180" T="undefined" />
	<Point X="204" Y="183" T="undefined" />
	<Point X="196" Y="189" T="undefined" />
	<Point X="191" Y="196" T="undefined" />
	<Point X="188" Y="201" T="undefined" />
	<Point X="187" Y="204" T="undefined" />
	<Point X="187" Y="205" T="undefined" />
</Gesture>