<?xml version="1.0" encoding="utf-8" standalone="yes"?>
<Gesture Name="Circle6" NumPts="47">
	<Point X="259" Y="234" T="undefined" />
	<Point X="259" Y="234" T="undefined" />
	<Point X="259" Y="234" T="undefined" />
	<Point X="258" Y="235" T="undefined" />
	<Point X="253" Y="237" T="undefined" />
	<Point X="243" Y="242" T="undefined" />
	<Point X="229" Y="249" T="undefined" />
	<Point X="217" Y="255" T="undefined" />
	<Point X="209" Y="261" T="undefined" />
	<Point X="203" Y="265" T="undefined" />
	<Point X="202" Y="268" T="undefined" />
	<Point X="201" Y="271" T="undefined" />
	<Point X="201" Y="278" T="undefined" />
	<Point X="202" Y="286" T="undefined" />
	<Point X="207" Y="296" T="undefined" />
	<Point X="215" Y="306" T="undefined" />
	<Point X="229" Y="320" T="undefined" />
	<Point X="243" Y="331" T="undefined" />
	<Point X="256" Y="337" T="undefined" />
	<Point X="267" Y="340" T="undefined" />
	<Point X="275" Y="342" T="undefined" />
	<Point X="283" Y="342" T="undefined" />
	<Point X="292" Y="342" T="undefined" />
	<Point X="301" Y="342" T="undefined" />
	<Point X="311" Y="341" T="undefined" />
	<Point X="320" Y="337" T="undefined" />
	<Point X="325" Y="334" T="undefined" />
	<Point X="327" Y="332" T="undefined" />
	<Point X="329" Y="326" T="undefined" />
	<Point X="330" Y="321" T="undefined" />
	<Point X="327" Y="308" T="undefined" />
	<Point X="320" Y="296" T="undefined" />
	<Point X="312" Y="286" T="undefined" />
	<Point X="302" Y="277" T="undefined" />
	<Point X="296" Y="272" T="undefined" />
	<Point X="292" Y="268" T="undefined" />
	<Point X="287" Y="264" T="undefined" />
	<Point X="283" Y="261" T="undefined" />
	<Point X="277" Y="256" T="undefined" />
	<Point X="268" Y="249" T="undefined" />
	<Point X="262" Y="245" T="undefined" />
	<Point X="258" Y="245" T="undefined" />
	<Point X="255" Y="244" T="undefined" />
	<Point X="252" Y="244" T="undefined" />
	<Point X="250" Y="245" T="undefined" />
	<Point X="248" Y="246" T="undefined" />
	<Point X="247" Y="247" T="undefined" />
</Gesture>