<?xml version="1.0" encoding="utf-8" standalone="yes"?>
<Gesture Name="Circle5" NumPts="46">
	<Point X="306" Y="194" T="undefined" />
	<Point X="306" Y="194" T="undefined" />
	<Point X="305" Y="194" T="undefined" />
	<Point X="305" Y="193" T="undefined" />
	<Point X="299" Y="193" T="undefined" />
	<Point X="282" Y="197" T="undefined" />
	<Point X="266" Y="204" T="undefined" />
	<Point X="251" Y="214" T="undefined" />
	<Point X="242" Y="221" T="undefined" />
	<Point X="234" Y="229" T="undefined" />
	<Point X="229" Y="233" T="undefined" />
	<Point X="225" Y="236" T="undefined" />
	<Point X="224" Y="238" T="undefined" />
	<Point X="223" Y="246" T="undefined" />
	<Point X="223" Y="254" T="undefined" />
	<Point X="227" Y="266" T="undefined" />
	<Point X="233" Y="278" T="undefined" />
	<Point X="243" Y="288" T="undefined" />
	<Point X="255" Y="300" T="undefined" />
	<Point X="267" Y="307" T="undefined" />
	<Point X="280" Y="310" T="undefined" />
	<Point X="293" Y="312" T="undefined" />
	<Point X="306" Y="312" T="undefined" />
	<Point X="321" Y="312" T="undefined" />
	<Point X="332" Y="309" T="undefined" />
	<Point X="343" Y="306" T="undefined" />
	<Point X="350" Y="304" T="undefined" />
	<Point X="356" Y="301" T="undefined" />
	<Point X="362" Y="295" T="undefined" />
	<Point X="363" Y="287" T="undefined" />
	<Point X="363" Y="275" T="undefined" />
	<Point X="362" Y="260" T="undefined" />
	<Point X="357" Y="240" T="undefined" />
	<Point X="347" Y="222" T="undefined" />
	<Point X="335" Y="206" T="undefined" />
	<Point X="324" Y="197" T="undefined" />
	<Point X="314" Y="191" T="undefined" />
	<Point X="311" Y="191" T="undefined" />
	<Point X="307" Y="191" T="undefined" />
	<Point X="302" Y="191" T="undefined" />
	<Point X="295" Y="193" T="undefined" />
	<Point X="289" Y="195" T="undefined" />
	<Point X="285" Y="197" T="undefined" />
	<Point X="283" Y="198" T="undefined" />
	<Point X="282" Y="199" T="undefined" />
	<Point X="281" Y="200" T="undefined" />
</Gesture>