<?xml version="1.0" encoding="utf-8" standalone="yes"?>
<Gesture Name="Delete4" NumPts="36">
	<Point X="188" Y="204" T="undefined" />
	<Point X="188" Y="204" T="undefined" />
	<Point X="189" Y="204" T="undefined" />
	<Point X="192" Y="204" T="undefined" />
	<Point X="198" Y="205" T="undefined" />
	<Point X="207" Y="208" T="undefined" />
	<Point X="215" Y="213" T="undefined" />
	<Point X="226" Y="224" T="undefined" />
	<Point X="241" Y="240" T="undefined" />
	<Point X="262" Y="263" T="undefined" />
	<Point X="283" Y="282" T="undefined" />
	<Point X="296" Y="295" T="undefined" />
	<Point X="304" Y="302" T="undefined" />
	<Point X="305" Y="302" T="undefined" />
	<Point X="306" Y="303" T="undefined" />
	<Point X="306" Y="304" T="undefined" />
	<Point X="306" Y="305" T="undefined" />
	<Point X="304" Y="305" T="undefined" />
	<Point X="298" Y="307" T="undefined" />
	<Point X="289" Y="307" T="undefined" />
	<Point X="274" Y="308" T="undefined" />
	<Point X="256" Y="308" T="undefined" />
	<Point X="235" Y="308" T="undefined" />
	<Point X="217" Y="309" T="undefined" />
	<Point X="201" Y="312" T="undefined" />
	<Point X="194" Y="313" T="undefined" />
	<Point X="192" Y="313" T="undefined" />
	<Point X="192" Y="312" T="undefined" />
	<Point X="194" Y="310" T="undefined" />
	<Point X="202" Y="302" T="undefined" />
	<Point X="213" Y="289" T="undefined" />
	<Point X="234" Y="268" T="undefined" />
	<Point X="260" Y="244" T="undefined" />
	<Point X="286" Y="219" T="undefined" />
	<Point X="311" Y="200" T="undefined" />
	<Point X="326" Y="195" T="undefined" />
</Gesture>