<?xml version="1.0" encoding="utf-8" standalone="yes"?>
<Gesture Name="Delete1" NumPts="45">
	<Point X="137" Y="164" T="undefined" />
	<Point X="144" Y="169" T="undefined" />
	<Point X="154" Y="176" T="undefined" />
	<Point X="166" Y="187" T="undefined" />
	<Point X="179" Y="200" T="undefined" />
	<Point X="195" Y="215" T="undefined" />
	<Point X="209" Y="229" T="undefined" />
	<Point X="227" Y="249" T="undefined" />
	<Point X="244" Y="270" T="undefined" />
	<Point X="258" Y="286" T="undefined" />
	<Point X="265" Y="297" T="undefined" />
	<Point X="270" Y="305" T="undefined" />
	<Point X="275" Y="312" T="undefined" />
	<Point X="278" Y="315" T="undefined" />
	<Point X="279" Y="315" T="undefined" />
	<Point X="279" Y="315" T="undefined" />
	<Point X="278" Y="315" T="undefined" />
	<Point X="267" Y="314" T="undefined" />
	<Point X="251" Y="310" T="undefined" />
	<Point X="231" Y="306" T="undefined" />
	<Point X="211" Y="302" T="undefined" />
	<Point X="198" Y="300" T="undefined" />
	<Point X="183" Y="297" T="undefined" />
	<Point X="167" Y="293" T="undefined" />
	<Point X="152" Y="292" T="undefined" />
	<Point X="142" Y="291" T="undefined" />
	<Point X="133" Y="289" T="undefined" />
	<Point X="125" Y="288" T="undefined" />
	<Point X="114" Y="286" T="undefined" />
	<Point X="104" Y="285" T="undefined" />
	<Point X="95" Y="285" T="undefined" />
	<Point X="94" Y="284" T="undefined" />
	<Point X="95" Y="283" T="undefined" />
	<Point X="96" Y="282" T="undefined" />
	<Point X="103" Y="278" T="undefined" />
	<Point X="112" Y="274" T="undefined" />
	<Point X="123" Y="267" T="undefined" />
	<Point X="143" Y="256" T="undefined" />
	<Point X="166" Y="241" T="undefined" />
	<Point X="199" Y="224" T="undefined" />
	<Point X="242" Y="205" T="undefined" />
	<Point X="270" Y="192" T="undefined" />
	<Point X="313" Y="173" T="undefined" />
	<Point X="326" Y="165" T="undefined" />
	<Point X="328" Y="162" T="undefined" />
</Gesture>