<?xml version="1.0" encoding="utf-8" standalone="yes"?>
<Gesture Name="Delete7" NumPts="37">
	<Point X="212" Y="175" T="undefined" />
	<Point X="219" Y="178" T="undefined" />
	<Point X="228" Y="183" T="undefined" />
	<Point X="242" Y="190" T="undefined" />
	<Point X="263" Y="199" T="undefined" />
	<Point X="286" Y="211" T="undefined" />
	<Point X="309" Y="223" T="undefined" />
	<Point X="327" Y="237" T="undefined" />
	<Point X="338" Y="249" T="undefined" />
	<Point X="348" Y="262" T="undefined" />
	<Point X="354" Y="269" T="undefined" />
	<Point X="355" Y="272" T="undefined" />
	<Point X="355" Y="272" T="undefined" />
	<Point X="355" Y="273" T="undefined" />
	<Point X="353" Y="274" T="undefined" />
	<Point X="345" Y="277" T="undefined" />
	<Point X="326" Y="280" T="undefined" />
	<Point X="299" Y="283" T="undefined" />
	<Point X="270" Y="285" T="undefined" />
	<Point X="242" Y="288" T="undefined" />
	<Point X="221" Y="291" T="undefined" />
	<Point X="207" Y="293" T="undefined" />
	<Point X="204" Y="293" T="undefined" />
	<Point X="204" Y="292" T="undefined" />
	<Point X="204" Y="291" T="undefined" />
	<Point X="203" Y="290" T="undefined" />
	<Point X="203" Y="289" T="undefined" />
	<Point X="204" Y="285" T="undefined" />
	<Point X="211" Y="276" T="undefined" />
	<Point X="224" Y="262" T="undefined" />
	<Point X="241" Y="243" T="undefined" />
	<Point X="265" Y="219" T="undefined" />
	<Point X="296" Y="192" T="undefined" />
	<Point X="329" Y="166" T="undefined" />
	<Point X="360" Y="142" T="undefined" />
	<Point X="381" Y="128" T="undefined" />
	<Point X="392" Y="121" T="undefined" />
</Gesture>