<?xml version="1.0" encoding="utf-8" standalone="yes"?>
<Gesture Name="Delete6" NumPts="34">
	<Point X="206" Y="205" T="undefined" />
	<Point X="217" Y="212" T="undefined" />
	<Point X="233" Y="225" T="undefined" />
	<Point X="254" Y="243" T="undefined" />
	<Point X="279" Y="265" T="undefined" />
	<Point X="300" Y="285" T="undefined" />
	<Point X="311" Y="296" T="undefined" />
	<Point X="317" Y="303" T="undefined" />
	<Point X="319" Y="305" T="undefined" />
	<Point X="320" Y="307" T="undefined" />
	<Point X="321" Y="308" T="undefined" />
	<Point X="321" Y="309" T="undefined" />
	<Point X="321" Y="309" T="undefined" />
	<Point X="316" Y="311" T="undefined" />
	<Point X="304" Y="312" T="undefined" />
	<Point X="285" Y="312" T="undefined" />
	<Point X="260" Y="309" T="undefined" />
	<Point X="238" Y="306" T="undefined" />
	<Point X="220" Y="303" T="undefined" />
	<Point X="212" Y="300" T="undefined" />
	<Point X="205" Y="298" T="undefined" />
	<Point X="199" Y="298" T="undefined" />
	<Point X="195" Y="298" T="undefined" />
	<Point X="192" Y="298" T="undefined" />
	<Point X="191" Y="298" T="undefined" />
	<Point X="191" Y="297" T="undefined" />
	<Point X="193" Y="295" T="undefined" />
	<Point X="201" Y="287" T="undefined" />
	<Point X="218" Y="272" T="undefined" />
	<Point X="249" Y="255" T="undefined" />
	<Point X="287" Y="239" T="undefined" />
	<Point X="326" Y="227" T="undefined" />
	<Point X="354" Y="218" T="undefined" />
	<Point X="367" Y="211" T="undefined" />
</Gesture>