<?xml version="1.0" encoding="utf-8" standalone="yes"?>
<Gesture Name="Delete2" NumPts="82">
	<Point X="324" Y="173" T="undefined" />
	<Point X="324" Y="173" T="undefined" />
	<Point X="322" Y="173" T="undefined" />
	<Point X="314" Y="174" T="undefined" />
	<Point X="302" Y="175" T="undefined" />
	<Point X="290" Y="176" T="undefined" />
	<Point X="280" Y="177" T="undefined" />
	<Point X="274" Y="180" T="undefined" />
	<Point X="270" Y="182" T="undefined" />
	<Point X="266" Y="187" T="undefined" />
	<Point X="265" Y="189" T="undefined" />
	<Point X="263" Y="193" T="undefined" />
	<Point X="262" Y="198" T="undefined" />
	<Point X="261" Y="200" T="undefined" />
	<Point X="261" Y="203" T="undefined" />
	<Point X="261" Y="206" T="undefined" />
	<Point X="260" Y="213" T="undefined" />
	<Point X="260" Y="220" T="undefined" />
	<Point X="261" Y="227" T="undefined" />
	<Point X="262" Y="236" T="undefined" />
	<Point X="262" Y="245" T="undefined" />
	<Point X="262" Y="251" T="undefined" />
	<Point X="262" Y="255" T="undefined" />
	<Point X="262" Y="260" T="undefined" />
	<Point X="262" Y="264" T="undefined" />
	<Point X="261" Y="267" T="undefined" />
	<Point X="260" Y="272" T="undefined" />
	<Point X="259" Y="278" T="undefined" />
	<Point X="257" Y="285" T="undefined" />
	<Point X="256" Y="294" T="undefined" />
	<Point X="256" Y="302" T="undefined" />
	<Point X="256" Y="309" T="undefined" />
	<Point X="256" Y="313" T="undefined" />
	<Point X="256" Y="316" T="undefined" />
	<Point X="256" Y="319" T="undefined" />
	<Point X="256" Y="321" T="undefined" />
	<Point X="256" Y="324" T="undefined" />
	<Point X="256" Y="325" T="undefined" />
	<Point X="255" Y="326" T="undefined" />
	<Point X="254" Y="326" T="undefined" />
	<Point X="249" Y="327" T="undefined" />
	<Point X="245" Y="327" T="undefined" />
	<Point X="240" Y="327" T="undefined" />
	<Point X="234" Y="327" T="undefined" />
	<Point X="231" Y="327" T="undefined" />
	<Point X="230" Y="327" T="undefined" />
	<Point X="229" Y="327" T="undefined" />
	<Point X="227" Y="327" T="undefined" />
	<Point X="222" Y="326" T="undefined" />
	<Point X="217" Y="326" T="undefined" />
	<Point X="216" Y="326" T="undefined" />
	<Point X="217" Y="326" T="undefined" />
	<Point X="218" Y="326" T="undefined" />
	<Point X="225" Y="330" T="undefined" />
	<Point X="235" Y="342" T="undefined" />
	<Point X="248" Y="354" T="undefined" />
	<Point X="255" Y="361" T="undefined" />
	<Point X="256" Y="363" T="undefined" />
	<Point X="256" Y="364" T="undefined" />
	<Point X="256" Y="365" T="undefined" />
	<Point X="256" Y="370" T="undefined" />
	<Point X="257" Y="378" T="undefined" />
	<Point X="260" Y="389" T="undefined" />
	<Point X="263" Y="400" T="undefined" />
	<Point X="267" Y="410" T="undefined" />
	<Point X="272" Y="418" T="undefined" />
	<Point X="278" Y="425" T="undefined" />
	<Point X="281" Y="429" T="undefined" />
	<Point X="283" Y="432" T="undefined" />
	<Point X="286" Y="434" T="undefined" />
	<Point X="288" Y="437" T="undefined" />
	<Point X="292" Y="439" T="undefined" />
	<Point X="297" Y="441" T="undefined" />
	<Point X="302" Y="443" T="undefined" />
	<Point X="308" Y="445" T="undefined" />
	<Point X="318" Y="448" T="undefined" />
	<Point X="330" Y="452" T="undefined" />
	<Point X="341" Y="454" T="undefined" />
	<Point X="347" Y="454" T="undefined" />
	<Point X="350" Y="454" T="undefined" />
	<Point X="352" Y="454" T="undefined" />
	<Point X="354" Y="454" T="undefined" />
</Gesture>