<?xml version="1.0" encoding="utf-8" standalone="yes"?>
<Gesture Name="Delete5" NumPts="38">
	<Point X="179" Y="229" T="undefined" />
	<Point X="179" Y="229" T="undefined" />
	<Point X="180" Y="229" T="undefined" />
	<Point X="184" Y="230" T="undefined" />
	<Point X="194" Y="234" T="undefined" />
	<Point X="215" Y="248" T="undefined" />
	<Point X="245" Y="268" T="undefined" />
	<Point X="273" Y="284" T="undefined" />
	<Point X="291" Y="295" T="undefined" />
	<Point X="298" Y="300" T="undefined" />
	<Point X="299" Y="303" T="undefined" />
	<Point X="300" Y="304" T="undefined" />
	<Point X="300" Y="305" T="undefined" />
	<Point X="300" Y="306" T="undefined" />
	<Point X="300" Y="307" T="undefined" />
	<Point X="300" Y="308" T="undefined" />
	<Point X="300" Y="309" T="undefined" />
	<Point X="298" Y="310" T="undefined" />
	<Point X="295" Y="310" T="undefined" />
	<Point X="287" Y="310" T="undefined" />
	<Point X="265" Y="308" T="undefined" />
	<Point X="236" Y="305" T="undefined" />
	<Point X="210" Y="303" T="undefined" />
	<Point X="195" Y="303" T="undefined" />
	<Point X="193" Y="303" T="undefined" />
	<Point X="193" Y="302" T="undefined" />
	<Point X="193" Y="301" T="undefined" />
	<Point X="192" Y="300" T="undefined" />
	<Point X="191" Y="297" T="undefined" />
	<Point X="191" Y="296" T="undefined" />
	<Point X="192" Y="296" T="undefined" />
	<Point X="196" Y="292" T="undefined" />
	<Point X="202" Y="287" T="undefined" />
	<Point X="214" Y="278" T="undefined" />
	<Point X="234" Y="262" T="undefined" />
	<Point X="260" Y="240" T="undefined" />
	<Point X="280" Y="224" T="undefined" />
	<Point X="292" Y="217" T="undefined" />
</Gesture>