<?xml version="1.0" encoding="utf-8" standalone="yes"?>
<Gesture Name="Delete3" NumPts="90">
	<Point X="260" Y="153" T="undefined" />
	<Point X="259" Y="153" T="undefined" />
	<Point X="257" Y="154" T="undefined" />
	<Point X="255" Y="155" T="undefined" />
	<Point X="254" Y="155" T="undefined" />
	<Point X="252" Y="156" T="undefined" />
	<Point X="249" Y="158" T="undefined" />
	<Point X="242" Y="161" T="undefined" />
	<Point X="236" Y="164" T="undefined" />
	<Point X="228" Y="168" T="undefined" />
	<Point X="221" Y="171" T="undefined" />
	<Point X="217" Y="173" T="undefined" />
	<Point X="215" Y="174" T="undefined" />
	<Point X="215" Y="175" T="undefined" />
	<Point X="214" Y="175" T="undefined" />
	<Point X="214" Y="176" T="undefined" />
	<Point X="213" Y="178" T="undefined" />
	<Point X="212" Y="180" T="undefined" />
	<Point X="211" Y="183" T="undefined" />
	<Point X="210" Y="186" T="undefined" />
	<Point X="210" Y="190" T="undefined" />
	<Point X="209" Y="196" T="undefined" />
	<Point X="209" Y="203" T="undefined" />
	<Point X="211" Y="213" T="undefined" />
	<Point X="214" Y="221" T="undefined" />
	<Point X="215" Y="224" T="undefined" />
	<Point X="216" Y="228" T="undefined" />
	<Point X="217" Y="231" T="undefined" />
	<Point X="219" Y="236" T="undefined" />
	<Point X="221" Y="241" T="undefined" />
	<Point X="223" Y="249" T="undefined" />
	<Point X="225" Y="256" T="undefined" />
	<Point X="227" Y="264" T="undefined" />
	<Point X="230" Y="272" T="undefined" />
	<Point X="232" Y="276" T="undefined" />
	<Point X="233" Y="279" T="undefined" />
	<Point X="233" Y="280" T="undefined" />
	<Point X="233" Y="281" T="undefined" />
	<Point X="233" Y="282" T="undefined" />
	<Point X="234" Y="282" T="undefined" />
	<Point X="234" Y="284" T="undefined" />
	<Point X="235" Y="286" T="undefined" />
	<Point X="236" Y="287" T="undefined" />
	<Point X="235" Y="287" T="undefined" />
	<Point X="234" Y="287" T="undefined" />
	<Point X="230" Y="289" T="undefined" />
	<Point X="226" Y="291" T="undefined" />
	<Point X="221" Y="294" T="undefined" />
	<Point X="217" Y="296" T="undefined" />
	<Point X="213" Y="298" T="undefined" />
	<Point X="212" Y="298" T="undefined" />
	<Point X="211" Y="299" T="undefined" />
	<Point X="210" Y="299" T="undefined" />
	<Point X="210" Y="300" T="undefined" />
	<Point X="211" Y="301" T="undefined" />
	<Point X="214" Y="305" T="undefined" />
	<Point X="220" Y="311" T="undefined" />
	<Point X="226" Y="315" T="undefined" />
	<Point X="231" Y="318" T="undefined" />
	<Point X="232" Y="319" T="undefined" />
	<Point X="232" Y="320" T="undefined" />
	<Point X="232" Y="321" T="undefined" />
	<Point X="232" Y="324" T="undefined" />
	<Point X="234" Y="333" T="undefined" />
	<Point X="236" Y="345" T="undefined" />
	<Point X="240" Y="360" T="undefined" />
	<Point X="246" Y="374" T="undefined" />
	<Point X="251" Y="382" T="undefined" />
	<Point X="254" Y="389" T="undefined" />
	<Point X="255" Y="392" T="undefined" />
	<Point X="257" Y="398" T="undefined" />
	<Point X="261" Y="403" T="undefined" />
	<Point X="263" Y="408" T="undefined" />
	<Point X="266" Y="414" T="undefined" />
	<Point X="268" Y="419" T="undefined" />
	<Point X="270" Y="423" T="undefined" />
	<Point X="272" Y="428" T="undefined" />
	<Point X="276" Y="432" T="undefined" />
	<Point X="278" Y="433" T="undefined" />
	<Point X="281" Y="434" T="undefined" />
	<Point X="284" Y="435" T="undefined" />
	<Point X="292" Y="436" T="undefined" />
	<Point X="298" Y="436" T="undefined" />
	<Point X="301" Y="437" T="undefined" />
	<Point X="305" Y="437" T="undefined" />
	<Point X="309" Y="437" T="undefined" />
	<Point X="316" Y="435" T="undefined" />
	<Point X="320" Y="434" T="undefined" />
	<Point X="322" Y="433" T="undefined" />
	<Point X="323" Y="433" T="undefined" />
</Gesture>