<?xml version="1.0" encoding="utf-8" standalone="yes"?>
<Gesture Name="Delete9" NumPts="34">
	<Point X="206" Y="224" T="undefined" />
	<Point X="210" Y="226" T="undefined" />
	<Point X="216" Y="233" T="undefined" />
	<Point X="226" Y="242" T="undefined" />
	<Point X="240" Y="256" T="undefined" />
	<Point X="254" Y="269" T="undefined" />
	<Point X="263" Y="279" T="undefined" />
	<Point X="269" Y="284" T="undefined" />
	<Point X="272" Y="288" T="undefined" />
	<Point X="274" Y="291" T="undefined" />
	<Point X="277" Y="294" T="undefined" />
	<Point X="280" Y="298" T="undefined" />
	<Point X="281" Y="299" T="undefined" />
	<Point X="283" Y="301" T="undefined" />
	<Point X="284" Y="302" T="undefined" />
	<Point X="283" Y="302" T="undefined" />
	<Point X="282" Y="302" T="undefined" />
	<Point X="273" Y="302" T="undefined" />
	<Point X="262" Y="299" T="undefined" />
	<Point X="248" Y="297" T="undefined" />
	<Point X="232" Y="292" T="undefined" />
	<Point X="221" Y="289" T="undefined" />
	<Point X="215" Y="288" T="undefined" />
	<Point X="214" Y="288" T="undefined" />
	<Point X="215" Y="288" T="undefined" />
	<Point X="216" Y="288" T="undefined" />
	<Point X="220" Y="288" T="undefined" />
	<Point X="231" Y="286" T="undefined" />
	<Point X="248" Y="278" T="undefined" />
	<Point X="278" Y="262" T="undefined" />
	<Point X="313" Y="249" T="undefined" />
	<Point X="339" Y="241" T="undefined" />
	<Point X="359" Y="237" T="undefined" />
	<Point X="370" Y="236" T="undefined" />
</Gesture>