<?xml version="1.0" encoding="utf-8" standalone="yes"?>
<Gesture Name="Delete0" NumPts="47">
	<Point X="185" Y="170" T="undefined" />
	<Point X="192" Y="171" T="undefined" />
	<Point X="203" Y="176" T="undefined" />
	<Point X="218" Y="180" T="undefined" />
	<Point X="230" Y="184" T="undefined" />
	<Point X="240" Y="189" T="undefined" />
	<Point X="249" Y="193" T="undefined" />
	<Point X="261" Y="201" T="undefined" />
	<Point X="275" Y="211" T="undefined" />
	<Point X="286" Y="220" T="undefined" />
	<Point X="296" Y="230" T="undefined" />
	<Point X="312" Y="247" T="undefined" />
	<Point X="328" Y="262" T="undefined" />
	<Point X="343" Y="275" T="undefined" />
	<Point X="344" Y="276" T="undefined" />
	<Point X="353" Y="285" T="undefined" />
	<Point X="354" Y="286" T="undefined" />
	<Point X="354" Y="287" T="undefined" />
	<Point X="354" Y="288" T="undefined" />
	<Point X="353" Y="288" T="undefined" />
	<Point X="351" Y="289" T="undefined" />
	<Point X="338" Y="293" T="undefined" />
	<Point X="329" Y="296" T="undefined" />
	<Point X="314" Y="301" T="undefined" />
	<Point X="294" Y="305" T="undefined" />
	<Point X="269" Y="309" T="undefined" />
	<Point X="240" Y="312" T="undefined" />
	<Point X="214" Y="315" T="undefined" />
	<Point X="186" Y="316" T="undefined" />
	<Point X="165" Y="316" T="undefined" />
	<Point X="158" Y="315" T="undefined" />
	<Point X="157" Y="315" T="undefined" />
	<Point X="158" Y="315" T="undefined" />
	<Point X="162" Y="314" T="undefined" />
	<Point X="168" Y="312" T="undefined" />
	<Point X="175" Y="310" T="undefined" />
	<Point X="184" Y="306" T="undefined" />
	<Point X="197" Y="298" T="undefined" />
	<Point X="212" Y="284" T="undefined" />
	<Point X="222" Y="274" T="undefined" />
	<Point X="231" Y="261" T="undefined" />
	<Point X="244" Y="245" T="undefined" />
	<Point X="268" Y="227" T="undefined" />
	<Point X="304" Y="212" T="undefined" />
	<Point X="341" Y="196" T="undefined" />
	<Point X="370" Y="178" T="undefined" />
	<Point X="386" Y="168" T="undefined" />
</Gesture>