<?xml version="1.0" encoding="utf-8" standalone="yes"?>
<Gesture Name="Delete8" NumPts="37">
	<Point X="212" Y="206" T="undefined" />
	<Point X="212" Y="206" T="undefined" />
	<Point X="213" Y="207" T="undefined" />
	<Point X="218" Y="213" T="undefined" />
	<Point X="233" Y="227" T="undefined" />
	<Point X="240" Y="234" T="undefined" />
	<Point X="248" Y="246" T="undefined" />
	<Point X="253" Y="252" T="undefined" />
	<Point X="260" Y="262" T="undefined" />
	<Point X="265" Y="270" T="undefined" />
	<Point X="269" Y="276" T="undefined" />
	<Point X="272" Y="280" T="undefined" />
	<Point X="273" Y="281" T="undefined" />
	<Point X="273" Y="283" T="undefined" />
	<Point X="273" Y="283" T="undefined" />
	<Point X="273" Y="284" T="undefined" />
	<Point X="272" Y="285" T="undefined" />
	<Point X="267" Y="287" T="undefined" />
	<Point X="262" Y="288" T="undefined" />
	<Point X="253" Y="288" T="undefined" />
	<Point X="239" Y="285" T="undefined" />
	<Point X="226" Y="280" T="undefined" />
	<Point X="214" Y="277" T="undefined" />
	<Point X="204" Y="274" T="undefined" />
	<Point X="200" Y="274" T="undefined" />
	<Point X="199" Y="274" T="undefined" />
	<Point X="197" Y="273" T="undefined" />
	<Point X="197" Y="272" T="undefined" />
	<Point X="198" Y="272" T="undefined" />
	<Point X="203" Y="266" T="undefined" />
	<Point X="214" Y="259" T="undefined" />
	<Point X="227" Y="250" T="undefined" />
	<Point X="240" Y="241" T="undefined" />
	<Point X="257" Y="230" T="undefined" />
	<Point X="279" Y="217" T="undefined" />
	<Point X="299" Y="206" T="undefined" />
	<Point X="316" Y="197" T="undefined" />
</Gesture>