<?xml version="1.0" encoding="utf-8" standalone="yes"?>
<Gesture Name="Left Curly Brace5" NumPts="75">
	<Point X="220" Y="201" T="undefined" />
	<Point X="220" Y="201" T="undefined" />
	<Point X="220" Y="200" T="undefined" />
	<Point X="220" Y="199" T="undefined" />
	<Point X="219" Y="198" T="undefined" />
	<Point X="217" Y="197" T="undefined" />
	<Point X="214" Y="196" T="undefined" />
	<Point X="211" Y="195" T="undefined" />
	<Point X="208" Y="195" T="undefined" />
	<Point X="201" Y="195" T="undefined" />
	<Point X="193" Y="197" T="undefined" />
	<Point X="185" Y="199" T="undefined" />
	<Point X="174" Y="203" T="undefined" />
	<Point X="165" Y="208" T="undefined" />
	<Point X="157" Y="212" T="undefined" />
	<Point X="152" Y="216" T="undefined" />
	<Point X="150" Y="219" T="undefined" />
	<Point X="149" Y="225" T="undefined" />
	<Point X="148" Y="233" T="undefined" />
	<Point X="148" Y="241" T="undefined" />
	<Point X="151" Y="248" T="undefined" />
	<Point X="155" Y="254" T="undefined" />
	<Point X="159" Y="258" T="undefined" />
	<Point X="162" Y="261" T="undefined" />
	<Point X="165" Y="265" T="undefined" />
	<Point X="168" Y="271" T="undefined" />
	<Point X="173" Y="277" T="undefined" />
	<Point X="175" Y="278" T="undefined" />
	<Point X="174" Y="279" T="undefined" />
	<Point X="173" Y="279" T="undefined" />
	<Point X="169" Y="281" T="undefined" />
	<Point X="164" Y="284" T="undefined" />
	<Point X="160" Y="286" T="undefined" />
	<Point X="156" Y="288" T="undefined" />
	<Point X="155" Y="289" T="undefined" />
	<Point X="154" Y="289" T="undefined" />
	<Point X="154" Y="290" T="undefined" />
	<Point X="153" Y="290" T="undefined" />
	<Point X="152" Y="290" T="undefined" />
	<Point X="151" Y="291" T="undefined" />
	<Point X="148" Y="292" T="undefined" />
	<Point X="148" Y="293" T="undefined" />
	<Point X="149" Y="293" T="undefined" />
	<Point X="153" Y="294" T="undefined" />
	<Point X="162" Y="298" T="undefined" />
	<Point X="173" Y="304" T="undefined" />
	<Point X="185" Y="310" T="undefined" />
	<Point X="190" Y="313" T="undefined" />
	<Point X="191" Y="313" T="undefined" />
	<Point X="191" Y="314" T="undefined" />
	<Point X="191" Y="315" T="undefined" />
	<Point X="191" Y="316" T="undefined" />
	<Point X="191" Y="320" T="undefined" />
	<Point X="191" Y="326" T="undefined" />
	<Point X="190" Y="339" T="undefined" />
	<Point X="191" Y="355" T="undefined" />
	<Point X="191" Y="370" T="undefined" />
	<Point X="193" Y="381" T="undefined" />
	<Point X="194" Y="390" T="undefined" />
	<Point X="194" Y="392" T="undefined" />
	<Point X="196" Y="394" T="undefined" />
	<Point X="196" Y="395" T="undefined" />
	<Point X="198" Y="396" T="undefined" />
	<Point X="201" Y="399" T="undefined" />
	<Point X="205" Y="402" T="undefined" />
	<Point X="208" Y="405" T="undefined" />
	<Point X="213" Y="406" T="undefined" />
	<Point X="220" Y="409" T="undefined" />
	<Point X="226" Y="411" T="undefined" />
	<Point X="232" Y="412" T="undefined" />
	<Point X="240" Y="413" T="undefined" />
	<Point X="245" Y="413" T="undefined" />
	<Point X="252" Y="415" T="undefined" />
	<Point X="257" Y="415" T="undefined" />
	<Point X="259" Y="415" T="undefined" />
</Gesture>