<?xml version="1.0" encoding="utf-8" standalone="yes"?>
<Gesture Name="Left Curly Brace2" NumPts="91">
	<Point X="304" Y="158" T="undefined" />
	<Point X="304" Y="158" T="undefined" />
	<Point X="304" Y="158" T="undefined" />
	<Point X="303" Y="158" T="undefined" />
	<Point X="302" Y="158" T="undefined" />
	<Point X="300" Y="158" T="undefined" />
	<Point X="297" Y="158" T="undefined" />
	<Point X="294" Y="158" T="undefined" />
	<Point X="293" Y="158" T="undefined" />
	<Point X="284" Y="158" T="undefined" />
	<Point X="277" Y="158" T="undefined" />
	<Point X="271" Y="159" T="undefined" />
	<Point X="265" Y="161" T="undefined" />
	<Point X="261" Y="163" T="undefined" />
	<Point X="257" Y="164" T="undefined" />
	<Point X="252" Y="166" T="undefined" />
	<Point X="249" Y="168" T="undefined" />
	<Point X="246" Y="169" T="undefined" />
	<Point X="245" Y="171" T="undefined" />
	<Point X="242" Y="173" T="undefined" />
	<Point X="239" Y="177" T="undefined" />
	<Point X="238" Y="181" T="undefined" />
	<Point X="238" Y="185" T="undefined" />
	<Point X="238" Y="189" T="undefined" />
	<Point X="240" Y="197" T="undefined" />
	<Point X="243" Y="204" T="undefined" />
	<Point X="246" Y="213" T="undefined" />
	<Point X="248" Y="219" T="undefined" />
	<Point X="250" Y="227" T="undefined" />
	<Point X="253" Y="236" T="undefined" />
	<Point X="257" Y="246" T="undefined" />
	<Point X="260" Y="253" T="undefined" />
	<Point X="262" Y="256" T="undefined" />
	<Point X="262" Y="258" T="undefined" />
	<Point X="262" Y="259" T="undefined" />
	<Point X="262" Y="261" T="undefined" />
	<Point X="262" Y="262" T="undefined" />
	<Point X="261" Y="262" T="undefined" />
	<Point X="260" Y="262" T="undefined" />
	<Point X="258" Y="262" T="undefined" />
	<Point X="254" Y="262" T="undefined" />
	<Point X="251" Y="263" T="undefined" />
	<Point X="246" Y="265" T="undefined" />
	<Point X="243" Y="265" T="undefined" />
	<Point X="238" Y="267" T="undefined" />
	<Point X="234" Y="269" T="undefined" />
	<Point X="232" Y="270" T="undefined" />
	<Point X="233" Y="271" T="undefined" />
	<Point X="234" Y="271" T="undefined" />
	<Point X="242" Y="273" T="undefined" />
	<Point X="249" Y="276" T="undefined" />
	<Point X="254" Y="279" T="undefined" />
	<Point X="259" Y="283" T="undefined" />
	<Point X="263" Y="285" T="undefined" />
	<Point X="266" Y="287" T="undefined" />
	<Point X="269" Y="288" T="undefined" />
	<Point X="269" Y="289" T="undefined" />
	<Point X="270" Y="289" T="undefined" />
	<Point X="270" Y="290" T="undefined" />
	<Point X="270" Y="291" T="undefined" />
	<Point X="268" Y="294" T="undefined" />
	<Point X="267" Y="298" T="undefined" />
	<Point X="267" Y="305" T="undefined" />
	<Point X="266" Y="311" T="undefined" />
	<Point X="266" Y="315" T="undefined" />
	<Point X="266" Y="320" T="undefined" />
	<Point X="266" Y="325" T="undefined" />
	<Point X="268" Y="337" T="undefined" />
	<Point X="271" Y="344" T="undefined" />
	<Point X="275" Y="354" T="undefined" />
	<Point X="280" Y="366" T="undefined" />
	<Point X="283" Y="373" T="undefined" />
	<Point X="284" Y="377" T="undefined" />
	<Point X="285" Y="380" T="undefined" />
	<Point X="287" Y="386" T="undefined" />
	<Point X="290" Y="392" T="undefined" />
	<Point X="294" Y="399" T="undefined" />
	<Point X="298" Y="404" T="undefined" />
	<Point X="302" Y="409" T="undefined" />
	<Point X="307" Y="412" T="undefined" />
	<Point X="310" Y="415" T="undefined" />
	<Point X="315" Y="417" T="undefined" />
	<Point X="322" Y="420" T="undefined" />
	<Point X="328" Y="421" T="undefined" />
	<Point X="333" Y="423" T="undefined" />
	<Point X="340" Y="424" T="undefined" />
	<Point X="345" Y="425" T="undefined" />
	<Point X="351" Y="426" T="undefined" />
	<Point X="355" Y="426" T="undefined" />
	<Point X="358" Y="427" T="undefined" />
	<Point X="359" Y="427" T="undefined" />
</Gesture>