<?xml version="1.0" encoding="utf-8" standalone="yes"?>
<Gesture Name="Left Square Bracket7" NumPts="30">
	<Point X="236" Y="189" T="undefined" />
	<Point X="236" Y="189" T="undefined" />
	<Point X="236" Y="189" T="undefined" />
	<Point X="235" Y="189" T="undefined" />
	<Point X="226" Y="192" T="undefined" />
	<Point X="212" Y="196" T="undefined" />
	<Point X="197" Y="201" T="undefined" />
	<Point X="184" Y="206" T="undefined" />
	<Point X="179" Y="208" T="undefined" />
	<Point X="179" Y="209" T="undefined" />
	<Point X="179" Y="209" T="undefined" />
	<Point X="179" Y="213" T="undefined" />
	<Point X="181" Y="224" T="undefined" />
	<Point X="187" Y="246" T="undefined" />
	<Point X="192" Y="273" T="undefined" />
	<Point X="195" Y="297" T="undefined" />
	<Point X="195" Y="313" T="undefined" />
	<Point X="195" Y="323" T="undefined" />
	<Point X="195" Y="328" T="undefined" />
	<Point X="195" Y="332" T="undefined" />
	<Point X="195" Y="337" T="undefined" />
	<Point X="195" Y="340" T="undefined" />
	<Point X="195" Y="344" T="undefined" />
	<Point X="196" Y="346" T="undefined" />
	<Point X="196" Y="347" T="undefined" />
	<Point X="201" Y="349" T="undefined" />
	<Point X="214" Y="354" T="undefined" />
	<Point X="235" Y="363" T="undefined" />
	<Point X="257" Y="371" T="undefined" />
	<Point X="272" Y="374" T="undefined" />
</Gesture>