<?xml version="1.0" encoding="utf-8" standalone="yes"?>
<Gesture Name="Left Square Bracket5" NumPts="29">
	<Point X="155" Y="183" T="undefined" />
	<Point X="155" Y="183" T="undefined" />
	<Point X="147" Y="184" T="undefined" />
	<Point X="130" Y="185" T="undefined" />
	<Point X="113" Y="188" T="undefined" />
	<Point X="99" Y="190" T="undefined" />
	<Point X="89" Y="191" T="undefined" />
	<Point X="87" Y="191" T="undefined" />
	<Point X="87" Y="191" T="undefined" />
	<Point X="87" Y="192" T="undefined" />
	<Point X="88" Y="195" T="undefined" />
	<Point X="91" Y="205" T="undefined" />
	<Point X="93" Y="222" T="undefined" />
	<Point X="93" Y="241" T="undefined" />
	<Point X="89" Y="262" T="undefined" />
	<Point X="84" Y="282" T="undefined" />
	<Point X="82" Y="291" T="undefined" />
	<Point X="82" Y="293" T="undefined" />
	<Point X="82" Y="294" T="undefined" />
	<Point X="83" Y="294" T="undefined" />
	<Point X="84" Y="294" T="undefined" />
	<Point X="92" Y="292" T="undefined" />
	<Point X="106" Y="288" T="undefined" />
	<Point X="128" Y="286" T="undefined" />
	<Point X="152" Y="284" T="undefined" />
	<Point X="172" Y="282" T="undefined" />
	<Point X="182" Y="281" T="undefined" />
	<Point X="183" Y="281" T="undefined" />
	<Point X="183" Y="282" T="undefined" />
</Gesture>