<?xml version="1.0" encoding="utf-8" standalone="yes"?>
<Gesture Name="Left Square Bracket3" NumPts="36">
	<Point X="309" Y="205" T="undefined" />
	<Point X="309" Y="205" T="undefined" />
	<Point X="309" Y="205" T="undefined" />
	<Point X="309" Y="204" T="undefined" />
	<Point X="308" Y="204" T="undefined" />
	<Point X="307" Y="204" T="undefined" />
	<Point X="298" Y="204" T="undefined" />
	<Point X="283" Y="207" T="undefined" />
	<Point X="260" Y="212" T="undefined" />
	<Point X="250" Y="215" T="undefined" />
	<Point X="239" Y="220" T="undefined" />
	<Point X="231" Y="224" T="undefined" />
	<Point X="225" Y="227" T="undefined" />
	<Point X="221" Y="231" T="undefined" />
	<Point X="221" Y="232" T="undefined" />
	<Point X="221" Y="233" T="undefined" />
	<Point X="221" Y="242" T="undefined" />
	<Point X="225" Y="261" T="undefined" />
	<Point X="231" Y="290" T="undefined" />
	<Point X="235" Y="326" T="undefined" />
	<Point X="239" Y="362" T="undefined" />
	<Point X="241" Y="390" T="undefined" />
	<Point X="243" Y="408" T="undefined" />
	<Point X="244" Y="413" T="undefined" />
	<Point X="244" Y="416" T="undefined" />
	<Point X="244" Y="417" T="undefined" />
	<Point X="245" Y="417" T="undefined" />
	<Point X="245" Y="418" T="undefined" />
	<Point X="248" Y="418" T="undefined" />
	<Point X="254" Y="420" T="undefined" />
	<Point X="265" Y="421" T="undefined" />
	<Point X="285" Y="422" T="undefined" />
	<Point X="311" Y="422" T="undefined" />
	<Point X="340" Y="420" T="undefined" />
	<Point X="364" Y="420" T="undefined" />
	<Point X="378" Y="419" T="undefined" />
</Gesture>