<?xml version="1.0" encoding="utf-8" standalone="yes"?>
<Gesture Name="Left Square Bracket2" NumPts="39">
	<Point X="341" Y="187" T="undefined" />
	<Point X="341" Y="187" T="undefined" />
	<Point X="341" Y="187" T="undefined" />
	<Point X="340" Y="187" T="undefined" />
	<Point X="339" Y="187" T="undefined" />
	<Point X="329" Y="187" T="undefined" />
	<Point X="307" Y="188" T="undefined" />
	<Point X="282" Y="190" T="undefined" />
	<Point X="260" Y="192" T="undefined" />
	<Point X="239" Y="193" T="undefined" />
	<Point X="221" Y="196" T="undefined" />
	<Point X="210" Y="200" T="undefined" />
	<Point X="209" Y="200" T="undefined" />
	<Point X="209" Y="200" T="undefined" />
	<Point X="209" Y="201" T="undefined" />
	<Point X="209" Y="202" T="undefined" />
	<Point X="211" Y="207" T="undefined" />
	<Point X="217" Y="220" T="undefined" />
	<Point X="223" Y="239" T="undefined" />
	<Point X="225" Y="267" T="undefined" />
	<Point X="222" Y="299" T="undefined" />
	<Point X="217" Y="330" T="undefined" />
	<Point X="212" Y="355" T="undefined" />
	<Point X="207" Y="370" T="undefined" />
	<Point X="206" Y="372" T="undefined" />
	<Point X="207" Y="372" T="undefined" />
	<Point X="209" Y="373" T="undefined" />
	<Point X="223" Y="377" T="undefined" />
	<Point X="247" Y="382" T="undefined" />
	<Point X="282" Y="387" T="undefined" />
	<Point X="319" Y="389" T="undefined" />
	<Point X="350" Y="390" T="undefined" />
	<Point X="372" Y="390" T="undefined" />
	<Point X="381" Y="390" T="undefined" />
	<Point X="384" Y="391" T="undefined" />
	<Point X="385" Y="391" T="undefined" />
	<Point X="390" Y="391" T="undefined" />
	<Point X="395" Y="392" T="undefined" />
	<Point X="397" Y="392" T="undefined" />
</Gesture>