<?xml version="1.0" encoding="utf-8" standalone="yes"?>
<Gesture Name="Left Curly Brace8" NumPts="67">
	<Point X="200" Y="192" T="undefined" />
	<Point X="200" Y="192" T="undefined" />
	<Point X="200" Y="192" T="undefined" />
	<Point X="199" Y="191" T="undefined" />
	<Point X="196" Y="191" T="undefined" />
	<Point X="190" Y="189" T="undefined" />
	<Point X="185" Y="188" T="undefined" />
	<Point X="183" Y="187" T="undefined" />
	<Point X="182" Y="187" T="undefined" />
	<Point X="179" Y="189" T="undefined" />
	<Point X="178" Y="189" T="undefined" />
	<Point X="173" Y="191" T="undefined" />
	<Point X="172" Y="192" T="undefined" />
	<Point X="172" Y="193" T="undefined" />
	<Point X="170" Y="196" T="undefined" />
	<Point X="168" Y="200" T="undefined" />
	<Point X="167" Y="206" T="undefined" />
	<Point X="166" Y="209" T="undefined" />
	<Point X="166" Y="212" T="undefined" />
	<Point X="166" Y="217" T="undefined" />
	<Point X="168" Y="221" T="undefined" />
	<Point X="170" Y="225" T="undefined" />
	<Point X="172" Y="227" T="undefined" />
	<Point X="174" Y="228" T="undefined" />
	<Point X="175" Y="229" T="undefined" />
	<Point X="177" Y="229" T="undefined" />
	<Point X="178" Y="230" T="undefined" />
	<Point X="179" Y="230" T="undefined" />
	<Point X="179" Y="231" T="undefined" />
	<Point X="178" Y="232" T="undefined" />
	<Point X="174" Y="235" T="undefined" />
	<Point X="170" Y="238" T="undefined" />
	<Point X="167" Y="239" T="undefined" />
	<Point X="165" Y="240" T="undefined" />
	<Point X="161" Y="242" T="undefined" />
	<Point X="158" Y="243" T="undefined" />
	<Point X="156" Y="245" T="undefined" />
	<Point X="155" Y="245" T="undefined" />
	<Point X="155" Y="246" T="undefined" />
	<Point X="155" Y="247" T="undefined" />
	<Point X="158" Y="250" T="undefined" />
	<Point X="164" Y="255" T="undefined" />
	<Point X="171" Y="261" T="undefined" />
	<Point X="174" Y="263" T="undefined" />
	<Point X="175" Y="263" T="undefined" />
	<Point X="175" Y="264" T="undefined" />
	<Point X="175" Y="265" T="undefined" />
	<Point X="175" Y="269" T="undefined" />
	<Point X="174" Y="276" T="undefined" />
	<Point X="173" Y="283" T="undefined" />
	<Point X="173" Y="289" T="undefined" />
	<Point X="173" Y="295" T="undefined" />
	<Point X="175" Y="301" T="undefined" />
	<Point X="177" Y="308" T="undefined" />
	<Point X="178" Y="312" T="undefined" />
	<Point X="179" Y="315" T="undefined" />
	<Point X="182" Y="320" T="undefined" />
	<Point X="185" Y="325" T="undefined" />
	<Point X="189" Y="328" T="undefined" />
	<Point X="191" Y="329" T="undefined" />
	<Point X="195" Y="331" T="undefined" />
	<Point X="201" Y="332" T="undefined" />
	<Point X="206" Y="334" T="undefined" />
	<Point X="210" Y="335" T="undefined" />
	<Point X="213" Y="335" T="undefined" />
	<Point X="215" Y="335" T="undefined" />
	<Point X="216" Y="335" T="undefined" />
</Gesture>