<?xml version="1.0" encoding="utf-8" standalone="yes"?>
<Gesture Name="Left Curly Brace9" NumPts="92">
	<Point X="258" Y="207" T="undefined" />
	<Point X="258" Y="207" T="undefined" />
	<Point X="258" Y="206" T="undefined" />
	<Point X="257" Y="205" T="undefined" />
	<Point X="251" Y="203" T="undefined" />
	<Point X="248" Y="201" T="undefined" />
	<Point X="244" Y="201" T="undefined" />
	<Point X="243" Y="201" T="undefined" />
	<Point X="242" Y="201" T="undefined" />
	<Point X="238" Y="201" T="undefined" />
	<Point X="236" Y="202" T="undefined" />
	<Point X="233" Y="203" T="undefined" />
	<Point X="231" Y="204" T="undefined" />
	<Point X="230" Y="205" T="undefined" />
	<Point X="229" Y="206" T="undefined" />
	<Point X="228" Y="206" T="undefined" />
	<Point X="227" Y="207" T="undefined" />
	<Point X="227" Y="208" T="undefined" />
	<Point X="227" Y="209" T="undefined" />
	<Point X="226" Y="210" T="undefined" />
	<Point X="226" Y="215" T="undefined" />
	<Point X="226" Y="222" T="undefined" />
	<Point X="230" Y="230" T="undefined" />
	<Point X="233" Y="235" T="undefined" />
	<Point X="236" Y="240" T="undefined" />
	<Point X="240" Y="245" T="undefined" />
	<Point X="245" Y="250" T="undefined" />
	<Point X="251" Y="256" T="undefined" />
	<Point X="254" Y="259" T="undefined" />
	<Point X="255" Y="261" T="undefined" />
	<Point X="256" Y="262" T="undefined" />
	<Point X="258" Y="263" T="undefined" />
	<Point X="262" Y="266" T="undefined" />
	<Point X="266" Y="269" T="undefined" />
	<Point X="268" Y="270" T="undefined" />
	<Point X="267" Y="270" T="undefined" />
	<Point X="266" Y="271" T="undefined" />
	<Point X="263" Y="272" T="undefined" />
	<Point X="261" Y="273" T="undefined" />
	<Point X="258" Y="274" T="undefined" />
	<Point X="255" Y="275" T="undefined" />
	<Point X="250" Y="275" T="undefined" />
	<Point X="248" Y="276" T="undefined" />
	<Point X="247" Y="276" T="undefined" />
	<Point X="244" Y="278" T="undefined" />
	<Point X="240" Y="280" T="undefined" />
	<Point X="235" Y="283" T="undefined" />
	<Point X="233" Y="284" T="undefined" />
	<Point X="233" Y="285" T="undefined" />
	<Point X="233" Y="286" T="undefined" />
	<Point X="235" Y="287" T="undefined" />
	<Point X="237" Y="290" T="undefined" />
	<Point X="241" Y="293" T="undefined" />
	<Point X="246" Y="297" T="undefined" />
	<Point X="250" Y="301" T="undefined" />
	<Point X="253" Y="304" T="undefined" />
	<Point X="256" Y="305" T="undefined" />
	<Point X="257" Y="306" T="undefined" />
	<Point X="258" Y="306" T="undefined" />
	<Point X="259" Y="307" T="undefined" />
	<Point X="260" Y="307" T="undefined" />
	<Point X="260" Y="308" T="undefined" />
	<Point X="260" Y="309" T="undefined" />
	<Point X="259" Y="311" T="undefined" />
	<Point X="259" Y="314" T="undefined" />
	<Point X="259" Y="319" T="undefined" />
	<Point X="259" Y="325" T="undefined" />
	<Point X="260" Y="330" T="undefined" />
	<Point X="261" Y="333" T="undefined" />
	<Point X="262" Y="336" T="undefined" />
	<Point X="263" Y="341" T="undefined" />
	<Point X="264" Y="346" T="undefined" />
	<Point X="265" Y="350" T="undefined" />
	<Point X="267" Y="355" T="undefined" />
	<Point X="270" Y="361" T="undefined" />
	<Point X="273" Y="366" T="undefined" />
	<Point X="275" Y="370" T="undefined" />
	<Point X="276" Y="371" T="undefined" />
	<Point X="277" Y="372" T="undefined" />
	<Point X="279" Y="374" T="undefined" />
	<Point X="283" Y="377" T="undefined" />
	<Point X="288" Y="381" T="undefined" />
	<Point X="293" Y="384" T="undefined" />
	<Point X="296" Y="385" T="undefined" />
	<Point X="300" Y="386" T="undefined" />
	<Point X="302" Y="386" T="undefined" />
	<Point X="306" Y="386" T="undefined" />
	<Point X="308" Y="386" T="undefined" />
	<Point X="309" Y="386" T="undefined" />
	<Point X="310" Y="386" T="undefined" />
	<Point X="312" Y="386" T="undefined" />
	<Point X="311" Y="386" T="undefined" />
</Gesture>