<?xml version="1.0" encoding="utf-8" standalone="yes"?>
<Gesture Name="Left Curly Brace3" NumPts="76">
	<Point X="218" Y="177" T="undefined" />
	<Point X="218" Y="177" T="undefined" />
	<Point X="217" Y="177" T="undefined" />
	<Point X="216" Y="177" T="undefined" />
	<Point X="212" Y="179" T="undefined" />
	<Point X="207" Y="182" T="undefined" />
	<Point X="198" Y="186" T="undefined" />
	<Point X="191" Y="189" T="undefined" />
	<Point X="188" Y="190" T="undefined" />
	<Point X="186" Y="191" T="undefined" />
	<Point X="182" Y="193" T="undefined" />
	<Point X="179" Y="194" T="undefined" />
	<Point X="178" Y="195" T="undefined" />
	<Point X="178" Y="196" T="undefined" />
	<Point X="177" Y="198" T="undefined" />
	<Point X="175" Y="203" T="undefined" />
	<Point X="172" Y="209" T="undefined" />
	<Point X="172" Y="217" T="undefined" />
	<Point X="172" Y="226" T="undefined" />
	<Point X="172" Y="232" T="undefined" />
	<Point X="173" Y="236" T="undefined" />
	<Point X="173" Y="240" T="undefined" />
	<Point X="174" Y="244" T="undefined" />
	<Point X="174" Y="249" T="undefined" />
	<Point X="174" Y="258" T="undefined" />
	<Point X="174" Y="266" T="undefined" />
	<Point X="174" Y="273" T="undefined" />
	<Point X="174" Y="281" T="undefined" />
	<Point X="175" Y="287" T="undefined" />
	<Point X="176" Y="293" T="undefined" />
	<Point X="177" Y="298" T="undefined" />
	<Point X="177" Y="300" T="undefined" />
	<Point X="177" Y="301" T="undefined" />
	<Point X="176" Y="301" T="undefined" />
	<Point X="170" Y="304" T="undefined" />
	<Point X="163" Y="308" T="undefined" />
	<Point X="155" Y="311" T="undefined" />
	<Point X="150" Y="313" T="undefined" />
	<Point X="148" Y="314" T="undefined" />
	<Point X="148" Y="315" T="undefined" />
	<Point X="148" Y="316" T="undefined" />
	<Point X="152" Y="319" T="undefined" />
	<Point X="160" Y="325" T="undefined" />
	<Point X="173" Y="332" T="undefined" />
	<Point X="186" Y="339" T="undefined" />
	<Point X="193" Y="343" T="undefined" />
	<Point X="197" Y="345" T="undefined" />
	<Point X="197" Y="346" T="undefined" />
	<Point X="197" Y="347" T="undefined" />
	<Point X="197" Y="348" T="undefined" />
	<Point X="196" Y="354" T="undefined" />
	<Point X="195" Y="361" T="undefined" />
	<Point X="195" Y="366" T="undefined" />
	<Point X="195" Y="374" T="undefined" />
	<Point X="196" Y="380" T="undefined" />
	<Point X="198" Y="387" T="undefined" />
	<Point X="199" Y="392" T="undefined" />
	<Point X="200" Y="395" T="undefined" />
	<Point X="201" Y="398" T="undefined" />
	<Point X="203" Y="401" T="undefined" />
	<Point X="208" Y="407" T="undefined" />
	<Point X="214" Y="413" T="undefined" />
	<Point X="219" Y="418" T="undefined" />
	<Point X="226" Y="424" T="undefined" />
	<Point X="233" Y="428" T="undefined" />
	<Point X="240" Y="432" T="undefined" />
	<Point X="251" Y="437" T="undefined" />
	<Point X="266" Y="442" T="undefined" />
	<Point X="278" Y="445" T="undefined" />
	<Point X="287" Y="447" T="undefined" />
	<Point X="291" Y="447" T="undefined" />
	<Point X="293" Y="447" T="undefined" />
	<Point X="294" Y="447" T="undefined" />
	<Point X="298" Y="448" T="undefined" />
	<Point X="304" Y="449" T="undefined" />
	<Point X="305" Y="449" T="undefined" />
</Gesture>