<?xml version="1.0" encoding="utf-8" standalone="yes"?>
<Gesture Name="Left Curly Brace7" NumPts="76">
	<Point X="237" Y="189" T="undefined" />
	<Point X="237" Y="189" T="undefined" />
	<Point X="237" Y="188" T="undefined" />
	<Point X="236" Y="188" T="undefined" />
	<Point X="234" Y="188" T="undefined" />
	<Point X="227" Y="186" T="undefined" />
	<Point X="219" Y="185" T="undefined" />
	<Point X="214" Y="184" T="undefined" />
	<Point X="213" Y="184" T="undefined" />
	<Point X="209" Y="185" T="undefined" />
	<Point X="205" Y="188" T="undefined" />
	<Point X="200" Y="193" T="undefined" />
	<Point X="198" Y="198" T="undefined" />
	<Point X="195" Y="205" T="undefined" />
	<Point X="194" Y="209" T="undefined" />
	<Point X="194" Y="212" T="undefined" />
	<Point X="194" Y="215" T="undefined" />
	<Point X="194" Y="218" T="undefined" />
	<Point X="194" Y="220" T="undefined" />
	<Point X="194" Y="222" T="undefined" />
	<Point X="194" Y="227" T="undefined" />
	<Point X="198" Y="236" T="undefined" />
	<Point X="201" Y="240" T="undefined" />
	<Point X="205" Y="245" T="undefined" />
	<Point X="210" Y="250" T="undefined" />
	<Point X="216" Y="256" T="undefined" />
	<Point X="221" Y="258" T="undefined" />
	<Point X="224" Y="260" T="undefined" />
	<Point X="226" Y="261" T="undefined" />
	<Point X="226" Y="262" T="undefined" />
	<Point X="225" Y="262" T="undefined" />
	<Point X="225" Y="263" T="undefined" />
	<Point X="221" Y="265" T="undefined" />
	<Point X="218" Y="267" T="undefined" />
	<Point X="215" Y="269" T="undefined" />
	<Point X="213" Y="270" T="undefined" />
	<Point X="209" Y="272" T="undefined" />
	<Point X="206" Y="275" T="undefined" />
	<Point X="204" Y="276" T="undefined" />
	<Point X="203" Y="277" T="undefined" />
	<Point X="203" Y="278" T="undefined" />
	<Point X="204" Y="279" T="undefined" />
	<Point X="207" Y="280" T="undefined" />
	<Point X="213" Y="283" T="undefined" />
	<Point X="223" Y="290" T="undefined" />
	<Point X="235" Y="296" T="undefined" />
	<Point X="242" Y="299" T="undefined" />
	<Point X="243" Y="300" T="undefined" />
	<Point X="243" Y="301" T="undefined" />
	<Point X="243" Y="302" T="undefined" />
	<Point X="243" Y="303" T="undefined" />
	<Point X="243" Y="306" T="undefined" />
	<Point X="243" Y="309" T="undefined" />
	<Point X="244" Y="315" T="undefined" />
	<Point X="245" Y="320" T="undefined" />
	<Point X="246" Y="328" T="undefined" />
	<Point X="248" Y="336" T="undefined" />
	<Point X="249" Y="346" T="undefined" />
	<Point X="252" Y="355" T="undefined" />
	<Point X="257" Y="362" T="undefined" />
	<Point X="260" Y="367" T="undefined" />
	<Point X="263" Y="370" T="undefined" />
	<Point X="268" Y="375" T="undefined" />
	<Point X="271" Y="377" T="undefined" />
	<Point X="276" Y="380" T="undefined" />
	<Point X="281" Y="383" T="undefined" />
	<Point X="285" Y="384" T="undefined" />
	<Point X="290" Y="385" T="undefined" />
	<Point X="294" Y="386" T="undefined" />
	<Point X="300" Y="387" T="undefined" />
	<Point X="308" Y="388" T="undefined" />
	<Point X="314" Y="388" T="undefined" />
	<Point X="319" Y="388" T="undefined" />
	<Point X="323" Y="388" T="undefined" />
	<Point X="326" Y="388" T="undefined" />
	<Point X="327" Y="388" T="undefined" />
</Gesture>