<?xml version="1.0" encoding="utf-8" standalone="yes"?>
<Gesture Name="Left Square Bracket9" NumPts="35">
	<Point X="206" Y="229" T="undefined" />
	<Point X="206" Y="229" T="undefined" />
	<Point X="205" Y="229" T="undefined" />
	<Point X="199" Y="230" T="undefined" />
	<Point X="190" Y="232" T="undefined" />
	<Point X="180" Y="234" T="undefined" />
	<Point X="171" Y="236" T="undefined" />
	<Point X="165" Y="238" T="undefined" />
	<Point X="163" Y="239" T="undefined" />
	<Point X="162" Y="240" T="undefined" />
	<Point X="162" Y="240" T="undefined" />
	<Point X="162" Y="241" T="undefined" />
	<Point X="162" Y="242" T="undefined" />
	<Point X="163" Y="249" T="undefined" />
	<Point X="164" Y="259" T="undefined" />
	<Point X="164" Y="275" T="undefined" />
	<Point X="162" Y="295" T="undefined" />
	<Point X="161" Y="312" T="undefined" />
	<Point X="161" Y="319" T="undefined" />
	<Point X="161" Y="321" T="undefined" />
	<Point X="161" Y="322" T="undefined" />
	<Point X="162" Y="324" T="undefined" />
	<Point X="162" Y="327" T="undefined" />
	<Point X="163" Y="332" T="undefined" />
	<Point X="165" Y="336" T="undefined" />
	<Point X="166" Y="337" T="undefined" />
	<Point X="166" Y="338" T="undefined" />
	<Point X="167" Y="338" T="undefined" />
	<Point X="169" Y="339" T="undefined" />
	<Point X="173" Y="340" T="undefined" />
	<Point X="183" Y="343" T="undefined" />
	<Point X="201" Y="349" T="undefined" />
	<Point X="216" Y="351" T="undefined" />
	<Point X="228" Y="353" T="undefined" />
	<Point X="236" Y="355" T="undefined" />
</Gesture>