<?xml version="1.0" encoding="utf-8" standalone="yes"?>
<Gesture Name="Left Square Bracket4" NumPts="37">
	<Point X="225" Y="161" T="undefined" />
	<Point X="225" Y="161" T="undefined" />
	<Point X="220" Y="162" T="undefined" />
	<Point X="211" Y="163" T="undefined" />
	<Point X="201" Y="165" T="undefined" />
	<Point X="191" Y="168" T="undefined" />
	<Point X="184" Y="170" T="undefined" />
	<Point X="181" Y="171" T="undefined" />
	<Point X="179" Y="171" T="undefined" />
	<Point X="178" Y="171" T="undefined" />
	<Point X="178" Y="171" T="undefined" />
	<Point X="178" Y="172" T="undefined" />
	<Point X="178" Y="173" T="undefined" />
	<Point X="178" Y="174" T="undefined" />
	<Point X="179" Y="179" T="undefined" />
	<Point X="180" Y="190" T="undefined" />
	<Point X="183" Y="209" T="undefined" />
	<Point X="183" Y="235" T="undefined" />
	<Point X="183" Y="259" T="undefined" />
	<Point X="182" Y="280" T="undefined" />
	<Point X="181" Y="294" T="undefined" />
	<Point X="181" Y="299" T="undefined" />
	<Point X="181" Y="300" T="undefined" />
	<Point X="181" Y="301" T="undefined" />
	<Point X="181" Y="302" T="undefined" />
	<Point X="181" Y="304" T="undefined" />
	<Point X="182" Y="305" T="undefined" />
	<Point X="182" Y="306" T="undefined" />
	<Point X="183" Y="307" T="undefined" />
	<Point X="187" Y="309" T="undefined" />
	<Point X="197" Y="316" T="undefined" />
	<Point X="212" Y="324" T="undefined" />
	<Point X="223" Y="328" T="undefined" />
	<Point X="236" Y="333" T="undefined" />
	<Point X="244" Y="334" T="undefined" />
	<Point X="250" Y="335" T="undefined" />
	<Point X="255" Y="335" T="undefined" />
</Gesture>