<?xml version="1.0" encoding="utf-8" standalone="yes"?>
<Gesture Name="Left Curly Brace4" NumPts="92">
	<Point X="230" Y="172" T="undefined" />
	<Point X="230" Y="172" T="undefined" />
	<Point X="230" Y="172" T="undefined" />
	<Point X="229" Y="172" T="undefined" />
	<Point X="224" Y="171" T="undefined" />
	<Point X="220" Y="170" T="undefined" />
	<Point X="216" Y="169" T="undefined" />
	<Point X="215" Y="168" T="undefined" />
	<Point X="213" Y="168" T="undefined" />
	<Point X="212" Y="168" T="undefined" />
	<Point X="208" Y="168" T="undefined" />
	<Point X="202" Y="167" T="undefined" />
	<Point X="201" Y="167" T="undefined" />
	<Point X="194" Y="167" T="undefined" />
	<Point X="193" Y="167" T="undefined" />
	<Point X="191" Y="168" T="undefined" />
	<Point X="190" Y="169" T="undefined" />
	<Point X="189" Y="171" T="undefined" />
	<Point X="187" Y="172" T="undefined" />
	<Point X="185" Y="175" T="undefined" />
	<Point X="184" Y="177" T="undefined" />
	<Point X="180" Y="183" T="undefined" />
	<Point X="177" Y="192" T="undefined" />
	<Point X="175" Y="202" T="undefined" />
	<Point X="176" Y="210" T="undefined" />
	<Point X="176" Y="211" T="undefined" />
	<Point X="177" Y="211" T="undefined" />
	<Point X="177" Y="212" T="undefined" />
	<Point X="181" Y="215" T="undefined" />
	<Point X="187" Y="219" T="undefined" />
	<Point X="194" Y="224" T="undefined" />
	<Point X="200" Y="229" T="undefined" />
	<Point X="207" Y="234" T="undefined" />
	<Point X="214" Y="238" T="undefined" />
	<Point X="221" Y="240" T="undefined" />
	<Point X="224" Y="240" T="undefined" />
	<Point X="225" Y="240" T="undefined" />
	<Point X="225" Y="241" T="undefined" />
	<Point X="225" Y="242" T="undefined" />
	<Point X="224" Y="242" T="undefined" />
	<Point X="222" Y="243" T="undefined" />
	<Point X="218" Y="245" T="undefined" />
	<Point X="215" Y="246" T="undefined" />
	<Point X="213" Y="247" T="undefined" />
	<Point X="212" Y="247" T="undefined" />
	<Point X="211" Y="248" T="undefined" />
	<Point X="209" Y="249" T="undefined" />
	<Point X="206" Y="250" T="undefined" />
	<Point X="203" Y="251" T="undefined" />
	<Point X="203" Y="252" T="undefined" />
	<Point X="202" Y="252" T="undefined" />
	<Point X="201" Y="253" T="undefined" />
	<Point X="200" Y="253" T="undefined" />
	<Point X="198" Y="255" T="undefined" />
	<Point X="195" Y="256" T="undefined" />
	<Point X="192" Y="258" T="undefined" />
	<Point X="192" Y="259" T="undefined" />
	<Point X="192" Y="260" T="undefined" />
	<Point X="192" Y="261" T="undefined" />
	<Point X="192" Y="262" T="undefined" />
	<Point X="197" Y="265" T="undefined" />
	<Point X="205" Y="270" T="undefined" />
	<Point X="211" Y="271" T="undefined" />
	<Point X="215" Y="273" T="undefined" />
	<Point X="217" Y="273" T="undefined" />
	<Point X="218" Y="273" T="undefined" />
	<Point X="218" Y="274" T="undefined" />
	<Point X="218" Y="275" T="undefined" />
	<Point X="217" Y="277" T="undefined" />
	<Point X="216" Y="280" T="undefined" />
	<Point X="215" Y="287" T="undefined" />
	<Point X="215" Y="294" T="undefined" />
	<Point X="216" Y="302" T="undefined" />
	<Point X="217" Y="309" T="undefined" />
	<Point X="219" Y="318" T="undefined" />
	<Point X="222" Y="324" T="undefined" />
	<Point X="225" Y="330" T="undefined" />
	<Point X="228" Y="333" T="undefined" />
	<Point X="230" Y="335" T="undefined" />
	<Point X="233" Y="337" T="undefined" />
	<Point X="236" Y="340" T="undefined" />
	<Point X="239" Y="342" T="undefined" />
	<Point X="241" Y="343" T="undefined" />
	<Point X="242" Y="343" T="undefined" />
	<Point X="243" Y="343" T="undefined" />
	<Point X="244" Y="343" T="undefined" />
	<Point X="248" Y="343" T="undefined" />
	<Point X="251" Y="343" T="undefined" />
	<Point X="255" Y="343" T="undefined" />
	<Point X="264" Y="345" T="undefined" />
	<Point X="274" Y="346" T="undefined" />
	<Point X="279" Y="346" T="undefined" />
</Gesture>