<?xml version="1.0" encoding="utf-8" standalone="yes"?>
<Gesture Name="Left Curly Brace0" NumPts="120">
	<Point X="241" Y="146" T="undefined" />
	<Point X="241" Y="145" T="undefined" />
	<Point X="241" Y="145" T="undefined" />
	<Point X="240" Y="145" T="undefined" />
	<Point X="239" Y="145" T="undefined" />
	<Point X="231" Y="145" T="undefined" />
	<Point X="224" Y="147" T="undefined" />
	<Point X="220" Y="148" T="undefined" />
	<Point X="218" Y="149" T="undefined" />
	<Point X="214" Y="151" T="undefined" />
	<Point X="209" Y="153" T="undefined" />
	<Point X="205" Y="155" T="undefined" />
	<Point X="203" Y="156" T="undefined" />
	<Point X="202" Y="157" T="undefined" />
	<Point X="200" Y="158" T="undefined" />
	<Point X="199" Y="160" T="undefined" />
	<Point X="197" Y="161" T="undefined" />
	<Point X="195" Y="163" T="undefined" />
	<Point X="193" Y="165" T="undefined" />
	<Point X="190" Y="168" T="undefined" />
	<Point X="184" Y="173" T="undefined" />
	<Point X="178" Y="180" T="undefined" />
	<Point X="174" Y="187" T="undefined" />
	<Point X="173" Y="192" T="undefined" />
	<Point X="172" Y="198" T="undefined" />
	<Point X="172" Y="201" T="undefined" />
	<Point X="172" Y="205" T="undefined" />
	<Point X="172" Y="211" T="undefined" />
	<Point X="176" Y="219" T="undefined" />
	<Point X="180" Y="223" T="undefined" />
	<Point X="184" Y="226" T="undefined" />
	<Point X="186" Y="228" T="undefined" />
	<Point X="187" Y="228" T="undefined" />
	<Point X="189" Y="230" T="undefined" />
	<Point X="195" Y="234" T="undefined" />
	<Point X="199" Y="236" T="undefined" />
	<Point X="201" Y="238" T="undefined" />
	<Point X="202" Y="238" T="undefined" />
	<Point X="204" Y="240" T="undefined" />
	<Point X="206" Y="244" T="undefined" />
	<Point X="208" Y="247" T="undefined" />
	<Point X="211" Y="249" T="undefined" />
	<Point X="212" Y="251" T="undefined" />
	<Point X="213" Y="253" T="undefined" />
	<Point X="212" Y="254" T="undefined" />
	<Point X="211" Y="254" T="undefined" />
	<Point X="206" Y="257" T="undefined" />
	<Point X="200" Y="258" T="undefined" />
	<Point X="197" Y="260" T="undefined" />
	<Point X="194" Y="261" T="undefined" />
	<Point X="189" Y="262" T="undefined" />
	<Point X="183" Y="264" T="undefined" />
	<Point X="178" Y="266" T="undefined" />
	<Point X="175" Y="266" T="undefined" />
	<Point X="174" Y="266" T="undefined" />
	<Point X="174" Y="267" T="undefined" />
	<Point X="174" Y="268" T="undefined" />
	<Point X="173" Y="268" T="undefined" />
	<Point X="173" Y="270" T="undefined" />
	<Point X="173" Y="272" T="undefined" />
	<Point X="172" Y="276" T="undefined" />
	<Point X="172" Y="279" T="undefined" />
	<Point X="173" Y="284" T="undefined" />
	<Point X="175" Y="290" T="undefined" />
	<Point X="179" Y="296" T="undefined" />
	<Point X="181" Y="299" T="undefined" />
	<Point X="185" Y="301" T="undefined" />
	<Point X="187" Y="301" T="undefined" />
	<Point X="189" Y="301" T="undefined" />
	<Point X="192" Y="302" T="undefined" />
	<Point X="196" Y="303" T="undefined" />
	<Point X="200" Y="304" T="undefined" />
	<Point X="201" Y="304" T="undefined" />
	<Point X="207" Y="305" T="undefined" />
	<Point X="216" Y="308" T="undefined" />
	<Point X="225" Y="309" T="undefined" />
	<Point X="230" Y="311" T="undefined" />
	<Point X="230" Y="312" T="undefined" />
	<Point X="230" Y="313" T="undefined" />
	<Point X="230" Y="314" T="undefined" />
	<Point X="230" Y="315" T="undefined" />
	<Point X="230" Y="317" T="undefined" />
	<Point X="230" Y="318" T="undefined" />
	<Point X="229" Y="320" T="undefined" />
	<Point X="229" Y="321" T="undefined" />
	<Point X="228" Y="324" T="undefined" />
	<Point X="228" Y="326" T="undefined" />
	<Point X="227" Y="328" T="undefined" />
	<Point X="227" Y="330" T="undefined" />
	<Point X="227" Y="332" T="undefined" />
	<Point X="224" Y="335" T="undefined" />
	<Point X="223" Y="340" T="undefined" />
	<Point X="221" Y="345" T="undefined" />
	<Point X="220" Y="350" T="undefined" />
	<Point X="220" Y="355" T="undefined" />
	<Point X="220" Y="358" T="undefined" />
	<Point X="221" Y="365" T="undefined" />
	<Point X="222" Y="371" T="undefined" />
	<Point X="224" Y="378" T="undefined" />
	<Point X="228" Y="389" T="undefined" />
	<Point X="231" Y="400" T="undefined" />
	<Point X="235" Y="409" T="undefined" />
	<Point X="238" Y="415" T="undefined" />
	<Point X="243" Y="421" T="undefined" />
	<Point X="245" Y="424" T="undefined" />
	<Point X="246" Y="425" T="undefined" />
	<Point X="247" Y="425" T="undefined" />
	<Point X="252" Y="427" T="undefined" />
	<Point X="261" Y="432" T="undefined" />
	<Point X="266" Y="436" T="undefined" />
	<Point X="270" Y="440" T="undefined" />
	<Point X="272" Y="441" T="undefined" />
	<Point X="274" Y="442" T="undefined" />
	<Point X="277" Y="442" T="undefined" />
	<Point X="282" Y="443" T="undefined" />
	<Point X="284" Y="443" T="undefined" />
	<Point X="287" Y="443" T="undefined" />
	<Point X="288" Y="443" T="undefined" />
	<Point X="289" Y="443" T="undefined" />
	<Point X="290" Y="442" T="undefined" />
</Gesture>