<?xml version="1.0" encoding="utf-8" standalone="yes"?>
<Gesture Name="Left Square Bracket6" NumPts="29">
	<Point X="176" Y="179" T="undefined" />
	<Point X="176" Y="179" T="undefined" />
	<Point X="170" Y="181" T="undefined" />
	<Point X="161" Y="184" T="undefined" />
	<Point X="151" Y="187" T="undefined" />
	<Point X="141" Y="189" T="undefined" />
	<Point X="133" Y="192" T="undefined" />
	<Point X="129" Y="194" T="undefined" />
	<Point X="129" Y="195" T="undefined" />
	<Point X="129" Y="195" T="undefined" />
	<Point X="129" Y="196" T="undefined" />
	<Point X="129" Y="201" T="undefined" />
	<Point X="130" Y="211" T="undefined" />
	<Point X="132" Y="228" T="undefined" />
	<Point X="135" Y="249" T="undefined" />
	<Point X="136" Y="274" T="undefined" />
	<Point X="137" Y="297" T="undefined" />
	<Point X="139" Y="311" T="undefined" />
	<Point X="139" Y="315" T="undefined" />
	<Point X="140" Y="315" T="undefined" />
	<Point X="141" Y="315" T="undefined" />
	<Point X="143" Y="316" T="undefined" />
	<Point X="147" Y="317" T="undefined" />
	<Point X="153" Y="317" T="undefined" />
	<Point X="166" Y="318" T="undefined" />
	<Point X="183" Y="319" T="undefined" />
	<Point X="195" Y="320" T="undefined" />
	<Point X="204" Y="320" T="undefined" />
	<Point X="208" Y="319" T="undefined" />
</Gesture>