<?xml version="1.0" encoding="utf-8" standalone="yes"?>
<Gesture Name="Left Curly Brace1" NumPts="88">
	<Point X="269" Y="149" T="undefined" />
	<Point X="269" Y="149" T="undefined" />
	<Point X="268" Y="149" T="undefined" />
	<Point X="265" Y="151" T="undefined" />
	<Point X="258" Y="154" T="undefined" />
	<Point X="253" Y="157" T="undefined" />
	<Point X="252" Y="158" T="undefined" />
	<Point X="247" Y="162" T="undefined" />
	<Point X="243" Y="165" T="undefined" />
	<Point X="235" Y="171" T="undefined" />
	<Point X="228" Y="177" T="undefined" />
	<Point X="225" Y="181" T="undefined" />
	<Point X="223" Y="183" T="undefined" />
	<Point X="222" Y="184" T="undefined" />
	<Point X="222" Y="186" T="undefined" />
	<Point X="222" Y="188" T="undefined" />
	<Point X="221" Y="189" T="undefined" />
	<Point X="221" Y="193" T="undefined" />
	<Point X="221" Y="200" T="undefined" />
	<Point X="221" Y="207" T="undefined" />
	<Point X="221" Y="211" T="undefined" />
	<Point X="222" Y="215" T="undefined" />
	<Point X="223" Y="218" T="undefined" />
	<Point X="223" Y="222" T="undefined" />
	<Point X="224" Y="231" T="undefined" />
	<Point X="224" Y="237" T="undefined" />
	<Point X="224" Y="243" T="undefined" />
	<Point X="224" Y="247" T="undefined" />
	<Point X="224" Y="252" T="undefined" />
	<Point X="223" Y="260" T="undefined" />
	<Point X="223" Y="271" T="undefined" />
	<Point X="223" Y="276" T="undefined" />
	<Point X="223" Y="280" T="undefined" />
	<Point X="223" Y="284" T="undefined" />
	<Point X="223" Y="285" T="undefined" />
	<Point X="223" Y="286" T="undefined" />
	<Point X="223" Y="287" T="undefined" />
	<Point X="222" Y="287" T="undefined" />
	<Point X="219" Y="288" T="undefined" />
	<Point X="215" Y="290" T="undefined" />
	<Point X="211" Y="291" T="undefined" />
	<Point X="209" Y="292" T="undefined" />
	<Point X="207" Y="293" T="undefined" />
	<Point X="206" Y="293" T="undefined" />
	<Point X="205" Y="293" T="undefined" />
	<Point X="205" Y="294" T="undefined" />
	<Point X="205" Y="295" T="undefined" />
	<Point X="206" Y="295" T="undefined" />
	<Point X="210" Y="297" T="undefined" />
	<Point X="217" Y="299" T="undefined" />
	<Point X="224" Y="301" T="undefined" />
	<Point X="226" Y="302" T="undefined" />
	<Point X="230" Y="303" T="undefined" />
	<Point X="232" Y="303" T="undefined" />
	<Point X="234" Y="304" T="undefined" />
	<Point X="235" Y="304" T="undefined" />
	<Point X="235" Y="305" T="undefined" />
	<Point X="231" Y="312" T="undefined" />
	<Point X="230" Y="317" T="undefined" />
	<Point X="229" Y="320" T="undefined" />
	<Point X="228" Y="330" T="undefined" />
	<Point X="228" Y="336" T="undefined" />
	<Point X="228" Y="344" T="undefined" />
	<Point X="228" Y="353" T="undefined" />
	<Point X="230" Y="362" T="undefined" />
	<Point X="232" Y="371" T="undefined" />
	<Point X="234" Y="380" T="undefined" />
	<Point X="236" Y="387" T="undefined" />
	<Point X="237" Y="393" T="undefined" />
	<Point X="238" Y="400" T="undefined" />
	<Point X="240" Y="405" T="undefined" />
	<Point X="241" Y="409" T="undefined" />
	<Point X="242" Y="412" T="undefined" />
	<Point X="244" Y="417" T="undefined" />
	<Point X="245" Y="421" T="undefined" />
	<Point X="247" Y="423" T="undefined" />
	<Point X="250" Y="426" T="undefined" />
	<Point X="255" Y="429" T="undefined" />
	<Point X="257" Y="430" T="undefined" />
	<Point X="261" Y="431" T="undefined" />
	<Point X="265" Y="432" T="undefined" />
	<Point X="270" Y="432" T="undefined" />
	<Point X="275" Y="432" T="undefined" />
	<Point X="279" Y="432" T="undefined" />
	<Point X="283" Y="433" T="undefined" />
	<Point X="286" Y="433" T="undefined" />
	<Point X="288" Y="433" T="undefined" />
	<Point X="289" Y="433" T="undefined" />
</Gesture>