<?xml version="1.0" encoding="utf-8" standalone="yes"?>
<Gesture Name="Left Curly Brace6" NumPts="83">
	<Point X="303" Y="216" T="undefined" />
	<Point X="303" Y="216" T="undefined" />
	<Point X="303" Y="215" T="undefined" />
	<Point X="303" Y="214" T="undefined" />
	<Point X="301" Y="214" T="undefined" />
	<Point X="297" Y="213" T="undefined" />
	<Point X="292" Y="212" T="undefined" />
	<Point X="285" Y="212" T="undefined" />
	<Point X="278" Y="214" T="undefined" />
	<Point X="268" Y="217" T="undefined" />
	<Point X="259" Y="221" T="undefined" />
	<Point X="253" Y="223" T="undefined" />
	<Point X="251" Y="225" T="undefined" />
	<Point X="250" Y="227" T="undefined" />
	<Point X="250" Y="229" T="undefined" />
	<Point X="252" Y="232" T="undefined" />
	<Point X="258" Y="237" T="undefined" />
	<Point X="261" Y="239" T="undefined" />
	<Point X="265" Y="240" T="undefined" />
	<Point X="270" Y="242" T="undefined" />
	<Point X="275" Y="244" T="undefined" />
	<Point X="282" Y="246" T="undefined" />
	<Point X="290" Y="248" T="undefined" />
	<Point X="294" Y="249" T="undefined" />
	<Point X="295" Y="249" T="undefined" />
	<Point X="294" Y="249" T="undefined" />
	<Point X="294" Y="250" T="undefined" />
	<Point X="291" Y="251" T="undefined" />
	<Point X="288" Y="252" T="undefined" />
	<Point X="285" Y="253" T="undefined" />
	<Point X="280" Y="255" T="undefined" />
	<Point X="274" Y="257" T="undefined" />
	<Point X="267" Y="259" T="undefined" />
	<Point X="260" Y="261" T="undefined" />
	<Point X="254" Y="263" T="undefined" />
	<Point X="251" Y="264" T="undefined" />
	<Point X="249" Y="266" T="undefined" />
	<Point X="246" Y="267" T="undefined" />
	<Point X="242" Y="268" T="undefined" />
	<Point X="240" Y="268" T="undefined" />
	<Point X="240" Y="269" T="undefined" />
	<Point X="241" Y="269" T="undefined" />
	<Point X="243" Y="269" T="undefined" />
	<Point X="246" Y="269" T="undefined" />
	<Point X="251" Y="268" T="undefined" />
	<Point X="255" Y="268" T="undefined" />
	<Point X="262" Y="268" T="undefined" />
	<Point X="268" Y="267" T="undefined" />
	<Point X="273" Y="267" T="undefined" />
	<Point X="278" Y="267" T="undefined" />
	<Point X="281" Y="267" T="undefined" />
	<Point X="283" Y="267" T="undefined" />
	<Point X="285" Y="267" T="undefined" />
	<Point X="287" Y="267" T="undefined" />
	<Point X="287" Y="268" T="undefined" />
	<Point X="287" Y="269" T="undefined" />
	<Point X="288" Y="269" T="undefined" />
	<Point X="288" Y="270" T="undefined" />
	<Point X="288" Y="271" T="undefined" />
	<Point X="287" Y="273" T="undefined" />
	<Point X="285" Y="279" T="undefined" />
	<Point X="284" Y="287" T="undefined" />
	<Point X="284" Y="295" T="undefined" />
	<Point X="284" Y="301" T="undefined" />
	<Point X="284" Y="303" T="undefined" />
	<Point X="284" Y="306" T="undefined" />
	<Point X="286" Y="312" T="undefined" />
	<Point X="290" Y="319" T="undefined" />
	<Point X="293" Y="323" T="undefined" />
	<Point X="296" Y="326" T="undefined" />
	<Point X="300" Y="328" T="undefined" />
	<Point X="305" Y="330" T="undefined" />
	<Point X="311" Y="331" T="undefined" />
	<Point X="317" Y="333" T="undefined" />
	<Point X="323" Y="335" T="undefined" />
	<Point X="328" Y="335" T="undefined" />
	<Point X="332" Y="336" T="undefined" />
	<Point X="335" Y="336" T="undefined" />
	<Point X="339" Y="336" T="undefined" />
	<Point X="343" Y="336" T="undefined" />
	<Point X="344" Y="336" T="undefined" />
	<Point X="343" Y="336" T="undefined" />
	<Point X="342" Y="336" T="undefined" />
</Gesture>