<?xml version="1.0" encoding="utf-8" standalone="yes"?>
<Gesture Name="Left Square Bracket8" NumPts="41">
	<Point X="217" Y="208" T="undefined" />
	<Point X="217" Y="208" T="undefined" />
	<Point X="216" Y="208" T="undefined" />
	<Point X="215" Y="208" T="undefined" />
	<Point X="214" Y="208" T="undefined" />
	<Point X="213" Y="208" T="undefined" />
	<Point X="208" Y="208" T="undefined" />
	<Point X="201" Y="208" T="undefined" />
	<Point X="193" Y="208" T="undefined" />
	<Point X="187" Y="209" T="undefined" />
	<Point X="183" Y="210" T="undefined" />
	<Point X="179" Y="211" T="undefined" />
	<Point X="176" Y="211" T="undefined" />
	<Point X="175" Y="211" T="undefined" />
	<Point X="175" Y="212" T="undefined" />
	<Point X="175" Y="212" T="undefined" />
	<Point X="175" Y="213" T="undefined" />
	<Point X="175" Y="216" T="undefined" />
	<Point X="175" Y="223" T="undefined" />
	<Point X="176" Y="228" T="undefined" />
	<Point X="176" Y="238" T="undefined" />
	<Point X="176" Y="252" T="undefined" />
	<Point X="175" Y="266" T="undefined" />
	<Point X="172" Y="280" T="undefined" />
	<Point X="172" Y="292" T="undefined" />
	<Point X="171" Y="303" T="undefined" />
	<Point X="171" Y="309" T="undefined" />
	<Point X="171" Y="313" T="undefined" />
	<Point X="171" Y="315" T="undefined" />
	<Point X="171" Y="316" T="undefined" />
	<Point X="171" Y="317" T="undefined" />
	<Point X="171" Y="318" T="undefined" />
	<Point X="172" Y="318" T="undefined" />
	<Point X="172" Y="319" T="undefined" />
	<Point X="173" Y="319" T="undefined" />
	<Point X="174" Y="319" T="undefined" />
	<Point X="181" Y="319" T="undefined" />
	<Point X="191" Y="319" T="undefined" />
	<Point X="201" Y="320" T="undefined" />
	<Point X="211" Y="320" T="undefined" />
	<Point X="215" Y="321" T="undefined" />
</Gesture>