<?xml version="1.0" encoding="utf-8" standalone="yes"?>
<Gesture Name="Left Square Bracket0" NumPts="46">
	<Point X="183" Y="223" T="undefined" />
	<Point X="183" Y="223" T="undefined" />
	<Point X="182" Y="223" T="undefined" />
	<Point X="178" Y="223" T="undefined" />
	<Point X="172" Y="223" T="undefined" />
	<Point X="162" Y="223" T="undefined" />
	<Point X="151" Y="224" T="undefined" />
	<Point X="142" Y="226" T="undefined" />
	<Point X="132" Y="229" T="undefined" />
	<Point X="124" Y="233" T="undefined" />
	<Point X="115" Y="236" T="undefined" />
	<Point X="108" Y="237" T="undefined" />
	<Point X="101" Y="239" T="undefined" />
	<Point X="100" Y="239" T="undefined" />
	<Point X="100" Y="239" T="undefined" />
	<Point X="100" Y="240" T="undefined" />
	<Point X="100" Y="246" T="undefined" />
	<Point X="101" Y="257" T="undefined" />
	<Point X="104" Y="278" T="undefined" />
	<Point X="109" Y="308" T="undefined" />
	<Point X="114" Y="341" T="undefined" />
	<Point X="119" Y="366" T="undefined" />
	<Point X="120" Y="380" T="undefined" />
	<Point X="122" Y="387" T="undefined" />
	<Point X="123" Y="392" T="undefined" />
	<Point X="124" Y="395" T="undefined" />
	<Point X="125" Y="397" T="undefined" />
	<Point X="125" Y="398" T="undefined" />
	<Point X="125" Y="399" T="undefined" />
	<Point X="125" Y="401" T="undefined" />
	<Point X="125" Y="403" T="undefined" />
	<Point X="125" Y="404" T="undefined" />
	<Point X="126" Y="404" T="undefined" />
	<Point X="127" Y="404" T="undefined" />
	<Point X="135" Y="406" T="undefined" />
	<Point X="150" Y="412" T="undefined" />
	<Point X="168" Y="417" T="undefined" />
	<Point X="182" Y="422" T="undefined" />
	<Point X="188" Y="424" T="undefined" />
	<Point X="191" Y="425" T="undefined" />
	<Point X="194" Y="425" T="undefined" />
	<Point X="196" Y="425" T="undefined" />
	<Point X="197" Y="424" T="undefined" />
	<Point X="199" Y="424" T="undefined" />
	<Point X="202" Y="424" T="undefined" />
	<Point X="206" Y="424" T="undefined" />
</Gesture>