<?xml version="1.0" encoding="utf-8" standalone="yes"?>
<Gesture Name="Pigtail4" NumPts="35">
	<Point X="134" Y="265" T="undefined" />
	<Point X="138" Y="267" T="undefined" />
	<Point X="150" Y="271" T="undefined" />
	<Point X="164" Y="273" T="undefined" />
	<Point X="174" Y="274" T="undefined" />
	<Point X="186" Y="274" T="undefined" />
	<Point X="197" Y="270" T="undefined" />
	<Point X="209" Y="264" T="undefined" />
	<Point X="225" Y="254" T="undefined" />
	<Point X="240" Y="242" T="undefined" />
	<Point X="251" Y="232" T="undefined" />
	<Point X="256" Y="224" T="undefined" />
	<Point X="260" Y="216" T="undefined" />
	<Point X="261" Y="207" T="undefined" />
	<Point X="262" Y="197" T="undefined" />
	<Point X="259" Y="185" T="undefined" />
	<Point X="254" Y="176" T="undefined" />
	<Point X="250" Y="173" T="undefined" />
	<Point X="243" Y="172" T="undefined" />
	<Point X="237" Y="171" T="undefined" />
	<Point X="231" Y="173" T="undefined" />
	<Point X="226" Y="176" T="undefined" />
	<Point X="221" Y="186" T="undefined" />
	<Point X="217" Y="198" T="undefined" />
	<Point X="216" Y="213" T="undefined" />
	<Point X="220" Y="231" T="undefined" />
	<Point X="232" Y="257" T="undefined" />
	<Point X="250" Y="283" T="undefined" />
	<Point X="274" Y="304" T="undefined" />
	<Point X="294" Y="319" T="undefined" />
	<Point X="313" Y="332" T="undefined" />
	<Point X="326" Y="340" T="undefined" />
	<Point X="339" Y="347" T="undefined" />
	<Point X="352" Y="354" T="undefined" />
	<Point X="356" Y="357" T="undefined" />
</Gesture>