<?xml version="1.0" encoding="utf-8" standalone="yes"?>
<Gesture Name="Pigtail8" NumPts="39">
	<Point X="146" Y="325" T="undefined" />
	<Point X="153" Y="330" T="undefined" />
	<Point X="159" Y="332" T="undefined" />
	<Point X="168" Y="336" T="undefined" />
	<Point X="179" Y="339" T="undefined" />
	<Point X="189" Y="341" T="undefined" />
	<Point X="198" Y="342" T="undefined" />
	<Point X="203" Y="342" T="undefined" />
	<Point X="213" Y="337" T="undefined" />
	<Point X="226" Y="331" T="undefined" />
	<Point X="235" Y="325" T="undefined" />
	<Point X="246" Y="315" T="undefined" />
	<Point X="255" Y="304" T="undefined" />
	<Point X="258" Y="299" T="undefined" />
	<Point X="268" Y="275" T="undefined" />
	<Point X="271" Y="263" T="undefined" />
	<Point X="272" Y="253" T="undefined" />
	<Point X="272" Y="243" T="undefined" />
	<Point X="270" Y="238" T="undefined" />
	<Point X="267" Y="233" T="undefined" />
	<Point X="263" Y="230" T="undefined" />
	<Point X="254" Y="227" T="undefined" />
	<Point X="245" Y="225" T="undefined" />
	<Point X="237" Y="224" T="undefined" />
	<Point X="231" Y="227" T="undefined" />
	<Point X="225" Y="233" T="undefined" />
	<Point X="220" Y="245" T="undefined" />
	<Point X="221" Y="266" T="undefined" />
	<Point X="231" Y="288" T="undefined" />
	<Point X="247" Y="313" T="undefined" />
	<Point X="262" Y="331" T="undefined" />
	<Point X="275" Y="345" T="undefined" />
	<Point X="288" Y="357" T="undefined" />
	<Point X="306" Y="371" T="undefined" />
	<Point X="322" Y="379" T="undefined" />
	<Point X="334" Y="385" T="undefined" />
	<Point X="342" Y="389" T="undefined" />
	<Point X="347" Y="389" T="undefined" />
	<Point X="348" Y="389" T="undefined" />
</Gesture>