<?xml version="1.0" encoding="utf-8" standalone="yes"?>
<Gesture Name="Pigtail7" NumPts="34">
	<Point X="172" Y="327" T="undefined" />
	<Point X="177" Y="328" T="undefined" />
	<Point X="185" Y="331" T="undefined" />
	<Point X="195" Y="333" T="undefined" />
	<Point X="203" Y="334" T="undefined" />
	<Point X="213" Y="334" T="undefined" />
	<Point X="226" Y="332" T="undefined" />
	<Point X="240" Y="327" T="undefined" />
	<Point X="258" Y="319" T="undefined" />
	<Point X="279" Y="309" T="undefined" />
	<Point X="299" Y="296" T="undefined" />
	<Point X="310" Y="286" T="undefined" />
	<Point X="317" Y="277" T="undefined" />
	<Point X="322" Y="265" T="undefined" />
	<Point X="322" Y="258" T="undefined" />
	<Point X="322" Y="250" T="undefined" />
	<Point X="316" Y="242" T="undefined" />
	<Point X="308" Y="236" T="undefined" />
	<Point X="296" Y="227" T="undefined" />
	<Point X="283" Y="222" T="undefined" />
	<Point X="275" Y="220" T="undefined" />
	<Point X="270" Y="220" T="undefined" />
	<Point X="267" Y="221" T="undefined" />
	<Point X="262" Y="227" T="undefined" />
	<Point X="256" Y="244" T="undefined" />
	<Point X="254" Y="271" T="undefined" />
	<Point X="259" Y="303" T="undefined" />
	<Point X="274" Y="333" T="undefined" />
	<Point X="290" Y="351" T="undefined" />
	<Point X="308" Y="369" T="undefined" />
	<Point X="331" Y="385" T="undefined" />
	<Point X="350" Y="397" T="undefined" />
	<Point X="367" Y="406" T="undefined" />
	<Point X="377" Y="410" T="undefined" />
</Gesture>