<?xml version="1.0" encoding="utf-8" standalone="yes"?>
<Gesture Name="Pigtail2" NumPts="45">
	<Point X="91" Y="407" T="undefined" />
	<Point X="91" Y="409" T="undefined" />
	<Point X="91" Y="410" T="undefined" />
	<Point X="92" Y="410" T="undefined" />
	<Point X="94" Y="410" T="undefined" />
	<Point X="100" Y="410" T="undefined" />
	<Point X="110" Y="406" T="undefined" />
	<Point X="131" Y="395" T="undefined" />
	<Point X="162" Y="375" T="undefined" />
	<Point X="203" Y="347" T="undefined" />
	<Point X="238" Y="324" T="undefined" />
	<Point X="267" Y="304" T="undefined" />
	<Point X="290" Y="281" T="undefined" />
	<Point X="305" Y="261" T="undefined" />
	<Point X="311" Y="249" T="undefined" />
	<Point X="312" Y="237" T="undefined" />
	<Point X="312" Y="230" T="undefined" />
	<Point X="312" Y="225" T="undefined" />
	<Point X="309" Y="222" T="undefined" />
	<Point X="303" Y="217" T="undefined" />
	<Point X="293" Y="209" T="undefined" />
	<Point X="281" Y="206" T="undefined" />
	<Point X="270" Y="205" T="undefined" />
	<Point X="261" Y="205" T="undefined" />
	<Point X="254" Y="207" T="undefined" />
	<Point X="244" Y="214" T="undefined" />
	<Point X="231" Y="223" T="undefined" />
	<Point X="218" Y="236" T="undefined" />
	<Point X="206" Y="251" T="undefined" />
	<Point X="199" Y="265" T="undefined" />
	<Point X="193" Y="283" T="undefined" />
	<Point X="194" Y="310" T="undefined" />
	<Point X="204" Y="340" T="undefined" />
	<Point X="223" Y="369" T="undefined" />
	<Point X="244" Y="398" T="undefined" />
	<Point X="267" Y="419" T="undefined" />
	<Point X="292" Y="438" T="undefined" />
	<Point X="310" Y="449" T="undefined" />
	<Point X="319" Y="453" T="undefined" />
	<Point X="330" Y="457" T="undefined" />
	<Point X="337" Y="459" T="undefined" />
	<Point X="342" Y="460" T="undefined" />
	<Point X="346" Y="462" T="undefined" />
	<Point X="354" Y="464" T="undefined" />
	<Point X="362" Y="464" T="undefined" />
</Gesture>