<?xml version="1.0" encoding="utf-8" standalone="yes"?>
<Gesture Name="Pigtail0" NumPts="57">
	<Point X="146" Y="302" T="undefined" />
	<Point X="151" Y="303" T="undefined" />
	<Point X="157" Y="303" T="undefined" />
	<Point X="165" Y="304" T="undefined" />
	<Point X="174" Y="304" T="undefined" />
	<Point X="184" Y="304" T="undefined" />
	<Point X="195" Y="302" T="undefined" />
	<Point X="207" Y="298" T="undefined" />
	<Point X="221" Y="292" T="undefined" />
	<Point X="236" Y="285" T="undefined" />
	<Point X="247" Y="278" T="undefined" />
	<Point X="255" Y="274" T="undefined" />
	<Point X="260" Y="269" T="undefined" />
	<Point X="268" Y="263" T="undefined" />
	<Point X="277" Y="257" T="undefined" />
	<Point X="287" Y="248" T="undefined" />
	<Point X="295" Y="234" T="undefined" />
	<Point X="302" Y="218" T="undefined" />
	<Point X="306" Y="201" T="undefined" />
	<Point X="308" Y="189" T="undefined" />
	<Point X="308" Y="180" T="undefined" />
	<Point X="307" Y="178" T="undefined" />
	<Point X="307" Y="177" T="undefined" />
	<Point X="307" Y="176" T="undefined" />
	<Point X="306" Y="176" T="undefined" />
	<Point X="305" Y="174" T="undefined" />
	<Point X="300" Y="168" T="undefined" />
	<Point X="289" Y="161" T="undefined" />
	<Point X="283" Y="157" T="undefined" />
	<Point X="273" Y="155" T="undefined" />
	<Point X="265" Y="155" T="undefined" />
	<Point X="259" Y="155" T="undefined" />
	<Point X="252" Y="156" T="undefined" />
	<Point X="246" Y="160" T="undefined" />
	<Point X="242" Y="163" T="undefined" />
	<Point X="236" Y="170" T="undefined" />
	<Point X="230" Y="177" T="undefined" />
	<Point X="225" Y="188" T="undefined" />
	<Point X="221" Y="199" T="undefined" />
	<Point X="218" Y="213" T="undefined" />
	<Point X="218" Y="226" T="undefined" />
	<Point X="220" Y="240" T="undefined" />
	<Point X="224" Y="255" T="undefined" />
	<Point X="233" Y="272" T="undefined" />
	<Point X="245" Y="289" T="undefined" />
	<Point X="259" Y="302" T="undefined" />
	<Point X="272" Y="313" T="undefined" />
	<Point X="291" Y="324" T="undefined" />
	<Point X="310" Y="333" T="undefined" />
	<Point X="327" Y="341" T="undefined" />
	<Point X="347" Y="347" T="undefined" />
	<Point X="363" Y="350" T="undefined" />
	<Point X="374" Y="352" T="undefined" />
	<Point X="385" Y="352" T="undefined" />
	<Point X="398" Y="353" T="undefined" />
	<Point X="410" Y="353" T="undefined" />
	<Point X="417" Y="354" T="undefined" />
</Gesture>