<?xml version="1.0" encoding="utf-8" standalone="yes"?>
<Gesture Name="Pigtail1" NumPts="41">
	<Point X="135" Y="340" T="undefined" />
	<Point X="135" Y="340" T="undefined" />
	<Point X="142" Y="338" T="undefined" />
	<Point X="151" Y="336" T="undefined" />
	<Point X="161" Y="332" T="undefined" />
	<Point X="173" Y="326" T="undefined" />
	<Point X="194" Y="315" T="undefined" />
	<Point X="222" Y="298" T="undefined" />
	<Point X="251" Y="277" T="undefined" />
	<Point X="279" Y="256" T="undefined" />
	<Point X="299" Y="239" T="undefined" />
	<Point X="311" Y="227" T="undefined" />
	<Point X="313" Y="220" T="undefined" />
	<Point X="314" Y="212" T="undefined" />
	<Point X="313" Y="206" T="undefined" />
	<Point X="309" Y="194" T="undefined" />
	<Point X="302" Y="182" T="undefined" />
	<Point X="288" Y="171" T="undefined" />
	<Point X="272" Y="163" T="undefined" />
	<Point X="250" Y="156" T="undefined" />
	<Point X="228" Y="154" T="undefined" />
	<Point X="209" Y="156" T="undefined" />
	<Point X="194" Y="162" T="undefined" />
	<Point X="177" Y="170" T="undefined" />
	<Point X="165" Y="178" T="undefined" />
	<Point X="156" Y="186" T="undefined" />
	<Point X="153" Y="199" T="undefined" />
	<Point X="152" Y="218" T="undefined" />
	<Point X="158" Y="236" T="undefined" />
	<Point X="167" Y="260" T="undefined" />
	<Point X="179" Y="285" T="undefined" />
	<Point X="197" Y="309" T="undefined" />
	<Point X="223" Y="340" T="undefined" />
	<Point X="257" Y="372" T="undefined" />
	<Point X="293" Y="401" T="undefined" />
	<Point X="330" Y="431" T="undefined" />
	<Point X="361" Y="455" T="undefined" />
	<Point X="381" Y="468" T="undefined" />
	<Point X="393" Y="473" T="undefined" />
	<Point X="397" Y="474" T="undefined" />
	<Point X="398" Y="474" T="undefined" />
</Gesture>