<?xml version="1.0" encoding="utf-8" standalone="yes"?>
<Gesture Name="Pigtail6" NumPts="31">
	<Point X="160" Y="364" T="undefined" />
	<Point X="160" Y="364" T="undefined" />
	<Point X="160" Y="364" T="undefined" />
	<Point X="165" Y="366" T="undefined" />
	<Point X="177" Y="369" T="undefined" />
	<Point X="193" Y="370" T="undefined" />
	<Point X="209" Y="369" T="undefined" />
	<Point X="225" Y="365" T="undefined" />
	<Point X="241" Y="356" T="undefined" />
	<Point X="259" Y="341" T="undefined" />
	<Point X="279" Y="321" T="undefined" />
	<Point X="297" Y="295" T="undefined" />
	<Point X="306" Y="274" T="undefined" />
	<Point X="308" Y="255" T="undefined" />
	<Point X="304" Y="238" T="undefined" />
	<Point X="294" Y="225" T="undefined" />
	<Point X="276" Y="215" T="undefined" />
	<Point X="260" Y="209" T="undefined" />
	<Point X="253" Y="208" T="undefined" />
	<Point X="249" Y="209" T="undefined" />
	<Point X="245" Y="216" T="undefined" />
	<Point X="242" Y="237" T="undefined" />
	<Point X="242" Y="265" T="undefined" />
	<Point X="250" Y="298" T="undefined" />
	<Point X="265" Y="331" T="undefined" />
	<Point X="287" Y="360" T="undefined" />
	<Point X="318" Y="389" T="undefined" />
	<Point X="352" Y="414" T="undefined" />
	<Point X="376" Y="430" T="undefined" />
	<Point X="392" Y="440" T="undefined" />
	<Point X="396" Y="442" T="undefined" />
</Gesture>