<?xml version="1.0" encoding="utf-8" standalone="yes"?>
<Gesture Name="Pigtail9" NumPts="38">
	<Point X="203" Y="359" T="undefined" />
	<Point X="204" Y="359" T="undefined" />
	<Point X="212" Y="360" T="undefined" />
	<Point X="219" Y="360" T="undefined" />
	<Point X="225" Y="361" T="undefined" />
	<Point X="231" Y="361" T="undefined" />
	<Point X="241" Y="357" T="undefined" />
	<Point X="254" Y="352" T="undefined" />
	<Point X="265" Y="346" T="undefined" />
	<Point X="277" Y="337" T="undefined" />
	<Point X="290" Y="325" T="undefined" />
	<Point X="302" Y="311" T="undefined" />
	<Point X="308" Y="302" T="undefined" />
	<Point X="312" Y="292" T="undefined" />
	<Point X="314" Y="283" T="undefined" />
	<Point X="314" Y="273" T="undefined" />
	<Point X="310" Y="267" T="undefined" />
	<Point X="304" Y="263" T="undefined" />
	<Point X="296" Y="259" T="undefined" />
	<Point X="287" Y="255" T="undefined" />
	<Point X="277" Y="252" T="undefined" />
	<Point X="271" Y="250" T="undefined" />
	<Point X="268" Y="250" T="undefined" />
	<Point X="266" Y="250" T="undefined" />
	<Point X="263" Y="252" T="undefined" />
	<Point X="260" Y="255" T="undefined" />
	<Point X="255" Y="264" T="undefined" />
	<Point X="253" Y="284" T="undefined" />
	<Point X="259" Y="309" T="undefined" />
	<Point X="273" Y="332" T="undefined" />
	<Point X="291" Y="351" T="undefined" />
	<Point X="312" Y="370" T="undefined" />
	<Point X="335" Y="387" T="undefined" />
	<Point X="351" Y="399" T="undefined" />
	<Point X="364" Y="409" T="undefined" />
	<Point X="373" Y="414" T="undefined" />
	<Point X="377" Y="417" T="undefined" />
	<Point X="378" Y="418" T="undefined" />
</Gesture>