<?xml version="1.0" encoding="utf-8" standalone="yes"?>
<Gesture Name="Pigtail3" NumPts="38">
	<Point X="155" Y="384" T="undefined" />
	<Point X="155" Y="384" T="undefined" />
	<Point X="156" Y="384" T="undefined" />
	<Point X="160" Y="384" T="undefined" />
	<Point X="166" Y="384" T="undefined" />
	<Point X="176" Y="383" T="undefined" />
	<Point X="189" Y="380" T="undefined" />
	<Point X="210" Y="371" T="undefined" />
	<Point X="230" Y="360" T="undefined" />
	<Point X="247" Y="350" T="undefined" />
	<Point X="263" Y="339" T="undefined" />
	<Point X="278" Y="324" T="undefined" />
	<Point X="291" Y="307" T="undefined" />
	<Point X="300" Y="293" T="undefined" />
	<Point X="302" Y="278" T="undefined" />
	<Point X="301" Y="265" T="undefined" />
	<Point X="293" Y="253" T="undefined" />
	<Point X="282" Y="243" T="undefined" />
	<Point X="269" Y="237" T="undefined" />
	<Point X="254" Y="233" T="undefined" />
	<Point X="243" Y="232" T="undefined" />
	<Point X="237" Y="234" T="undefined" />
	<Point X="231" Y="238" T="undefined" />
	<Point X="225" Y="247" T="undefined" />
	<Point X="216" Y="259" T="undefined" />
	<Point X="207" Y="277" T="undefined" />
	<Point X="204" Y="305" T="undefined" />
	<Point X="216" Y="337" T="undefined" />
	<Point X="243" Y="373" T="undefined" />
	<Point X="279" Y="405" T="undefined" />
	<Point X="313" Y="429" T="undefined" />
	<Point X="341" Y="446" T="undefined" />
	<Point X="354" Y="452" T="undefined" />
	<Point X="362" Y="457" T="undefined" />
	<Point X="369" Y="462" T="undefined" />
	<Point X="375" Y="466" T="undefined" />
	<Point X="379" Y="470" T="undefined" />
	<Point X="381" Y="475" T="undefined" />
</Gesture>