<?xml version="1.0" encoding="utf-8" standalone="yes"?>
<Gesture Name="Pigtail5" NumPts="34">
	<Point X="141" Y="351" T="undefined" />
	<Point X="141" Y="351" T="undefined" />
	<Point X="143" Y="351" T="undefined" />
	<Point X="147" Y="351" T="undefined" />
	<Point X="153" Y="350" T="undefined" />
	<Point X="162" Y="347" T="undefined" />
	<Point X="176" Y="342" T="undefined" />
	<Point X="188" Y="336" T="undefined" />
	<Point X="199" Y="329" T="undefined" />
	<Point X="211" Y="316" T="undefined" />
	<Point X="222" Y="302" T="undefined" />
	<Point X="229" Y="292" T="undefined" />
	<Point X="233" Y="281" T="undefined" />
	<Point X="233" Y="277" T="undefined" />
	<Point X="234" Y="253" T="undefined" />
	<Point X="230" Y="244" T="undefined" />
	<Point X="225" Y="239" T="undefined" />
	<Point X="218" Y="235" T="undefined" />
	<Point X="211" Y="235" T="undefined" />
	<Point X="202" Y="235" T="undefined" />
	<Point X="192" Y="237" T="undefined" />
	<Point X="182" Y="243" T="undefined" />
	<Point X="173" Y="255" T="undefined" />
	<Point X="168" Y="275" T="undefined" />
	<Point X="170" Y="301" T="undefined" />
	<Point X="185" Y="324" T="undefined" />
	<Point X="204" Y="344" T="undefined" />
	<Point X="228" Y="363" T="undefined" />
	<Point X="249" Y="375" T="undefined" />
	<Point X="267" Y="383" T="undefined" />
	<Point X="282" Y="388" T="undefined" />
	<Point X="288" Y="391" T="undefined" />
	<Point X="290" Y="391" T="undefined" />
	<Point X="292" Y="393" T="undefined" />
</Gesture>