<?xml version="1.0" encoding="utf-8" standalone="yes"?>
<Gesture Name="Rectangle6" NumPts="54">
	<Point X="147" Y="221" T="undefined" />
	<Point X="147" Y="223" T="undefined" />
	<Point X="148" Y="228" T="undefined" />
	<Point X="150" Y="237" T="undefined" />
	<Point X="152" Y="251" T="undefined" />
	<Point X="155" Y="267" T="undefined" />
	<Point X="157" Y="282" T="undefined" />
	<Point X="158" Y="296" T="undefined" />
	<Point X="160" Y="310" T="undefined" />
	<Point X="163" Y="321" T="undefined" />
	<Point X="164" Y="326" T="undefined" />
	<Point X="164" Y="327" T="undefined" />
	<Point X="165" Y="327" T="undefined" />
	<Point X="165" Y="327" T="undefined" />
	<Point X="170" Y="327" T="undefined" />
	<Point X="180" Y="327" T="undefined" />
	<Point X="191" Y="327" T="undefined" />
	<Point X="205" Y="326" T="undefined" />
	<Point X="227" Y="322" T="undefined" />
	<Point X="249" Y="318" T="undefined" />
	<Point X="267" Y="316" T="undefined" />
	<Point X="279" Y="315" T="undefined" />
	<Point X="283" Y="315" T="undefined" />
	<Point X="284" Y="315" T="undefined" />
	<Point X="284" Y="314" T="undefined" />
	<Point X="284" Y="313" T="undefined" />
	<Point X="284" Y="309" T="undefined" />
	<Point X="284" Y="297" T="undefined" />
	<Point X="284" Y="282" T="undefined" />
	<Point X="285" Y="260" T="undefined" />
	<Point X="286" Y="240" T="undefined" />
	<Point X="286" Y="227" T="undefined" />
	<Point X="286" Y="220" T="undefined" />
	<Point X="285" Y="217" T="undefined" />
	<Point X="284" Y="217" T="undefined" />
	<Point X="283" Y="217" T="undefined" />
	<Point X="282" Y="217" T="undefined" />
	<Point X="281" Y="217" T="undefined" />
	<Point X="280" Y="217" T="undefined" />
	<Point X="279" Y="217" T="undefined" />
	<Point X="275" Y="219" T="undefined" />
	<Point X="267" Y="220" T="undefined" />
	<Point X="254" Y="221" T="undefined" />
	<Point X="236" Y="221" T="undefined" />
	<Point X="217" Y="222" T="undefined" />
	<Point X="196" Y="226" T="undefined" />
	<Point X="183" Y="230" T="undefined" />
	<Point X="179" Y="231" T="undefined" />
	<Point X="176" Y="231" T="undefined" />
	<Point X="169" Y="231" T="undefined" />
	<Point X="162" Y="231" T="undefined" />
	<Point X="156" Y="231" T="undefined" />
	<Point X="151" Y="231" T="undefined" />
	<Point X="146" Y="232" T="undefined" />
</Gesture>