<?xml version="1.0" encoding="utf-8" standalone="yes"?>
<Gesture Name="Rectangle1" NumPts="71">
	<Point X="121" Y="195" T="undefined" />
	<Point X="121" Y="195" T="undefined" />
	<Point X="121" Y="196" T="undefined" />
	<Point X="121" Y="200" T="undefined" />
	<Point X="124" Y="211" T="undefined" />
	<Point X="129" Y="229" T="undefined" />
	<Point X="134" Y="249" T="undefined" />
	<Point X="136" Y="273" T="undefined" />
	<Point X="136" Y="295" T="undefined" />
	<Point X="136" Y="314" T="undefined" />
	<Point X="137" Y="328" T="undefined" />
	<Point X="139" Y="336" T="undefined" />
	<Point X="140" Y="341" T="undefined" />
	<Point X="141" Y="344" T="undefined" />
	<Point X="142" Y="344" T="undefined" />
	<Point X="145" Y="344" T="undefined" />
	<Point X="146" Y="345" T="undefined" />
	<Point X="148" Y="345" T="undefined" />
	<Point X="155" Y="345" T="undefined" />
	<Point X="166" Y="346" T="undefined" />
	<Point X="181" Y="346" T="undefined" />
	<Point X="200" Y="342" T="undefined" />
	<Point X="217" Y="339" T="undefined" />
	<Point X="231" Y="334" T="undefined" />
	<Point X="245" Y="332" T="undefined" />
	<Point X="259" Y="330" T="undefined" />
	<Point X="275" Y="330" T="undefined" />
	<Point X="288" Y="330" T="undefined" />
	<Point X="297" Y="331" T="undefined" />
	<Point X="299" Y="331" T="undefined" />
	<Point X="300" Y="331" T="undefined" />
	<Point X="301" Y="331" T="undefined" />
	<Point X="303" Y="331" T="undefined" />
	<Point X="304" Y="330" T="undefined" />
	<Point X="304" Y="329" T="undefined" />
	<Point X="305" Y="326" T="undefined" />
	<Point X="306" Y="314" T="undefined" />
	<Point X="306" Y="294" T="undefined" />
	<Point X="302" Y="272" T="undefined" />
	<Point X="298" Y="259" T="undefined" />
	<Point X="296" Y="249" T="undefined" />
	<Point X="294" Y="243" T="undefined" />
	<Point X="293" Y="237" T="undefined" />
	<Point X="291" Y="230" T="undefined" />
	<Point X="289" Y="221" T="undefined" />
	<Point X="285" Y="210" T="undefined" />
	<Point X="280" Y="197" T="undefined" />
	<Point X="275" Y="188" T="undefined" />
	<Point X="272" Y="180" T="undefined" />
	<Point X="271" Y="177" T="undefined" />
	<Point X="270" Y="177" T="undefined" />
	<Point X="269" Y="177" T="undefined" />
	<Point X="264" Y="177" T="undefined" />
	<Point X="252" Y="179" T="undefined" />
	<Point X="239" Y="184" T="undefined" />
	<Point X="224" Y="189" T="undefined" />
	<Point X="214" Y="193" T="undefined" />
	<Point X="204" Y="197" T="undefined" />
	<Point X="197" Y="200" T="undefined" />
	<Point X="194" Y="201" T="undefined" />
	<Point X="192" Y="202" T="undefined" />
	<Point X="187" Y="203" T="undefined" />
	<Point X="182" Y="204" T="undefined" />
	<Point X="178" Y="204" T="undefined" />
	<Point X="177" Y="204" T="undefined" />
	<Point X="177" Y="205" T="undefined" />
	<Point X="175" Y="205" T="undefined" />
	<Point X="171" Y="205" T="undefined" />
	<Point X="164" Y="207" T="undefined" />
	<Point X="156" Y="208" T="undefined" />
	<Point X="150" Y="209" T="undefined" />
</Gesture>