<?xml version="1.0" encoding="utf-8" standalone="yes"?>
<Gesture Name="Rectangle2" NumPts="64">
	<Point X="139" Y="184" T="undefined" />
	<Point X="139" Y="184" T="undefined" />
	<Point X="139" Y="190" T="undefined" />
	<Point X="141" Y="205" T="undefined" />
	<Point X="142" Y="228" T="undefined" />
	<Point X="148" Y="257" T="undefined" />
	<Point X="155" Y="284" T="undefined" />
	<Point X="162" Y="308" T="undefined" />
	<Point X="169" Y="329" T="undefined" />
	<Point X="175" Y="340" T="undefined" />
	<Point X="177" Y="343" T="undefined" />
	<Point X="178" Y="345" T="undefined" />
	<Point X="179" Y="345" T="undefined" />
	<Point X="181" Y="345" T="undefined" />
	<Point X="190" Y="345" T="undefined" />
	<Point X="203" Y="345" T="undefined" />
	<Point X="217" Y="345" T="undefined" />
	<Point X="230" Y="343" T="undefined" />
	<Point X="244" Y="339" T="undefined" />
	<Point X="258" Y="333" T="undefined" />
	<Point X="272" Y="330" T="undefined" />
	<Point X="284" Y="327" T="undefined" />
	<Point X="294" Y="324" T="undefined" />
	<Point X="303" Y="322" T="undefined" />
	<Point X="311" Y="320" T="undefined" />
	<Point X="318" Y="317" T="undefined" />
	<Point X="327" Y="315" T="undefined" />
	<Point X="333" Y="313" T="undefined" />
	<Point X="337" Y="312" T="undefined" />
	<Point X="339" Y="312" T="undefined" />
	<Point X="341" Y="311" T="undefined" />
	<Point X="341" Y="310" T="undefined" />
	<Point X="341" Y="308" T="undefined" />
	<Point X="341" Y="301" T="undefined" />
	<Point X="338" Y="290" T="undefined" />
	<Point X="331" Y="271" T="undefined" />
	<Point X="321" Y="247" T="undefined" />
	<Point X="307" Y="223" T="undefined" />
	<Point X="297" Y="205" T="undefined" />
	<Point X="292" Y="192" T="undefined" />
	<Point X="290" Y="184" T="undefined" />
	<Point X="288" Y="178" T="undefined" />
	<Point X="284" Y="172" T="undefined" />
	<Point X="282" Y="170" T="undefined" />
	<Point X="280" Y="167" T="undefined" />
	<Point X="276" Y="164" T="undefined" />
	<Point X="275" Y="163" T="undefined" />
	<Point X="274" Y="163" T="undefined" />
	<Point X="273" Y="163" T="undefined" />
	<Point X="269" Y="165" T="undefined" />
	<Point X="260" Y="168" T="undefined" />
	<Point X="242" Y="172" T="undefined" />
	<Point X="221" Y="176" T="undefined" />
	<Point X="203" Y="181" T="undefined" />
	<Point X="184" Y="188" T="undefined" />
	<Point X="169" Y="197" T="undefined" />
	<Point X="158" Y="204" T="undefined" />
	<Point X="152" Y="206" T="undefined" />
	<Point X="148" Y="208" T="undefined" />
	<Point X="145" Y="208" T="undefined" />
	<Point X="140" Y="209" T="undefined" />
	<Point X="134" Y="210" T="undefined" />
	<Point X="131" Y="211" T="undefined" />
	<Point X="128" Y="212" T="undefined" />
</Gesture>