<?xml version="1.0" encoding="utf-8" standalone="yes"?>
<Gesture Name="Rectangle3" NumPts="61">
	<Point X="154" Y="245" T="undefined" />
	<Point X="154" Y="245" T="undefined" />
	<Point X="154" Y="246" T="undefined" />
	<Point X="155" Y="254" T="undefined" />
	<Point X="157" Y="267" T="undefined" />
	<Point X="158" Y="284" T="undefined" />
	<Point X="159" Y="302" T="undefined" />
	<Point X="160" Y="318" T="undefined" />
	<Point X="160" Y="331" T="undefined" />
	<Point X="160" Y="340" T="undefined" />
	<Point X="160" Y="349" T="undefined" />
	<Point X="161" Y="357" T="undefined" />
	<Point X="163" Y="363" T="undefined" />
	<Point X="165" Y="366" T="undefined" />
	<Point X="167" Y="367" T="undefined" />
	<Point X="170" Y="368" T="undefined" />
	<Point X="177" Y="370" T="undefined" />
	<Point X="193" Y="374" T="undefined" />
	<Point X="214" Y="376" T="undefined" />
	<Point X="233" Y="379" T="undefined" />
	<Point X="252" Y="379" T="undefined" />
	<Point X="267" Y="378" T="undefined" />
	<Point X="274" Y="378" T="undefined" />
	<Point X="279" Y="378" T="undefined" />
	<Point X="283" Y="378" T="undefined" />
	<Point X="287" Y="377" T="undefined" />
	<Point X="291" Y="376" T="undefined" />
	<Point X="295" Y="374" T="undefined" />
	<Point X="297" Y="373" T="undefined" />
	<Point X="300" Y="371" T="undefined" />
	<Point X="302" Y="369" T="undefined" />
	<Point X="303" Y="368" T="undefined" />
	<Point X="303" Y="364" T="undefined" />
	<Point X="301" Y="356" T="undefined" />
	<Point X="297" Y="340" T="undefined" />
	<Point X="291" Y="318" T="undefined" />
	<Point X="285" Y="296" T="undefined" />
	<Point X="282" Y="280" T="undefined" />
	<Point X="282" Y="267" T="undefined" />
	<Point X="283" Y="259" T="undefined" />
	<Point X="285" Y="255" T="undefined" />
	<Point X="286" Y="252" T="undefined" />
	<Point X="286" Y="251" T="undefined" />
	<Point X="286" Y="250" T="undefined" />
	<Point X="286" Y="249" T="undefined" />
	<Point X="286" Y="247" T="undefined" />
	<Point X="286" Y="246" T="undefined" />
	<Point X="285" Y="246" T="undefined" />
	<Point X="284" Y="246" T="undefined" />
	<Point X="278" Y="246" T="undefined" />
	<Point X="271" Y="246" T="undefined" />
	<Point X="259" Y="245" T="undefined" />
	<Point X="241" Y="243" T="undefined" />
	<Point X="217" Y="242" T="undefined" />
	<Point X="193" Y="244" T="undefined" />
	<Point X="176" Y="249" T="undefined" />
	<Point X="169" Y="251" T="undefined" />
	<Point X="167" Y="252" T="undefined" />
	<Point X="166" Y="252" T="undefined" />
	<Point X="165" Y="252" T="undefined" />
	<Point X="162" Y="252" T="undefined" />
</Gesture>