<?xml version="1.0" encoding="utf-8" standalone="yes"?>
<Gesture Name="Rectangle8" NumPts="56">
	<Point X="140" Y="221" T="undefined" />
	<Point X="140" Y="222" T="undefined" />
	<Point X="140" Y="226" T="undefined" />
	<Point X="140" Y="236" T="undefined" />
	<Point X="141" Y="248" T="undefined" />
	<Point X="144" Y="267" T="undefined" />
	<Point X="146" Y="289" T="undefined" />
	<Point X="149" Y="306" T="undefined" />
	<Point X="152" Y="319" T="undefined" />
	<Point X="153" Y="324" T="undefined" />
	<Point X="154" Y="326" T="undefined" />
	<Point X="155" Y="327" T="undefined" />
	<Point X="156" Y="328" T="undefined" />
	<Point X="156" Y="329" T="undefined" />
	<Point X="157" Y="329" T="undefined" />
	<Point X="157" Y="330" T="undefined" />
	<Point X="158" Y="330" T="undefined" />
	<Point X="162" Y="331" T="undefined" />
	<Point X="167" Y="331" T="undefined" />
	<Point X="178" Y="331" T="undefined" />
	<Point X="193" Y="332" T="undefined" />
	<Point X="213" Y="332" T="undefined" />
	<Point X="235" Y="330" T="undefined" />
	<Point X="253" Y="327" T="undefined" />
	<Point X="267" Y="324" T="undefined" />
	<Point X="276" Y="322" T="undefined" />
	<Point X="282" Y="319" T="undefined" />
	<Point X="285" Y="319" T="undefined" />
	<Point X="285" Y="318" T="undefined" />
	<Point X="285" Y="317" T="undefined" />
	<Point X="285" Y="316" T="undefined" />
	<Point X="285" Y="310" T="undefined" />
	<Point X="284" Y="304" T="undefined" />
	<Point X="282" Y="295" T="undefined" />
	<Point X="279" Y="279" T="undefined" />
	<Point X="277" Y="266" T="undefined" />
	<Point X="276" Y="247" T="undefined" />
	<Point X="276" Y="228" T="undefined" />
	<Point X="276" Y="217" T="undefined" />
	<Point X="275" Y="210" T="undefined" />
	<Point X="275" Y="208" T="undefined" />
	<Point X="275" Y="207" T="undefined" />
	<Point X="274" Y="207" T="undefined" />
	<Point X="273" Y="207" T="undefined" />
	<Point X="272" Y="207" T="undefined" />
	<Point X="269" Y="207" T="undefined" />
	<Point X="260" Y="207" T="undefined" />
	<Point X="248" Y="209" T="undefined" />
	<Point X="233" Y="211" T="undefined" />
	<Point X="220" Y="214" T="undefined" />
	<Point X="204" Y="216" T="undefined" />
	<Point X="185" Y="219" T="undefined" />
	<Point X="164" Y="222" T="undefined" />
	<Point X="146" Y="225" T="undefined" />
	<Point X="134" Y="225" T="undefined" />
	<Point X="129" Y="225" T="undefined" />
</Gesture>