<?xml version="1.0" encoding="utf-8" standalone="yes"?>
<Gesture Name="Rectangle9" NumPts="46">
	<Point X="157" Y="229" T="undefined" />
	<Point X="157" Y="229" T="undefined" />
	<Point X="157" Y="230" T="undefined" />
	<Point X="156" Y="235" T="undefined" />
	<Point X="156" Y="246" T="undefined" />
	<Point X="159" Y="261" T="undefined" />
	<Point X="164" Y="276" T="undefined" />
	<Point X="166" Y="289" T="undefined" />
	<Point X="169" Y="299" T="undefined" />
	<Point X="171" Y="305" T="undefined" />
	<Point X="172" Y="307" T="undefined" />
	<Point X="173" Y="307" T="undefined" />
	<Point X="174" Y="307" T="undefined" />
	<Point X="177" Y="307" T="undefined" />
	<Point X="186" Y="305" T="undefined" />
	<Point X="195" Y="303" T="undefined" />
	<Point X="211" Y="302" T="undefined" />
	<Point X="230" Y="302" T="undefined" />
	<Point X="248" Y="301" T="undefined" />
	<Point X="258" Y="299" T="undefined" />
	<Point X="261" Y="297" T="undefined" />
	<Point X="262" Y="297" T="undefined" />
	<Point X="262" Y="296" T="undefined" />
	<Point X="262" Y="295" T="undefined" />
	<Point X="261" Y="286" T="undefined" />
	<Point X="261" Y="277" T="undefined" />
	<Point X="260" Y="268" T="undefined" />
	<Point X="260" Y="257" T="undefined" />
	<Point X="260" Y="248" T="undefined" />
	<Point X="260" Y="241" T="undefined" />
	<Point X="260" Y="238" T="undefined" />
	<Point X="260" Y="236" T="undefined" />
	<Point X="260" Y="235" T="undefined" />
	<Point X="259" Y="232" T="undefined" />
	<Point X="259" Y="231" T="undefined" />
	<Point X="258" Y="230" T="undefined" />
	<Point X="257" Y="230" T="undefined" />
	<Point X="252" Y="228" T="undefined" />
	<Point X="241" Y="226" T="undefined" />
	<Point X="226" Y="224" T="undefined" />
	<Point X="204" Y="223" T="undefined" />
	<Point X="184" Y="224" T="undefined" />
	<Point X="166" Y="225" T="undefined" />
	<Point X="156" Y="227" T="undefined" />
	<Point X="150" Y="228" T="undefined" />
	<Point X="148" Y="229" T="undefined" />
</Gesture>