<?xml version="1.0" encoding="utf-8" standalone="yes"?>
<Gesture Name="Rectangle0" NumPts="100">
	<Point X="139" Y="167" T="undefined" />
	<Point X="139" Y="166" T="undefined" />
	<Point X="139" Y="166" T="undefined" />
	<Point X="139" Y="167" T="undefined" />
	<Point X="141" Y="173" T="undefined" />
	<Point X="143" Y="182" T="undefined" />
	<Point X="146" Y="194" T="undefined" />
	<Point X="149" Y="211" T="undefined" />
	<Point X="155" Y="233" T="undefined" />
	<Point X="161" Y="252" T="undefined" />
	<Point X="166" Y="268" T="undefined" />
	<Point X="172" Y="282" T="undefined" />
	<Point X="179" Y="296" T="undefined" />
	<Point X="183" Y="302" T="undefined" />
	<Point X="186" Y="306" T="undefined" />
	<Point X="188" Y="313" T="undefined" />
	<Point X="189" Y="318" T="undefined" />
	<Point X="190" Y="326" T="undefined" />
	<Point X="192" Y="335" T="undefined" />
	<Point X="192" Y="343" T="undefined" />
	<Point X="192" Y="350" T="undefined" />
	<Point X="192" Y="355" T="undefined" />
	<Point X="192" Y="357" T="undefined" />
	<Point X="193" Y="357" T="undefined" />
	<Point X="194" Y="357" T="undefined" />
	<Point X="196" Y="357" T="undefined" />
	<Point X="202" Y="356" T="undefined" />
	<Point X="211" Y="354" T="undefined" />
	<Point X="218" Y="352" T="undefined" />
	<Point X="223" Y="351" T="undefined" />
	<Point X="230" Y="349" T="undefined" />
	<Point X="239" Y="346" T="undefined" />
	<Point X="244" Y="344" T="undefined" />
	<Point X="249" Y="343" T="undefined" />
	<Point X="254" Y="341" T="undefined" />
	<Point X="259" Y="339" T="undefined" />
	<Point X="266" Y="337" T="undefined" />
	<Point X="278" Y="335" T="undefined" />
	<Point X="291" Y="335" T="undefined" />
	<Point X="305" Y="335" T="undefined" />
	<Point X="316" Y="335" T="undefined" />
	<Point X="324" Y="333" T="undefined" />
	<Point X="329" Y="332" T="undefined" />
	<Point X="335" Y="331" T="undefined" />
	<Point X="342" Y="329" T="undefined" />
	<Point X="347" Y="327" T="undefined" />
	<Point X="350" Y="327" T="undefined" />
	<Point X="350" Y="326" T="undefined" />
	<Point X="351" Y="326" T="undefined" />
	<Point X="352" Y="325" T="undefined" />
	<Point X="353" Y="324" T="undefined" />
	<Point X="354" Y="324" T="undefined" />
	<Point X="355" Y="320" T="undefined" />
	<Point X="355" Y="312" T="undefined" />
	<Point X="355" Y="300" T="undefined" />
	<Point X="351" Y="281" T="undefined" />
	<Point X="345" Y="262" T="undefined" />
	<Point X="337" Y="243" T="undefined" />
	<Point X="330" Y="227" T="undefined" />
	<Point X="327" Y="216" T="undefined" />
	<Point X="326" Y="208" T="undefined" />
	<Point X="326" Y="207" T="undefined" />
	<Point X="325" Y="203" T="undefined" />
	<Point X="323" Y="197" T="undefined" />
	<Point X="321" Y="189" T="undefined" />
	<Point X="318" Y="180" T="undefined" />
	<Point X="316" Y="172" T="undefined" />
	<Point X="314" Y="164" T="undefined" />
	<Point X="311" Y="156" T="undefined" />
	<Point X="311" Y="154" T="undefined" />
	<Point X="310" Y="154" T="undefined" />
	<Point X="309" Y="154" T="undefined" />
	<Point X="308" Y="154" T="undefined" />
	<Point X="307" Y="154" T="undefined" />
	<Point X="303" Y="153" T="undefined" />
	<Point X="299" Y="153" T="undefined" />
	<Point X="292" Y="153" T="undefined" />
	<Point X="280" Y="153" T="undefined" />
	<Point X="264" Y="153" T="undefined" />
	<Point X="251" Y="156" T="undefined" />
	<Point X="243" Y="159" T="undefined" />
	<Point X="239" Y="162" T="undefined" />
	<Point X="235" Y="166" T="undefined" />
	<Point X="232" Y="169" T="undefined" />
	<Point X="229" Y="171" T="undefined" />
	<Point X="225" Y="173" T="undefined" />
	<Point X="220" Y="177" T="undefined" />
	<Point X="216" Y="180" T="undefined" />
	<Point X="213" Y="183" T="undefined" />
	<Point X="210" Y="185" T="undefined" />
	<Point X="207" Y="186" T="undefined" />
	<Point X="203" Y="187" T="undefined" />
	<Point X="198" Y="187" T="undefined" />
	<Point X="193" Y="188" T="undefined" />
	<Point X="187" Y="190" T="undefined" />
	<Point X="183" Y="191" T="undefined" />
	<Point X="179" Y="192" T="undefined" />
	<Point X="175" Y="192" T="undefined" />
	<Point X="171" Y="192" T="undefined" />
	<Point X="166" Y="191" T="undefined" />
</Gesture>