<?xml version="1.0" encoding="utf-8" standalone="yes"?>
<Gesture Name="Rectangle4" NumPts="45">
	<Point X="140" Y="226" T="undefined" />
	<Point X="140" Y="226" T="undefined" />
	<Point X="140" Y="226" T="undefined" />
	<Point X="140" Y="227" T="undefined" />
	<Point X="140" Y="230" T="undefined" />
	<Point X="136" Y="255" T="undefined" />
	<Point X="135" Y="270" T="undefined" />
	<Point X="132" Y="296" T="undefined" />
	<Point X="131" Y="305" T="undefined" />
	<Point X="131" Y="314" T="undefined" />
	<Point X="131" Y="319" T="undefined" />
	<Point X="131" Y="319" T="undefined" />
	<Point X="132" Y="319" T="undefined" />
	<Point X="141" Y="322" T="undefined" />
	<Point X="157" Y="325" T="undefined" />
	<Point X="175" Y="327" T="undefined" />
	<Point X="197" Y="327" T="undefined" />
	<Point X="228" Y="326" T="undefined" />
	<Point X="255" Y="323" T="undefined" />
	<Point X="271" Y="320" T="undefined" />
	<Point X="277" Y="318" T="undefined" />
	<Point X="282" Y="317" T="undefined" />
	<Point X="285" Y="315" T="undefined" />
	<Point X="286" Y="315" T="undefined" />
	<Point X="286" Y="314" T="undefined" />
	<Point X="287" Y="313" T="undefined" />
	<Point X="288" Y="311" T="undefined" />
	<Point X="288" Y="307" T="undefined" />
	<Point X="289" Y="301" T="undefined" />
	<Point X="289" Y="297" T="undefined" />
	<Point X="289" Y="284" T="undefined" />
	<Point X="288" Y="271" T="undefined" />
	<Point X="286" Y="256" T="undefined" />
	<Point X="285" Y="240" T="undefined" />
	<Point X="285" Y="233" T="undefined" />
	<Point X="285" Y="228" T="undefined" />
	<Point X="285" Y="226" T="undefined" />
	<Point X="284" Y="226" T="undefined" />
	<Point X="280" Y="225" T="undefined" />
	<Point X="263" Y="220" T="undefined" />
	<Point X="233" Y="213" T="undefined" />
	<Point X="197" Y="205" T="undefined" />
	<Point X="163" Y="201" T="undefined" />
	<Point X="143" Y="201" T="undefined" />
	<Point X="140" Y="201" T="undefined" />
</Gesture>