<?xml version="1.0" encoding="utf-8" standalone="yes"?>
<Gesture Name="Right Square Bracket5" NumPts="35">
	<Point X="222" Y="205" T="undefined" />
	<Point X="230" Y="201" T="undefined" />
	<Point X="237" Y="198" T="undefined" />
	<Point X="241" Y="196" T="undefined" />
	<Point X="243" Y="195" T="undefined" />
	<Point X="247" Y="195" T="undefined" />
	<Point X="252" Y="194" T="undefined" />
	<Point X="258" Y="194" T="undefined" />
	<Point X="262" Y="194" T="undefined" />
	<Point X="264" Y="194" T="undefined" />
	<Point X="269" Y="192" T="undefined" />
	<Point X="275" Y="191" T="undefined" />
	<Point X="279" Y="190" T="undefined" />
	<Point X="280" Y="190" T="undefined" />
	<Point X="280" Y="190" T="undefined" />
	<Point X="280" Y="193" T="undefined" />
	<Point X="278" Y="198" T="undefined" />
	<Point X="277" Y="205" T="undefined" />
	<Point X="275" Y="220" T="undefined" />
	<Point X="272" Y="241" T="undefined" />
	<Point X="264" Y="268" T="undefined" />
	<Point X="257" Y="288" T="undefined" />
	<Point X="255" Y="305" T="undefined" />
	<Point X="255" Y="320" T="undefined" />
	<Point X="255" Y="333" T="undefined" />
	<Point X="256" Y="339" T="undefined" />
	<Point X="256" Y="341" T="undefined" />
	<Point X="255" Y="341" T="undefined" />
	<Point X="254" Y="341" T="undefined" />
	<Point X="253" Y="340" T="undefined" />
	<Point X="243" Y="335" T="undefined" />
	<Point X="227" Y="326" T="undefined" />
	<Point X="205" Y="316" T="undefined" />
	<Point X="182" Y="311" T="undefined" />
	<Point X="167" Y="308" T="undefined" />
</Gesture>