<?xml version="1.0" encoding="utf-8" standalone="yes"?>
<Gesture Name="Right Curly Brace0" NumPts="109">
	<Point X="184" Y="143" T="undefined" />
	<Point X="188" Y="144" T="undefined" />
	<Point X="197" Y="145" T="undefined" />
	<Point X="204" Y="146" T="undefined" />
	<Point X="209" Y="147" T="undefined" />
	<Point X="211" Y="148" T="undefined" />
	<Point X="215" Y="148" T="undefined" />
	<Point X="221" Y="149" T="undefined" />
	<Point X="224" Y="149" T="undefined" />
	<Point X="227" Y="150" T="undefined" />
	<Point X="229" Y="150" T="undefined" />
	<Point X="236" Y="153" T="undefined" />
	<Point X="243" Y="155" T="undefined" />
	<Point X="248" Y="157" T="undefined" />
	<Point X="248" Y="158" T="undefined" />
	<Point X="255" Y="167" T="undefined" />
	<Point X="260" Y="176" T="undefined" />
	<Point X="264" Y="185" T="undefined" />
	<Point X="265" Y="191" T="undefined" />
	<Point X="265" Y="196" T="undefined" />
	<Point X="265" Y="203" T="undefined" />
	<Point X="264" Y="207" T="undefined" />
	<Point X="262" Y="213" T="undefined" />
	<Point X="260" Y="216" T="undefined" />
	<Point X="258" Y="220" T="undefined" />
	<Point X="255" Y="224" T="undefined" />
	<Point X="253" Y="227" T="undefined" />
	<Point X="249" Y="231" T="undefined" />
	<Point X="243" Y="235" T="undefined" />
	<Point X="237" Y="239" T="undefined" />
	<Point X="231" Y="242" T="undefined" />
	<Point X="226" Y="246" T="undefined" />
	<Point X="224" Y="248" T="undefined" />
	<Point X="223" Y="249" T="undefined" />
	<Point X="220" Y="252" T="undefined" />
	<Point X="218" Y="254" T="undefined" />
	<Point X="218" Y="255" T="undefined" />
	<Point X="218" Y="256" T="undefined" />
	<Point X="219" Y="256" T="undefined" />
	<Point X="221" Y="256" T="undefined" />
	<Point X="222" Y="257" T="undefined" />
	<Point X="225" Y="257" T="undefined" />
	<Point X="229" Y="258" T="undefined" />
	<Point X="234" Y="258" T="undefined" />
	<Point X="239" Y="257" T="undefined" />
	<Point X="244" Y="256" T="undefined" />
	<Point X="250" Y="255" T="undefined" />
	<Point X="257" Y="253" T="undefined" />
	<Point X="266" Y="253" T="undefined" />
	<Point X="274" Y="253" T="undefined" />
	<Point X="277" Y="253" T="undefined" />
	<Point X="276" Y="253" T="undefined" />
	<Point X="275" Y="254" T="undefined" />
	<Point X="270" Y="256" T="undefined" />
	<Point X="265" Y="259" T="undefined" />
	<Point X="258" Y="263" T="undefined" />
	<Point X="252" Y="267" T="undefined" />
	<Point X="249" Y="271" T="undefined" />
	<Point X="246" Y="273" T="undefined" />
	<Point X="246" Y="274" T="undefined" />
	<Point X="245" Y="275" T="undefined" />
	<Point X="243" Y="275" T="undefined" />
	<Point X="241" Y="276" T="undefined" />
	<Point X="239" Y="277" T="undefined" />
	<Point X="239" Y="278" T="undefined" />
	<Point X="237" Y="279" T="undefined" />
	<Point X="236" Y="280" T="undefined" />
	<Point X="235" Y="280" T="undefined" />
	<Point X="235" Y="281" T="undefined" />
	<Point X="236" Y="281" T="undefined" />
	<Point X="237" Y="282" T="undefined" />
	<Point X="241" Y="286" T="undefined" />
	<Point X="243" Y="289" T="undefined" />
	<Point X="245" Y="293" T="undefined" />
	<Point X="249" Y="300" T="undefined" />
	<Point X="251" Y="306" T="undefined" />
	<Point X="255" Y="318" T="undefined" />
	<Point X="260" Y="328" T="undefined" />
	<Point X="262" Y="333" T="undefined" />
	<Point X="263" Y="335" T="undefined" />
	<Point X="263" Y="337" T="undefined" />
	<Point X="263" Y="340" T="undefined" />
	<Point X="263" Y="344" T="undefined" />
	<Point X="263" Y="347" T="undefined" />
	<Point X="263" Y="350" T="undefined" />
	<Point X="262" Y="356" T="undefined" />
	<Point X="259" Y="364" T="undefined" />
	<Point X="257" Y="371" T="undefined" />
	<Point X="254" Y="380" T="undefined" />
	<Point X="251" Y="387" T="undefined" />
	<Point X="248" Y="391" T="undefined" />
	<Point X="246" Y="393" T="undefined" />
	<Point X="242" Y="398" T="undefined" />
	<Point X="237" Y="403" T="undefined" />
	<Point X="233" Y="407" T="undefined" />
	<Point X="230" Y="408" T="undefined" />
	<Point X="227" Y="410" T="undefined" />
	<Point X="225" Y="411" T="undefined" />
	<Point X="224" Y="412" T="undefined" />
	<Point X="223" Y="412" T="undefined" />
	<Point X="222" Y="412" T="undefined" />
	<Point X="221" Y="412" T="undefined" />
	<Point X="218" Y="412" T="undefined" />
	<Point X="213" Y="411" T="undefined" />
	<Point X="208" Y="410" T="undefined" />
	<Point X="205" Y="409" T="undefined" />
	<Point X="200" Y="407" T="undefined" />
	<Point X="198" Y="407" T="undefined" />
	<Point X="196" Y="406" T="undefined" />
</Gesture>