<?xml version="1.0" encoding="utf-8" standalone="yes"?>
<Gesture Name="Right Square Bracket6" NumPts="27">
	<Point X="247" Y="227" T="undefined" />
	<Point X="247" Y="227" T="undefined" />
	<Point X="247" Y="227" T="undefined" />
	<Point X="250" Y="227" T="undefined" />
	<Point X="263" Y="230" T="undefined" />
	<Point X="277" Y="233" T="undefined" />
	<Point X="288" Y="235" T="undefined" />
	<Point X="289" Y="235" T="undefined" />
	<Point X="289" Y="235" T="undefined" />
	<Point X="289" Y="236" T="undefined" />
	<Point X="289" Y="238" T="undefined" />
	<Point X="287" Y="247" T="undefined" />
	<Point X="287" Y="263" T="undefined" />
	<Point X="287" Y="282" T="undefined" />
	<Point X="287" Y="302" T="undefined" />
	<Point X="287" Y="324" T="undefined" />
	<Point X="287" Y="334" T="undefined" />
	<Point X="288" Y="339" T="undefined" />
	<Point X="288" Y="342" T="undefined" />
	<Point X="289" Y="344" T="undefined" />
	<Point X="289" Y="346" T="undefined" />
	<Point X="288" Y="346" T="undefined" />
	<Point X="287" Y="346" T="undefined" />
	<Point X="278" Y="347" T="undefined" />
	<Point X="267" Y="344" T="undefined" />
	<Point X="250" Y="340" T="undefined" />
	<Point X="239" Y="340" T="undefined" />
</Gesture>