<?xml version="1.0" encoding="utf-8" standalone="yes"?>
<Gesture Name="Right Curly Brace1" NumPts="97">
	<Point X="195" Y="151" T="undefined" />
	<Point X="198" Y="151" T="undefined" />
	<Point X="203" Y="152" T="undefined" />
	<Point X="207" Y="153" T="undefined" />
	<Point X="210" Y="153" T="undefined" />
	<Point X="216" Y="155" T="undefined" />
	<Point X="225" Y="156" T="undefined" />
	<Point X="229" Y="157" T="undefined" />
	<Point X="230" Y="158" T="undefined" />
	<Point X="231" Y="158" T="undefined" />
	<Point X="231" Y="159" T="undefined" />
	<Point X="231" Y="159" T="undefined" />
	<Point X="231" Y="161" T="undefined" />
	<Point X="232" Y="164" T="undefined" />
	<Point X="233" Y="168" T="undefined" />
	<Point X="233" Y="172" T="undefined" />
	<Point X="234" Y="176" T="undefined" />
	<Point X="234" Y="180" T="undefined" />
	<Point X="233" Y="185" T="undefined" />
	<Point X="231" Y="190" T="undefined" />
	<Point X="230" Y="194" T="undefined" />
	<Point X="230" Y="198" T="undefined" />
	<Point X="229" Y="203" T="undefined" />
	<Point X="229" Y="210" T="undefined" />
	<Point X="229" Y="215" T="undefined" />
	<Point X="230" Y="221" T="undefined" />
	<Point X="232" Y="226" T="undefined" />
	<Point X="233" Y="231" T="undefined" />
	<Point X="236" Y="240" T="undefined" />
	<Point X="238" Y="245" T="undefined" />
	<Point X="239" Y="249" T="undefined" />
	<Point X="241" Y="254" T="undefined" />
	<Point X="243" Y="257" T="undefined" />
	<Point X="245" Y="259" T="undefined" />
	<Point X="246" Y="261" T="undefined" />
	<Point X="246" Y="263" T="undefined" />
	<Point X="247" Y="265" T="undefined" />
	<Point X="248" Y="268" T="undefined" />
	<Point X="248" Y="270" T="undefined" />
	<Point X="249" Y="270" T="undefined" />
	<Point X="250" Y="270" T="undefined" />
	<Point X="256" Y="270" T="undefined" />
	<Point X="265" Y="268" T="undefined" />
	<Point X="273" Y="267" T="undefined" />
	<Point X="278" Y="266" T="undefined" />
	<Point X="285" Y="264" T="undefined" />
	<Point X="291" Y="264" T="undefined" />
	<Point X="296" Y="263" T="undefined" />
	<Point X="299" Y="263" T="undefined" />
	<Point X="300" Y="263" T="undefined" />
	<Point X="299" Y="263" T="undefined" />
	<Point X="298" Y="265" T="undefined" />
	<Point X="291" Y="270" T="undefined" />
	<Point X="285" Y="275" T="undefined" />
	<Point X="279" Y="280" T="undefined" />
	<Point X="276" Y="283" T="undefined" />
	<Point X="274" Y="287" T="undefined" />
	<Point X="271" Y="291" T="undefined" />
	<Point X="268" Y="295" T="undefined" />
	<Point X="265" Y="299" T="undefined" />
	<Point X="261" Y="304" T="undefined" />
	<Point X="259" Y="307" T="undefined" />
	<Point X="259" Y="308" T="undefined" />
	<Point X="260" Y="308" T="undefined" />
	<Point X="261" Y="308" T="undefined" />
	<Point X="263" Y="309" T="undefined" />
	<Point X="265" Y="311" T="undefined" />
	<Point X="267" Y="314" T="undefined" />
	<Point X="271" Y="319" T="undefined" />
	<Point X="274" Y="327" T="undefined" />
	<Point X="276" Y="333" T="undefined" />
	<Point X="278" Y="340" T="undefined" />
	<Point X="280" Y="348" T="undefined" />
	<Point X="281" Y="357" T="undefined" />
	<Point X="282" Y="369" T="undefined" />
	<Point X="282" Y="382" T="undefined" />
	<Point X="282" Y="394" T="undefined" />
	<Point X="283" Y="403" T="undefined" />
	<Point X="283" Y="410" T="undefined" />
	<Point X="283" Y="413" T="undefined" />
	<Point X="283" Y="416" T="undefined" />
	<Point X="281" Y="421" T="undefined" />
	<Point X="280" Y="426" T="undefined" />
	<Point X="278" Y="429" T="undefined" />
	<Point X="277" Y="433" T="undefined" />
	<Point X="276" Y="437" T="undefined" />
	<Point X="273" Y="441" T="undefined" />
	<Point X="272" Y="443" T="undefined" />
	<Point X="271" Y="444" T="undefined" />
	<Point X="266" Y="446" T="undefined" />
	<Point X="262" Y="448" T="undefined" />
	<Point X="256" Y="451" T="undefined" />
	<Point X="250" Y="454" T="undefined" />
	<Point X="245" Y="456" T="undefined" />
	<Point X="243" Y="457" T="undefined" />
	<Point X="242" Y="457" T="undefined" />
	<Point X="242" Y="458" T="undefined" />
</Gesture>