<?xml version="1.0" encoding="utf-8" standalone="yes"?>
<Gesture Name="Right Curly Brace3" NumPts="82">
	<Point X="146" Y="148" T="undefined" />
	<Point X="147" Y="148" T="undefined" />
	<Point X="148" Y="148" T="undefined" />
	<Point X="152" Y="148" T="undefined" />
	<Point X="158" Y="150" T="undefined" />
	<Point X="163" Y="151" T="undefined" />
	<Point X="170" Y="151" T="undefined" />
	<Point X="179" Y="152" T="undefined" />
	<Point X="191" Y="152" T="undefined" />
	<Point X="198" Y="151" T="undefined" />
	<Point X="203" Y="151" T="undefined" />
	<Point X="205" Y="151" T="undefined" />
	<Point X="205" Y="151" T="undefined" />
	<Point X="206" Y="151" T="undefined" />
	<Point X="207" Y="152" T="undefined" />
	<Point X="210" Y="155" T="undefined" />
	<Point X="214" Y="162" T="undefined" />
	<Point X="217" Y="170" T="undefined" />
	<Point X="218" Y="176" T="undefined" />
	<Point X="218" Y="182" T="undefined" />
	<Point X="218" Y="188" T="undefined" />
	<Point X="216" Y="194" T="undefined" />
	<Point X="213" Y="201" T="undefined" />
	<Point X="211" Y="206" T="undefined" />
	<Point X="209" Y="211" T="undefined" />
	<Point X="209" Y="212" T="undefined" />
	<Point X="209" Y="213" T="undefined" />
	<Point X="209" Y="214" T="undefined" />
	<Point X="208" Y="216" T="undefined" />
	<Point X="207" Y="222" T="undefined" />
	<Point X="205" Y="228" T="undefined" />
	<Point X="204" Y="234" T="undefined" />
	<Point X="204" Y="241" T="undefined" />
	<Point X="204" Y="247" T="undefined" />
	<Point X="205" Y="255" T="undefined" />
	<Point X="206" Y="259" T="undefined" />
	<Point X="207" Y="261" T="undefined" />
	<Point X="208" Y="261" T="undefined" />
	<Point X="209" Y="261" T="undefined" />
	<Point X="210" Y="261" T="undefined" />
	<Point X="213" Y="262" T="undefined" />
	<Point X="219" Y="262" T="undefined" />
	<Point X="225" Y="259" T="undefined" />
	<Point X="233" Y="257" T="undefined" />
	<Point X="243" Y="254" T="undefined" />
	<Point X="254" Y="251" T="undefined" />
	<Point X="261" Y="248" T="undefined" />
	<Point X="262" Y="248" T="undefined" />
	<Point X="261" Y="248" T="undefined" />
	<Point X="260" Y="249" T="undefined" />
	<Point X="254" Y="252" T="undefined" />
	<Point X="246" Y="256" T="undefined" />
	<Point X="240" Y="261" T="undefined" />
	<Point X="233" Y="267" T="undefined" />
	<Point X="225" Y="275" T="undefined" />
	<Point X="221" Y="281" T="undefined" />
	<Point X="220" Y="284" T="undefined" />
	<Point X="219" Y="285" T="undefined" />
	<Point X="219" Y="286" T="undefined" />
	<Point X="219" Y="287" T="undefined" />
	<Point X="220" Y="292" T="undefined" />
	<Point X="223" Y="300" T="undefined" />
	<Point X="226" Y="311" T="undefined" />
	<Point X="227" Y="321" T="undefined" />
	<Point X="226" Y="334" T="undefined" />
	<Point X="223" Y="344" T="undefined" />
	<Point X="220" Y="356" T="undefined" />
	<Point X="215" Y="371" T="undefined" />
	<Point X="213" Y="381" T="undefined" />
	<Point X="211" Y="386" T="undefined" />
	<Point X="209" Y="390" T="undefined" />
	<Point X="207" Y="393" T="undefined" />
	<Point X="206" Y="394" T="undefined" />
	<Point X="204" Y="395" T="undefined" />
	<Point X="203" Y="396" T="undefined" />
	<Point X="198" Y="397" T="undefined" />
	<Point X="186" Y="399" T="undefined" />
	<Point X="175" Y="400" T="undefined" />
	<Point X="162" Y="401" T="undefined" />
	<Point X="149" Y="402" T="undefined" />
	<Point X="137" Y="402" T="undefined" />
	<Point X="127" Y="402" T="undefined" />
</Gesture>