<?xml version="1.0" encoding="utf-8" standalone="yes"?>
<Gesture Name="Right Square Bracket7" NumPts="36">
	<Point X="231" Y="252" T="undefined" />
	<Point X="232" Y="252" T="undefined" />
	<Point X="232" Y="252" T="undefined" />
	<Point X="233" Y="252" T="undefined" />
	<Point X="233" Y="253" T="undefined" />
	<Point X="240" Y="254" T="undefined" />
	<Point X="256" Y="260" T="undefined" />
	<Point X="269" Y="263" T="undefined" />
	<Point X="277" Y="265" T="undefined" />
	<Point X="281" Y="266" T="undefined" />
	<Point X="281" Y="267" T="undefined" />
	<Point X="281" Y="267" T="undefined" />
	<Point X="281" Y="267" T="undefined" />
	<Point X="279" Y="270" T="undefined" />
	<Point X="276" Y="277" T="undefined" />
	<Point X="273" Y="290" T="undefined" />
	<Point X="272" Y="305" T="undefined" />
	<Point X="273" Y="319" T="undefined" />
	<Point X="276" Y="331" T="undefined" />
	<Point X="279" Y="339" T="undefined" />
	<Point X="282" Y="349" T="undefined" />
	<Point X="285" Y="359" T="undefined" />
	<Point X="287" Y="368" T="undefined" />
	<Point X="288" Y="377" T="undefined" />
	<Point X="289" Y="384" T="undefined" />
	<Point X="290" Y="386" T="undefined" />
	<Point X="290" Y="387" T="undefined" />
	<Point X="289" Y="387" T="undefined" />
	<Point X="285" Y="387" T="undefined" />
	<Point X="277" Y="387" T="undefined" />
	<Point X="260" Y="381" T="undefined" />
	<Point X="243" Y="376" T="undefined" />
	<Point X="234" Y="374" T="undefined" />
	<Point X="231" Y="375" T="undefined" />
	<Point X="228" Y="376" T="undefined" />
	<Point X="227" Y="377" T="undefined" />
</Gesture>