<?xml version="1.0" encoding="utf-8" standalone="yes"?>
<Gesture Name="Right Curly Brace9" NumPts="77">
	<Point X="210" Y="214" T="undefined" />
	<Point X="210" Y="214" T="undefined" />
	<Point X="210" Y="214" T="undefined" />
	<Point X="211" Y="214" T="undefined" />
	<Point X="216" Y="214" T="undefined" />
	<Point X="221" Y="214" T="undefined" />
	<Point X="226" Y="214" T="undefined" />
	<Point X="231" Y="215" T="undefined" />
	<Point X="234" Y="216" T="undefined" />
	<Point X="237" Y="216" T="undefined" />
	<Point X="241" Y="217" T="undefined" />
	<Point X="242" Y="217" T="undefined" />
	<Point X="244" Y="218" T="undefined" />
	<Point X="245" Y="219" T="undefined" />
	<Point X="245" Y="220" T="undefined" />
	<Point X="245" Y="221" T="undefined" />
	<Point X="246" Y="222" T="undefined" />
	<Point X="246" Y="223" T="undefined" />
	<Point X="246" Y="226" T="undefined" />
	<Point X="245" Y="231" T="undefined" />
	<Point X="244" Y="236" T="undefined" />
	<Point X="241" Y="243" T="undefined" />
	<Point X="239" Y="248" T="undefined" />
	<Point X="237" Y="251" T="undefined" />
	<Point X="236" Y="255" T="undefined" />
	<Point X="233" Y="257" T="undefined" />
	<Point X="232" Y="259" T="undefined" />
	<Point X="230" Y="261" T="undefined" />
	<Point X="228" Y="265" T="undefined" />
	<Point X="227" Y="269" T="undefined" />
	<Point X="227" Y="271" T="undefined" />
	<Point X="227" Y="272" T="undefined" />
	<Point X="228" Y="272" T="undefined" />
	<Point X="229" Y="272" T="undefined" />
	<Point X="230" Y="272" T="undefined" />
	<Point X="231" Y="272" T="undefined" />
	<Point X="232" Y="272" T="undefined" />
	<Point X="233" Y="272" T="undefined" />
	<Point X="236" Y="273" T="undefined" />
	<Point X="241" Y="273" T="undefined" />
	<Point X="244" Y="274" T="undefined" />
	<Point X="247" Y="274" T="undefined" />
	<Point X="249" Y="274" T="undefined" />
	<Point X="248" Y="275" T="undefined" />
	<Point X="247" Y="275" T="undefined" />
	<Point X="245" Y="276" T="undefined" />
	<Point X="240" Y="278" T="undefined" />
	<Point X="234" Y="280" T="undefined" />
	<Point X="229" Y="282" T="undefined" />
	<Point X="227" Y="283" T="undefined" />
	<Point X="226" Y="283" T="undefined" />
	<Point X="225" Y="284" T="undefined" />
	<Point X="224" Y="284" T="undefined" />
	<Point X="224" Y="285" T="undefined" />
	<Point X="224" Y="286" T="undefined" />
	<Point X="224" Y="290" T="undefined" />
	<Point X="225" Y="296" T="undefined" />
	<Point X="225" Y="304" T="undefined" />
	<Point X="224" Y="310" T="undefined" />
	<Point X="224" Y="317" T="undefined" />
	<Point X="222" Y="324" T="undefined" />
	<Point X="221" Y="328" T="undefined" />
	<Point X="219" Y="331" T="undefined" />
	<Point X="218" Y="335" T="undefined" />
	<Point X="217" Y="338" T="undefined" />
	<Point X="216" Y="340" T="undefined" />
	<Point X="216" Y="341" T="undefined" />
	<Point X="215" Y="342" T="undefined" />
	<Point X="214" Y="342" T="undefined" />
	<Point X="213" Y="343" T="undefined" />
	<Point X="210" Y="344" T="undefined" />
	<Point X="207" Y="344" T="undefined" />
	<Point X="203" Y="344" T="undefined" />
	<Point X="200" Y="344" T="undefined" />
	<Point X="197" Y="344" T="undefined" />
	<Point X="196" Y="344" T="undefined" />
	<Point X="194" Y="343" T="undefined" />
</Gesture>