<?xml version="1.0" encoding="utf-8" standalone="yes"?>
<Gesture Name="Right Square Bracket4" NumPts="40">
	<Point X="206" Y="167" T="undefined" />
	<Point X="206" Y="167" T="undefined" />
	<Point X="207" Y="167" T="undefined" />
	<Point X="212" Y="167" T="undefined" />
	<Point X="226" Y="168" T="undefined" />
	<Point X="242" Y="170" T="undefined" />
	<Point X="255" Y="171" T="undefined" />
	<Point X="259" Y="172" T="undefined" />
	<Point X="262" Y="173" T="undefined" />
	<Point X="268" Y="175" T="undefined" />
	<Point X="276" Y="175" T="undefined" />
	<Point X="278" Y="175" T="undefined" />
	<Point X="278" Y="175" T="undefined" />
	<Point X="278" Y="176" T="undefined" />
	<Point X="278" Y="177" T="undefined" />
	<Point X="277" Y="179" T="undefined" />
	<Point X="275" Y="184" T="undefined" />
	<Point X="272" Y="194" T="undefined" />
	<Point X="270" Y="209" T="undefined" />
	<Point X="269" Y="224" T="undefined" />
	<Point X="271" Y="238" T="undefined" />
	<Point X="273" Y="251" T="undefined" />
	<Point X="274" Y="261" T="undefined" />
	<Point X="274" Y="275" T="undefined" />
	<Point X="271" Y="289" T="undefined" />
	<Point X="270" Y="296" T="undefined" />
	<Point X="270" Y="300" T="undefined" />
	<Point X="270" Y="303" T="undefined" />
	<Point X="269" Y="305" T="undefined" />
	<Point X="269" Y="306" T="undefined" />
	<Point X="268" Y="306" T="undefined" />
	<Point X="267" Y="306" T="undefined" />
	<Point X="264" Y="308" T="undefined" />
	<Point X="259" Y="308" T="undefined" />
	<Point X="249" Y="308" T="undefined" />
	<Point X="233" Y="307" T="undefined" />
	<Point X="212" Y="305" T="undefined" />
	<Point X="188" Y="305" T="undefined" />
	<Point X="167" Y="305" T="undefined" />
	<Point X="158" Y="306" T="undefined" />
</Gesture>