<?xml version="1.0" encoding="utf-8" standalone="yes"?>
<Gesture Name="Right Square Bracket9" NumPts="36">
	<Point X="182" Y="220" T="undefined" />
	<Point X="182" Y="220" T="undefined" />
	<Point X="182" Y="220" T="undefined" />
	<Point X="183" Y="220" T="undefined" />
	<Point X="184" Y="221" T="undefined" />
	<Point X="188" Y="224" T="undefined" />
	<Point X="197" Y="228" T="undefined" />
	<Point X="216" Y="235" T="undefined" />
	<Point X="226" Y="237" T="undefined" />
	<Point X="231" Y="238" T="undefined" />
	<Point X="233" Y="238" T="undefined" />
	<Point X="233" Y="239" T="undefined" />
	<Point X="234" Y="239" T="undefined" />
	<Point X="234" Y="239" T="undefined" />
	<Point X="234" Y="240" T="undefined" />
	<Point X="233" Y="240" T="undefined" />
	<Point X="231" Y="243" T="undefined" />
	<Point X="227" Y="250" T="undefined" />
	<Point X="221" Y="262" T="undefined" />
	<Point X="217" Y="283" T="undefined" />
	<Point X="216" Y="305" T="undefined" />
	<Point X="218" Y="323" T="undefined" />
	<Point X="220" Y="333" T="undefined" />
	<Point X="221" Y="337" T="undefined" />
	<Point X="221" Y="338" T="undefined" />
	<Point X="221" Y="339" T="undefined" />
	<Point X="221" Y="340" T="undefined" />
	<Point X="220" Y="340" T="undefined" />
	<Point X="219" Y="339" T="undefined" />
	<Point X="213" Y="337" T="undefined" />
	<Point X="206" Y="334" T="undefined" />
	<Point X="196" Y="329" T="undefined" />
	<Point X="187" Y="326" T="undefined" />
	<Point X="179" Y="324" T="undefined" />
	<Point X="175" Y="324" T="undefined" />
	<Point X="172" Y="324" T="undefined" />
</Gesture>