<?xml version="1.0" encoding="utf-8" standalone="yes"?>
<Gesture Name="Right Curly Brace8" NumPts="80">
	<Point X="233" Y="233" T="undefined" />
	<Point X="233" Y="233" T="undefined" />
	<Point X="234" Y="233" T="undefined" />
	<Point X="236" Y="233" T="undefined" />
	<Point X="244" Y="233" T="undefined" />
	<Point X="252" Y="233" T="undefined" />
	<Point X="258" Y="234" T="undefined" />
	<Point X="264" Y="234" T="undefined" />
	<Point X="268" Y="234" T="undefined" />
	<Point X="270" Y="234" T="undefined" />
	<Point X="272" Y="235" T="undefined" />
	<Point X="273" Y="236" T="undefined" />
	<Point X="275" Y="237" T="undefined" />
	<Point X="277" Y="239" T="undefined" />
	<Point X="278" Y="241" T="undefined" />
	<Point X="279" Y="244" T="undefined" />
	<Point X="280" Y="247" T="undefined" />
	<Point X="280" Y="250" T="undefined" />
	<Point X="280" Y="252" T="undefined" />
	<Point X="280" Y="253" T="undefined" />
	<Point X="279" Y="255" T="undefined" />
	<Point X="278" Y="259" T="undefined" />
	<Point X="275" Y="264" T="undefined" />
	<Point X="271" Y="269" T="undefined" />
	<Point X="269" Y="272" T="undefined" />
	<Point X="269" Y="273" T="undefined" />
	<Point X="269" Y="274" T="undefined" />
	<Point X="269" Y="275" T="undefined" />
	<Point X="269" Y="276" T="undefined" />
	<Point X="268" Y="276" T="undefined" />
	<Point X="268" Y="278" T="undefined" />
	<Point X="268" Y="281" T="undefined" />
	<Point X="268" Y="283" T="undefined" />
	<Point X="268" Y="284" T="undefined" />
	<Point X="269" Y="284" T="undefined" />
	<Point X="270" Y="284" T="undefined" />
	<Point X="272" Y="284" T="undefined" />
	<Point X="276" Y="284" T="undefined" />
	<Point X="281" Y="284" T="undefined" />
	<Point X="286" Y="284" T="undefined" />
	<Point X="291" Y="284" T="undefined" />
	<Point X="294" Y="283" T="undefined" />
	<Point X="296" Y="282" T="undefined" />
	<Point X="295" Y="282" T="undefined" />
	<Point X="294" Y="283" T="undefined" />
	<Point X="289" Y="285" T="undefined" />
	<Point X="284" Y="287" T="undefined" />
	<Point X="280" Y="289" T="undefined" />
	<Point X="274" Y="292" T="undefined" />
	<Point X="271" Y="294" T="undefined" />
	<Point X="268" Y="296" T="undefined" />
	<Point X="268" Y="297" T="undefined" />
	<Point X="268" Y="298" T="undefined" />
	<Point X="268" Y="299" T="undefined" />
	<Point X="269" Y="300" T="undefined" />
	<Point X="269" Y="301" T="undefined" />
	<Point X="269" Y="303" T="undefined" />
	<Point X="270" Y="306" T="undefined" />
	<Point X="270" Y="310" T="undefined" />
	<Point X="271" Y="316" T="undefined" />
	<Point X="271" Y="323" T="undefined" />
	<Point X="271" Y="330" T="undefined" />
	<Point X="271" Y="338" T="undefined" />
	<Point X="266" Y="349" T="undefined" />
	<Point X="260" Y="357" T="undefined" />
	<Point X="252" Y="364" T="undefined" />
	<Point X="246" Y="368" T="undefined" />
	<Point X="243" Y="370" T="undefined" />
	<Point X="242" Y="371" T="undefined" />
	<Point X="241" Y="371" T="undefined" />
	<Point X="239" Y="372" T="undefined" />
	<Point X="237" Y="372" T="undefined" />
	<Point X="234" Y="372" T="undefined" />
	<Point X="232" Y="372" T="undefined" />
	<Point X="230" Y="372" T="undefined" />
	<Point X="229" Y="372" T="undefined" />
	<Point X="228" Y="372" T="undefined" />
	<Point X="227" Y="372" T="undefined" />
	<Point X="226" Y="370" T="undefined" />
	<Point X="223" Y="367" T="undefined" />
</Gesture>