<?xml version="1.0" encoding="utf-8" standalone="yes"?>
<Gesture Name="Right Curly Brace5" NumPts="88">
	<Point X="209" Y="223" T="undefined" />
	<Point X="209" Y="223" T="undefined" />
	<Point X="210" Y="222" T="undefined" />
	<Point X="217" Y="220" T="undefined" />
	<Point X="230" Y="216" T="undefined" />
	<Point X="245" Y="215" T="undefined" />
	<Point X="256" Y="214" T="undefined" />
	<Point X="269" Y="214" T="undefined" />
	<Point X="278" Y="214" T="undefined" />
	<Point X="280" Y="214" T="undefined" />
	<Point X="282" Y="214" T="undefined" />
	<Point X="287" Y="216" T="undefined" />
	<Point X="294" Y="221" T="undefined" />
	<Point X="300" Y="226" T="undefined" />
	<Point X="303" Y="229" T="undefined" />
	<Point X="305" Y="232" T="undefined" />
	<Point X="306" Y="234" T="undefined" />
	<Point X="307" Y="238" T="undefined" />
	<Point X="307" Y="242" T="undefined" />
	<Point X="307" Y="246" T="undefined" />
	<Point X="306" Y="249" T="undefined" />
	<Point X="302" Y="253" T="undefined" />
	<Point X="298" Y="256" T="undefined" />
	<Point X="294" Y="259" T="undefined" />
	<Point X="290" Y="262" T="undefined" />
	<Point X="285" Y="264" T="undefined" />
	<Point X="281" Y="267" T="undefined" />
	<Point X="278" Y="269" T="undefined" />
	<Point X="274" Y="271" T="undefined" />
	<Point X="271" Y="274" T="undefined" />
	<Point X="269" Y="275" T="undefined" />
	<Point X="267" Y="276" T="undefined" />
	<Point X="266" Y="277" T="undefined" />
	<Point X="266" Y="278" T="undefined" />
	<Point X="267" Y="279" T="undefined" />
	<Point X="270" Y="280" T="undefined" />
	<Point X="274" Y="283" T="undefined" />
	<Point X="280" Y="286" T="undefined" />
	<Point X="289" Y="290" T="undefined" />
	<Point X="299" Y="295" T="undefined" />
	<Point X="306" Y="298" T="undefined" />
	<Point X="310" Y="300" T="undefined" />
	<Point X="312" Y="301" T="undefined" />
	<Point X="314" Y="301" T="undefined" />
	<Point X="316" Y="301" T="undefined" />
	<Point X="318" Y="301" T="undefined" />
	<Point X="320" Y="302" T="undefined" />
	<Point X="320" Y="303" T="undefined" />
	<Point X="320" Y="304" T="undefined" />
	<Point X="318" Y="304" T="undefined" />
	<Point X="315" Y="306" T="undefined" />
	<Point X="311" Y="309" T="undefined" />
	<Point X="306" Y="312" T="undefined" />
	<Point X="302" Y="316" T="undefined" />
	<Point X="296" Y="321" T="undefined" />
	<Point X="292" Y="326" T="undefined" />
	<Point X="291" Y="327" T="undefined" />
	<Point X="290" Y="328" T="undefined" />
	<Point X="290" Y="329" T="undefined" />
	<Point X="291" Y="330" T="undefined" />
	<Point X="298" Y="337" T="undefined" />
	<Point X="306" Y="345" T="undefined" />
	<Point X="312" Y="351" T="undefined" />
	<Point X="313" Y="355" T="undefined" />
	<Point X="314" Y="360" T="undefined" />
	<Point X="315" Y="365" T="undefined" />
	<Point X="317" Y="373" T="undefined" />
	<Point X="319" Y="382" T="undefined" />
	<Point X="321" Y="390" T="undefined" />
	<Point X="323" Y="399" T="undefined" />
	<Point X="324" Y="410" T="undefined" />
	<Point X="325" Y="417" T="undefined" />
	<Point X="325" Y="421" T="undefined" />
	<Point X="325" Y="422" T="undefined" />
	<Point X="325" Y="423" T="undefined" />
	<Point X="325" Y="424" T="undefined" />
	<Point X="325" Y="425" T="undefined" />
	<Point X="324" Y="425" T="undefined" />
	<Point X="323" Y="425" T="undefined" />
	<Point X="321" Y="425" T="undefined" />
	<Point X="315" Y="426" T="undefined" />
	<Point X="307" Y="426" T="undefined" />
	<Point X="297" Y="426" T="undefined" />
	<Point X="279" Y="421" T="undefined" />
	<Point X="260" Y="417" T="undefined" />
	<Point X="245" Y="414" T="undefined" />
	<Point X="240" Y="414" T="undefined" />
	<Point X="240" Y="413" T="undefined" />
</Gesture>