<?xml version="1.0" encoding="utf-8" standalone="yes"?>
<Gesture Name="Right Curly Brace2" NumPts="94">
	<Point X="117" Y="123" T="undefined" />
	<Point X="117" Y="123" T="undefined" />
	<Point X="117" Y="123" T="undefined" />
	<Point X="118" Y="123" T="undefined" />
	<Point X="119" Y="123" T="undefined" />
	<Point X="123" Y="122" T="undefined" />
	<Point X="128" Y="122" T="undefined" />
	<Point X="133" Y="122" T="undefined" />
	<Point X="137" Y="122" T="undefined" />
	<Point X="141" Y="122" T="undefined" />
	<Point X="147" Y="123" T="undefined" />
	<Point X="154" Y="124" T="undefined" />
	<Point X="158" Y="125" T="undefined" />
	<Point X="161" Y="126" T="undefined" />
	<Point X="164" Y="127" T="undefined" />
	<Point X="165" Y="127" T="undefined" />
	<Point X="165" Y="128" T="undefined" />
	<Point X="165" Y="129" T="undefined" />
	<Point X="165" Y="133" T="undefined" />
	<Point X="163" Y="139" T="undefined" />
	<Point X="160" Y="145" T="undefined" />
	<Point X="158" Y="152" T="undefined" />
	<Point X="155" Y="158" T="undefined" />
	<Point X="153" Y="163" T="undefined" />
	<Point X="151" Y="166" T="undefined" />
	<Point X="149" Y="168" T="undefined" />
	<Point X="146" Y="170" T="undefined" />
	<Point X="143" Y="173" T="undefined" />
	<Point X="140" Y="176" T="undefined" />
	<Point X="137" Y="182" T="undefined" />
	<Point X="134" Y="189" T="undefined" />
	<Point X="133" Y="194" T="undefined" />
	<Point X="132" Y="196" T="undefined" />
	<Point X="132" Y="197" T="undefined" />
	<Point X="133" Y="197" T="undefined" />
	<Point X="134" Y="197" T="undefined" />
	<Point X="135" Y="197" T="undefined" />
	<Point X="136" Y="197" T="undefined" />
	<Point X="140" Y="198" T="undefined" />
	<Point X="144" Y="199" T="undefined" />
	<Point X="146" Y="199" T="undefined" />
	<Point X="148" Y="199" T="undefined" />
	<Point X="150" Y="199" T="undefined" />
	<Point X="154" Y="199" T="undefined" />
	<Point X="157" Y="199" T="undefined" />
	<Point X="161" Y="199" T="undefined" />
	<Point X="163" Y="198" T="undefined" />
	<Point X="166" Y="198" T="undefined" />
	<Point X="166" Y="197" T="undefined" />
	<Point X="167" Y="197" T="undefined" />
	<Point X="166" Y="197" T="undefined" />
	<Point X="165" Y="198" T="undefined" />
	<Point X="156" Y="202" T="undefined" />
	<Point X="150" Y="204" T="undefined" />
	<Point X="140" Y="209" T="undefined" />
	<Point X="130" Y="213" T="undefined" />
	<Point X="124" Y="215" T="undefined" />
	<Point X="123" Y="216" T="undefined" />
	<Point X="124" Y="216" T="undefined" />
	<Point X="125" Y="216" T="undefined" />
	<Point X="127" Y="217" T="undefined" />
	<Point X="129" Y="218" T="undefined" />
	<Point X="131" Y="218" T="undefined" />
	<Point X="131" Y="219" T="undefined" />
	<Point X="133" Y="221" T="undefined" />
	<Point X="134" Y="225" T="undefined" />
	<Point X="134" Y="228" T="undefined" />
	<Point X="134" Y="234" T="undefined" />
	<Point X="132" Y="243" T="undefined" />
	<Point X="130" Y="256" T="undefined" />
	<Point X="125" Y="269" T="undefined" />
	<Point X="123" Y="279" T="undefined" />
	<Point X="120" Y="287" T="undefined" />
	<Point X="117" Y="295" T="undefined" />
	<Point X="114" Y="302" T="undefined" />
	<Point X="111" Y="308" T="undefined" />
	<Point X="108" Y="316" T="undefined" />
	<Point X="105" Y="322" T="undefined" />
	<Point X="102" Y="328" T="undefined" />
	<Point X="99" Y="332" T="undefined" />
	<Point X="97" Y="335" T="undefined" />
	<Point X="95" Y="336" T="undefined" />
	<Point X="94" Y="337" T="undefined" />
	<Point X="92" Y="338" T="undefined" />
	<Point X="89" Y="339" T="undefined" />
	<Point X="86" Y="340" T="undefined" />
	<Point X="80" Y="340" T="undefined" />
	<Point X="72" Y="338" T="undefined" />
	<Point X="65" Y="336" T="undefined" />
	<Point X="60" Y="335" T="undefined" />
	<Point X="58" Y="334" T="undefined" />
	<Point X="57" Y="334" T="undefined" />
	<Point X="57" Y="333" T="undefined" />
	<Point X="57" Y="332" T="undefined" />
</Gesture>