<?xml version="1.0" encoding="utf-8" standalone="yes"?>
<Gesture Name="Right Square Bracket2" NumPts="20">
	<Point X="113" Y="243" T="undefined" />
	<Point X="113" Y="243" T="undefined" />
	<Point X="113" Y="244" T="undefined" />
	<Point X="114" Y="246" T="undefined" />
	<Point X="124" Y="266" T="undefined" />
	<Point X="147" Y="303" T="undefined" />
	<Point X="170" Y="335" T="undefined" />
	<Point X="191" Y="357" T="undefined" />
	<Point X="197" Y="365" T="undefined" />
	<Point X="198" Y="366" T="undefined" />
	<Point X="200" Y="362" T="undefined" />
	<Point X="204" Y="356" T="undefined" />
	<Point X="207" Y="348" T="undefined" />
	<Point X="213" Y="335" T="undefined" />
	<Point X="226" Y="312" T="undefined" />
	<Point X="246" Y="283" T="undefined" />
	<Point X="271" Y="249" T="undefined" />
	<Point X="292" Y="222" T="undefined" />
	<Point X="305" Y="200" T="undefined" />
	<Point X="310" Y="191" T="undefined" />
</Gesture>