<?xml version="1.0" encoding="utf-8" standalone="yes"?>
<Gesture Name="Right Curly Brace6" NumPts="90">
	<Point X="178" Y="225" T="undefined" />
	<Point X="178" Y="225" T="undefined" />
	<Point X="178" Y="225" T="undefined" />
	<Point X="179" Y="225" T="undefined" />
	<Point X="183" Y="223" T="undefined" />
	<Point X="193" Y="220" T="undefined" />
	<Point X="205" Y="213" T="undefined" />
	<Point X="212" Y="210" T="undefined" />
	<Point X="221" Y="205" T="undefined" />
	<Point X="227" Y="203" T="undefined" />
	<Point X="232" Y="201" T="undefined" />
	<Point X="235" Y="200" T="undefined" />
	<Point X="236" Y="200" T="undefined" />
	<Point X="237" Y="200" T="undefined" />
	<Point X="237" Y="201" T="undefined" />
	<Point X="239" Y="204" T="undefined" />
	<Point X="241" Y="209" T="undefined" />
	<Point X="242" Y="215" T="undefined" />
	<Point X="242" Y="224" T="undefined" />
	<Point X="242" Y="231" T="undefined" />
	<Point X="242" Y="236" T="undefined" />
	<Point X="242" Y="239" T="undefined" />
	<Point X="239" Y="245" T="undefined" />
	<Point X="234" Y="252" T="undefined" />
	<Point X="230" Y="261" T="undefined" />
	<Point X="227" Y="268" T="undefined" />
	<Point X="226" Y="271" T="undefined" />
	<Point X="225" Y="272" T="undefined" />
	<Point X="225" Y="273" T="undefined" />
	<Point X="225" Y="277" T="undefined" />
	<Point X="225" Y="280" T="undefined" />
	<Point X="225" Y="281" T="undefined" />
	<Point X="226" Y="281" T="undefined" />
	<Point X="227" Y="281" T="undefined" />
	<Point X="228" Y="281" T="undefined" />
	<Point X="230" Y="281" T="undefined" />
	<Point X="232" Y="281" T="undefined" />
	<Point X="235" Y="281" T="undefined" />
	<Point X="238" Y="279" T="undefined" />
	<Point X="241" Y="279" T="undefined" />
	<Point X="242" Y="278" T="undefined" />
	<Point X="243" Y="278" T="undefined" />
	<Point X="244" Y="277" T="undefined" />
	<Point X="245" Y="277" T="undefined" />
	<Point X="244" Y="277" T="undefined" />
	<Point X="243" Y="278" T="undefined" />
	<Point X="239" Y="282" T="undefined" />
	<Point X="235" Y="286" T="undefined" />
	<Point X="231" Y="290" T="undefined" />
	<Point X="227" Y="294" T="undefined" />
	<Point X="226" Y="297" T="undefined" />
	<Point X="224" Y="298" T="undefined" />
	<Point X="223" Y="301" T="undefined" />
	<Point X="222" Y="303" T="undefined" />
	<Point X="220" Y="305" T="undefined" />
	<Point X="220" Y="307" T="undefined" />
	<Point X="220" Y="309" T="undefined" />
	<Point X="220" Y="310" T="undefined" />
	<Point X="220" Y="311" T="undefined" />
	<Point X="221" Y="312" T="undefined" />
	<Point X="224" Y="317" T="undefined" />
	<Point X="226" Y="321" T="undefined" />
	<Point X="228" Y="326" T="undefined" />
	<Point X="230" Y="334" T="undefined" />
	<Point X="231" Y="341" T="undefined" />
	<Point X="231" Y="347" T="undefined" />
	<Point X="231" Y="354" T="undefined" />
	<Point X="231" Y="361" T="undefined" />
	<Point X="229" Y="367" T="undefined" />
	<Point X="227" Y="374" T="undefined" />
	<Point X="226" Y="378" T="undefined" />
	<Point X="224" Y="382" T="undefined" />
	<Point X="223" Y="384" T="undefined" />
	<Point X="222" Y="385" T="undefined" />
	<Point X="220" Y="386" T="undefined" />
	<Point X="219" Y="387" T="undefined" />
	<Point X="217" Y="387" T="undefined" />
	<Point X="214" Y="389" T="undefined" />
	<Point X="211" Y="390" T="undefined" />
	<Point X="208" Y="391" T="undefined" />
	<Point X="205" Y="392" T="undefined" />
	<Point X="203" Y="392" T="undefined" />
	<Point X="198" Y="391" T="undefined" />
	<Point X="196" Y="389" T="undefined" />
	<Point X="194" Y="388" T="undefined" />
	<Point X="193" Y="388" T="undefined" />
	<Point X="192" Y="386" T="undefined" />
	<Point X="187" Y="381" T="undefined" />
	<Point X="187" Y="379" T="undefined" />
	<Point X="185" Y="377" T="undefined" />
</Gesture>