<?xml version="1.0" encoding="utf-8" standalone="yes"?>
<Gesture Name="Right Square Bracket8" NumPts="35">
	<Point X="242" Y="242" T="undefined" />
	<Point X="242" Y="242" T="undefined" />
	<Point X="244" Y="242" T="undefined" />
	<Point X="248" Y="243" T="undefined" />
	<Point X="252" Y="243" T="undefined" />
	<Point X="257" Y="243" T="undefined" />
	<Point X="260" Y="243" T="undefined" />
	<Point X="264" Y="243" T="undefined" />
	<Point X="266" Y="243" T="undefined" />
	<Point X="268" Y="243" T="undefined" />
	<Point X="271" Y="243" T="undefined" />
	<Point X="273" Y="244" T="undefined" />
	<Point X="274" Y="244" T="undefined" />
	<Point X="274" Y="244" T="undefined" />
	<Point X="274" Y="245" T="undefined" />
	<Point X="274" Y="248" T="undefined" />
	<Point X="274" Y="270" T="undefined" />
	<Point X="277" Y="294" T="undefined" />
	<Point X="277" Y="295" T="undefined" />
	<Point X="278" Y="305" T="undefined" />
	<Point X="279" Y="312" T="undefined" />
	<Point X="280" Y="316" T="undefined" />
	<Point X="280" Y="318" T="undefined" />
	<Point X="280" Y="319" T="undefined" />
	<Point X="280" Y="320" T="undefined" />
	<Point X="280" Y="321" T="undefined" />
	<Point X="280" Y="323" T="undefined" />
	<Point X="280" Y="324" T="undefined" />
	<Point X="280" Y="325" T="undefined" />
	<Point X="279" Y="325" T="undefined" />
	<Point X="268" Y="325" T="undefined" />
	<Point X="265" Y="325" T="undefined" />
	<Point X="256" Y="325" T="undefined" />
	<Point X="250" Y="327" T="undefined" />
	<Point X="248" Y="327" T="undefined" />
</Gesture>