<?xml version="1.0" encoding="utf-8" standalone="yes"?>
<Gesture Name="Right Square Bracket1" NumPts="48">
	<Point X="204" Y="177" T="undefined" />
	<Point X="210" Y="178" T="undefined" />
	<Point X="214" Y="178" T="undefined" />
	<Point X="221" Y="178" T="undefined" />
	<Point X="230" Y="177" T="undefined" />
	<Point X="237" Y="176" T="undefined" />
	<Point X="242" Y="175" T="undefined" />
	<Point X="247" Y="175" T="undefined" />
	<Point X="256" Y="175" T="undefined" />
	<Point X="266" Y="177" T="undefined" />
	<Point X="273" Y="177" T="undefined" />
	<Point X="278" Y="178" T="undefined" />
	<Point X="281" Y="178" T="undefined" />
	<Point X="281" Y="179" T="undefined" />
	<Point X="282" Y="179" T="undefined" />
	<Point X="282" Y="180" T="undefined" />
	<Point X="283" Y="185" T="undefined" />
	<Point X="285" Y="200" T="undefined" />
	<Point X="288" Y="222" T="undefined" />
	<Point X="292" Y="246" T="undefined" />
	<Point X="296" Y="268" T="undefined" />
	<Point X="297" Y="283" T="undefined" />
	<Point X="299" Y="293" T="undefined" />
	<Point X="300" Y="303" T="undefined" />
	<Point X="303" Y="317" T="undefined" />
	<Point X="304" Y="330" T="undefined" />
	<Point X="304" Y="343" T="undefined" />
	<Point X="304" Y="354" T="undefined" />
	<Point X="304" Y="364" T="undefined" />
	<Point X="304" Y="370" T="undefined" />
	<Point X="304" Y="373" T="undefined" />
	<Point X="303" Y="373" T="undefined" />
	<Point X="302" Y="373" T="undefined" />
	<Point X="300" Y="374" T="undefined" />
	<Point X="294" Y="374" T="undefined" />
	<Point X="285" Y="374" T="undefined" />
	<Point X="278" Y="373" T="undefined" />
	<Point X="271" Y="372" T="undefined" />
	<Point X="265" Y="372" T="undefined" />
	<Point X="260" Y="372" T="undefined" />
	<Point X="256" Y="372" T="undefined" />
	<Point X="251" Y="372" T="undefined" />
	<Point X="243" Y="372" T="undefined" />
	<Point X="238" Y="372" T="undefined" />
	<Point X="230" Y="371" T="undefined" />
	<Point X="221" Y="370" T="undefined" />
	<Point X="216" Y="370" T="undefined" />
	<Point X="213" Y="370" T="undefined" />
</Gesture>