<?xml version="1.0" encoding="utf-8" standalone="yes"?>
<Gesture Name="Right Curly Brace7" NumPts="86">
	<Point X="186" Y="165" T="undefined" />
	<Point X="186" Y="165" T="undefined" />
	<Point X="187" Y="165" T="undefined" />
	<Point X="195" Y="165" T="undefined" />
	<Point X="208" Y="168" T="undefined" />
	<Point X="228" Y="172" T="undefined" />
	<Point X="242" Y="175" T="undefined" />
	<Point X="252" Y="181" T="undefined" />
	<Point X="258" Y="185" T="undefined" />
	<Point X="259" Y="185" T="undefined" />
	<Point X="259" Y="187" T="undefined" />
	<Point X="261" Y="190" T="undefined" />
	<Point X="263" Y="196" T="undefined" />
	<Point X="266" Y="202" T="undefined" />
	<Point X="267" Y="207" T="undefined" />
	<Point X="268" Y="210" T="undefined" />
	<Point X="268" Y="211" T="undefined" />
	<Point X="268" Y="212" T="undefined" />
	<Point X="268" Y="213" T="undefined" />
	<Point X="267" Y="215" T="undefined" />
	<Point X="262" Y="218" T="undefined" />
	<Point X="258" Y="222" T="undefined" />
	<Point X="254" Y="227" T="undefined" />
	<Point X="251" Y="231" T="undefined" />
	<Point X="249" Y="234" T="undefined" />
	<Point X="246" Y="238" T="undefined" />
	<Point X="245" Y="241" T="undefined" />
	<Point X="243" Y="245" T="undefined" />
	<Point X="242" Y="248" T="undefined" />
	<Point X="241" Y="251" T="undefined" />
	<Point X="241" Y="252" T="undefined" />
	<Point X="241" Y="253" T="undefined" />
	<Point X="242" Y="253" T="undefined" />
	<Point X="242" Y="254" T="undefined" />
	<Point X="245" Y="255" T="undefined" />
	<Point X="247" Y="256" T="undefined" />
	<Point X="251" Y="257" T="undefined" />
	<Point X="256" Y="259" T="undefined" />
	<Point X="263" Y="262" T="undefined" />
	<Point X="267" Y="263" T="undefined" />
	<Point X="270" Y="263" T="undefined" />
	<Point X="270" Y="264" T="undefined" />
	<Point X="269" Y="264" T="undefined" />
	<Point X="263" Y="266" T="undefined" />
	<Point X="256" Y="269" T="undefined" />
	<Point X="253" Y="272" T="undefined" />
	<Point X="252" Y="273" T="undefined" />
	<Point X="251" Y="273" T="undefined" />
	<Point X="251" Y="276" T="undefined" />
	<Point X="250" Y="278" T="undefined" />
	<Point X="250" Y="280" T="undefined" />
	<Point X="250" Y="282" T="undefined" />
	<Point X="250" Y="283" T="undefined" />
	<Point X="251" Y="283" T="undefined" />
	<Point X="252" Y="284" T="undefined" />
	<Point X="253" Y="287" T="undefined" />
	<Point X="255" Y="292" T="undefined" />
	<Point X="257" Y="298" T="undefined" />
	<Point X="259" Y="303" T="undefined" />
	<Point X="261" Y="311" T="undefined" />
	<Point X="263" Y="321" T="undefined" />
	<Point X="266" Y="330" T="undefined" />
	<Point X="267" Y="337" T="undefined" />
	<Point X="267" Y="340" T="undefined" />
	<Point X="267" Y="342" T="undefined" />
	<Point X="267" Y="346" T="undefined" />
	<Point X="267" Y="348" T="undefined" />
	<Point X="267" Y="351" T="undefined" />
	<Point X="267" Y="354" T="undefined" />
	<Point X="266" Y="357" T="undefined" />
	<Point X="266" Y="358" T="undefined" />
	<Point X="265" Y="359" T="undefined" />
	<Point X="264" Y="360" T="undefined" />
	<Point X="264" Y="361" T="undefined" />
	<Point X="262" Y="362" T="undefined" />
	<Point X="259" Y="363" T="undefined" />
	<Point X="256" Y="364" T="undefined" />
	<Point X="251" Y="366" T="undefined" />
	<Point X="245" Y="367" T="undefined" />
	<Point X="238" Y="368" T="undefined" />
	<Point X="230" Y="369" T="undefined" />
	<Point X="223" Y="369" T="undefined" />
	<Point X="218" Y="369" T="undefined" />
	<Point X="215" Y="369" T="undefined" />
	<Point X="214" Y="369" T="undefined" />
	<Point X="214" Y="368" T="undefined" />
</Gesture>