<?xml version="1.0" encoding="utf-8" standalone="yes"?>
<Gesture Name="Right Curly Brace4" NumPts="100">
	<Point X="139" Y="198" T="undefined" />
	<Point X="139" Y="198" T="undefined" />
	<Point X="144" Y="196" T="undefined" />
	<Point X="149" Y="195" T="undefined" />
	<Point X="153" Y="194" T="undefined" />
	<Point X="158" Y="193" T="undefined" />
	<Point X="161" Y="193" T="undefined" />
	<Point X="163" Y="192" T="undefined" />
	<Point X="169" Y="191" T="undefined" />
	<Point X="179" Y="188" T="undefined" />
	<Point X="188" Y="187" T="undefined" />
	<Point X="195" Y="187" T="undefined" />
	<Point X="204" Y="189" T="undefined" />
	<Point X="209" Y="192" T="undefined" />
	<Point X="215" Y="197" T="undefined" />
	<Point X="218" Y="201" T="undefined" />
	<Point X="220" Y="204" T="undefined" />
	<Point X="222" Y="209" T="undefined" />
	<Point X="223" Y="212" T="undefined" />
	<Point X="224" Y="218" T="undefined" />
	<Point X="225" Y="224" T="undefined" />
	<Point X="225" Y="229" T="undefined" />
	<Point X="225" Y="234" T="undefined" />
	<Point X="225" Y="236" T="undefined" />
	<Point X="225" Y="237" T="undefined" />
	<Point X="225" Y="238" T="undefined" />
	<Point X="223" Y="239" T="undefined" />
	<Point X="220" Y="242" T="undefined" />
	<Point X="218" Y="244" T="undefined" />
	<Point X="217" Y="245" T="undefined" />
	<Point X="215" Y="247" T="undefined" />
	<Point X="215" Y="248" T="undefined" />
	<Point X="214" Y="249" T="undefined" />
	<Point X="213" Y="250" T="undefined" />
	<Point X="211" Y="252" T="undefined" />
	<Point X="210" Y="253" T="undefined" />
	<Point X="208" Y="254" T="undefined" />
	<Point X="208" Y="256" T="undefined" />
	<Point X="208" Y="258" T="undefined" />
	<Point X="208" Y="259" T="undefined" />
	<Point X="208" Y="260" T="undefined" />
	<Point X="208" Y="262" T="undefined" />
	<Point X="209" Y="263" T="undefined" />
	<Point X="209" Y="264" T="undefined" />
	<Point X="210" Y="264" T="undefined" />
	<Point X="210" Y="265" T="undefined" />
	<Point X="211" Y="266" T="undefined" />
	<Point X="212" Y="267" T="undefined" />
	<Point X="213" Y="268" T="undefined" />
	<Point X="215" Y="269" T="undefined" />
	<Point X="219" Y="271" T="undefined" />
	<Point X="225" Y="274" T="undefined" />
	<Point X="232" Y="277" T="undefined" />
	<Point X="241" Y="281" T="undefined" />
	<Point X="249" Y="282" T="undefined" />
	<Point X="255" Y="282" T="undefined" />
	<Point X="258" Y="282" T="undefined" />
	<Point X="261" Y="281" T="undefined" />
	<Point X="260" Y="281" T="undefined" />
	<Point X="259" Y="281" T="undefined" />
	<Point X="254" Y="284" T="undefined" />
	<Point X="247" Y="286" T="undefined" />
	<Point X="241" Y="289" T="undefined" />
	<Point X="233" Y="293" T="undefined" />
	<Point X="225" Y="297" T="undefined" />
	<Point X="218" Y="299" T="undefined" />
	<Point X="214" Y="302" T="undefined" />
	<Point X="211" Y="303" T="undefined" />
	<Point X="208" Y="305" T="undefined" />
	<Point X="206" Y="306" T="undefined" />
	<Point X="205" Y="308" T="undefined" />
	<Point X="204" Y="308" T="undefined" />
	<Point X="204" Y="309" T="undefined" />
	<Point X="204" Y="310" T="undefined" />
	<Point X="204" Y="311" T="undefined" />
	<Point X="205" Y="313" T="undefined" />
	<Point X="207" Y="315" T="undefined" />
	<Point X="209" Y="321" T="undefined" />
	<Point X="212" Y="329" T="undefined" />
	<Point X="214" Y="337" T="undefined" />
	<Point X="215" Y="341" T="undefined" />
	<Point X="215" Y="347" T="undefined" />
	<Point X="215" Y="350" T="undefined" />
	<Point X="215" Y="354" T="undefined" />
	<Point X="214" Y="359" T="undefined" />
	<Point X="212" Y="366" T="undefined" />
	<Point X="207" Y="374" T="undefined" />
	<Point X="201" Y="380" T="undefined" />
	<Point X="198" Y="384" T="undefined" />
	<Point X="195" Y="385" T="undefined" />
	<Point X="193" Y="386" T="undefined" />
	<Point X="189" Y="388" T="undefined" />
	<Point X="181" Y="390" T="undefined" />
	<Point X="169" Y="391" T="undefined" />
	<Point X="152" Y="391" T="undefined" />
	<Point X="128" Y="388" T="undefined" />
	<Point X="109" Y="387" T="undefined" />
	<Point X="104" Y="387" T="undefined" />
	<Point X="104" Y="386" T="undefined" />
	<Point X="105" Y="384" T="undefined" />
</Gesture>