<?xml version="1.0" encoding="utf-8" standalone="yes"?>
<Gesture Name="Right Square Bracket0" NumPts="40">
	<Point X="141" Y="178" T="undefined" />
	<Point X="141" Y="178" T="undefined" />
	<Point X="141" Y="178" T="undefined" />
	<Point X="144" Y="178" T="undefined" />
	<Point X="153" Y="178" T="undefined" />
	<Point X="173" Y="179" T="undefined" />
	<Point X="201" Y="179" T="undefined" />
	<Point X="222" Y="178" T="undefined" />
	<Point X="239" Y="175" T="undefined" />
	<Point X="247" Y="174" T="undefined" />
	<Point X="248" Y="174" T="undefined" />
	<Point X="248" Y="174" T="undefined" />
	<Point X="248" Y="175" T="undefined" />
	<Point X="246" Y="177" T="undefined" />
	<Point X="242" Y="184" T="undefined" />
	<Point X="237" Y="198" T="undefined" />
	<Point X="232" Y="217" T="undefined" />
	<Point X="230" Y="244" T="undefined" />
	<Point X="231" Y="273" T="undefined" />
	<Point X="236" Y="295" T="undefined" />
	<Point X="242" Y="308" T="undefined" />
	<Point X="244" Y="310" T="undefined" />
	<Point X="244" Y="311" T="undefined" />
	<Point X="245" Y="315" T="undefined" />
	<Point X="246" Y="320" T="undefined" />
	<Point X="246" Y="326" T="undefined" />
	<Point X="246" Y="332" T="undefined" />
	<Point X="247" Y="336" T="undefined" />
	<Point X="247" Y="337" T="undefined" />
	<Point X="246" Y="337" T="undefined" />
	<Point X="243" Y="339" T="undefined" />
	<Point X="236" Y="342" T="undefined" />
	<Point X="227" Y="345" T="undefined" />
	<Point X="211" Y="347" T="undefined" />
	<Point X="188" Y="348" T="undefined" />
	<Point X="168" Y="348" T="undefined" />
	<Point X="154" Y="348" T="undefined" />
	<Point X="147" Y="349" T="undefined" />
	<Point X="139" Y="349" T="undefined" />
	<Point X="132" Y="349" T="undefined" />
</Gesture>