<?xml version="1.0" encoding="utf-8" standalone="yes"?>
<Gesture Name="Star8" NumPts="62">
	<Point X="198" Y="395" T="undefined" />
	<Point X="198" Y="394" T="undefined" />
	<Point X="198" Y="394" T="undefined" />
	<Point X="198" Y="391" T="undefined" />
	<Point X="199" Y="379" T="undefined" />
	<Point X="203" Y="367" T="undefined" />
	<Point X="209" Y="348" T="undefined" />
	<Point X="223" Y="315" T="undefined" />
	<Point X="233" Y="295" T="undefined" />
	<Point X="248" Y="271" T="undefined" />
	<Point X="259" Y="256" T="undefined" />
	<Point X="269" Y="245" T="undefined" />
	<Point X="275" Y="239" T="undefined" />
	<Point X="277" Y="236" T="undefined" />
	<Point X="278" Y="235" T="undefined" />
	<Point X="278" Y="235" T="undefined" />
	<Point X="281" Y="241" T="undefined" />
	<Point X="284" Y="254" T="undefined" />
	<Point X="288" Y="272" T="undefined" />
	<Point X="290" Y="296" T="undefined" />
	<Point X="290" Y="317" T="undefined" />
	<Point X="290" Y="335" T="undefined" />
	<Point X="289" Y="349" T="undefined" />
	<Point X="289" Y="356" T="undefined" />
	<Point X="288" Y="361" T="undefined" />
	<Point X="288" Y="367" T="undefined" />
	<Point X="287" Y="377" T="undefined" />
	<Point X="284" Y="387" T="undefined" />
	<Point X="281" Y="392" T="undefined" />
	<Point X="279" Y="393" T="undefined" />
	<Point X="278" Y="392" T="undefined" />
	<Point X="275" Y="390" T="undefined" />
	<Point X="267" Y="384" T="undefined" />
	<Point X="257" Y="376" T="undefined" />
	<Point X="244" Y="365" T="undefined" />
	<Point X="232" Y="354" T="undefined" />
	<Point X="214" Y="340" T="undefined" />
	<Point X="193" Y="325" T="undefined" />
	<Point X="170" Y="311" T="undefined" />
	<Point X="148" Y="301" T="undefined" />
	<Point X="139" Y="298" T="undefined" />
	<Point X="140" Y="298" T="undefined" />
	<Point X="141" Y="298" T="undefined" />
	<Point X="150" Y="299" T="undefined" />
	<Point X="170" Y="302" T="undefined" />
	<Point X="195" Y="302" T="undefined" />
	<Point X="229" Y="299" T="undefined" />
	<Point X="269" Y="291" T="undefined" />
	<Point X="312" Y="284" T="undefined" />
	<Point X="343" Y="280" T="undefined" />
	<Point X="364" Y="278" T="undefined" />
	<Point X="370" Y="278" T="undefined" />
	<Point X="370" Y="279" T="undefined" />
	<Point X="369" Y="280" T="undefined" />
	<Point X="365" Y="285" T="undefined" />
	<Point X="357" Y="291" T="undefined" />
	<Point X="344" Y="300" T="undefined" />
	<Point X="319" Y="314" T="undefined" />
	<Point X="277" Y="333" T="undefined" />
	<Point X="224" Y="353" T="undefined" />
	<Point X="169" Y="375" T="undefined" />
	<Point X="134" Y="389" T="undefined" />
</Gesture>