<?xml version="1.0" encoding="utf-8" standalone="yes"?>
<Gesture Name="Star5" NumPts="68">
	<Point X="193" Y="371" T="undefined" />
	<Point X="193" Y="371" T="undefined" />
	<Point X="194" Y="371" T="undefined" />
	<Point X="198" Y="367" T="undefined" />
	<Point X="208" Y="358" T="undefined" />
	<Point X="221" Y="344" T="undefined" />
	<Point X="240" Y="325" T="undefined" />
	<Point X="256" Y="307" T="undefined" />
	<Point X="270" Y="292" T="undefined" />
	<Point X="282" Y="280" T="undefined" />
	<Point X="286" Y="274" T="undefined" />
	<Point X="287" Y="273" T="undefined" />
	<Point X="287" Y="273" T="undefined" />
	<Point X="288" Y="273" T="undefined" />
	<Point X="289" Y="277" T="undefined" />
	<Point X="293" Y="288" T="undefined" />
	<Point X="297" Y="301" T="undefined" />
	<Point X="302" Y="321" T="undefined" />
	<Point X="305" Y="342" T="undefined" />
	<Point X="309" Y="364" T="undefined" />
	<Point X="313" Y="382" T="undefined" />
	<Point X="314" Y="387" T="undefined" />
	<Point X="314" Y="389" T="undefined" />
	<Point X="314" Y="388" T="undefined" />
	<Point X="310" Y="386" T="undefined" />
	<Point X="300" Y="382" T="undefined" />
	<Point X="286" Y="373" T="undefined" />
	<Point X="269" Y="362" T="undefined" />
	<Point X="253" Y="351" T="undefined" />
	<Point X="240" Y="342" T="undefined" />
	<Point X="229" Y="335" T="undefined" />
	<Point X="221" Y="329" T="undefined" />
	<Point X="210" Y="323" T="undefined" />
	<Point X="202" Y="320" T="undefined" />
	<Point X="198" Y="319" T="undefined" />
	<Point X="197" Y="319" T="undefined" />
	<Point X="198" Y="319" T="undefined" />
	<Point X="200" Y="319" T="undefined" />
	<Point X="205" Y="319" T="undefined" />
	<Point X="212" Y="319" T="undefined" />
	<Point X="225" Y="317" T="undefined" />
	<Point X="240" Y="315" T="undefined" />
	<Point X="264" Y="314" T="undefined" />
	<Point X="292" Y="312" T="undefined" />
	<Point X="314" Y="310" T="undefined" />
	<Point X="331" Y="308" T="undefined" />
	<Point X="338" Y="304" T="undefined" />
	<Point X="339" Y="304" T="undefined" />
	<Point X="341" Y="303" T="undefined" />
	<Point X="343" Y="303" T="undefined" />
	<Point X="347" Y="303" T="undefined" />
	<Point X="349" Y="304" T="undefined" />
	<Point X="352" Y="306" T="undefined" />
	<Point X="352" Y="307" T="undefined" />
	<Point X="349" Y="310" T="undefined" />
	<Point X="345" Y="313" T="undefined" />
	<Point X="326" Y="322" T="undefined" />
	<Point X="302" Y="333" T="undefined" />
	<Point X="275" Y="344" T="undefined" />
	<Point X="254" Y="357" T="undefined" />
	<Point X="247" Y="361" T="undefined" />
	<Point X="247" Y="362" T="undefined" />
	<Point X="246" Y="362" T="undefined" />
	<Point X="244" Y="365" T="undefined" />
	<Point X="242" Y="367" T="undefined" />
	<Point X="241" Y="368" T="undefined" />
	<Point X="241" Y="369" T="undefined" />
	<Point X="240" Y="369" T="undefined" />
</Gesture>