<?xml version="1.0" encoding="utf-8" standalone="yes"?>
<Gesture Name="Star0" NumPts="150">
	<Point X="144" Y="423" T="undefined" />
	<Point X="149" Y="422" T="undefined" />
	<Point X="153" Y="421" T="undefined" />
	<Point X="160" Y="418" T="undefined" />
	<Point X="167" Y="412" T="undefined" />
	<Point X="174" Y="406" T="undefined" />
	<Point X="181" Y="391" T="undefined" />
	<Point X="185" Y="377" T="undefined" />
	<Point X="192" Y="359" T="undefined" />
	<Point X="198" Y="342" T="undefined" />
	<Point X="204" Y="325" T="undefined" />
	<Point X="209" Y="309" T="undefined" />
	<Point X="215" Y="296" T="undefined" />
	<Point X="218" Y="283" T="undefined" />
	<Point X="219" Y="282" T="undefined" />
	<Point X="226" Y="259" T="undefined" />
	<Point X="229" Y="252" T="undefined" />
	<Point X="232" Y="247" T="undefined" />
	<Point X="232" Y="246" T="undefined" />
	<Point X="232" Y="247" T="undefined" />
	<Point X="232" Y="249" T="undefined" />
	<Point X="232" Y="263" T="undefined" />
	<Point X="232" Y="287" T="undefined" />
	<Point X="234" Y="317" T="undefined" />
	<Point X="240" Y="346" T="undefined" />
	<Point X="245" Y="364" T="undefined" />
	<Point X="249" Y="375" T="undefined" />
	<Point X="252" Y="386" T="undefined" />
	<Point X="256" Y="398" T="undefined" />
	<Point X="258" Y="410" T="undefined" />
	<Point X="263" Y="427" T="undefined" />
	<Point X="268" Y="448" T="undefined" />
	<Point X="269" Y="462" T="undefined" />
	<Point X="270" Y="467" T="undefined" />
	<Point X="271" Y="467" T="undefined" />
	<Point X="272" Y="467" T="undefined" />
	<Point X="273" Y="467" T="undefined" />
	<Point X="273" Y="466" T="undefined" />
	<Point X="274" Y="466" T="undefined" />
	<Point X="275" Y="466" T="undefined" />
	<Point X="275" Y="465" T="undefined" />
	<Point X="275" Y="464" T="undefined" />
	<Point X="275" Y="463" T="undefined" />
	<Point X="274" Y="462" T="undefined" />
	<Point X="274" Y="461" T="undefined" />
	<Point X="273" Y="461" T="undefined" />
	<Point X="273" Y="460" T="undefined" />
	<Point X="268" Y="455" T="undefined" />
	<Point X="263" Y="448" T="undefined" />
	<Point X="254" Y="435" T="undefined" />
	<Point X="248" Y="430" T="undefined" />
	<Point X="244" Y="424" T="undefined" />
	<Point X="239" Y="418" T="undefined" />
	<Point X="236" Y="413" T="undefined" />
	<Point X="230" Y="407" T="undefined" />
	<Point X="224" Y="401" T="undefined" />
	<Point X="220" Y="396" T="undefined" />
	<Point X="214" Y="388" T="undefined" />
	<Point X="209" Y="382" T="undefined" />
	<Point X="204" Y="377" T="undefined" />
	<Point X="199" Y="373" T="undefined" />
	<Point X="193" Y="367" T="undefined" />
	<Point X="186" Y="362" T="undefined" />
	<Point X="179" Y="357" T="undefined" />
	<Point X="175" Y="353" T="undefined" />
	<Point X="174" Y="353" T="undefined" />
	<Point X="173" Y="353" T="undefined" />
	<Point X="173" Y="352" T="undefined" />
	<Point X="172" Y="352" T="undefined" />
	<Point X="166" Y="350" T="undefined" />
	<Point X="160" Y="346" T="undefined" />
	<Point X="157" Y="344" T="undefined" />
	<Point X="155" Y="341" T="undefined" />
	<Point X="149" Y="334" T="undefined" />
	<Point X="143" Y="329" T="undefined" />
	<Point X="140" Y="326" T="undefined" />
	<Point X="139" Y="325" T="undefined" />
	<Point X="138" Y="324" T="undefined" />
	<Point X="138" Y="323" T="undefined" />
	<Point X="137" Y="323" T="undefined" />
	<Point X="136" Y="323" T="undefined" />
	<Point X="136" Y="322" T="undefined" />
	<Point X="136" Y="321" T="undefined" />
	<Point X="135" Y="321" T="undefined" />
	<Point X="133" Y="318" T="undefined" />
	<Point X="133" Y="316" T="undefined" />
	<Point X="132" Y="316" T="undefined" />
	<Point X="133" Y="316" T="undefined" />
	<Point X="135" Y="315" T="undefined" />
	<Point X="142" Y="313" T="undefined" />
	<Point X="153" Y="310" T="undefined" />
	<Point X="167" Y="306" T="undefined" />
	<Point X="176" Y="304" T="undefined" />
	<Point X="186" Y="301" T="undefined" />
	<Point X="195" Y="300" T="undefined" />
	<Point X="206" Y="299" T="undefined" />
	<Point X="215" Y="298" T="undefined" />
	<Point X="224" Y="297" T="undefined" />
	<Point X="232" Y="296" T="undefined" />
	<Point X="237" Y="295" T="undefined" />
	<Point X="243" Y="294" T="undefined" />
	<Point X="250" Y="293" T="undefined" />
	<Point X="263" Y="293" T="undefined" />
	<Point X="274" Y="293" T="undefined" />
	<Point X="285" Y="293" T="undefined" />
	<Point X="293" Y="294" T="undefined" />
	<Point X="302" Y="296" T="undefined" />
	<Point X="311" Y="298" T="undefined" />
	<Point X="316" Y="299" T="undefined" />
	<Point X="318" Y="300" T="undefined" />
	<Point X="319" Y="300" T="undefined" />
	<Point X="321" Y="300" T="undefined" />
	<Point X="323" Y="300" T="undefined" />
	<Point X="322" Y="300" T="undefined" />
	<Point X="320" Y="301" T="undefined" />
	<Point X="314" Y="305" T="undefined" />
	<Point X="306" Y="310" T="undefined" />
	<Point X="301" Y="315" T="undefined" />
	<Point X="295" Y="322" T="undefined" />
	<Point X="286" Y="329" T="undefined" />
	<Point X="280" Y="335" T="undefined" />
	<Point X="273" Y="341" T="undefined" />
	<Point X="269" Y="346" T="undefined" />
	<Point X="264" Y="352" T="undefined" />
	<Point X="258" Y="359" T="undefined" />
	<Point X="252" Y="369" T="undefined" />
	<Point X="246" Y="377" T="undefined" />
	<Point X="241" Y="384" T="undefined" />
	<Point X="235" Y="391" T="undefined" />
	<Point X="233" Y="395" T="undefined" />
	<Point X="230" Y="399" T="undefined" />
	<Point X="227" Y="404" T="undefined" />
	<Point X="223" Y="409" T="undefined" />
	<Point X="218" Y="413" T="undefined" />
	<Point X="217" Y="416" T="undefined" />
	<Point X="215" Y="418" T="undefined" />
	<Point X="215" Y="419" T="undefined" />
	<Point X="214" Y="419" T="undefined" />
	<Point X="214" Y="420" T="undefined" />
	<Point X="212" Y="421" T="undefined" />
	<Point X="211" Y="422" T="undefined" />
	<Point X="210" Y="422" T="undefined" />
	<Point X="210" Y="423" T="undefined" />
	<Point X="209" Y="423" T="undefined" />
	<Point X="207" Y="425" T="undefined" />
	<Point X="207" Y="426" T="undefined" />
	<Point X="207" Y="427" T="undefined" />
	<Point X="205" Y="428" T="undefined" />
	<Point X="204" Y="429" T="undefined" />
	<Point X="200" Y="431" T="undefined" />
</Gesture>