<?xml version="1.0" encoding="utf-8" standalone="yes"?>
<Gesture Name="Star9" NumPts="63">
	<Point X="149" Y="402" T="undefined" />
	<Point X="149" Y="402" T="undefined" />
	<Point X="150" Y="401" T="undefined" />
	<Point X="151" Y="398" T="undefined" />
	<Point X="152" Y="395" T="undefined" />
	<Point X="157" Y="387" T="undefined" />
	<Point X="163" Y="376" T="undefined" />
	<Point X="177" Y="356" T="undefined" />
	<Point X="195" Y="336" T="undefined" />
	<Point X="218" Y="316" T="undefined" />
	<Point X="244" Y="295" T="undefined" />
	<Point X="266" Y="278" T="undefined" />
	<Point X="279" Y="266" T="undefined" />
	<Point X="284" Y="259" T="undefined" />
	<Point X="285" Y="259" T="undefined" />
	<Point X="285" Y="259" T="undefined" />
	<Point X="285" Y="260" T="undefined" />
	<Point X="286" Y="264" T="undefined" />
	<Point X="288" Y="276" T="undefined" />
	<Point X="290" Y="298" T="undefined" />
	<Point X="291" Y="332" T="undefined" />
	<Point X="290" Y="370" T="undefined" />
	<Point X="290" Y="396" T="undefined" />
	<Point X="290" Y="408" T="undefined" />
	<Point X="290" Y="410" T="undefined" />
	<Point X="289" Y="410" T="undefined" />
	<Point X="283" Y="408" T="undefined" />
	<Point X="268" Y="398" T="undefined" />
	<Point X="251" Y="383" T="undefined" />
	<Point X="231" Y="367" T="undefined" />
	<Point X="208" Y="350" T="undefined" />
	<Point X="187" Y="335" T="undefined" />
	<Point X="172" Y="326" T="undefined" />
	<Point X="157" Y="318" T="undefined" />
	<Point X="149" Y="314" T="undefined" />
	<Point X="148" Y="313" T="undefined" />
	<Point X="149" Y="313" T="undefined" />
	<Point X="150" Y="313" T="undefined" />
	<Point X="154" Y="314" T="undefined" />
	<Point X="162" Y="315" T="undefined" />
	<Point X="177" Y="316" T="undefined" />
	<Point X="197" Y="315" T="undefined" />
	<Point X="229" Y="309" T="undefined" />
	<Point X="275" Y="301" T="undefined" />
	<Point X="325" Y="296" T="undefined" />
	<Point X="363" Y="294" T="undefined" />
	<Point X="377" Y="294" T="undefined" />
	<Point X="377" Y="295" T="undefined" />
	<Point X="377" Y="297" T="undefined" />
	<Point X="376" Y="300" T="undefined" />
	<Point X="371" Y="306" T="undefined" />
	<Point X="364" Y="312" T="undefined" />
	<Point X="348" Y="320" T="undefined" />
	<Point X="319" Y="330" T="undefined" />
	<Point X="277" Y="341" T="undefined" />
	<Point X="227" Y="354" T="undefined" />
	<Point X="176" Y="367" T="undefined" />
	<Point X="129" Y="375" T="undefined" />
	<Point X="103" Y="382" T="undefined" />
	<Point X="102" Y="383" T="undefined" />
	<Point X="102" Y="384" T="undefined" />
	<Point X="103" Y="386" T="undefined" />
	<Point X="105" Y="389" T="undefined" />
</Gesture>