<?xml version="1.0" encoding="utf-8" standalone="yes"?>
<Gesture Name="Star1" NumPts="116">
	<Point X="144" Y="349" T="undefined" />
	<Point X="144" Y="349" T="undefined" />
	<Point X="145" Y="344" T="undefined" />
	<Point X="147" Y="334" T="undefined" />
	<Point X="150" Y="324" T="undefined" />
	<Point X="152" Y="315" T="undefined" />
	<Point X="156" Y="298" T="undefined" />
	<Point X="164" Y="279" T="undefined" />
	<Point X="172" Y="258" T="undefined" />
	<Point X="183" Y="238" T="undefined" />
	<Point X="192" Y="221" T="undefined" />
	<Point X="199" Y="210" T="undefined" />
	<Point X="204" Y="202" T="undefined" />
	<Point X="208" Y="198" T="undefined" />
	<Point X="230" Y="177" T="undefined" />
	<Point X="245" Y="163" T="undefined" />
	<Point X="256" Y="151" T="undefined" />
	<Point X="264" Y="144" T="undefined" />
	<Point X="268" Y="139" T="undefined" />
	<Point X="269" Y="139" T="undefined" />
	<Point X="270" Y="139" T="undefined" />
	<Point X="271" Y="141" T="undefined" />
	<Point X="272" Y="146" T="undefined" />
	<Point X="274" Y="155" T="undefined" />
	<Point X="276" Y="170" T="undefined" />
	<Point X="279" Y="191" T="undefined" />
	<Point X="282" Y="218" T="undefined" />
	<Point X="286" Y="243" T="undefined" />
	<Point X="289" Y="264" T="undefined" />
	<Point X="294" Y="288" T="undefined" />
	<Point X="298" Y="309" T="undefined" />
	<Point X="301" Y="325" T="undefined" />
	<Point X="301" Y="336" T="undefined" />
	<Point X="301" Y="343" T="undefined" />
	<Point X="302" Y="351" T="undefined" />
	<Point X="302" Y="361" T="undefined" />
	<Point X="302" Y="369" T="undefined" />
	<Point X="302" Y="376" T="undefined" />
	<Point X="302" Y="378" T="undefined" />
	<Point X="302" Y="377" T="undefined" />
	<Point X="302" Y="376" T="undefined" />
	<Point X="301" Y="372" T="undefined" />
	<Point X="299" Y="368" T="undefined" />
	<Point X="298" Y="367" T="undefined" />
	<Point X="298" Y="366" T="undefined" />
	<Point X="298" Y="365" T="undefined" />
	<Point X="297" Y="365" T="undefined" />
	<Point X="294" Y="358" T="undefined" />
	<Point X="288" Y="347" T="undefined" />
	<Point X="277" Y="331" T="undefined" />
	<Point X="261" Y="314" T="undefined" />
	<Point X="244" Y="300" T="undefined" />
	<Point X="231" Y="291" T="undefined" />
	<Point X="222" Y="285" T="undefined" />
	<Point X="215" Y="278" T="undefined" />
	<Point X="207" Y="268" T="undefined" />
	<Point X="197" Y="257" T="undefined" />
	<Point X="188" Y="245" T="undefined" />
	<Point X="180" Y="235" T="undefined" />
	<Point X="173" Y="224" T="undefined" />
	<Point X="166" Y="217" T="undefined" />
	<Point X="160" Y="210" T="undefined" />
	<Point X="154" Y="207" T="undefined" />
	<Point X="153" Y="206" T="undefined" />
	<Point X="152" Y="206" T="undefined" />
	<Point X="152" Y="205" T="undefined" />
	<Point X="150" Y="205" T="undefined" />
	<Point X="146" Y="203" T="undefined" />
	<Point X="140" Y="200" T="undefined" />
	<Point X="138" Y="199" T="undefined" />
	<Point X="139" Y="199" T="undefined" />
	<Point X="142" Y="199" T="undefined" />
	<Point X="149" Y="199" T="undefined" />
	<Point X="158" Y="199" T="undefined" />
	<Point X="176" Y="198" T="undefined" />
	<Point X="198" Y="198" T="undefined" />
	<Point X="216" Y="197" T="undefined" />
	<Point X="238" Y="195" T="undefined" />
	<Point X="259" Y="194" T="undefined" />
	<Point X="277" Y="193" T="undefined" />
	<Point X="295" Y="190" T="undefined" />
	<Point X="323" Y="187" T="undefined" />
	<Point X="353" Y="182" T="undefined" />
	<Point X="376" Y="178" T="undefined" />
	<Point X="391" Y="178" T="undefined" />
	<Point X="402" Y="178" T="undefined" />
	<Point X="405" Y="178" T="undefined" />
	<Point X="405" Y="179" T="undefined" />
	<Point X="402" Y="180" T="undefined" />
	<Point X="393" Y="187" T="undefined" />
	<Point X="380" Y="196" T="undefined" />
	<Point X="361" Y="210" T="undefined" />
	<Point X="331" Y="231" T="undefined" />
	<Point X="299" Y="259" T="undefined" />
	<Point X="270" Y="281" T="undefined" />
	<Point X="250" Y="297" T="undefined" />
	<Point X="239" Y="306" T="undefined" />
	<Point X="234" Y="313" T="undefined" />
	<Point X="231" Y="317" T="undefined" />
	<Point X="230" Y="319" T="undefined" />
	<Point X="229" Y="320" T="undefined" />
	<Point X="228" Y="321" T="undefined" />
	<Point X="226" Y="322" T="undefined" />
	<Point X="222" Y="324" T="undefined" />
	<Point X="219" Y="326" T="undefined" />
	<Point X="218" Y="327" T="undefined" />
	<Point X="218" Y="328" T="undefined" />
	<Point X="217" Y="328" T="undefined" />
	<Point X="216" Y="329" T="undefined" />
	<Point X="215" Y="331" T="undefined" />
	<Point X="210" Y="335" T="undefined" />
	<Point X="206" Y="338" T="undefined" />
	<Point X="203" Y="341" T="undefined" />
	<Point X="203" Y="342" T="undefined" />
	<Point X="202" Y="343" T="undefined" />
	<Point X="201" Y="343" T="undefined" />
</Gesture>