<?xml version="1.0" encoding="utf-8" standalone="yes"?>
<Gesture Name="Star2" NumPts="81">
	<Point X="188" Y="396" T="undefined" />
	<Point X="188" Y="396" T="undefined" />
	<Point X="189" Y="396" T="undefined" />
	<Point X="193" Y="391" T="undefined" />
	<Point X="199" Y="376" T="undefined" />
	<Point X="207" Y="354" T="undefined" />
	<Point X="217" Y="328" T="undefined" />
	<Point X="226" Y="303" T="undefined" />
	<Point X="236" Y="276" T="undefined" />
	<Point X="245" Y="256" T="undefined" />
	<Point X="253" Y="241" T="undefined" />
	<Point X="257" Y="233" T="undefined" />
	<Point X="260" Y="229" T="undefined" />
	<Point X="262" Y="227" T="undefined" />
	<Point X="265" Y="222" T="undefined" />
	<Point X="270" Y="216" T="undefined" />
	<Point X="272" Y="214" T="undefined" />
	<Point X="273" Y="214" T="undefined" />
	<Point X="274" Y="214" T="undefined" />
	<Point X="275" Y="214" T="undefined" />
	<Point X="278" Y="215" T="undefined" />
	<Point X="282" Y="221" T="undefined" />
	<Point X="286" Y="235" T="undefined" />
	<Point X="292" Y="259" T="undefined" />
	<Point X="298" Y="291" T="undefined" />
	<Point X="304" Y="319" T="undefined" />
	<Point X="308" Y="338" T="undefined" />
	<Point X="310" Y="351" T="undefined" />
	<Point X="311" Y="364" T="undefined" />
	<Point X="313" Y="378" T="undefined" />
	<Point X="315" Y="389" T="undefined" />
	<Point X="316" Y="394" T="undefined" />
	<Point X="316" Y="397" T="undefined" />
	<Point X="316" Y="400" T="undefined" />
	<Point X="316" Y="401" T="undefined" />
	<Point X="316" Y="402" T="undefined" />
	<Point X="316" Y="401" T="undefined" />
	<Point X="316" Y="399" T="undefined" />
	<Point X="313" Y="394" T="undefined" />
	<Point X="307" Y="386" T="undefined" />
	<Point X="295" Y="374" T="undefined" />
	<Point X="279" Y="358" T="undefined" />
	<Point X="259" Y="343" T="undefined" />
	<Point X="238" Y="328" T="undefined" />
	<Point X="221" Y="314" T="undefined" />
	<Point X="203" Y="299" T="undefined" />
	<Point X="182" Y="281" T="undefined" />
	<Point X="168" Y="269" T="undefined" />
	<Point X="158" Y="261" T="undefined" />
	<Point X="151" Y="258" T="undefined" />
	<Point X="148" Y="258" T="undefined" />
	<Point X="149" Y="258" T="undefined" />
	<Point X="151" Y="258" T="undefined" />
	<Point X="162" Y="262" T="undefined" />
	<Point X="177" Y="264" T="undefined" />
	<Point X="194" Y="266" T="undefined" />
	<Point X="216" Y="268" T="undefined" />
	<Point X="244" Y="269" T="undefined" />
	<Point X="266" Y="269" T="undefined" />
	<Point X="281" Y="269" T="undefined" />
	<Point X="292" Y="271" T="undefined" />
	<Point X="304" Y="274" T="undefined" />
	<Point X="321" Y="275" T="undefined" />
	<Point X="337" Y="276" T="undefined" />
	<Point X="350" Y="277" T="undefined" />
	<Point X="357" Y="277" T="undefined" />
	<Point X="366" Y="277" T="undefined" />
	<Point X="372" Y="275" T="undefined" />
	<Point X="377" Y="272" T="undefined" />
	<Point X="381" Y="271" T="undefined" />
	<Point X="383" Y="270" T="undefined" />
	<Point X="382" Y="271" T="undefined" />
	<Point X="376" Y="277" T="undefined" />
	<Point X="358" Y="288" T="undefined" />
	<Point X="323" Y="303" T="undefined" />
	<Point X="277" Y="320" T="undefined" />
	<Point X="236" Y="341" T="undefined" />
	<Point X="220" Y="357" T="undefined" />
	<Point X="216" Y="365" T="undefined" />
	<Point X="216" Y="366" T="undefined" />
	<Point X="216" Y="367" T="undefined" />
</Gesture>