<?xml version="1.0" encoding="utf-8" standalone="yes"?>
<Gesture Name="Star4" NumPts="66">
	<Point X="170" Y="345" T="undefined" />
	<Point X="170" Y="345" T="undefined" />
	<Point X="170" Y="344" T="undefined" />
	<Point X="171" Y="343" T="undefined" />
	<Point X="174" Y="338" T="undefined" />
	<Point X="178" Y="332" T="undefined" />
	<Point X="185" Y="316" T="undefined" />
	<Point X="193" Y="303" T="undefined" />
	<Point X="202" Y="286" T="undefined" />
	<Point X="209" Y="270" T="undefined" />
	<Point X="218" Y="253" T="undefined" />
	<Point X="225" Y="237" T="undefined" />
	<Point X="231" Y="224" T="undefined" />
	<Point X="232" Y="224" T="undefined" />
	<Point X="232" Y="224" T="undefined" />
	<Point X="233" Y="225" T="undefined" />
	<Point X="238" Y="230" T="undefined" />
	<Point X="244" Y="239" T="undefined" />
	<Point X="251" Y="252" T="undefined" />
	<Point X="256" Y="266" T="undefined" />
	<Point X="263" Y="285" T="undefined" />
	<Point X="267" Y="302" T="undefined" />
	<Point X="270" Y="320" T="undefined" />
	<Point X="273" Y="333" T="undefined" />
	<Point X="277" Y="344" T="undefined" />
	<Point X="280" Y="352" T="undefined" />
	<Point X="281" Y="356" T="undefined" />
	<Point X="281" Y="357" T="undefined" />
	<Point X="280" Y="357" T="undefined" />
	<Point X="279" Y="356" T="undefined" />
	<Point X="271" Y="354" T="undefined" />
	<Point X="257" Y="345" T="undefined" />
	<Point X="239" Y="334" T="undefined" />
	<Point X="221" Y="325" T="undefined" />
	<Point X="201" Y="318" T="undefined" />
	<Point X="186" Y="312" T="undefined" />
	<Point X="174" Y="309" T="undefined" />
	<Point X="160" Y="305" T="undefined" />
	<Point X="145" Y="302" T="undefined" />
	<Point X="136" Y="299" T="undefined" />
	<Point X="129" Y="297" T="undefined" />
	<Point X="124" Y="295" T="undefined" />
	<Point X="122" Y="294" T="undefined" />
	<Point X="123" Y="294" T="undefined" />
	<Point X="127" Y="294" T="undefined" />
	<Point X="132" Y="294" T="undefined" />
	<Point X="139" Y="293" T="undefined" />
	<Point X="160" Y="290" T="undefined" />
	<Point X="194" Y="283" T="undefined" />
	<Point X="242" Y="278" T="undefined" />
	<Point X="290" Y="276" T="undefined" />
	<Point X="323" Y="273" T="undefined" />
	<Point X="343" Y="272" T="undefined" />
	<Point X="345" Y="272" T="undefined" />
	<Point X="345" Y="271" T="undefined" />
	<Point X="343" Y="271" T="undefined" />
	<Point X="336" Y="273" T="undefined" />
	<Point X="318" Y="277" T="undefined" />
	<Point X="285" Y="283" T="undefined" />
	<Point X="243" Y="290" T="undefined" />
	<Point X="196" Y="296" T="undefined" />
	<Point X="161" Y="298" T="undefined" />
	<Point X="141" Y="304" T="undefined" />
	<Point X="130" Y="311" T="undefined" />
	<Point X="122" Y="320" T="undefined" />
	<Point X="120" Y="322" T="undefined" />
</Gesture>