<?xml version="1.0" encoding="utf-8" standalone="yes"?>
<Gesture Name="Star6" NumPts="73">
	<Point X="178" Y="387" T="undefined" />
	<Point X="178" Y="387" T="undefined" />
	<Point X="178" Y="386" T="undefined" />
	<Point X="178" Y="384" T="undefined" />
	<Point X="181" Y="376" T="undefined" />
	<Point X="186" Y="361" T="undefined" />
	<Point X="197" Y="330" T="undefined" />
	<Point X="207" Y="305" T="undefined" />
	<Point X="219" Y="276" T="undefined" />
	<Point X="228" Y="249" T="undefined" />
	<Point X="234" Y="238" T="undefined" />
	<Point X="242" Y="225" T="undefined" />
	<Point X="245" Y="220" T="undefined" />
	<Point X="246" Y="219" T="undefined" />
	<Point X="247" Y="218" T="undefined" />
	<Point X="248" Y="218" T="undefined" />
	<Point X="249" Y="218" T="undefined" />
	<Point X="251" Y="219" T="undefined" />
	<Point X="254" Y="223" T="undefined" />
	<Point X="259" Y="232" T="undefined" />
	<Point X="266" Y="253" T="undefined" />
	<Point X="273" Y="281" T="undefined" />
	<Point X="281" Y="313" T="undefined" />
	<Point X="288" Y="344" T="undefined" />
	<Point X="292" Y="359" T="undefined" />
	<Point X="293" Y="364" T="undefined" />
	<Point X="292" Y="364" T="undefined" />
	<Point X="290" Y="364" T="undefined" />
	<Point X="282" Y="363" T="undefined" />
	<Point X="273" Y="360" T="undefined" />
	<Point X="262" Y="355" T="undefined" />
	<Point X="249" Y="345" T="undefined" />
	<Point X="237" Y="337" T="undefined" />
	<Point X="222" Y="324" T="undefined" />
	<Point X="197" Y="310" T="undefined" />
	<Point X="174" Y="300" T="undefined" />
	<Point X="148" Y="291" T="undefined" />
	<Point X="129" Y="287" T="undefined" />
	<Point X="123" Y="287" T="undefined" />
	<Point X="124" Y="286" T="undefined" />
	<Point X="135" Y="284" T="undefined" />
	<Point X="154" Y="284" T="undefined" />
	<Point X="169" Y="282" T="undefined" />
	<Point X="186" Y="278" T="undefined" />
	<Point X="210" Y="269" T="undefined" />
	<Point X="242" Y="255" T="undefined" />
	<Point X="269" Y="243" T="undefined" />
	<Point X="293" Y="233" T="undefined" />
	<Point X="309" Y="230" T="undefined" />
	<Point X="323" Y="230" T="undefined" />
	<Point X="337" Y="235" T="undefined" />
	<Point X="350" Y="239" T="undefined" />
	<Point X="356" Y="240" T="undefined" />
	<Point X="358" Y="241" T="undefined" />
	<Point X="358" Y="242" T="undefined" />
	<Point X="357" Y="243" T="undefined" />
	<Point X="352" Y="248" T="undefined" />
	<Point X="344" Y="255" T="undefined" />
	<Point X="323" Y="266" T="undefined" />
	<Point X="286" Y="280" T="undefined" />
	<Point X="246" Y="296" T="undefined" />
	<Point X="210" Y="317" T="undefined" />
	<Point X="194" Y="335" T="undefined" />
	<Point X="190" Y="344" T="undefined" />
	<Point X="188" Y="350" T="undefined" />
	<Point X="187" Y="354" T="undefined" />
	<Point X="186" Y="354" T="undefined" />
	<Point X="185" Y="356" T="undefined" />
	<Point X="183" Y="357" T="undefined" />
	<Point X="181" Y="359" T="undefined" />
	<Point X="180" Y="362" T="undefined" />
	<Point X="178" Y="364" T="undefined" />
	<Point X="178" Y="365" T="undefined" />
</Gesture>