<?xml version="1.0" encoding="utf-8" standalone="yes"?>
<Gesture Name="Star7" NumPts="100">
	<Point X="188" Y="386" T="undefined" />
	<Point X="188" Y="386" T="undefined" />
	<Point X="189" Y="386" T="undefined" />
	<Point X="189" Y="385" T="undefined" />
	<Point X="189" Y="384" T="undefined" />
	<Point X="191" Y="382" T="undefined" />
	<Point X="193" Y="376" T="undefined" />
	<Point X="200" Y="360" T="undefined" />
	<Point X="208" Y="343" T="undefined" />
	<Point X="215" Y="325" T="undefined" />
	<Point X="221" Y="306" T="undefined" />
	<Point X="227" Y="292" T="undefined" />
	<Point X="228" Y="288" T="undefined" />
	<Point X="228" Y="287" T="undefined" />
	<Point X="229" Y="287" T="undefined" />
	<Point X="229" Y="286" T="undefined" />
	<Point X="231" Y="282" T="undefined" />
	<Point X="233" Y="276" T="undefined" />
	<Point X="235" Y="270" T="undefined" />
	<Point X="238" Y="262" T="undefined" />
	<Point X="241" Y="256" T="undefined" />
	<Point X="244" Y="245" T="undefined" />
	<Point X="247" Y="239" T="undefined" />
	<Point X="247" Y="237" T="undefined" />
	<Point X="248" Y="237" T="undefined" />
	<Point X="249" Y="238" T="undefined" />
	<Point X="252" Y="242" T="undefined" />
	<Point X="257" Y="251" T="undefined" />
	<Point X="263" Y="264" T="undefined" />
	<Point X="272" Y="285" T="undefined" />
	<Point X="281" Y="309" T="undefined" />
	<Point X="288" Y="330" T="undefined" />
	<Point X="293" Y="346" T="undefined" />
	<Point X="298" Y="357" T="undefined" />
	<Point X="299" Y="361" T="undefined" />
	<Point X="301" Y="364" T="undefined" />
	<Point X="301" Y="367" T="undefined" />
	<Point X="302" Y="370" T="undefined" />
	<Point X="303" Y="373" T="undefined" />
	<Point X="303" Y="375" T="undefined" />
	<Point X="303" Y="376" T="undefined" />
	<Point X="303" Y="377" T="undefined" />
	<Point X="302" Y="377" T="undefined" />
	<Point X="300" Y="375" T="undefined" />
	<Point X="290" Y="369" T="undefined" />
	<Point X="278" Y="361" T="undefined" />
	<Point X="264" Y="352" T="undefined" />
	<Point X="251" Y="342" T="undefined" />
	<Point X="239" Y="335" T="undefined" />
	<Point X="231" Y="331" T="undefined" />
	<Point X="223" Y="328" T="undefined" />
	<Point X="216" Y="326" T="undefined" />
	<Point X="210" Y="324" T="undefined" />
	<Point X="205" Y="324" T="undefined" />
	<Point X="199" Y="324" T="undefined" />
	<Point X="194" Y="324" T="undefined" />
	<Point X="188" Y="323" T="undefined" />
	<Point X="180" Y="321" T="undefined" />
	<Point X="175" Y="320" T="undefined" />
	<Point X="172" Y="320" T="undefined" />
	<Point X="169" Y="320" T="undefined" />
	<Point X="169" Y="319" T="undefined" />
	<Point X="170" Y="319" T="undefined" />
	<Point X="177" Y="317" T="undefined" />
	<Point X="186" Y="314" T="undefined" />
	<Point X="199" Y="313" T="undefined" />
	<Point X="220" Y="312" T="undefined" />
	<Point X="246" Y="310" T="undefined" />
	<Point X="267" Y="308" T="undefined" />
	<Point X="279" Y="306" T="undefined" />
	<Point X="289" Y="304" T="undefined" />
	<Point X="297" Y="302" T="undefined" />
	<Point X="304" Y="301" T="undefined" />
	<Point X="313" Y="298" T="undefined" />
	<Point X="324" Y="295" T="undefined" />
	<Point X="334" Y="292" T="undefined" />
	<Point X="344" Y="289" T="undefined" />
	<Point X="354" Y="288" T="undefined" />
	<Point X="359" Y="287" T="undefined" />
	<Point X="362" Y="287" T="undefined" />
	<Point X="363" Y="287" T="undefined" />
	<Point X="362" Y="287" T="undefined" />
	<Point X="360" Y="288" T="undefined" />
	<Point X="351" Y="294" T="undefined" />
	<Point X="336" Y="303" T="undefined" />
	<Point X="316" Y="316" T="undefined" />
	<Point X="294" Y="330" T="undefined" />
	<Point X="276" Y="342" T="undefined" />
	<Point X="269" Y="348" T="undefined" />
	<Point X="264" Y="352" T="undefined" />
	<Point X="259" Y="355" T="undefined" />
	<Point X="250" Y="358" T="undefined" />
	<Point X="238" Y="361" T="undefined" />
	<Point X="227" Y="365" T="undefined" />
	<Point X="212" Y="371" T="undefined" />
	<Point X="186" Y="377" T="undefined" />
	<Point X="168" Y="381" T="undefined" />
	<Point X="160" Y="383" T="undefined" />
	<Point X="158" Y="383" T="undefined" />
	<Point X="158" Y="384" T="undefined" />
</Gesture>