<?xml version="1.0" encoding="utf-8" standalone="yes"?>
<Gesture Name="Star3" NumPts="85">
	<Point X="186" Y="416" T="undefined" />
	<Point X="186" Y="415" T="undefined" />
	<Point X="186" Y="415" T="undefined" />
	<Point X="186" Y="413" T="undefined" />
	<Point X="184" Y="407" T="undefined" />
	<Point X="183" Y="400" T="undefined" />
	<Point X="182" Y="387" T="undefined" />
	<Point X="182" Y="365" T="undefined" />
	<Point X="183" Y="333" T="undefined" />
	<Point X="186" Y="303" T="undefined" />
	<Point X="190" Y="275" T="undefined" />
	<Point X="195" Y="251" T="undefined" />
	<Point X="201" Y="233" T="undefined" />
	<Point X="202" Y="229" T="undefined" />
	<Point X="204" Y="223" T="undefined" />
	<Point X="204" Y="222" T="undefined" />
	<Point X="206" Y="217" T="undefined" />
	<Point X="209" Y="212" T="undefined" />
	<Point X="211" Y="209" T="undefined" />
	<Point X="215" Y="205" T="undefined" />
	<Point X="220" Y="201" T="undefined" />
	<Point X="224" Y="200" T="undefined" />
	<Point X="227" Y="200" T="undefined" />
	<Point X="232" Y="202" T="undefined" />
	<Point X="240" Y="212" T="undefined" />
	<Point X="250" Y="237" T="undefined" />
	<Point X="258" Y="272" T="undefined" />
	<Point X="268" Y="308" T="undefined" />
	<Point X="279" Y="335" T="undefined" />
	<Point X="288" Y="353" T="undefined" />
	<Point X="291" Y="359" T="undefined" />
	<Point X="293" Y="363" T="undefined" />
	<Point X="295" Y="368" T="undefined" />
	<Point X="296" Y="373" T="undefined" />
	<Point X="298" Y="377" T="undefined" />
	<Point X="299" Y="378" T="undefined" />
	<Point X="299" Y="379" T="undefined" />
	<Point X="299" Y="380" T="undefined" />
	<Point X="299" Y="382" T="undefined" />
	<Point X="298" Y="382" T="undefined" />
	<Point X="297" Y="382" T="undefined" />
	<Point X="296" Y="382" T="undefined" />
	<Point X="291" Y="381" T="undefined" />
	<Point X="283" Y="378" T="undefined" />
	<Point X="265" Y="372" T="undefined" />
	<Point X="245" Y="366" T="undefined" />
	<Point X="222" Y="359" T="undefined" />
	<Point X="191" Y="350" T="undefined" />
	<Point X="157" Y="343" T="undefined" />
	<Point X="129" Y="339" T="undefined" />
	<Point X="107" Y="339" T="undefined" />
	<Point X="97" Y="340" T="undefined" />
	<Point X="96" Y="341" T="undefined" />
	<Point X="96" Y="340" T="undefined" />
	<Point X="97" Y="338" T="undefined" />
	<Point X="100" Y="331" T="undefined" />
	<Point X="103" Y="323" T="undefined" />
	<Point X="109" Y="311" T="undefined" />
	<Point X="119" Y="300" T="undefined" />
	<Point X="134" Y="293" T="undefined" />
	<Point X="160" Y="288" T="undefined" />
	<Point X="196" Y="282" T="undefined" />
	<Point X="228" Y="276" T="undefined" />
	<Point X="258" Y="267" T="undefined" />
	<Point X="284" Y="259" T="undefined" />
	<Point X="309" Y="251" T="undefined" />
	<Point X="335" Y="244" T="undefined" />
	<Point X="353" Y="238" T="undefined" />
	<Point X="357" Y="236" T="undefined" />
	<Point X="358" Y="236" T="undefined" />
	<Point X="359" Y="237" T="undefined" />
	<Point X="359" Y="238" T="undefined" />
	<Point X="359" Y="239" T="undefined" />
	<Point X="358" Y="241" T="undefined" />
	<Point X="354" Y="249" T="undefined" />
	<Point X="345" Y="263" T="undefined" />
	<Point X="329" Y="287" T="undefined" />
	<Point X="305" Y="320" T="undefined" />
	<Point X="279" Y="362" T="undefined" />
	<Point X="264" Y="390" T="undefined" />
	<Point X="260" Y="402" T="undefined" />
	<Point X="260" Y="403" T="undefined" />
	<Point X="259" Y="403" T="undefined" />
	<Point X="259" Y="404" T="undefined" />
	<Point X="256" Y="406" T="undefined" />
</Gesture>