<?xml version="1.0" encoding="utf-8" standalone="yes"?>
<Gesture Name="Triangle5" NumPts="41">
	<Point X="274" Y="178" T="undefined" />
	<Point X="274" Y="178" T="undefined" />
	<Point X="273" Y="178" T="undefined" />
	<Point X="267" Y="180" T="undefined" />
	<Point X="257" Y="183" T="undefined" />
	<Point X="245" Y="188" T="undefined" />
	<Point X="231" Y="194" T="undefined" />
	<Point X="210" Y="204" T="undefined" />
	<Point X="205" Y="207" T="undefined" />
	<Point X="185" Y="218" T="undefined" />
	<Point X="180" Y="221" T="undefined" />
	<Point X="178" Y="222" T="undefined" />
	<Point X="176" Y="224" T="undefined" />
	<Point X="175" Y="228" T="undefined" />
	<Point X="174" Y="228" T="undefined" />
	<Point X="174" Y="229" T="undefined" />
	<Point X="175" Y="229" T="undefined" />
	<Point X="178" Y="229" T="undefined" />
	<Point X="185" Y="231" T="undefined" />
	<Point X="199" Y="233" T="undefined" />
	<Point X="217" Y="238" T="undefined" />
	<Point X="239" Y="243" T="undefined" />
	<Point X="261" Y="247" T="undefined" />
	<Point X="276" Y="249" T="undefined" />
	<Point X="285" Y="251" T="undefined" />
	<Point X="288" Y="251" T="undefined" />
	<Point X="289" Y="251" T="undefined" />
	<Point X="290" Y="251" T="undefined" />
	<Point X="290" Y="250" T="undefined" />
	<Point X="290" Y="246" T="undefined" />
	<Point X="288" Y="239" T="undefined" />
	<Point X="284" Y="228" T="undefined" />
	<Point X="280" Y="217" T="undefined" />
	<Point X="276" Y="206" T="undefined" />
	<Point X="272" Y="200" T="undefined" />
	<Point X="268" Y="194" T="undefined" />
	<Point X="267" Y="191" T="undefined" />
	<Point X="264" Y="188" T="undefined" />
	<Point X="261" Y="184" T="undefined" />
	<Point X="256" Y="180" T="undefined" />
	<Point X="253" Y="178" T="undefined" />
</Gesture>