<?xml version="1.0" encoding="utf-8" standalone="yes"?>
<Gesture Name="Triangle6" NumPts="33">
	<Point X="222" Y="239" T="undefined" />
	<Point X="222" Y="239" T="undefined" />
	<Point X="221" Y="240" T="undefined" />
	<Point X="219" Y="241" T="undefined" />
	<Point X="210" Y="248" T="undefined" />
	<Point X="198" Y="258" T="undefined" />
	<Point X="181" Y="272" T="undefined" />
	<Point X="168" Y="287" T="undefined" />
	<Point X="161" Y="300" T="undefined" />
	<Point X="159" Y="310" T="undefined" />
	<Point X="159" Y="315" T="undefined" />
	<Point X="162" Y="317" T="undefined" />
	<Point X="165" Y="317" T="undefined" />
	<Point X="171" Y="317" T="undefined" />
	<Point X="179" Y="317" T="undefined" />
	<Point X="195" Y="319" T="undefined" />
	<Point X="214" Y="321" T="undefined" />
	<Point X="230" Y="322" T="undefined" />
	<Point X="247" Y="321" T="undefined" />
	<Point X="266" Y="319" T="undefined" />
	<Point X="283" Y="316" T="undefined" />
	<Point X="291" Y="313" T="undefined" />
	<Point X="292" Y="313" T="undefined" />
	<Point X="291" Y="313" T="undefined" />
	<Point X="289" Y="313" T="undefined" />
	<Point X="283" Y="310" T="undefined" />
	<Point X="275" Y="302" T="undefined" />
	<Point X="265" Y="292" T="undefined" />
	<Point X="254" Y="281" T="undefined" />
	<Point X="242" Y="267" T="undefined" />
	<Point X="230" Y="256" T="undefined" />
	<Point X="221" Y="248" T="undefined" />
	<Point X="217" Y="244" T="undefined" />
</Gesture>