<?xml version="1.0" encoding="utf-8" standalone="yes"?>
<Gesture Name="Triangle0" NumPts="44">
	<Point X="216" Y="154" T="undefined" />
	<Point X="216" Y="154" T="undefined" />
	<Point X="216" Y="155" T="undefined" />
	<Point X="211" Y="158" T="undefined" />
	<Point X="198" Y="166" T="undefined" />
	<Point X="176" Y="178" T="undefined" />
	<Point X="160" Y="190" T="undefined" />
	<Point X="148" Y="207" T="undefined" />
	<Point X="135" Y="225" T="undefined" />
	<Point X="118" Y="245" T="undefined" />
	<Point X="107" Y="260" T="undefined" />
	<Point X="104" Y="263" T="undefined" />
	<Point X="105" Y="263" T="undefined" />
	<Point X="108" Y="264" T="undefined" />
	<Point X="119" Y="266" T="undefined" />
	<Point X="135" Y="269" T="undefined" />
	<Point X="154" Y="272" T="undefined" />
	<Point X="169" Y="273" T="undefined" />
	<Point X="183" Y="273" T="undefined" />
	<Point X="208" Y="273" T="undefined" />
	<Point X="235" Y="273" T="undefined" />
	<Point X="260" Y="274" T="undefined" />
	<Point X="284" Y="275" T="undefined" />
	<Point X="294" Y="275" T="undefined" />
	<Point X="295" Y="274" T="undefined" />
	<Point X="295" Y="273" T="undefined" />
	<Point X="295" Y="272" T="undefined" />
	<Point X="296" Y="272" T="undefined" />
	<Point X="296" Y="271" T="undefined" />
	<Point X="296" Y="268" T="undefined" />
	<Point X="295" Y="255" T="undefined" />
	<Point X="290" Y="235" T="undefined" />
	<Point X="283" Y="211" T="undefined" />
	<Point X="274" Y="189" T="undefined" />
	<Point X="264" Y="169" T="undefined" />
	<Point X="256" Y="157" T="undefined" />
	<Point X="254" Y="152" T="undefined" />
	<Point X="253" Y="149" T="undefined" />
	<Point X="252" Y="147" T="undefined" />
	<Point X="251" Y="145" T="undefined" />
	<Point X="249" Y="144" T="undefined" />
	<Point X="244" Y="142" T="undefined" />
	<Point X="238" Y="140" T="undefined" />
	<Point X="234" Y="138" T="undefined" />
</Gesture>