<?xml version="1.0" encoding="utf-8" standalone="yes"?>
<Gesture Name="Triangle1" NumPts="43">
	<Point X="242" Y="128" T="undefined" />
	<Point X="242" Y="128" T="undefined" />
	<Point X="242" Y="127" T="undefined" />
	<Point X="241" Y="127" T="undefined" />
	<Point X="237" Y="129" T="undefined" />
	<Point X="219" Y="136" T="undefined" />
	<Point X="191" Y="148" T="undefined" />
	<Point X="172" Y="158" T="undefined" />
	<Point X="144" Y="177" T="undefined" />
	<Point X="105" Y="214" T="undefined" />
	<Point X="79" Y="244" T="undefined" />
	<Point X="64" Y="263" T="undefined" />
	<Point X="60" Y="270" T="undefined" />
	<Point X="60" Y="271" T="undefined" />
	<Point X="60" Y="271" T="undefined" />
	<Point X="62" Y="271" T="undefined" />
	<Point X="67" Y="271" T="undefined" />
	<Point X="73" Y="270" T="undefined" />
	<Point X="83" Y="268" T="undefined" />
	<Point X="99" Y="264" T="undefined" />
	<Point X="121" Y="257" T="undefined" />
	<Point X="144" Y="251" T="undefined" />
	<Point X="170" Y="242" T="undefined" />
	<Point X="200" Y="231" T="undefined" />
	<Point X="234" Y="218" T="undefined" />
	<Point X="266" Y="207" T="undefined" />
	<Point X="287" Y="200" T="undefined" />
	<Point X="299" Y="195" T="undefined" />
	<Point X="305" Y="192" T="undefined" />
	<Point X="311" Y="190" T="undefined" />
	<Point X="313" Y="189" T="undefined" />
	<Point X="315" Y="187" T="undefined" />
	<Point X="317" Y="186" T="undefined" />
	<Point X="318" Y="184" T="undefined" />
	<Point X="318" Y="183" T="undefined" />
	<Point X="318" Y="179" T="undefined" />
	<Point X="317" Y="171" T="undefined" />
	<Point X="312" Y="160" T="undefined" />
	<Point X="301" Y="144" T="undefined" />
	<Point X="282" Y="126" T="undefined" />
	<Point X="264" Y="112" T="undefined" />
	<Point X="235" Y="95" T="undefined" />
	<Point X="225" Y="92" T="undefined" />
</Gesture>