<?xml version="1.0" encoding="utf-8" standalone="yes"?>
<Gesture Name="Triangle7" NumPts="37">
	<Point X="298" Y="210" T="undefined" />
	<Point X="297" Y="210" T="undefined" />
	<Point X="297" Y="210" T="undefined" />
	<Point X="296" Y="211" T="undefined" />
	<Point X="291" Y="216" T="undefined" />
	<Point X="280" Y="224" T="undefined" />
	<Point X="260" Y="237" T="undefined" />
	<Point X="232" Y="253" T="undefined" />
	<Point X="211" Y="267" T="undefined" />
	<Point X="198" Y="281" T="undefined" />
	<Point X="191" Y="292" T="undefined" />
	<Point X="189" Y="298" T="undefined" />
	<Point X="188" Y="301" T="undefined" />
	<Point X="187" Y="304" T="undefined" />
	<Point X="187" Y="307" T="undefined" />
	<Point X="188" Y="309" T="undefined" />
	<Point X="194" Y="311" T="undefined" />
	<Point X="206" Y="315" T="undefined" />
	<Point X="221" Y="319" T="undefined" />
	<Point X="239" Y="322" T="undefined" />
	<Point X="262" Y="323" T="undefined" />
	<Point X="288" Y="324" T="undefined" />
	<Point X="311" Y="322" T="undefined" />
	<Point X="326" Y="318" T="undefined" />
	<Point X="334" Y="315" T="undefined" />
	<Point X="336" Y="314" T="undefined" />
	<Point X="337" Y="311" T="undefined" />
	<Point X="337" Y="308" T="undefined" />
	<Point X="335" Y="304" T="undefined" />
	<Point X="330" Y="296" T="undefined" />
	<Point X="322" Y="286" T="undefined" />
	<Point X="314" Y="272" T="undefined" />
	<Point X="299" Y="250" T="undefined" />
	<Point X="284" Y="225" T="undefined" />
	<Point X="267" Y="205" T="undefined" />
	<Point X="257" Y="195" T="undefined" />
	<Point X="253" Y="193" T="undefined" />
</Gesture>