<?xml version="1.0" encoding="utf-8" standalone="yes"?>
<Gesture Name="Triangle4" NumPts="26">
	<Point X="150" Y="225" T="undefined" />
	<Point X="150" Y="225" T="undefined" />
	<Point X="150" Y="226" T="undefined" />
	<Point X="149" Y="226" T="undefined" />
	<Point X="140" Y="232" T="undefined" />
	<Point X="125" Y="240" T="undefined" />
	<Point X="105" Y="251" T="undefined" />
	<Point X="81" Y="265" T="undefined" />
	<Point X="61" Y="278" T="undefined" />
	<Point X="56" Y="282" T="undefined" />
	<Point X="54" Y="285" T="undefined" />
	<Point X="59" Y="287" T="undefined" />
	<Point X="76" Y="294" T="undefined" />
	<Point X="99" Y="302" T="undefined" />
	<Point X="128" Y="308" T="undefined" />
	<Point X="156" Y="312" T="undefined" />
	<Point X="178" Y="313" T="undefined" />
	<Point X="189" Y="313" T="undefined" />
	<Point X="190" Y="313" T="undefined" />
	<Point X="190" Y="312" T="undefined" />
	<Point X="190" Y="307" T="undefined" />
	<Point X="186" Y="298" T="undefined" />
	<Point X="172" Y="280" T="undefined" />
	<Point X="151" Y="258" T="undefined" />
	<Point X="127" Y="237" T="undefined" />
	<Point X="110" Y="224" T="undefined" />
</Gesture>