<?xml version="1.0" encoding="utf-8" standalone="yes"?>
<Gesture Name="Triangle8" NumPts="42">
	<Point X="297" Y="243" T="undefined" />
	<Point X="297" Y="242" T="undefined" />
	<Point X="297" Y="242" T="undefined" />
	<Point X="295" Y="243" T="undefined" />
	<Point X="287" Y="248" T="undefined" />
	<Point X="273" Y="257" T="undefined" />
	<Point X="256" Y="267" T="undefined" />
	<Point X="240" Y="279" T="undefined" />
	<Point X="227" Y="291" T="undefined" />
	<Point X="219" Y="300" T="undefined" />
	<Point X="214" Y="307" T="undefined" />
	<Point X="214" Y="312" T="undefined" />
	<Point X="214" Y="313" T="undefined" />
	<Point X="214" Y="320" T="undefined" />
	<Point X="217" Y="323" T="undefined" />
	<Point X="221" Y="327" T="undefined" />
	<Point X="232" Y="333" T="undefined" />
	<Point X="247" Y="339" T="undefined" />
	<Point X="260" Y="342" T="undefined" />
	<Point X="270" Y="342" T="undefined" />
	<Point X="283" Y="344" T="undefined" />
	<Point X="302" Y="345" T="undefined" />
	<Point X="322" Y="346" T="undefined" />
	<Point X="334" Y="346" T="undefined" />
	<Point X="337" Y="345" T="undefined" />
	<Point X="339" Y="344" T="undefined" />
	<Point X="341" Y="344" T="undefined" />
	<Point X="341" Y="343" T="undefined" />
	<Point X="341" Y="342" T="undefined" />
	<Point X="340" Y="342" T="undefined" />
	<Point X="337" Y="336" T="undefined" />
	<Point X="331" Y="326" T="undefined" />
	<Point X="325" Y="316" T="undefined" />
	<Point X="317" Y="303" T="undefined" />
	<Point X="310" Y="290" T="undefined" />
	<Point X="303" Y="275" T="undefined" />
	<Point X="297" Y="264" T="undefined" />
	<Point X="293" Y="258" T="undefined" />
	<Point X="290" Y="254" T="undefined" />
	<Point X="289" Y="252" T="undefined" />
	<Point X="288" Y="251" T="undefined" />
	<Point X="288" Y="249" T="undefined" />
</Gesture>