<?xml version="1.0" encoding="utf-8" standalone="yes"?>
<Gesture Name="Triangle9" NumPts="75">
	<Point X="170" Y="218" T="undefined" />
	<Point X="170" Y="218" T="undefined" />
	<Point X="170" Y="219" T="undefined" />
	<Point X="170" Y="221" T="undefined" />
	<Point X="171" Y="228" T="undefined" />
	<Point X="172" Y="239" T="undefined" />
	<Point X="174" Y="249" T="undefined" />
	<Point X="174" Y="254" T="undefined" />
	<Point X="174" Y="257" T="undefined" />
	<Point X="174" Y="263" T="undefined" />
	<Point X="174" Y="271" T="undefined" />
	<Point X="174" Y="279" T="undefined" />
	<Point X="174" Y="283" T="undefined" />
	<Point X="174" Y="286" T="undefined" />
	<Point X="175" Y="287" T="undefined" />
	<Point X="175" Y="290" T="undefined" />
	<Point X="176" Y="293" T="undefined" />
	<Point X="176" Y="295" T="undefined" />
	<Point X="177" Y="296" T="undefined" />
	<Point X="178" Y="296" T="undefined" />
	<Point X="179" Y="296" T="undefined" />
	<Point X="182" Y="296" T="undefined" />
	<Point X="187" Y="296" T="undefined" />
	<Point X="197" Y="296" T="undefined" />
	<Point X="205" Y="296" T="undefined" />
	<Point X="214" Y="298" T="undefined" />
	<Point X="222" Y="299" T="undefined" />
	<Point X="230" Y="299" T="undefined" />
	<Point X="237" Y="300" T="undefined" />
	<Point X="242" Y="300" T="undefined" />
	<Point X="245" Y="300" T="undefined" />
	<Point X="248" Y="299" T="undefined" />
	<Point X="251" Y="299" T="undefined" />
	<Point X="253" Y="299" T="undefined" />
	<Point X="253" Y="298" T="undefined" />
	<Point X="253" Y="297" T="undefined" />
	<Point X="254" Y="296" T="undefined" />
	<Point X="254" Y="293" T="undefined" />
	<Point X="254" Y="289" T="undefined" />
	<Point X="254" Y="280" T="undefined" />
	<Point X="254" Y="269" T="undefined" />
	<Point X="252" Y="258" T="undefined" />
	<Point X="252" Y="253" T="undefined" />
	<Point X="252" Y="252" T="undefined" />
	<Point X="252" Y="249" T="undefined" />
	<Point X="252" Y="246" T="undefined" />
	<Point X="252" Y="245" T="undefined" />
	<Point X="252" Y="244" T="undefined" />
	<Point X="252" Y="242" T="undefined" />
	<Point X="252" Y="238" T="undefined" />
	<Point X="252" Y="236" T="undefined" />
	<Point X="252" Y="235" T="undefined" />
	<Point X="252" Y="233" T="undefined" />
	<Point X="252" Y="232" T="undefined" />
	<Point X="251" Y="232" T="undefined" />
	<Point X="251" Y="231" T="undefined" />
	<Point X="250" Y="230" T="undefined" />
	<Point X="250" Y="229" T="undefined" />
	<Point X="249" Y="228" T="undefined" />
	<Point X="248" Y="228" T="undefined" />
	<Point X="248" Y="227" T="undefined" />
	<Point X="247" Y="227" T="undefined" />
	<Point X="246" Y="227" T="undefined" />
	<Point X="244" Y="226" T="undefined" />
	<Point X="240" Y="225" T="undefined" />
	<Point X="233" Y="223" T="undefined" />
	<Point X="226" Y="220" T="undefined" />
	<Point X="213" Y="217" T="undefined" />
	<Point X="201" Y="216" T="undefined" />
	<Point X="193" Y="214" T="undefined" />
	<Point X="183" Y="213" T="undefined" />
	<Point X="175" Y="212" T="undefined" />
	<Point X="170" Y="212" T="undefined" />
	<Point X="169" Y="212" T="undefined" />
	<Point X="170" Y="212" T="undefined" />
</Gesture>