<?xml version="1.0" encoding="utf-8" standalone="yes"?>
<Gesture Name="Triangle3" NumPts="37">
	<Point X="180" Y="235" T="undefined" />
	<Point X="181" Y="240" T="undefined" />
	<Point X="181" Y="244" T="undefined" />
	<Point X="181" Y="245" T="undefined" />
	<Point X="181" Y="246" T="undefined" />
	<Point X="177" Y="249" T="undefined" />
	<Point X="163" Y="259" T="undefined" />
	<Point X="143" Y="272" T="undefined" />
	<Point X="123" Y="287" T="undefined" />
	<Point X="107" Y="300" T="undefined" />
	<Point X="92" Y="314" T="undefined" />
	<Point X="84" Y="323" T="undefined" />
	<Point X="80" Y="332" T="undefined" />
	<Point X="79" Y="337" T="undefined" />
	<Point X="85" Y="344" T="undefined" />
	<Point X="96" Y="350" T="undefined" />
	<Point X="114" Y="358" T="undefined" />
	<Point X="138" Y="365" T="undefined" />
	<Point X="161" Y="368" T="undefined" />
	<Point X="183" Y="371" T="undefined" />
	<Point X="209" Y="371" T="undefined" />
	<Point X="236" Y="371" T="undefined" />
	<Point X="260" Y="370" T="undefined" />
	<Point X="276" Y="368" T="undefined" />
	<Point X="290" Y="367" T="undefined" />
	<Point X="296" Y="365" T="undefined" />
	<Point X="297" Y="364" T="undefined" />
	<Point X="297" Y="363" T="undefined" />
	<Point X="293" Y="359" T="undefined" />
	<Point X="281" Y="346" T="undefined" />
	<Point X="259" Y="322" T="undefined" />
	<Point X="227" Y="295" T="undefined" />
	<Point X="197" Y="275" T="undefined" />
	<Point X="175" Y="259" T="undefined" />
	<Point X="166" Y="254" T="undefined" />
	<Point X="165" Y="254" T="undefined" />
	<Point X="164" Y="254" T="undefined" />
</Gesture>