<?xml version="1.0" encoding="utf-8" standalone="yes"?>
<Gesture Name="Triangle2" NumPts="42">
	<Point X="265" Y="187" T="undefined" />
	<Point X="263" Y="188" T="undefined" />
	<Point X="254" Y="192" T="undefined" />
	<Point X="237" Y="200" T="undefined" />
	<Point X="212" Y="214" T="undefined" />
	<Point X="176" Y="234" T="undefined" />
	<Point X="143" Y="257" T="undefined" />
	<Point X="115" Y="282" T="undefined" />
	<Point X="97" Y="305" T="undefined" />
	<Point X="92" Y="320" T="undefined" />
	<Point X="91" Y="329" T="undefined" />
	<Point X="92" Y="333" T="undefined" />
	<Point X="93" Y="334" T="undefined" />
	<Point X="101" Y="335" T="undefined" />
	<Point X="110" Y="336" T="undefined" />
	<Point X="120" Y="336" T="undefined" />
	<Point X="133" Y="338" T="undefined" />
	<Point X="151" Y="340" T="undefined" />
	<Point X="175" Y="343" T="undefined" />
	<Point X="203" Y="344" T="undefined" />
	<Point X="230" Y="343" T="undefined" />
	<Point X="256" Y="341" T="undefined" />
	<Point X="276" Y="337" T="undefined" />
	<Point X="284" Y="335" T="undefined" />
	<Point X="287" Y="334" T="undefined" />
	<Point X="288" Y="333" T="undefined" />
	<Point X="293" Y="333" T="undefined" />
	<Point X="300" Y="333" T="undefined" />
	<Point X="301" Y="333" T="undefined" />
	<Point X="302" Y="332" T="undefined" />
	<Point X="304" Y="331" T="undefined" />
	<Point X="312" Y="328" T="undefined" />
	<Point X="320" Y="323" T="undefined" />
	<Point X="326" Y="319" T="undefined" />
	<Point X="328" Y="313" T="undefined" />
	<Point X="329" Y="306" T="undefined" />
	<Point X="327" Y="295" T="undefined" />
	<Point X="321" Y="278" T="undefined" />
	<Point X="307" Y="251" T="undefined" />
	<Point X="284" Y="218" T="undefined" />
	<Point X="254" Y="189" T="undefined" />
	<Point X="225" Y="172" T="undefined" />
</Gesture>