<?xml version="1.0" encoding="utf-8" standalone="yes"?>
<Gesture Name="V0" NumPts="28">
	<Point X="169" Y="251" T="undefined" />
	<Point X="169" Y="257" T="undefined" />
	<Point X="175" Y="267" T="undefined" />
	<Point X="187" Y="287" T="undefined" />
	<Point X="208" Y="315" T="undefined" />
	<Point X="226" Y="336" T="undefined" />
	<Point X="238" Y="352" T="undefined" />
	<Point X="248" Y="367" T="undefined" />
	<Point X="257" Y="380" T="undefined" />
	<Point X="264" Y="388" T="undefined" />
	<Point X="267" Y="391" T="undefined" />
	<Point X="268" Y="391" T="undefined" />
	<Point X="270" Y="389" T="undefined" />
	<Point X="276" Y="380" T="undefined" />
	<Point X="277" Y="379" T="undefined" />
	<Point X="284" Y="362" T="undefined" />
	<Point X="290" Y="346" T="undefined" />
	<Point X="298" Y="325" T="undefined" />
	<Point X="307" Y="304" T="undefined" />
	<Point X="315" Y="283" T="undefined" />
	<Point X="321" Y="269" T="undefined" />
	<Point X="324" Y="258" T="undefined" />
	<Point X="325" Y="256" T="undefined" />
	<Point X="325" Y="255" T="undefined" />
	<Point X="325" Y="254" T="undefined" />
	<Point X="325" Y="252" T="undefined" />
	<Point X="325" Y="246" T="undefined" />
	<Point X="326" Y="241" T="undefined" />
</Gesture>