<?xml version="1.0" encoding="utf-8" standalone="yes"?>
<Gesture Name="V1" NumPts="19">
	<Point X="115" Y="180" T="undefined" />
	<Point X="115" Y="181" T="undefined" />
	<Point X="115" Y="190" T="undefined" />
	<Point X="122" Y="209" T="undefined" />
	<Point X="134" Y="239" T="undefined" />
	<Point X="145" Y="269" T="undefined" />
	<Point X="156" Y="293" T="undefined" />
	<Point X="165" Y="310" T="undefined" />
	<Point X="169" Y="317" T="undefined" />
	<Point X="171" Y="320" T="undefined" />
	<Point X="173" Y="319" T="undefined" />
	<Point X="176" Y="313" T="undefined" />
	<Point X="177" Y="312" T="undefined" />
	<Point X="189" Y="282" T="undefined" />
	<Point X="200" Y="252" T="undefined" />
	<Point X="215" Y="216" T="undefined" />
	<Point X="228" Y="182" T="undefined" />
	<Point X="238" Y="159" T="undefined" />
	<Point X="241" Y="150" T="undefined" />
</Gesture>