<?xml version="1.0" encoding="utf-8" standalone="yes"?>
<Gesture Name="V2" NumPts="42">
	<Point X="177" Y="193" T="undefined" />
	<Point X="184" Y="197" T="undefined" />
	<Point X="196" Y="203" T="undefined" />
	<Point X="211" Y="210" T="undefined" />
	<Point X="222" Y="216" T="undefined" />
	<Point X="235" Y="223" T="undefined" />
	<Point X="249" Y="235" T="undefined" />
	<Point X="267" Y="251" T="undefined" />
	<Point X="288" Y="269" T="undefined" />
	<Point X="309" Y="290" T="undefined" />
	<Point X="330" Y="307" T="undefined" />
	<Point X="344" Y="320" T="undefined" />
	<Point X="355" Y="331" T="undefined" />
	<Point X="359" Y="336" T="undefined" />
	<Point X="359" Y="337" T="undefined" />
	<Point X="359" Y="338" T="undefined" />
	<Point X="356" Y="339" T="undefined" />
	<Point X="352" Y="340" T="undefined" />
	<Point X="345" Y="340" T="undefined" />
	<Point X="329" Y="338" T="undefined" />
	<Point X="298" Y="329" T="undefined" />
	<Point X="263" Y="322" T="undefined" />
	<Point X="223" Y="315" T="undefined" />
	<Point X="182" Y="310" T="undefined" />
	<Point X="142" Y="309" T="undefined" />
	<Point X="110" Y="309" T="undefined" />
	<Point X="94" Y="310" T="undefined" />
	<Point X="89" Y="311" T="undefined" />
	<Point X="88" Y="311" T="undefined" />
	<Point X="89" Y="311" T="undefined" />
	<Point X="89" Y="310" T="undefined" />
	<Point X="98" Y="306" T="undefined" />
	<Point X="111" Y="300" T="undefined" />
	<Point X="127" Y="293" T="undefined" />
	<Point X="145" Y="284" T="undefined" />
	<Point X="164" Y="275" T="undefined" />
	<Point X="191" Y="261" T="undefined" />
	<Point X="225" Y="243" T="undefined" />
	<Point X="264" Y="219" T="undefined" />
	<Point X="298" Y="201" T="undefined" />
	<Point X="316" Y="191" T="undefined" />
	<Point X="321" Y="189" T="undefined" />
</Gesture>