<?xml version="1.0" encoding="utf-8" standalone="yes"?>
<Gesture Name="V3" NumPts="37">
	<Point X="152" Y="233" T="undefined" />
	<Point X="152" Y="233" T="undefined" />
	<Point X="152" Y="233" T="undefined" />
	<Point X="152" Y="234" T="undefined" />
	<Point X="157" Y="238" T="undefined" />
	<Point X="174" Y="253" T="undefined" />
	<Point X="188" Y="266" T="undefined" />
	<Point X="208" Y="284" T="undefined" />
	<Point X="230" Y="304" T="undefined" />
	<Point X="247" Y="322" T="undefined" />
	<Point X="261" Y="338" T="undefined" />
	<Point X="269" Y="348" T="undefined" />
	<Point X="275" Y="353" T="undefined" />
	<Point X="276" Y="354" T="undefined" />
	<Point X="276" Y="355" T="undefined" />
	<Point X="275" Y="355" T="undefined" />
	<Point X="275" Y="356" T="undefined" />
	<Point X="265" Y="357" T="undefined" />
	<Point X="243" Y="359" T="undefined" />
	<Point X="212" Y="365" T="undefined" />
	<Point X="188" Y="370" T="undefined" />
	<Point X="170" Y="374" T="undefined" />
	<Point X="156" Y="375" T="undefined" />
	<Point X="150" Y="377" T="undefined" />
	<Point X="149" Y="377" T="undefined" />
	<Point X="147" Y="377" T="undefined" />
	<Point X="147" Y="376" T="undefined" />
	<Point X="148" Y="375" T="undefined" />
	<Point X="152" Y="371" T="undefined" />
	<Point X="159" Y="366" T="undefined" />
	<Point X="172" Y="358" T="undefined" />
	<Point X="193" Y="346" T="undefined" />
	<Point X="226" Y="326" T="undefined" />
	<Point X="266" Y="302" T="undefined" />
	<Point X="307" Y="278" T="undefined" />
	<Point X="343" Y="260" T="undefined" />
	<Point X="361" Y="251" T="undefined" />
</Gesture>