<?xml version="1.0" encoding="utf-8" standalone="yes"?>
<Gesture Name="V4" NumPts="23">
	<Point X="173" Y="189" T="undefined" />
	<Point X="173" Y="189" T="undefined" />
	<Point X="176" Y="194" T="undefined" />
	<Point X="188" Y="213" T="undefined" />
	<Point X="201" Y="241" T="undefined" />
	<Point X="217" Y="273" T="undefined" />
	<Point X="231" Y="300" T="undefined" />
	<Point X="237" Y="314" T="undefined" />
	<Point X="241" Y="325" T="undefined" />
	<Point X="242" Y="326" T="undefined" />
	<Point X="243" Y="326" T="undefined" />
	<Point X="245" Y="325" T="undefined" />
	<Point X="251" Y="318" T="undefined" />
	<Point X="255" Y="311" T="undefined" />
	<Point X="261" Y="302" T="undefined" />
	<Point X="270" Y="291" T="undefined" />
	<Point X="285" Y="275" T="undefined" />
	<Point X="308" Y="249" T="undefined" />
	<Point X="332" Y="222" T="undefined" />
	<Point X="350" Y="200" T="undefined" />
	<Point X="362" Y="181" T="undefined" />
	<Point X="371" Y="166" T="undefined" />
	<Point X="377" Y="156" T="undefined" />
</Gesture>