<?xml version="1.0" encoding="utf-8" standalone="yes"?>
<Gesture Name="V5" NumPts="20">
	<Point X="125" Y="205" T="undefined" />
	<Point X="125" Y="205" T="undefined" />
	<Point X="128" Y="212" T="undefined" />
	<Point X="140" Y="234" T="undefined" />
	<Point X="155" Y="262" T="undefined" />
	<Point X="172" Y="290" T="undefined" />
	<Point X="185" Y="308" T="undefined" />
	<Point X="191" Y="319" T="undefined" />
	<Point X="195" Y="325" T="undefined" />
	<Point X="195" Y="326" T="undefined" />
	<Point X="196" Y="326" T="undefined" />
	<Point X="197" Y="326" T="undefined" />
	<Point X="198" Y="325" T="undefined" />
	<Point X="202" Y="318" T="undefined" />
	<Point X="205" Y="313" T="undefined" />
	<Point X="230" Y="277" T="undefined" />
	<Point X="254" Y="245" T="undefined" />
	<Point X="291" Y="211" T="undefined" />
	<Point X="327" Y="180" T="undefined" />
	<Point X="346" Y="165" T="undefined" />
</Gesture>