<?xml version="1.0" encoding="utf-8" standalone="yes"?>
<Gesture Name="V6" NumPts="19">
	<Point X="157" Y="215" T="undefined" />
	<Point X="161" Y="221" T="undefined" />
	<Point X="165" Y="229" T="undefined" />
	<Point X="172" Y="243" T="undefined" />
	<Point X="180" Y="259" T="undefined" />
	<Point X="190" Y="282" T="undefined" />
	<Point X="198" Y="301" T="undefined" />
	<Point X="203" Y="310" T="undefined" />
	<Point X="204" Y="314" T="undefined" />
	<Point X="205" Y="314" T="undefined" />
	<Point X="206" Y="314" T="undefined" />
	<Point X="208" Y="314" T="undefined" />
	<Point X="209" Y="314" T="undefined" />
	<Point X="214" Y="309" T="undefined" />
	<Point X="223" Y="297" T="undefined" />
	<Point X="241" Y="280" T="undefined" />
	<Point X="264" Y="261" T="undefined" />
	<Point X="287" Y="243" T="undefined" />
	<Point X="300" Y="232" T="undefined" />
</Gesture>