<?xml version="1.0" encoding="utf-8" standalone="yes"?>
<Gesture Name="V8" NumPts="25">
	<Point X="99" Y="192" T="undefined" />
	<Point X="99" Y="193" T="undefined" />
	<Point X="102" Y="200" T="undefined" />
	<Point X="108" Y="210" T="undefined" />
	<Point X="114" Y="221" T="undefined" />
	<Point X="119" Y="231" T="undefined" />
	<Point X="123" Y="243" T="undefined" />
	<Point X="126" Y="254" T="undefined" />
	<Point X="129" Y="264" T="undefined" />
	<Point X="132" Y="271" T="undefined" />
	<Point X="133" Y="274" T="undefined" />
	<Point X="134" Y="276" T="undefined" />
	<Point X="134" Y="276" T="undefined" />
	<Point X="134" Y="275" T="undefined" />
	<Point X="136" Y="273" T="undefined" />
	<Point X="139" Y="267" T="undefined" />
	<Point X="142" Y="260" T="undefined" />
	<Point X="145" Y="242" T="undefined" />
	<Point X="150" Y="221" T="undefined" />
	<Point X="155" Y="202" T="undefined" />
	<Point X="161" Y="185" T="undefined" />
	<Point X="165" Y="176" T="undefined" />
	<Point X="170" Y="167" T="undefined" />
	<Point X="171" Y="164" T="undefined" />
	<Point X="172" Y="162" T="undefined" />
</Gesture>