<?xml version="1.0" encoding="utf-8" standalone="yes"?>
<Gesture Name="V9" NumPts="31">
	<Point X="116" Y="277" T="undefined" />
	<Point X="116" Y="277" T="undefined" />
	<Point X="117" Y="277" T="undefined" />
	<Point X="119" Y="277" T="undefined" />
	<Point X="121" Y="281" T="undefined" />
	<Point X="127" Y="290" T="undefined" />
	<Point X="132" Y="305" T="undefined" />
	<Point X="135" Y="323" T="undefined" />
	<Point X="137" Y="336" T="undefined" />
	<Point X="139" Y="344" T="undefined" />
	<Point X="141" Y="348" T="undefined" />
	<Point X="141" Y="349" T="undefined" />
	<Point X="142" Y="349" T="undefined" />
	<Point X="143" Y="349" T="undefined" />
	<Point X="146" Y="340" T="undefined" />
	<Point X="147" Y="338" T="undefined" />
	<Point X="148" Y="331" T="undefined" />
	<Point X="149" Y="321" T="undefined" />
	<Point X="151" Y="313" T="undefined" />
	<Point X="155" Y="302" T="undefined" />
	<Point X="158" Y="293" T="undefined" />
	<Point X="159" Y="289" T="undefined" />
	<Point X="159" Y="288" T="undefined" />
	<Point X="159" Y="287" T="undefined" />
	<Point X="159" Y="286" T="undefined" />
	<Point X="159" Y="283" T="undefined" />
	<Point X="160" Y="281" T="undefined" />
	<Point X="160" Y="278" T="undefined" />
	<Point X="160" Y="276" T="undefined" />
	<Point X="160" Y="275" T="undefined" />
	<Point X="160" Y="274" T="undefined" />
</Gesture>