<?xml version="1.0" encoding="utf-8" standalone="yes"?>
<Gesture Name="X2" NumPts="38">
	<Point X="98" Y="171" T="undefined" />
	<Point X="115" Y="194" T="undefined" />
	<Point X="130" Y="212" T="undefined" />
	<Point X="147" Y="231" T="undefined" />
	<Point X="163" Y="251" T="undefined" />
	<Point X="182" Y="274" T="undefined" />
	<Point X="208" Y="299" T="undefined" />
	<Point X="236" Y="325" T="undefined" />
	<Point X="254" Y="342" T="undefined" />
	<Point X="262" Y="350" T="undefined" />
	<Point X="264" Y="352" T="undefined" />
	<Point X="264" Y="352" T="undefined" />
	<Point X="265" Y="352" T="undefined" />
	<Point X="266" Y="352" T="undefined" />
	<Point X="267" Y="348" T="undefined" />
	<Point X="271" Y="336" T="undefined" />
	<Point X="277" Y="313" T="undefined" />
	<Point X="282" Y="292" T="undefined" />
	<Point X="290" Y="262" T="undefined" />
	<Point X="301" Y="236" T="undefined" />
	<Point X="313" Y="214" T="undefined" />
	<Point X="319" Y="202" T="undefined" />
	<Point X="322" Y="196" T="undefined" />
	<Point X="323" Y="193" T="undefined" />
	<Point X="323" Y="192" T="undefined" />
	<Point X="323" Y="191" T="undefined" />
	<Point X="322" Y="191" T="undefined" />
	<Point X="312" Y="192" T="undefined" />
	<Point X="282" Y="199" T="undefined" />
	<Point X="245" Y="211" T="undefined" />
	<Point X="203" Y="232" T="undefined" />
	<Point X="168" Y="256" T="undefined" />
	<Point X="145" Y="281" T="undefined" />
	<Point X="130" Y="303" T="undefined" />
	<Point X="127" Y="309" T="undefined" />
	<Point X="126" Y="309" T="undefined" />
	<Point X="126" Y="310" T="undefined" />
	<Point X="125" Y="312" T="undefined" />
</Gesture>