<?xml version="1.0" encoding="utf-8" standalone="yes"?>
<Gesture Name="X3" NumPts="28">
	<Point X="165" Y="205" T="undefined" />
	<Point X="167" Y="207" T="undefined" />
	<Point X="169" Y="210" T="undefined" />
	<Point X="178" Y="220" T="undefined" />
	<Point X="189" Y="229" T="undefined" />
	<Point X="208" Y="244" T="undefined" />
	<Point X="235" Y="262" T="undefined" />
	<Point X="265" Y="282" T="undefined" />
	<Point X="288" Y="295" T="undefined" />
	<Point X="303" Y="307" T="undefined" />
	<Point X="313" Y="313" T="undefined" />
	<Point X="315" Y="314" T="undefined" />
	<Point X="316" Y="313" T="undefined" />
	<Point X="318" Y="306" T="undefined" />
	<Point X="321" Y="295" T="undefined" />
	<Point X="326" Y="274" T="undefined" />
	<Point X="331" Y="247" T="undefined" />
	<Point X="335" Y="220" T="undefined" />
	<Point X="337" Y="197" T="undefined" />
	<Point X="337" Y="182" T="undefined" />
	<Point X="337" Y="180" T="undefined" />
	<Point X="325" Y="185" T="undefined" />
	<Point X="299" Y="195" T="undefined" />
	<Point X="255" Y="213" T="undefined" />
	<Point X="207" Y="236" T="undefined" />
	<Point X="178" Y="258" T="undefined" />
	<Point X="163" Y="272" T="undefined" />
	<Point X="158" Y="275" T="undefined" />
</Gesture>