<?xml version="1.0" encoding="utf-8" standalone="yes"?>
<Gesture Name="X4" NumPts="37">
	<Point X="170" Y="288" T="undefined" />
	<Point X="177" Y="293" T="undefined" />
	<Point X="187" Y="301" T="undefined" />
	<Point X="205" Y="313" T="undefined" />
	<Point X="230" Y="331" T="undefined" />
	<Point X="260" Y="357" T="undefined" />
	<Point X="283" Y="377" T="undefined" />
	<Point X="303" Y="393" T="undefined" />
	<Point X="311" Y="400" T="undefined" />
	<Point X="313" Y="401" T="undefined" />
	<Point X="313" Y="400" T="undefined" />
	<Point X="314" Y="399" T="undefined" />
	<Point X="316" Y="395" T="undefined" />
	<Point X="317" Y="387" T="undefined" />
	<Point X="317" Y="386" T="undefined" />
	<Point X="319" Y="353" T="undefined" />
	<Point X="321" Y="330" T="undefined" />
	<Point X="324" Y="310" T="undefined" />
	<Point X="327" Y="294" T="undefined" />
	<Point X="328" Y="284" T="undefined" />
	<Point X="328" Y="280" T="undefined" />
	<Point X="327" Y="280" T="undefined" />
	<Point X="323" Y="280" T="undefined" />
	<Point X="313" Y="281" T="undefined" />
	<Point X="296" Y="286" T="undefined" />
	<Point X="272" Y="298" T="undefined" />
	<Point X="245" Y="316" T="undefined" />
	<Point X="222" Y="335" T="undefined" />
	<Point X="206" Y="349" T="undefined" />
	<Point X="194" Y="357" T="undefined" />
	<Point X="185" Y="362" T="undefined" />
	<Point X="181" Y="364" T="undefined" />
	<Point X="180" Y="366" T="undefined" />
	<Point X="176" Y="367" T="undefined" />
	<Point X="174" Y="367" T="undefined" />
	<Point X="173" Y="368" T="undefined" />
	<Point X="173" Y="369" T="undefined" />
</Gesture>