<?xml version="1.0" encoding="utf-8" standalone="yes"?>
<Gesture Name="X5" NumPts="33">
	<Point X="115" Y="190" T="undefined" />
	<Point X="115" Y="190" T="undefined" />
	<Point X="115" Y="190" T="undefined" />
	<Point X="117" Y="195" T="undefined" />
	<Point X="127" Y="205" T="undefined" />
	<Point X="143" Y="227" T="undefined" />
	<Point X="163" Y="252" T="undefined" />
	<Point X="185" Y="277" T="undefined" />
	<Point X="201" Y="295" T="undefined" />
	<Point X="209" Y="303" T="undefined" />
	<Point X="211" Y="305" T="undefined" />
	<Point X="214" Y="301" T="undefined" />
	<Point X="218" Y="296" T="undefined" />
	<Point X="222" Y="291" T="undefined" />
	<Point X="227" Y="281" T="undefined" />
	<Point X="236" Y="262" T="undefined" />
	<Point X="244" Y="239" T="undefined" />
	<Point X="251" Y="212" T="undefined" />
	<Point X="257" Y="189" T="undefined" />
	<Point X="260" Y="174" T="undefined" />
	<Point X="261" Y="174" T="undefined" />
	<Point X="260" Y="174" T="undefined" />
	<Point X="252" Y="178" T="undefined" />
	<Point X="236" Y="186" T="undefined" />
	<Point X="208" Y="201" T="undefined" />
	<Point X="175" Y="218" T="undefined" />
	<Point X="145" Y="238" T="undefined" />
	<Point X="130" Y="255" T="undefined" />
	<Point X="126" Y="265" T="undefined" />
	<Point X="125" Y="267" T="undefined" />
	<Point X="124" Y="267" T="undefined" />
	<Point X="124" Y="268" T="undefined" />
	<Point X="121" Y="271" T="undefined" />
</Gesture>