<?xml version="1.0" encoding="utf-8" standalone="yes"?>
<Gesture Name="X6" NumPts="38">
	<Point X="164" Y="246" T="undefined" />
	<Point X="168" Y="247" T="undefined" />
	<Point X="187" Y="259" T="undefined" />
	<Point X="211" Y="278" T="undefined" />
	<Point X="235" Y="296" T="undefined" />
	<Point X="259" Y="314" T="undefined" />
	<Point X="275" Y="325" T="undefined" />
	<Point X="284" Y="333" T="undefined" />
	<Point X="288" Y="338" T="undefined" />
	<Point X="292" Y="342" T="undefined" />
	<Point X="296" Y="346" T="undefined" />
	<Point X="297" Y="349" T="undefined" />
	<Point X="299" Y="352" T="undefined" />
	<Point X="301" Y="355" T="undefined" />
	<Point X="302" Y="356" T="undefined" />
	<Point X="303" Y="356" T="undefined" />
	<Point X="303" Y="354" T="undefined" />
	<Point X="306" Y="344" T="undefined" />
	<Point X="311" Y="331" T="undefined" />
	<Point X="315" Y="311" T="undefined" />
	<Point X="320" Y="288" T="undefined" />
	<Point X="326" Y="262" T="undefined" />
	<Point X="331" Y="238" T="undefined" />
	<Point X="334" Y="220" T="undefined" />
	<Point X="334" Y="209" T="undefined" />
	<Point X="334" Y="208" T="undefined" />
	<Point X="333" Y="208" T="undefined" />
	<Point X="326" Y="208" T="undefined" />
	<Point X="313" Y="209" T="undefined" />
	<Point X="284" Y="215" T="undefined" />
	<Point X="251" Y="227" T="undefined" />
	<Point X="219" Y="243" T="undefined" />
	<Point X="192" Y="261" T="undefined" />
	<Point X="174" Y="281" T="undefined" />
	<Point X="165" Y="297" T="undefined" />
	<Point X="159" Y="314" T="undefined" />
	<Point X="154" Y="327" T="undefined" />
	<Point X="152" Y="330" T="undefined" />
</Gesture>