<?xml version="1.0" encoding="utf-8" standalone="yes"?>
<Gesture Name="X7" NumPts="36">
	<Point X="202" Y="230" T="undefined" />
	<Point X="202" Y="230" T="undefined" />
	<Point X="205" Y="238" T="undefined" />
	<Point X="213" Y="253" T="undefined" />
	<Point X="229" Y="274" T="undefined" />
	<Point X="248" Y="296" T="undefined" />
	<Point X="264" Y="311" T="undefined" />
	<Point X="276" Y="323" T="undefined" />
	<Point X="284" Y="328" T="undefined" />
	<Point X="285" Y="328" T="undefined" />
	<Point X="286" Y="328" T="undefined" />
	<Point X="291" Y="327" T="undefined" />
	<Point X="295" Y="322" T="undefined" />
	<Point X="301" Y="316" T="undefined" />
	<Point X="308" Y="303" T="undefined" />
	<Point X="319" Y="282" T="undefined" />
	<Point X="333" Y="257" T="undefined" />
	<Point X="349" Y="233" T="undefined" />
	<Point X="359" Y="217" T="undefined" />
	<Point X="362" Y="207" T="undefined" />
	<Point X="363" Y="206" T="undefined" />
	<Point X="362" Y="206" T="undefined" />
	<Point X="360" Y="206" T="undefined" />
	<Point X="351" Y="210" T="undefined" />
	<Point X="335" Y="217" T="undefined" />
	<Point X="312" Y="229" T="undefined" />
	<Point X="281" Y="248" T="undefined" />
	<Point X="247" Y="272" T="undefined" />
	<Point X="218" Y="293" T="undefined" />
	<Point X="200" Y="310" T="undefined" />
	<Point X="190" Y="322" T="undefined" />
	<Point X="188" Y="326" T="undefined" />
	<Point X="188" Y="327" T="undefined" />
	<Point X="187" Y="327" T="undefined" />
	<Point X="187" Y="328" T="undefined" />
	<Point X="187" Y="329" T="undefined" />
</Gesture>