<?xml version="1.0" encoding="utf-8" standalone="yes"?>
<Gesture Name="X8" NumPts="39">
	<Point X="171" Y="235" T="undefined" />
	<Point X="173" Y="236" T="undefined" />
	<Point X="179" Y="241" T="undefined" />
	<Point X="188" Y="246" T="undefined" />
	<Point X="196" Y="251" T="undefined" />
	<Point X="207" Y="264" T="undefined" />
	<Point X="220" Y="276" T="undefined" />
	<Point X="232" Y="288" T="undefined" />
	<Point X="245" Y="300" T="undefined" />
	<Point X="255" Y="308" T="undefined" />
	<Point X="264" Y="315" T="undefined" />
	<Point X="271" Y="321" T="undefined" />
	<Point X="276" Y="324" T="undefined" />
	<Point X="277" Y="324" T="undefined" />
	<Point X="279" Y="324" T="undefined" />
	<Point X="282" Y="321" T="undefined" />
	<Point X="287" Y="314" T="undefined" />
	<Point X="293" Y="303" T="undefined" />
	<Point X="302" Y="287" T="undefined" />
	<Point X="311" Y="270" T="undefined" />
	<Point X="317" Y="255" T="undefined" />
	<Point X="322" Y="242" T="undefined" />
	<Point X="323" Y="235" T="undefined" />
	<Point X="324" Y="233" T="undefined" />
	<Point X="324" Y="232" T="undefined" />
	<Point X="324" Y="231" T="undefined" />
	<Point X="323" Y="231" T="undefined" />
	<Point X="322" Y="231" T="undefined" />
	<Point X="319" Y="231" T="undefined" />
	<Point X="307" Y="231" T="undefined" />
	<Point X="290" Y="234" T="undefined" />
	<Point X="269" Y="240" T="undefined" />
	<Point X="239" Y="249" T="undefined" />
	<Point X="213" Y="262" T="undefined" />
	<Point X="185" Y="279" T="undefined" />
	<Point X="164" Y="295" T="undefined" />
	<Point X="156" Y="304" T="undefined" />
	<Point X="153" Y="309" T="undefined" />
	<Point X="153" Y="310" T="undefined" />
</Gesture>