<?xml version="1.0" encoding="utf-8" standalone="yes"?>
<Gesture Name="X9" NumPts="48">
	<Point X="72" Y="253" T="undefined" />
	<Point X="72" Y="254" T="undefined" />
	<Point X="74" Y="255" T="undefined" />
	<Point X="76" Y="256" T="undefined" />
	<Point X="82" Y="263" T="undefined" />
	<Point X="95" Y="276" T="undefined" />
	<Point X="113" Y="294" T="undefined" />
	<Point X="129" Y="309" T="undefined" />
	<Point X="143" Y="321" T="undefined" />
	<Point X="150" Y="326" T="undefined" />
	<Point X="151" Y="326" T="undefined" />
	<Point X="151" Y="327" T="undefined" />
	<Point X="152" Y="327" T="undefined" />
	<Point X="154" Y="328" T="undefined" />
	<Point X="159" Y="329" T="undefined" />
	<Point X="168" Y="329" T="undefined" />
	<Point X="174" Y="326" T="undefined" />
	<Point X="182" Y="319" T="undefined" />
	<Point X="190" Y="309" T="undefined" />
	<Point X="200" Y="292" T="undefined" />
	<Point X="208" Y="273" T="undefined" />
	<Point X="213" Y="256" T="undefined" />
	<Point X="214" Y="245" T="undefined" />
	<Point X="214" Y="240" T="undefined" />
	<Point X="214" Y="239" T="undefined" />
	<Point X="213" Y="239" T="undefined" />
	<Point X="212" Y="239" T="undefined" />
	<Point X="210" Y="238" T="undefined" />
	<Point X="206" Y="237" T="undefined" />
	<Point X="202" Y="236" T="undefined" />
	<Point X="195" Y="236" T="undefined" />
	<Point X="182" Y="241" T="undefined" />
	<Point X="170" Y="248" T="undefined" />
	<Point X="157" Y="258" T="undefined" />
	<Point X="136" Y="268" T="undefined" />
	<Point X="109" Y="281" T="undefined" />
	<Point X="88" Y="292" T="undefined" />
	<Point X="73" Y="304" T="undefined" />
	<Point X="64" Y="312" T="undefined" />
	<Point X="60" Y="316" T="undefined" />
	<Point X="59" Y="318" T="undefined" />
	<Point X="58" Y="319" T="undefined" />
	<Point X="57" Y="322" T="undefined" />
	<Point X="56" Y="327" T="undefined" />
	<Point X="54" Y="333" T="undefined" />
	<Point X="54" Y="337" T="undefined" />
	<Point X="54" Y="338" T="undefined" />
	<Point X="55" Y="338" T="undefined" />
</Gesture>