<?xml version="1.0" encoding="utf-8" standalone="yes"?>
<Gesture Name="Zigzag7" NumPts="61">
	<Point X="181" Y="160" T="undefined" />
	<Point X="181" Y="160" T="undefined" />
	<Point X="183" Y="160" T="undefined" />
	<Point X="187" Y="160" T="undefined" />
	<Point X="195" Y="161" T="undefined" />
	<Point X="209" Y="164" T="undefined" />
	<Point X="223" Y="168" T="undefined" />
	<Point X="238" Y="169" T="undefined" />
	<Point X="250" Y="170" T="undefined" />
	<Point X="258" Y="171" T="undefined" />
	<Point X="259" Y="171" T="undefined" />
	<Point X="259" Y="172" T="undefined" />
	<Point X="259" Y="173" T="undefined" />
	<Point X="259" Y="173" T="undefined" />
	<Point X="255" Y="177" T="undefined" />
	<Point X="247" Y="185" T="undefined" />
	<Point X="236" Y="194" T="undefined" />
	<Point X="220" Y="203" T="undefined" />
	<Point X="201" Y="212" T="undefined" />
	<Point X="187" Y="218" T="undefined" />
	<Point X="184" Y="219" T="undefined" />
	<Point X="185" Y="222" T="undefined" />
	<Point X="188" Y="226" T="undefined" />
	<Point X="194" Y="232" T="undefined" />
	<Point X="201" Y="236" T="undefined" />
	<Point X="207" Y="241" T="undefined" />
	<Point X="218" Y="247" T="undefined" />
	<Point X="231" Y="254" T="undefined" />
	<Point X="242" Y="258" T="undefined" />
	<Point X="249" Y="262" T="undefined" />
	<Point X="252" Y="264" T="undefined" />
	<Point X="252" Y="265" T="undefined" />
	<Point X="248" Y="266" T="undefined" />
	<Point X="238" Y="268" T="undefined" />
	<Point X="225" Y="270" T="undefined" />
	<Point X="209" Y="273" T="undefined" />
	<Point X="193" Y="277" T="undefined" />
	<Point X="184" Y="281" T="undefined" />
	<Point X="184" Y="282" T="undefined" />
	<Point X="184" Y="283" T="undefined" />
	<Point X="184" Y="284" T="undefined" />
	<Point X="185" Y="285" T="undefined" />
	<Point X="190" Y="287" T="undefined" />
	<Point X="202" Y="295" T="undefined" />
	<Point X="218" Y="305" T="undefined" />
	<Point X="231" Y="313" T="undefined" />
	<Point X="240" Y="317" T="undefined" />
	<Point X="246" Y="319" T="undefined" />
	<Point X="252" Y="321" T="undefined" />
	<Point X="259" Y="324" T="undefined" />
	<Point X="260" Y="324" T="undefined" />
	<Point X="260" Y="327" T="undefined" />
	<Point X="260" Y="330" T="undefined" />
	<Point X="258" Y="334" T="undefined" />
	<Point X="256" Y="336" T="undefined" />
	<Point X="255" Y="339" T="undefined" />
	<Point X="250" Y="345" T="undefined" />
	<Point X="246" Y="352" T="undefined" />
	<Point X="241" Y="362" T="undefined" />
	<Point X="236" Y="370" T="undefined" />
	<Point X="234" Y="374" T="undefined" />
</Gesture>