<?xml version="1.0" encoding="utf-8" standalone="yes"?>
<Gesture Name="Zigzag9" NumPts="71">
	<Point X="193" Y="122" T="undefined" />
	<Point X="193" Y="122" T="undefined" />
	<Point X="197" Y="122" T="undefined" />
	<Point X="204" Y="122" T="undefined" />
	<Point X="210" Y="122" T="undefined" />
	<Point X="214" Y="122" T="undefined" />
	<Point X="220" Y="122" T="undefined" />
	<Point X="222" Y="122" T="undefined" />
	<Point X="223" Y="122" T="undefined" />
	<Point X="223" Y="124" T="undefined" />
	<Point X="223" Y="127" T="undefined" />
	<Point X="223" Y="131" T="undefined" />
	<Point X="223" Y="133" T="undefined" />
	<Point X="223" Y="134" T="undefined" />
	<Point X="222" Y="134" T="undefined" />
	<Point X="222" Y="135" T="undefined" />
	<Point X="219" Y="139" T="undefined" />
	<Point X="211" Y="146" T="undefined" />
	<Point X="203" Y="151" T="undefined" />
	<Point X="192" Y="160" T="undefined" />
	<Point X="184" Y="167" T="undefined" />
	<Point X="180" Y="171" T="undefined" />
	<Point X="180" Y="172" T="undefined" />
	<Point X="180" Y="173" T="undefined" />
	<Point X="180" Y="176" T="undefined" />
	<Point X="187" Y="184" T="undefined" />
	<Point X="202" Y="194" T="undefined" />
	<Point X="215" Y="201" T="undefined" />
	<Point X="226" Y="208" T="undefined" />
	<Point X="232" Y="211" T="undefined" />
	<Point X="238" Y="213" T="undefined" />
	<Point X="241" Y="213" T="undefined" />
	<Point X="242" Y="213" T="undefined" />
	<Point X="243" Y="214" T="undefined" />
	<Point X="242" Y="214" T="undefined" />
	<Point X="241" Y="215" T="undefined" />
	<Point X="236" Y="217" T="undefined" />
	<Point X="228" Y="220" T="undefined" />
	<Point X="220" Y="223" T="undefined" />
	<Point X="212" Y="227" T="undefined" />
	<Point X="203" Y="231" T="undefined" />
	<Point X="198" Y="235" T="undefined" />
	<Point X="193" Y="239" T="undefined" />
	<Point X="191" Y="242" T="undefined" />
	<Point X="190" Y="244" T="undefined" />
	<Point X="191" Y="244" T="undefined" />
	<Point X="194" Y="246" T="undefined" />
	<Point X="201" Y="248" T="undefined" />
	<Point X="211" Y="254" T="undefined" />
	<Point X="224" Y="263" T="undefined" />
	<Point X="236" Y="270" T="undefined" />
	<Point X="242" Y="274" T="undefined" />
	<Point X="244" Y="276" T="undefined" />
	<Point X="245" Y="277" T="undefined" />
	<Point X="245" Y="278" T="undefined" />
	<Point X="245" Y="279" T="undefined" />
	<Point X="243" Y="281" T="undefined" />
	<Point X="240" Y="284" T="undefined" />
	<Point X="236" Y="288" T="undefined" />
	<Point X="231" Y="294" T="undefined" />
	<Point X="227" Y="299" T="undefined" />
	<Point X="227" Y="301" T="undefined" />
	<Point X="226" Y="304" T="undefined" />
	<Point X="226" Y="309" T="undefined" />
	<Point X="226" Y="311" T="undefined" />
	<Point X="226" Y="312" T="undefined" />
	<Point X="226" Y="315" T="undefined" />
	<Point X="226" Y="316" T="undefined" />
	<Point X="226" Y="317" T="undefined" />
	<Point X="226" Y="318" T="undefined" />
	<Point X="226" Y="319" T="undefined" />
</Gesture>