<?xml version="1.0" encoding="utf-8" standalone="yes"?>
<Gesture Name="Zigzag6" NumPts="68">
	<Point X="179" Y="109" T="undefined" />
	<Point X="179" Y="109" T="undefined" />
	<Point X="181" Y="109" T="undefined" />
	<Point X="192" Y="108" T="undefined" />
	<Point X="205" Y="108" T="undefined" />
	<Point X="221" Y="108" T="undefined" />
	<Point X="236" Y="108" T="undefined" />
	<Point X="245" Y="109" T="undefined" />
	<Point X="255" Y="109" T="undefined" />
	<Point X="268" Y="108" T="undefined" />
	<Point X="277" Y="108" T="undefined" />
	<Point X="279" Y="108" T="undefined" />
	<Point X="280" Y="108" T="undefined" />
	<Point X="280" Y="108" T="undefined" />
	<Point X="279" Y="108" T="undefined" />
	<Point X="278" Y="108" T="undefined" />
	<Point X="271" Y="111" T="undefined" />
	<Point X="261" Y="117" T="undefined" />
	<Point X="249" Y="124" T="undefined" />
	<Point X="231" Y="137" T="undefined" />
	<Point X="205" Y="156" T="undefined" />
	<Point X="180" Y="173" T="undefined" />
	<Point X="159" Y="187" T="undefined" />
	<Point X="150" Y="193" T="undefined" />
	<Point X="149" Y="194" T="undefined" />
	<Point X="150" Y="194" T="undefined" />
	<Point X="151" Y="194" T="undefined" />
	<Point X="162" Y="194" T="undefined" />
	<Point X="175" Y="194" T="undefined" />
	<Point X="191" Y="194" T="undefined" />
	<Point X="209" Y="194" T="undefined" />
	<Point X="224" Y="194" T="undefined" />
	<Point X="238" Y="192" T="undefined" />
	<Point X="250" Y="191" T="undefined" />
	<Point X="261" Y="190" T="undefined" />
	<Point X="269" Y="188" T="undefined" />
	<Point X="278" Y="188" T="undefined" />
	<Point X="285" Y="188" T="undefined" />
	<Point X="286" Y="188" T="undefined" />
	<Point X="285" Y="188" T="undefined" />
	<Point X="284" Y="189" T="undefined" />
	<Point X="276" Y="193" T="undefined" />
	<Point X="260" Y="202" T="undefined" />
	<Point X="236" Y="215" T="undefined" />
	<Point X="212" Y="226" T="undefined" />
	<Point X="193" Y="238" T="undefined" />
	<Point X="185" Y="244" T="undefined" />
	<Point X="183" Y="246" T="undefined" />
	<Point X="183" Y="247" T="undefined" />
	<Point X="192" Y="250" T="undefined" />
	<Point X="215" Y="254" T="undefined" />
	<Point X="220" Y="255" T="undefined" />
	<Point X="244" Y="259" T="undefined" />
	<Point X="267" Y="261" T="undefined" />
	<Point X="288" Y="263" T="undefined" />
	<Point X="300" Y="263" T="undefined" />
	<Point X="306" Y="264" T="undefined" />
	<Point X="309" Y="265" T="undefined" />
	<Point X="311" Y="266" T="undefined" />
	<Point X="312" Y="266" T="undefined" />
	<Point X="311" Y="267" T="undefined" />
	<Point X="310" Y="268" T="undefined" />
	<Point X="301" Y="274" T="undefined" />
	<Point X="281" Y="283" T="undefined" />
	<Point X="257" Y="296" T="undefined" />
	<Point X="237" Y="310" T="undefined" />
	<Point X="222" Y="325" T="undefined" />
	<Point X="216" Y="333" T="undefined" />
</Gesture>