<?xml version="1.0" encoding="utf-8" standalone="yes"?>
<Gesture Name="Zigzag4" NumPts="57">
	<Point X="162" Y="209" T="undefined" />
	<Point X="162" Y="209" T="undefined" />
	<Point X="162" Y="208" T="undefined" />
	<Point X="168" Y="208" T="undefined" />
	<Point X="185" Y="208" T="undefined" />
	<Point X="209" Y="208" T="undefined" />
	<Point X="230" Y="207" T="undefined" />
	<Point X="245" Y="206" T="undefined" />
	<Point X="253" Y="205" T="undefined" />
	<Point X="255" Y="205" T="undefined" />
	<Point X="255" Y="204" T="undefined" />
	<Point X="255" Y="204" T="undefined" />
	<Point X="254" Y="204" T="undefined" />
	<Point X="251" Y="206" T="undefined" />
	<Point X="240" Y="211" T="undefined" />
	<Point X="228" Y="217" T="undefined" />
	<Point X="214" Y="225" T="undefined" />
	<Point X="197" Y="235" T="undefined" />
	<Point X="185" Y="243" T="undefined" />
	<Point X="175" Y="250" T="undefined" />
	<Point X="168" Y="255" T="undefined" />
	<Point X="167" Y="256" T="undefined" />
	<Point X="167" Y="257" T="undefined" />
	<Point X="168" Y="257" T="undefined" />
	<Point X="169" Y="257" T="undefined" />
	<Point X="181" Y="259" T="undefined" />
	<Point X="201" Y="262" T="undefined" />
	<Point X="224" Y="267" T="undefined" />
	<Point X="242" Y="270" T="undefined" />
	<Point X="254" Y="273" T="undefined" />
	<Point X="261" Y="274" T="undefined" />
	<Point X="264" Y="275" T="undefined" />
	<Point X="264" Y="276" T="undefined" />
	<Point X="263" Y="276" T="undefined" />
	<Point X="260" Y="278" T="undefined" />
	<Point X="252" Y="280" T="undefined" />
	<Point X="238" Y="283" T="undefined" />
	<Point X="221" Y="288" T="undefined" />
	<Point X="203" Y="296" T="undefined" />
	<Point X="193" Y="301" T="undefined" />
	<Point X="189" Y="305" T="undefined" />
	<Point X="188" Y="307" T="undefined" />
	<Point X="189" Y="308" T="undefined" />
	<Point X="194" Y="311" T="undefined" />
	<Point X="205" Y="314" T="undefined" />
	<Point X="220" Y="317" T="undefined" />
	<Point X="236" Y="321" T="undefined" />
	<Point X="263" Y="328" T="undefined" />
	<Point X="290" Y="332" T="undefined" />
	<Point X="307" Y="333" T="undefined" />
	<Point X="309" Y="333" T="undefined" />
	<Point X="308" Y="334" T="undefined" />
	<Point X="307" Y="335" T="undefined" />
	<Point X="291" Y="343" T="undefined" />
	<Point X="266" Y="353" T="undefined" />
	<Point X="242" Y="363" T="undefined" />
	<Point X="230" Y="372" T="undefined" />
</Gesture>