<?xml version="1.0" encoding="utf-8" standalone="yes"?>
<Gesture Name="Zigzag3" NumPts="58">
	<Point X="222" Y="143" T="undefined" />
	<Point X="222" Y="143" T="undefined" />
	<Point X="223" Y="143" T="undefined" />
	<Point X="224" Y="142" T="undefined" />
	<Point X="233" Y="140" T="undefined" />
	<Point X="248" Y="138" T="undefined" />
	<Point X="285" Y="127" T="undefined" />
	<Point X="309" Y="120" T="undefined" />
	<Point X="333" Y="112" T="undefined" />
	<Point X="336" Y="111" T="undefined" />
	<Point X="336" Y="113" T="undefined" />
	<Point X="332" Y="119" T="undefined" />
	<Point X="326" Y="125" T="undefined" />
	<Point X="316" Y="134" T="undefined" />
	<Point X="296" Y="146" T="undefined" />
	<Point X="267" Y="166" T="undefined" />
	<Point X="231" Y="192" T="undefined" />
	<Point X="199" Y="217" T="undefined" />
	<Point X="186" Y="231" T="undefined" />
	<Point X="184" Y="234" T="undefined" />
	<Point X="185" Y="234" T="undefined" />
	<Point X="189" Y="234" T="undefined" />
	<Point X="198" Y="234" T="undefined" />
	<Point X="210" Y="234" T="undefined" />
	<Point X="226" Y="235" T="undefined" />
	<Point X="250" Y="237" T="undefined" />
	<Point X="277" Y="239" T="undefined" />
	<Point X="299" Y="239" T="undefined" />
	<Point X="316" Y="238" T="undefined" />
	<Point X="319" Y="238" T="undefined" />
	<Point X="320" Y="238" T="undefined" />
	<Point X="319" Y="238" T="undefined" />
	<Point X="316" Y="241" T="undefined" />
	<Point X="306" Y="247" T="undefined" />
	<Point X="284" Y="258" T="undefined" />
	<Point X="258" Y="269" T="undefined" />
	<Point X="231" Y="283" T="undefined" />
	<Point X="211" Y="295" T="undefined" />
	<Point X="201" Y="304" T="undefined" />
	<Point X="200" Y="309" T="undefined" />
	<Point X="200" Y="310" T="undefined" />
	<Point X="201" Y="310" T="undefined" />
	<Point X="204" Y="311" T="undefined" />
	<Point X="214" Y="313" T="undefined" />
	<Point X="230" Y="317" T="undefined" />
	<Point X="249" Y="320" T="undefined" />
	<Point X="273" Y="323" T="undefined" />
	<Point X="295" Y="323" T="undefined" />
	<Point X="317" Y="325" T="undefined" />
	<Point X="334" Y="326" T="undefined" />
	<Point X="337" Y="326" T="undefined" />
	<Point X="336" Y="326" T="undefined" />
	<Point X="333" Y="328" T="undefined" />
	<Point X="323" Y="338" T="undefined" />
	<Point X="303" Y="356" T="undefined" />
	<Point X="272" Y="378" T="undefined" />
	<Point X="240" Y="403" T="undefined" />
	<Point X="221" Y="421" T="undefined" />
</Gesture>