<?xml version="1.0" encoding="utf-8" standalone="yes"?>
<Gesture Name="Zigzag0" NumPts="89">
	<Point X="227" Y="154" T="undefined" />
	<Point X="228" Y="154" T="undefined" />
	<Point X="233" Y="155" T="undefined" />
	<Point X="245" Y="160" T="undefined" />
	<Point X="259" Y="166" T="undefined" />
	<Point X="273" Y="174" T="undefined" />
	<Point X="284" Y="182" T="undefined" />
	<Point X="294" Y="190" T="undefined" />
	<Point X="307" Y="202" T="undefined" />
	<Point X="317" Y="211" T="undefined" />
	<Point X="325" Y="219" T="undefined" />
	<Point X="327" Y="222" T="undefined" />
	<Point X="326" Y="223" T="undefined" />
	<Point X="324" Y="223" T="undefined" />
	<Point X="317" Y="226" T="undefined" />
	<Point X="307" Y="230" T="undefined" />
	<Point X="295" Y="234" T="undefined" />
	<Point X="285" Y="237" T="undefined" />
	<Point X="271" Y="241" T="undefined" />
	<Point X="255" Y="245" T="undefined" />
	<Point X="243" Y="249" T="undefined" />
	<Point X="236" Y="253" T="undefined" />
	<Point X="235" Y="254" T="undefined" />
	<Point X="234" Y="255" T="undefined" />
	<Point X="234" Y="256" T="undefined" />
	<Point X="233" Y="256" T="undefined" />
	<Point X="233" Y="257" T="undefined" />
	<Point X="236" Y="259" T="undefined" />
	<Point X="243" Y="262" T="undefined" />
	<Point X="251" Y="266" T="undefined" />
	<Point X="259" Y="269" T="undefined" />
	<Point X="271" Y="274" T="undefined" />
	<Point X="283" Y="278" T="undefined" />
	<Point X="295" Y="283" T="undefined" />
	<Point X="299" Y="285" T="undefined" />
	<Point X="300" Y="286" T="undefined" />
	<Point X="301" Y="286" T="undefined" />
	<Point X="302" Y="286" T="undefined" />
	<Point X="306" Y="287" T="undefined" />
	<Point X="312" Y="290" T="undefined" />
	<Point X="317" Y="293" T="undefined" />
	<Point X="320" Y="294" T="undefined" />
	<Point X="323" Y="297" T="undefined" />
	<Point X="327" Y="300" T="undefined" />
	<Point X="328" Y="301" T="undefined" />
	<Point X="328" Y="302" T="undefined" />
	<Point X="328" Y="303" T="undefined" />
	<Point X="325" Y="305" T="undefined" />
	<Point X="318" Y="308" T="undefined" />
	<Point X="312" Y="311" T="undefined" />
	<Point X="305" Y="314" T="undefined" />
	<Point X="293" Y="321" T="undefined" />
	<Point X="279" Y="329" T="undefined" />
	<Point X="263" Y="341" T="undefined" />
	<Point X="253" Y="351" T="undefined" />
	<Point X="247" Y="359" T="undefined" />
	<Point X="244" Y="365" T="undefined" />
	<Point X="242" Y="367" T="undefined" />
	<Point X="242" Y="368" T="undefined" />
	<Point X="241" Y="368" T="undefined" />
	<Point X="242" Y="368" T="undefined" />
	<Point X="243" Y="368" T="undefined" />
	<Point X="249" Y="369" T="undefined" />
	<Point X="258" Y="372" T="undefined" />
	<Point X="265" Y="376" T="undefined" />
	<Point X="273" Y="379" T="undefined" />
	<Point X="279" Y="382" T="undefined" />
	<Point X="284" Y="384" T="undefined" />
	<Point X="288" Y="385" T="undefined" />
	<Point X="294" Y="387" T="undefined" />
	<Point X="300" Y="389" T="undefined" />
	<Point X="305" Y="390" T="undefined" />
	<Point X="307" Y="392" T="undefined" />
	<Point X="309" Y="393" T="undefined" />
	<Point X="310" Y="394" T="undefined" />
	<Point X="311" Y="394" T="undefined" />
	<Point X="311" Y="395" T="undefined" />
	<Point X="312" Y="395" T="undefined" />
	<Point X="312" Y="396" T="undefined" />
	<Point X="313" Y="396" T="undefined" />
	<Point X="314" Y="396" T="undefined" />
	<Point X="315" Y="396" T="undefined" />
	<Point X="316" Y="396" T="undefined" />
	<Point X="319" Y="396" T="undefined" />
	<Point X="322" Y="397" T="undefined" />
	<Point X="325" Y="397" T="undefined" />
	<Point X="328" Y="398" T="undefined" />
	<Point X="329" Y="398" T="undefined" />
	<Point X="330" Y="398" T="undefined" />
</Gesture>