<?xml version="1.0" encoding="utf-8" standalone="yes"?>
<Gesture Name="Zigzag1" NumPts="76">
	<Point X="153" Y="145" T="undefined" />
	<Point X="153" Y="145" T="undefined" />
	<Point X="153" Y="145" T="undefined" />
	<Point X="156" Y="145" T="undefined" />
	<Point X="164" Y="145" T="undefined" />
	<Point X="172" Y="145" T="undefined" />
	<Point X="186" Y="145" T="undefined" />
	<Point X="201" Y="146" T="undefined" />
	<Point X="219" Y="149" T="undefined" />
	<Point X="236" Y="153" T="undefined" />
	<Point X="247" Y="156" T="undefined" />
	<Point X="250" Y="157" T="undefined" />
	<Point X="250" Y="157" T="undefined" />
	<Point X="250" Y="158" T="undefined" />
	<Point X="248" Y="160" T="undefined" />
	<Point X="237" Y="165" T="undefined" />
	<Point X="220" Y="171" T="undefined" />
	<Point X="199" Y="178" T="undefined" />
	<Point X="177" Y="186" T="undefined" />
	<Point X="155" Y="196" T="undefined" />
	<Point X="132" Y="205" T="undefined" />
	<Point X="119" Y="213" T="undefined" />
	<Point X="115" Y="215" T="undefined" />
	<Point X="116" Y="216" T="undefined" />
	<Point X="118" Y="216" T="undefined" />
	<Point X="131" Y="217" T="undefined" />
	<Point X="148" Y="219" T="undefined" />
	<Point X="164" Y="220" T="undefined" />
	<Point X="177" Y="221" T="undefined" />
	<Point X="190" Y="222" T="undefined" />
	<Point X="206" Y="222" T="undefined" />
	<Point X="219" Y="223" T="undefined" />
	<Point X="229" Y="224" T="undefined" />
	<Point X="236" Y="224" T="undefined" />
	<Point X="241" Y="225" T="undefined" />
	<Point X="247" Y="226" T="undefined" />
	<Point X="254" Y="227" T="undefined" />
	<Point X="257" Y="228" T="undefined" />
	<Point X="258" Y="228" T="undefined" />
	<Point X="258" Y="229" T="undefined" />
	<Point X="255" Y="231" T="undefined" />
	<Point X="244" Y="237" T="undefined" />
	<Point X="225" Y="245" T="undefined" />
	<Point X="202" Y="255" T="undefined" />
	<Point X="180" Y="266" T="undefined" />
	<Point X="157" Y="276" T="undefined" />
	<Point X="140" Y="283" T="undefined" />
	<Point X="130" Y="287" T="undefined" />
	<Point X="128" Y="289" T="undefined" />
	<Point X="127" Y="289" T="undefined" />
	<Point X="127" Y="290" T="undefined" />
	<Point X="127" Y="291" T="undefined" />
	<Point X="128" Y="291" T="undefined" />
	<Point X="133" Y="291" T="undefined" />
	<Point X="144" Y="294" T="undefined" />
	<Point X="163" Y="297" T="undefined" />
	<Point X="185" Y="300" T="undefined" />
	<Point X="204" Y="303" T="undefined" />
	<Point X="218" Y="304" T="undefined" />
	<Point X="228" Y="304" T="undefined" />
	<Point X="234" Y="304" T="undefined" />
	<Point X="239" Y="304" T="undefined" />
	<Point X="245" Y="305" T="undefined" />
	<Point X="252" Y="306" T="undefined" />
	<Point X="259" Y="306" T="undefined" />
	<Point X="265" Y="307" T="undefined" />
	<Point X="265" Y="308" T="undefined" />
	<Point X="265" Y="309" T="undefined" />
	<Point X="264" Y="310" T="undefined" />
	<Point X="260" Y="315" T="undefined" />
	<Point X="250" Y="327" T="undefined" />
	<Point X="235" Y="342" T="undefined" />
	<Point X="218" Y="358" T="undefined" />
	<Point X="201" Y="373" T="undefined" />
	<Point X="193" Y="383" T="undefined" />
	<Point X="189" Y="386" T="undefined" />
</Gesture>