<?xml version="1.0" encoding="utf-8" standalone="yes"?>
<Gesture Name="Zigzag8" NumPts="71">
	<Point X="172" Y="138" T="undefined" />
	<Point X="173" Y="138" T="undefined" />
	<Point X="175" Y="138" T="undefined" />
	<Point X="184" Y="139" T="undefined" />
	<Point X="200" Y="142" T="undefined" />
	<Point X="219" Y="145" T="undefined" />
	<Point X="235" Y="147" T="undefined" />
	<Point X="244" Y="148" T="undefined" />
	<Point X="245" Y="148" T="undefined" />
	<Point X="245" Y="149" T="undefined" />
	<Point X="245" Y="150" T="undefined" />
	<Point X="240" Y="152" T="undefined" />
	<Point X="231" Y="158" T="undefined" />
	<Point X="218" Y="166" T="undefined" />
	<Point X="204" Y="176" T="undefined" />
	<Point X="189" Y="188" T="undefined" />
	<Point X="177" Y="197" T="undefined" />
	<Point X="172" Y="202" T="undefined" />
	<Point X="170" Y="204" T="undefined" />
	<Point X="169" Y="206" T="undefined" />
	<Point X="169" Y="207" T="undefined" />
	<Point X="168" Y="207" T="undefined" />
	<Point X="168" Y="208" T="undefined" />
	<Point X="170" Y="211" T="undefined" />
	<Point X="173" Y="217" T="undefined" />
	<Point X="180" Y="223" T="undefined" />
	<Point X="188" Y="227" T="undefined" />
	<Point X="198" Y="232" T="undefined" />
	<Point X="209" Y="237" T="undefined" />
	<Point X="218" Y="240" T="undefined" />
	<Point X="223" Y="242" T="undefined" />
	<Point X="226" Y="243" T="undefined" />
	<Point X="227" Y="243" T="undefined" />
	<Point X="227" Y="244" T="undefined" />
	<Point X="226" Y="245" T="undefined" />
	<Point X="223" Y="246" T="undefined" />
	<Point X="220" Y="248" T="undefined" />
	<Point X="212" Y="252" T="undefined" />
	<Point X="202" Y="256" T="undefined" />
	<Point X="193" Y="260" T="undefined" />
	<Point X="186" Y="264" T="undefined" />
	<Point X="183" Y="265" T="undefined" />
	<Point X="183" Y="266" T="undefined" />
	<Point X="183" Y="267" T="undefined" />
	<Point X="183" Y="268" T="undefined" />
	<Point X="185" Y="271" T="undefined" />
	<Point X="191" Y="276" T="undefined" />
	<Point X="198" Y="280" T="undefined" />
	<Point X="204" Y="284" T="undefined" />
	<Point X="212" Y="288" T="undefined" />
	<Point X="216" Y="290" T="undefined" />
	<Point X="219" Y="290" T="undefined" />
	<Point X="222" Y="292" T="undefined" />
	<Point X="225" Y="293" T="undefined" />
	<Point X="228" Y="294" T="undefined" />
	<Point X="229" Y="295" T="undefined" />
	<Point X="229" Y="296" T="undefined" />
	<Point X="228" Y="296" T="undefined" />
	<Point X="225" Y="298" T="undefined" />
	<Point X="219" Y="300" T="undefined" />
	<Point X="213" Y="304" T="undefined" />
	<Point X="208" Y="306" T="undefined" />
	<Point X="206" Y="308" T="undefined" />
	<Point X="203" Y="310" T="undefined" />
	<Point X="199" Y="314" T="undefined" />
	<Point X="194" Y="318" T="undefined" />
	<Point X="188" Y="321" T="undefined" />
	<Point X="185" Y="323" T="undefined" />
	<Point X="181" Y="326" T="undefined" />
	<Point X="179" Y="329" T="undefined" />
	<Point X="177" Y="331" T="undefined" />
</Gesture>