<?xml version="1.0" encoding="utf-8" standalone="yes"?>
<Gesture Name="Zigzag5" NumPts="76">
	<Point X="202" Y="114" T="undefined" />
	<Point X="202" Y="114" T="undefined" />
	<Point X="203" Y="114" T="undefined" />
	<Point X="204" Y="114" T="undefined" />
	<Point X="205" Y="115" T="undefined" />
	<Point X="211" Y="116" T="undefined" />
	<Point X="221" Y="118" T="undefined" />
	<Point X="226" Y="119" T="undefined" />
	<Point X="235" Y="122" T="undefined" />
	<Point X="239" Y="124" T="undefined" />
	<Point X="243" Y="126" T="undefined" />
	<Point X="249" Y="130" T="undefined" />
	<Point X="252" Y="133" T="undefined" />
	<Point X="253" Y="135" T="undefined" />
	<Point X="254" Y="137" T="undefined" />
	<Point X="254" Y="139" T="undefined" />
	<Point X="249" Y="145" T="undefined" />
	<Point X="238" Y="157" T="undefined" />
	<Point X="225" Y="171" T="undefined" />
	<Point X="212" Y="184" T="undefined" />
	<Point X="197" Y="198" T="undefined" />
	<Point X="192" Y="204" T="undefined" />
	<Point X="192" Y="205" T="undefined" />
	<Point X="193" Y="206" T="undefined" />
	<Point X="200" Y="210" T="undefined" />
	<Point X="209" Y="214" T="undefined" />
	<Point X="221" Y="218" T="undefined" />
	<Point X="238" Y="223" T="undefined" />
	<Point X="251" Y="229" T="undefined" />
	<Point X="263" Y="235" T="undefined" />
	<Point X="269" Y="237" T="undefined" />
	<Point X="269" Y="238" T="undefined" />
	<Point X="270" Y="238" T="undefined" />
	<Point X="270" Y="239" T="undefined" />
	<Point X="269" Y="239" T="undefined" />
	<Point X="267" Y="239" T="undefined" />
	<Point X="260" Y="242" T="undefined" />
	<Point X="252" Y="245" T="undefined" />
	<Point X="245" Y="248" T="undefined" />
	<Point X="238" Y="253" T="undefined" />
	<Point X="235" Y="255" T="undefined" />
	<Point X="232" Y="259" T="undefined" />
	<Point X="228" Y="263" T="undefined" />
	<Point X="223" Y="266" T="undefined" />
	<Point X="222" Y="268" T="undefined" />
	<Point X="222" Y="269" T="undefined" />
	<Point X="222" Y="270" T="undefined" />
	<Point X="223" Y="270" T="undefined" />
	<Point X="224" Y="272" T="undefined" />
	<Point X="227" Y="274" T="undefined" />
	<Point X="231" Y="276" T="undefined" />
	<Point X="239" Y="280" T="undefined" />
	<Point X="255" Y="286" T="undefined" />
	<Point X="270" Y="289" T="undefined" />
	<Point X="282" Y="294" T="undefined" />
	<Point X="290" Y="296" T="undefined" />
	<Point X="294" Y="297" T="undefined" />
	<Point X="299" Y="298" T="undefined" />
	<Point X="302" Y="298" T="undefined" />
	<Point X="303" Y="299" T="undefined" />
	<Point X="303" Y="300" T="undefined" />
	<Point X="303" Y="301" T="undefined" />
	<Point X="303" Y="305" T="undefined" />
	<Point X="301" Y="308" T="undefined" />
	<Point X="296" Y="314" T="undefined" />
	<Point X="291" Y="321" T="undefined" />
	<Point X="283" Y="330" T="undefined" />
	<Point X="273" Y="340" T="undefined" />
	<Point X="266" Y="347" T="undefined" />
	<Point X="263" Y="351" T="undefined" />
	<Point X="262" Y="354" T="undefined" />
	<Point X="261" Y="355" T="undefined" />
	<Point X="261" Y="356" T="undefined" />
	<Point X="260" Y="356" T="undefined" />
	<Point X="260" Y="357" T="undefined" />
	<Point X="261" Y="357" T="undefined" />
</Gesture>