<?xml version="1.0" encoding="utf-8" standalone="yes"?>
<Gesture Name="X1" NumPts="52">
	<Point X="164" Y="136" T="undefined" />
	<Point X="164" Y="137" T="undefined" />
	<Point X="167" Y="141" T="undefined" />
	<Point X="170" Y="146" T="undefined" />
	<Point X="192" Y="180" T="undefined" />
	<Point X="214" Y="213" T="undefined" />
	<Point X="234" Y="242" T="undefined" />
	<Point X="256" Y="273" T="undefined" />
	<Point X="270" Y="292" T="undefined" />
	<Point X="290" Y="314" T="undefined" />
	<Point X="296" Y="321" T="undefined" />
	<Point X="300" Y="326" T="undefined" />
	<Point X="304" Y="332" T="undefined" />
	<Point X="306" Y="333" T="undefined" />
	<Point X="308" Y="334" T="undefined" />
	<Point X="309" Y="336" T="undefined" />
	<Point X="309" Y="337" T="undefined" />
	<Point X="310" Y="337" T="undefined" />
	<Point X="310" Y="337" T="undefined" />
	<Point X="311" Y="333" T="undefined" />
	<Point X="324" Y="293" T="undefined" />
	<Point X="346" Y="200" T="undefined" />
	<Point X="358" Y="140" T="undefined" />
	<Point X="362" Y="104" T="undefined" />
	<Point X="363" Y="96" T="undefined" />
	<Point X="362" Y="92" T="undefined" />
	<Point X="362" Y="90" T="undefined" />
	<Point X="362" Y="89" T="undefined" />
	<Point X="362" Y="90" T="undefined" />
	<Point X="361" Y="90" T="undefined" />
	<Point X="361" Y="91" T="undefined" />
	<Point X="359" Y="92" T="undefined" />
	<Point X="356" Y="95" T="undefined" />
	<Point X="328" Y="118" T="undefined" />
	<Point X="264" Y="164" T="undefined" />
	<Point X="203" Y="215" T="undefined" />
	<Point X="191" Y="226" T="undefined" />
	<Point X="184" Y="233" T="undefined" />
	<Point X="181" Y="237" T="undefined" />
	<Point X="180" Y="238" T="undefined" />
	<Point X="179" Y="242" T="undefined" />
	<Point X="176" Y="248" T="undefined" />
	<Point X="174" Y="254" T="undefined" />
	<Point X="171" Y="259" T="undefined" />
	<Point X="167" Y="265" T="undefined" />
	<Point X="164" Y="270" T="undefined" />
	<Point X="161" Y="274" T="undefined" />
	<Point X="160" Y="276" T="undefined" />
	<Point X="157" Y="278" T="undefined" />
	<Point X="156" Y="280" T="undefined" />
	<Point X="154" Y="281" T="undefined" />
	<Point X="154" Y="282" T="undefined" />
</Gesture>