<?xml version="1.0" encoding="utf-8" standalone="yes"?>
<Gesture Name="X3" NumPts="45">
	<Point X="167" Y="161" T="undefined" />
	<Point X="168" Y="162" T="undefined" />
	<Point X="170" Y="167" T="undefined" />
	<Point X="174" Y="174" T="undefined" />
	<Point X="184" Y="199" T="undefined" />
	<Point X="198" Y="234" T="undefined" />
	<Point X="214" Y="262" T="undefined" />
	<Point X="235" Y="293" T="undefined" />
	<Point X="260" Y="321" T="undefined" />
	<Point X="273" Y="335" T="undefined" />
	<Point X="283" Y="344" T="undefined" />
	<Point X="290" Y="348" T="undefined" />
	<Point X="294" Y="352" T="undefined" />
	<Point X="296" Y="354" T="undefined" />
	<Point X="298" Y="354" T="undefined" />
	<Point X="300" Y="355" T="undefined" />
	<Point X="300" Y="355" T="undefined" />
	<Point X="301" Y="354" T="undefined" />
	<Point X="303" Y="349" T="undefined" />
	<Point X="306" Y="324" T="undefined" />
	<Point X="326" Y="219" T="undefined" />
	<Point X="336" Y="177" T="undefined" />
	<Point X="352" Y="106" T="undefined" />
	<Point X="358" Y="84" T="undefined" />
	<Point X="360" Y="68" T="undefined" />
	<Point X="360" Y="64" T="undefined" />
	<Point X="360" Y="61" T="undefined" />
	<Point X="360" Y="60" T="undefined" />
	<Point X="360" Y="62" T="undefined" />
	<Point X="359" Y="62" T="undefined" />
	<Point X="358" Y="64" T="undefined" />
	<Point X="351" Y="74" T="undefined" />
	<Point X="303" Y="123" T="undefined" />
	<Point X="273" Y="160" T="undefined" />
	<Point X="189" Y="250" T="undefined" />
	<Point X="157" Y="283" T="undefined" />
	<Point X="145" Y="298" T="undefined" />
	<Point X="141" Y="302" T="undefined" />
	<Point X="140" Y="304" T="undefined" />
	<Point X="140" Y="305" T="undefined" />
	<Point X="140" Y="306" T="undefined" />
	<Point X="140" Y="306" T="undefined" />
	<Point X="140" Y="307" T="undefined" />
	<Point X="140" Y="308" T="undefined" />
	<Point X="140" Y="308" T="undefined" />
</Gesture>