<?xml version="1.0" encoding="utf-8" standalone="yes"?>
<Gesture Name="X4" NumPts="39">
	<Point X="156" Y="134" T="undefined" />
	<Point X="156" Y="134" T="undefined" />
	<Point X="156" Y="135" T="undefined" />
	<Point X="160" Y="139" T="undefined" />
	<Point X="173" Y="157" T="undefined" />
	<Point X="200" Y="202" T="undefined" />
	<Point X="249" Y="293" T="undefined" />
	<Point X="262" Y="324" T="undefined" />
	<Point X="268" Y="340" T="undefined" />
	<Point X="272" Y="347" T="undefined" />
	<Point X="272" Y="350" T="undefined" />
	<Point X="274" Y="352" T="undefined" />
	<Point X="274" Y="353" T="undefined" />
	<Point X="275" Y="354" T="undefined" />
	<Point X="276" Y="354" T="undefined" />
	<Point X="276" Y="354" T="undefined" />
	<Point X="277" Y="354" T="undefined" />
	<Point X="278" Y="354" T="undefined" />
	<Point X="280" Y="350" T="undefined" />
	<Point X="285" Y="336" T="undefined" />
	<Point X="299" Y="282" T="undefined" />
	<Point X="318" Y="202" T="undefined" />
	<Point X="331" Y="141" T="undefined" />
	<Point X="341" Y="104" T="undefined" />
	<Point X="345" Y="84" T="undefined" />
	<Point X="346" Y="78" T="undefined" />
	<Point X="346" Y="77" T="undefined" />
	<Point X="346" Y="78" T="undefined" />
	<Point X="346" Y="80" T="undefined" />
	<Point X="346" Y="81" T="undefined" />
	<Point X="344" Y="82" T="undefined" />
	<Point X="341" Y="87" T="undefined" />
	<Point X="311" Y="118" T="undefined" />
	<Point X="244" Y="187" T="undefined" />
	<Point X="196" Y="237" T="undefined" />
	<Point X="166" Y="266" T="undefined" />
	<Point X="153" Y="279" T="undefined" />
	<Point X="148" Y="283" T="undefined" />
	<Point X="147" Y="284" T="undefined" />
</Gesture>