<?xml version="1.0" encoding="utf-8" standalone="yes"?>
<Gesture Name="X8" NumPts="69">
	<Point X="216" Y="162" T="undefined" />
	<Point X="216" Y="162" T="undefined" />
	<Point X="218" Y="167" T="undefined" />
	<Point X="224" Y="179" T="undefined" />
	<Point X="242" Y="204" T="undefined" />
	<Point X="269" Y="239" T="undefined" />
	<Point X="285" Y="260" T="undefined" />
	<Point X="297" Y="274" T="undefined" />
	<Point X="306" Y="287" T="undefined" />
	<Point X="311" Y="292" T="undefined" />
	<Point X="314" Y="297" T="undefined" />
	<Point X="318" Y="302" T="undefined" />
	<Point X="321" Y="305" T="undefined" />
	<Point X="324" Y="308" T="undefined" />
	<Point X="325" Y="310" T="undefined" />
	<Point X="326" Y="311" T="undefined" />
	<Point X="326" Y="312" T="undefined" />
	<Point X="326" Y="312" T="undefined" />
	<Point X="326" Y="300" T="undefined" />
	<Point X="322" Y="269" T="undefined" />
	<Point X="320" Y="251" T="undefined" />
	<Point X="318" Y="236" T="undefined" />
	<Point X="316" Y="226" T="undefined" />
	<Point X="316" Y="220" T="undefined" />
	<Point X="316" Y="212" T="undefined" />
	<Point X="316" Y="210" T="undefined" />
	<Point X="316" Y="207" T="undefined" />
	<Point X="316" Y="205" T="undefined" />
	<Point X="316" Y="204" T="undefined" />
	<Point X="316" Y="202" T="undefined" />
	<Point X="315" Y="200" T="undefined" />
	<Point X="315" Y="198" T="undefined" />
	<Point X="315" Y="196" T="undefined" />
	<Point X="314" Y="195" T="undefined" />
	<Point X="314" Y="194" T="undefined" />
	<Point X="313" Y="192" T="undefined" />
	<Point X="312" Y="191" T="undefined" />
	<Point X="310" Y="188" T="undefined" />
	<Point X="309" Y="186" T="undefined" />
	<Point X="308" Y="184" T="undefined" />
	<Point X="307" Y="182" T="undefined" />
	<Point X="305" Y="178" T="undefined" />
	<Point X="303" Y="175" T="undefined" />
	<Point X="302" Y="174" T="undefined" />
	<Point X="302" Y="172" T="undefined" />
	<Point X="301" Y="170" T="undefined" />
	<Point X="300" Y="170" T="undefined" />
	<Point X="300" Y="168" T="undefined" />
	<Point X="300" Y="168" T="undefined" />
	<Point X="300" Y="167" T="undefined" />
	<Point X="300" Y="168" T="undefined" />
	<Point X="300" Y="168" T="undefined" />
	<Point X="300" Y="170" T="undefined" />
	<Point X="300" Y="176" T="undefined" />
	<Point X="297" Y="190" T="undefined" />
	<Point X="282" Y="228" T="undefined" />
	<Point X="269" Y="254" T="undefined" />
	<Point X="252" Y="281" T="undefined" />
	<Point X="245" Y="291" T="undefined" />
	<Point X="242" Y="298" T="undefined" />
	<Point X="238" Y="302" T="undefined" />
	<Point X="236" Y="305" T="undefined" />
	<Point X="233" Y="308" T="undefined" />
	<Point X="231" Y="311" T="undefined" />
	<Point X="229" Y="312" T="undefined" />
	<Point X="228" Y="314" T="undefined" />
	<Point X="227" Y="315" T="undefined" />
	<Point X="226" Y="316" T="undefined" />
	<Point X="226" Y="316" T="undefined" />
</Gesture>