<?xml version="1.0" encoding="utf-8" standalone="yes"?>
<Gesture Name="Triangle1" NumPts="55">
	<Point X="185" Y="152" T="undefined" />
	<Point X="182" Y="161" T="undefined" />
	<Point X="175" Y="178" T="undefined" />
	<Point X="166" Y="197" T="undefined" />
	<Point X="136" Y="256" T="undefined" />
	<Point X="120" Y="284" T="undefined" />
	<Point X="110" Y="308" T="undefined" />
	<Point X="102" Y="330" T="undefined" />
	<Point X="99" Y="337" T="undefined" />
	<Point X="97" Y="340" T="undefined" />
	<Point X="96" Y="343" T="undefined" />
	<Point X="96" Y="344" T="undefined" />
	<Point X="95" Y="344" T="undefined" />
	<Point X="98" Y="344" T="undefined" />
	<Point X="108" Y="344" T="undefined" />
	<Point X="164" Y="346" T="undefined" />
	<Point X="216" Y="346" T="undefined" />
	<Point X="248" Y="348" T="undefined" />
	<Point X="286" Y="348" T="undefined" />
	<Point X="304" Y="347" T="undefined" />
	<Point X="318" Y="347" T="undefined" />
	<Point X="335" Y="347" T="undefined" />
	<Point X="341" Y="346" T="undefined" />
	<Point X="347" Y="345" T="undefined" />
	<Point X="349" Y="344" T="undefined" />
	<Point X="350" Y="344" T="undefined" />
	<Point X="351" Y="344" T="undefined" />
	<Point X="352" Y="343" T="undefined" />
	<Point X="352" Y="342" T="undefined" />
	<Point X="347" Y="338" T="undefined" />
	<Point X="336" Y="330" T="undefined" />
	<Point X="321" Y="314" T="undefined" />
	<Point X="300" Y="295" T="undefined" />
	<Point X="288" Y="284" T="undefined" />
	<Point X="276" Y="270" T="undefined" />
	<Point X="268" Y="259" T="undefined" />
	<Point X="261" Y="249" T="undefined" />
	<Point X="250" Y="232" T="undefined" />
	<Point X="244" Y="222" T="undefined" />
	<Point X="238" Y="214" T="undefined" />
	<Point X="232" Y="207" T="undefined" />
	<Point X="229" Y="200" T="undefined" />
	<Point X="225" Y="194" T="undefined" />
	<Point X="220" Y="187" T="undefined" />
	<Point X="217" Y="182" T="undefined" />
	<Point X="214" Y="177" T="undefined" />
	<Point X="210" Y="171" T="undefined" />
	<Point X="208" Y="168" T="undefined" />
	<Point X="204" Y="164" T="undefined" />
	<Point X="202" Y="162" T="undefined" />
	<Point X="200" Y="160" T="undefined" />
	<Point X="195" Y="157" T="undefined" />
	<Point X="193" Y="156" T="undefined" />
	<Point X="192" Y="154" T="undefined" />
	<Point X="190" Y="153" T="undefined" />
</Gesture>