<?xml version="1.0" encoding="utf-8" standalone="yes"?>
<Gesture Name="Triangle9" NumPts="43">
	<Point X="248" Y="150" T="undefined" />
	<Point X="244" Y="160" T="undefined" />
	<Point X="235" Y="177" T="undefined" />
	<Point X="205" Y="228" T="undefined" />
	<Point X="192" Y="252" T="undefined" />
	<Point X="182" Y="268" T="undefined" />
	<Point X="173" Y="284" T="undefined" />
	<Point X="170" Y="290" T="undefined" />
	<Point X="167" Y="294" T="undefined" />
	<Point X="166" Y="296" T="undefined" />
	<Point X="166" Y="299" T="undefined" />
	<Point X="164" Y="302" T="undefined" />
	<Point X="164" Y="302" T="undefined" />
	<Point X="163" Y="304" T="undefined" />
	<Point X="162" Y="306" T="undefined" />
	<Point X="162" Y="306" T="undefined" />
	<Point X="162" Y="307" T="undefined" />
	<Point X="166" Y="308" T="undefined" />
	<Point X="173" Y="310" T="undefined" />
	<Point X="222" Y="317" T="undefined" />
	<Point X="285" Y="319" T="undefined" />
	<Point X="331" Y="319" T="undefined" />
	<Point X="370" Y="320" T="undefined" />
	<Point X="379" Y="321" T="undefined" />
	<Point X="383" Y="321" T="undefined" />
	<Point X="385" Y="321" T="undefined" />
	<Point X="386" Y="321" T="undefined" />
	<Point X="386" Y="321" T="undefined" />
	<Point X="386" Y="321" T="undefined" />
	<Point X="382" Y="317" T="undefined" />
	<Point X="373" Y="308" T="undefined" />
	<Point X="336" Y="268" T="undefined" />
	<Point X="296" Y="220" T="undefined" />
	<Point X="268" Y="190" T="undefined" />
	<Point X="248" Y="164" T="undefined" />
	<Point X="242" Y="157" T="undefined" />
	<Point X="240" Y="154" T="undefined" />
	<Point X="238" Y="152" T="undefined" />
	<Point X="238" Y="152" T="undefined" />
	<Point X="239" Y="152" T="undefined" />
	<Point X="240" Y="152" T="undefined" />
	<Point X="240" Y="152" T="undefined" />
	<Point X="241" Y="152" T="undefined" />
</Gesture>