<?xml version="1.0" encoding="utf-8" standalone="yes"?>
<Gesture Name="Triangle6" NumPts="37">
	<Point X="230" Y="128" T="undefined" />
	<Point X="223" Y="150" T="undefined" />
	<Point X="208" Y="187" T="undefined" />
	<Point X="184" Y="255" T="undefined" />
	<Point X="172" Y="280" T="undefined" />
	<Point X="160" Y="306" T="undefined" />
	<Point X="156" Y="312" T="undefined" />
	<Point X="155" Y="316" T="undefined" />
	<Point X="155" Y="318" T="undefined" />
	<Point X="154" Y="319" T="undefined" />
	<Point X="154" Y="320" T="undefined" />
	<Point X="154" Y="321" T="undefined" />
	<Point X="154" Y="322" T="undefined" />
	<Point X="158" Y="323" T="undefined" />
	<Point X="186" Y="326" T="undefined" />
	<Point X="288" Y="320" T="undefined" />
	<Point X="403" Y="309" T="undefined" />
	<Point X="436" Y="302" T="undefined" />
	<Point X="448" Y="299" T="undefined" />
	<Point X="452" Y="297" T="undefined" />
	<Point X="452" Y="296" T="undefined" />
	<Point X="452" Y="296" T="undefined" />
	<Point X="452" Y="295" T="undefined" />
	<Point X="452" Y="294" T="undefined" />
	<Point X="451" Y="294" T="undefined" />
	<Point X="443" Y="286" T="undefined" />
	<Point X="420" Y="260" T="undefined" />
	<Point X="341" Y="168" T="undefined" />
	<Point X="300" Y="128" T="undefined" />
	<Point X="278" Y="106" T="undefined" />
	<Point X="262" Y="97" T="undefined" />
	<Point X="254" Y="92" T="undefined" />
	<Point X="252" Y="92" T="undefined" />
	<Point X="248" Y="91" T="undefined" />
	<Point X="247" Y="91" T="undefined" />
	<Point X="246" Y="91" T="undefined" />
	<Point X="244" Y="90" T="undefined" />
</Gesture>