<?xml version="1.0" encoding="utf-8" standalone="yes"?>
<Gesture Name="Pigtail1" NumPts="18">
	<Point X="171" Y="359" T="undefined" />
	<Point X="172" Y="358" T="undefined" />
	<Point X="220" Y="328" T="undefined" />
	<Point X="270" Y="294" T="undefined" />
	<Point X="318" Y="244" T="undefined" />
	<Point X="363" Y="188" T="undefined" />
	<Point X="391" Y="149" T="undefined" />
	<Point X="406" Y="133" T="undefined" />
	<Point X="409" Y="122" T="undefined" />
	<Point X="404" Y="110" T="undefined" />
	<Point X="388" Y="97" T="undefined" />
	<Point X="358" Y="83" T="undefined" />
	<Point X="343" Y="82" T="undefined" />
	<Point X="332" Y="87" T="undefined" />
	<Point X="323" Y="106" T="undefined" />
	<Point X="320" Y="164" T="undefined" />
	<Point X="326" Y="263" T="undefined" />
	<Point X="352" Y="352" T="undefined" />
</Gesture>