<?xml version="1.0" encoding="utf-8" standalone="yes"?>
<Gesture Name="Pigtail9" NumPts="41">
	<Point X="228" Y="327" T="undefined" />
	<Point X="228" Y="327" T="undefined" />
	<Point X="228" Y="325" T="undefined" />
	<Point X="232" Y="323" T="undefined" />
	<Point X="240" Y="319" T="undefined" />
	<Point X="253" Y="314" T="undefined" />
	<Point X="267" Y="306" T="undefined" />
	<Point X="287" Y="295" T="undefined" />
	<Point X="306" Y="285" T="undefined" />
	<Point X="327" Y="274" T="undefined" />
	<Point X="334" Y="265" T="undefined" />
	<Point X="340" Y="256" T="undefined" />
	<Point X="348" Y="247" T="undefined" />
	<Point X="355" Y="239" T="undefined" />
	<Point X="360" Y="231" T="undefined" />
	<Point X="364" Y="219" T="undefined" />
	<Point X="366" Y="212" T="undefined" />
	<Point X="366" Y="204" T="undefined" />
	<Point X="361" Y="190" T="undefined" />
	<Point X="357" Y="181" T="undefined" />
	<Point X="354" Y="176" T="undefined" />
	<Point X="351" Y="173" T="undefined" />
	<Point X="348" Y="170" T="undefined" />
	<Point X="346" Y="168" T="undefined" />
	<Point X="340" Y="167" T="undefined" />
	<Point X="335" Y="169" T="undefined" />
	<Point X="329" Y="172" T="undefined" />
	<Point X="322" Y="179" T="undefined" />
	<Point X="312" Y="191" T="undefined" />
	<Point X="303" Y="202" T="undefined" />
	<Point X="298" Y="215" T="undefined" />
	<Point X="294" Y="227" T="undefined" />
	<Point X="293" Y="242" T="undefined" />
	<Point X="297" Y="267" T="undefined" />
	<Point X="305" Y="284" T="undefined" />
	<Point X="317" Y="300" T="undefined" />
	<Point X="330" Y="317" T="undefined" />
	<Point X="343" Y="331" T="undefined" />
	<Point X="354" Y="343" T="undefined" />
	<Point X="362" Y="350" T="undefined" />
	<Point X="368" Y="353" T="undefined" />
</Gesture>