<?xml version="1.0" encoding="utf-8" standalone="yes"?>
<Gesture Name="Pigtail4" NumPts="38">
	<Point X="122" Y="328" T="undefined" />
	<Point X="123" Y="328" T="undefined" />
	<Point X="129" Y="326" T="undefined" />
	<Point X="147" Y="324" T="undefined" />
	<Point X="162" Y="320" T="undefined" />
	<Point X="182" Y="314" T="undefined" />
	<Point X="205" Y="303" T="undefined" />
	<Point X="230" Y="289" T="undefined" />
	<Point X="256" Y="271" T="undefined" />
	<Point X="275" Y="256" T="undefined" />
	<Point X="291" Y="242" T="undefined" />
	<Point X="307" Y="219" T="undefined" />
	<Point X="310" Y="206" T="undefined" />
	<Point X="312" Y="194" T="undefined" />
	<Point X="310" Y="177" T="undefined" />
	<Point X="306" Y="165" T="undefined" />
	<Point X="302" Y="153" T="undefined" />
	<Point X="294" Y="142" T="undefined" />
	<Point X="285" Y="137" T="undefined" />
	<Point X="274" Y="133" T="undefined" />
	<Point X="254" Y="130" T="undefined" />
	<Point X="239" Y="129" T="undefined" />
	<Point X="228" Y="133" T="undefined" />
	<Point X="216" Y="139" T="undefined" />
	<Point X="206" Y="151" T="undefined" />
	<Point X="202" Y="163" T="undefined" />
	<Point X="199" Y="181" T="undefined" />
	<Point X="198" Y="214" T="undefined" />
	<Point X="203" Y="241" T="undefined" />
	<Point X="215" Y="270" T="undefined" />
	<Point X="232" Y="293" T="undefined" />
	<Point X="249" Y="311" T="undefined" />
	<Point X="266" Y="326" T="undefined" />
	<Point X="284" Y="337" T="undefined" />
	<Point X="299" Y="342" T="undefined" />
	<Point X="316" Y="346" T="undefined" />
	<Point X="330" Y="349" T="undefined" />
	<Point X="351" Y="350" T="undefined" />
</Gesture>