<?xml version="1.0" encoding="utf-8" standalone="yes"?>
<Gesture Name="Pigtail2" NumPts="55">
	<Point X="126" Y="318" T="undefined" />
	<Point X="126" Y="318" T="undefined" />
	<Point X="127" Y="317" T="undefined" />
	<Point X="130" Y="315" T="undefined" />
	<Point X="140" Y="311" T="undefined" />
	<Point X="152" Y="307" T="undefined" />
	<Point X="165" Y="303" T="undefined" />
	<Point X="178" Y="297" T="undefined" />
	<Point X="193" Y="286" T="undefined" />
	<Point X="214" Y="268" T="undefined" />
	<Point X="228" Y="256" T="undefined" />
	<Point X="240" Y="243" T="undefined" />
	<Point X="253" Y="228" T="undefined" />
	<Point X="266" Y="211" T="undefined" />
	<Point X="277" Y="184" T="undefined" />
	<Point X="284" Y="164" T="undefined" />
	<Point X="286" Y="139" T="undefined" />
	<Point X="284" Y="129" T="undefined" />
	<Point X="281" Y="123" T="undefined" />
	<Point X="279" Y="118" T="undefined" />
	<Point X="276" Y="115" T="undefined" />
	<Point X="275" Y="113" T="undefined" />
	<Point X="272" Y="112" T="undefined" />
	<Point X="269" Y="112" T="undefined" />
	<Point X="263" Y="115" T="undefined" />
	<Point X="255" Y="119" T="undefined" />
	<Point X="240" Y="129" T="undefined" />
	<Point X="228" Y="139" T="undefined" />
	<Point X="215" Y="150" T="undefined" />
	<Point X="205" Y="162" T="undefined" />
	<Point X="200" Y="175" T="undefined" />
	<Point X="196" Y="189" T="undefined" />
	<Point X="193" Y="202" T="undefined" />
	<Point X="193" Y="217" T="undefined" />
	<Point X="193" Y="234" T="undefined" />
	<Point X="193" Y="244" T="undefined" />
	<Point X="196" Y="254" T="undefined" />
	<Point X="200" Y="265" T="undefined" />
	<Point X="203" Y="277" T="undefined" />
	<Point X="209" Y="289" T="undefined" />
	<Point X="218" Y="302" T="undefined" />
	<Point X="237" Y="321" T="undefined" />
	<Point X="250" Y="333" T="undefined" />
	<Point X="262" Y="343" T="undefined" />
	<Point X="274" Y="353" T="undefined" />
	<Point X="286" Y="358" T="undefined" />
	<Point X="298" Y="362" T="undefined" />
	<Point X="315" Y="365" T="undefined" />
	<Point X="329" Y="369" T="undefined" />
	<Point X="343" Y="373" T="undefined" />
	<Point X="363" Y="379" T="undefined" />
	<Point X="373" Y="382" T="undefined" />
	<Point X="377" Y="383" T="undefined" />
	<Point X="380" Y="383" T="undefined" />
	<Point X="383" Y="383" T="undefined" />
</Gesture>