<?xml version="1.0" encoding="utf-8" standalone="yes"?>
<Gesture Name="Pigtail8" NumPts="22">
	<Point X="235" Y="337" T="undefined" />
	<Point X="235" Y="337" T="undefined" />
	<Point X="235" Y="336" T="undefined" />
	<Point X="246" Y="333" T="undefined" />
	<Point X="270" Y="326" T="undefined" />
	<Point X="309" Y="310" T="undefined" />
	<Point X="348" Y="292" T="undefined" />
	<Point X="378" Y="272" T="undefined" />
	<Point X="399" Y="253" T="undefined" />
	<Point X="402" Y="242" T="undefined" />
	<Point X="402" Y="232" T="undefined" />
	<Point X="398" Y="222" T="undefined" />
	<Point X="394" Y="216" T="undefined" />
	<Point X="392" Y="213" T="undefined" />
	<Point X="389" Y="210" T="undefined" />
	<Point X="385" Y="209" T="undefined" />
	<Point X="378" Y="213" T="undefined" />
	<Point X="360" Y="234" T="undefined" />
	<Point X="356" Y="257" T="undefined" />
	<Point X="356" Y="288" T="undefined" />
	<Point X="366" Y="328" T="undefined" />
	<Point X="392" Y="367" T="undefined" />
</Gesture>