<?xml version="1.0" encoding="utf-8" standalone="yes"?>
<Gesture Name="Pigtail7" NumPts="52">
	<Point X="186" Y="332" T="undefined" />
	<Point X="187" Y="332" T="undefined" />
	<Point X="188" Y="331" T="undefined" />
	<Point X="189" Y="331" T="undefined" />
	<Point X="197" Y="327" T="undefined" />
	<Point X="209" Y="321" T="undefined" />
	<Point X="222" Y="314" T="undefined" />
	<Point X="244" Y="307" T="undefined" />
	<Point X="258" Y="304" T="undefined" />
	<Point X="272" Y="301" T="undefined" />
	<Point X="286" Y="297" T="undefined" />
	<Point X="302" Y="293" T="undefined" />
	<Point X="318" Y="286" T="undefined" />
	<Point X="333" Y="277" T="undefined" />
	<Point X="353" Y="259" T="undefined" />
	<Point X="360" Y="245" T="undefined" />
	<Point X="364" Y="234" T="undefined" />
	<Point X="365" Y="220" T="undefined" />
	<Point X="365" Y="205" T="undefined" />
	<Point X="363" Y="191" T="undefined" />
	<Point X="359" Y="179" T="undefined" />
	<Point X="354" Y="169" T="undefined" />
	<Point X="351" Y="157" T="undefined" />
	<Point X="347" Y="147" T="undefined" />
	<Point X="339" Y="138" T="undefined" />
	<Point X="334" Y="135" T="undefined" />
	<Point X="330" Y="133" T="undefined" />
	<Point X="325" Y="131" T="undefined" />
	<Point X="319" Y="130" T="undefined" />
	<Point X="308" Y="131" T="undefined" />
	<Point X="289" Y="139" T="undefined" />
	<Point X="276" Y="148" T="undefined" />
	<Point X="262" Y="159" T="undefined" />
	<Point X="251" Y="171" T="undefined" />
	<Point X="241" Y="183" T="undefined" />
	<Point X="236" Y="195" T="undefined" />
	<Point X="231" Y="207" T="undefined" />
	<Point X="230" Y="219" T="undefined" />
	<Point X="231" Y="233" T="undefined" />
	<Point X="236" Y="256" T="undefined" />
	<Point X="244" Y="274" T="undefined" />
	<Point X="255" Y="291" T="undefined" />
	<Point X="268" Y="307" T="undefined" />
	<Point X="281" Y="320" T="undefined" />
	<Point X="294" Y="333" T="undefined" />
	<Point X="308" Y="344" T="undefined" />
	<Point X="320" Y="352" T="undefined" />
	<Point X="338" Y="362" T="undefined" />
	<Point X="351" Y="367" T="undefined" />
	<Point X="362" Y="371" T="undefined" />
	<Point X="372" Y="374" T="undefined" />
	<Point X="376" Y="374" T="undefined" />
</Gesture>