<?xml version="1.0" encoding="utf-8" standalone="yes"?>
<Gesture Name="Right Square Bracket9" NumPts="33">
	<Point X="152" Y="166" T="undefined" />
	<Point X="152" Y="166" T="undefined" />
	<Point X="190" Y="172" T="undefined" />
	<Point X="232" Y="178" T="undefined" />
	<Point X="261" Y="182" T="undefined" />
	<Point X="278" Y="184" T="undefined" />
	<Point X="281" Y="184" T="undefined" />
	<Point X="283" Y="184" T="undefined" />
	<Point X="284" Y="184" T="undefined" />
	<Point X="284" Y="184" T="undefined" />
	<Point X="284" Y="186" T="undefined" />
	<Point X="284" Y="192" T="undefined" />
	<Point X="282" Y="208" T="undefined" />
	<Point X="280" Y="278" T="undefined" />
	<Point X="278" Y="334" T="undefined" />
	<Point X="280" Y="379" T="undefined" />
	<Point X="289" Y="422" T="undefined" />
	<Point X="294" Y="440" T="undefined" />
	<Point X="300" Y="452" T="undefined" />
	<Point X="302" Y="455" T="undefined" />
	<Point X="302" Y="456" T="undefined" />
	<Point X="304" Y="457" T="undefined" />
	<Point X="304" Y="458" T="undefined" />
	<Point X="302" Y="458" T="undefined" />
	<Point X="300" Y="458" T="undefined" />
	<Point X="286" Y="458" T="undefined" />
	<Point X="238" Y="457" T="undefined" />
	<Point X="215" Y="456" T="undefined" />
	<Point X="205" Y="455" T="undefined" />
	<Point X="200" Y="454" T="undefined" />
	<Point X="199" Y="454" T="undefined" />
	<Point X="198" Y="452" T="undefined" />
	<Point X="198" Y="451" T="undefined" />
</Gesture>