<?xml version="1.0" encoding="utf-8" standalone="yes"?>
<Gesture Name="Right Square Bracket6" NumPts="33">
	<Point X="232" Y="106" T="undefined" />
	<Point X="242" Y="107" T="undefined" />
	<Point X="284" Y="113" T="undefined" />
	<Point X="322" Y="116" T="undefined" />
	<Point X="352" Y="115" T="undefined" />
	<Point X="359" Y="114" T="undefined" />
	<Point X="361" Y="114" T="undefined" />
	<Point X="362" Y="113" T="undefined" />
	<Point X="363" Y="113" T="undefined" />
	<Point X="363" Y="114" T="undefined" />
	<Point X="363" Y="114" T="undefined" />
	<Point X="363" Y="116" T="undefined" />
	<Point X="359" Y="146" T="undefined" />
	<Point X="350" Y="202" T="undefined" />
	<Point X="347" Y="298" T="undefined" />
	<Point X="347" Y="344" T="undefined" />
	<Point X="349" Y="380" T="undefined" />
	<Point X="354" Y="402" T="undefined" />
	<Point X="358" Y="418" T="undefined" />
	<Point X="361" Y="422" T="undefined" />
	<Point X="362" Y="424" T="undefined" />
	<Point X="363" Y="424" T="undefined" />
	<Point X="363" Y="425" T="undefined" />
	<Point X="364" Y="425" T="undefined" />
	<Point X="362" Y="425" T="undefined" />
	<Point X="321" Y="420" T="undefined" />
	<Point X="245" Y="408" T="undefined" />
	<Point X="192" Y="400" T="undefined" />
	<Point X="184" Y="398" T="undefined" />
	<Point X="182" Y="397" T="undefined" />
	<Point X="181" Y="397" T="undefined" />
	<Point X="181" Y="396" T="undefined" />
	<Point X="182" Y="396" T="undefined" />
</Gesture>