<?xml version="1.0" encoding="utf-8" standalone="yes"?>
<Gesture Name="Right Square Bracket4" NumPts="37">
	<Point X="264" Y="151" T="undefined" />
	<Point X="264" Y="151" T="undefined" />
	<Point X="264" Y="151" T="undefined" />
	<Point X="264" Y="151" T="undefined" />
	<Point X="268" Y="149" T="undefined" />
	<Point X="278" Y="146" T="undefined" />
	<Point X="318" Y="135" T="undefined" />
	<Point X="340" Y="132" T="undefined" />
	<Point X="380" Y="132" T="undefined" />
	<Point X="393" Y="135" T="undefined" />
	<Point X="398" Y="138" T="undefined" />
	<Point X="401" Y="138" T="undefined" />
	<Point X="402" Y="139" T="undefined" />
	<Point X="403" Y="139" T="undefined" />
	<Point X="403" Y="141" T="undefined" />
	<Point X="403" Y="144" T="undefined" />
	<Point X="402" Y="153" T="undefined" />
	<Point X="395" Y="186" T="undefined" />
	<Point X="392" Y="204" T="undefined" />
	<Point X="388" Y="275" T="undefined" />
	<Point X="388" Y="315" T="undefined" />
	<Point X="388" Y="350" T="undefined" />
	<Point X="390" Y="370" T="undefined" />
	<Point X="390" Y="380" T="undefined" />
	<Point X="390" Y="384" T="undefined" />
	<Point X="391" Y="387" T="undefined" />
	<Point X="392" Y="388" T="undefined" />
	<Point X="392" Y="390" T="undefined" />
	<Point X="393" Y="392" T="undefined" />
	<Point X="393" Y="392" T="undefined" />
	<Point X="390" Y="394" T="undefined" />
	<Point X="376" Y="394" T="undefined" />
	<Point X="335" Y="392" T="undefined" />
	<Point X="296" Y="387" T="undefined" />
	<Point X="276" Y="385" T="undefined" />
	<Point X="272" Y="384" T="undefined" />
	<Point X="270" Y="384" T="undefined" />
</Gesture>