<?xml version="1.0" encoding="utf-8" standalone="yes"?>
<Gesture Name="Right Square Bracket8" NumPts="35">
	<Point X="220" Y="66" T="undefined" />
	<Point X="220" Y="66" T="undefined" />
	<Point X="228" Y="66" T="undefined" />
	<Point X="248" Y="65" T="undefined" />
	<Point X="296" Y="63" T="undefined" />
	<Point X="332" Y="60" T="undefined" />
	<Point X="356" Y="58" T="undefined" />
	<Point X="362" Y="57" T="undefined" />
	<Point X="363" Y="56" T="undefined" />
	<Point X="364" Y="56" T="undefined" />
	<Point X="365" Y="56" T="undefined" />
	<Point X="365" Y="60" T="undefined" />
	<Point X="362" Y="69" T="undefined" />
	<Point X="354" Y="102" T="undefined" />
	<Point X="334" Y="203" T="undefined" />
	<Point X="327" Y="262" T="undefined" />
	<Point X="324" Y="312" T="undefined" />
	<Point X="323" Y="364" T="undefined" />
	<Point X="327" Y="385" T="undefined" />
	<Point X="330" Y="402" T="undefined" />
	<Point X="332" Y="406" T="undefined" />
	<Point X="332" Y="408" T="undefined" />
	<Point X="334" Y="410" T="undefined" />
	<Point X="334" Y="410" T="undefined" />
	<Point X="334" Y="411" T="undefined" />
	<Point X="333" Y="411" T="undefined" />
	<Point X="330" Y="412" T="undefined" />
	<Point X="292" Y="413" T="undefined" />
	<Point X="249" Y="414" T="undefined" />
	<Point X="223" Y="414" T="undefined" />
	<Point X="206" Y="413" T="undefined" />
	<Point X="202" Y="412" T="undefined" />
	<Point X="201" Y="412" T="undefined" />
	<Point X="201" Y="410" T="undefined" />
	<Point X="201" Y="408" T="undefined" />
</Gesture>