<?xml version="1.0" encoding="utf-8" standalone="yes"?>
<Gesture Name="Right Square Bracket0" NumPts="34">
	<Point X="200" Y="102" T="undefined" />
	<Point X="202" Y="102" T="undefined" />
	<Point X="203" Y="102" T="undefined" />
	<Point X="250" Y="100" T="undefined" />
	<Point X="299" Y="100" T="undefined" />
	<Point X="334" Y="103" T="undefined" />
	<Point X="356" Y="106" T="undefined" />
	<Point X="361" Y="108" T="undefined" />
	<Point X="364" Y="108" T="undefined" />
	<Point X="366" Y="108" T="undefined" />
	<Point X="366" Y="109" T="undefined" />
	<Point X="366" Y="111" T="undefined" />
	<Point X="366" Y="117" T="undefined" />
	<Point X="364" Y="130" T="undefined" />
	<Point X="358" Y="175" T="undefined" />
	<Point X="357" Y="222" T="undefined" />
	<Point X="357" Y="278" T="undefined" />
	<Point X="358" Y="328" T="undefined" />
	<Point X="358" Y="352" T="undefined" />
	<Point X="358" Y="363" T="undefined" />
	<Point X="360" Y="370" T="undefined" />
	<Point X="360" Y="372" T="undefined" />
	<Point X="360" Y="373" T="undefined" />
	<Point X="360" Y="374" T="undefined" />
	<Point X="359" Y="374" T="undefined" />
	<Point X="352" Y="374" T="undefined" />
	<Point X="332" Y="374" T="undefined" />
	<Point X="270" Y="378" T="undefined" />
	<Point X="244" Y="382" T="undefined" />
	<Point X="228" Y="383" T="undefined" />
	<Point X="217" Y="384" T="undefined" />
	<Point X="214" Y="384" T="undefined" />
	<Point X="212" Y="384" T="undefined" />
	<Point X="212" Y="383" T="undefined" />
</Gesture>