<?xml version="1.0" encoding="utf-8" standalone="yes"?>
<Gesture Name="Right Square Bracket3" NumPts="37">
	<Point X="212" Y="123" T="undefined" />
	<Point X="214" Y="123" T="undefined" />
	<Point X="219" Y="123" T="undefined" />
	<Point X="240" Y="122" T="undefined" />
	<Point X="272" Y="123" T="undefined" />
	<Point X="299" Y="124" T="undefined" />
	<Point X="317" Y="128" T="undefined" />
	<Point X="325" Y="130" T="undefined" />
	<Point X="329" Y="132" T="undefined" />
	<Point X="332" Y="134" T="undefined" />
	<Point X="333" Y="136" T="undefined" />
	<Point X="334" Y="138" T="undefined" />
	<Point X="333" Y="141" T="undefined" />
	<Point X="330" Y="148" T="undefined" />
	<Point X="324" Y="162" T="undefined" />
	<Point X="317" Y="190" T="undefined" />
	<Point X="306" Y="234" T="undefined" />
	<Point X="299" Y="283" T="undefined" />
	<Point X="299" Y="312" T="undefined" />
	<Point X="300" Y="336" T="undefined" />
	<Point X="302" Y="352" T="undefined" />
	<Point X="306" Y="368" T="undefined" />
	<Point X="308" Y="374" T="undefined" />
	<Point X="309" Y="376" T="undefined" />
	<Point X="310" Y="378" T="undefined" />
	<Point X="310" Y="379" T="undefined" />
	<Point X="312" Y="380" T="undefined" />
	<Point X="312" Y="381" T="undefined" />
	<Point X="310" Y="381" T="undefined" />
	<Point X="306" Y="380" T="undefined" />
	<Point X="290" Y="374" T="undefined" />
	<Point X="244" Y="362" T="undefined" />
	<Point X="216" Y="355" T="undefined" />
	<Point X="198" Y="352" T="undefined" />
	<Point X="191" Y="351" T="undefined" />
	<Point X="188" Y="350" T="undefined" />
	<Point X="186" Y="350" T="undefined" />
</Gesture>