<?xml version="1.0" encoding="utf-8" standalone="yes"?>
<Gesture Name="Right Square Bracket7" NumPts="35">
	<Point X="243" Y="108" T="undefined" />
	<Point X="243" Y="108" T="undefined" />
	<Point X="252" Y="108" T="undefined" />
	<Point X="270" Y="108" T="undefined" />
	<Point X="328" Y="110" T="undefined" />
	<Point X="350" Y="110" T="undefined" />
	<Point X="358" Y="110" T="undefined" />
	<Point X="362" Y="110" T="undefined" />
	<Point X="362" Y="110" T="undefined" />
	<Point X="363" Y="110" T="undefined" />
	<Point X="363" Y="111" T="undefined" />
	<Point X="362" Y="112" T="undefined" />
	<Point X="360" Y="120" T="undefined" />
	<Point X="353" Y="135" T="undefined" />
	<Point X="339" Y="168" T="undefined" />
	<Point X="309" Y="272" T="undefined" />
	<Point X="300" Y="338" T="undefined" />
	<Point X="295" Y="383" T="undefined" />
	<Point X="295" Y="431" T="undefined" />
	<Point X="297" Y="452" T="undefined" />
	<Point X="300" Y="467" T="undefined" />
	<Point X="300" Y="470" T="undefined" />
	<Point X="302" Y="472" T="undefined" />
	<Point X="302" Y="473" T="undefined" />
	<Point X="303" Y="473" T="undefined" />
	<Point X="302" Y="473" T="undefined" />
	<Point X="299" Y="472" T="undefined" />
	<Point X="287" Y="468" T="undefined" />
	<Point X="250" Y="462" T="undefined" />
	<Point X="230" Y="458" T="undefined" />
	<Point X="216" Y="456" T="undefined" />
	<Point X="211" Y="454" T="undefined" />
	<Point X="210" Y="454" T="undefined" />
	<Point X="209" Y="453" T="undefined" />
	<Point X="209" Y="452" T="undefined" />
</Gesture>