<?xml version="1.0" encoding="utf-8" standalone="yes"?>
<Gesture Name="Right Square Bracket2" NumPts="33">
	<Point X="246" Y="93" T="undefined" />
	<Point X="248" Y="93" T="undefined" />
	<Point X="252" Y="93" T="undefined" />
	<Point X="276" Y="93" T="undefined" />
	<Point X="357" Y="98" T="undefined" />
	<Point X="394" Y="100" T="undefined" />
	<Point X="406" Y="102" T="undefined" />
	<Point X="408" Y="102" T="undefined" />
	<Point X="409" Y="102" T="undefined" />
	<Point X="408" Y="103" T="undefined" />
	<Point X="406" Y="104" T="undefined" />
	<Point X="404" Y="108" T="undefined" />
	<Point X="400" Y="114" T="undefined" />
	<Point X="392" Y="136" T="undefined" />
	<Point X="387" Y="168" T="undefined" />
	<Point X="382" Y="212" T="undefined" />
	<Point X="382" Y="278" T="undefined" />
	<Point X="387" Y="342" T="undefined" />
	<Point X="394" Y="398" T="undefined" />
	<Point X="396" Y="426" T="undefined" />
	<Point X="399" Y="443" T="undefined" />
	<Point X="400" Y="448" T="undefined" />
	<Point X="400" Y="450" T="undefined" />
	<Point X="399" Y="450" T="undefined" />
	<Point X="398" Y="450" T="undefined" />
	<Point X="390" Y="448" T="undefined" />
	<Point X="347" Y="445" T="undefined" />
	<Point X="331" Y="444" T="undefined" />
	<Point X="305" Y="441" T="undefined" />
	<Point X="300" Y="440" T="undefined" />
	<Point X="297" Y="440" T="undefined" />
	<Point X="296" Y="440" T="undefined" />
	<Point X="296" Y="439" T="undefined" />
</Gesture>