<?xml version="1.0" encoding="utf-8" standalone="yes"?>
<Gesture Name="Rectangle7" NumPts="55">
	<Point X="129" Y="137" T="undefined" />
	<Point X="131" Y="160" T="undefined" />
	<Point X="136" Y="194" T="undefined" />
	<Point X="144" Y="256" T="undefined" />
	<Point X="146" Y="288" T="undefined" />
	<Point X="148" Y="311" T="undefined" />
	<Point X="148" Y="316" T="undefined" />
	<Point X="148" Y="318" T="undefined" />
	<Point X="148" Y="320" T="undefined" />
	<Point X="148" Y="319" T="undefined" />
	<Point X="148" Y="318" T="undefined" />
	<Point X="150" Y="318" T="undefined" />
	<Point X="155" Y="316" T="undefined" />
	<Point X="174" Y="310" T="undefined" />
	<Point X="281" Y="293" T="undefined" />
	<Point X="352" Y="283" T="undefined" />
	<Point X="381" Y="282" T="undefined" />
	<Point X="403" Y="280" T="undefined" />
	<Point X="409" Y="280" T="undefined" />
	<Point X="412" Y="280" T="undefined" />
	<Point X="413" Y="280" T="undefined" />
	<Point X="414" Y="279" T="undefined" />
	<Point X="414" Y="279" T="undefined" />
	<Point X="414" Y="278" T="undefined" />
	<Point X="414" Y="278" T="undefined" />
	<Point X="414" Y="277" T="undefined" />
	<Point X="414" Y="275" T="undefined" />
	<Point X="411" Y="266" T="undefined" />
	<Point X="404" Y="249" T="undefined" />
	<Point X="389" Y="216" T="undefined" />
	<Point X="360" Y="152" T="undefined" />
	<Point X="344" Y="120" T="undefined" />
	<Point X="327" Y="88" T="undefined" />
	<Point X="320" Y="77" T="undefined" />
	<Point X="318" Y="71" T="undefined" />
	<Point X="316" Y="69" T="undefined" />
	<Point X="314" Y="68" T="undefined" />
	<Point X="314" Y="68" T="undefined" />
	<Point X="313" Y="69" T="undefined" />
	<Point X="313" Y="70" T="undefined" />
	<Point X="312" Y="71" T="undefined" />
	<Point X="312" Y="72" T="undefined" />
	<Point X="308" Y="73" T="undefined" />
	<Point X="297" Y="76" T="undefined" />
	<Point X="269" Y="84" T="undefined" />
	<Point X="184" Y="108" T="undefined" />
	<Point X="152" Y="116" T="undefined" />
	<Point X="136" Y="120" T="undefined" />
	<Point X="126" Y="121" T="undefined" />
	<Point X="122" Y="121" T="undefined" />
	<Point X="119" Y="121" T="undefined" />
	<Point X="118" Y="121" T="undefined" />
	<Point X="118" Y="120" T="undefined" />
	<Point X="118" Y="120" T="undefined" />
	<Point X="118" Y="119" T="undefined" />
</Gesture>