<?xml version="1.0" encoding="utf-8" standalone="yes"?>
<Gesture Name="Rectangle6" NumPts="64">
	<Point X="128" Y="176" T="undefined" />
	<Point X="130" Y="192" T="undefined" />
	<Point X="134" Y="217" T="undefined" />
	<Point X="142" Y="273" T="undefined" />
	<Point X="148" Y="298" T="undefined" />
	<Point X="150" Y="312" T="undefined" />
	<Point X="154" Y="326" T="undefined" />
	<Point X="156" Y="328" T="undefined" />
	<Point X="156" Y="330" T="undefined" />
	<Point X="157" Y="331" T="undefined" />
	<Point X="158" Y="331" T="undefined" />
	<Point X="159" Y="331" T="undefined" />
	<Point X="166" Y="328" T="undefined" />
	<Point X="192" Y="318" T="undefined" />
	<Point X="288" Y="298" T="undefined" />
	<Point X="338" Y="291" T="undefined" />
	<Point X="368" Y="291" T="undefined" />
	<Point X="394" Y="293" T="undefined" />
	<Point X="401" Y="294" T="undefined" />
	<Point X="407" Y="296" T="undefined" />
	<Point X="408" Y="297" T="undefined" />
	<Point X="410" Y="298" T="undefined" />
	<Point X="410" Y="298" T="undefined" />
	<Point X="411" Y="299" T="undefined" />
	<Point X="412" Y="299" T="undefined" />
	<Point X="412" Y="298" T="undefined" />
	<Point X="412" Y="298" T="undefined" />
	<Point X="410" Y="290" T="undefined" />
	<Point X="403" Y="270" T="undefined" />
	<Point X="391" Y="230" T="undefined" />
	<Point X="372" Y="170" T="undefined" />
	<Point X="368" Y="156" T="undefined" />
	<Point X="365" Y="149" T="undefined" />
	<Point X="362" Y="144" T="undefined" />
	<Point X="362" Y="142" T="undefined" />
	<Point X="360" Y="140" T="undefined" />
	<Point X="357" Y="136" T="undefined" />
	<Point X="356" Y="134" T="undefined" />
	<Point X="352" Y="130" T="undefined" />
	<Point X="350" Y="127" T="undefined" />
	<Point X="347" Y="125" T="undefined" />
	<Point X="346" Y="124" T="undefined" />
	<Point X="344" Y="122" T="undefined" />
	<Point X="343" Y="122" T="undefined" />
	<Point X="340" Y="122" T="undefined" />
	<Point X="338" Y="123" T="undefined" />
	<Point X="332" Y="126" T="undefined" />
	<Point X="298" Y="140" T="undefined" />
	<Point X="251" Y="155" T="undefined" />
	<Point X="216" Y="165" T="undefined" />
	<Point X="188" Y="170" T="undefined" />
	<Point X="177" Y="171" T="undefined" />
	<Point X="169" Y="171" T="undefined" />
	<Point X="162" Y="171" T="undefined" />
	<Point X="159" Y="170" T="undefined" />
	<Point X="156" Y="170" T="undefined" />
	<Point X="155" Y="170" T="undefined" />
	<Point X="154" Y="170" T="undefined" />
	<Point X="153" Y="170" T="undefined" />
	<Point X="152" Y="170" T="undefined" />
	<Point X="152" Y="169" T="undefined" />
	<Point X="150" Y="168" T="undefined" />
	<Point X="150" Y="168" T="undefined" />
	<Point X="150" Y="168" T="undefined" />
</Gesture>