<?xml version="1.0" encoding="utf-8" standalone="yes"?>
<Gesture Name="Rectangle1" NumPts="69">
	<Point X="120" Y="158" T="undefined" />
	<Point X="120" Y="162" T="undefined" />
	<Point X="118" Y="177" T="undefined" />
	<Point X="112" Y="236" T="undefined" />
	<Point X="110" Y="302" T="undefined" />
	<Point X="108" Y="341" T="undefined" />
	<Point X="108" Y="364" T="undefined" />
	<Point X="109" Y="377" T="undefined" />
	<Point X="109" Y="387" T="undefined" />
	<Point X="110" Y="393" T="undefined" />
	<Point X="111" Y="397" T="undefined" />
	<Point X="112" Y="400" T="undefined" />
	<Point X="112" Y="401" T="undefined" />
	<Point X="112" Y="402" T="undefined" />
	<Point X="112" Y="403" T="undefined" />
	<Point X="112" Y="404" T="undefined" />
	<Point X="113" Y="404" T="undefined" />
	<Point X="114" Y="404" T="undefined" />
	<Point X="119" Y="403" T="undefined" />
	<Point X="124" Y="403" T="undefined" />
	<Point X="170" Y="402" T="undefined" />
	<Point X="286" Y="398" T="undefined" />
	<Point X="329" Y="398" T="undefined" />
	<Point X="360" Y="398" T="undefined" />
	<Point X="378" Y="398" T="undefined" />
	<Point X="382" Y="398" T="undefined" />
	<Point X="385" Y="398" T="undefined" />
	<Point X="387" Y="398" T="undefined" />
	<Point X="388" Y="398" T="undefined" />
	<Point X="388" Y="398" T="undefined" />
	<Point X="388" Y="397" T="undefined" />
	<Point X="388" Y="396" T="undefined" />
	<Point X="388" Y="396" T="undefined" />
	<Point X="388" Y="395" T="undefined" />
	<Point X="388" Y="394" T="undefined" />
	<Point X="388" Y="390" T="undefined" />
	<Point X="382" Y="368" T="undefined" />
	<Point X="370" Y="316" T="undefined" />
	<Point X="353" Y="266" T="undefined" />
	<Point X="340" Y="234" T="undefined" />
	<Point X="338" Y="228" T="undefined" />
	<Point X="334" Y="222" T="undefined" />
	<Point X="332" Y="220" T="undefined" />
	<Point X="330" Y="217" T="undefined" />
	<Point X="326" Y="206" T="undefined" />
	<Point X="322" Y="199" T="undefined" />
	<Point X="318" Y="183" T="undefined" />
	<Point X="316" Y="176" T="undefined" />
	<Point X="312" Y="165" T="undefined" />
	<Point X="310" Y="157" T="undefined" />
	<Point X="306" Y="147" T="undefined" />
	<Point X="304" Y="144" T="undefined" />
	<Point X="302" Y="140" T="undefined" />
	<Point X="302" Y="140" T="undefined" />
	<Point X="301" Y="139" T="undefined" />
	<Point X="300" Y="139" T="undefined" />
	<Point X="299" Y="139" T="undefined" />
	<Point X="298" Y="139" T="undefined" />
	<Point X="294" Y="139" T="undefined" />
	<Point X="288" Y="140" T="undefined" />
	<Point X="252" Y="142" T="undefined" />
	<Point X="167" Y="142" T="undefined" />
	<Point X="107" Y="140" T="undefined" />
	<Point X="71" Y="135" T="undefined" />
	<Point X="62" Y="132" T="undefined" />
	<Point X="58" Y="130" T="undefined" />
	<Point X="55" Y="130" T="undefined" />
	<Point X="54" Y="130" T="undefined" />
	<Point X="54" Y="130" T="undefined" />
</Gesture>