<?xml version="1.0" encoding="utf-8" standalone="yes"?>
<Gesture Name="Rectangle9" NumPts="52">
	<Point X="96" Y="145" T="undefined" />
	<Point X="96" Y="145" T="undefined" />
	<Point X="99" Y="170" T="undefined" />
	<Point X="109" Y="257" T="undefined" />
	<Point X="109" Y="306" T="undefined" />
	<Point X="109" Y="339" T="undefined" />
	<Point X="109" Y="366" T="undefined" />
	<Point X="109" Y="374" T="undefined" />
	<Point X="109" Y="376" T="undefined" />
	<Point X="109" Y="378" T="undefined" />
	<Point X="110" Y="377" T="undefined" />
	<Point X="113" Y="374" T="undefined" />
	<Point X="127" Y="369" T="undefined" />
	<Point X="194" Y="355" T="undefined" />
	<Point X="236" Y="349" T="undefined" />
	<Point X="268" Y="348" T="undefined" />
	<Point X="308" Y="351" T="undefined" />
	<Point X="325" Y="354" T="undefined" />
	<Point X="341" Y="358" T="undefined" />
	<Point X="347" Y="358" T="undefined" />
	<Point X="351" Y="360" T="undefined" />
	<Point X="354" Y="360" T="undefined" />
	<Point X="355" Y="360" T="undefined" />
	<Point X="356" Y="360" T="undefined" />
	<Point X="356" Y="360" T="undefined" />
	<Point X="356" Y="359" T="undefined" />
	<Point X="356" Y="355" T="undefined" />
	<Point X="348" Y="323" T="undefined" />
	<Point X="325" Y="263" T="undefined" />
	<Point X="304" Y="200" T="undefined" />
	<Point X="292" Y="155" T="undefined" />
	<Point X="287" Y="140" T="undefined" />
	<Point X="283" Y="131" T="undefined" />
	<Point X="282" Y="128" T="undefined" />
	<Point X="279" Y="124" T="undefined" />
	<Point X="277" Y="120" T="undefined" />
	<Point X="276" Y="118" T="undefined" />
	<Point X="274" Y="115" T="undefined" />
	<Point X="273" Y="112" T="undefined" />
	<Point X="272" Y="112" T="undefined" />
	<Point X="272" Y="111" T="undefined" />
	<Point X="270" Y="110" T="undefined" />
	<Point X="270" Y="110" T="undefined" />
	<Point X="268" Y="110" T="undefined" />
	<Point X="262" Y="108" T="undefined" />
	<Point X="251" Y="108" T="undefined" />
	<Point X="199" Y="112" T="undefined" />
	<Point X="143" Y="121" T="undefined" />
	<Point X="109" Y="128" T="undefined" />
	<Point X="90" Y="130" T="undefined" />
	<Point X="88" Y="130" T="undefined" />
	<Point X="86" Y="130" T="undefined" />
</Gesture>