<?xml version="1.0" encoding="utf-8" standalone="yes"?>
<Gesture Name="Rectangle4" NumPts="60">
	<Point X="153" Y="172" T="undefined" />
	<Point X="153" Y="174" T="undefined" />
	<Point X="153" Y="174" T="undefined" />
	<Point X="154" Y="196" T="undefined" />
	<Point X="162" Y="235" T="undefined" />
	<Point X="173" Y="286" T="undefined" />
	<Point X="182" Y="325" T="undefined" />
	<Point X="188" Y="342" T="undefined" />
	<Point X="192" Y="354" T="undefined" />
	<Point X="194" Y="364" T="undefined" />
	<Point X="196" Y="367" T="undefined" />
	<Point X="197" Y="368" T="undefined" />
	<Point X="198" Y="369" T="undefined" />
	<Point X="198" Y="369" T="undefined" />
	<Point X="199" Y="369" T="undefined" />
	<Point X="200" Y="369" T="undefined" />
	<Point X="201" Y="369" T="undefined" />
	<Point X="202" Y="369" T="undefined" />
	<Point X="207" Y="367" T="undefined" />
	<Point X="239" Y="354" T="undefined" />
	<Point X="278" Y="345" T="undefined" />
	<Point X="353" Y="332" T="undefined" />
	<Point X="373" Y="330" T="undefined" />
	<Point X="392" Y="329" T="undefined" />
	<Point X="398" Y="329" T="undefined" />
	<Point X="402" Y="329" T="undefined" />
	<Point X="404" Y="329" T="undefined" />
	<Point X="405" Y="329" T="undefined" />
	<Point X="406" Y="329" T="undefined" />
	<Point X="406" Y="329" T="undefined" />
	<Point X="406" Y="328" T="undefined" />
	<Point X="406" Y="327" T="undefined" />
	<Point X="406" Y="326" T="undefined" />
	<Point X="406" Y="323" T="undefined" />
	<Point X="404" Y="310" T="undefined" />
	<Point X="398" Y="290" T="undefined" />
	<Point X="392" Y="263" T="undefined" />
	<Point X="382" Y="213" T="undefined" />
	<Point X="378" Y="188" T="undefined" />
	<Point X="375" Y="172" T="undefined" />
	<Point X="372" Y="159" T="undefined" />
	<Point X="370" Y="156" T="undefined" />
	<Point X="368" Y="154" T="undefined" />
	<Point X="366" Y="152" T="undefined" />
	<Point X="365" Y="152" T="undefined" />
	<Point X="362" Y="150" T="undefined" />
	<Point X="361" Y="150" T="undefined" />
	<Point X="358" Y="150" T="undefined" />
	<Point X="356" Y="149" T="undefined" />
	<Point X="344" Y="148" T="undefined" />
	<Point X="330" Y="146" T="undefined" />
	<Point X="269" Y="146" T="undefined" />
	<Point X="214" Y="150" T="undefined" />
	<Point X="181" Y="152" T="undefined" />
	<Point X="155" Y="156" T="undefined" />
	<Point X="151" Y="156" T="undefined" />
	<Point X="149" Y="156" T="undefined" />
	<Point X="146" Y="156" T="undefined" />
	<Point X="146" Y="155" T="undefined" />
	<Point X="145" Y="155" T="undefined" />
</Gesture>