<?xml version="1.0" encoding="utf-8" standalone="yes"?>
<Gesture Name="Rectangle8" NumPts="68">
	<Point X="152" Y="164" T="undefined" />
	<Point X="152" Y="176" T="undefined" />
	<Point X="155" Y="197" T="undefined" />
	<Point X="162" Y="253" T="undefined" />
	<Point X="168" Y="282" T="undefined" />
	<Point X="175" Y="313" T="undefined" />
	<Point X="178" Y="326" T="undefined" />
	<Point X="179" Y="332" T="undefined" />
	<Point X="180" Y="334" T="undefined" />
	<Point X="180" Y="335" T="undefined" />
	<Point X="180" Y="336" T="undefined" />
	<Point X="181" Y="336" T="undefined" />
	<Point X="182" Y="336" T="undefined" />
	<Point X="183" Y="336" T="undefined" />
	<Point X="192" Y="334" T="undefined" />
	<Point X="211" Y="328" T="undefined" />
	<Point X="242" Y="320" T="undefined" />
	<Point X="290" Y="310" T="undefined" />
	<Point X="314" Y="306" T="undefined" />
	<Point X="340" Y="305" T="undefined" />
	<Point X="355" Y="305" T="undefined" />
	<Point X="364" Y="305" T="undefined" />
	<Point X="373" Y="305" T="undefined" />
	<Point X="377" Y="305" T="undefined" />
	<Point X="380" Y="305" T="undefined" />
	<Point X="382" Y="305" T="undefined" />
	<Point X="384" Y="305" T="undefined" />
	<Point X="384" Y="305" T="undefined" />
	<Point X="386" Y="305" T="undefined" />
	<Point X="386" Y="304" T="undefined" />
	<Point X="386" Y="304" T="undefined" />
	<Point X="386" Y="302" T="undefined" />
	<Point X="385" Y="292" T="undefined" />
	<Point X="381" Y="275" T="undefined" />
	<Point X="376" Y="249" T="undefined" />
	<Point X="366" Y="206" T="undefined" />
	<Point X="360" Y="187" T="undefined" />
	<Point X="356" Y="173" T="undefined" />
	<Point X="350" Y="160" T="undefined" />
	<Point X="346" Y="153" T="undefined" />
	<Point X="342" Y="147" T="undefined" />
	<Point X="340" Y="144" T="undefined" />
	<Point X="340" Y="142" T="undefined" />
	<Point X="337" Y="140" T="undefined" />
	<Point X="336" Y="139" T="undefined" />
	<Point X="336" Y="138" T="undefined" />
	<Point X="334" Y="137" T="undefined" />
	<Point X="334" Y="136" T="undefined" />
	<Point X="334" Y="136" T="undefined" />
	<Point X="332" Y="136" T="undefined" />
	<Point X="330" Y="136" T="undefined" />
	<Point X="327" Y="136" T="undefined" />
	<Point X="322" Y="136" T="undefined" />
	<Point X="310" Y="136" T="undefined" />
	<Point X="282" Y="138" T="undefined" />
	<Point X="260" Y="141" T="undefined" />
	<Point X="238" Y="145" T="undefined" />
	<Point X="207" Y="151" T="undefined" />
	<Point X="189" Y="154" T="undefined" />
	<Point X="174" Y="156" T="undefined" />
	<Point X="161" Y="156" T="undefined" />
	<Point X="154" Y="156" T="undefined" />
	<Point X="148" Y="156" T="undefined" />
	<Point X="141" Y="156" T="undefined" />
	<Point X="136" Y="156" T="undefined" />
	<Point X="135" Y="156" T="undefined" />
	<Point X="132" Y="156" T="undefined" />
	<Point X="132" Y="156" T="undefined" />
</Gesture>