<?xml version="1.0" encoding="utf-8" standalone="yes"?>
<Gesture Name="Rectangle3" NumPts="47">
	<Point X="138" Y="143" T="undefined" />
	<Point X="139" Y="148" T="undefined" />
	<Point X="144" Y="164" T="undefined" />
	<Point X="169" Y="236" T="undefined" />
	<Point X="196" Y="316" T="undefined" />
	<Point X="218" Y="374" T="undefined" />
	<Point X="229" Y="403" T="undefined" />
	<Point X="235" Y="417" T="undefined" />
	<Point X="237" Y="422" T="undefined" />
	<Point X="238" Y="424" T="undefined" />
	<Point X="238" Y="424" T="undefined" />
	<Point X="239" Y="424" T="undefined" />
	<Point X="240" Y="424" T="undefined" />
	<Point X="240" Y="424" T="undefined" />
	<Point X="242" Y="422" T="undefined" />
	<Point X="246" Y="420" T="undefined" />
	<Point X="259" Y="413" T="undefined" />
	<Point X="288" Y="398" T="undefined" />
	<Point X="342" Y="376" T="undefined" />
	<Point X="382" Y="364" T="undefined" />
	<Point X="404" Y="357" T="undefined" />
	<Point X="416" Y="352" T="undefined" />
	<Point X="422" Y="347" T="undefined" />
	<Point X="424" Y="346" T="undefined" />
	<Point X="428" Y="335" T="undefined" />
	<Point X="427" Y="316" T="undefined" />
	<Point X="420" Y="279" T="undefined" />
	<Point X="403" Y="217" T="undefined" />
	<Point X="384" Y="166" T="undefined" />
	<Point X="369" Y="130" T="undefined" />
	<Point X="362" Y="113" T="undefined" />
	<Point X="358" Y="106" T="undefined" />
	<Point X="356" Y="104" T="undefined" />
	<Point X="355" Y="104" T="undefined" />
	<Point X="354" Y="104" T="undefined" />
	<Point X="354" Y="104" T="undefined" />
	<Point X="350" Y="104" T="undefined" />
	<Point X="344" Y="105" T="undefined" />
	<Point X="328" Y="108" T="undefined" />
	<Point X="298" Y="112" T="undefined" />
	<Point X="246" Y="124" T="undefined" />
	<Point X="206" Y="134" T="undefined" />
	<Point X="184" Y="138" T="undefined" />
	<Point X="174" Y="138" T="undefined" />
	<Point X="170" Y="138" T="undefined" />
	<Point X="168" Y="138" T="undefined" />
	<Point X="167" Y="137" T="undefined" />
</Gesture>