<?xml version="1.0" encoding="utf-8" standalone="yes"?>
<Gesture Name="Check3" NumPts="40">
	<Point X="169" Y="245" T="undefined" />
	<Point X="171" Y="246" T="undefined" />
	<Point X="175" Y="248" T="undefined" />
	<Point X="186" Y="258" T="undefined" />
	<Point X="200" Y="273" T="undefined" />
	<Point X="215" Y="288" T="undefined" />
	<Point X="228" Y="302" T="undefined" />
	<Point X="238" Y="312" T="undefined" />
	<Point X="244" Y="318" T="undefined" />
	<Point X="248" Y="320" T="undefined" />
	<Point X="249" Y="321" T="undefined" />
	<Point X="250" Y="322" T="undefined" />
	<Point X="251" Y="322" T="undefined" />
	<Point X="252" Y="322" T="undefined" />
	<Point X="253" Y="322" T="undefined" />
	<Point X="255" Y="318" T="undefined" />
	<Point X="263" Y="306" T="undefined" />
	<Point X="284" Y="278" T="undefined" />
	<Point X="316" Y="238" T="undefined" />
	<Point X="338" Y="214" T="undefined" />
	<Point X="354" Y="191" T="undefined" />
	<Point X="362" Y="177" T="undefined" />
	<Point X="369" Y="164" T="undefined" />
	<Point X="372" Y="161" T="undefined" />
	<Point X="373" Y="160" T="undefined" />
	<Point X="374" Y="158" T="undefined" />
	<Point X="374" Y="157" T="undefined" />
	<Point X="375" Y="156" T="undefined" />
	<Point X="376" Y="156" T="undefined" />
	<Point X="376" Y="156" T="undefined" />
	<Point X="376" Y="155" T="undefined" />
	<Point X="379" Y="152" T="undefined" />
	<Point X="384" Y="147" T="undefined" />
	<Point X="387" Y="143" T="undefined" />
	<Point X="390" Y="140" T="undefined" />
	<Point X="393" Y="137" T="undefined" />
	<Point X="394" Y="136" T="undefined" />
	<Point X="395" Y="135" T="undefined" />
	<Point X="396" Y="134" T="undefined" />
	<Point X="396" Y="134" T="undefined" />
</Gesture>