<?xml version="1.0" encoding="utf-8" standalone="yes"?>
<Gesture Name="Check6" NumPts="19">
	<Point X="118" Y="222" T="undefined" />
	<Point X="122" Y="230" T="undefined" />
	<Point X="138" Y="258" T="undefined" />
	<Point X="150" Y="282" T="undefined" />
	<Point X="164" Y="302" T="undefined" />
	<Point X="170" Y="308" T="undefined" />
	<Point X="174" Y="312" T="undefined" />
	<Point X="175" Y="312" T="undefined" />
	<Point X="176" Y="313" T="undefined" />
	<Point X="176" Y="312" T="undefined" />
	<Point X="180" Y="309" T="undefined" />
	<Point X="192" Y="290" T="undefined" />
	<Point X="264" Y="185" T="undefined" />
	<Point X="302" Y="135" T="undefined" />
	<Point X="318" Y="111" T="undefined" />
	<Point X="327" Y="96" T="undefined" />
	<Point X="330" Y="93" T="undefined" />
	<Point X="331" Y="92" T="undefined" />
	<Point X="332" Y="92" T="undefined" />
</Gesture>