<?xml version="1.0" encoding="utf-8" standalone="yes"?>
<Gesture Name="Check2" NumPts="27">
	<Point X="172" Y="271" T="undefined" />
	<Point X="174" Y="273" T="undefined" />
	<Point X="179" Y="282" T="undefined" />
	<Point X="188" Y="302" T="undefined" />
	<Point X="201" Y="331" T="undefined" />
	<Point X="217" Y="371" T="undefined" />
	<Point X="227" Y="390" T="undefined" />
	<Point X="233" Y="402" T="undefined" />
	<Point X="237" Y="408" T="undefined" />
	<Point X="238" Y="409" T="undefined" />
	<Point X="238" Y="410" T="undefined" />
	<Point X="240" Y="410" T="undefined" />
	<Point X="240" Y="410" T="undefined" />
	<Point X="241" Y="409" T="undefined" />
	<Point X="242" Y="406" T="undefined" />
	<Point X="248" Y="398" T="undefined" />
	<Point X="265" Y="373" T="undefined" />
	<Point X="325" Y="297" T="undefined" />
	<Point X="359" Y="258" T="undefined" />
	<Point X="391" Y="224" T="undefined" />
	<Point X="404" Y="212" T="undefined" />
	<Point X="414" Y="203" T="undefined" />
	<Point X="418" Y="200" T="undefined" />
	<Point X="421" Y="198" T="undefined" />
	<Point X="422" Y="198" T="undefined" />
	<Point X="423" Y="198" T="undefined" />
	<Point X="424" Y="198" T="undefined" />
</Gesture>