<?xml version="1.0" encoding="utf-8" standalone="yes"?>
<Gesture Name="Check9" NumPts="18">
	<Point X="172" Y="279" T="undefined" />
	<Point X="177" Y="286" T="undefined" />
	<Point X="188" Y="300" T="undefined" />
	<Point X="202" Y="322" T="undefined" />
	<Point X="212" Y="335" T="undefined" />
	<Point X="218" Y="344" T="undefined" />
	<Point X="220" Y="347" T="undefined" />
	<Point X="221" Y="348" T="undefined" />
	<Point X="222" Y="349" T="undefined" />
	<Point X="222" Y="349" T="undefined" />
	<Point X="225" Y="348" T="undefined" />
	<Point X="232" Y="339" T="undefined" />
	<Point X="271" Y="280" T="undefined" />
	<Point X="308" Y="222" T="undefined" />
	<Point X="338" Y="176" T="undefined" />
	<Point X="357" Y="144" T="undefined" />
	<Point X="362" Y="136" T="undefined" />
	<Point X="365" Y="132" T="undefined" />
</Gesture>