<?xml version="1.0" encoding="utf-8" standalone="yes"?>
<Gesture Name="Check4" NumPts="24">
	<Point X="50" Y="214" T="undefined" />
	<Point X="52" Y="216" T="undefined" />
	<Point X="54" Y="222" T="undefined" />
	<Point X="59" Y="230" T="undefined" />
	<Point X="72" Y="258" T="undefined" />
	<Point X="86" Y="288" T="undefined" />
	<Point X="103" Y="320" T="undefined" />
	<Point X="110" Y="331" T="undefined" />
	<Point X="114" Y="339" T="undefined" />
	<Point X="117" Y="343" T="undefined" />
	<Point X="118" Y="344" T="undefined" />
	<Point X="118" Y="345" T="undefined" />
	<Point X="120" Y="345" T="undefined" />
	<Point X="121" Y="345" T="undefined" />
	<Point X="125" Y="342" T="undefined" />
	<Point X="136" Y="332" T="undefined" />
	<Point X="162" Y="304" T="undefined" />
	<Point X="239" Y="215" T="undefined" />
	<Point X="278" Y="164" T="undefined" />
	<Point X="303" Y="130" T="undefined" />
	<Point X="326" Y="99" T="undefined" />
	<Point X="332" Y="92" T="undefined" />
	<Point X="334" Y="90" T="undefined" />
	<Point X="335" Y="90" T="undefined" />
</Gesture>