<?xml version="1.0" encoding="utf-8" standalone="yes"?>
<Gesture Name="Check7" NumPts="20">
	<Point X="117" Y="234" T="undefined" />
	<Point X="123" Y="242" T="undefined" />
	<Point X="132" Y="253" T="undefined" />
	<Point X="149" Y="271" T="undefined" />
	<Point X="164" Y="286" T="undefined" />
	<Point X="174" Y="295" T="undefined" />
	<Point X="180" Y="300" T="undefined" />
	<Point X="182" Y="302" T="undefined" />
	<Point X="184" Y="302" T="undefined" />
	<Point X="185" Y="302" T="undefined" />
	<Point X="188" Y="297" T="undefined" />
	<Point X="207" Y="260" T="undefined" />
	<Point X="247" Y="182" T="undefined" />
	<Point X="283" Y="118" T="undefined" />
	<Point X="306" Y="78" T="undefined" />
	<Point X="311" Y="70" T="undefined" />
	<Point X="314" Y="68" T="undefined" />
	<Point X="314" Y="67" T="undefined" />
	<Point X="315" Y="67" T="undefined" />
	<Point X="315" Y="68" T="undefined" />
</Gesture>