<?xml version="1.0" encoding="utf-8" standalone="yes"?>
<Gesture Name="Check5" NumPts="14">
	<Point X="118" Y="278" T="undefined" />
	<Point X="127" Y="292" T="undefined" />
	<Point X="143" Y="314" T="undefined" />
	<Point X="178" Y="356" T="undefined" />
	<Point X="204" Y="383" T="undefined" />
	<Point X="228" Y="404" T="undefined" />
	<Point X="234" Y="407" T="undefined" />
	<Point X="238" Y="408" T="undefined" />
	<Point X="241" Y="407" T="undefined" />
	<Point X="253" Y="390" T="undefined" />
	<Point X="309" Y="268" T="undefined" />
	<Point X="332" Y="190" T="undefined" />
	<Point X="347" Y="126" T="undefined" />
	<Point X="354" Y="88" T="undefined" />
</Gesture>