<?xml version="1.0" encoding="utf-8" standalone="yes"?>
<Gesture Name="Rectangle5" NumPts="85">
	<Point X="175" Y="172" T="undefined" />
	<Point X="175" Y="174" T="undefined" />
	<Point X="176" Y="176" T="undefined" />
	<Point X="177" Y="185" T="undefined" />
	<Point X="179" Y="194" T="undefined" />
	<Point X="181" Y="211" T="undefined" />
	<Point X="183" Y="222" T="undefined" />
	<Point X="186" Y="233" T="undefined" />
	<Point X="189" Y="244" T="undefined" />
	<Point X="193" Y="254" T="undefined" />
	<Point X="196" Y="263" T="undefined" />
	<Point X="197" Y="269" T="undefined" />
	<Point X="198" Y="275" T="undefined" />
	<Point X="198" Y="279" T="undefined" />
	<Point X="198" Y="282" T="undefined" />
	<Point X="198" Y="283" T="undefined" />
	<Point X="198" Y="284" T="undefined" />
	<Point X="199" Y="284" T="undefined" />
	<Point X="200" Y="284" T="undefined" />
	<Point X="202" Y="283" T="undefined" />
	<Point X="205" Y="282" T="undefined" />
	<Point X="211" Y="281" T="undefined" />
	<Point X="220" Y="279" T="undefined" />
	<Point X="232" Y="277" T="undefined" />
	<Point X="254" Y="273" T="undefined" />
	<Point X="270" Y="269" T="undefined" />
	<Point X="285" Y="266" T="undefined" />
	<Point X="296" Y="265" T="undefined" />
	<Point X="307" Y="261" T="undefined" />
	<Point X="315" Y="259" T="undefined" />
	<Point X="326" Y="256" T="undefined" />
	<Point X="340" Y="252" T="undefined" />
	<Point X="348" Y="251" T="undefined" />
	<Point X="352" Y="250" T="undefined" />
	<Point X="355" Y="249" T="undefined" />
	<Point X="356" Y="249" T="undefined" />
	<Point X="356" Y="248" T="undefined" />
	<Point X="357" Y="248" T="undefined" />
	<Point X="358" Y="247" T="undefined" />
	<Point X="358" Y="245" T="undefined" />
	<Point X="358" Y="242" T="undefined" />
	<Point X="357" Y="239" T="undefined" />
	<Point X="355" Y="233" T="undefined" />
	<Point X="353" Y="227" T="undefined" />
	<Point X="351" Y="215" T="undefined" />
	<Point X="348" Y="208" T="undefined" />
	<Point X="345" Y="198" T="undefined" />
	<Point X="343" Y="187" T="undefined" />
	<Point X="341" Y="180" T="undefined" />
	<Point X="339" Y="170" T="undefined" />
	<Point X="337" Y="164" T="undefined" />
	<Point X="334" Y="157" T="undefined" />
	<Point X="333" Y="155" T="undefined" />
	<Point X="332" Y="153" T="undefined" />
	<Point X="332" Y="150" T="undefined" />
	<Point X="331" Y="147" T="undefined" />
	<Point X="330" Y="145" T="undefined" />
	<Point X="330" Y="144" T="undefined" />
	<Point X="330" Y="142" T="undefined" />
	<Point X="330" Y="141" T="undefined" />
	<Point X="329" Y="139" T="undefined" />
	<Point X="328" Y="138" T="undefined" />
	<Point X="327" Y="138" T="undefined" />
	<Point X="325" Y="138" T="undefined" />
	<Point X="321" Y="138" T="undefined" />
	<Point X="316" Y="139" T="undefined" />
	<Point X="307" Y="141" T="undefined" />
	<Point X="296" Y="145" T="undefined" />
	<Point X="279" Y="149" T="undefined" />
	<Point X="268" Y="152" T="undefined" />
	<Point X="256" Y="155" T="undefined" />
	<Point X="245" Y="157" T="undefined" />
	<Point X="234" Y="159" T="undefined" />
	<Point X="222" Y="161" T="undefined" />
	<Point X="211" Y="163" T="undefined" />
	<Point X="202" Y="167" T="undefined" />
	<Point X="190" Y="171" T="undefined" />
	<Point X="186" Y="173" T="undefined" />
	<Point X="184" Y="173" T="undefined" />
	<Point X="181" Y="174" T="undefined" />
	<Point X="179" Y="174" T="undefined" />
	<Point X="176" Y="175" T="undefined" />
	<Point X="174" Y="175" T="undefined" />
	<Point X="171" Y="176" T="undefined" />
	<Point X="169" Y="177" T="undefined" />
</Gesture>