<?xml version="1.0" encoding="utf-8" standalone="yes"?>
<Gesture Name="Rectangle9" NumPts="98">
	<Point X="192" Y="204" T="undefined" />
	<Point X="192" Y="205" T="undefined" />
	<Point X="192" Y="206" T="undefined" />
	<Point X="192" Y="210" T="undefined" />
	<Point X="192" Y="220" T="undefined" />
	<Point X="196" Y="238" T="undefined" />
	<Point X="198" Y="252" T="undefined" />
	<Point X="199" Y="268" T="undefined" />
	<Point X="202" Y="286" T="undefined" />
	<Point X="204" Y="302" T="undefined" />
	<Point X="204" Y="316" T="undefined" />
	<Point X="204" Y="325" T="undefined" />
	<Point X="205" Y="329" T="undefined" />
	<Point X="205" Y="329" T="undefined" />
	<Point X="206" Y="331" T="undefined" />
	<Point X="206" Y="331" T="undefined" />
	<Point X="211" Y="332" T="undefined" />
	<Point X="230" Y="336" T="undefined" />
	<Point X="262" Y="341" T="undefined" />
	<Point X="306" Y="347" T="undefined" />
	<Point X="362" Y="353" T="undefined" />
	<Point X="387" Y="355" T="undefined" />
	<Point X="400" Y="355" T="undefined" />
	<Point X="409" Y="355" T="undefined" />
	<Point X="412" Y="355" T="undefined" />
	<Point X="415" Y="354" T="undefined" />
	<Point X="420" Y="352" T="undefined" />
	<Point X="422" Y="352" T="undefined" />
	<Point X="425" Y="352" T="undefined" />
	<Point X="428" Y="352" T="undefined" />
	<Point X="430" Y="352" T="undefined" />
	<Point X="434" Y="353" T="undefined" />
	<Point X="437" Y="353" T="undefined" />
	<Point X="440" Y="355" T="undefined" />
	<Point X="441" Y="355" T="undefined" />
	<Point X="441" Y="354" T="undefined" />
	<Point X="440" Y="351" T="undefined" />
	<Point X="438" Y="348" T="undefined" />
	<Point X="432" Y="333" T="undefined" />
	<Point X="430" Y="319" T="undefined" />
	<Point X="426" Y="302" T="undefined" />
	<Point X="422" Y="285" T="undefined" />
	<Point X="419" Y="271" T="undefined" />
	<Point X="416" Y="259" T="undefined" />
	<Point X="412" Y="242" T="undefined" />
	<Point X="410" Y="231" T="undefined" />
	<Point X="407" Y="221" T="undefined" />
	<Point X="405" Y="213" T="undefined" />
	<Point X="402" Y="203" T="undefined" />
	<Point X="401" Y="195" T="undefined" />
	<Point X="400" Y="191" T="undefined" />
	<Point X="400" Y="188" T="undefined" />
	<Point X="400" Y="186" T="undefined" />
	<Point X="399" Y="183" T="undefined" />
	<Point X="399" Y="179" T="undefined" />
	<Point X="398" Y="177" T="undefined" />
	<Point X="398" Y="174" T="undefined" />
	<Point X="397" Y="174" T="undefined" />
	<Point X="396" Y="174" T="undefined" />
	<Point X="394" Y="174" T="undefined" />
	<Point X="389" Y="177" T="undefined" />
	<Point X="379" Y="181" T="undefined" />
	<Point X="365" Y="185" T="undefined" />
	<Point X="348" Y="187" T="undefined" />
	<Point X="331" Y="190" T="undefined" />
	<Point X="307" Y="191" T="undefined" />
	<Point X="294" Y="190" T="undefined" />
	<Point X="286" Y="190" T="undefined" />
	<Point X="283" Y="190" T="undefined" />
	<Point X="279" Y="190" T="undefined" />
	<Point X="276" Y="190" T="undefined" />
	<Point X="273" Y="190" T="undefined" />
	<Point X="270" Y="190" T="undefined" />
	<Point X="267" Y="189" T="undefined" />
	<Point X="264" Y="189" T="undefined" />
	<Point X="262" Y="189" T="undefined" />
	<Point X="258" Y="189" T="undefined" />
	<Point X="252" Y="189" T="undefined" />
	<Point X="248" Y="191" T="undefined" />
	<Point X="244" Y="191" T="undefined" />
	<Point X="240" Y="193" T="undefined" />
	<Point X="232" Y="194" T="undefined" />
	<Point X="229" Y="195" T="undefined" />
	<Point X="226" Y="197" T="undefined" />
	<Point X="223" Y="198" T="undefined" />
	<Point X="220" Y="200" T="undefined" />
	<Point X="217" Y="201" T="undefined" />
	<Point X="214" Y="204" T="undefined" />
	<Point X="211" Y="207" T="undefined" />
	<Point X="208" Y="208" T="undefined" />
	<Point X="204" Y="210" T="undefined" />
	<Point X="202" Y="211" T="undefined" />
	<Point X="201" Y="211" T="undefined" />
	<Point X="199" Y="211" T="undefined" />
	<Point X="198" Y="211" T="undefined" />
	<Point X="197" Y="211" T="undefined" />
	<Point X="196" Y="211" T="undefined" />
	<Point X="195" Y="211" T="undefined" />
</Gesture>