<?xml version="1.0" encoding="utf-8" standalone="yes"?>
<Gesture Name="Rectangle8" NumPts="63">
	<Point X="177" Y="159" T="undefined" />
	<Point X="177" Y="161" T="undefined" />
	<Point X="177" Y="165" T="undefined" />
	<Point X="179" Y="176" T="undefined" />
	<Point X="182" Y="191" T="undefined" />
	<Point X="186" Y="215" T="undefined" />
	<Point X="188" Y="228" T="undefined" />
	<Point X="188" Y="243" T="undefined" />
	<Point X="187" Y="257" T="undefined" />
	<Point X="187" Y="269" T="undefined" />
	<Point X="187" Y="280" T="undefined" />
	<Point X="188" Y="289" T="undefined" />
	<Point X="188" Y="294" T="undefined" />
	<Point X="188" Y="297" T="undefined" />
	<Point X="188" Y="301" T="undefined" />
	<Point X="188" Y="301" T="undefined" />
	<Point X="188" Y="302" T="undefined" />
	<Point X="188" Y="303" T="undefined" />
	<Point X="191" Y="304" T="undefined" />
	<Point X="205" Y="306" T="undefined" />
	<Point X="243" Y="307" T="undefined" />
	<Point X="259" Y="307" T="undefined" />
	<Point X="318" Y="310" T="undefined" />
	<Point X="356" Y="314" T="undefined" />
	<Point X="376" Y="316" T="undefined" />
	<Point X="390" Y="316" T="undefined" />
	<Point X="401" Y="315" T="undefined" />
	<Point X="410" Y="312" T="undefined" />
	<Point X="420" Y="310" T="undefined" />
	<Point X="426" Y="310" T="undefined" />
	<Point X="432" Y="309" T="undefined" />
	<Point X="434" Y="309" T="undefined" />
	<Point X="434" Y="309" T="undefined" />
	<Point X="434" Y="308" T="undefined" />
	<Point X="432" Y="300" T="undefined" />
	<Point X="430" Y="289" T="undefined" />
	<Point X="426" Y="273" T="undefined" />
	<Point X="424" Y="257" T="undefined" />
	<Point X="422" Y="241" T="undefined" />
	<Point X="418" Y="225" T="undefined" />
	<Point X="415" Y="210" T="undefined" />
	<Point X="414" Y="192" T="undefined" />
	<Point X="414" Y="180" T="undefined" />
	<Point X="414" Y="169" T="undefined" />
	<Point X="414" Y="162" T="undefined" />
	<Point X="413" Y="157" T="undefined" />
	<Point X="412" Y="155" T="undefined" />
	<Point X="410" Y="152" T="undefined" />
	<Point X="410" Y="151" T="undefined" />
	<Point X="410" Y="151" T="undefined" />
	<Point X="406" Y="150" T="undefined" />
	<Point X="397" Y="149" T="undefined" />
	<Point X="383" Y="147" T="undefined" />
	<Point X="364" Y="142" T="undefined" />
	<Point X="331" Y="137" T="undefined" />
	<Point X="310" Y="136" T="undefined" />
	<Point X="294" Y="135" T="undefined" />
	<Point X="277" Y="133" T="undefined" />
	<Point X="261" Y="129" T="undefined" />
	<Point X="250" Y="129" T="undefined" />
	<Point X="239" Y="129" T="undefined" />
	<Point X="235" Y="129" T="undefined" />
	<Point X="233" Y="131" T="undefined" />
</Gesture>