<?xml version="1.0" encoding="utf-8" standalone="yes"?>
<Gesture Name="Rectangle7" NumPts="86">
	<Point X="159" Y="160" T="undefined" />
	<Point X="158" Y="161" T="undefined" />
	<Point X="158" Y="162" T="undefined" />
	<Point X="157" Y="164" T="undefined" />
	<Point X="156" Y="167" T="undefined" />
	<Point X="157" Y="171" T="undefined" />
	<Point X="160" Y="180" T="undefined" />
	<Point X="163" Y="191" T="undefined" />
	<Point X="169" Y="210" T="undefined" />
	<Point X="170" Y="220" T="undefined" />
	<Point X="170" Y="228" T="undefined" />
	<Point X="170" Y="234" T="undefined" />
	<Point X="170" Y="238" T="undefined" />
	<Point X="167" Y="246" T="undefined" />
	<Point X="164" Y="251" T="undefined" />
	<Point X="161" Y="255" T="undefined" />
	<Point X="157" Y="259" T="undefined" />
	<Point X="155" Y="261" T="undefined" />
	<Point X="154" Y="263" T="undefined" />
	<Point X="153" Y="265" T="undefined" />
	<Point X="153" Y="265" T="undefined" />
	<Point X="153" Y="267" T="undefined" />
	<Point X="154" Y="268" T="undefined" />
	<Point X="163" Y="272" T="undefined" />
	<Point X="178" Y="276" T="undefined" />
	<Point X="198" Y="280" T="undefined" />
	<Point X="224" Y="285" T="undefined" />
	<Point X="253" Y="289" T="undefined" />
	<Point X="280" Y="291" T="undefined" />
	<Point X="304" Y="293" T="undefined" />
	<Point X="320" Y="293" T="undefined" />
	<Point X="332" Y="295" T="undefined" />
	<Point X="343" Y="297" T="undefined" />
	<Point X="345" Y="297" T="undefined" />
	<Point X="345" Y="297" T="undefined" />
	<Point X="346" Y="296" T="undefined" />
	<Point X="346" Y="296" T="undefined" />
	<Point X="347" Y="295" T="undefined" />
	<Point X="348" Y="293" T="undefined" />
	<Point X="348" Y="289" T="undefined" />
	<Point X="350" Y="282" T="undefined" />
	<Point X="350" Y="274" T="undefined" />
	<Point X="350" Y="265" T="undefined" />
	<Point X="349" Y="253" T="undefined" />
	<Point X="349" Y="243" T="undefined" />
	<Point X="348" Y="226" T="undefined" />
	<Point X="348" Y="215" T="undefined" />
	<Point X="348" Y="204" T="undefined" />
	<Point X="346" Y="198" T="undefined" />
	<Point X="343" Y="191" T="undefined" />
	<Point X="342" Y="185" T="undefined" />
	<Point X="340" Y="180" T="undefined" />
	<Point X="340" Y="175" T="undefined" />
	<Point X="338" Y="171" T="undefined" />
	<Point X="338" Y="165" T="undefined" />
	<Point X="337" Y="161" T="undefined" />
	<Point X="336" Y="160" T="undefined" />
	<Point X="336" Y="158" T="undefined" />
	<Point X="334" Y="158" T="undefined" />
	<Point X="333" Y="157" T="undefined" />
	<Point X="329" Y="157" T="undefined" />
	<Point X="323" Y="156" T="undefined" />
	<Point X="313" Y="156" T="undefined" />
	<Point X="296" Y="156" T="undefined" />
	<Point X="285" Y="156" T="undefined" />
	<Point X="274" Y="155" T="undefined" />
	<Point X="266" Y="153" T="undefined" />
	<Point X="259" Y="151" T="undefined" />
	<Point X="254" Y="151" T="undefined" />
	<Point X="243" Y="149" T="undefined" />
	<Point X="233" Y="149" T="undefined" />
	<Point X="224" Y="149" T="undefined" />
	<Point X="211" Y="150" T="undefined" />
	<Point X="200" Y="151" T="undefined" />
	<Point X="192" Y="151" T="undefined" />
	<Point X="186" Y="151" T="undefined" />
	<Point X="182" Y="152" T="undefined" />
	<Point X="180" Y="153" T="undefined" />
	<Point X="177" Y="154" T="undefined" />
	<Point X="176" Y="155" T="undefined" />
	<Point X="174" Y="156" T="undefined" />
	<Point X="171" Y="158" T="undefined" />
	<Point X="168" Y="161" T="undefined" />
	<Point X="165" Y="163" T="undefined" />
	<Point X="162" Y="165" T="undefined" />
	<Point X="160" Y="167" T="undefined" />
</Gesture>