<?xml version="1.0" encoding="utf-8" standalone="yes"?>
<Gesture Name="Rectangle6" NumPts="79">
	<Point X="106" Y="168" T="undefined" />
	<Point X="109" Y="177" T="undefined" />
	<Point X="113" Y="189" T="undefined" />
	<Point X="119" Y="200" T="undefined" />
	<Point X="124" Y="216" T="undefined" />
	<Point X="128" Y="231" T="undefined" />
	<Point X="131" Y="246" T="undefined" />
	<Point X="134" Y="258" T="undefined" />
	<Point X="137" Y="269" T="undefined" />
	<Point X="140" Y="286" T="undefined" />
	<Point X="142" Y="295" T="undefined" />
	<Point X="144" Y="305" T="undefined" />
	<Point X="145" Y="309" T="undefined" />
	<Point X="145" Y="311" T="undefined" />
	<Point X="145" Y="313" T="undefined" />
	<Point X="145" Y="314" T="undefined" />
	<Point X="145" Y="315" T="undefined" />
	<Point X="145" Y="316" T="undefined" />
	<Point X="145" Y="317" T="undefined" />
	<Point X="145" Y="318" T="undefined" />
	<Point X="146" Y="319" T="undefined" />
	<Point X="149" Y="317" T="undefined" />
	<Point X="159" Y="314" T="undefined" />
	<Point X="180" Y="309" T="undefined" />
	<Point X="210" Y="306" T="undefined" />
	<Point X="274" Y="306" T="undefined" />
	<Point X="302" Y="305" T="undefined" />
	<Point X="319" Y="305" T="undefined" />
	<Point X="332" Y="303" T="undefined" />
	<Point X="337" Y="301" T="undefined" />
	<Point X="340" Y="300" T="undefined" />
	<Point X="343" Y="299" T="undefined" />
	<Point X="345" Y="299" T="undefined" />
	<Point X="347" Y="299" T="undefined" />
	<Point X="347" Y="298" T="undefined" />
	<Point X="347" Y="298" T="undefined" />
	<Point X="347" Y="297" T="undefined" />
	<Point X="348" Y="293" T="undefined" />
	<Point X="348" Y="277" T="undefined" />
	<Point X="342" Y="249" T="undefined" />
	<Point X="340" Y="231" T="undefined" />
	<Point X="338" Y="215" T="undefined" />
	<Point X="336" Y="201" T="undefined" />
	<Point X="334" Y="193" T="undefined" />
	<Point X="332" Y="188" T="undefined" />
	<Point X="331" Y="186" T="undefined" />
	<Point X="330" Y="184" T="undefined" />
	<Point X="330" Y="183" T="undefined" />
	<Point X="330" Y="182" T="undefined" />
	<Point X="329" Y="181" T="undefined" />
	<Point X="329" Y="181" T="undefined" />
	<Point X="328" Y="180" T="undefined" />
	<Point X="325" Y="177" T="undefined" />
	<Point X="317" Y="174" T="undefined" />
	<Point X="301" Y="169" T="undefined" />
	<Point X="290" Y="168" T="undefined" />
	<Point X="279" Y="167" T="undefined" />
	<Point X="264" Y="164" T="undefined" />
	<Point X="247" Y="159" T="undefined" />
	<Point X="227" Y="155" T="undefined" />
	<Point X="205" Y="151" T="undefined" />
	<Point X="182" Y="150" T="undefined" />
	<Point X="157" Y="149" T="undefined" />
	<Point X="146" Y="149" T="undefined" />
	<Point X="141" Y="149" T="undefined" />
	<Point X="138" Y="149" T="undefined" />
	<Point X="136" Y="150" T="undefined" />
	<Point X="131" Y="153" T="undefined" />
	<Point X="128" Y="155" T="undefined" />
	<Point X="125" Y="156" T="undefined" />
	<Point X="121" Y="158" T="undefined" />
	<Point X="117" Y="160" T="undefined" />
	<Point X="114" Y="163" T="undefined" />
	<Point X="112" Y="164" T="undefined" />
	<Point X="109" Y="165" T="undefined" />
	<Point X="107" Y="166" T="undefined" />
	<Point X="107" Y="166" T="undefined" />
	<Point X="108" Y="167" T="undefined" />
	<Point X="118" Y="171" T="undefined" />
</Gesture>