<?xml version="1.0" encoding="utf-8" standalone="yes"?>
<Gesture Name="Rectangle1" NumPts="174">
	<Point X="139" Y="146" T="undefined" />
	<Point X="139" Y="149" T="undefined" />
	<Point X="139" Y="153" T="undefined" />
	<Point X="139" Y="157" T="undefined" />
	<Point X="139" Y="163" T="undefined" />
	<Point X="140" Y="169" T="undefined" />
	<Point X="142" Y="175" T="undefined" />
	<Point X="142" Y="185" T="undefined" />
	<Point X="144" Y="195" T="undefined" />
	<Point X="146" Y="206" T="undefined" />
	<Point X="151" Y="222" T="undefined" />
	<Point X="154" Y="232" T="undefined" />
	<Point X="158" Y="243" T="undefined" />
	<Point X="161" Y="254" T="undefined" />
	<Point X="163" Y="261" T="undefined" />
	<Point X="165" Y="265" T="undefined" />
	<Point X="166" Y="269" T="undefined" />
	<Point X="168" Y="273" T="undefined" />
	<Point X="168" Y="276" T="undefined" />
	<Point X="169" Y="278" T="undefined" />
	<Point X="169" Y="281" T="undefined" />
	<Point X="169" Y="283" T="undefined" />
	<Point X="169" Y="285" T="undefined" />
	<Point X="168" Y="286" T="undefined" />
	<Point X="168" Y="287" T="undefined" />
	<Point X="167" Y="288" T="undefined" />
	<Point X="166" Y="288" T="undefined" />
	<Point X="166" Y="288" T="undefined" />
	<Point X="166" Y="289" T="undefined" />
	<Point X="167" Y="289" T="undefined" />
	<Point X="168" Y="289" T="undefined" />
	<Point X="169" Y="290" T="undefined" />
	<Point X="171" Y="290" T="undefined" />
	<Point X="174" Y="291" T="undefined" />
	<Point X="179" Y="292" T="undefined" />
	<Point X="183" Y="292" T="undefined" />
	<Point X="188" Y="292" T="undefined" />
	<Point X="192" Y="292" T="undefined" />
	<Point X="199" Y="293" T="undefined" />
	<Point X="209" Y="294" T="undefined" />
	<Point X="216" Y="295" T="undefined" />
	<Point X="224" Y="295" T="undefined" />
	<Point X="230" Y="295" T="undefined" />
	<Point X="234" Y="295" T="undefined" />
	<Point X="238" Y="295" T="undefined" />
	<Point X="242" Y="295" T="undefined" />
	<Point X="250" Y="295" T="undefined" />
	<Point X="254" Y="296" T="undefined" />
	<Point X="260" Y="296" T="undefined" />
	<Point X="265" Y="296" T="undefined" />
	<Point X="269" Y="296" T="undefined" />
	<Point X="274" Y="297" T="undefined" />
	<Point X="278" Y="297" T="undefined" />
	<Point X="282" Y="298" T="undefined" />
	<Point X="292" Y="299" T="undefined" />
	<Point X="301" Y="300" T="undefined" />
	<Point X="308" Y="300" T="undefined" />
	<Point X="314" Y="301" T="undefined" />
	<Point X="318" Y="301" T="undefined" />
	<Point X="320" Y="301" T="undefined" />
	<Point X="323" Y="301" T="undefined" />
	<Point X="325" Y="301" T="undefined" />
	<Point X="328" Y="300" T="undefined" />
	<Point X="329" Y="300" T="undefined" />
	<Point X="330" Y="299" T="undefined" />
	<Point X="332" Y="298" T="undefined" />
	<Point X="332" Y="297" T="undefined" />
	<Point X="334" Y="296" T="undefined" />
	<Point X="334" Y="295" T="undefined" />
	<Point X="336" Y="292" T="undefined" />
	<Point X="339" Y="287" T="undefined" />
	<Point X="340" Y="281" T="undefined" />
	<Point X="342" Y="274" T="undefined" />
	<Point X="344" Y="264" T="undefined" />
	<Point X="345" Y="257" T="undefined" />
	<Point X="344" Y="250" T="undefined" />
	<Point X="343" Y="241" T="undefined" />
	<Point X="341" Y="231" T="undefined" />
	<Point X="336" Y="219" T="undefined" />
	<Point X="335" Y="211" T="undefined" />
	<Point X="332" Y="204" T="undefined" />
	<Point X="330" Y="193" T="undefined" />
	<Point X="326" Y="181" T="undefined" />
	<Point X="325" Y="172" T="undefined" />
	<Point X="323" Y="166" T="undefined" />
	<Point X="321" Y="162" T="undefined" />
	<Point X="319" Y="155" T="undefined" />
	<Point X="318" Y="152" T="undefined" />
	<Point X="316" Y="149" T="undefined" />
	<Point X="315" Y="146" T="undefined" />
	<Point X="315" Y="143" T="undefined" />
	<Point X="313" Y="141" T="undefined" />
	<Point X="313" Y="138" T="undefined" />
	<Point X="313" Y="136" T="undefined" />
	<Point X="313" Y="136" T="undefined" />
	<Point X="313" Y="135" T="undefined" />
	<Point X="314" Y="135" T="undefined" />
	<Point X="314" Y="135" T="undefined" />
	<Point X="315" Y="135" T="undefined" />
	<Point X="316" Y="135" T="undefined" />
	<Point X="316" Y="135" T="undefined" />
	<Point X="316" Y="135" T="undefined" />
	<Point X="315" Y="135" T="undefined" />
	<Point X="310" Y="135" T="undefined" />
	<Point X="304" Y="135" T="undefined" />
	<Point X="299" Y="134" T="undefined" />
	<Point X="296" Y="134" T="undefined" />
	<Point X="291" Y="134" T="undefined" />
	<Point X="288" Y="134" T="undefined" />
	<Point X="286" Y="135" T="undefined" />
	<Point X="283" Y="135" T="undefined" />
	<Point X="280" Y="136" T="undefined" />
	<Point X="275" Y="138" T="undefined" />
	<Point X="271" Y="139" T="undefined" />
	<Point X="264" Y="140" T="undefined" />
	<Point X="260" Y="141" T="undefined" />
	<Point X="255" Y="142" T="undefined" />
	<Point X="250" Y="144" T="undefined" />
	<Point X="243" Y="146" T="undefined" />
	<Point X="238" Y="147" T="undefined" />
	<Point X="234" Y="148" T="undefined" />
	<Point X="230" Y="150" T="undefined" />
	<Point X="226" Y="151" T="undefined" />
	<Point X="221" Y="151" T="undefined" />
	<Point X="218" Y="151" T="undefined" />
	<Point X="217" Y="151" T="undefined" />
	<Point X="214" Y="151" T="undefined" />
	<Point X="211" Y="150" T="undefined" />
	<Point X="207" Y="149" T="undefined" />
	<Point X="204" Y="147" T="undefined" />
	<Point X="202" Y="147" T="undefined" />
	<Point X="199" Y="147" T="undefined" />
	<Point X="196" Y="146" T="undefined" />
	<Point X="194" Y="145" T="undefined" />
	<Point X="191" Y="145" T="undefined" />
	<Point X="187" Y="144" T="undefined" />
	<Point X="184" Y="143" T="undefined" />
	<Point X="182" Y="143" T="undefined" />
	<Point X="179" Y="143" T="undefined" />
	<Point X="176" Y="142" T="undefined" />
	<Point X="172" Y="141" T="undefined" />
	<Point X="169" Y="141" T="undefined" />
	<Point X="165" Y="141" T="undefined" />
	<Point X="162" Y="141" T="undefined" />
	<Point X="160" Y="141" T="undefined" />
	<Point X="158" Y="141" T="undefined" />
	<Point X="157" Y="141" T="undefined" />
	<Point X="156" Y="141" T="undefined" />
	<Point X="156" Y="141" T="undefined" />
	<Point X="155" Y="141" T="undefined" />
	<Point X="154" Y="141" T="undefined" />
	<Point X="153" Y="141" T="undefined" />
	<Point X="153" Y="141" T="undefined" />
	<Point X="152" Y="141" T="undefined" />
	<Point X="151" Y="141" T="undefined" />
	<Point X="151" Y="141" T="undefined" />
	<Point X="150" Y="142" T="undefined" />
	<Point X="150" Y="143" T="undefined" />
	<Point X="150" Y="145" T="undefined" />
	<Point X="150" Y="145" T="undefined" />
	<Point X="151" Y="146" T="undefined" />
	<Point X="151" Y="147" T="undefined" />
	<Point X="152" Y="148" T="undefined" />
	<Point X="152" Y="149" T="undefined" />
	<Point X="153" Y="151" T="undefined" />
	<Point X="153" Y="152" T="undefined" />
	<Point X="153" Y="153" T="undefined" />
	<Point X="154" Y="153" T="undefined" />
	<Point X="154" Y="153" T="undefined" />
	<Point X="154" Y="152" T="undefined" />
	<Point X="154" Y="151" T="undefined" />
	<Point X="154" Y="150" T="undefined" />
	<Point X="155" Y="149" T="undefined" />
	<Point X="156" Y="147" T="undefined" />
</Gesture>