<?xml version="1.0" encoding="utf-8" standalone="yes"?>
<Gesture Name="Star0" NumPts="160">
	<Point X="142" Y="303" T="undefined" />
	<Point X="144" Y="297" T="undefined" />
	<Point X="148" Y="292" T="undefined" />
	<Point X="151" Y="286" T="undefined" />
	<Point X="152" Y="280" T="undefined" />
	<Point X="156" Y="273" T="undefined" />
	<Point X="159" Y="268" T="undefined" />
	<Point X="162" Y="260" T="undefined" />
	<Point X="166" Y="252" T="undefined" />
	<Point X="169" Y="242" T="undefined" />
	<Point X="175" Y="227" T="undefined" />
	<Point X="178" Y="218" T="undefined" />
	<Point X="182" Y="208" T="undefined" />
	<Point X="185" Y="199" T="undefined" />
	<Point X="189" Y="189" T="undefined" />
	<Point X="191" Y="181" T="undefined" />
	<Point X="195" Y="173" T="undefined" />
	<Point X="197" Y="166" T="undefined" />
	<Point X="202" Y="155" T="undefined" />
	<Point X="203" Y="148" T="undefined" />
	<Point X="205" Y="142" T="undefined" />
	<Point X="208" Y="137" T="undefined" />
	<Point X="209" Y="134" T="undefined" />
	<Point X="211" Y="131" T="undefined" />
	<Point X="214" Y="127" T="undefined" />
	<Point X="216" Y="124" T="undefined" />
	<Point X="218" Y="122" T="undefined" />
	<Point X="219" Y="119" T="undefined" />
	<Point X="219" Y="118" T="undefined" />
	<Point X="220" Y="117" T="undefined" />
	<Point X="220" Y="117" T="undefined" />
	<Point X="222" Y="118" T="undefined" />
	<Point X="223" Y="120" T="undefined" />
	<Point X="228" Y="128" T="undefined" />
	<Point X="231" Y="135" T="undefined" />
	<Point X="235" Y="147" T="undefined" />
	<Point X="239" Y="158" T="undefined" />
	<Point X="243" Y="171" T="undefined" />
	<Point X="247" Y="183" T="undefined" />
	<Point X="250" Y="194" T="undefined" />
	<Point X="254" Y="204" T="undefined" />
	<Point X="258" Y="214" T="undefined" />
	<Point X="262" Y="226" T="undefined" />
	<Point X="265" Y="233" T="undefined" />
	<Point X="268" Y="240" T="undefined" />
	<Point X="272" Y="248" T="undefined" />
	<Point X="275" Y="254" T="undefined" />
	<Point X="278" Y="262" T="undefined" />
	<Point X="282" Y="271" T="undefined" />
	<Point X="284" Y="279" T="undefined" />
	<Point X="287" Y="283" T="undefined" />
	<Point X="290" Y="289" T="undefined" />
	<Point X="290" Y="292" T="undefined" />
	<Point X="292" Y="294" T="undefined" />
	<Point X="292" Y="296" T="undefined" />
	<Point X="292" Y="297" T="undefined" />
	<Point X="292" Y="297" T="undefined" />
	<Point X="291" Y="296" T="undefined" />
	<Point X="288" Y="293" T="undefined" />
	<Point X="282" Y="288" T="undefined" />
	<Point X="266" Y="274" T="undefined" />
	<Point X="254" Y="263" T="undefined" />
	<Point X="242" Y="254" T="undefined" />
	<Point X="230" Y="244" T="undefined" />
	<Point X="218" Y="236" T="undefined" />
	<Point X="208" Y="228" T="undefined" />
	<Point X="201" Y="224" T="undefined" />
	<Point X="194" Y="221" T="undefined" />
	<Point X="182" Y="216" T="undefined" />
	<Point X="174" Y="210" T="undefined" />
	<Point X="170" Y="208" T="undefined" />
	<Point X="164" Y="204" T="undefined" />
	<Point X="158" Y="200" T="undefined" />
	<Point X="151" Y="195" T="undefined" />
	<Point X="145" Y="192" T="undefined" />
	<Point X="142" Y="190" T="undefined" />
	<Point X="139" Y="187" T="undefined" />
	<Point X="136" Y="186" T="undefined" />
	<Point X="134" Y="184" T="undefined" />
	<Point X="132" Y="183" T="undefined" />
	<Point X="132" Y="182" T="undefined" />
	<Point X="130" Y="181" T="undefined" />
	<Point X="128" Y="180" T="undefined" />
	<Point X="127" Y="180" T="undefined" />
	<Point X="127" Y="179" T="undefined" />
	<Point X="128" Y="178" T="undefined" />
	<Point X="128" Y="178" T="undefined" />
	<Point X="130" Y="178" T="undefined" />
	<Point X="133" Y="178" T="undefined" />
	<Point X="140" Y="178" T="undefined" />
	<Point X="149" Y="178" T="undefined" />
	<Point X="166" Y="178" T="undefined" />
	<Point X="176" Y="179" T="undefined" />
	<Point X="186" Y="179" T="undefined" />
	<Point X="197" Y="180" T="undefined" />
	<Point X="208" Y="181" T="undefined" />
	<Point X="215" Y="181" T="undefined" />
	<Point X="220" Y="181" T="undefined" />
	<Point X="228" Y="180" T="undefined" />
	<Point X="233" Y="180" T="undefined" />
	<Point X="236" Y="180" T="undefined" />
	<Point X="240" Y="179" T="undefined" />
	<Point X="242" Y="179" T="undefined" />
	<Point X="245" Y="178" T="undefined" />
	<Point X="248" Y="178" T="undefined" />
	<Point X="250" Y="178" T="undefined" />
	<Point X="253" Y="178" T="undefined" />
	<Point X="254" Y="178" T="undefined" />
	<Point X="258" Y="178" T="undefined" />
	<Point X="260" Y="179" T="undefined" />
	<Point X="262" Y="180" T="undefined" />
	<Point X="265" Y="180" T="undefined" />
	<Point X="268" Y="181" T="undefined" />
	<Point X="270" Y="182" T="undefined" />
	<Point X="272" Y="182" T="undefined" />
	<Point X="274" Y="182" T="undefined" />
	<Point X="276" Y="183" T="undefined" />
	<Point X="278" Y="183" T="undefined" />
	<Point X="279" Y="183" T="undefined" />
	<Point X="281" Y="183" T="undefined" />
	<Point X="283" Y="184" T="undefined" />
	<Point X="284" Y="184" T="undefined" />
	<Point X="286" Y="185" T="undefined" />
	<Point X="287" Y="185" T="undefined" />
	<Point X="287" Y="185" T="undefined" />
	<Point X="287" Y="185" T="undefined" />
	<Point X="287" Y="187" T="undefined" />
	<Point X="284" Y="191" T="undefined" />
	<Point X="268" Y="198" T="undefined" />
	<Point X="255" Y="202" T="undefined" />
	<Point X="241" Y="206" T="undefined" />
	<Point X="228" Y="210" T="undefined" />
	<Point X="216" Y="214" T="undefined" />
	<Point X="210" Y="217" T="undefined" />
	<Point X="207" Y="220" T="undefined" />
	<Point X="204" Y="223" T="undefined" />
	<Point X="201" Y="226" T="undefined" />
	<Point X="197" Y="230" T="undefined" />
	<Point X="194" Y="233" T="undefined" />
	<Point X="191" Y="236" T="undefined" />
	<Point X="188" Y="239" T="undefined" />
	<Point X="186" Y="242" T="undefined" />
	<Point X="183" Y="244" T="undefined" />
	<Point X="178" Y="248" T="undefined" />
	<Point X="177" Y="251" T="undefined" />
	<Point X="174" Y="254" T="undefined" />
	<Point X="173" Y="258" T="undefined" />
	<Point X="171" Y="260" T="undefined" />
	<Point X="169" Y="263" T="undefined" />
	<Point X="168" Y="266" T="undefined" />
	<Point X="166" Y="269" T="undefined" />
	<Point X="165" Y="272" T="undefined" />
	<Point X="162" Y="276" T="undefined" />
	<Point X="160" Y="278" T="undefined" />
	<Point X="158" Y="281" T="undefined" />
	<Point X="156" Y="284" T="undefined" />
	<Point X="155" Y="287" T="undefined" />
	<Point X="154" Y="289" T="undefined" />
	<Point X="154" Y="290" T="undefined" />
	<Point X="154" Y="291" T="undefined" />
</Gesture>