<?xml version="1.0" encoding="utf-8" standalone="yes"?>
<Gesture Name="Star6" NumPts="162">
	<Point X="133" Y="381" T="undefined" />
	<Point X="133" Y="381" T="undefined" />
	<Point X="132" Y="381" T="undefined" />
	<Point X="132" Y="381" T="undefined" />
	<Point X="132" Y="379" T="undefined" />
	<Point X="132" Y="378" T="undefined" />
	<Point X="132" Y="377" T="undefined" />
	<Point X="132" Y="376" T="undefined" />
	<Point X="132" Y="372" T="undefined" />
	<Point X="133" Y="371" T="undefined" />
	<Point X="134" Y="368" T="undefined" />
	<Point X="136" Y="365" T="undefined" />
	<Point X="137" Y="361" T="undefined" />
	<Point X="139" Y="358" T="undefined" />
	<Point X="142" Y="354" T="undefined" />
	<Point X="144" Y="351" T="undefined" />
	<Point X="146" Y="348" T="undefined" />
	<Point X="148" Y="339" T="undefined" />
	<Point X="150" Y="332" T="undefined" />
	<Point X="152" Y="327" T="undefined" />
	<Point X="154" Y="321" T="undefined" />
	<Point X="158" Y="314" T="undefined" />
	<Point X="161" Y="307" T="undefined" />
	<Point X="164" Y="297" T="undefined" />
	<Point X="166" Y="286" T="undefined" />
	<Point X="167" Y="269" T="undefined" />
	<Point X="168" Y="258" T="undefined" />
	<Point X="172" Y="247" T="undefined" />
	<Point X="174" Y="235" T="undefined" />
	<Point X="176" Y="224" T="undefined" />
	<Point X="178" Y="217" T="undefined" />
	<Point X="178" Y="211" T="undefined" />
	<Point X="179" Y="206" T="undefined" />
	<Point X="180" Y="201" T="undefined" />
	<Point X="181" Y="198" T="undefined" />
	<Point X="181" Y="195" T="undefined" />
	<Point X="181" Y="192" T="undefined" />
	<Point X="181" Y="190" T="undefined" />
	<Point X="181" Y="189" T="undefined" />
	<Point X="181" Y="189" T="undefined" />
	<Point X="183" Y="191" T="undefined" />
	<Point X="186" Y="198" T="undefined" />
	<Point X="190" Y="208" T="undefined" />
	<Point X="197" Y="220" T="undefined" />
	<Point X="202" Y="231" T="undefined" />
	<Point X="207" Y="243" T="undefined" />
	<Point X="211" Y="254" T="undefined" />
	<Point X="217" Y="266" T="undefined" />
	<Point X="221" Y="277" T="undefined" />
	<Point X="225" Y="284" T="undefined" />
	<Point X="231" Y="295" T="undefined" />
	<Point X="234" Y="301" T="undefined" />
	<Point X="237" Y="305" T="undefined" />
	<Point X="240" Y="308" T="undefined" />
	<Point X="242" Y="314" T="undefined" />
	<Point X="245" Y="317" T="undefined" />
	<Point X="248" Y="323" T="undefined" />
	<Point X="253" Y="331" T="undefined" />
	<Point X="255" Y="335" T="undefined" />
	<Point X="257" Y="338" T="undefined" />
	<Point X="258" Y="341" T="undefined" />
	<Point X="260" Y="343" T="undefined" />
	<Point X="260" Y="347" T="undefined" />
	<Point X="262" Y="349" T="undefined" />
	<Point X="263" Y="354" T="undefined" />
	<Point X="264" Y="357" T="undefined" />
	<Point X="264" Y="359" T="undefined" />
	<Point X="264" Y="361" T="undefined" />
	<Point X="265" Y="364" T="undefined" />
	<Point X="265" Y="367" T="undefined" />
	<Point X="266" Y="368" T="undefined" />
	<Point X="266" Y="369" T="undefined" />
	<Point X="265" Y="369" T="undefined" />
	<Point X="263" Y="368" T="undefined" />
	<Point X="260" Y="364" T="undefined" />
	<Point X="257" Y="360" T="undefined" />
	<Point X="250" Y="352" T="undefined" />
	<Point X="231" Y="340" T="undefined" />
	<Point X="219" Y="332" T="undefined" />
	<Point X="206" Y="324" T="undefined" />
	<Point X="193" Y="316" T="undefined" />
	<Point X="182" Y="309" T="undefined" />
	<Point X="170" Y="301" T="undefined" />
	<Point X="158" Y="291" T="undefined" />
	<Point X="147" Y="282" T="undefined" />
	<Point X="135" Y="274" T="undefined" />
	<Point X="117" Y="264" T="undefined" />
	<Point X="106" Y="258" T="undefined" />
	<Point X="97" Y="255" T="undefined" />
	<Point X="90" Y="251" T="undefined" />
	<Point X="80" Y="248" T="undefined" />
	<Point X="75" Y="245" T="undefined" />
	<Point X="72" Y="244" T="undefined" />
	<Point X="70" Y="243" T="undefined" />
	<Point X="67" Y="241" T="undefined" />
	<Point X="65" Y="239" T="undefined" />
	<Point X="63" Y="238" T="undefined" />
	<Point X="62" Y="237" T="undefined" />
	<Point X="62" Y="237" T="undefined" />
	<Point X="64" Y="237" T="undefined" />
	<Point X="70" Y="237" T="undefined" />
	<Point X="82" Y="237" T="undefined" />
	<Point X="98" Y="237" T="undefined" />
	<Point X="123" Y="238" T="undefined" />
	<Point X="140" Y="240" T="undefined" />
	<Point X="153" Y="241" T="undefined" />
	<Point X="164" Y="243" T="undefined" />
	<Point X="176" Y="246" T="undefined" />
	<Point X="184" Y="247" T="undefined" />
	<Point X="199" Y="246" T="undefined" />
	<Point X="211" Y="243" T="undefined" />
	<Point X="219" Y="241" T="undefined" />
	<Point X="223" Y="241" T="undefined" />
	<Point X="226" Y="241" T="undefined" />
	<Point X="229" Y="241" T="undefined" />
	<Point X="232" Y="240" T="undefined" />
	<Point X="238" Y="240" T="undefined" />
	<Point X="244" Y="240" T="undefined" />
	<Point X="254" Y="240" T="undefined" />
	<Point X="256" Y="240" T="undefined" />
	<Point X="258" Y="241" T="undefined" />
	<Point X="259" Y="241" T="undefined" />
	<Point X="262" Y="242" T="undefined" />
	<Point X="264" Y="242" T="undefined" />
	<Point X="267" Y="244" T="undefined" />
	<Point X="270" Y="245" T="undefined" />
	<Point X="273" Y="246" T="undefined" />
	<Point X="274" Y="246" T="undefined" />
	<Point X="276" Y="246" T="undefined" />
	<Point X="276" Y="247" T="undefined" />
	<Point X="276" Y="247" T="undefined" />
	<Point X="275" Y="249" T="undefined" />
	<Point X="273" Y="252" T="undefined" />
	<Point X="268" Y="257" T="undefined" />
	<Point X="260" Y="261" T="undefined" />
	<Point X="248" Y="269" T="undefined" />
	<Point X="236" Y="278" T="undefined" />
	<Point X="224" Y="286" T="undefined" />
	<Point X="212" Y="296" T="undefined" />
	<Point X="194" Y="306" T="undefined" />
	<Point X="184" Y="313" T="undefined" />
	<Point X="176" Y="319" T="undefined" />
	<Point X="172" Y="324" T="undefined" />
	<Point X="169" Y="327" T="undefined" />
	<Point X="166" Y="332" T="undefined" />
	<Point X="164" Y="336" T="undefined" />
	<Point X="160" Y="339" T="undefined" />
	<Point X="158" Y="342" T="undefined" />
	<Point X="154" Y="345" T="undefined" />
	<Point X="150" Y="349" T="undefined" />
	<Point X="147" Y="352" T="undefined" />
	<Point X="144" Y="353" T="undefined" />
	<Point X="140" Y="357" T="undefined" />
	<Point X="138" Y="359" T="undefined" />
	<Point X="136" Y="361" T="undefined" />
	<Point X="134" Y="363" T="undefined" />
	<Point X="134" Y="364" T="undefined" />
	<Point X="133" Y="365" T="undefined" />
	<Point X="131" Y="368" T="undefined" />
	<Point X="130" Y="369" T="undefined" />
	<Point X="129" Y="371" T="undefined" />
	<Point X="129" Y="372" T="undefined" />
</Gesture>