<?xml version="1.0" encoding="utf-8" standalone="yes"?>
<Gesture Name="Star9" NumPts="94">
	<Point X="134" Y="372" T="undefined" />
	<Point X="134" Y="372" T="undefined" />
	<Point X="134" Y="372" T="undefined" />
	<Point X="134" Y="371" T="undefined" />
	<Point X="135" Y="370" T="undefined" />
	<Point X="139" Y="364" T="undefined" />
	<Point X="154" Y="347" T="undefined" />
	<Point X="162" Y="335" T="undefined" />
	<Point X="168" Y="319" T="undefined" />
	<Point X="176" Y="300" T="undefined" />
	<Point X="184" Y="282" T="undefined" />
	<Point X="194" Y="263" T="undefined" />
	<Point X="205" Y="250" T="undefined" />
	<Point X="214" Y="237" T="undefined" />
	<Point X="221" Y="225" T="undefined" />
	<Point X="226" Y="211" T="undefined" />
	<Point X="227" Y="204" T="undefined" />
	<Point X="228" Y="199" T="undefined" />
	<Point X="228" Y="195" T="undefined" />
	<Point X="228" Y="193" T="undefined" />
	<Point X="228" Y="191" T="undefined" />
	<Point X="228" Y="190" T="undefined" />
	<Point X="229" Y="190" T="undefined" />
	<Point X="230" Y="191" T="undefined" />
	<Point X="232" Y="197" T="undefined" />
	<Point X="237" Y="206" T="undefined" />
	<Point X="241" Y="217" T="undefined" />
	<Point X="250" Y="240" T="undefined" />
	<Point X="254" Y="257" T="undefined" />
	<Point X="258" Y="275" T="undefined" />
	<Point X="263" Y="291" T="undefined" />
	<Point X="267" Y="309" T="undefined" />
	<Point X="271" Y="324" T="undefined" />
	<Point X="274" Y="339" T="undefined" />
	<Point X="278" Y="354" T="undefined" />
	<Point X="278" Y="359" T="undefined" />
	<Point X="279" Y="362" T="undefined" />
	<Point X="280" Y="365" T="undefined" />
	<Point X="280" Y="366" T="undefined" />
	<Point X="280" Y="367" T="undefined" />
	<Point X="279" Y="367" T="undefined" />
	<Point X="276" Y="365" T="undefined" />
	<Point X="272" Y="362" T="undefined" />
	<Point X="250" Y="345" T="undefined" />
	<Point X="232" Y="333" T="undefined" />
	<Point X="212" Y="320" T="undefined" />
	<Point X="196" Y="307" T="undefined" />
	<Point X="182" Y="294" T="undefined" />
	<Point X="170" Y="282" T="undefined" />
	<Point X="158" Y="269" T="undefined" />
	<Point X="145" Y="257" T="undefined" />
	<Point X="140" Y="253" T="undefined" />
	<Point X="134" Y="248" T="undefined" />
	<Point X="130" Y="245" T="undefined" />
	<Point X="127" Y="243" T="undefined" />
	<Point X="126" Y="241" T="undefined" />
	<Point X="131" Y="242" T="undefined" />
	<Point X="138" Y="244" T="undefined" />
	<Point X="162" Y="248" T="undefined" />
	<Point X="193" Y="253" T="undefined" />
	<Point X="224" Y="257" T="undefined" />
	<Point X="251" Y="261" T="undefined" />
	<Point X="265" Y="264" T="undefined" />
	<Point X="270" Y="264" T="undefined" />
	<Point X="273" Y="261" T="undefined" />
	<Point X="275" Y="259" T="undefined" />
	<Point X="275" Y="258" T="undefined" />
	<Point X="276" Y="259" T="undefined" />
	<Point X="278" Y="261" T="undefined" />
	<Point X="281" Y="263" T="undefined" />
	<Point X="283" Y="264" T="undefined" />
	<Point X="283" Y="265" T="undefined" />
	<Point X="283" Y="265" T="undefined" />
	<Point X="280" Y="267" T="undefined" />
	<Point X="275" Y="270" T="undefined" />
	<Point X="264" Y="273" T="undefined" />
	<Point X="248" Y="278" T="undefined" />
	<Point X="224" Y="284" T="undefined" />
	<Point X="202" Y="291" T="undefined" />
	<Point X="179" Y="306" T="undefined" />
	<Point X="167" Y="317" T="undefined" />
	<Point X="162" Y="328" T="undefined" />
	<Point X="158" Y="337" T="undefined" />
	<Point X="155" Y="345" T="undefined" />
	<Point X="152" Y="351" T="undefined" />
	<Point X="149" Y="355" T="undefined" />
	<Point X="146" Y="358" T="undefined" />
	<Point X="143" Y="361" T="undefined" />
	<Point X="140" Y="364" T="undefined" />
	<Point X="139" Y="366" T="undefined" />
	<Point X="138" Y="368" T="undefined" />
	<Point X="138" Y="369" T="undefined" />
	<Point X="137" Y="369" T="undefined" />
	<Point X="137" Y="371" T="undefined" />
</Gesture>