<?xml version="1.0" encoding="utf-8" standalone="yes"?>
<Gesture Name="Rectangle0" NumPts="68">
	<Point X="157" Y="190" T="undefined" />
	<Point X="158" Y="200" T="undefined" />
	<Point X="159" Y="234" T="undefined" />
	<Point X="159" Y="270" T="undefined" />
	<Point X="157" Y="307" T="undefined" />
	<Point X="155" Y="318" T="undefined" />
	<Point X="154" Y="322" T="undefined" />
	<Point X="154" Y="325" T="undefined" />
	<Point X="154" Y="326" T="undefined" />
	<Point X="154" Y="327" T="undefined" />
	<Point X="154" Y="328" T="undefined" />
	<Point X="156" Y="328" T="undefined" />
	<Point X="160" Y="328" T="undefined" />
	<Point X="178" Y="328" T="undefined" />
	<Point X="205" Y="326" T="undefined" />
	<Point X="245" Y="321" T="undefined" />
	<Point X="306" Y="317" T="undefined" />
	<Point X="336" Y="316" T="undefined" />
	<Point X="357" Y="316" T="undefined" />
	<Point X="372" Y="317" T="undefined" />
	<Point X="378" Y="318" T="undefined" />
	<Point X="382" Y="318" T="undefined" />
	<Point X="384" Y="319" T="undefined" />
	<Point X="385" Y="319" T="undefined" />
	<Point X="386" Y="319" T="undefined" />
	<Point X="386" Y="319" T="undefined" />
	<Point X="387" Y="319" T="undefined" />
	<Point X="387" Y="318" T="undefined" />
	<Point X="386" Y="318" T="undefined" />
	<Point X="385" Y="314" T="undefined" />
	<Point X="380" Y="304" T="undefined" />
	<Point X="371" Y="276" T="undefined" />
	<Point X="355" Y="230" T="undefined" />
	<Point X="347" Y="206" T="undefined" />
	<Point X="342" Y="193" T="undefined" />
	<Point X="340" Y="185" T="undefined" />
	<Point X="339" Y="184" T="undefined" />
	<Point X="338" Y="182" T="undefined" />
	<Point X="338" Y="182" T="undefined" />
	<Point X="337" Y="182" T="undefined" />
	<Point X="336" Y="182" T="undefined" />
	<Point X="336" Y="182" T="undefined" />
	<Point X="335" Y="182" T="undefined" />
	<Point X="334" Y="182" T="undefined" />
	<Point X="334" Y="182" T="undefined" />
	<Point X="333" Y="182" T="undefined" />
	<Point X="332" Y="182" T="undefined" />
	<Point X="331" Y="182" T="undefined" />
	<Point X="327" Y="182" T="undefined" />
	<Point X="316" Y="184" T="undefined" />
	<Point X="300" Y="188" T="undefined" />
	<Point X="275" Y="194" T="undefined" />
	<Point X="260" Y="196" T="undefined" />
	<Point X="245" Y="198" T="undefined" />
	<Point X="227" Y="200" T="undefined" />
	<Point X="218" Y="200" T="undefined" />
	<Point X="210" Y="200" T="undefined" />
	<Point X="200" Y="200" T="undefined" />
	<Point X="193" Y="200" T="undefined" />
	<Point X="188" Y="200" T="undefined" />
	<Point X="179" Y="200" T="undefined" />
	<Point X="174" Y="200" T="undefined" />
	<Point X="171" Y="200" T="undefined" />
	<Point X="168" Y="200" T="undefined" />
	<Point X="167" Y="200" T="undefined" />
	<Point X="166" Y="200" T="undefined" />
	<Point X="165" Y="200" T="undefined" />
	<Point X="164" Y="200" T="undefined" />
</Gesture>