<?xml version="1.0" encoding="utf-8" standalone="yes"?>
<Gesture Name="Rectangle3" NumPts="55">
	<Point X="137" Y="156" T="undefined" />
	<Point X="137" Y="160" T="undefined" />
	<Point X="137" Y="171" T="undefined" />
	<Point X="140" Y="215" T="undefined" />
	<Point X="140" Y="261" T="undefined" />
	<Point X="140" Y="290" T="undefined" />
	<Point X="139" Y="314" T="undefined" />
	<Point X="138" Y="328" T="undefined" />
	<Point X="138" Y="337" T="undefined" />
	<Point X="138" Y="339" T="undefined" />
	<Point X="138" Y="341" T="undefined" />
	<Point X="138" Y="342" T="undefined" />
	<Point X="138" Y="343" T="undefined" />
	<Point X="138" Y="343" T="undefined" />
	<Point X="140" Y="343" T="undefined" />
	<Point X="144" Y="343" T="undefined" />
	<Point X="157" Y="343" T="undefined" />
	<Point X="239" Y="340" T="undefined" />
	<Point X="305" Y="338" T="undefined" />
	<Point X="349" Y="339" T="undefined" />
	<Point X="379" Y="340" T="undefined" />
	<Point X="396" Y="342" T="undefined" />
	<Point X="402" Y="344" T="undefined" />
	<Point X="404" Y="344" T="undefined" />
	<Point X="405" Y="344" T="undefined" />
	<Point X="406" Y="344" T="undefined" />
	<Point X="406" Y="344" T="undefined" />
	<Point X="406" Y="342" T="undefined" />
	<Point X="406" Y="340" T="undefined" />
	<Point X="404" Y="338" T="undefined" />
	<Point X="400" Y="322" T="undefined" />
	<Point X="386" Y="274" T="undefined" />
	<Point X="366" Y="196" T="undefined" />
	<Point X="360" Y="168" T="undefined" />
	<Point X="357" Y="151" T="undefined" />
	<Point X="355" Y="142" T="undefined" />
	<Point X="354" Y="138" T="undefined" />
	<Point X="354" Y="136" T="undefined" />
	<Point X="353" Y="135" T="undefined" />
	<Point X="353" Y="134" T="undefined" />
	<Point X="352" Y="134" T="undefined" />
	<Point X="351" Y="134" T="undefined" />
	<Point X="350" Y="134" T="undefined" />
	<Point X="350" Y="134" T="undefined" />
	<Point X="346" Y="134" T="undefined" />
	<Point X="337" Y="134" T="undefined" />
	<Point X="293" Y="137" T="undefined" />
	<Point X="234" Y="139" T="undefined" />
	<Point X="197" Y="140" T="undefined" />
	<Point X="174" Y="140" T="undefined" />
	<Point X="164" Y="139" T="undefined" />
	<Point X="159" Y="139" T="undefined" />
	<Point X="158" Y="138" T="undefined" />
	<Point X="157" Y="137" T="undefined" />
	<Point X="157" Y="136" T="undefined" />
</Gesture>