<?xml version="1.0" encoding="utf-8" standalone="yes"?>
<Gesture Name="Rectangle1" NumPts="70">
	<Point X="146" Y="144" T="undefined" />
	<Point X="146" Y="155" T="undefined" />
	<Point X="148" Y="170" T="undefined" />
	<Point X="152" Y="204" T="undefined" />
	<Point X="154" Y="222" T="undefined" />
	<Point X="155" Y="234" T="undefined" />
	<Point X="156" Y="242" T="undefined" />
	<Point X="157" Y="246" T="undefined" />
	<Point X="158" Y="248" T="undefined" />
	<Point X="158" Y="248" T="undefined" />
	<Point X="158" Y="249" T="undefined" />
	<Point X="158" Y="250" T="undefined" />
	<Point X="158" Y="250" T="undefined" />
	<Point X="170" Y="250" T="undefined" />
	<Point X="213" Y="250" T="undefined" />
	<Point X="245" Y="252" T="undefined" />
	<Point X="278" Y="253" T="undefined" />
	<Point X="295" Y="256" T="undefined" />
	<Point X="310" Y="256" T="undefined" />
	<Point X="322" Y="256" T="undefined" />
	<Point X="326" Y="256" T="undefined" />
	<Point X="330" Y="256" T="undefined" />
	<Point X="333" Y="256" T="undefined" />
	<Point X="334" Y="256" T="undefined" />
	<Point X="335" Y="256" T="undefined" />
	<Point X="336" Y="256" T="undefined" />
	<Point X="336" Y="256" T="undefined" />
	<Point X="336" Y="255" T="undefined" />
	<Point X="336" Y="254" T="undefined" />
	<Point X="334" Y="250" T="undefined" />
	<Point X="329" Y="240" T="undefined" />
	<Point X="318" Y="220" T="undefined" />
	<Point X="302" Y="182" T="undefined" />
	<Point X="298" Y="165" T="undefined" />
	<Point X="294" Y="153" T="undefined" />
	<Point X="292" Y="149" T="undefined" />
	<Point X="292" Y="146" T="undefined" />
	<Point X="290" Y="142" T="undefined" />
	<Point X="289" Y="139" T="undefined" />
	<Point X="288" Y="136" T="undefined" />
	<Point X="287" Y="133" T="undefined" />
	<Point X="286" Y="131" T="undefined" />
	<Point X="286" Y="130" T="undefined" />
	<Point X="285" Y="128" T="undefined" />
	<Point X="284" Y="127" T="undefined" />
	<Point X="284" Y="126" T="undefined" />
	<Point X="283" Y="126" T="undefined" />
	<Point X="282" Y="126" T="undefined" />
	<Point X="281" Y="126" T="undefined" />
	<Point X="278" Y="128" T="undefined" />
	<Point X="274" Y="128" T="undefined" />
	<Point X="259" Y="130" T="undefined" />
	<Point X="240" Y="130" T="undefined" />
	<Point X="217" Y="130" T="undefined" />
	<Point X="186" Y="133" T="undefined" />
	<Point X="173" Y="134" T="undefined" />
	<Point X="160" Y="134" T="undefined" />
	<Point X="146" Y="134" T="undefined" />
	<Point X="140" Y="133" T="undefined" />
	<Point X="134" Y="132" T="undefined" />
	<Point X="130" Y="132" T="undefined" />
	<Point X="129" Y="132" T="undefined" />
	<Point X="126" Y="131" T="undefined" />
	<Point X="124" Y="131" T="undefined" />
	<Point X="121" Y="131" T="undefined" />
	<Point X="118" Y="131" T="undefined" />
	<Point X="116" Y="131" T="undefined" />
	<Point X="114" Y="131" T="undefined" />
	<Point X="114" Y="131" T="undefined" />
	<Point X="113" Y="131" T="undefined" />
</Gesture>