<?xml version="1.0" encoding="utf-8" standalone="yes"?>
<Gesture Name="Rectangle5" NumPts="59">
	<Point X="148" Y="146" T="undefined" />
	<Point X="148" Y="178" T="undefined" />
	<Point X="149" Y="269" T="undefined" />
	<Point X="148" Y="310" T="undefined" />
	<Point X="148" Y="342" T="undefined" />
	<Point X="148" Y="352" T="undefined" />
	<Point X="148" Y="358" T="undefined" />
	<Point X="148" Y="362" T="undefined" />
	<Point X="148" Y="364" T="undefined" />
	<Point X="149" Y="364" T="undefined" />
	<Point X="150" Y="364" T="undefined" />
	<Point X="152" Y="364" T="undefined" />
	<Point X="171" Y="363" T="undefined" />
	<Point X="208" Y="362" T="undefined" />
	<Point X="254" Y="362" T="undefined" />
	<Point X="301" Y="362" T="undefined" />
	<Point X="328" Y="362" T="undefined" />
	<Point X="343" Y="363" T="undefined" />
	<Point X="358" Y="366" T="undefined" />
	<Point X="364" Y="366" T="undefined" />
	<Point X="374" Y="366" T="undefined" />
	<Point X="378" Y="366" T="undefined" />
	<Point X="384" Y="366" T="undefined" />
	<Point X="388" Y="366" T="undefined" />
	<Point X="390" Y="366" T="undefined" />
	<Point X="390" Y="366" T="undefined" />
	<Point X="392" Y="366" T="undefined" />
	<Point X="390" Y="361" T="undefined" />
	<Point X="384" Y="346" T="undefined" />
	<Point X="361" Y="239" T="undefined" />
	<Point X="348" Y="151" T="undefined" />
	<Point X="344" Y="90" T="undefined" />
	<Point X="345" Y="50" T="undefined" />
	<Point X="345" Y="46" T="undefined" />
	<Point X="345" Y="45" T="undefined" />
	<Point X="345" Y="46" T="undefined" />
	<Point X="345" Y="46" T="undefined" />
	<Point X="345" Y="47" T="undefined" />
	<Point X="345" Y="48" T="undefined" />
	<Point X="345" Y="48" T="undefined" />
	<Point X="345" Y="49" T="undefined" />
	<Point X="344" Y="50" T="undefined" />
	<Point X="344" Y="50" T="undefined" />
	<Point X="343" Y="51" T="undefined" />
	<Point X="342" Y="52" T="undefined" />
	<Point X="340" Y="54" T="undefined" />
	<Point X="335" Y="59" T="undefined" />
	<Point X="310" Y="73" T="undefined" />
	<Point X="197" Y="116" T="undefined" />
	<Point X="153" Y="128" T="undefined" />
	<Point X="127" Y="132" T="undefined" />
	<Point X="106" Y="134" T="undefined" />
	<Point X="100" Y="134" T="undefined" />
	<Point X="98" Y="134" T="undefined" />
	<Point X="98" Y="134" T="undefined" />
	<Point X="97" Y="134" T="undefined" />
	<Point X="98" Y="134" T="undefined" />
	<Point X="98" Y="134" T="undefined" />
	<Point X="98" Y="134" T="undefined" />
</Gesture>