<?xml version="1.0" encoding="utf-8" standalone="yes"?>
<Gesture Name="Rectangle2" NumPts="80">
	<Point X="125" Y="147" T="undefined" />
	<Point X="125" Y="150" T="undefined" />
	<Point X="126" Y="163" T="undefined" />
	<Point X="129" Y="220" T="undefined" />
	<Point X="136" Y="293" T="undefined" />
	<Point X="138" Y="333" T="undefined" />
	<Point X="140" Y="354" T="undefined" />
	<Point X="141" Y="372" T="undefined" />
	<Point X="143" Y="386" T="undefined" />
	<Point X="144" Y="393" T="undefined" />
	<Point X="144" Y="398" T="undefined" />
	<Point X="146" Y="403" T="undefined" />
	<Point X="146" Y="406" T="undefined" />
	<Point X="148" Y="408" T="undefined" />
	<Point X="148" Y="410" T="undefined" />
	<Point X="149" Y="410" T="undefined" />
	<Point X="150" Y="410" T="undefined" />
	<Point X="152" Y="410" T="undefined" />
	<Point X="156" Y="410" T="undefined" />
	<Point X="176" Y="407" T="undefined" />
	<Point X="218" Y="400" T="undefined" />
	<Point X="270" Y="393" T="undefined" />
	<Point X="304" Y="393" T="undefined" />
	<Point X="320" Y="393" T="undefined" />
	<Point X="336" Y="396" T="undefined" />
	<Point X="340" Y="396" T="undefined" />
	<Point X="344" Y="397" T="undefined" />
	<Point X="346" Y="398" T="undefined" />
	<Point X="348" Y="398" T="undefined" />
	<Point X="349" Y="398" T="undefined" />
	<Point X="350" Y="398" T="undefined" />
	<Point X="352" Y="398" T="undefined" />
	<Point X="352" Y="398" T="undefined" />
	<Point X="353" Y="398" T="undefined" />
	<Point X="354" Y="398" T="undefined" />
	<Point X="354" Y="396" T="undefined" />
	<Point X="354" Y="391" T="undefined" />
	<Point X="354" Y="379" T="undefined" />
	<Point X="348" Y="323" T="undefined" />
	<Point X="342" Y="259" T="undefined" />
	<Point X="340" Y="232" T="undefined" />
	<Point X="336" Y="196" T="undefined" />
	<Point X="335" Y="188" T="undefined" />
	<Point X="333" Y="177" T="undefined" />
	<Point X="332" Y="173" T="undefined" />
	<Point X="330" Y="167" T="undefined" />
	<Point X="328" Y="156" T="undefined" />
	<Point X="328" Y="150" T="undefined" />
	<Point X="326" Y="140" T="undefined" />
	<Point X="324" Y="126" T="undefined" />
	<Point X="324" Y="118" T="undefined" />
	<Point X="322" Y="112" T="undefined" />
	<Point X="322" Y="105" T="undefined" />
	<Point X="322" Y="104" T="undefined" />
	<Point X="320" Y="102" T="undefined" />
	<Point X="320" Y="101" T="undefined" />
	<Point X="320" Y="101" T="undefined" />
	<Point X="319" Y="101" T="undefined" />
	<Point X="318" Y="101" T="undefined" />
	<Point X="318" Y="101" T="undefined" />
	<Point X="316" Y="101" T="undefined" />
	<Point X="313" Y="101" T="undefined" />
	<Point X="297" Y="102" T="undefined" />
	<Point X="273" Y="104" T="undefined" />
	<Point X="238" Y="110" T="undefined" />
	<Point X="195" Y="116" T="undefined" />
	<Point X="176" Y="117" T="undefined" />
	<Point X="167" Y="117" T="undefined" />
	<Point X="156" Y="119" T="undefined" />
	<Point X="150" Y="119" T="undefined" />
	<Point X="145" Y="120" T="undefined" />
	<Point X="142" Y="120" T="undefined" />
	<Point X="140" Y="121" T="undefined" />
	<Point X="138" Y="122" T="undefined" />
	<Point X="137" Y="122" T="undefined" />
	<Point X="136" Y="123" T="undefined" />
	<Point X="133" Y="124" T="undefined" />
	<Point X="132" Y="124" T="undefined" />
	<Point X="132" Y="124" T="undefined" />
	<Point X="132" Y="125" T="undefined" />
</Gesture>