<?xml version="1.0" encoding="utf-8" standalone="yes"?>
<Gesture Name="Rectangle6" NumPts="48">
	<Point X="138" Y="116" T="undefined" />
	<Point X="138" Y="116" T="undefined" />
	<Point X="138" Y="128" T="undefined" />
	<Point X="140" Y="156" T="undefined" />
	<Point X="146" Y="226" T="undefined" />
	<Point X="158" Y="292" T="undefined" />
	<Point X="178" Y="371" T="undefined" />
	<Point X="188" Y="401" T="undefined" />
	<Point X="192" Y="415" T="undefined" />
	<Point X="196" Y="420" T="undefined" />
	<Point X="196" Y="422" T="undefined" />
	<Point X="197" Y="423" T="undefined" />
	<Point X="198" Y="423" T="undefined" />
	<Point X="199" Y="423" T="undefined" />
	<Point X="211" Y="421" T="undefined" />
	<Point X="272" Y="407" T="undefined" />
	<Point X="414" Y="383" T="undefined" />
	<Point X="456" Y="378" T="undefined" />
	<Point X="480" Y="378" T="undefined" />
	<Point X="488" Y="376" T="undefined" />
	<Point X="490" Y="376" T="undefined" />
	<Point X="491" Y="376" T="undefined" />
	<Point X="491" Y="376" T="undefined" />
	<Point X="491" Y="374" T="undefined" />
	<Point X="491" Y="368" T="undefined" />
	<Point X="481" Y="343" T="undefined" />
	<Point X="463" Y="286" T="undefined" />
	<Point X="442" Y="195" T="undefined" />
	<Point X="420" Y="96" T="undefined" />
	<Point X="416" Y="72" T="undefined" />
	<Point X="412" Y="62" T="undefined" />
	<Point X="412" Y="62" T="undefined" />
	<Point X="411" Y="62" T="undefined" />
	<Point X="410" Y="62" T="undefined" />
	<Point X="410" Y="62" T="undefined" />
	<Point X="409" Y="62" T="undefined" />
	<Point X="408" Y="62" T="undefined" />
	<Point X="408" Y="62" T="undefined" />
	<Point X="406" Y="62" T="undefined" />
	<Point X="399" Y="62" T="undefined" />
	<Point X="375" Y="64" T="undefined" />
	<Point X="263" Y="76" T="undefined" />
	<Point X="184" Y="88" T="undefined" />
	<Point X="125" Y="100" T="undefined" />
	<Point X="110" Y="101" T="undefined" />
	<Point X="105" Y="102" T="undefined" />
	<Point X="103" Y="102" T="undefined" />
	<Point X="104" Y="102" T="undefined" />
</Gesture>