<?xml version="1.0" encoding="utf-8" standalone="yes"?>
<Gesture Name="Arrow7" NumPts="118">
	<Point X="133" Y="345" T="undefined" />
	<Point X="134" Y="343" T="undefined" />
	<Point X="136" Y="341" T="undefined" />
	<Point X="140" Y="337" T="undefined" />
	<Point X="142" Y="335" T="undefined" />
	<Point X="148" Y="330" T="undefined" />
	<Point X="155" Y="324" T="undefined" />
	<Point X="164" Y="316" T="undefined" />
	<Point X="171" Y="311" T="undefined" />
	<Point X="181" Y="303" T="undefined" />
	<Point X="194" Y="293" T="undefined" />
	<Point X="209" Y="282" T="undefined" />
	<Point X="219" Y="273" T="undefined" />
	<Point X="235" Y="261" T="undefined" />
	<Point X="248" Y="250" T="undefined" />
	<Point X="261" Y="238" T="undefined" />
	<Point X="276" Y="225" T="undefined" />
	<Point X="287" Y="215" T="undefined" />
	<Point X="299" Y="204" T="undefined" />
	<Point X="310" Y="193" T="undefined" />
	<Point X="321" Y="183" T="undefined" />
	<Point X="331" Y="173" T="undefined" />
	<Point X="338" Y="166" T="undefined" />
	<Point X="349" Y="156" T="undefined" />
	<Point X="355" Y="150" T="undefined" />
	<Point X="361" Y="146" T="undefined" />
	<Point X="366" Y="141" T="undefined" />
	<Point X="370" Y="137" T="undefined" />
	<Point X="373" Y="133" T="undefined" />
	<Point X="376" Y="130" T="undefined" />
	<Point X="378" Y="128" T="undefined" />
	<Point X="380" Y="125" T="undefined" />
	<Point X="382" Y="123" T="undefined" />
	<Point X="384" Y="121" T="undefined" />
	<Point X="384" Y="120" T="undefined" />
	<Point X="386" Y="118" T="undefined" />
	<Point X="387" Y="116" T="undefined" />
	<Point X="388" Y="116" T="undefined" />
	<Point X="389" Y="115" T="undefined" />
	<Point X="390" Y="114" T="undefined" />
	<Point X="389" Y="114" T="undefined" />
	<Point X="388" Y="114" T="undefined" />
	<Point X="387" Y="114" T="undefined" />
	<Point X="384" Y="115" T="undefined" />
	<Point X="380" Y="116" T="undefined" />
	<Point X="376" Y="116" T="undefined" />
	<Point X="372" Y="116" T="undefined" />
	<Point X="367" Y="117" T="undefined" />
	<Point X="361" Y="117" T="undefined" />
	<Point X="356" Y="117" T="undefined" />
	<Point X="350" Y="117" T="undefined" />
	<Point X="344" Y="117" T="undefined" />
	<Point X="340" Y="117" T="undefined" />
	<Point X="334" Y="117" T="undefined" />
	<Point X="330" Y="116" T="undefined" />
	<Point X="324" Y="115" T="undefined" />
	<Point X="321" Y="115" T="undefined" />
	<Point X="318" Y="114" T="undefined" />
	<Point X="317" Y="113" T="undefined" />
	<Point X="315" Y="113" T="undefined" />
	<Point X="314" Y="113" T="undefined" />
	<Point X="315" Y="113" T="undefined" />
	<Point X="316" Y="113" T="undefined" />
	<Point X="318" Y="113" T="undefined" />
	<Point X="320" Y="113" T="undefined" />
	<Point X="323" Y="113" T="undefined" />
	<Point X="326" Y="113" T="undefined" />
	<Point X="330" Y="113" T="undefined" />
	<Point X="334" Y="113" T="undefined" />
	<Point X="337" Y="113" T="undefined" />
	<Point X="342" Y="113" T="undefined" />
	<Point X="347" Y="113" T="undefined" />
	<Point X="353" Y="113" T="undefined" />
	<Point X="357" Y="113" T="undefined" />
	<Point X="364" Y="114" T="undefined" />
	<Point X="369" Y="114" T="undefined" />
	<Point X="375" Y="114" T="undefined" />
	<Point X="381" Y="114" T="undefined" />
	<Point X="388" Y="114" T="undefined" />
	<Point X="393" Y="115" T="undefined" />
	<Point X="398" Y="115" T="undefined" />
	<Point X="402" Y="115" T="undefined" />
	<Point X="406" Y="116" T="undefined" />
	<Point X="408" Y="116" T="undefined" />
	<Point X="410" Y="117" T="undefined" />
	<Point X="411" Y="117" T="undefined" />
	<Point X="411" Y="118" T="undefined" />
	<Point X="411" Y="119" T="undefined" />
	<Point X="410" Y="119" T="undefined" />
	<Point X="409" Y="120" T="undefined" />
	<Point X="408" Y="121" T="undefined" />
	<Point X="407" Y="121" T="undefined" />
	<Point X="406" Y="121" T="undefined" />
	<Point X="405" Y="122" T="undefined" />
	<Point X="404" Y="122" T="undefined" />
	<Point X="403" Y="122" T="undefined" />
	<Point X="403" Y="123" T="undefined" />
	<Point X="402" Y="123" T="undefined" />
	<Point X="402" Y="124" T="undefined" />
	<Point X="402" Y="125" T="undefined" />
	<Point X="402" Y="126" T="undefined" />
	<Point X="402" Y="127" T="undefined" />
	<Point X="402" Y="129" T="undefined" />
	<Point X="403" Y="132" T="undefined" />
	<Point X="404" Y="135" T="undefined" />
	<Point X="406" Y="139" T="undefined" />
	<Point X="407" Y="145" T="undefined" />
	<Point X="409" Y="150" T="undefined" />
	<Point X="411" Y="155" T="undefined" />
	<Point X="414" Y="163" T="undefined" />
	<Point X="415" Y="168" T="undefined" />
	<Point X="417" Y="173" T="undefined" />
	<Point X="418" Y="179" T="undefined" />
	<Point X="420" Y="182" T="undefined" />
	<Point X="421" Y="186" T="undefined" />
	<Point X="423" Y="189" T="undefined" />
	<Point X="423" Y="191" T="undefined" />
	<Point X="424" Y="192" T="undefined" />
</Gesture>