<?xml version="1.0" encoding="utf-8" standalone="yes"?>
<Gesture Name="Arrow4" NumPts="118">
	<Point X="109" Y="405" T="undefined" />
	<Point X="109" Y="404" T="undefined" />
	<Point X="111" Y="404" T="undefined" />
	<Point X="112" Y="402" T="undefined" />
	<Point X="114" Y="400" T="undefined" />
	<Point X="119" Y="395" T="undefined" />
	<Point X="124" Y="391" T="undefined" />
	<Point X="131" Y="384" T="undefined" />
	<Point X="139" Y="377" T="undefined" />
	<Point X="147" Y="371" T="undefined" />
	<Point X="157" Y="361" T="undefined" />
	<Point X="167" Y="352" T="undefined" />
	<Point X="177" Y="343" T="undefined" />
	<Point X="192" Y="330" T="undefined" />
	<Point X="200" Y="323" T="undefined" />
	<Point X="210" Y="313" T="undefined" />
	<Point X="222" Y="302" T="undefined" />
	<Point X="233" Y="293" T="undefined" />
	<Point X="246" Y="283" T="undefined" />
	<Point X="252" Y="276" T="undefined" />
	<Point X="262" Y="268" T="undefined" />
	<Point X="271" Y="259" T="undefined" />
	<Point X="281" Y="251" T="undefined" />
	<Point X="291" Y="243" T="undefined" />
	<Point X="299" Y="236" T="undefined" />
	<Point X="304" Y="231" T="undefined" />
	<Point X="311" Y="226" T="undefined" />
	<Point X="319" Y="220" T="undefined" />
	<Point X="324" Y="216" T="undefined" />
	<Point X="327" Y="213" T="undefined" />
	<Point X="332" Y="209" T="undefined" />
	<Point X="335" Y="207" T="undefined" />
	<Point X="340" Y="204" T="undefined" />
	<Point X="342" Y="202" T="undefined" />
	<Point X="345" Y="200" T="undefined" />
	<Point X="347" Y="198" T="undefined" />
	<Point X="349" Y="196" T="undefined" />
	<Point X="351" Y="195" T="undefined" />
	<Point X="352" Y="194" T="undefined" />
	<Point X="353" Y="194" T="undefined" />
	<Point X="353" Y="193" T="undefined" />
	<Point X="352" Y="193" T="undefined" />
	<Point X="350" Y="193" T="undefined" />
	<Point X="347" Y="194" T="undefined" />
	<Point X="343" Y="194" T="undefined" />
	<Point X="340" Y="195" T="undefined" />
	<Point X="334" Y="195" T="undefined" />
	<Point X="325" Y="197" T="undefined" />
	<Point X="316" Y="197" T="undefined" />
	<Point X="307" Y="197" T="undefined" />
	<Point X="300" Y="198" T="undefined" />
	<Point X="292" Y="198" T="undefined" />
	<Point X="286" Y="198" T="undefined" />
	<Point X="280" Y="198" T="undefined" />
	<Point X="277" Y="198" T="undefined" />
	<Point X="272" Y="198" T="undefined" />
	<Point X="270" Y="198" T="undefined" />
	<Point X="269" Y="197" T="undefined" />
	<Point X="269" Y="196" T="undefined" />
	<Point X="270" Y="196" T="undefined" />
	<Point X="271" Y="196" T="undefined" />
	<Point X="272" Y="196" T="undefined" />
	<Point X="274" Y="196" T="undefined" />
	<Point X="277" Y="195" T="undefined" />
	<Point X="279" Y="194" T="undefined" />
	<Point X="282" Y="194" T="undefined" />
	<Point X="285" Y="194" T="undefined" />
	<Point X="289" Y="193" T="undefined" />
	<Point X="292" Y="193" T="undefined" />
	<Point X="295" Y="193" T="undefined" />
	<Point X="299" Y="193" T="undefined" />
	<Point X="303" Y="193" T="undefined" />
	<Point X="306" Y="193" T="undefined" />
	<Point X="311" Y="193" T="undefined" />
	<Point X="314" Y="193" T="undefined" />
	<Point X="319" Y="194" T="undefined" />
	<Point X="323" Y="195" T="undefined" />
	<Point X="327" Y="195" T="undefined" />
	<Point X="329" Y="196" T="undefined" />
	<Point X="332" Y="196" T="undefined" />
	<Point X="334" Y="197" T="undefined" />
	<Point X="336" Y="197" T="undefined" />
	<Point X="337" Y="197" T="undefined" />
	<Point X="339" Y="197" T="undefined" />
	<Point X="340" Y="198" T="undefined" />
	<Point X="341" Y="198" T="undefined" />
	<Point X="342" Y="198" T="undefined" />
	<Point X="343" Y="198" T="undefined" />
	<Point X="344" Y="198" T="undefined" />
	<Point X="345" Y="198" T="undefined" />
	<Point X="346" Y="198" T="undefined" />
	<Point X="347" Y="198" T="undefined" />
	<Point X="348" Y="198" T="undefined" />
	<Point X="348" Y="199" T="undefined" />
	<Point X="348" Y="200" T="undefined" />
	<Point X="348" Y="201" T="undefined" />
	<Point X="348" Y="202" T="undefined" />
	<Point X="348" Y="204" T="undefined" />
	<Point X="348" Y="207" T="undefined" />
	<Point X="349" Y="209" T="undefined" />
	<Point X="349" Y="213" T="undefined" />
	<Point X="349" Y="216" T="undefined" />
	<Point X="350" Y="221" T="undefined" />
	<Point X="350" Y="224" T="undefined" />
	<Point X="352" Y="229" T="undefined" />
	<Point X="353" Y="233" T="undefined" />
	<Point X="354" Y="237" T="undefined" />
	<Point X="356" Y="243" T="undefined" />
	<Point X="358" Y="246" T="undefined" />
	<Point X="360" Y="251" T="undefined" />
	<Point X="361" Y="255" T="undefined" />
	<Point X="363" Y="257" T="undefined" />
	<Point X="364" Y="261" T="undefined" />
	<Point X="365" Y="265" T="undefined" />
	<Point X="367" Y="267" T="undefined" />
	<Point X="367" Y="269" T="undefined" />
	<Point X="368" Y="271" T="undefined" />
	<Point X="368" Y="272" T="undefined" />
</Gesture>