<?xml version="1.0" encoding="utf-8" standalone="yes"?>
<Gesture Name="Arrow2" NumPts="221">
	<Point X="95" Y="402" T="undefined" />
	<Point X="96" Y="402" T="undefined" />
	<Point X="97" Y="402" T="undefined" />
	<Point X="98" Y="401" T="undefined" />
	<Point X="101" Y="399" T="undefined" />
	<Point X="105" Y="397" T="undefined" />
	<Point X="108" Y="394" T="undefined" />
	<Point X="112" Y="392" T="undefined" />
	<Point X="117" Y="389" T="undefined" />
	<Point X="122" Y="386" T="undefined" />
	<Point X="126" Y="383" T="undefined" />
	<Point X="132" Y="379" T="undefined" />
	<Point X="139" Y="374" T="undefined" />
	<Point X="145" Y="370" T="undefined" />
	<Point X="153" Y="365" T="undefined" />
	<Point X="160" Y="360" T="undefined" />
	<Point X="168" Y="355" T="undefined" />
	<Point X="174" Y="350" T="undefined" />
	<Point X="181" Y="344" T="undefined" />
	<Point X="188" Y="339" T="undefined" />
	<Point X="196" Y="333" T="undefined" />
	<Point X="204" Y="326" T="undefined" />
	<Point X="209" Y="321" T="undefined" />
	<Point X="216" Y="316" T="undefined" />
	<Point X="223" Y="310" T="undefined" />
	<Point X="231" Y="304" T="undefined" />
	<Point X="238" Y="299" T="undefined" />
	<Point X="246" Y="293" T="undefined" />
	<Point X="253" Y="288" T="undefined" />
	<Point X="260" Y="283" T="undefined" />
	<Point X="267" Y="279" T="undefined" />
	<Point X="272" Y="276" T="undefined" />
	<Point X="279" Y="271" T="undefined" />
	<Point X="285" Y="267" T="undefined" />
	<Point X="290" Y="264" T="undefined" />
	<Point X="295" Y="260" T="undefined" />
	<Point X="300" Y="256" T="undefined" />
	<Point X="304" Y="254" T="undefined" />
	<Point X="308" Y="251" T="undefined" />
	<Point X="312" Y="248" T="undefined" />
	<Point X="316" Y="244" T="undefined" />
	<Point X="320" Y="241" T="undefined" />
	<Point X="323" Y="239" T="undefined" />
	<Point X="326" Y="236" T="undefined" />
	<Point X="329" Y="233" T="undefined" />
	<Point X="333" Y="231" T="undefined" />
	<Point X="335" Y="228" T="undefined" />
	<Point X="338" Y="226" T="undefined" />
	<Point X="340" Y="224" T="undefined" />
	<Point X="343" Y="222" T="undefined" />
	<Point X="345" Y="220" T="undefined" />
	<Point X="347" Y="219" T="undefined" />
	<Point X="349" Y="217" T="undefined" />
	<Point X="351" Y="215" T="undefined" />
	<Point X="353" Y="213" T="undefined" />
	<Point X="355" Y="211" T="undefined" />
	<Point X="356" Y="210" T="undefined" />
	<Point X="358" Y="208" T="undefined" />
	<Point X="359" Y="207" T="undefined" />
	<Point X="361" Y="206" T="undefined" />
	<Point X="362" Y="204" T="undefined" />
	<Point X="363" Y="203" T="undefined" />
	<Point X="365" Y="202" T="undefined" />
	<Point X="366" Y="200" T="undefined" />
	<Point X="367" Y="199" T="undefined" />
	<Point X="369" Y="198" T="undefined" />
	<Point X="370" Y="197" T="undefined" />
	<Point X="370" Y="196" T="undefined" />
	<Point X="371" Y="196" T="undefined" />
	<Point X="371" Y="195" T="undefined" />
	<Point X="372" Y="195" T="undefined" />
	<Point X="372" Y="194" T="undefined" />
	<Point X="373" Y="194" T="undefined" />
	<Point X="372" Y="194" T="undefined" />
	<Point X="371" Y="194" T="undefined" />
	<Point X="370" Y="194" T="undefined" />
	<Point X="369" Y="194" T="undefined" />
	<Point X="367" Y="194" T="undefined" />
	<Point X="364" Y="194" T="undefined" />
	<Point X="360" Y="194" T="undefined" />
	<Point X="358" Y="194" T="undefined" />
	<Point X="354" Y="193" T="undefined" />
	<Point X="349" Y="192" T="undefined" />
	<Point X="346" Y="191" T="undefined" />
	<Point X="341" Y="191" T="undefined" />
	<Point X="336" Y="190" T="undefined" />
	<Point X="330" Y="189" T="undefined" />
	<Point X="326" Y="188" T="undefined" />
	<Point X="320" Y="188" T="undefined" />
	<Point X="315" Y="187" T="undefined" />
	<Point X="311" Y="187" T="undefined" />
	<Point X="306" Y="187" T="undefined" />
	<Point X="302" Y="187" T="undefined" />
	<Point X="298" Y="187" T="undefined" />
	<Point X="293" Y="187" T="undefined" />
	<Point X="289" Y="187" T="undefined" />
	<Point X="285" Y="187" T="undefined" />
	<Point X="282" Y="187" T="undefined" />
	<Point X="278" Y="187" T="undefined" />
	<Point X="275" Y="187" T="undefined" />
	<Point X="270" Y="187" T="undefined" />
	<Point X="267" Y="188" T="undefined" />
	<Point X="264" Y="188" T="undefined" />
	<Point X="261" Y="188" T="undefined" />
	<Point X="259" Y="189" T="undefined" />
	<Point X="257" Y="189" T="undefined" />
	<Point X="256" Y="189" T="undefined" />
	<Point X="255" Y="190" T="undefined" />
	<Point X="254" Y="190" T="undefined" />
	<Point X="253" Y="190" T="undefined" />
	<Point X="254" Y="190" T="undefined" />
	<Point X="255" Y="190" T="undefined" />
	<Point X="257" Y="190" T="undefined" />
	<Point X="259" Y="189" T="undefined" />
	<Point X="262" Y="189" T="undefined" />
	<Point X="266" Y="189" T="undefined" />
	<Point X="269" Y="189" T="undefined" />
	<Point X="273" Y="188" T="undefined" />
	<Point X="277" Y="188" T="undefined" />
	<Point X="282" Y="187" T="undefined" />
	<Point X="287" Y="187" T="undefined" />
	<Point X="292" Y="186" T="undefined" />
	<Point X="296" Y="185" T="undefined" />
	<Point X="300" Y="185" T="undefined" />
	<Point X="305" Y="185" T="undefined" />
	<Point X="309" Y="185" T="undefined" />
	<Point X="313" Y="185" T="undefined" />
	<Point X="317" Y="185" T="undefined" />
	<Point X="320" Y="185" T="undefined" />
	<Point X="323" Y="185" T="undefined" />
	<Point X="326" Y="185" T="undefined" />
	<Point X="329" Y="185" T="undefined" />
	<Point X="332" Y="185" T="undefined" />
	<Point X="335" Y="185" T="undefined" />
	<Point X="337" Y="185" T="undefined" />
	<Point X="339" Y="185" T="undefined" />
	<Point X="342" Y="185" T="undefined" />
	<Point X="343" Y="185" T="undefined" />
	<Point X="344" Y="185" T="undefined" />
	<Point X="346" Y="185" T="undefined" />
	<Point X="347" Y="185" T="undefined" />
	<Point X="348" Y="185" T="undefined" />
	<Point X="349" Y="185" T="undefined" />
	<Point X="350" Y="186" T="undefined" />
	<Point X="351" Y="186" T="undefined" />
	<Point X="352" Y="186" T="undefined" />
	<Point X="353" Y="186" T="undefined" />
	<Point X="354" Y="186" T="undefined" />
	<Point X="355" Y="186" T="undefined" />
	<Point X="356" Y="186" T="undefined" />
	<Point X="357" Y="186" T="undefined" />
	<Point X="359" Y="186" T="undefined" />
	<Point X="360" Y="186" T="undefined" />
	<Point X="361" Y="186" T="undefined" />
	<Point X="362" Y="187" T="undefined" />
	<Point X="363" Y="187" T="undefined" />
	<Point X="364" Y="187" T="undefined" />
	<Point X="365" Y="187" T="undefined" />
	<Point X="365" Y="188" T="undefined" />
	<Point X="366" Y="188" T="undefined" />
	<Point X="367" Y="188" T="undefined" />
	<Point X="367" Y="189" T="undefined" />
	<Point X="368" Y="189" T="undefined" />
	<Point X="368" Y="190" T="undefined" />
	<Point X="369" Y="190" T="undefined" />
	<Point X="369" Y="191" T="undefined" />
	<Point X="370" Y="191" T="undefined" />
	<Point X="370" Y="192" T="undefined" />
	<Point X="371" Y="192" T="undefined" />
	<Point X="371" Y="193" T="undefined" />
	<Point X="372" Y="193" T="undefined" />
	<Point X="372" Y="194" T="undefined" />
	<Point X="373" Y="194" T="undefined" />
	<Point X="373" Y="195" T="undefined" />
	<Point X="373" Y="196" T="undefined" />
	<Point X="374" Y="196" T="undefined" />
	<Point X="374" Y="197" T="undefined" />
	<Point X="375" Y="197" T="undefined" />
	<Point X="375" Y="198" T="undefined" />
	<Point X="375" Y="199" T="undefined" />
	<Point X="375" Y="200" T="undefined" />
	<Point X="375" Y="201" T="undefined" />
	<Point X="375" Y="202" T="undefined" />
	<Point X="375" Y="203" T="undefined" />
	<Point X="375" Y="204" T="undefined" />
	<Point X="375" Y="205" T="undefined" />
	<Point X="375" Y="206" T="undefined" />
	<Point X="375" Y="207" T="undefined" />
	<Point X="375" Y="208" T="undefined" />
	<Point X="375" Y="209" T="undefined" />
	<Point X="375" Y="211" T="undefined" />
	<Point X="375" Y="212" T="undefined" />
	<Point X="374" Y="214" T="undefined" />
	<Point X="374" Y="217" T="undefined" />
	<Point X="374" Y="220" T="undefined" />
	<Point X="373" Y="224" T="undefined" />
	<Point X="372" Y="227" T="undefined" />
	<Point X="371" Y="233" T="undefined" />
	<Point X="370" Y="238" T="undefined" />
	<Point X="369" Y="242" T="undefined" />
	<Point X="369" Y="248" T="undefined" />
	<Point X="367" Y="253" T="undefined" />
	<Point X="366" Y="259" T="undefined" />
	<Point X="365" Y="265" T="undefined" />
	<Point X="365" Y="270" T="undefined" />
	<Point X="364" Y="275" T="undefined" />
	<Point X="364" Y="279" T="undefined" />
	<Point X="364" Y="283" T="undefined" />
	<Point X="364" Y="286" T="undefined" />
	<Point X="364" Y="289" T="undefined" />
	<Point X="364" Y="292" T="undefined" />
	<Point X="364" Y="294" T="undefined" />
	<Point X="364" Y="297" T="undefined" />
	<Point X="364" Y="299" T="undefined" />
	<Point X="364" Y="301" T="undefined" />
	<Point X="364" Y="302" T="undefined" />
	<Point X="364" Y="304" T="undefined" />
	<Point X="364" Y="305" T="undefined" />
	<Point X="364" Y="306" T="undefined" />
	<Point X="364" Y="307" T="undefined" />
	<Point X="364" Y="308" T="undefined" />
</Gesture>