<?xml version="1.0" encoding="utf-8" standalone="yes"?>
<Gesture Name="Arrow1" NumPts="204">
	<Point X="89" Y="353" T="undefined" />
	<Point X="89" Y="352" T="undefined" />
	<Point X="90" Y="352" T="undefined" />
	<Point X="90" Y="351" T="undefined" />
	<Point X="91" Y="350" T="undefined" />
	<Point X="92" Y="348" T="undefined" />
	<Point X="94" Y="347" T="undefined" />
	<Point X="96" Y="344" T="undefined" />
	<Point X="99" Y="341" T="undefined" />
	<Point X="104" Y="338" T="undefined" />
	<Point X="109" Y="334" T="undefined" />
	<Point X="116" Y="328" T="undefined" />
	<Point X="122" Y="323" T="undefined" />
	<Point X="132" Y="316" T="undefined" />
	<Point X="141" Y="309" T="undefined" />
	<Point X="149" Y="302" T="undefined" />
	<Point X="158" Y="295" T="undefined" />
	<Point X="168" Y="288" T="undefined" />
	<Point X="179" Y="280" T="undefined" />
	<Point X="190" Y="273" T="undefined" />
	<Point X="200" Y="265" T="undefined" />
	<Point X="212" Y="257" T="undefined" />
	<Point X="222" Y="249" T="undefined" />
	<Point X="232" Y="242" T="undefined" />
	<Point X="241" Y="236" T="undefined" />
	<Point X="252" Y="229" T="undefined" />
	<Point X="261" Y="223" T="undefined" />
	<Point X="267" Y="218" T="undefined" />
	<Point X="273" Y="213" T="undefined" />
	<Point X="279" Y="208" T="undefined" />
	<Point X="284" Y="204" T="undefined" />
	<Point X="290" Y="200" T="undefined" />
	<Point X="294" Y="196" T="undefined" />
	<Point X="298" Y="193" T="undefined" />
	<Point X="301" Y="190" T="undefined" />
	<Point X="305" Y="187" T="undefined" />
	<Point X="308" Y="184" T="undefined" />
	<Point X="311" Y="182" T="undefined" />
	<Point X="313" Y="180" T="undefined" />
	<Point X="314" Y="178" T="undefined" />
	<Point X="316" Y="177" T="undefined" />
	<Point X="317" Y="175" T="undefined" />
	<Point X="318" Y="174" T="undefined" />
	<Point X="320" Y="173" T="undefined" />
	<Point X="321" Y="172" T="undefined" />
	<Point X="321" Y="171" T="undefined" />
	<Point X="321" Y="170" T="undefined" />
	<Point X="319" Y="169" T="undefined" />
	<Point X="318" Y="168" T="undefined" />
	<Point X="316" Y="167" T="undefined" />
	<Point X="314" Y="166" T="undefined" />
	<Point X="311" Y="165" T="undefined" />
	<Point X="309" Y="164" T="undefined" />
	<Point X="306" Y="163" T="undefined" />
	<Point X="304" Y="162" T="undefined" />
	<Point X="301" Y="161" T="undefined" />
	<Point X="298" Y="160" T="undefined" />
	<Point X="295" Y="159" T="undefined" />
	<Point X="292" Y="158" T="undefined" />
	<Point X="290" Y="157" T="undefined" />
	<Point X="286" Y="156" T="undefined" />
	<Point X="284" Y="155" T="undefined" />
	<Point X="280" Y="154" T="undefined" />
	<Point X="277" Y="153" T="undefined" />
	<Point X="274" Y="153" T="undefined" />
	<Point X="272" Y="152" T="undefined" />
	<Point X="269" Y="152" T="undefined" />
	<Point X="266" Y="152" T="undefined" />
	<Point X="264" Y="151" T="undefined" />
	<Point X="261" Y="150" T="undefined" />
	<Point X="259" Y="150" T="undefined" />
	<Point X="257" Y="149" T="undefined" />
	<Point X="255" Y="149" T="undefined" />
	<Point X="253" Y="148" T="undefined" />
	<Point X="250" Y="148" T="undefined" />
	<Point X="248" Y="148" T="undefined" />
	<Point X="247" Y="147" T="undefined" />
	<Point X="245" Y="147" T="undefined" />
	<Point X="243" Y="147" T="undefined" />
	<Point X="241" Y="147" T="undefined" />
	<Point X="240" Y="146" T="undefined" />
	<Point X="239" Y="146" T="undefined" />
	<Point X="237" Y="145" T="undefined" />
	<Point X="236" Y="145" T="undefined" />
	<Point X="235" Y="145" T="undefined" />
	<Point X="233" Y="145" T="undefined" />
	<Point X="233" Y="144" T="undefined" />
	<Point X="232" Y="144" T="undefined" />
	<Point X="231" Y="144" T="undefined" />
	<Point X="230" Y="144" T="undefined" />
	<Point X="229" Y="144" T="undefined" />
	<Point X="229" Y="143" T="undefined" />
	<Point X="228" Y="143" T="undefined" />
	<Point X="229" Y="143" T="undefined" />
	<Point X="230" Y="143" T="undefined" />
	<Point X="231" Y="143" T="undefined" />
	<Point X="232" Y="143" T="undefined" />
	<Point X="234" Y="143" T="undefined" />
	<Point X="235" Y="144" T="undefined" />
	<Point X="238" Y="145" T="undefined" />
	<Point X="240" Y="146" T="undefined" />
	<Point X="242" Y="147" T="undefined" />
	<Point X="244" Y="147" T="undefined" />
	<Point X="246" Y="148" T="undefined" />
	<Point X="249" Y="149" T="undefined" />
	<Point X="251" Y="150" T="undefined" />
	<Point X="254" Y="151" T="undefined" />
	<Point X="257" Y="152" T="undefined" />
	<Point X="260" Y="153" T="undefined" />
	<Point X="262" Y="154" T="undefined" />
	<Point X="264" Y="155" T="undefined" />
	<Point X="267" Y="156" T="undefined" />
	<Point X="269" Y="157" T="undefined" />
	<Point X="271" Y="157" T="undefined" />
	<Point X="273" Y="158" T="undefined" />
	<Point X="275" Y="159" T="undefined" />
	<Point X="276" Y="159" T="undefined" />
	<Point X="277" Y="160" T="undefined" />
	<Point X="279" Y="160" T="undefined" />
	<Point X="280" Y="160" T="undefined" />
	<Point X="281" Y="161" T="undefined" />
	<Point X="282" Y="161" T="undefined" />
	<Point X="283" Y="161" T="undefined" />
	<Point X="284" Y="161" T="undefined" />
	<Point X="285" Y="161" T="undefined" />
	<Point X="286" Y="161" T="undefined" />
	<Point X="287" Y="161" T="undefined" />
	<Point X="288" Y="161" T="undefined" />
	<Point X="288" Y="162" T="undefined" />
	<Point X="289" Y="162" T="undefined" />
	<Point X="290" Y="162" T="undefined" />
	<Point X="291" Y="162" T="undefined" />
	<Point X="292" Y="162" T="undefined" />
	<Point X="292" Y="163" T="undefined" />
	<Point X="293" Y="163" T="undefined" />
	<Point X="294" Y="163" T="undefined" />
	<Point X="295" Y="163" T="undefined" />
	<Point X="296" Y="163" T="undefined" />
	<Point X="297" Y="163" T="undefined" />
	<Point X="298" Y="163" T="undefined" />
	<Point X="299" Y="163" T="undefined" />
	<Point X="300" Y="163" T="undefined" />
	<Point X="301" Y="163" T="undefined" />
	<Point X="302" Y="163" T="undefined" />
	<Point X="303" Y="163" T="undefined" />
	<Point X="304" Y="163" T="undefined" />
	<Point X="305" Y="163" T="undefined" />
	<Point X="306" Y="164" T="undefined" />
	<Point X="307" Y="164" T="undefined" />
	<Point X="308" Y="164" T="undefined" />
	<Point X="309" Y="164" T="undefined" />
	<Point X="310" Y="164" T="undefined" />
	<Point X="311" Y="164" T="undefined" />
	<Point X="311" Y="165" T="undefined" />
	<Point X="312" Y="165" T="undefined" />
	<Point X="313" Y="165" T="undefined" />
	<Point X="314" Y="165" T="undefined" />
	<Point X="315" Y="166" T="undefined" />
	<Point X="316" Y="166" T="undefined" />
	<Point X="317" Y="166" T="undefined" />
	<Point X="317" Y="167" T="undefined" />
	<Point X="318" Y="167" T="undefined" />
	<Point X="318" Y="168" T="undefined" />
	<Point X="319" Y="168" T="undefined" />
	<Point X="320" Y="168" T="undefined" />
	<Point X="320" Y="169" T="undefined" />
	<Point X="321" Y="169" T="undefined" />
	<Point X="322" Y="169" T="undefined" />
	<Point X="322" Y="170" T="undefined" />
	<Point X="323" Y="171" T="undefined" />
	<Point X="324" Y="171" T="undefined" />
	<Point X="325" Y="172" T="undefined" />
	<Point X="326" Y="172" T="undefined" />
	<Point X="326" Y="173" T="undefined" />
	<Point X="327" Y="173" T="undefined" />
	<Point X="328" Y="174" T="undefined" />
	<Point X="328" Y="175" T="undefined" />
	<Point X="328" Y="176" T="undefined" />
	<Point X="328" Y="177" T="undefined" />
	<Point X="328" Y="180" T="undefined" />
	<Point X="328" Y="181" T="undefined" />
	<Point X="328" Y="184" T="undefined" />
	<Point X="328" Y="186" T="undefined" />
	<Point X="327" Y="190" T="undefined" />
	<Point X="327" Y="194" T="undefined" />
	<Point X="327" Y="198" T="undefined" />
	<Point X="326" Y="203" T="undefined" />
	<Point X="326" Y="207" T="undefined" />
	<Point X="324" Y="213" T="undefined" />
	<Point X="324" Y="218" T="undefined" />
	<Point X="323" Y="223" T="undefined" />
	<Point X="323" Y="229" T="undefined" />
	<Point X="322" Y="234" T="undefined" />
	<Point X="321" Y="238" T="undefined" />
	<Point X="321" Y="241" T="undefined" />
	<Point X="320" Y="245" T="undefined" />
	<Point X="320" Y="248" T="undefined" />
	<Point X="320" Y="250" T="undefined" />
	<Point X="320" Y="253" T="undefined" />
	<Point X="320" Y="254" T="undefined" />
	<Point X="320" Y="256" T="undefined" />
	<Point X="320" Y="257" T="undefined" />
	<Point X="320" Y="258" T="undefined" />
	<Point X="320" Y="259" T="undefined" />
</Gesture>