<?xml version="1.0" encoding="utf-8" standalone="yes"?>
<Gesture Name="Arrow6" NumPts="127">
	<Point X="47" Y="322" T="undefined" />
	<Point X="48" Y="322" T="undefined" />
	<Point X="49" Y="322" T="undefined" />
	<Point X="50" Y="322" T="undefined" />
	<Point X="51" Y="322" T="undefined" />
	<Point X="52" Y="322" T="undefined" />
	<Point X="53" Y="322" T="undefined" />
	<Point X="54" Y="322" T="undefined" />
	<Point X="55" Y="322" T="undefined" />
	<Point X="56" Y="322" T="undefined" />
	<Point X="59" Y="322" T="undefined" />
	<Point X="62" Y="320" T="undefined" />
	<Point X="66" Y="318" T="undefined" />
	<Point X="70" Y="315" T="undefined" />
	<Point X="77" Y="311" T="undefined" />
	<Point X="83" Y="307" T="undefined" />
	<Point X="92" Y="302" T="undefined" />
	<Point X="101" Y="295" T="undefined" />
	<Point X="110" Y="288" T="undefined" />
	<Point X="122" Y="278" T="undefined" />
	<Point X="134" Y="269" T="undefined" />
	<Point X="144" Y="259" T="undefined" />
	<Point X="155" Y="249" T="undefined" />
	<Point X="169" Y="236" T="undefined" />
	<Point X="178" Y="227" T="undefined" />
	<Point X="192" Y="215" T="undefined" />
	<Point X="204" Y="202" T="undefined" />
	<Point X="218" Y="190" T="undefined" />
	<Point X="230" Y="177" T="undefined" />
	<Point X="243" Y="166" T="undefined" />
	<Point X="254" Y="157" T="undefined" />
	<Point X="265" Y="148" T="undefined" />
	<Point X="275" Y="142" T="undefined" />
	<Point X="285" Y="135" T="undefined" />
	<Point X="292" Y="129" T="undefined" />
	<Point X="300" Y="125" T="undefined" />
	<Point X="306" Y="120" T="undefined" />
	<Point X="312" Y="115" T="undefined" />
	<Point X="318" Y="110" T="undefined" />
	<Point X="323" Y="107" T="undefined" />
	<Point X="327" Y="104" T="undefined" />
	<Point X="332" Y="100" T="undefined" />
	<Point X="337" Y="97" T="undefined" />
	<Point X="341" Y="95" T="undefined" />
	<Point X="344" Y="92" T="undefined" />
	<Point X="348" Y="90" T="undefined" />
	<Point X="351" Y="88" T="undefined" />
	<Point X="354" Y="86" T="undefined" />
	<Point X="356" Y="85" T="undefined" />
	<Point X="358" Y="84" T="undefined" />
	<Point X="359" Y="83" T="undefined" />
	<Point X="360" Y="82" T="undefined" />
	<Point X="361" Y="82" T="undefined" />
	<Point X="362" Y="81" T="undefined" />
	<Point X="362" Y="80" T="undefined" />
	<Point X="363" Y="80" T="undefined" />
	<Point X="362" Y="80" T="undefined" />
	<Point X="361" Y="80" T="undefined" />
	<Point X="359" Y="80" T="undefined" />
	<Point X="356" Y="81" T="undefined" />
	<Point X="352" Y="81" T="undefined" />
	<Point X="348" Y="81" T="undefined" />
	<Point X="343" Y="81" T="undefined" />
	<Point X="338" Y="82" T="undefined" />
	<Point X="331" Y="82" T="undefined" />
	<Point X="325" Y="82" T="undefined" />
	<Point X="318" Y="82" T="undefined" />
	<Point X="312" Y="82" T="undefined" />
	<Point X="303" Y="82" T="undefined" />
	<Point X="295" Y="82" T="undefined" />
	<Point X="289" Y="81" T="undefined" />
	<Point X="281" Y="81" T="undefined" />
	<Point X="276" Y="80" T="undefined" />
	<Point X="270" Y="79" T="undefined" />
	<Point X="265" Y="78" T="undefined" />
	<Point X="261" Y="77" T="undefined" />
	<Point X="257" Y="76" T="undefined" />
	<Point X="254" Y="75" T="undefined" />
	<Point X="251" Y="75" T="undefined" />
	<Point X="249" Y="74" T="undefined" />
	<Point X="248" Y="74" T="undefined" />
	<Point X="247" Y="74" T="undefined" />
	<Point X="248" Y="74" T="undefined" />
	<Point X="249" Y="74" T="undefined" />
	<Point X="250" Y="74" T="undefined" />
	<Point X="253" Y="75" T="undefined" />
	<Point X="256" Y="76" T="undefined" />
	<Point X="260" Y="76" T="undefined" />
	<Point X="264" Y="77" T="undefined" />
	<Point X="270" Y="78" T="undefined" />
	<Point X="275" Y="79" T="undefined" />
	<Point X="284" Y="79" T="undefined" />
	<Point X="292" Y="80" T="undefined" />
	<Point X="300" Y="81" T="undefined" />
	<Point X="310" Y="82" T="undefined" />
	<Point X="317" Y="83" T="undefined" />
	<Point X="325" Y="83" T="undefined" />
	<Point X="333" Y="85" T="undefined" />
	<Point X="340" Y="85" T="undefined" />
	<Point X="348" Y="85" T="undefined" />
	<Point X="353" Y="85" T="undefined" />
	<Point X="357" Y="86" T="undefined" />
	<Point X="361" Y="86" T="undefined" />
	<Point X="364" Y="86" T="undefined" />
	<Point X="367" Y="86" T="undefined" />
	<Point X="368" Y="86" T="undefined" />
	<Point X="368" Y="87" T="undefined" />
	<Point X="368" Y="88" T="undefined" />
	<Point X="368" Y="89" T="undefined" />
	<Point X="368" Y="92" T="undefined" />
	<Point X="368" Y="94" T="undefined" />
	<Point X="368" Y="97" T="undefined" />
	<Point X="369" Y="101" T="undefined" />
	<Point X="369" Y="106" T="undefined" />
	<Point X="370" Y="111" T="undefined" />
	<Point X="371" Y="117" T="undefined" />
	<Point X="372" Y="123" T="undefined" />
	<Point X="373" Y="129" T="undefined" />
	<Point X="375" Y="134" T="undefined" />
	<Point X="377" Y="138" T="undefined" />
	<Point X="379" Y="142" T="undefined" />
	<Point X="380" Y="147" T="undefined" />
	<Point X="382" Y="149" T="undefined" />
	<Point X="383" Y="151" T="undefined" />
	<Point X="384" Y="153" T="undefined" />
	<Point X="385" Y="155" T="undefined" />
	<Point X="386" Y="155" T="undefined" />
</Gesture>