<?xml version="1.0" encoding="utf-8" standalone="yes"?>
<Gesture Name="Arrow8" NumPts="114">
	<Point X="134" Y="433" T="undefined" />
	<Point X="134" Y="432" T="undefined" />
	<Point X="136" Y="431" T="undefined" />
	<Point X="137" Y="430" T="undefined" />
	<Point X="140" Y="427" T="undefined" />
	<Point X="141" Y="425" T="undefined" />
	<Point X="144" Y="422" T="undefined" />
	<Point X="147" Y="418" T="undefined" />
	<Point X="150" Y="414" T="undefined" />
	<Point X="154" Y="409" T="undefined" />
	<Point X="161" Y="402" T="undefined" />
	<Point X="167" Y="394" T="undefined" />
	<Point X="174" Y="386" T="undefined" />
	<Point X="183" Y="375" T="undefined" />
	<Point X="193" Y="363" T="undefined" />
	<Point X="207" Y="348" T="undefined" />
	<Point X="217" Y="337" T="undefined" />
	<Point X="228" Y="324" T="undefined" />
	<Point X="241" Y="310" T="undefined" />
	<Point X="253" Y="298" T="undefined" />
	<Point X="265" Y="284" T="undefined" />
	<Point X="277" Y="271" T="undefined" />
	<Point X="291" Y="257" T="undefined" />
	<Point X="305" Y="242" T="undefined" />
	<Point X="315" Y="232" T="undefined" />
	<Point X="330" Y="218" T="undefined" />
	<Point X="341" Y="207" T="undefined" />
	<Point X="353" Y="196" T="undefined" />
	<Point X="362" Y="187" T="undefined" />
	<Point X="369" Y="180" T="undefined" />
	<Point X="377" Y="173" T="undefined" />
	<Point X="385" Y="165" T="undefined" />
	<Point X="389" Y="160" T="undefined" />
	<Point X="393" Y="156" T="undefined" />
	<Point X="397" Y="152" T="undefined" />
	<Point X="400" Y="150" T="undefined" />
	<Point X="401" Y="148" T="undefined" />
	<Point X="403" Y="146" T="undefined" />
	<Point X="405" Y="144" T="undefined" />
	<Point X="406" Y="144" T="undefined" />
	<Point X="406" Y="143" T="undefined" />
	<Point X="405" Y="143" T="undefined" />
	<Point X="404" Y="143" T="undefined" />
	<Point X="403" Y="144" T="undefined" />
	<Point X="402" Y="144" T="undefined" />
	<Point X="399" Y="145" T="undefined" />
	<Point X="396" Y="146" T="undefined" />
	<Point X="393" Y="146" T="undefined" />
	<Point X="388" Y="147" T="undefined" />
	<Point X="383" Y="147" T="undefined" />
	<Point X="377" Y="147" T="undefined" />
	<Point X="372" Y="147" T="undefined" />
	<Point X="364" Y="147" T="undefined" />
	<Point X="356" Y="147" T="undefined" />
	<Point X="349" Y="147" T="undefined" />
	<Point X="343" Y="147" T="undefined" />
	<Point X="335" Y="147" T="undefined" />
	<Point X="332" Y="147" T="undefined" />
	<Point X="327" Y="147" T="undefined" />
	<Point X="325" Y="147" T="undefined" />
	<Point X="323" Y="147" T="undefined" />
	<Point X="322" Y="147" T="undefined" />
	<Point X="323" Y="146" T="undefined" />
	<Point X="324" Y="146" T="undefined" />
	<Point X="325" Y="145" T="undefined" />
	<Point X="327" Y="145" T="undefined" />
	<Point X="329" Y="145" T="undefined" />
	<Point X="332" Y="145" T="undefined" />
	<Point X="335" Y="144" T="undefined" />
	<Point X="338" Y="144" T="undefined" />
	<Point X="342" Y="144" T="undefined" />
	<Point X="346" Y="144" T="undefined" />
	<Point X="351" Y="144" T="undefined" />
	<Point X="356" Y="144" T="undefined" />
	<Point X="360" Y="144" T="undefined" />
	<Point X="364" Y="144" T="undefined" />
	<Point X="369" Y="145" T="undefined" />
	<Point X="374" Y="145" T="undefined" />
	<Point X="379" Y="146" T="undefined" />
	<Point X="382" Y="146" T="undefined" />
	<Point X="385" Y="146" T="undefined" />
	<Point X="389" Y="147" T="undefined" />
	<Point X="391" Y="147" T="undefined" />
	<Point X="393" Y="147" T="undefined" />
	<Point X="394" Y="147" T="undefined" />
	<Point X="395" Y="148" T="undefined" />
	<Point X="396" Y="148" T="undefined" />
	<Point X="397" Y="148" T="undefined" />
	<Point X="398" Y="148" T="undefined" />
	<Point X="398" Y="149" T="undefined" />
	<Point X="398" Y="150" T="undefined" />
	<Point X="398" Y="151" T="undefined" />
	<Point X="398" Y="152" T="undefined" />
	<Point X="398" Y="153" T="undefined" />
	<Point X="399" Y="156" T="undefined" />
	<Point X="400" Y="159" T="undefined" />
	<Point X="401" Y="163" T="undefined" />
	<Point X="403" Y="168" T="undefined" />
	<Point X="405" Y="173" T="undefined" />
	<Point X="407" Y="181" T="undefined" />
	<Point X="410" Y="189" T="undefined" />
	<Point X="412" Y="195" T="undefined" />
	<Point X="415" Y="202" T="undefined" />
	<Point X="417" Y="208" T="undefined" />
	<Point X="421" Y="215" T="undefined" />
	<Point X="423" Y="220" T="undefined" />
	<Point X="426" Y="225" T="undefined" />
	<Point X="428" Y="229" T="undefined" />
	<Point X="431" Y="232" T="undefined" />
	<Point X="433" Y="235" T="undefined" />
	<Point X="435" Y="238" T="undefined" />
	<Point X="436" Y="239" T="undefined" />
	<Point X="437" Y="240" T="undefined" />
	<Point X="438" Y="241" T="undefined" />
</Gesture>