<?xml version="1.0" encoding="utf-8" standalone="yes"?>
<Gesture Name="Arrow0" NumPts="162">
	<Point X="46" Y="397" T="undefined" />
	<Point X="47" Y="397" T="undefined" />
	<Point X="48" Y="396" T="undefined" />
	<Point X="49" Y="395" T="undefined" />
	<Point X="51" Y="395" T="undefined" />
	<Point X="52" Y="394" T="undefined" />
	<Point X="54" Y="393" T="undefined" />
	<Point X="55" Y="392" T="undefined" />
	<Point X="58" Y="391" T="undefined" />
	<Point X="60" Y="390" T="undefined" />
	<Point X="63" Y="388" T="undefined" />
	<Point X="66" Y="386" T="undefined" />
	<Point X="70" Y="384" T="undefined" />
	<Point X="75" Y="381" T="undefined" />
	<Point X="82" Y="377" T="undefined" />
	<Point X="88" Y="373" T="undefined" />
	<Point X="98" Y="366" T="undefined" />
	<Point X="107" Y="360" T="undefined" />
	<Point X="115" Y="355" T="undefined" />
	<Point X="128" Y="345" T="undefined" />
	<Point X="135" Y="340" T="undefined" />
	<Point X="146" Y="332" T="undefined" />
	<Point X="157" Y="323" T="undefined" />
	<Point X="168" Y="315" T="undefined" />
	<Point X="180" Y="306" T="undefined" />
	<Point X="193" Y="296" T="undefined" />
	<Point X="207" Y="285" T="undefined" />
	<Point X="218" Y="276" T="undefined" />
	<Point X="232" Y="263" T="undefined" />
	<Point X="247" Y="251" T="undefined" />
	<Point X="261" Y="240" T="undefined" />
	<Point X="274" Y="230" T="undefined" />
	<Point X="282" Y="224" T="undefined" />
	<Point X="295" Y="214" T="undefined" />
	<Point X="304" Y="207" T="undefined" />
	<Point X="312" Y="201" T="undefined" />
	<Point X="317" Y="197" T="undefined" />
	<Point X="323" Y="193" T="undefined" />
	<Point X="327" Y="189" T="undefined" />
	<Point X="332" Y="185" T="undefined" />
	<Point X="336" Y="182" T="undefined" />
	<Point X="339" Y="179" T="undefined" />
	<Point X="343" Y="176" T="undefined" />
	<Point X="346" Y="174" T="undefined" />
	<Point X="348" Y="171" T="undefined" />
	<Point X="351" Y="170" T="undefined" />
	<Point X="353" Y="168" T="undefined" />
	<Point X="355" Y="166" T="undefined" />
	<Point X="356" Y="165" T="undefined" />
	<Point X="357" Y="164" T="undefined" />
	<Point X="359" Y="163" T="undefined" />
	<Point X="360" Y="162" T="undefined" />
	<Point X="361" Y="162" T="undefined" />
	<Point X="361" Y="161" T="undefined" />
	<Point X="362" Y="161" T="undefined" />
	<Point X="363" Y="160" T="undefined" />
	<Point X="363" Y="159" T="undefined" />
	<Point X="364" Y="159" T="undefined" />
	<Point X="363" Y="159" T="undefined" />
	<Point X="362" Y="159" T="undefined" />
	<Point X="359" Y="159" T="undefined" />
	<Point X="356" Y="159" T="undefined" />
	<Point X="352" Y="159" T="undefined" />
	<Point X="348" Y="159" T="undefined" />
	<Point X="342" Y="159" T="undefined" />
	<Point X="334" Y="159" T="undefined" />
	<Point X="326" Y="160" T="undefined" />
	<Point X="321" Y="160" T="undefined" />
	<Point X="312" Y="162" T="undefined" />
	<Point X="304" Y="162" T="undefined" />
	<Point X="295" Y="164" T="undefined" />
	<Point X="287" Y="164" T="undefined" />
	<Point X="277" Y="165" T="undefined" />
	<Point X="269" Y="165" T="undefined" />
	<Point X="261" Y="166" T="undefined" />
	<Point X="253" Y="166" T="undefined" />
	<Point X="247" Y="166" T="undefined" />
	<Point X="240" Y="166" T="undefined" />
	<Point X="235" Y="166" T="undefined" />
	<Point X="231" Y="167" T="undefined" />
	<Point X="229" Y="167" T="undefined" />
	<Point X="228" Y="167" T="undefined" />
	<Point X="227" Y="167" T="undefined" />
	<Point X="228" Y="167" T="undefined" />
	<Point X="229" Y="167" T="undefined" />
	<Point X="232" Y="167" T="undefined" />
	<Point X="235" Y="167" T="undefined" />
	<Point X="239" Y="166" T="undefined" />
	<Point X="244" Y="166" T="undefined" />
	<Point X="252" Y="164" T="undefined" />
	<Point X="259" Y="164" T="undefined" />
	<Point X="266" Y="163" T="undefined" />
	<Point X="275" Y="162" T="undefined" />
	<Point X="284" Y="162" T="undefined" />
	<Point X="294" Y="162" T="undefined" />
	<Point X="304" Y="161" T="undefined" />
	<Point X="313" Y="161" T="undefined" />
	<Point X="322" Y="161" T="undefined" />
	<Point X="331" Y="161" T="undefined" />
	<Point X="340" Y="160" T="undefined" />
	<Point X="348" Y="160" T="undefined" />
	<Point X="356" Y="160" T="undefined" />
	<Point X="362" Y="160" T="undefined" />
	<Point X="367" Y="160" T="undefined" />
	<Point X="372" Y="160" T="undefined" />
	<Point X="376" Y="161" T="undefined" />
	<Point X="378" Y="161" T="undefined" />
	<Point X="380" Y="161" T="undefined" />
	<Point X="382" Y="162" T="undefined" />
	<Point X="383" Y="162" T="undefined" />
	<Point X="384" Y="162" T="undefined" />
	<Point X="384" Y="163" T="undefined" />
	<Point X="383" Y="163" T="undefined" />
	<Point X="382" Y="163" T="undefined" />
	<Point X="381" Y="163" T="undefined" />
	<Point X="380" Y="164" T="undefined" />
	<Point X="379" Y="164" T="undefined" />
	<Point X="377" Y="165" T="undefined" />
	<Point X="376" Y="165" T="undefined" />
	<Point X="375" Y="165" T="undefined" />
	<Point X="374" Y="165" T="undefined" />
	<Point X="373" Y="165" T="undefined" />
	<Point X="374" Y="165" T="undefined" />
	<Point X="374" Y="166" T="undefined" />
	<Point X="376" Y="166" T="undefined" />
	<Point X="376" Y="167" T="undefined" />
	<Point X="377" Y="167" T="undefined" />
	<Point X="379" Y="169" T="undefined" />
	<Point X="381" Y="171" T="undefined" />
	<Point X="382" Y="174" T="undefined" />
	<Point X="384" Y="177" T="undefined" />
	<Point X="386" Y="181" T="undefined" />
	<Point X="389" Y="184" T="undefined" />
	<Point X="392" Y="189" T="undefined" />
	<Point X="394" Y="194" T="undefined" />
	<Point X="397" Y="200" T="undefined" />
	<Point X="400" Y="205" T="undefined" />
	<Point X="403" Y="212" T="undefined" />
	<Point X="406" Y="217" T="undefined" />
	<Point X="409" Y="223" T="undefined" />
	<Point X="412" Y="230" T="undefined" />
	<Point X="415" Y="237" T="undefined" />
	<Point X="417" Y="241" T="undefined" />
	<Point X="420" Y="248" T="undefined" />
	<Point X="422" Y="252" T="undefined" />
	<Point X="424" Y="255" T="undefined" />
	<Point X="426" Y="259" T="undefined" />
	<Point X="428" Y="262" T="undefined" />
	<Point X="429" Y="266" T="undefined" />
	<Point X="431" Y="269" T="undefined" />
	<Point X="432" Y="271" T="undefined" />
	<Point X="432" Y="273" T="undefined" />
	<Point X="433" Y="275" T="undefined" />
	<Point X="433" Y="277" T="undefined" />
	<Point X="434" Y="278" T="undefined" />
	<Point X="434" Y="279" T="undefined" />
	<Point X="434" Y="280" T="undefined" />
	<Point X="434" Y="281" T="undefined" />
	<Point X="434" Y="282" T="undefined" />
	<Point X="434" Y="283" T="undefined" />
	<Point X="435" Y="283" T="undefined" />
	<Point X="435" Y="284" T="undefined" />
</Gesture>