<?xml version="1.0" encoding="utf-8" standalone="yes"?>
<Gesture Name="Arrow5" NumPts="167">
	<Point X="82" Y="381" T="undefined" />
	<Point X="82" Y="380" T="undefined" />
	<Point X="83" Y="380" T="undefined" />
	<Point X="84" Y="379" T="undefined" />
	<Point X="85" Y="378" T="undefined" />
	<Point X="87" Y="376" T="undefined" />
	<Point X="88" Y="375" T="undefined" />
	<Point X="90" Y="373" T="undefined" />
	<Point X="95" Y="368" T="undefined" />
	<Point X="100" Y="365" T="undefined" />
	<Point X="104" Y="361" T="undefined" />
	<Point X="109" Y="357" T="undefined" />
	<Point X="116" Y="351" T="undefined" />
	<Point X="125" Y="342" T="undefined" />
	<Point X="135" Y="333" T="undefined" />
	<Point X="145" Y="324" T="undefined" />
	<Point X="156" Y="314" T="undefined" />
	<Point X="169" Y="301" T="undefined" />
	<Point X="182" Y="289" T="undefined" />
	<Point X="200" Y="273" T="undefined" />
	<Point X="217" Y="259" T="undefined" />
	<Point X="222" Y="254" T="undefined" />
	<Point X="236" Y="243" T="undefined" />
	<Point X="248" Y="232" T="undefined" />
	<Point X="262" Y="221" T="undefined" />
	<Point X="271" Y="212" T="undefined" />
	<Point X="278" Y="206" T="undefined" />
	<Point X="287" Y="198" T="undefined" />
	<Point X="297" Y="190" T="undefined" />
	<Point X="305" Y="182" T="undefined" />
	<Point X="312" Y="176" T="undefined" />
	<Point X="318" Y="170" T="undefined" />
	<Point X="324" Y="165" T="undefined" />
	<Point X="329" Y="159" T="undefined" />
	<Point X="333" Y="156" T="undefined" />
	<Point X="337" Y="151" T="undefined" />
	<Point X="341" Y="148" T="undefined" />
	<Point X="344" Y="144" T="undefined" />
	<Point X="348" Y="140" T="undefined" />
	<Point X="351" Y="137" T="undefined" />
	<Point X="354" Y="133" T="undefined" />
	<Point X="357" Y="130" T="undefined" />
	<Point X="359" Y="128" T="undefined" />
	<Point X="362" Y="125" T="undefined" />
	<Point X="364" Y="124" T="undefined" />
	<Point X="365" Y="122" T="undefined" />
	<Point X="367" Y="121" T="undefined" />
	<Point X="368" Y="120" T="undefined" />
	<Point X="369" Y="118" T="undefined" />
	<Point X="370" Y="117" T="undefined" />
	<Point X="371" Y="116" T="undefined" />
	<Point X="372" Y="115" T="undefined" />
	<Point X="373" Y="114" T="undefined" />
	<Point X="373" Y="113" T="undefined" />
	<Point X="374" Y="113" T="undefined" />
	<Point X="375" Y="112" T="undefined" />
	<Point X="375" Y="111" T="undefined" />
	<Point X="376" Y="111" T="undefined" />
	<Point X="375" Y="111" T="undefined" />
	<Point X="374" Y="111" T="undefined" />
	<Point X="372" Y="111" T="undefined" />
	<Point X="369" Y="111" T="undefined" />
	<Point X="366" Y="111" T="undefined" />
	<Point X="362" Y="111" T="undefined" />
	<Point X="358" Y="111" T="undefined" />
	<Point X="352" Y="111" T="undefined" />
	<Point X="348" Y="111" T="undefined" />
	<Point X="339" Y="111" T="undefined" />
	<Point X="334" Y="111" T="undefined" />
	<Point X="326" Y="111" T="undefined" />
	<Point X="314" Y="111" T="undefined" />
	<Point X="304" Y="111" T="undefined" />
	<Point X="298" Y="111" T="undefined" />
	<Point X="292" Y="111" T="undefined" />
	<Point X="283" Y="111" T="undefined" />
	<Point X="269" Y="111" T="undefined" />
	<Point X="261" Y="111" T="undefined" />
	<Point X="256" Y="111" T="undefined" />
	<Point X="248" Y="112" T="undefined" />
	<Point X="243" Y="112" T="undefined" />
	<Point X="240" Y="112" T="undefined" />
	<Point X="237" Y="112" T="undefined" />
	<Point X="234" Y="112" T="undefined" />
	<Point X="233" Y="112" T="undefined" />
	<Point X="232" Y="112" T="undefined" />
	<Point X="231" Y="112" T="undefined" />
	<Point X="231" Y="111" T="undefined" />
	<Point X="232" Y="111" T="undefined" />
	<Point X="233" Y="111" T="undefined" />
	<Point X="235" Y="110" T="undefined" />
	<Point X="237" Y="109" T="undefined" />
	<Point X="241" Y="109" T="undefined" />
	<Point X="245" Y="109" T="undefined" />
	<Point X="251" Y="108" T="undefined" />
	<Point X="255" Y="108" T="undefined" />
	<Point X="263" Y="108" T="undefined" />
	<Point X="269" Y="108" T="undefined" />
	<Point X="272" Y="108" T="undefined" />
	<Point X="278" Y="108" T="undefined" />
	<Point X="285" Y="109" T="undefined" />
	<Point X="292" Y="109" T="undefined" />
	<Point X="296" Y="109" T="undefined" />
	<Point X="305" Y="109" T="undefined" />
	<Point X="312" Y="109" T="undefined" />
	<Point X="320" Y="109" T="undefined" />
	<Point X="327" Y="109" T="undefined" />
	<Point X="335" Y="109" T="undefined" />
	<Point X="342" Y="109" T="undefined" />
	<Point X="349" Y="110" T="undefined" />
	<Point X="357" Y="110" T="undefined" />
	<Point X="360" Y="110" T="undefined" />
	<Point X="364" Y="111" T="undefined" />
	<Point X="368" Y="112" T="undefined" />
	<Point X="373" Y="112" T="undefined" />
	<Point X="375" Y="112" T="undefined" />
	<Point X="379" Y="113" T="undefined" />
	<Point X="382" Y="113" T="undefined" />
	<Point X="385" Y="113" T="undefined" />
	<Point X="386" Y="113" T="undefined" />
	<Point X="390" Y="114" T="undefined" />
	<Point X="392" Y="114" T="undefined" />
	<Point X="394" Y="114" T="undefined" />
	<Point X="395" Y="114" T="undefined" />
	<Point X="397" Y="114" T="undefined" />
	<Point X="399" Y="115" T="undefined" />
	<Point X="400" Y="115" T="undefined" />
	<Point X="400" Y="116" T="undefined" />
	<Point X="401" Y="116" T="undefined" />
	<Point X="401" Y="117" T="undefined" />
	<Point X="402" Y="117" T="undefined" />
	<Point X="402" Y="118" T="undefined" />
	<Point X="402" Y="120" T="undefined" />
	<Point X="402" Y="121" T="undefined" />
	<Point X="402" Y="124" T="undefined" />
	<Point X="403" Y="127" T="undefined" />
	<Point X="404" Y="130" T="undefined" />
	<Point X="404" Y="134" T="undefined" />
	<Point X="406" Y="137" T="undefined" />
	<Point X="407" Y="143" T="undefined" />
	<Point X="409" Y="149" T="undefined" />
	<Point X="411" Y="154" T="undefined" />
	<Point X="413" Y="157" T="undefined" />
	<Point X="415" Y="163" T="undefined" />
	<Point X="417" Y="169" T="undefined" />
	<Point X="420" Y="173" T="undefined" />
	<Point X="424" Y="181" T="undefined" />
	<Point X="427" Y="186" T="undefined" />
	<Point X="429" Y="190" T="undefined" />
	<Point X="432" Y="196" T="undefined" />
	<Point X="435" Y="200" T="undefined" />
	<Point X="437" Y="203" T="undefined" />
	<Point X="439" Y="206" T="undefined" />
	<Point X="442" Y="210" T="undefined" />
	<Point X="443" Y="212" T="undefined" />
	<Point X="445" Y="215" T="undefined" />
	<Point X="446" Y="216" T="undefined" />
	<Point X="447" Y="217" T="undefined" />
	<Point X="448" Y="218" T="undefined" />
	<Point X="448" Y="219" T="undefined" />
	<Point X="448" Y="220" T="undefined" />
	<Point X="449" Y="220" T="undefined" />
	<Point X="449" Y="221" T="undefined" />
	<Point X="449" Y="222" T="undefined" />
	<Point X="450" Y="222" T="undefined" />
	<Point X="450" Y="223" T="undefined" />
	<Point X="451" Y="224" T="undefined" />
	<Point X="452" Y="226" T="undefined" />
</Gesture>