<?xml version="1.0" encoding="utf-8" standalone="yes"?>
<Gesture Name="Caret3" NumPts="110">
	<Point X="139" Y="430" T="undefined" />
	<Point X="139" Y="429" T="undefined" />
	<Point X="139" Y="428" T="undefined" />
	<Point X="139" Y="427" T="undefined" />
	<Point X="139" Y="426" T="undefined" />
	<Point X="139" Y="424" T="undefined" />
	<Point X="141" Y="422" T="undefined" />
	<Point X="142" Y="419" T="undefined" />
	<Point X="143" Y="416" T="undefined" />
	<Point X="145" Y="414" T="undefined" />
	<Point X="147" Y="409" T="undefined" />
	<Point X="151" Y="403" T="undefined" />
	<Point X="154" Y="398" T="undefined" />
	<Point X="159" Y="391" T="undefined" />
	<Point X="162" Y="384" T="undefined" />
	<Point X="165" Y="378" T="undefined" />
	<Point X="169" Y="370" T="undefined" />
	<Point X="172" Y="364" T="undefined" />
	<Point X="176" Y="355" T="undefined" />
	<Point X="181" Y="344" T="undefined" />
	<Point X="185" Y="334" T="undefined" />
	<Point X="189" Y="325" T="undefined" />
	<Point X="193" Y="317" T="undefined" />
	<Point X="197" Y="308" T="undefined" />
	<Point X="201" Y="297" T="undefined" />
	<Point X="205" Y="288" T="undefined" />
	<Point X="209" Y="280" T="undefined" />
	<Point X="213" Y="271" T="undefined" />
	<Point X="215" Y="264" T="undefined" />
	<Point X="218" Y="256" T="undefined" />
	<Point X="221" Y="249" T="undefined" />
	<Point X="224" Y="242" T="undefined" />
	<Point X="227" Y="235" T="undefined" />
	<Point X="228" Y="229" T="undefined" />
	<Point X="231" Y="224" T="undefined" />
	<Point X="232" Y="219" T="undefined" />
	<Point X="235" Y="213" T="undefined" />
	<Point X="237" Y="208" T="undefined" />
	<Point X="239" Y="203" T="undefined" />
	<Point X="241" Y="199" T="undefined" />
	<Point X="244" Y="194" T="undefined" />
	<Point X="245" Y="189" T="undefined" />
	<Point X="247" Y="184" T="undefined" />
	<Point X="249" Y="179" T="undefined" />
	<Point X="251" Y="175" T="undefined" />
	<Point X="253" Y="171" T="undefined" />
	<Point X="255" Y="167" T="undefined" />
	<Point X="256" Y="164" T="undefined" />
	<Point X="258" Y="160" T="undefined" />
	<Point X="260" Y="158" T="undefined" />
	<Point X="261" Y="155" T="undefined" />
	<Point X="262" Y="153" T="undefined" />
	<Point X="263" Y="150" T="undefined" />
	<Point X="264" Y="148" T="undefined" />
	<Point X="266" Y="146" T="undefined" />
	<Point X="266" Y="144" T="undefined" />
	<Point X="267" Y="142" T="undefined" />
	<Point X="267" Y="141" T="undefined" />
	<Point X="268" Y="139" T="undefined" />
	<Point X="268" Y="138" T="undefined" />
	<Point X="269" Y="138" T="undefined" />
	<Point X="269" Y="137" T="undefined" />
	<Point X="269" Y="136" T="undefined" />
	<Point X="270" Y="136" T="undefined" />
	<Point X="270" Y="137" T="undefined" />
	<Point X="271" Y="138" T="undefined" />
	<Point X="271" Y="140" T="undefined" />
	<Point X="272" Y="143" T="undefined" />
	<Point X="273" Y="146" T="undefined" />
	<Point X="275" Y="150" T="undefined" />
	<Point X="276" Y="155" T="undefined" />
	<Point X="279" Y="161" T="undefined" />
	<Point X="281" Y="168" T="undefined" />
	<Point X="285" Y="177" T="undefined" />
	<Point X="289" Y="187" T="undefined" />
	<Point X="294" Y="201" T="undefined" />
	<Point X="299" Y="210" T="undefined" />
	<Point X="305" Y="227" T="undefined" />
	<Point X="310" Y="241" T="undefined" />
	<Point X="315" Y="255" T="undefined" />
	<Point X="321" Y="273" T="undefined" />
	<Point X="325" Y="284" T="undefined" />
	<Point X="331" Y="303" T="undefined" />
	<Point X="336" Y="317" T="undefined" />
	<Point X="341" Y="331" T="undefined" />
	<Point X="346" Y="345" T="undefined" />
	<Point X="349" Y="356" T="undefined" />
	<Point X="352" Y="367" T="undefined" />
	<Point X="356" Y="376" T="undefined" />
	<Point X="358" Y="383" T="undefined" />
	<Point X="360" Y="389" T="undefined" />
	<Point X="363" Y="396" T="undefined" />
	<Point X="365" Y="401" T="undefined" />
	<Point X="366" Y="406" T="undefined" />
	<Point X="368" Y="411" T="undefined" />
	<Point X="369" Y="414" T="undefined" />
	<Point X="370" Y="417" T="undefined" />
	<Point X="371" Y="420" T="undefined" />
	<Point X="372" Y="422" T="undefined" />
	<Point X="373" Y="424" T="undefined" />
	<Point X="373" Y="425" T="undefined" />
	<Point X="374" Y="426" T="undefined" />
	<Point X="374" Y="428" T="undefined" />
	<Point X="375" Y="429" T="undefined" />
	<Point X="375" Y="430" T="undefined" />
	<Point X="376" Y="431" T="undefined" />
	<Point X="376" Y="432" T="undefined" />
	<Point X="377" Y="433" T="undefined" />
	<Point X="377" Y="434" T="undefined" />
	<Point X="377" Y="435" T="undefined" />
</Gesture>