<?xml version="1.0" encoding="utf-8" standalone="yes"?>
<Gesture Name="Caret5" NumPts="91">
	<Point X="109" Y="335" T="undefined" />
	<Point X="109" Y="334" T="undefined" />
	<Point X="109" Y="333" T="undefined" />
	<Point X="109" Y="332" T="undefined" />
	<Point X="109" Y="330" T="undefined" />
	<Point X="111" Y="328" T="undefined" />
	<Point X="112" Y="323" T="undefined" />
	<Point X="114" Y="319" T="undefined" />
	<Point X="116" Y="315" T="undefined" />
	<Point X="121" Y="308" T="undefined" />
	<Point X="124" Y="302" T="undefined" />
	<Point X="129" Y="294" T="undefined" />
	<Point X="135" Y="286" T="undefined" />
	<Point X="141" Y="276" T="undefined" />
	<Point X="148" Y="265" T="undefined" />
	<Point X="156" Y="252" T="undefined" />
	<Point X="162" Y="241" T="undefined" />
	<Point X="170" Y="228" T="undefined" />
	<Point X="176" Y="216" T="undefined" />
	<Point X="183" Y="203" T="undefined" />
	<Point X="189" Y="192" T="undefined" />
	<Point X="195" Y="182" T="undefined" />
	<Point X="199" Y="172" T="undefined" />
	<Point X="203" Y="163" T="undefined" />
	<Point X="205" Y="156" T="undefined" />
	<Point X="208" Y="148" T="undefined" />
	<Point X="211" Y="143" T="undefined" />
	<Point X="213" Y="137" T="undefined" />
	<Point X="215" Y="132" T="undefined" />
	<Point X="217" Y="128" T="undefined" />
	<Point X="218" Y="124" T="undefined" />
	<Point X="219" Y="120" T="undefined" />
	<Point X="221" Y="117" T="undefined" />
	<Point X="222" Y="113" T="undefined" />
	<Point X="224" Y="109" T="undefined" />
	<Point X="225" Y="105" T="undefined" />
	<Point X="227" Y="102" T="undefined" />
	<Point X="228" Y="99" T="undefined" />
	<Point X="229" Y="96" T="undefined" />
	<Point X="231" Y="93" T="undefined" />
	<Point X="232" Y="90" T="undefined" />
	<Point X="233" Y="88" T="undefined" />
	<Point X="234" Y="86" T="undefined" />
	<Point X="235" Y="84" T="undefined" />
	<Point X="235" Y="83" T="undefined" />
	<Point X="236" Y="83" T="undefined" />
	<Point X="237" Y="82" T="undefined" />
	<Point X="238" Y="82" T="undefined" />
	<Point X="238" Y="83" T="undefined" />
	<Point X="239" Y="85" T="undefined" />
	<Point X="242" Y="88" T="undefined" />
	<Point X="244" Y="92" T="undefined" />
	<Point X="246" Y="97" T="undefined" />
	<Point X="249" Y="103" T="undefined" />
	<Point X="252" Y="109" T="undefined" />
	<Point X="257" Y="118" T="undefined" />
	<Point X="262" Y="128" T="undefined" />
	<Point X="267" Y="137" T="undefined" />
	<Point X="273" Y="151" T="undefined" />
	<Point X="279" Y="163" T="undefined" />
	<Point X="285" Y="176" T="undefined" />
	<Point X="292" Y="188" T="undefined" />
	<Point X="298" Y="201" T="undefined" />
	<Point X="304" Y="214" T="undefined" />
	<Point X="310" Y="225" T="undefined" />
	<Point X="316" Y="239" T="undefined" />
	<Point X="321" Y="248" T="undefined" />
	<Point X="329" Y="264" T="undefined" />
	<Point X="335" Y="274" T="undefined" />
	<Point X="341" Y="287" T="undefined" />
	<Point X="347" Y="296" T="undefined" />
	<Point X="351" Y="303" T="undefined" />
	<Point X="355" Y="310" T="undefined" />
	<Point X="358" Y="314" T="undefined" />
	<Point X="362" Y="320" T="undefined" />
	<Point X="364" Y="324" T="undefined" />
	<Point X="367" Y="327" T="undefined" />
	<Point X="368" Y="329" T="undefined" />
	<Point X="370" Y="332" T="undefined" />
	<Point X="372" Y="334" T="undefined" />
	<Point X="373" Y="335" T="undefined" />
	<Point X="373" Y="336" T="undefined" />
	<Point X="374" Y="337" T="undefined" />
	<Point X="375" Y="338" T="undefined" />
	<Point X="375" Y="339" T="undefined" />
	<Point X="376" Y="339" T="undefined" />
	<Point X="376" Y="340" T="undefined" />
	<Point X="377" Y="341" T="undefined" />
	<Point X="377" Y="342" T="undefined" />
	<Point X="378" Y="343" T="undefined" />
	<Point X="378" Y="344" T="undefined" />
</Gesture>