<?xml version="1.0" encoding="utf-8" standalone="yes"?>
<Gesture Name="Caret1" NumPts="161">
	<Point X="110" Y="452" T="undefined" />
	<Point X="110" Y="451" T="undefined" />
	<Point X="110" Y="450" T="undefined" />
	<Point X="111" Y="450" T="undefined" />
	<Point X="112" Y="449" T="undefined" />
	<Point X="113" Y="447" T="undefined" />
	<Point X="114" Y="445" T="undefined" />
	<Point X="115" Y="443" T="undefined" />
	<Point X="117" Y="440" T="undefined" />
	<Point X="119" Y="436" T="undefined" />
	<Point X="121" Y="432" T="undefined" />
	<Point X="123" Y="428" T="undefined" />
	<Point X="125" Y="424" T="undefined" />
	<Point X="127" Y="419" T="undefined" />
	<Point X="129" Y="414" T="undefined" />
	<Point X="132" Y="409" T="undefined" />
	<Point X="135" Y="405" T="undefined" />
	<Point X="138" Y="398" T="undefined" />
	<Point X="141" Y="394" T="undefined" />
	<Point X="144" Y="389" T="undefined" />
	<Point X="147" Y="384" T="undefined" />
	<Point X="149" Y="379" T="undefined" />
	<Point X="152" Y="374" T="undefined" />
	<Point X="155" Y="368" T="undefined" />
	<Point X="158" Y="364" T="undefined" />
	<Point X="161" Y="358" T="undefined" />
	<Point X="164" Y="354" T="undefined" />
	<Point X="166" Y="350" T="undefined" />
	<Point X="169" Y="345" T="undefined" />
	<Point X="172" Y="341" T="undefined" />
	<Point X="174" Y="337" T="undefined" />
	<Point X="177" Y="333" T="undefined" />
	<Point X="179" Y="330" T="undefined" />
	<Point X="180" Y="327" T="undefined" />
	<Point X="183" Y="323" T="undefined" />
	<Point X="185" Y="320" T="undefined" />
	<Point X="186" Y="317" T="undefined" />
	<Point X="188" Y="314" T="undefined" />
	<Point X="189" Y="312" T="undefined" />
	<Point X="191" Y="309" T="undefined" />
	<Point X="193" Y="306" T="undefined" />
	<Point X="194" Y="304" T="undefined" />
	<Point X="196" Y="301" T="undefined" />
	<Point X="197" Y="299" T="undefined" />
	<Point X="198" Y="296" T="undefined" />
	<Point X="199" Y="294" T="undefined" />
	<Point X="200" Y="292" T="undefined" />
	<Point X="201" Y="291" T="undefined" />
	<Point X="203" Y="289" T="undefined" />
	<Point X="203" Y="287" T="undefined" />
	<Point X="204" Y="285" T="undefined" />
	<Point X="205" Y="284" T="undefined" />
	<Point X="207" Y="281" T="undefined" />
	<Point X="208" Y="279" T="undefined" />
	<Point X="209" Y="276" T="undefined" />
	<Point X="211" Y="273" T="undefined" />
	<Point X="213" Y="270" T="undefined" />
	<Point X="214" Y="267" T="undefined" />
	<Point X="216" Y="264" T="undefined" />
	<Point X="217" Y="262" T="undefined" />
	<Point X="218" Y="260" T="undefined" />
	<Point X="220" Y="258" T="undefined" />
	<Point X="221" Y="255" T="undefined" />
	<Point X="222" Y="254" T="undefined" />
	<Point X="223" Y="252" T="undefined" />
	<Point X="224" Y="250" T="undefined" />
	<Point X="225" Y="248" T="undefined" />
	<Point X="226" Y="247" T="undefined" />
	<Point X="226" Y="245" T="undefined" />
	<Point X="227" Y="243" T="undefined" />
	<Point X="229" Y="241" T="undefined" />
	<Point X="229" Y="239" T="undefined" />
	<Point X="231" Y="237" T="undefined" />
	<Point X="232" Y="236" T="undefined" />
	<Point X="232" Y="235" T="undefined" />
	<Point X="233" Y="234" T="undefined" />
	<Point X="233" Y="233" T="undefined" />
	<Point X="233" Y="232" T="undefined" />
	<Point X="234" Y="232" T="undefined" />
	<Point X="234" Y="231" T="undefined" />
	<Point X="234" Y="230" T="undefined" />
	<Point X="235" Y="230" T="undefined" />
	<Point X="235" Y="229" T="undefined" />
	<Point X="236" Y="229" T="undefined" />
	<Point X="236" Y="228" T="undefined" />
	<Point X="236" Y="227" T="undefined" />
	<Point X="237" Y="227" T="undefined" />
	<Point X="237" Y="226" T="undefined" />
	<Point X="238" Y="226" T="undefined" />
	<Point X="238" Y="227" T="undefined" />
	<Point X="238" Y="229" T="undefined" />
	<Point X="238" Y="231" T="undefined" />
	<Point X="239" Y="233" T="undefined" />
	<Point X="240" Y="236" T="undefined" />
	<Point X="241" Y="239" T="undefined" />
	<Point X="243" Y="244" T="undefined" />
	<Point X="245" Y="248" T="undefined" />
	<Point X="247" Y="253" T="undefined" />
	<Point X="249" Y="258" T="undefined" />
	<Point X="250" Y="263" T="undefined" />
	<Point X="252" Y="267" T="undefined" />
	<Point X="253" Y="271" T="undefined" />
	<Point X="256" Y="277" T="undefined" />
	<Point X="258" Y="281" T="undefined" />
	<Point X="260" Y="286" T="undefined" />
	<Point X="262" Y="290" T="undefined" />
	<Point X="264" Y="295" T="undefined" />
	<Point X="266" Y="299" T="undefined" />
	<Point X="268" Y="303" T="undefined" />
	<Point X="271" Y="308" T="undefined" />
	<Point X="272" Y="313" T="undefined" />
	<Point X="274" Y="316" T="undefined" />
	<Point X="276" Y="321" T="undefined" />
	<Point X="278" Y="326" T="undefined" />
	<Point X="279" Y="331" T="undefined" />
	<Point X="281" Y="336" T="undefined" />
	<Point X="283" Y="341" T="undefined" />
	<Point X="284" Y="345" T="undefined" />
	<Point X="286" Y="350" T="undefined" />
	<Point X="287" Y="355" T="undefined" />
	<Point X="289" Y="359" T="undefined" />
	<Point X="290" Y="363" T="undefined" />
	<Point X="292" Y="367" T="undefined" />
	<Point X="293" Y="371" T="undefined" />
	<Point X="295" Y="375" T="undefined" />
	<Point X="296" Y="379" T="undefined" />
	<Point X="297" Y="382" T="undefined" />
	<Point X="299" Y="386" T="undefined" />
	<Point X="300" Y="389" T="undefined" />
	<Point X="301" Y="393" T="undefined" />
	<Point X="303" Y="397" T="undefined" />
	<Point X="304" Y="400" T="undefined" />
	<Point X="304" Y="403" T="undefined" />
	<Point X="305" Y="406" T="undefined" />
	<Point X="307" Y="409" T="undefined" />
	<Point X="308" Y="411" T="undefined" />
	<Point X="308" Y="414" T="undefined" />
	<Point X="309" Y="417" T="undefined" />
	<Point X="311" Y="419" T="undefined" />
	<Point X="311" Y="421" T="undefined" />
	<Point X="312" Y="423" T="undefined" />
	<Point X="313" Y="425" T="undefined" />
	<Point X="313" Y="427" T="undefined" />
	<Point X="314" Y="427" T="undefined" />
	<Point X="314" Y="428" T="undefined" />
	<Point X="314" Y="429" T="undefined" />
	<Point X="315" Y="429" T="undefined" />
	<Point X="315" Y="430" T="undefined" />
	<Point X="315" Y="431" T="undefined" />
	<Point X="316" Y="431" T="undefined" />
	<Point X="316" Y="432" T="undefined" />
	<Point X="316" Y="433" T="undefined" />
	<Point X="317" Y="434" T="undefined" />
	<Point X="317" Y="435" T="undefined" />
	<Point X="317" Y="436" T="undefined" />
	<Point X="318" Y="436" T="undefined" />
	<Point X="318" Y="437" T="undefined" />
	<Point X="318" Y="438" T="undefined" />
	<Point X="319" Y="438" T="undefined" />
	<Point X="319" Y="439" T="undefined" />
	<Point X="320" Y="439" T="undefined" />
</Gesture>