<?xml version="1.0" encoding="utf-8" standalone="yes"?>
<Gesture Name="Caret4" NumPts="70">
	<Point X="132" Y="365" T="undefined" />
	<Point X="133" Y="364" T="undefined" />
	<Point X="134" Y="362" T="undefined" />
	<Point X="135" Y="361" T="undefined" />
	<Point X="137" Y="358" T="undefined" />
	<Point X="140" Y="355" T="undefined" />
	<Point X="143" Y="352" T="undefined" />
	<Point X="146" Y="346" T="undefined" />
	<Point X="150" Y="340" T="undefined" />
	<Point X="155" Y="333" T="undefined" />
	<Point X="161" Y="323" T="undefined" />
	<Point X="168" Y="312" T="undefined" />
	<Point X="175" Y="302" T="undefined" />
	<Point X="183" Y="287" T="undefined" />
	<Point X="189" Y="277" T="undefined" />
	<Point X="196" Y="263" T="undefined" />
	<Point X="204" Y="247" T="undefined" />
	<Point X="210" Y="235" T="undefined" />
	<Point X="216" Y="221" T="undefined" />
	<Point X="222" Y="207" T="undefined" />
	<Point X="227" Y="195" T="undefined" />
	<Point X="232" Y="184" T="undefined" />
	<Point X="236" Y="175" T="undefined" />
	<Point X="240" Y="165" T="undefined" />
	<Point X="245" Y="154" T="undefined" />
	<Point X="248" Y="146" T="undefined" />
	<Point X="251" Y="139" T="undefined" />
	<Point X="255" Y="131" T="undefined" />
	<Point X="257" Y="126" T="undefined" />
	<Point X="259" Y="122" T="undefined" />
	<Point X="261" Y="116" T="undefined" />
	<Point X="263" Y="114" T="undefined" />
	<Point X="264" Y="110" T="undefined" />
	<Point X="265" Y="107" T="undefined" />
	<Point X="266" Y="105" T="undefined" />
	<Point X="268" Y="103" T="undefined" />
	<Point X="269" Y="101" T="undefined" />
	<Point X="269" Y="100" T="undefined" />
	<Point X="270" Y="99" T="undefined" />
	<Point X="270" Y="98" T="undefined" />
	<Point X="270" Y="97" T="undefined" />
	<Point X="270" Y="98" T="undefined" />
	<Point X="270" Y="100" T="undefined" />
	<Point X="271" Y="104" T="undefined" />
	<Point X="272" Y="109" T="undefined" />
	<Point X="272" Y="115" T="undefined" />
	<Point X="272" Y="121" T="undefined" />
	<Point X="273" Y="131" T="undefined" />
	<Point X="274" Y="145" T="undefined" />
	<Point X="274" Y="156" T="undefined" />
	<Point X="277" Y="176" T="undefined" />
	<Point X="278" Y="191" T="undefined" />
	<Point X="280" Y="206" T="undefined" />
	<Point X="283" Y="222" T="undefined" />
	<Point X="286" Y="240" T="undefined" />
	<Point X="289" Y="254" T="undefined" />
	<Point X="294" Y="269" T="undefined" />
	<Point X="299" Y="286" T="undefined" />
	<Point X="302" Y="295" T="undefined" />
	<Point X="307" Y="307" T="undefined" />
	<Point X="310" Y="315" T="undefined" />
	<Point X="314" Y="323" T="undefined" />
	<Point X="317" Y="328" T="undefined" />
	<Point X="319" Y="333" T="undefined" />
	<Point X="321" Y="336" T="undefined" />
	<Point X="322" Y="338" T="undefined" />
	<Point X="323" Y="340" T="undefined" />
	<Point X="324" Y="341" T="undefined" />
	<Point X="324" Y="342" T="undefined" />
	<Point X="325" Y="342" T="undefined" />
</Gesture>