<?xml version="1.0" encoding="utf-8" standalone="yes"?>
<Gesture Name="Caret8" NumPts="84">
	<Point X="164" Y="397" T="undefined" />
	<Point X="164" Y="396" T="undefined" />
	<Point X="165" Y="395" T="undefined" />
	<Point X="166" Y="392" T="undefined" />
	<Point X="169" Y="388" T="undefined" />
	<Point X="171" Y="384" T="undefined" />
	<Point X="175" Y="380" T="undefined" />
	<Point X="178" Y="375" T="undefined" />
	<Point X="182" Y="370" T="undefined" />
	<Point X="186" Y="365" T="undefined" />
	<Point X="191" Y="358" T="undefined" />
	<Point X="196" Y="352" T="undefined" />
	<Point X="203" Y="342" T="undefined" />
	<Point X="210" Y="332" T="undefined" />
	<Point X="216" Y="323" T="undefined" />
	<Point X="223" Y="314" T="undefined" />
	<Point X="230" Y="303" T="undefined" />
	<Point X="238" Y="290" T="undefined" />
	<Point X="244" Y="277" T="undefined" />
	<Point X="250" Y="268" T="undefined" />
	<Point X="256" Y="256" T="undefined" />
	<Point X="261" Y="245" T="undefined" />
	<Point X="266" Y="236" T="undefined" />
	<Point X="270" Y="227" T="undefined" />
	<Point X="274" Y="219" T="undefined" />
	<Point X="277" Y="212" T="undefined" />
	<Point X="280" Y="206" T="undefined" />
	<Point X="282" Y="201" T="undefined" />
	<Point X="285" Y="196" T="undefined" />
	<Point X="286" Y="193" T="undefined" />
	<Point X="288" Y="188" T="undefined" />
	<Point X="290" Y="185" T="undefined" />
	<Point X="292" Y="181" T="undefined" />
	<Point X="293" Y="178" T="undefined" />
	<Point X="295" Y="174" T="undefined" />
	<Point X="297" Y="170" T="undefined" />
	<Point X="298" Y="167" T="undefined" />
	<Point X="300" Y="163" T="undefined" />
	<Point X="302" Y="159" T="undefined" />
	<Point X="304" Y="156" T="undefined" />
	<Point X="305" Y="154" T="undefined" />
	<Point X="307" Y="151" T="undefined" />
	<Point X="308" Y="149" T="undefined" />
	<Point X="309" Y="148" T="undefined" />
	<Point X="310" Y="147" T="undefined" />
	<Point X="311" Y="146" T="undefined" />
	<Point X="311" Y="145" T="undefined" />
	<Point X="312" Y="145" T="undefined" />
	<Point X="312" Y="144" T="undefined" />
	<Point X="313" Y="144" T="undefined" />
	<Point X="313" Y="145" T="undefined" />
	<Point X="313" Y="147" T="undefined" />
	<Point X="314" Y="149" T="undefined" />
	<Point X="314" Y="153" T="undefined" />
	<Point X="315" Y="157" T="undefined" />
	<Point X="317" Y="161" T="undefined" />
	<Point X="318" Y="168" T="undefined" />
	<Point X="321" Y="177" T="undefined" />
	<Point X="323" Y="187" T="undefined" />
	<Point X="325" Y="200" T="undefined" />
	<Point X="328" Y="211" T="undefined" />
	<Point X="332" Y="229" T="undefined" />
	<Point X="335" Y="243" T="undefined" />
	<Point X="341" Y="265" T="undefined" />
	<Point X="344" Y="279" T="undefined" />
	<Point X="350" Y="302" T="undefined" />
	<Point X="357" Y="322" T="undefined" />
	<Point X="361" Y="336" T="undefined" />
	<Point X="367" Y="353" T="undefined" />
	<Point X="373" Y="369" T="undefined" />
	<Point X="379" Y="380" T="undefined" />
	<Point X="383" Y="391" T="undefined" />
	<Point X="389" Y="400" T="undefined" />
	<Point X="392" Y="406" T="undefined" />
	<Point X="396" Y="411" T="undefined" />
	<Point X="399" Y="414" T="undefined" />
	<Point X="402" Y="417" T="undefined" />
	<Point X="404" Y="419" T="undefined" />
	<Point X="404" Y="420" T="undefined" />
	<Point X="406" Y="421" T="undefined" />
	<Point X="406" Y="422" T="undefined" />
	<Point X="407" Y="422" T="undefined" />
	<Point X="408" Y="422" T="undefined" />
	<Point X="409" Y="422" T="undefined" />
</Gesture>