<?xml version="1.0" encoding="utf-8" standalone="yes"?>
<Gesture Name="Caret9" NumPts="95">
	<Point X="110" Y="422" T="undefined" />
	<Point X="110" Y="421" T="undefined" />
	<Point X="111" Y="420" T="undefined" />
	<Point X="112" Y="418" T="undefined" />
	<Point X="114" Y="415" T="undefined" />
	<Point X="116" Y="411" T="undefined" />
	<Point X="119" Y="407" T="undefined" />
	<Point X="123" Y="402" T="undefined" />
	<Point X="126" Y="397" T="undefined" />
	<Point X="131" Y="390" T="undefined" />
	<Point X="136" Y="382" T="undefined" />
	<Point X="142" Y="374" T="undefined" />
	<Point X="148" Y="364" T="undefined" />
	<Point X="154" Y="353" T="undefined" />
	<Point X="160" Y="344" T="undefined" />
	<Point X="165" Y="334" T="undefined" />
	<Point X="171" Y="322" T="undefined" />
	<Point X="176" Y="313" T="undefined" />
	<Point X="180" Y="304" T="undefined" />
	<Point X="185" Y="294" T="undefined" />
	<Point X="189" Y="286" T="undefined" />
	<Point X="193" Y="277" T="undefined" />
	<Point X="196" Y="269" T="undefined" />
	<Point X="199" Y="262" T="undefined" />
	<Point X="202" Y="254" T="undefined" />
	<Point X="205" Y="247" T="undefined" />
	<Point X="207" Y="242" T="undefined" />
	<Point X="209" Y="236" T="undefined" />
	<Point X="211" Y="232" T="undefined" />
	<Point X="212" Y="228" T="undefined" />
	<Point X="214" Y="224" T="undefined" />
	<Point X="215" Y="221" T="undefined" />
	<Point X="216" Y="217" T="undefined" />
	<Point X="218" Y="215" T="undefined" />
	<Point X="219" Y="212" T="undefined" />
	<Point X="220" Y="209" T="undefined" />
	<Point X="221" Y="208" T="undefined" />
	<Point X="222" Y="205" T="undefined" />
	<Point X="223" Y="204" T="undefined" />
	<Point X="224" Y="201" T="undefined" />
	<Point X="225" Y="199" T="undefined" />
	<Point X="226" Y="197" T="undefined" />
	<Point X="227" Y="195" T="undefined" />
	<Point X="228" Y="193" T="undefined" />
	<Point X="229" Y="191" T="undefined" />
	<Point X="230" Y="188" T="undefined" />
	<Point X="231" Y="187" T="undefined" />
	<Point X="232" Y="186" T="undefined" />
	<Point X="232" Y="184" T="undefined" />
	<Point X="233" Y="183" T="undefined" />
	<Point X="233" Y="182" T="undefined" />
	<Point X="233" Y="183" T="undefined" />
	<Point X="234" Y="183" T="undefined" />
	<Point X="234" Y="185" T="undefined" />
	<Point X="235" Y="187" T="undefined" />
	<Point X="236" Y="190" T="undefined" />
	<Point X="236" Y="193" T="undefined" />
	<Point X="237" Y="197" T="undefined" />
	<Point X="239" Y="201" T="undefined" />
	<Point X="240" Y="206" T="undefined" />
	<Point X="242" Y="212" T="undefined" />
	<Point X="243" Y="218" T="undefined" />
	<Point X="245" Y="224" T="undefined" />
	<Point X="247" Y="234" T="undefined" />
	<Point X="249" Y="242" T="undefined" />
	<Point X="251" Y="252" T="undefined" />
	<Point X="253" Y="264" T="undefined" />
	<Point X="255" Y="274" T="undefined" />
	<Point X="257" Y="285" T="undefined" />
	<Point X="260" Y="298" T="undefined" />
	<Point X="262" Y="308" T="undefined" />
	<Point X="265" Y="319" T="undefined" />
	<Point X="268" Y="328" T="undefined" />
	<Point X="271" Y="336" T="undefined" />
	<Point X="273" Y="343" T="undefined" />
	<Point X="275" Y="349" T="undefined" />
	<Point X="278" Y="356" T="undefined" />
	<Point X="280" Y="361" T="undefined" />
	<Point X="282" Y="365" T="undefined" />
	<Point X="284" Y="371" T="undefined" />
	<Point X="286" Y="375" T="undefined" />
	<Point X="287" Y="378" T="undefined" />
	<Point X="289" Y="383" T="undefined" />
	<Point X="290" Y="385" T="undefined" />
	<Point X="291" Y="388" T="undefined" />
	<Point X="293" Y="392" T="undefined" />
	<Point X="294" Y="395" T="undefined" />
	<Point X="295" Y="398" T="undefined" />
	<Point X="296" Y="401" T="undefined" />
	<Point X="296" Y="404" T="undefined" />
	<Point X="297" Y="407" T="undefined" />
	<Point X="298" Y="409" T="undefined" />
	<Point X="299" Y="412" T="undefined" />
	<Point X="299" Y="413" T="undefined" />
	<Point X="300" Y="415" T="undefined" />
</Gesture>