<?xml version="1.0" encoding="utf-8" standalone="yes"?>
<Gesture Name="Caret0" NumPts="136">
	<Point X="113" Y="432" T="undefined" />
	<Point X="113" Y="431" T="undefined" />
	<Point X="113" Y="430" T="undefined" />
	<Point X="113" Y="429" T="undefined" />
	<Point X="113" Y="428" T="undefined" />
	<Point X="113" Y="426" T="undefined" />
	<Point X="114" Y="425" T="undefined" />
	<Point X="115" Y="423" T="undefined" />
	<Point X="116" Y="421" T="undefined" />
	<Point X="116" Y="419" T="undefined" />
	<Point X="117" Y="416" T="undefined" />
	<Point X="118" Y="414" T="undefined" />
	<Point X="119" Y="412" T="undefined" />
	<Point X="120" Y="409" T="undefined" />
	<Point X="121" Y="406" T="undefined" />
	<Point X="123" Y="403" T="undefined" />
	<Point X="123" Y="400" T="undefined" />
	<Point X="125" Y="397" T="undefined" />
	<Point X="126" Y="393" T="undefined" />
	<Point X="127" Y="389" T="undefined" />
	<Point X="128" Y="385" T="undefined" />
	<Point X="130" Y="381" T="undefined" />
	<Point X="132" Y="376" T="undefined" />
	<Point X="133" Y="373" T="undefined" />
	<Point X="135" Y="369" T="undefined" />
	<Point X="136" Y="364" T="undefined" />
	<Point X="138" Y="360" T="undefined" />
	<Point X="140" Y="356" T="undefined" />
	<Point X="141" Y="353" T="undefined" />
	<Point X="142" Y="349" T="undefined" />
	<Point X="143" Y="346" T="undefined" />
	<Point X="144" Y="343" T="undefined" />
	<Point X="145" Y="339" T="undefined" />
	<Point X="147" Y="336" T="undefined" />
	<Point X="148" Y="333" T="undefined" />
	<Point X="149" Y="329" T="undefined" />
	<Point X="150" Y="325" T="undefined" />
	<Point X="151" Y="322" T="undefined" />
	<Point X="152" Y="318" T="undefined" />
	<Point X="153" Y="315" T="undefined" />
	<Point X="154" Y="313" T="undefined" />
	<Point X="155" Y="310" T="undefined" />
	<Point X="156" Y="307" T="undefined" />
	<Point X="157" Y="303" T="undefined" />
	<Point X="159" Y="300" T="undefined" />
	<Point X="159" Y="298" T="undefined" />
	<Point X="160" Y="295" T="undefined" />
	<Point X="161" Y="293" T="undefined" />
	<Point X="162" Y="291" T="undefined" />
	<Point X="163" Y="288" T="undefined" />
	<Point X="164" Y="286" T="undefined" />
	<Point X="164" Y="284" T="undefined" />
	<Point X="165" Y="282" T="undefined" />
	<Point X="165" Y="280" T="undefined" />
	<Point X="166" Y="278" T="undefined" />
	<Point X="167" Y="276" T="undefined" />
	<Point X="168" Y="274" T="undefined" />
	<Point X="169" Y="272" T="undefined" />
	<Point X="169" Y="269" T="undefined" />
	<Point X="170" Y="268" T="undefined" />
	<Point X="171" Y="266" T="undefined" />
	<Point X="172" Y="264" T="undefined" />
	<Point X="173" Y="261" T="undefined" />
	<Point X="174" Y="259" T="undefined" />
	<Point X="174" Y="257" T="undefined" />
	<Point X="176" Y="254" T="undefined" />
	<Point X="177" Y="253" T="undefined" />
	<Point X="177" Y="250" T="undefined" />
	<Point X="178" Y="249" T="undefined" />
	<Point X="180" Y="246" T="undefined" />
	<Point X="180" Y="244" T="undefined" />
	<Point X="181" Y="243" T="undefined" />
	<Point X="182" Y="241" T="undefined" />
	<Point X="182" Y="239" T="undefined" />
	<Point X="183" Y="238" T="undefined" />
	<Point X="184" Y="236" T="undefined" />
	<Point X="184" Y="235" T="undefined" />
	<Point X="185" Y="234" T="undefined" />
	<Point X="185" Y="233" T="undefined" />
	<Point X="185" Y="232" T="undefined" />
	<Point X="185" Y="231" T="undefined" />
	<Point X="186" Y="231" T="undefined" />
	<Point X="186" Y="232" T="undefined" />
	<Point X="187" Y="232" T="undefined" />
	<Point X="188" Y="235" T="undefined" />
	<Point X="188" Y="237" T="undefined" />
	<Point X="189" Y="239" T="undefined" />
	<Point X="190" Y="241" T="undefined" />
	<Point X="191" Y="244" T="undefined" />
	<Point X="193" Y="250" T="undefined" />
	<Point X="195" Y="255" T="undefined" />
	<Point X="197" Y="261" T="undefined" />
	<Point X="199" Y="266" T="undefined" />
	<Point X="201" Y="272" T="undefined" />
	<Point X="204" Y="279" T="undefined" />
	<Point X="206" Y="287" T="undefined" />
	<Point X="209" Y="296" T="undefined" />
	<Point X="213" Y="305" T="undefined" />
	<Point X="216" Y="314" T="undefined" />
	<Point X="218" Y="323" T="undefined" />
	<Point X="221" Y="331" T="undefined" />
	<Point X="223" Y="339" T="undefined" />
	<Point X="226" Y="348" T="undefined" />
	<Point X="228" Y="355" T="undefined" />
	<Point X="231" Y="363" T="undefined" />
	<Point X="233" Y="370" T="undefined" />
	<Point X="234" Y="375" T="undefined" />
	<Point X="237" Y="382" T="undefined" />
	<Point X="238" Y="386" T="undefined" />
	<Point X="239" Y="390" T="undefined" />
	<Point X="240" Y="394" T="undefined" />
	<Point X="242" Y="398" T="undefined" />
	<Point X="242" Y="401" T="undefined" />
	<Point X="244" Y="404" T="undefined" />
	<Point X="244" Y="405" T="undefined" />
	<Point X="244" Y="407" T="undefined" />
	<Point X="245" Y="409" T="undefined" />
	<Point X="245" Y="410" T="undefined" />
	<Point X="246" Y="410" T="undefined" />
	<Point X="246" Y="411" T="undefined" />
	<Point X="246" Y="412" T="undefined" />
	<Point X="246" Y="413" T="undefined" />
	<Point X="247" Y="413" T="undefined" />
	<Point X="247" Y="414" T="undefined" />
	<Point X="248" Y="414" T="undefined" />
	<Point X="248" Y="415" T="undefined" />
	<Point X="248" Y="416" T="undefined" />
	<Point X="249" Y="417" T="undefined" />
	<Point X="249" Y="418" T="undefined" />
	<Point X="249" Y="419" T="undefined" />
	<Point X="250" Y="420" T="undefined" />
	<Point X="250" Y="421" T="undefined" />
	<Point X="251" Y="421" T="undefined" />
	<Point X="251" Y="422" T="undefined" />
	<Point X="252" Y="422" T="undefined" />
	<Point X="252" Y="423" T="undefined" />
</Gesture>