<?xml version="1.0" encoding="utf-8" standalone="yes"?>
<Gesture Name="Caret6" NumPts="93">
	<Point X="135" Y="364" T="undefined" />
	<Point X="135" Y="363" T="undefined" />
	<Point X="136" Y="363" T="undefined" />
	<Point X="136" Y="361" T="undefined" />
	<Point X="137" Y="360" T="undefined" />
	<Point X="138" Y="359" T="undefined" />
	<Point X="139" Y="357" T="undefined" />
	<Point X="141" Y="353" T="undefined" />
	<Point X="144" Y="350" T="undefined" />
	<Point X="147" Y="346" T="undefined" />
	<Point X="150" Y="341" T="undefined" />
	<Point X="154" Y="335" T="undefined" />
	<Point X="159" Y="328" T="undefined" />
	<Point X="164" Y="321" T="undefined" />
	<Point X="168" Y="314" T="undefined" />
	<Point X="174" Y="306" T="undefined" />
	<Point X="179" Y="298" T="undefined" />
	<Point X="186" Y="286" T="undefined" />
	<Point X="193" Y="275" T="undefined" />
	<Point X="201" Y="264" T="undefined" />
	<Point X="207" Y="255" T="undefined" />
	<Point X="216" Y="242" T="undefined" />
	<Point X="222" Y="233" T="undefined" />
	<Point X="230" Y="222" T="undefined" />
	<Point X="237" Y="210" T="undefined" />
	<Point X="243" Y="203" T="undefined" />
	<Point X="248" Y="196" T="undefined" />
	<Point X="252" Y="189" T="undefined" />
	<Point X="255" Y="182" T="undefined" />
	<Point X="259" Y="176" T="undefined" />
	<Point X="262" Y="170" T="undefined" />
	<Point X="264" Y="165" T="undefined" />
	<Point X="267" Y="160" T="undefined" />
	<Point X="270" Y="154" T="undefined" />
	<Point X="272" Y="150" T="undefined" />
	<Point X="275" Y="145" T="undefined" />
	<Point X="277" Y="141" T="undefined" />
	<Point X="279" Y="137" T="undefined" />
	<Point X="281" Y="133" T="undefined" />
	<Point X="283" Y="129" T="undefined" />
	<Point X="285" Y="126" T="undefined" />
	<Point X="286" Y="123" T="undefined" />
	<Point X="288" Y="119" T="undefined" />
	<Point X="289" Y="116" T="undefined" />
	<Point X="290" Y="115" T="undefined" />
	<Point X="291" Y="112" T="undefined" />
	<Point X="292" Y="111" T="undefined" />
	<Point X="292" Y="110" T="undefined" />
	<Point X="293" Y="108" T="undefined" />
	<Point X="294" Y="107" T="undefined" />
	<Point X="294" Y="106" T="undefined" />
	<Point X="295" Y="106" T="undefined" />
	<Point X="295" Y="105" T="undefined" />
	<Point X="295" Y="104" T="undefined" />
	<Point X="296" Y="104" T="undefined" />
	<Point X="296" Y="105" T="undefined" />
	<Point X="298" Y="107" T="undefined" />
	<Point X="299" Y="110" T="undefined" />
	<Point X="301" Y="114" T="undefined" />
	<Point X="304" Y="123" T="undefined" />
	<Point X="306" Y="132" T="undefined" />
	<Point X="310" Y="145" T="undefined" />
	<Point X="313" Y="157" T="undefined" />
	<Point X="318" Y="175" T="undefined" />
	<Point X="321" Y="191" T="undefined" />
	<Point X="326" Y="207" T="undefined" />
	<Point X="330" Y="222" T="undefined" />
	<Point X="333" Y="238" T="undefined" />
	<Point X="339" Y="254" T="undefined" />
	<Point X="341" Y="265" T="undefined" />
	<Point X="346" Y="280" T="undefined" />
	<Point X="351" Y="294" T="undefined" />
	<Point X="355" Y="305" T="undefined" />
	<Point X="359" Y="317" T="undefined" />
	<Point X="362" Y="328" T="undefined" />
	<Point X="366" Y="337" T="undefined" />
	<Point X="368" Y="343" T="undefined" />
	<Point X="370" Y="350" T="undefined" />
	<Point X="371" Y="354" T="undefined" />
	<Point X="372" Y="358" T="undefined" />
	<Point X="373" Y="361" T="undefined" />
	<Point X="374" Y="362" T="undefined" />
	<Point X="374" Y="364" T="undefined" />
	<Point X="375" Y="365" T="undefined" />
	<Point X="375" Y="366" T="undefined" />
	<Point X="375" Y="367" T="undefined" />
	<Point X="376" Y="368" T="undefined" />
	<Point X="376" Y="369" T="undefined" />
	<Point X="376" Y="370" T="undefined" />
	<Point X="377" Y="370" T="undefined" />
	<Point X="377" Y="371" T="undefined" />
	<Point X="378" Y="372" T="undefined" />
	<Point X="378" Y="373" T="undefined" />
</Gesture>