<?xml version="1.0" encoding="utf-8" standalone="yes"?>
<Gesture Name="Check5" NumPts="76">
	<Point X="140" Y="276" T="undefined" />
	<Point X="140" Y="277" T="undefined" />
	<Point X="142" Y="280" T="undefined" />
	<Point X="143" Y="282" T="undefined" />
	<Point X="144" Y="285" T="undefined" />
	<Point X="147" Y="289" T="undefined" />
	<Point X="148" Y="292" T="undefined" />
	<Point X="151" Y="296" T="undefined" />
	<Point X="153" Y="299" T="undefined" />
	<Point X="156" Y="305" T="undefined" />
	<Point X="159" Y="309" T="undefined" />
	<Point X="162" Y="313" T="undefined" />
	<Point X="165" Y="319" T="undefined" />
	<Point X="167" Y="324" T="undefined" />
	<Point X="170" Y="330" T="undefined" />
	<Point X="173" Y="337" T="undefined" />
	<Point X="177" Y="343" T="undefined" />
	<Point X="179" Y="349" T="undefined" />
	<Point X="182" Y="357" T="undefined" />
	<Point X="183" Y="362" T="undefined" />
	<Point X="186" Y="370" T="undefined" />
	<Point X="188" Y="375" T="undefined" />
	<Point X="190" Y="380" T="undefined" />
	<Point X="192" Y="385" T="undefined" />
	<Point X="194" Y="389" T="undefined" />
	<Point X="196" Y="392" T="undefined" />
	<Point X="197" Y="395" T="undefined" />
	<Point X="198" Y="398" T="undefined" />
	<Point X="200" Y="401" T="undefined" />
	<Point X="201" Y="403" T="undefined" />
	<Point X="202" Y="405" T="undefined" />
	<Point X="202" Y="406" T="undefined" />
	<Point X="203" Y="406" T="undefined" />
	<Point X="204" Y="407" T="undefined" />
	<Point X="205" Y="407" T="undefined" />
	<Point X="205" Y="406" T="undefined" />
	<Point X="207" Y="403" T="undefined" />
	<Point X="209" Y="399" T="undefined" />
	<Point X="212" Y="395" T="undefined" />
	<Point X="216" Y="391" T="undefined" />
	<Point X="220" Y="385" T="undefined" />
	<Point X="223" Y="380" T="undefined" />
	<Point X="230" Y="371" T="undefined" />
	<Point X="234" Y="364" T="undefined" />
	<Point X="241" Y="352" T="undefined" />
	<Point X="248" Y="341" T="undefined" />
	<Point X="256" Y="328" T="undefined" />
	<Point X="262" Y="317" T="undefined" />
	<Point X="269" Y="303" T="undefined" />
	<Point X="278" Y="287" T="undefined" />
	<Point X="287" Y="272" T="undefined" />
	<Point X="294" Y="261" T="undefined" />
	<Point X="304" Y="247" T="undefined" />
	<Point X="312" Y="234" T="undefined" />
	<Point X="321" Y="222" T="undefined" />
	<Point X="330" Y="210" T="undefined" />
	<Point X="339" Y="200" T="undefined" />
	<Point X="348" Y="191" T="undefined" />
	<Point X="355" Y="184" T="undefined" />
	<Point X="361" Y="177" T="undefined" />
	<Point X="367" Y="171" T="undefined" />
	<Point X="373" Y="165" T="undefined" />
	<Point X="377" Y="161" T="undefined" />
	<Point X="381" Y="155" T="undefined" />
	<Point X="386" Y="149" T="undefined" />
	<Point X="389" Y="146" T="undefined" />
	<Point X="393" Y="141" T="undefined" />
	<Point X="396" Y="136" T="undefined" />
	<Point X="400" Y="132" T="undefined" />
	<Point X="403" Y="128" T="undefined" />
	<Point X="405" Y="126" T="undefined" />
	<Point X="407" Y="123" T="undefined" />
	<Point X="408" Y="122" T="undefined" />
	<Point X="410" Y="120" T="undefined" />
	<Point X="412" Y="118" T="undefined" />
	<Point X="413" Y="117" T="undefined" />
</Gesture>