<?xml version="1.0" encoding="utf-8" standalone="yes"?>
<Gesture Name="Check3" NumPts="112">
	<Point X="117" Y="336" T="undefined" />
	<Point X="117" Y="336" T="undefined" />
	<Point X="118" Y="336" T="undefined" />
	<Point X="119" Y="336" T="undefined" />
	<Point X="119" Y="337" T="undefined" />
	<Point X="120" Y="338" T="undefined" />
	<Point X="122" Y="339" T="undefined" />
	<Point X="124" Y="341" T="undefined" />
	<Point X="126" Y="343" T="undefined" />
	<Point X="128" Y="346" T="undefined" />
	<Point X="130" Y="348" T="undefined" />
	<Point X="132" Y="351" T="undefined" />
	<Point X="134" Y="353" T="undefined" />
	<Point X="137" Y="357" T="undefined" />
	<Point X="139" Y="360" T="undefined" />
	<Point X="142" Y="363" T="undefined" />
	<Point X="144" Y="366" T="undefined" />
	<Point X="147" Y="371" T="undefined" />
	<Point X="149" Y="374" T="undefined" />
	<Point X="152" Y="378" T="undefined" />
	<Point X="155" Y="382" T="undefined" />
	<Point X="158" Y="386" T="undefined" />
	<Point X="160" Y="389" T="undefined" />
	<Point X="162" Y="393" T="undefined" />
	<Point X="164" Y="395" T="undefined" />
	<Point X="166" Y="399" T="undefined" />
	<Point X="168" Y="402" T="undefined" />
	<Point X="170" Y="404" T="undefined" />
	<Point X="171" Y="406" T="undefined" />
	<Point X="172" Y="408" T="undefined" />
	<Point X="173" Y="411" T="undefined" />
	<Point X="174" Y="412" T="undefined" />
	<Point X="175" Y="414" T="undefined" />
	<Point X="176" Y="416" T="undefined" />
	<Point X="177" Y="417" T="undefined" />
	<Point X="178" Y="419" T="undefined" />
	<Point X="178" Y="421" T="undefined" />
	<Point X="179" Y="423" T="undefined" />
	<Point X="180" Y="424" T="undefined" />
	<Point X="181" Y="425" T="undefined" />
	<Point X="182" Y="425" T="undefined" />
	<Point X="182" Y="427" T="undefined" />
	<Point X="182" Y="428" T="undefined" />
	<Point X="183" Y="428" T="undefined" />
	<Point X="184" Y="428" T="undefined" />
	<Point X="185" Y="428" T="undefined" />
	<Point X="186" Y="425" T="undefined" />
	<Point X="188" Y="423" T="undefined" />
	<Point X="190" Y="421" T="undefined" />
	<Point X="193" Y="417" T="undefined" />
	<Point X="196" Y="414" T="undefined" />
	<Point X="198" Y="411" T="undefined" />
	<Point X="202" Y="407" T="undefined" />
	<Point X="206" Y="402" T="undefined" />
	<Point X="211" Y="397" T="undefined" />
	<Point X="216" Y="391" T="undefined" />
	<Point X="221" Y="383" T="undefined" />
	<Point X="226" Y="376" T="undefined" />
	<Point X="232" Y="367" T="undefined" />
	<Point X="239" Y="357" T="undefined" />
	<Point X="247" Y="347" T="undefined" />
	<Point X="254" Y="338" T="undefined" />
	<Point X="260" Y="329" T="undefined" />
	<Point X="268" Y="320" T="undefined" />
	<Point X="275" Y="311" T="undefined" />
	<Point X="283" Y="303" T="undefined" />
	<Point X="290" Y="295" T="undefined" />
	<Point X="296" Y="289" T="undefined" />
	<Point X="303" Y="283" T="undefined" />
	<Point X="308" Y="276" T="undefined" />
	<Point X="314" Y="271" T="undefined" />
	<Point X="319" Y="265" T="undefined" />
	<Point X="324" Y="260" T="undefined" />
	<Point X="328" Y="256" T="undefined" />
	<Point X="332" Y="252" T="undefined" />
	<Point X="338" Y="246" T="undefined" />
	<Point X="341" Y="243" T="undefined" />
	<Point X="345" Y="238" T="undefined" />
	<Point X="349" Y="234" T="undefined" />
	<Point X="352" Y="231" T="undefined" />
	<Point X="355" Y="228" T="undefined" />
	<Point X="358" Y="225" T="undefined" />
	<Point X="361" Y="222" T="undefined" />
	<Point X="364" Y="219" T="undefined" />
	<Point X="367" Y="217" T="undefined" />
	<Point X="370" Y="214" T="undefined" />
	<Point X="372" Y="212" T="undefined" />
	<Point X="374" Y="210" T="undefined" />
	<Point X="377" Y="208" T="undefined" />
	<Point X="379" Y="206" T="undefined" />
	<Point X="381" Y="204" T="undefined" />
	<Point X="383" Y="202" T="undefined" />
	<Point X="385" Y="201" T="undefined" />
	<Point X="387" Y="199" T="undefined" />
	<Point X="389" Y="198" T="undefined" />
	<Point X="391" Y="196" T="undefined" />
	<Point X="393" Y="195" T="undefined" />
	<Point X="395" Y="193" T="undefined" />
	<Point X="397" Y="191" T="undefined" />
	<Point X="399" Y="190" T="undefined" />
	<Point X="401" Y="188" T="undefined" />
	<Point X="403" Y="187" T="undefined" />
	<Point X="404" Y="185" T="undefined" />
	<Point X="406" Y="185" T="undefined" />
	<Point X="407" Y="183" T="undefined" />
	<Point X="408" Y="182" T="undefined" />
	<Point X="410" Y="181" T="undefined" />
	<Point X="411" Y="181" T="undefined" />
	<Point X="411" Y="180" T="undefined" />
	<Point X="412" Y="180" T="undefined" />
	<Point X="412" Y="179" T="undefined" />
	<Point X="413" Y="178" T="undefined" />
</Gesture>