<?xml version="1.0" encoding="utf-8" standalone="yes"?>
<Gesture Name="Check9" NumPts="67">
	<Point X="136" Y="350" T="undefined" />
	<Point X="137" Y="350" T="undefined" />
	<Point X="137" Y="351" T="undefined" />
	<Point X="138" Y="353" T="undefined" />
	<Point X="140" Y="356" T="undefined" />
	<Point X="142" Y="360" T="undefined" />
	<Point X="143" Y="364" T="undefined" />
	<Point X="147" Y="370" T="undefined" />
	<Point X="149" Y="375" T="undefined" />
	<Point X="152" Y="382" T="undefined" />
	<Point X="156" Y="390" T="undefined" />
	<Point X="160" Y="397" T="undefined" />
	<Point X="164" Y="405" T="undefined" />
	<Point X="167" Y="411" T="undefined" />
	<Point X="172" Y="418" T="undefined" />
	<Point X="177" Y="426" T="undefined" />
	<Point X="182" Y="433" T="undefined" />
	<Point X="188" Y="440" T="undefined" />
	<Point X="194" Y="446" T="undefined" />
	<Point X="200" Y="451" T="undefined" />
	<Point X="205" Y="454" T="undefined" />
	<Point X="211" Y="457" T="undefined" />
	<Point X="214" Y="458" T="undefined" />
	<Point X="218" Y="459" T="undefined" />
	<Point X="221" Y="459" T="undefined" />
	<Point X="224" Y="459" T="undefined" />
	<Point X="228" Y="458" T="undefined" />
	<Point X="232" Y="455" T="undefined" />
	<Point X="236" Y="453" T="undefined" />
	<Point X="240" Y="449" T="undefined" />
	<Point X="244" Y="444" T="undefined" />
	<Point X="248" Y="439" T="undefined" />
	<Point X="253" Y="431" T="undefined" />
	<Point X="257" Y="425" T="undefined" />
	<Point X="264" Y="415" T="undefined" />
	<Point X="269" Y="404" T="undefined" />
	<Point X="276" Y="393" T="undefined" />
	<Point X="281" Y="382" T="undefined" />
	<Point X="286" Y="373" T="undefined" />
	<Point X="293" Y="361" T="undefined" />
	<Point X="301" Y="347" T="undefined" />
	<Point X="308" Y="336" T="undefined" />
	<Point X="317" Y="324" T="undefined" />
	<Point X="325" Y="313" T="undefined" />
	<Point X="334" Y="303" T="undefined" />
	<Point X="344" Y="292" T="undefined" />
	<Point X="353" Y="281" T="undefined" />
	<Point X="361" Y="273" T="undefined" />
	<Point X="370" Y="262" T="undefined" />
	<Point X="376" Y="256" T="undefined" />
	<Point X="383" Y="248" T="undefined" />
	<Point X="391" Y="239" T="undefined" />
	<Point X="396" Y="234" T="undefined" />
	<Point X="401" Y="229" T="undefined" />
	<Point X="407" Y="223" T="undefined" />
	<Point X="412" Y="218" T="undefined" />
	<Point X="416" Y="214" T="undefined" />
	<Point X="420" Y="211" T="undefined" />
	<Point X="424" Y="207" T="undefined" />
	<Point X="428" Y="203" T="undefined" />
	<Point X="431" Y="201" T="undefined" />
	<Point X="435" Y="198" T="undefined" />
	<Point X="438" Y="195" T="undefined" />
	<Point X="439" Y="194" T="undefined" />
	<Point X="442" Y="192" T="undefined" />
	<Point X="443" Y="191" T="undefined" />
	<Point X="444" Y="190" T="undefined" />
</Gesture>