<?xml version="1.0" encoding="utf-8" standalone="yes"?>
<Gesture Name="Check8" NumPts="62">
	<Point X="122" Y="290" T="undefined" />
	<Point X="123" Y="290" T="undefined" />
	<Point X="124" Y="290" T="undefined" />
	<Point X="127" Y="291" T="undefined" />
	<Point X="129" Y="294" T="undefined" />
	<Point X="132" Y="296" T="undefined" />
	<Point X="136" Y="299" T="undefined" />
	<Point X="139" Y="303" T="undefined" />
	<Point X="143" Y="307" T="undefined" />
	<Point X="148" Y="313" T="undefined" />
	<Point X="152" Y="318" T="undefined" />
	<Point X="158" Y="325" T="undefined" />
	<Point X="163" Y="331" T="undefined" />
	<Point X="168" Y="338" T="undefined" />
	<Point X="172" Y="345" T="undefined" />
	<Point X="178" Y="353" T="undefined" />
	<Point X="181" Y="358" T="undefined" />
	<Point X="184" Y="363" T="undefined" />
	<Point X="187" Y="369" T="undefined" />
	<Point X="190" Y="373" T="undefined" />
	<Point X="193" Y="378" T="undefined" />
	<Point X="195" Y="382" T="undefined" />
	<Point X="196" Y="385" T="undefined" />
	<Point X="198" Y="388" T="undefined" />
	<Point X="199" Y="390" T="undefined" />
	<Point X="200" Y="392" T="undefined" />
	<Point X="202" Y="393" T="undefined" />
	<Point X="203" Y="394" T="undefined" />
	<Point X="204" Y="394" T="undefined" />
	<Point X="205" Y="394" T="undefined" />
	<Point X="207" Y="394" T="undefined" />
	<Point X="208" Y="393" T="undefined" />
	<Point X="210" Y="390" T="undefined" />
	<Point X="214" Y="387" T="undefined" />
	<Point X="217" Y="382" T="undefined" />
	<Point X="223" Y="375" T="undefined" />
	<Point X="232" Y="366" T="undefined" />
	<Point X="237" Y="360" T="undefined" />
	<Point X="247" Y="348" T="undefined" />
	<Point X="253" Y="339" T="undefined" />
	<Point X="264" Y="325" T="undefined" />
	<Point X="274" Y="311" T="undefined" />
	<Point X="285" Y="295" T="undefined" />
	<Point X="296" Y="281" T="undefined" />
	<Point X="308" Y="265" T="undefined" />
	<Point X="320" Y="249" T="undefined" />
	<Point X="333" Y="233" T="undefined" />
	<Point X="346" Y="218" T="undefined" />
	<Point X="359" Y="203" T="undefined" />
	<Point X="371" Y="190" T="undefined" />
	<Point X="385" Y="176" T="undefined" />
	<Point X="394" Y="166" T="undefined" />
	<Point X="405" Y="154" T="undefined" />
	<Point X="415" Y="146" T="undefined" />
	<Point X="422" Y="139" T="undefined" />
	<Point X="429" Y="132" T="undefined" />
	<Point X="434" Y="128" T="undefined" />
	<Point X="436" Y="124" T="undefined" />
	<Point X="439" Y="121" T="undefined" />
	<Point X="441" Y="120" T="undefined" />
	<Point X="442" Y="118" T="undefined" />
	<Point X="442" Y="117" T="undefined" />
</Gesture>