<?xml version="1.0" encoding="utf-8" standalone="yes"?>
<Gesture Name="Check7" NumPts="68">
	<Point X="103" Y="348" T="undefined" />
	<Point X="104" Y="348" T="undefined" />
	<Point X="104" Y="349" T="undefined" />
	<Point X="106" Y="351" T="undefined" />
	<Point X="107" Y="352" T="undefined" />
	<Point X="109" Y="355" T="undefined" />
	<Point X="111" Y="359" T="undefined" />
	<Point X="113" Y="363" T="undefined" />
	<Point X="115" Y="367" T="undefined" />
	<Point X="119" Y="376" T="undefined" />
	<Point X="120" Y="380" T="undefined" />
	<Point X="123" Y="387" T="undefined" />
	<Point X="128" Y="398" T="undefined" />
	<Point X="131" Y="405" T="undefined" />
	<Point X="134" Y="412" T="undefined" />
	<Point X="139" Y="423" T="undefined" />
	<Point X="143" Y="432" T="undefined" />
	<Point X="145" Y="439" T="undefined" />
	<Point X="149" Y="447" T="undefined" />
	<Point X="152" Y="453" T="undefined" />
	<Point X="155" Y="456" T="undefined" />
	<Point X="158" Y="459" T="undefined" />
	<Point X="162" Y="461" T="undefined" />
	<Point X="164" Y="462" T="undefined" />
	<Point X="167" Y="462" T="undefined" />
	<Point X="171" Y="462" T="undefined" />
	<Point X="174" Y="462" T="undefined" />
	<Point X="178" Y="460" T="undefined" />
	<Point X="182" Y="458" T="undefined" />
	<Point X="187" Y="453" T="undefined" />
	<Point X="192" Y="449" T="undefined" />
	<Point X="197" Y="444" T="undefined" />
	<Point X="204" Y="437" T="undefined" />
	<Point X="210" Y="430" T="undefined" />
	<Point X="218" Y="421" T="undefined" />
	<Point X="227" Y="410" T="undefined" />
	<Point X="236" Y="399" T="undefined" />
	<Point X="247" Y="385" T="undefined" />
	<Point X="257" Y="371" T="undefined" />
	<Point X="268" Y="357" T="undefined" />
	<Point X="281" Y="341" T="undefined" />
	<Point X="295" Y="325" T="undefined" />
	<Point X="308" Y="310" T="undefined" />
	<Point X="322" Y="295" T="undefined" />
	<Point X="334" Y="282" T="undefined" />
	<Point X="347" Y="269" T="undefined" />
	<Point X="359" Y="258" T="undefined" />
	<Point X="369" Y="249" T="undefined" />
	<Point X="380" Y="238" T="undefined" />
	<Point X="392" Y="227" T="undefined" />
	<Point X="401" Y="219" T="undefined" />
	<Point X="408" Y="212" T="undefined" />
	<Point X="415" Y="206" T="undefined" />
	<Point X="419" Y="201" T="undefined" />
	<Point X="424" Y="196" T="undefined" />
	<Point X="428" Y="192" T="undefined" />
	<Point X="432" Y="189" T="undefined" />
	<Point X="434" Y="186" T="undefined" />
	<Point X="437" Y="183" T="undefined" />
	<Point X="439" Y="180" T="undefined" />
	<Point X="442" Y="178" T="undefined" />
	<Point X="444" Y="176" T="undefined" />
	<Point X="446" Y="174" T="undefined" />
	<Point X="448" Y="172" T="undefined" />
	<Point X="450" Y="171" T="undefined" />
	<Point X="451" Y="169" T="undefined" />
	<Point X="452" Y="168" T="undefined" />
	<Point X="453" Y="168" T="undefined" />
</Gesture>