<?xml version="1.0" encoding="utf-8" standalone="yes"?>
<Gesture Name="Check2" NumPts="116">
	<Point X="99" Y="317" T="undefined" />
	<Point X="100" Y="317" T="undefined" />
	<Point X="101" Y="317" T="undefined" />
	<Point X="102" Y="318" T="undefined" />
	<Point X="104" Y="319" T="undefined" />
	<Point X="106" Y="321" T="undefined" />
	<Point X="109" Y="322" T="undefined" />
	<Point X="112" Y="324" T="undefined" />
	<Point X="114" Y="326" T="undefined" />
	<Point X="117" Y="328" T="undefined" />
	<Point X="120" Y="330" T="undefined" />
	<Point X="124" Y="333" T="undefined" />
	<Point X="126" Y="335" T="undefined" />
	<Point X="129" Y="338" T="undefined" />
	<Point X="132" Y="340" T="undefined" />
	<Point X="133" Y="343" T="undefined" />
	<Point X="135" Y="346" T="undefined" />
	<Point X="138" Y="348" T="undefined" />
	<Point X="139" Y="351" T="undefined" />
	<Point X="141" Y="354" T="undefined" />
	<Point X="142" Y="356" T="undefined" />
	<Point X="143" Y="359" T="undefined" />
	<Point X="144" Y="361" T="undefined" />
	<Point X="145" Y="364" T="undefined" />
	<Point X="146" Y="366" T="undefined" />
	<Point X="147" Y="368" T="undefined" />
	<Point X="148" Y="371" T="undefined" />
	<Point X="149" Y="373" T="undefined" />
	<Point X="149" Y="376" T="undefined" />
	<Point X="150" Y="379" T="undefined" />
	<Point X="151" Y="381" T="undefined" />
	<Point X="151" Y="384" T="undefined" />
	<Point X="152" Y="387" T="undefined" />
	<Point X="153" Y="389" T="undefined" />
	<Point X="153" Y="391" T="undefined" />
	<Point X="153" Y="394" T="undefined" />
	<Point X="154" Y="397" T="undefined" />
	<Point X="154" Y="399" T="undefined" />
	<Point X="154" Y="401" T="undefined" />
	<Point X="155" Y="404" T="undefined" />
	<Point X="155" Y="406" T="undefined" />
	<Point X="155" Y="409" T="undefined" />
	<Point X="156" Y="412" T="undefined" />
	<Point X="157" Y="415" T="undefined" />
	<Point X="157" Y="417" T="undefined" />
	<Point X="157" Y="418" T="undefined" />
	<Point X="157" Y="420" T="undefined" />
	<Point X="158" Y="420" T="undefined" />
	<Point X="158" Y="421" T="undefined" />
	<Point X="159" Y="421" T="undefined" />
	<Point X="160" Y="420" T="undefined" />
	<Point X="161" Y="419" T="undefined" />
	<Point X="162" Y="417" T="undefined" />
	<Point X="164" Y="415" T="undefined" />
	<Point X="166" Y="411" T="undefined" />
	<Point X="168" Y="408" T="undefined" />
	<Point X="171" Y="405" T="undefined" />
	<Point X="174" Y="399" T="undefined" />
	<Point X="178" Y="394" T="undefined" />
	<Point X="182" Y="387" T="undefined" />
	<Point X="186" Y="380" T="undefined" />
	<Point X="190" Y="374" T="undefined" />
	<Point X="194" Y="367" T="undefined" />
	<Point X="200" Y="358" T="undefined" />
	<Point X="204" Y="352" T="undefined" />
	<Point X="211" Y="343" T="undefined" />
	<Point X="217" Y="336" T="undefined" />
	<Point X="225" Y="326" T="undefined" />
	<Point X="233" Y="317" T="undefined" />
	<Point X="240" Y="310" T="undefined" />
	<Point X="247" Y="303" T="undefined" />
	<Point X="254" Y="295" T="undefined" />
	<Point X="262" Y="287" T="undefined" />
	<Point X="271" Y="279" T="undefined" />
	<Point X="276" Y="273" T="undefined" />
	<Point X="285" Y="265" T="undefined" />
	<Point X="294" Y="258" T="undefined" />
	<Point X="301" Y="252" T="undefined" />
	<Point X="307" Y="246" T="undefined" />
	<Point X="313" Y="241" T="undefined" />
	<Point X="320" Y="235" T="undefined" />
	<Point X="327" Y="230" T="undefined" />
	<Point X="330" Y="227" T="undefined" />
	<Point X="335" Y="222" T="undefined" />
	<Point X="340" Y="219" T="undefined" />
	<Point X="344" Y="215" T="undefined" />
	<Point X="349" Y="213" T="undefined" />
	<Point X="352" Y="210" T="undefined" />
	<Point X="356" Y="207" T="undefined" />
	<Point X="359" Y="205" T="undefined" />
	<Point X="362" Y="203" T="undefined" />
	<Point X="366" Y="201" T="undefined" />
	<Point X="369" Y="199" T="undefined" />
	<Point X="373" Y="197" T="undefined" />
	<Point X="376" Y="195" T="undefined" />
	<Point X="379" Y="193" T="undefined" />
	<Point X="383" Y="191" T="undefined" />
	<Point X="386" Y="189" T="undefined" />
	<Point X="389" Y="187" T="undefined" />
	<Point X="391" Y="186" T="undefined" />
	<Point X="394" Y="185" T="undefined" />
	<Point X="397" Y="182" T="undefined" />
	<Point X="399" Y="181" T="undefined" />
	<Point X="401" Y="181" T="undefined" />
	<Point X="402" Y="180" T="undefined" />
	<Point X="404" Y="179" T="undefined" />
	<Point X="405" Y="178" T="undefined" />
	<Point X="406" Y="178" T="undefined" />
	<Point X="407" Y="177" T="undefined" />
	<Point X="409" Y="176" T="undefined" />
	<Point X="410" Y="176" T="undefined" />
	<Point X="411" Y="175" T="undefined" />
	<Point X="413" Y="174" T="undefined" />
	<Point X="414" Y="174" T="undefined" />
	<Point X="415" Y="173" T="undefined" />
	<Point X="416" Y="173" T="undefined" />
</Gesture>