<?xml version="1.0" encoding="utf-8" standalone="yes"?>
<Gesture Name="Check0" NumPts="142">
	<Point X="85" Y="351" T="undefined" />
	<Point X="85" Y="352" T="undefined" />
	<Point X="85" Y="353" T="undefined" />
	<Point X="86" Y="354" T="undefined" />
	<Point X="88" Y="356" T="undefined" />
	<Point X="88" Y="357" T="undefined" />
	<Point X="89" Y="358" T="undefined" />
	<Point X="90" Y="360" T="undefined" />
	<Point X="91" Y="361" T="undefined" />
	<Point X="92" Y="362" T="undefined" />
	<Point X="93" Y="364" T="undefined" />
	<Point X="94" Y="365" T="undefined" />
	<Point X="95" Y="366" T="undefined" />
	<Point X="96" Y="368" T="undefined" />
	<Point X="97" Y="369" T="undefined" />
	<Point X="98" Y="370" T="undefined" />
	<Point X="99" Y="372" T="undefined" />
	<Point X="100" Y="373" T="undefined" />
	<Point X="101" Y="374" T="undefined" />
	<Point X="102" Y="376" T="undefined" />
	<Point X="102" Y="377" T="undefined" />
	<Point X="104" Y="378" T="undefined" />
	<Point X="104" Y="379" T="undefined" />
	<Point X="105" Y="380" T="undefined" />
	<Point X="105" Y="381" T="undefined" />
	<Point X="106" Y="382" T="undefined" />
	<Point X="107" Y="384" T="undefined" />
	<Point X="108" Y="386" T="undefined" />
	<Point X="109" Y="387" T="undefined" />
	<Point X="109" Y="389" T="undefined" />
	<Point X="110" Y="390" T="undefined" />
	<Point X="111" Y="391" T="undefined" />
	<Point X="111" Y="392" T="undefined" />
	<Point X="112" Y="393" T="undefined" />
	<Point X="113" Y="394" T="undefined" />
	<Point X="113" Y="395" T="undefined" />
	<Point X="114" Y="397" T="undefined" />
	<Point X="114" Y="398" T="undefined" />
	<Point X="115" Y="399" T="undefined" />
	<Point X="115" Y="401" T="undefined" />
	<Point X="116" Y="402" T="undefined" />
	<Point X="117" Y="403" T="undefined" />
	<Point X="117" Y="405" T="undefined" />
	<Point X="118" Y="406" T="undefined" />
	<Point X="118" Y="408" T="undefined" />
	<Point X="118" Y="410" T="undefined" />
	<Point X="119" Y="411" T="undefined" />
	<Point X="119" Y="413" T="undefined" />
	<Point X="120" Y="414" T="undefined" />
	<Point X="120" Y="415" T="undefined" />
	<Point X="121" Y="416" T="undefined" />
	<Point X="121" Y="417" T="undefined" />
	<Point X="121" Y="418" T="undefined" />
	<Point X="121" Y="419" T="undefined" />
	<Point X="122" Y="420" T="undefined" />
	<Point X="122" Y="421" T="undefined" />
	<Point X="122" Y="422" T="undefined" />
	<Point X="123" Y="423" T="undefined" />
	<Point X="123" Y="424" T="undefined" />
	<Point X="123" Y="425" T="undefined" />
	<Point X="124" Y="425" T="undefined" />
	<Point X="124" Y="424" T="undefined" />
	<Point X="125" Y="424" T="undefined" />
	<Point X="125" Y="422" T="undefined" />
	<Point X="126" Y="420" T="undefined" />
	<Point X="127" Y="419" T="undefined" />
	<Point X="128" Y="416" T="undefined" />
	<Point X="129" Y="414" T="undefined" />
	<Point X="130" Y="412" T="undefined" />
	<Point X="132" Y="408" T="undefined" />
	<Point X="134" Y="406" T="undefined" />
	<Point X="136" Y="402" T="undefined" />
	<Point X="137" Y="400" T="undefined" />
	<Point X="139" Y="396" T="undefined" />
	<Point X="142" Y="393" T="undefined" />
	<Point X="144" Y="388" T="undefined" />
	<Point X="147" Y="384" T="undefined" />
	<Point X="150" Y="381" T="undefined" />
	<Point X="152" Y="378" T="undefined" />
	<Point X="155" Y="374" T="undefined" />
	<Point X="158" Y="371" T="undefined" />
	<Point X="161" Y="367" T="undefined" />
	<Point X="164" Y="363" T="undefined" />
	<Point X="167" Y="360" T="undefined" />
	<Point X="170" Y="357" T="undefined" />
	<Point X="174" Y="353" T="undefined" />
	<Point X="177" Y="350" T="undefined" />
	<Point X="180" Y="347" T="undefined" />
	<Point X="183" Y="344" T="undefined" />
	<Point X="186" Y="340" T="undefined" />
	<Point X="190" Y="337" T="undefined" />
	<Point X="193" Y="333" T="undefined" />
	<Point X="196" Y="330" T="undefined" />
	<Point X="199" Y="327" T="undefined" />
	<Point X="202" Y="324" T="undefined" />
	<Point X="205" Y="321" T="undefined" />
	<Point X="208" Y="319" T="undefined" />
	<Point X="211" Y="315" T="undefined" />
	<Point X="213" Y="313" T="undefined" />
	<Point X="215" Y="311" T="undefined" />
	<Point X="218" Y="308" T="undefined" />
	<Point X="221" Y="306" T="undefined" />
	<Point X="223" Y="304" T="undefined" />
	<Point X="225" Y="303" T="undefined" />
	<Point X="227" Y="300" T="undefined" />
	<Point X="229" Y="299" T="undefined" />
	<Point X="230" Y="298" T="undefined" />
	<Point X="231" Y="296" T="undefined" />
	<Point X="233" Y="295" T="undefined" />
	<Point X="234" Y="294" T="undefined" />
	<Point X="235" Y="294" T="undefined" />
	<Point X="236" Y="292" T="undefined" />
	<Point X="238" Y="291" T="undefined" />
	<Point X="238" Y="290" T="undefined" />
	<Point X="239" Y="290" T="undefined" />
	<Point X="240" Y="289" T="undefined" />
	<Point X="241" Y="288" T="undefined" />
	<Point X="242" Y="287" T="undefined" />
	<Point X="243" Y="287" T="undefined" />
	<Point X="243" Y="286" T="undefined" />
	<Point X="244" Y="286" T="undefined" />
	<Point X="244" Y="285" T="undefined" />
	<Point X="244" Y="284" T="undefined" />
	<Point X="245" Y="284" T="undefined" />
	<Point X="246" Y="284" T="undefined" />
	<Point X="246" Y="283" T="undefined" />
	<Point X="247" Y="283" T="undefined" />
	<Point X="247" Y="282" T="undefined" />
	<Point X="248" Y="282" T="undefined" />
	<Point X="248" Y="281" T="undefined" />
	<Point X="249" Y="281" T="undefined" />
	<Point X="249" Y="280" T="undefined" />
	<Point X="250" Y="280" T="undefined" />
	<Point X="250" Y="279" T="undefined" />
	<Point X="251" Y="279" T="undefined" />
	<Point X="252" Y="279" T="undefined" />
	<Point X="252" Y="278" T="undefined" />
	<Point X="253" Y="278" T="undefined" />
	<Point X="254" Y="278" T="undefined" />
	<Point X="254" Y="277" T="undefined" />
	<Point X="255" Y="277" T="undefined" />
	<Point X="256" Y="277" T="undefined" />
</Gesture>