<?xml version="1.0" encoding="utf-8" standalone="yes"?>
<Gesture Name="Check4" NumPts="86">
	<Point X="134" Y="327" T="undefined" />
	<Point X="135" Y="327" T="undefined" />
	<Point X="136" Y="327" T="undefined" />
	<Point X="137" Y="329" T="undefined" />
	<Point X="139" Y="331" T="undefined" />
	<Point X="141" Y="332" T="undefined" />
	<Point X="142" Y="335" T="undefined" />
	<Point X="145" Y="338" T="undefined" />
	<Point X="147" Y="341" T="undefined" />
	<Point X="152" Y="346" T="undefined" />
	<Point X="154" Y="349" T="undefined" />
	<Point X="158" Y="354" T="undefined" />
	<Point X="164" Y="361" T="undefined" />
	<Point X="167" Y="366" T="undefined" />
	<Point X="171" Y="372" T="undefined" />
	<Point X="176" Y="378" T="undefined" />
	<Point X="179" Y="382" T="undefined" />
	<Point X="184" Y="387" T="undefined" />
	<Point X="186" Y="392" T="undefined" />
	<Point X="189" Y="396" T="undefined" />
	<Point X="192" Y="400" T="undefined" />
	<Point X="194" Y="403" T="undefined" />
	<Point X="196" Y="406" T="undefined" />
	<Point X="197" Y="409" T="undefined" />
	<Point X="198" Y="411" T="undefined" />
	<Point X="198" Y="414" T="undefined" />
	<Point X="199" Y="415" T="undefined" />
	<Point X="200" Y="417" T="undefined" />
	<Point X="200" Y="418" T="undefined" />
	<Point X="200" Y="419" T="undefined" />
	<Point X="201" Y="419" T="undefined" />
	<Point X="202" Y="419" T="undefined" />
	<Point X="203" Y="418" T="undefined" />
	<Point X="204" Y="417" T="undefined" />
	<Point X="205" Y="415" T="undefined" />
	<Point X="207" Y="412" T="undefined" />
	<Point X="209" Y="409" T="undefined" />
	<Point X="213" Y="404" T="undefined" />
	<Point X="217" Y="398" T="undefined" />
	<Point X="222" Y="392" T="undefined" />
	<Point X="227" Y="386" T="undefined" />
	<Point X="234" Y="377" T="undefined" />
	<Point X="238" Y="369" T="undefined" />
	<Point X="247" Y="358" T="undefined" />
	<Point X="253" Y="350" T="undefined" />
	<Point X="260" Y="339" T="undefined" />
	<Point X="267" Y="330" T="undefined" />
	<Point X="276" Y="321" T="undefined" />
	<Point X="284" Y="312" T="undefined" />
	<Point X="292" Y="303" T="undefined" />
	<Point X="300" Y="296" T="undefined" />
	<Point X="308" Y="288" T="undefined" />
	<Point X="317" Y="280" T="undefined" />
	<Point X="326" Y="271" T="undefined" />
	<Point X="332" Y="266" T="undefined" />
	<Point X="338" Y="260" T="undefined" />
	<Point X="347" Y="252" T="undefined" />
	<Point X="352" Y="248" T="undefined" />
	<Point X="359" Y="241" T="undefined" />
	<Point X="363" Y="237" T="undefined" />
	<Point X="368" Y="232" T="undefined" />
	<Point X="373" Y="228" T="undefined" />
	<Point X="377" Y="223" T="undefined" />
	<Point X="381" Y="220" T="undefined" />
	<Point X="385" Y="216" T="undefined" />
	<Point X="389" Y="212" T="undefined" />
	<Point X="392" Y="209" T="undefined" />
	<Point X="395" Y="206" T="undefined" />
	<Point X="398" Y="204" T="undefined" />
	<Point X="401" Y="201" T="undefined" />
	<Point X="403" Y="200" T="undefined" />
	<Point X="407" Y="197" T="undefined" />
	<Point X="409" Y="196" T="undefined" />
	<Point X="411" Y="194" T="undefined" />
	<Point X="414" Y="192" T="undefined" />
	<Point X="416" Y="190" T="undefined" />
	<Point X="418" Y="189" T="undefined" />
	<Point X="421" Y="186" T="undefined" />
	<Point X="422" Y="185" T="undefined" />
	<Point X="425" Y="184" T="undefined" />
	<Point X="427" Y="183" T="undefined" />
	<Point X="429" Y="182" T="undefined" />
	<Point X="430" Y="181" T="undefined" />
	<Point X="432" Y="180" T="undefined" />
	<Point X="433" Y="180" T="undefined" />
	<Point X="434" Y="180" T="undefined" />
</Gesture>