<?xml version="1.0" encoding="utf-8" standalone="yes"?>
<Gesture Name="Check1" NumPts="146">
	<Point X="97" Y="316" T="undefined" />
	<Point X="97" Y="316" T="undefined" />
	<Point X="97" Y="316" T="undefined" />
	<Point X="97" Y="316" T="undefined" />
	<Point X="97" Y="316" T="undefined" />
	<Point X="97" Y="316" T="undefined" />
	<Point X="97" Y="316" T="undefined" />
	<Point X="98" Y="316" T="undefined" />
	<Point X="98" Y="317" T="undefined" />
	<Point X="99" Y="317" T="undefined" />
	<Point X="100" Y="318" T="undefined" />
	<Point X="101" Y="320" T="undefined" />
	<Point X="102" Y="321" T="undefined" />
	<Point X="103" Y="322" T="undefined" />
	<Point X="104" Y="322" T="undefined" />
	<Point X="105" Y="324" T="undefined" />
	<Point X="107" Y="326" T="undefined" />
	<Point X="108" Y="328" T="undefined" />
	<Point X="110" Y="330" T="undefined" />
	<Point X="112" Y="333" T="undefined" />
	<Point X="113" Y="335" T="undefined" />
	<Point X="115" Y="337" T="undefined" />
	<Point X="117" Y="340" T="undefined" />
	<Point X="119" Y="343" T="undefined" />
	<Point X="121" Y="346" T="undefined" />
	<Point X="122" Y="349" T="undefined" />
	<Point X="124" Y="352" T="undefined" />
	<Point X="125" Y="354" T="undefined" />
	<Point X="126" Y="358" T="undefined" />
	<Point X="128" Y="361" T="undefined" />
	<Point X="129" Y="363" T="undefined" />
	<Point X="130" Y="367" T="undefined" />
	<Point X="130" Y="370" T="undefined" />
	<Point X="131" Y="374" T="undefined" />
	<Point X="132" Y="376" T="undefined" />
	<Point X="132" Y="380" T="undefined" />
	<Point X="132" Y="383" T="undefined" />
	<Point X="133" Y="386" T="undefined" />
	<Point X="133" Y="389" T="undefined" />
	<Point X="134" Y="392" T="undefined" />
	<Point X="134" Y="395" T="undefined" />
	<Point X="134" Y="398" T="undefined" />
	<Point X="134" Y="400" T="undefined" />
	<Point X="135" Y="403" T="undefined" />
	<Point X="135" Y="405" T="undefined" />
	<Point X="136" Y="407" T="undefined" />
	<Point X="136" Y="409" T="undefined" />
	<Point X="136" Y="411" T="undefined" />
	<Point X="136" Y="413" T="undefined" />
	<Point X="136" Y="416" T="undefined" />
	<Point X="136" Y="418" T="undefined" />
	<Point X="136" Y="420" T="undefined" />
	<Point X="136" Y="422" T="undefined" />
	<Point X="137" Y="424" T="undefined" />
	<Point X="137" Y="425" T="undefined" />
	<Point X="137" Y="427" T="undefined" />
	<Point X="137" Y="428" T="undefined" />
	<Point X="137" Y="429" T="undefined" />
	<Point X="137" Y="431" T="undefined" />
	<Point X="138" Y="432" T="undefined" />
	<Point X="138" Y="433" T="undefined" />
	<Point X="138" Y="434" T="undefined" />
	<Point X="138" Y="435" T="undefined" />
	<Point X="139" Y="435" T="undefined" />
	<Point X="140" Y="434" T="undefined" />
	<Point X="140" Y="433" T="undefined" />
	<Point X="142" Y="430" T="undefined" />
	<Point X="143" Y="428" T="undefined" />
	<Point X="145" Y="424" T="undefined" />
	<Point X="147" Y="421" T="undefined" />
	<Point X="150" Y="417" T="undefined" />
	<Point X="152" Y="413" T="undefined" />
	<Point X="155" Y="409" T="undefined" />
	<Point X="157" Y="406" T="undefined" />
	<Point X="161" Y="402" T="undefined" />
	<Point X="163" Y="397" T="undefined" />
	<Point X="167" Y="393" T="undefined" />
	<Point X="170" Y="389" T="undefined" />
	<Point X="173" Y="385" T="undefined" />
	<Point X="178" Y="380" T="undefined" />
	<Point X="181" Y="377" T="undefined" />
	<Point X="184" Y="373" T="undefined" />
	<Point X="188" Y="368" T="undefined" />
	<Point X="191" Y="364" T="undefined" />
	<Point X="195" Y="360" T="undefined" />
	<Point X="198" Y="356" T="undefined" />
	<Point X="203" Y="352" T="undefined" />
	<Point X="206" Y="348" T="undefined" />
	<Point X="209" Y="345" T="undefined" />
	<Point X="213" Y="341" T="undefined" />
	<Point X="217" Y="338" T="undefined" />
	<Point X="220" Y="334" T="undefined" />
	<Point X="223" Y="331" T="undefined" />
	<Point X="227" Y="327" T="undefined" />
	<Point X="231" Y="324" T="undefined" />
	<Point X="234" Y="320" T="undefined" />
	<Point X="238" Y="316" T="undefined" />
	<Point X="242" Y="313" T="undefined" />
	<Point X="245" Y="309" T="undefined" />
	<Point X="248" Y="307" T="undefined" />
	<Point X="251" Y="303" T="undefined" />
	<Point X="254" Y="300" T="undefined" />
	<Point X="257" Y="297" T="undefined" />
	<Point X="260" Y="295" T="undefined" />
	<Point X="263" Y="292" T="undefined" />
	<Point X="265" Y="289" T="undefined" />
	<Point X="268" Y="287" T="undefined" />
	<Point X="269" Y="285" T="undefined" />
	<Point X="272" Y="282" T="undefined" />
	<Point X="275" Y="280" T="undefined" />
	<Point X="277" Y="277" T="undefined" />
	<Point X="279" Y="275" T="undefined" />
	<Point X="283" Y="271" T="undefined" />
	<Point X="286" Y="267" T="undefined" />
	<Point X="288" Y="265" T="undefined" />
	<Point X="291" Y="261" T="undefined" />
	<Point X="294" Y="259" T="undefined" />
	<Point X="296" Y="256" T="undefined" />
	<Point X="299" Y="254" T="undefined" />
	<Point X="301" Y="251" T="undefined" />
	<Point X="304" Y="249" T="undefined" />
	<Point X="307" Y="246" T="undefined" />
	<Point X="309" Y="244" T="undefined" />
	<Point X="312" Y="241" T="undefined" />
	<Point X="314" Y="239" T="undefined" />
	<Point X="316" Y="237" T="undefined" />
	<Point X="318" Y="235" T="undefined" />
	<Point X="321" Y="233" T="undefined" />
	<Point X="323" Y="231" T="undefined" />
	<Point X="326" Y="229" T="undefined" />
	<Point X="328" Y="227" T="undefined" />
	<Point X="330" Y="225" T="undefined" />
	<Point X="333" Y="224" T="undefined" />
	<Point X="335" Y="222" T="undefined" />
	<Point X="337" Y="220" T="undefined" />
	<Point X="340" Y="218" T="undefined" />
	<Point X="342" Y="217" T="undefined" />
	<Point X="344" Y="215" T="undefined" />
	<Point X="345" Y="214" T="undefined" />
	<Point X="347" Y="212" T="undefined" />
	<Point X="349" Y="211" T="undefined" />
	<Point X="350" Y="210" T="undefined" />
	<Point X="351" Y="208" T="undefined" />
	<Point X="352" Y="208" T="undefined" />
	<Point X="353" Y="207" T="undefined" />
	<Point X="354" Y="206" T="undefined" />
</Gesture>