<?xml version="1.0" encoding="utf-8" standalone="yes"?>
<Gesture Name="Check6" NumPts="72">
	<Point X="114" Y="303" T="undefined" />
	<Point X="115" Y="306" T="undefined" />
	<Point X="117" Y="308" T="undefined" />
	<Point X="119" Y="311" T="undefined" />
	<Point X="122" Y="316" T="undefined" />
	<Point X="126" Y="322" T="undefined" />
	<Point X="131" Y="329" T="undefined" />
	<Point X="136" Y="336" T="undefined" />
	<Point X="143" Y="345" T="undefined" />
	<Point X="151" Y="354" T="undefined" />
	<Point X="158" Y="363" T="undefined" />
	<Point X="166" Y="374" T="undefined" />
	<Point X="173" Y="383" T="undefined" />
	<Point X="181" Y="392" T="undefined" />
	<Point X="188" Y="399" T="undefined" />
	<Point X="193" Y="405" T="undefined" />
	<Point X="198" Y="412" T="undefined" />
	<Point X="204" Y="418" T="undefined" />
	<Point X="208" Y="422" T="undefined" />
	<Point X="212" Y="426" T="undefined" />
	<Point X="215" Y="430" T="undefined" />
	<Point X="218" Y="433" T="undefined" />
	<Point X="220" Y="436" T="undefined" />
	<Point X="222" Y="437" T="undefined" />
	<Point X="224" Y="438" T="undefined" />
	<Point X="225" Y="440" T="undefined" />
	<Point X="226" Y="441" T="undefined" />
	<Point X="227" Y="441" T="undefined" />
	<Point X="228" Y="441" T="undefined" />
	<Point X="228" Y="440" T="undefined" />
	<Point X="230" Y="438" T="undefined" />
	<Point X="231" Y="435" T="undefined" />
	<Point X="235" Y="431" T="undefined" />
	<Point X="238" Y="426" T="undefined" />
	<Point X="244" Y="419" T="undefined" />
	<Point X="248" Y="413" T="undefined" />
	<Point X="257" Y="402" T="undefined" />
	<Point X="263" Y="394" T="undefined" />
	<Point X="271" Y="383" T="undefined" />
	<Point X="281" Y="371" T="undefined" />
	<Point X="291" Y="358" T="undefined" />
	<Point X="300" Y="345" T="undefined" />
	<Point X="311" Y="328" T="undefined" />
	<Point X="320" Y="314" T="undefined" />
	<Point X="331" Y="296" T="undefined" />
	<Point X="342" Y="278" T="undefined" />
	<Point X="350" Y="263" T="undefined" />
	<Point X="362" Y="243" T="undefined" />
	<Point X="369" Y="231" T="undefined" />
	<Point X="379" Y="213" T="undefined" />
	<Point X="386" Y="202" T="undefined" />
	<Point X="392" Y="189" T="undefined" />
	<Point X="397" Y="180" T="undefined" />
	<Point X="401" Y="173" T="undefined" />
	<Point X="403" Y="168" T="undefined" />
	<Point X="405" Y="163" T="undefined" />
	<Point X="407" Y="159" T="undefined" />
	<Point X="408" Y="156" T="undefined" />
	<Point X="408" Y="154" T="undefined" />
	<Point X="409" Y="152" T="undefined" />
	<Point X="409" Y="150" T="undefined" />
	<Point X="410" Y="149" T="undefined" />
	<Point X="410" Y="148" T="undefined" />
	<Point X="411" Y="147" T="undefined" />
	<Point X="411" Y="146" T="undefined" />
	<Point X="411" Y="145" T="undefined" />
	<Point X="411" Y="144" T="undefined" />
	<Point X="412" Y="144" T="undefined" />
	<Point X="412" Y="143" T="undefined" />
	<Point X="413" Y="143" T="undefined" />
	<Point X="413" Y="142" T="undefined" />
	<Point X="414" Y="142" T="undefined" />
</Gesture>