<?xml version="1.0" encoding="utf-8" standalone="yes"?>
<Gesture Name="Circle6" NumPts="195">
	<Point X="221" Y="98" T="undefined" />
	<Point X="221" Y="98" T="undefined" />
	<Point X="221" Y="97" T="undefined" />
	<Point X="221" Y="97" T="undefined" />
	<Point X="220" Y="97" T="undefined" />
	<Point X="219" Y="97" T="undefined" />
	<Point X="219" Y="97" T="undefined" />
	<Point X="218" Y="97" T="undefined" />
	<Point X="216" Y="97" T="undefined" />
	<Point X="214" Y="97" T="undefined" />
	<Point X="212" Y="97" T="undefined" />
	<Point X="208" Y="97" T="undefined" />
	<Point X="206" Y="98" T="undefined" />
	<Point X="202" Y="98" T="undefined" />
	<Point X="197" Y="99" T="undefined" />
	<Point X="192" Y="100" T="undefined" />
	<Point X="188" Y="102" T="undefined" />
	<Point X="184" Y="104" T="undefined" />
	<Point X="179" Y="106" T="undefined" />
	<Point X="176" Y="108" T="undefined" />
	<Point X="169" Y="112" T="undefined" />
	<Point X="164" Y="115" T="undefined" />
	<Point X="161" Y="117" T="undefined" />
	<Point X="154" Y="122" T="undefined" />
	<Point X="150" Y="125" T="undefined" />
	<Point X="146" Y="127" T="undefined" />
	<Point X="138" Y="133" T="undefined" />
	<Point X="134" Y="136" T="undefined" />
	<Point X="128" Y="140" T="undefined" />
	<Point X="121" Y="145" T="undefined" />
	<Point X="115" Y="151" T="undefined" />
	<Point X="111" Y="155" T="undefined" />
	<Point X="105" Y="160" T="undefined" />
	<Point X="101" Y="166" T="undefined" />
	<Point X="99" Y="169" T="undefined" />
	<Point X="93" Y="176" T="undefined" />
	<Point X="90" Y="181" T="undefined" />
	<Point X="88" Y="185" T="undefined" />
	<Point X="84" Y="192" T="undefined" />
	<Point X="83" Y="197" T="undefined" />
	<Point X="80" Y="203" T="undefined" />
	<Point X="77" Y="209" T="undefined" />
	<Point X="76" Y="215" T="undefined" />
	<Point X="74" Y="219" T="undefined" />
	<Point X="73" Y="226" T="undefined" />
	<Point X="72" Y="232" T="undefined" />
	<Point X="71" Y="236" T="undefined" />
	<Point X="70" Y="242" T="undefined" />
	<Point X="70" Y="248" T="undefined" />
	<Point X="70" Y="252" T="undefined" />
	<Point X="70" Y="258" T="undefined" />
	<Point X="70" Y="263" T="undefined" />
	<Point X="70" Y="268" T="undefined" />
	<Point X="70" Y="275" T="undefined" />
	<Point X="70" Y="279" T="undefined" />
	<Point X="70" Y="283" T="undefined" />
	<Point X="70" Y="289" T="undefined" />
	<Point X="71" Y="293" T="undefined" />
	<Point X="72" Y="297" T="undefined" />
	<Point X="74" Y="303" T="undefined" />
	<Point X="76" Y="308" T="undefined" />
	<Point X="78" Y="311" T="undefined" />
	<Point X="81" Y="316" T="undefined" />
	<Point X="83" Y="320" T="undefined" />
	<Point X="86" Y="324" T="undefined" />
	<Point X="89" Y="330" T="undefined" />
	<Point X="92" Y="332" T="undefined" />
	<Point X="95" Y="336" T="undefined" />
	<Point X="100" Y="340" T="undefined" />
	<Point X="103" Y="343" T="undefined" />
	<Point X="108" Y="346" T="undefined" />
	<Point X="113" Y="349" T="undefined" />
	<Point X="117" Y="351" T="undefined" />
	<Point X="122" Y="353" T="undefined" />
	<Point X="127" Y="356" T="undefined" />
	<Point X="133" Y="359" T="undefined" />
	<Point X="140" Y="362" T="undefined" />
	<Point X="145" Y="364" T="undefined" />
	<Point X="152" Y="366" T="undefined" />
	<Point X="159" Y="369" T="undefined" />
	<Point X="165" Y="371" T="undefined" />
	<Point X="170" Y="372" T="undefined" />
	<Point X="178" Y="374" T="undefined" />
	<Point X="183" Y="375" T="undefined" />
	<Point X="190" Y="376" T="undefined" />
	<Point X="196" Y="377" T="undefined" />
	<Point X="201" Y="378" T="undefined" />
	<Point X="207" Y="379" T="undefined" />
	<Point X="212" Y="380" T="undefined" />
	<Point X="220" Y="381" T="undefined" />
	<Point X="224" Y="381" T="undefined" />
	<Point X="230" Y="381" T="undefined" />
	<Point X="238" Y="381" T="undefined" />
	<Point X="242" Y="381" T="undefined" />
	<Point X="249" Y="381" T="undefined" />
	<Point X="255" Y="381" T="undefined" />
	<Point X="260" Y="379" T="undefined" />
	<Point X="268" Y="377" T="undefined" />
	<Point X="272" Y="375" T="undefined" />
	<Point X="278" Y="373" T="undefined" />
	<Point X="283" Y="369" T="undefined" />
	<Point X="288" Y="366" T="undefined" />
	<Point X="291" Y="362" T="undefined" />
	<Point X="296" Y="358" T="undefined" />
	<Point X="299" Y="352" T="undefined" />
	<Point X="303" Y="347" T="undefined" />
	<Point X="307" Y="342" T="undefined" />
	<Point X="309" Y="338" T="undefined" />
	<Point X="314" Y="332" T="undefined" />
	<Point X="317" Y="326" T="undefined" />
	<Point X="320" Y="318" T="undefined" />
	<Point X="323" Y="314" T="undefined" />
	<Point X="326" Y="305" T="undefined" />
	<Point X="329" Y="300" T="undefined" />
	<Point X="332" Y="293" T="undefined" />
	<Point X="334" Y="288" T="undefined" />
	<Point X="336" Y="282" T="undefined" />
	<Point X="338" Y="276" T="undefined" />
	<Point X="340" Y="270" T="undefined" />
	<Point X="341" Y="264" T="undefined" />
	<Point X="342" Y="258" T="undefined" />
	<Point X="343" Y="253" T="undefined" />
	<Point X="343" Y="248" T="undefined" />
	<Point X="343" Y="242" T="undefined" />
	<Point X="343" Y="238" T="undefined" />
	<Point X="343" Y="233" T="undefined" />
	<Point X="343" Y="227" T="undefined" />
	<Point X="343" Y="221" T="undefined" />
	<Point X="341" Y="216" T="undefined" />
	<Point X="340" Y="212" T="undefined" />
	<Point X="339" Y="206" T="undefined" />
	<Point X="337" Y="201" T="undefined" />
	<Point X="335" Y="196" T="undefined" />
	<Point X="333" Y="192" T="undefined" />
	<Point X="330" Y="186" T="undefined" />
	<Point X="327" Y="182" T="undefined" />
	<Point X="324" Y="178" T="undefined" />
	<Point X="321" Y="174" T="undefined" />
	<Point X="318" Y="170" T="undefined" />
	<Point X="315" Y="167" T="undefined" />
	<Point X="312" Y="163" T="undefined" />
	<Point X="309" Y="160" T="undefined" />
	<Point X="306" Y="157" T="undefined" />
	<Point X="303" Y="154" T="undefined" />
	<Point X="301" Y="152" T="undefined" />
	<Point X="298" Y="150" T="undefined" />
	<Point X="295" Y="147" T="undefined" />
	<Point X="294" Y="145" T="undefined" />
	<Point X="292" Y="144" T="undefined" />
	<Point X="290" Y="142" T="undefined" />
	<Point X="288" Y="140" T="undefined" />
	<Point X="286" Y="138" T="undefined" />
	<Point X="285" Y="136" T="undefined" />
	<Point X="283" Y="135" T="undefined" />
	<Point X="281" Y="133" T="undefined" />
	<Point X="280" Y="132" T="undefined" />
	<Point X="278" Y="130" T="undefined" />
	<Point X="276" Y="128" T="undefined" />
	<Point X="274" Y="127" T="undefined" />
	<Point X="273" Y="125" T="undefined" />
	<Point X="271" Y="125" T="undefined" />
	<Point X="269" Y="123" T="undefined" />
	<Point X="268" Y="122" T="undefined" />
	<Point X="266" Y="120" T="undefined" />
	<Point X="265" Y="120" T="undefined" />
	<Point X="263" Y="119" T="undefined" />
	<Point X="261" Y="117" T="undefined" />
	<Point X="260" Y="116" T="undefined" />
	<Point X="258" Y="115" T="undefined" />
	<Point X="256" Y="113" T="undefined" />
	<Point X="254" Y="112" T="undefined" />
	<Point X="253" Y="111" T="undefined" />
	<Point X="251" Y="110" T="undefined" />
	<Point X="249" Y="109" T="undefined" />
	<Point X="248" Y="109" T="undefined" />
	<Point X="247" Y="109" T="undefined" />
	<Point X="245" Y="108" T="undefined" />
	<Point X="244" Y="108" T="undefined" />
	<Point X="243" Y="108" T="undefined" />
	<Point X="242" Y="108" T="undefined" />
	<Point X="241" Y="107" T="undefined" />
	<Point X="240" Y="106" T="undefined" />
	<Point X="239" Y="105" T="undefined" />
	<Point X="238" Y="105" T="undefined" />
	<Point X="237" Y="104" T="undefined" />
	<Point X="236" Y="104" T="undefined" />
	<Point X="236" Y="103" T="undefined" />
	<Point X="235" Y="103" T="undefined" />
	<Point X="234" Y="103" T="undefined" />
	<Point X="233" Y="103" T="undefined" />
	<Point X="232" Y="102" T="undefined" />
	<Point X="231" Y="101" T="undefined" />
	<Point X="229" Y="101" T="undefined" />
	<Point X="228" Y="101" T="undefined" />
	<Point X="228" Y="100" T="undefined" />
</Gesture>