<?xml version="1.0" encoding="utf-8" standalone="yes"?>
<Gesture Name="Circle5" NumPts="181">
	<Point X="288" Y="127" T="undefined" />
	<Point X="288" Y="126" T="undefined" />
	<Point X="287" Y="126" T="undefined" />
	<Point X="285" Y="125" T="undefined" />
	<Point X="283" Y="125" T="undefined" />
	<Point X="280" Y="124" T="undefined" />
	<Point X="276" Y="124" T="undefined" />
	<Point X="273" Y="123" T="undefined" />
	<Point X="269" Y="123" T="undefined" />
	<Point X="263" Y="123" T="undefined" />
	<Point X="257" Y="122" T="undefined" />
	<Point X="251" Y="121" T="undefined" />
	<Point X="246" Y="121" T="undefined" />
	<Point X="239" Y="121" T="undefined" />
	<Point X="232" Y="121" T="undefined" />
	<Point X="227" Y="121" T="undefined" />
	<Point X="222" Y="121" T="undefined" />
	<Point X="215" Y="121" T="undefined" />
	<Point X="209" Y="121" T="undefined" />
	<Point X="205" Y="121" T="undefined" />
	<Point X="200" Y="122" T="undefined" />
	<Point X="195" Y="124" T="undefined" />
	<Point X="191" Y="125" T="undefined" />
	<Point X="187" Y="127" T="undefined" />
	<Point X="183" Y="128" T="undefined" />
	<Point X="178" Y="131" T="undefined" />
	<Point X="176" Y="132" T="undefined" />
	<Point X="171" Y="135" T="undefined" />
	<Point X="168" Y="138" T="undefined" />
	<Point X="165" Y="141" T="undefined" />
	<Point X="162" Y="145" T="undefined" />
	<Point X="159" Y="148" T="undefined" />
	<Point X="156" Y="152" T="undefined" />
	<Point X="153" Y="156" T="undefined" />
	<Point X="151" Y="160" T="undefined" />
	<Point X="148" Y="165" T="undefined" />
	<Point X="145" Y="169" T="undefined" />
	<Point X="143" Y="173" T="undefined" />
	<Point X="141" Y="177" T="undefined" />
	<Point X="138" Y="183" T="undefined" />
	<Point X="136" Y="187" T="undefined" />
	<Point X="133" Y="193" T="undefined" />
	<Point X="131" Y="198" T="undefined" />
	<Point X="129" Y="202" T="undefined" />
	<Point X="127" Y="207" T="undefined" />
	<Point X="125" Y="213" T="undefined" />
	<Point X="124" Y="219" T="undefined" />
	<Point X="123" Y="223" T="undefined" />
	<Point X="121" Y="230" T="undefined" />
	<Point X="120" Y="235" T="undefined" />
	<Point X="119" Y="240" T="undefined" />
	<Point X="118" Y="245" T="undefined" />
	<Point X="117" Y="251" T="undefined" />
	<Point X="116" Y="256" T="undefined" />
	<Point X="115" Y="261" T="undefined" />
	<Point X="115" Y="266" T="undefined" />
	<Point X="114" Y="272" T="undefined" />
	<Point X="114" Y="277" T="undefined" />
	<Point X="114" Y="282" T="undefined" />
	<Point X="114" Y="287" T="undefined" />
	<Point X="114" Y="292" T="undefined" />
	<Point X="114" Y="297" T="undefined" />
	<Point X="114" Y="301" T="undefined" />
	<Point X="115" Y="306" T="undefined" />
	<Point X="115" Y="309" T="undefined" />
	<Point X="117" Y="315" T="undefined" />
	<Point X="119" Y="318" T="undefined" />
	<Point X="121" Y="323" T="undefined" />
	<Point X="123" Y="326" T="undefined" />
	<Point X="125" Y="330" T="undefined" />
	<Point X="128" Y="333" T="undefined" />
	<Point X="131" Y="336" T="undefined" />
	<Point X="134" Y="339" T="undefined" />
	<Point X="137" Y="342" T="undefined" />
	<Point X="140" Y="345" T="undefined" />
	<Point X="144" Y="347" T="undefined" />
	<Point X="147" Y="350" T="undefined" />
	<Point X="151" Y="352" T="undefined" />
	<Point X="155" Y="354" T="undefined" />
	<Point X="160" Y="357" T="undefined" />
	<Point X="165" Y="359" T="undefined" />
	<Point X="169" Y="361" T="undefined" />
	<Point X="174" Y="364" T="undefined" />
	<Point X="180" Y="365" T="undefined" />
	<Point X="186" Y="367" T="undefined" />
	<Point X="191" Y="368" T="undefined" />
	<Point X="197" Y="370" T="undefined" />
	<Point X="203" Y="371" T="undefined" />
	<Point X="209" Y="372" T="undefined" />
	<Point X="215" Y="373" T="undefined" />
	<Point X="222" Y="373" T="undefined" />
	<Point X="227" Y="374" T="undefined" />
	<Point X="234" Y="374" T="undefined" />
	<Point X="242" Y="374" T="undefined" />
	<Point X="247" Y="374" T="undefined" />
	<Point X="255" Y="374" T="undefined" />
	<Point X="262" Y="372" T="undefined" />
	<Point X="271" Y="370" T="undefined" />
	<Point X="279" Y="369" T="undefined" />
	<Point X="286" Y="367" T="undefined" />
	<Point X="293" Y="365" T="undefined" />
	<Point X="300" Y="363" T="undefined" />
	<Point X="308" Y="360" T="undefined" />
	<Point X="312" Y="358" T="undefined" />
	<Point X="321" Y="355" T="undefined" />
	<Point X="326" Y="353" T="undefined" />
	<Point X="333" Y="350" T="undefined" />
	<Point X="338" Y="348" T="undefined" />
	<Point X="344" Y="344" T="undefined" />
	<Point X="349" Y="341" T="undefined" />
	<Point X="354" Y="338" T="undefined" />
	<Point X="358" Y="334" T="undefined" />
	<Point X="362" Y="331" T="undefined" />
	<Point X="366" Y="327" T="undefined" />
	<Point X="369" Y="323" T="undefined" />
	<Point X="372" Y="319" T="undefined" />
	<Point X="375" Y="315" T="undefined" />
	<Point X="378" Y="311" T="undefined" />
	<Point X="380" Y="307" T="undefined" />
	<Point X="381" Y="301" T="undefined" />
	<Point X="383" Y="297" T="undefined" />
	<Point X="384" Y="291" T="undefined" />
	<Point X="384" Y="286" T="undefined" />
	<Point X="385" Y="280" T="undefined" />
	<Point X="385" Y="273" T="undefined" />
	<Point X="385" Y="266" T="undefined" />
	<Point X="385" Y="260" T="undefined" />
	<Point X="385" Y="255" T="undefined" />
	<Point X="384" Y="250" T="undefined" />
	<Point X="383" Y="243" T="undefined" />
	<Point X="382" Y="238" T="undefined" />
	<Point X="380" Y="231" T="undefined" />
	<Point X="379" Y="226" T="undefined" />
	<Point X="379" Y="221" T="undefined" />
	<Point X="377" Y="215" T="undefined" />
	<Point X="376" Y="209" T="undefined" />
	<Point X="374" Y="205" T="undefined" />
	<Point X="372" Y="199" T="undefined" />
	<Point X="370" Y="195" T="undefined" />
	<Point X="369" Y="190" T="undefined" />
	<Point X="367" Y="186" T="undefined" />
	<Point X="365" Y="182" T="undefined" />
	<Point X="363" Y="178" T="undefined" />
	<Point X="362" Y="175" T="undefined" />
	<Point X="359" Y="171" T="undefined" />
	<Point X="357" Y="167" T="undefined" />
	<Point X="355" Y="165" T="undefined" />
	<Point X="353" Y="162" T="undefined" />
	<Point X="351" Y="159" T="undefined" />
	<Point X="348" Y="157" T="undefined" />
	<Point X="346" Y="154" T="undefined" />
	<Point X="344" Y="152" T="undefined" />
	<Point X="342" Y="150" T="undefined" />
	<Point X="340" Y="149" T="undefined" />
	<Point X="338" Y="147" T="undefined" />
	<Point X="336" Y="146" T="undefined" />
	<Point X="333" Y="143" T="undefined" />
	<Point X="331" Y="142" T="undefined" />
	<Point X="329" Y="141" T="undefined" />
	<Point X="326" Y="139" T="undefined" />
	<Point X="324" Y="138" T="undefined" />
	<Point X="322" Y="137" T="undefined" />
	<Point X="320" Y="136" T="undefined" />
	<Point X="317" Y="135" T="undefined" />
	<Point X="315" Y="134" T="undefined" />
	<Point X="313" Y="133" T="undefined" />
	<Point X="311" Y="133" T="undefined" />
	<Point X="308" Y="132" T="undefined" />
	<Point X="306" Y="131" T="undefined" />
	<Point X="304" Y="130" T="undefined" />
	<Point X="302" Y="130" T="undefined" />
	<Point X="300" Y="129" T="undefined" />
	<Point X="298" Y="128" T="undefined" />
	<Point X="296" Y="128" T="undefined" />
	<Point X="295" Y="126" T="undefined" />
	<Point X="293" Y="126" T="undefined" />
	<Point X="292" Y="125" T="undefined" />
	<Point X="291" Y="125" T="undefined" />
	<Point X="290" Y="124" T="undefined" />
	<Point X="289" Y="124" T="undefined" />
	<Point X="288" Y="123" T="undefined" />
</Gesture>