<?xml version="1.0" encoding="utf-8" standalone="yes"?>
<Gesture Name="Circle7" NumPts="204">
	<Point X="299" Y="159" T="undefined" />
	<Point X="298" Y="159" T="undefined" />
	<Point X="298" Y="158" T="undefined" />
	<Point X="297" Y="158" T="undefined" />
	<Point X="296" Y="157" T="undefined" />
	<Point X="295" Y="157" T="undefined" />
	<Point X="292" Y="156" T="undefined" />
	<Point X="291" Y="156" T="undefined" />
	<Point X="288" Y="156" T="undefined" />
	<Point X="284" Y="155" T="undefined" />
	<Point X="281" Y="155" T="undefined" />
	<Point X="278" Y="155" T="undefined" />
	<Point X="272" Y="154" T="undefined" />
	<Point X="269" Y="154" T="undefined" />
	<Point X="263" Y="154" T="undefined" />
	<Point X="258" Y="153" T="undefined" />
	<Point X="254" Y="153" T="undefined" />
	<Point X="246" Y="153" T="undefined" />
	<Point X="242" Y="153" T="undefined" />
	<Point X="236" Y="153" T="undefined" />
	<Point X="230" Y="153" T="undefined" />
	<Point X="226" Y="153" T="undefined" />
	<Point X="220" Y="154" T="undefined" />
	<Point X="216" Y="155" T="undefined" />
	<Point X="212" Y="155" T="undefined" />
	<Point X="207" Y="157" T="undefined" />
	<Point X="203" Y="158" T="undefined" />
	<Point X="199" Y="160" T="undefined" />
	<Point X="196" Y="162" T="undefined" />
	<Point X="191" Y="163" T="undefined" />
	<Point X="188" Y="165" T="undefined" />
	<Point X="185" Y="167" T="undefined" />
	<Point X="182" Y="169" T="undefined" />
	<Point X="178" Y="172" T="undefined" />
	<Point X="175" Y="174" T="undefined" />
	<Point X="171" Y="176" T="undefined" />
	<Point X="169" Y="178" T="undefined" />
	<Point X="166" Y="182" T="undefined" />
	<Point X="163" Y="184" T="undefined" />
	<Point X="160" Y="189" T="undefined" />
	<Point X="158" Y="191" T="undefined" />
	<Point X="154" Y="196" T="undefined" />
	<Point X="151" Y="200" T="undefined" />
	<Point X="149" Y="204" T="undefined" />
	<Point X="146" Y="209" T="undefined" />
	<Point X="143" Y="214" T="undefined" />
	<Point X="140" Y="220" T="undefined" />
	<Point X="138" Y="224" T="undefined" />
	<Point X="135" Y="230" T="undefined" />
	<Point X="132" Y="237" T="undefined" />
	<Point X="130" Y="242" T="undefined" />
	<Point X="128" Y="249" T="undefined" />
	<Point X="126" Y="253" T="undefined" />
	<Point X="126" Y="260" T="undefined" />
	<Point X="125" Y="265" T="undefined" />
	<Point X="124" Y="270" T="undefined" />
	<Point X="123" Y="276" T="undefined" />
	<Point X="123" Y="281" T="undefined" />
	<Point X="123" Y="285" T="undefined" />
	<Point X="123" Y="290" T="undefined" />
	<Point X="123" Y="295" T="undefined" />
	<Point X="123" Y="300" T="undefined" />
	<Point X="124" Y="304" T="undefined" />
	<Point X="125" Y="310" T="undefined" />
	<Point X="125" Y="314" T="undefined" />
	<Point X="127" Y="318" T="undefined" />
	<Point X="128" Y="322" T="undefined" />
	<Point X="129" Y="328" T="undefined" />
	<Point X="131" Y="331" T="undefined" />
	<Point X="133" Y="336" T="undefined" />
	<Point X="136" Y="341" T="undefined" />
	<Point X="138" Y="345" T="undefined" />
	<Point X="140" Y="350" T="undefined" />
	<Point X="143" Y="354" T="undefined" />
	<Point X="146" Y="359" T="undefined" />
	<Point X="149" Y="364" T="undefined" />
	<Point X="153" Y="368" T="undefined" />
	<Point X="157" Y="372" T="undefined" />
	<Point X="163" Y="376" T="undefined" />
	<Point X="167" Y="380" T="undefined" />
	<Point X="173" Y="385" T="undefined" />
	<Point X="177" Y="387" T="undefined" />
	<Point X="184" Y="391" T="undefined" />
	<Point X="188" Y="393" T="undefined" />
	<Point X="195" Y="395" T="undefined" />
	<Point X="201" Y="398" T="undefined" />
	<Point X="208" Y="400" T="undefined" />
	<Point X="214" Y="402" T="undefined" />
	<Point X="221" Y="404" T="undefined" />
	<Point X="228" Y="406" T="undefined" />
	<Point X="235" Y="406" T="undefined" />
	<Point X="242" Y="407" T="undefined" />
	<Point X="248" Y="407" T="undefined" />
	<Point X="255" Y="407" T="undefined" />
	<Point X="263" Y="407" T="undefined" />
	<Point X="270" Y="407" T="undefined" />
	<Point X="279" Y="406" T="undefined" />
	<Point X="286" Y="404" T="undefined" />
	<Point X="294" Y="402" T="undefined" />
	<Point X="300" Y="400" T="undefined" />
	<Point X="306" Y="397" T="undefined" />
	<Point X="313" Y="394" T="undefined" />
	<Point X="317" Y="393" T="undefined" />
	<Point X="323" Y="389" T="undefined" />
	<Point X="329" Y="385" T="undefined" />
	<Point X="334" Y="381" T="undefined" />
	<Point X="340" Y="377" T="undefined" />
	<Point X="343" Y="374" T="undefined" />
	<Point X="348" Y="370" T="undefined" />
	<Point X="353" Y="365" T="undefined" />
	<Point X="356" Y="363" T="undefined" />
	<Point X="359" Y="359" T="undefined" />
	<Point X="362" Y="356" T="undefined" />
	<Point X="365" Y="353" T="undefined" />
	<Point X="367" Y="349" T="undefined" />
	<Point X="369" Y="346" T="undefined" />
	<Point X="371" Y="342" T="undefined" />
	<Point X="373" Y="339" T="undefined" />
	<Point X="375" Y="334" T="undefined" />
	<Point X="377" Y="329" T="undefined" />
	<Point X="378" Y="326" T="undefined" />
	<Point X="379" Y="321" T="undefined" />
	<Point X="380" Y="315" T="undefined" />
	<Point X="380" Y="311" T="undefined" />
	<Point X="381" Y="307" T="undefined" />
	<Point X="381" Y="303" T="undefined" />
	<Point X="381" Y="298" T="undefined" />
	<Point X="381" Y="293" T="undefined" />
	<Point X="381" Y="289" T="undefined" />
	<Point X="380" Y="285" T="undefined" />
	<Point X="379" Y="280" T="undefined" />
	<Point X="379" Y="276" T="undefined" />
	<Point X="378" Y="272" T="undefined" />
	<Point X="377" Y="268" T="undefined" />
	<Point X="375" Y="265" T="undefined" />
	<Point X="374" Y="261" T="undefined" />
	<Point X="373" Y="258" T="undefined" />
	<Point X="372" Y="255" T="undefined" />
	<Point X="371" Y="252" T="undefined" />
	<Point X="370" Y="249" T="undefined" />
	<Point X="369" Y="245" T="undefined" />
	<Point X="367" Y="242" T="undefined" />
	<Point X="366" Y="239" T="undefined" />
	<Point X="365" Y="236" T="undefined" />
	<Point X="363" Y="234" T="undefined" />
	<Point X="362" Y="231" T="undefined" />
	<Point X="361" Y="228" T="undefined" />
	<Point X="359" Y="226" T="undefined" />
	<Point X="358" Y="223" T="undefined" />
	<Point X="356" Y="221" T="undefined" />
	<Point X="354" Y="219" T="undefined" />
	<Point X="353" Y="216" T="undefined" />
	<Point X="351" Y="214" T="undefined" />
	<Point X="350" Y="212" T="undefined" />
	<Point X="348" Y="210" T="undefined" />
	<Point X="346" Y="208" T="undefined" />
	<Point X="344" Y="206" T="undefined" />
	<Point X="342" Y="203" T="undefined" />
	<Point X="340" Y="201" T="undefined" />
	<Point X="339" Y="199" T="undefined" />
	<Point X="337" Y="198" T="undefined" />
	<Point X="336" Y="196" T="undefined" />
	<Point X="333" Y="194" T="undefined" />
	<Point X="332" Y="193" T="undefined" />
	<Point X="330" Y="191" T="undefined" />
	<Point X="329" Y="189" T="undefined" />
	<Point X="328" Y="187" T="undefined" />
	<Point X="327" Y="185" T="undefined" />
	<Point X="326" Y="183" T="undefined" />
	<Point X="325" Y="182" T="undefined" />
	<Point X="324" Y="180" T="undefined" />
	<Point X="323" Y="179" T="undefined" />
	<Point X="322" Y="178" T="undefined" />
	<Point X="321" Y="176" T="undefined" />
	<Point X="321" Y="175" T="undefined" />
	<Point X="320" Y="174" T="undefined" />
	<Point X="319" Y="173" T="undefined" />
	<Point X="318" Y="172" T="undefined" />
	<Point X="317" Y="171" T="undefined" />
	<Point X="317" Y="170" T="undefined" />
	<Point X="316" Y="170" T="undefined" />
	<Point X="316" Y="169" T="undefined" />
	<Point X="315" Y="169" T="undefined" />
	<Point X="315" Y="168" T="undefined" />
	<Point X="314" Y="168" T="undefined" />
	<Point X="314" Y="167" T="undefined" />
	<Point X="313" Y="166" T="undefined" />
	<Point X="312" Y="166" T="undefined" />
	<Point X="311" Y="165" T="undefined" />
	<Point X="310" Y="165" T="undefined" />
	<Point X="309" Y="165" T="undefined" />
	<Point X="308" Y="164" T="undefined" />
	<Point X="307" Y="164" T="undefined" />
	<Point X="306" Y="163" T="undefined" />
	<Point X="305" Y="162" T="undefined" />
	<Point X="304" Y="162" T="undefined" />
	<Point X="304" Y="161" T="undefined" />
	<Point X="303" Y="161" T="undefined" />
	<Point X="303" Y="160" T="undefined" />
	<Point X="302" Y="160" T="undefined" />
	<Point X="301" Y="160" T="undefined" />
	<Point X="301" Y="159" T="undefined" />
	<Point X="300" Y="159" T="undefined" />
	<Point X="300" Y="158" T="undefined" />
</Gesture>