<?xml version="1.0" encoding="utf-8" standalone="yes"?>
<Gesture Name="Circle2" NumPts="297">
	<Point X="312" Y="151" T="undefined" />
	<Point X="312" Y="150" T="undefined" />
	<Point X="311" Y="150" T="undefined" />
	<Point X="311" Y="149" T="undefined" />
	<Point X="309" Y="148" T="undefined" />
	<Point X="308" Y="148" T="undefined" />
	<Point X="305" Y="147" T="undefined" />
	<Point X="304" Y="146" T="undefined" />
	<Point X="301" Y="145" T="undefined" />
	<Point X="299" Y="145" T="undefined" />
	<Point X="296" Y="144" T="undefined" />
	<Point X="294" Y="144" T="undefined" />
	<Point X="291" Y="143" T="undefined" />
	<Point X="288" Y="142" T="undefined" />
	<Point X="284" Y="141" T="undefined" />
	<Point X="282" Y="140" T="undefined" />
	<Point X="277" Y="140" T="undefined" />
	<Point X="274" Y="139" T="undefined" />
	<Point X="271" Y="138" T="undefined" />
	<Point X="267" Y="137" T="undefined" />
	<Point X="264" Y="137" T="undefined" />
	<Point X="260" Y="136" T="undefined" />
	<Point X="257" Y="136" T="undefined" />
	<Point X="254" Y="136" T="undefined" />
	<Point X="251" Y="135" T="undefined" />
	<Point X="247" Y="135" T="undefined" />
	<Point X="244" Y="135" T="undefined" />
	<Point X="241" Y="135" T="undefined" />
	<Point X="238" Y="135" T="undefined" />
	<Point X="235" Y="135" T="undefined" />
	<Point X="232" Y="135" T="undefined" />
	<Point X="229" Y="135" T="undefined" />
	<Point X="226" Y="135" T="undefined" />
	<Point X="223" Y="135" T="undefined" />
	<Point X="221" Y="135" T="undefined" />
	<Point X="219" Y="135" T="undefined" />
	<Point X="216" Y="135" T="undefined" />
	<Point X="214" Y="135" T="undefined" />
	<Point X="213" Y="135" T="undefined" />
	<Point X="212" Y="136" T="undefined" />
	<Point X="209" Y="136" T="undefined" />
	<Point X="208" Y="136" T="undefined" />
	<Point X="206" Y="137" T="undefined" />
	<Point X="204" Y="138" T="undefined" />
	<Point X="201" Y="138" T="undefined" />
	<Point X="199" Y="139" T="undefined" />
	<Point X="196" Y="140" T="undefined" />
	<Point X="193" Y="140" T="undefined" />
	<Point X="190" Y="142" T="undefined" />
	<Point X="188" Y="143" T="undefined" />
	<Point X="185" Y="144" T="undefined" />
	<Point X="182" Y="145" T="undefined" />
	<Point X="180" Y="147" T="undefined" />
	<Point X="177" Y="148" T="undefined" />
	<Point X="174" Y="149" T="undefined" />
	<Point X="171" Y="151" T="undefined" />
	<Point X="168" Y="153" T="undefined" />
	<Point X="165" Y="155" T="undefined" />
	<Point X="162" Y="157" T="undefined" />
	<Point X="160" Y="159" T="undefined" />
	<Point X="156" Y="161" T="undefined" />
	<Point X="154" Y="164" T="undefined" />
	<Point X="151" Y="166" T="undefined" />
	<Point X="149" Y="169" T="undefined" />
	<Point X="146" Y="172" T="undefined" />
	<Point X="144" Y="174" T="undefined" />
	<Point X="141" Y="177" T="undefined" />
	<Point X="139" Y="181" T="undefined" />
	<Point X="137" Y="184" T="undefined" />
	<Point X="135" Y="187" T="undefined" />
	<Point X="134" Y="189" T="undefined" />
	<Point X="132" Y="192" T="undefined" />
	<Point X="130" Y="196" T="undefined" />
	<Point X="129" Y="199" T="undefined" />
	<Point X="128" Y="202" T="undefined" />
	<Point X="126" Y="205" T="undefined" />
	<Point X="126" Y="208" T="undefined" />
	<Point X="124" Y="211" T="undefined" />
	<Point X="124" Y="215" T="undefined" />
	<Point X="123" Y="218" T="undefined" />
	<Point X="123" Y="222" T="undefined" />
	<Point X="122" Y="226" T="undefined" />
	<Point X="122" Y="230" T="undefined" />
	<Point X="122" Y="233" T="undefined" />
	<Point X="122" Y="238" T="undefined" />
	<Point X="122" Y="241" T="undefined" />
	<Point X="122" Y="245" T="undefined" />
	<Point X="122" Y="250" T="undefined" />
	<Point X="123" Y="254" T="undefined" />
	<Point X="124" Y="260" T="undefined" />
	<Point X="125" Y="264" T="undefined" />
	<Point X="127" Y="269" T="undefined" />
	<Point X="128" Y="274" T="undefined" />
	<Point X="129" Y="278" T="undefined" />
	<Point X="131" Y="283" T="undefined" />
	<Point X="133" Y="288" T="undefined" />
	<Point X="135" Y="293" T="undefined" />
	<Point X="137" Y="297" T="undefined" />
	<Point X="139" Y="302" T="undefined" />
	<Point X="141" Y="306" T="undefined" />
	<Point X="143" Y="309" T="undefined" />
	<Point X="144" Y="313" T="undefined" />
	<Point X="145" Y="315" T="undefined" />
	<Point X="148" Y="319" T="undefined" />
	<Point X="149" Y="321" T="undefined" />
	<Point X="150" Y="324" T="undefined" />
	<Point X="152" Y="327" T="undefined" />
	<Point X="154" Y="330" T="undefined" />
	<Point X="157" Y="333" T="undefined" />
	<Point X="158" Y="335" T="undefined" />
	<Point X="160" Y="338" T="undefined" />
	<Point X="162" Y="340" T="undefined" />
	<Point X="164" Y="342" T="undefined" />
	<Point X="166" Y="344" T="undefined" />
	<Point X="168" Y="346" T="undefined" />
	<Point X="170" Y="348" T="undefined" />
	<Point X="172" Y="350" T="undefined" />
	<Point X="174" Y="352" T="undefined" />
	<Point X="176" Y="354" T="undefined" />
	<Point X="178" Y="355" T="undefined" />
	<Point X="181" Y="357" T="undefined" />
	<Point X="183" Y="359" T="undefined" />
	<Point X="187" Y="362" T="undefined" />
	<Point X="190" Y="364" T="undefined" />
	<Point X="194" Y="366" T="undefined" />
	<Point X="199" Y="368" T="undefined" />
	<Point X="203" Y="370" T="undefined" />
	<Point X="206" Y="371" T="undefined" />
	<Point X="209" Y="372" T="undefined" />
	<Point X="215" Y="374" T="undefined" />
	<Point X="218" Y="375" T="undefined" />
	<Point X="223" Y="375" T="undefined" />
	<Point X="227" Y="376" T="undefined" />
	<Point X="232" Y="377" T="undefined" />
	<Point X="237" Y="377" T="undefined" />
	<Point X="242" Y="377" T="undefined" />
	<Point X="246" Y="377" T="undefined" />
	<Point X="252" Y="377" T="undefined" />
	<Point X="256" Y="377" T="undefined" />
	<Point X="264" Y="376" T="undefined" />
	<Point X="268" Y="376" T="undefined" />
	<Point X="273" Y="374" T="undefined" />
	<Point X="279" Y="373" T="undefined" />
	<Point X="284" Y="372" T="undefined" />
	<Point X="289" Y="371" T="undefined" />
	<Point X="293" Y="371" T="undefined" />
	<Point X="297" Y="370" T="undefined" />
	<Point X="300" Y="368" T="undefined" />
	<Point X="304" Y="367" T="undefined" />
	<Point X="307" Y="366" T="undefined" />
	<Point X="309" Y="364" T="undefined" />
	<Point X="312" Y="363" T="undefined" />
	<Point X="314" Y="362" T="undefined" />
	<Point X="317" Y="360" T="undefined" />
	<Point X="320" Y="359" T="undefined" />
	<Point X="322" Y="358" T="undefined" />
	<Point X="325" Y="356" T="undefined" />
	<Point X="326" Y="355" T="undefined" />
	<Point X="330" Y="354" T="undefined" />
	<Point X="332" Y="352" T="undefined" />
	<Point X="334" Y="351" T="undefined" />
	<Point X="336" Y="350" T="undefined" />
	<Point X="338" Y="349" T="undefined" />
	<Point X="340" Y="347" T="undefined" />
	<Point X="342" Y="346" T="undefined" />
	<Point X="344" Y="345" T="undefined" />
	<Point X="346" Y="342" T="undefined" />
	<Point X="348" Y="341" T="undefined" />
	<Point X="350" Y="339" T="undefined" />
	<Point X="351" Y="337" T="undefined" />
	<Point X="353" Y="335" T="undefined" />
	<Point X="355" Y="334" T="undefined" />
	<Point X="357" Y="332" T="undefined" />
	<Point X="358" Y="330" T="undefined" />
	<Point X="360" Y="327" T="undefined" />
	<Point X="362" Y="325" T="undefined" />
	<Point X="363" Y="323" T="undefined" />
	<Point X="366" Y="321" T="undefined" />
	<Point X="367" Y="318" T="undefined" />
	<Point X="369" Y="316" T="undefined" />
	<Point X="371" Y="313" T="undefined" />
	<Point X="373" Y="311" T="undefined" />
	<Point X="374" Y="309" T="undefined" />
	<Point X="375" Y="306" T="undefined" />
	<Point X="377" Y="304" T="undefined" />
	<Point X="378" Y="302" T="undefined" />
	<Point X="378" Y="301" T="undefined" />
	<Point X="379" Y="299" T="undefined" />
	<Point X="380" Y="297" T="undefined" />
	<Point X="381" Y="296" T="undefined" />
	<Point X="382" Y="294" T="undefined" />
	<Point X="382" Y="292" T="undefined" />
	<Point X="383" Y="289" T="undefined" />
	<Point X="383" Y="287" T="undefined" />
	<Point X="384" Y="285" T="undefined" />
	<Point X="384" Y="283" T="undefined" />
	<Point X="384" Y="281" T="undefined" />
	<Point X="385" Y="279" T="undefined" />
	<Point X="385" Y="277" T="undefined" />
	<Point X="385" Y="275" T="undefined" />
	<Point X="385" Y="273" T="undefined" />
	<Point X="385" Y="272" T="undefined" />
	<Point X="385" Y="270" T="undefined" />
	<Point X="385" Y="268" T="undefined" />
	<Point X="385" Y="267" T="undefined" />
	<Point X="385" Y="265" T="undefined" />
	<Point X="385" Y="263" T="undefined" />
	<Point X="385" Y="261" T="undefined" />
	<Point X="385" Y="259" T="undefined" />
	<Point X="385" Y="257" T="undefined" />
	<Point X="385" Y="256" T="undefined" />
	<Point X="385" Y="254" T="undefined" />
	<Point X="385" Y="251" T="undefined" />
	<Point X="385" Y="250" T="undefined" />
	<Point X="385" Y="248" T="undefined" />
	<Point X="385" Y="246" T="undefined" />
	<Point X="384" Y="244" T="undefined" />
	<Point X="384" Y="243" T="undefined" />
	<Point X="384" Y="241" T="undefined" />
	<Point X="383" Y="240" T="undefined" />
	<Point X="383" Y="238" T="undefined" />
	<Point X="383" Y="235" T="undefined" />
	<Point X="382" Y="233" T="undefined" />
	<Point X="382" Y="231" T="undefined" />
	<Point X="381" Y="230" T="undefined" />
	<Point X="380" Y="227" T="undefined" />
	<Point X="380" Y="225" T="undefined" />
	<Point X="379" Y="223" T="undefined" />
	<Point X="379" Y="222" T="undefined" />
	<Point X="378" Y="219" T="undefined" />
	<Point X="377" Y="217" T="undefined" />
	<Point X="376" Y="215" T="undefined" />
	<Point X="376" Y="214" T="undefined" />
	<Point X="375" Y="212" T="undefined" />
	<Point X="374" Y="210" T="undefined" />
	<Point X="374" Y="209" T="undefined" />
	<Point X="373" Y="207" T="undefined" />
	<Point X="372" Y="206" T="undefined" />
	<Point X="371" Y="203" T="undefined" />
	<Point X="371" Y="202" T="undefined" />
	<Point X="370" Y="201" T="undefined" />
	<Point X="369" Y="199" T="undefined" />
	<Point X="368" Y="198" T="undefined" />
	<Point X="368" Y="197" T="undefined" />
	<Point X="367" Y="195" T="undefined" />
	<Point X="366" Y="193" T="undefined" />
	<Point X="365" Y="191" T="undefined" />
	<Point X="363" Y="189" T="undefined" />
	<Point X="363" Y="187" T="undefined" />
	<Point X="362" Y="185" T="undefined" />
	<Point X="360" Y="184" T="undefined" />
	<Point X="359" Y="183" T="undefined" />
	<Point X="359" Y="182" T="undefined" />
	<Point X="358" Y="181" T="undefined" />
	<Point X="357" Y="180" T="undefined" />
	<Point X="356" Y="179" T="undefined" />
	<Point X="355" Y="178" T="undefined" />
	<Point X="354" Y="176" T="undefined" />
	<Point X="352" Y="175" T="undefined" />
	<Point X="352" Y="174" T="undefined" />
	<Point X="351" Y="173" T="undefined" />
	<Point X="350" Y="172" T="undefined" />
	<Point X="349" Y="172" T="undefined" />
	<Point X="349" Y="171" T="undefined" />
	<Point X="347" Y="170" T="undefined" />
	<Point X="346" Y="170" T="undefined" />
	<Point X="346" Y="169" T="undefined" />
	<Point X="345" Y="168" T="undefined" />
	<Point X="343" Y="167" T="undefined" />
	<Point X="342" Y="166" T="undefined" />
	<Point X="342" Y="165" T="undefined" />
	<Point X="341" Y="165" T="undefined" />
	<Point X="339" Y="164" T="undefined" />
	<Point X="339" Y="163" T="undefined" />
	<Point X="338" Y="162" T="undefined" />
	<Point X="336" Y="161" T="undefined" />
	<Point X="335" Y="160" T="undefined" />
	<Point X="334" Y="160" T="undefined" />
	<Point X="334" Y="159" T="undefined" />
	<Point X="333" Y="159" T="undefined" />
	<Point X="332" Y="158" T="undefined" />
	<Point X="331" Y="157" T="undefined" />
	<Point X="330" Y="156" T="undefined" />
	<Point X="329" Y="155" T="undefined" />
	<Point X="328" Y="155" T="undefined" />
	<Point X="327" Y="154" T="undefined" />
	<Point X="326" Y="153" T="undefined" />
	<Point X="325" Y="153" T="undefined" />
	<Point X="325" Y="152" T="undefined" />
	<Point X="323" Y="151" T="undefined" />
	<Point X="322" Y="151" T="undefined" />
	<Point X="322" Y="150" T="undefined" />
	<Point X="322" Y="149" T="undefined" />
	<Point X="321" Y="149" T="undefined" />
	<Point X="320" Y="149" T="undefined" />
	<Point X="320" Y="148" T="undefined" />
	<Point X="319" Y="148" T="undefined" />
</Gesture>