<?xml version="1.0" encoding="utf-8" standalone="yes"?>
<Gesture Name="Circle8" NumPts="155">
	<Point X="299" Y="139" T="undefined" />
	<Point X="297" Y="138" T="undefined" />
	<Point X="295" Y="137" T="undefined" />
	<Point X="293" Y="136" T="undefined" />
	<Point X="291" Y="136" T="undefined" />
	<Point X="288" Y="135" T="undefined" />
	<Point X="285" Y="135" T="undefined" />
	<Point X="284" Y="134" T="undefined" />
	<Point X="282" Y="134" T="undefined" />
	<Point X="280" Y="134" T="undefined" />
	<Point X="278" Y="134" T="undefined" />
	<Point X="275" Y="134" T="undefined" />
	<Point X="273" Y="134" T="undefined" />
	<Point X="271" Y="134" T="undefined" />
	<Point X="267" Y="135" T="undefined" />
	<Point X="263" Y="136" T="undefined" />
	<Point X="260" Y="137" T="undefined" />
	<Point X="255" Y="138" T="undefined" />
	<Point X="252" Y="139" T="undefined" />
	<Point X="248" Y="141" T="undefined" />
	<Point X="243" Y="144" T="undefined" />
	<Point X="238" Y="147" T="undefined" />
	<Point X="233" Y="149" T="undefined" />
	<Point X="228" Y="153" T="undefined" />
	<Point X="223" Y="156" T="undefined" />
	<Point X="218" Y="161" T="undefined" />
	<Point X="213" Y="165" T="undefined" />
	<Point X="210" Y="168" T="undefined" />
	<Point X="206" Y="171" T="undefined" />
	<Point X="202" Y="176" T="undefined" />
	<Point X="199" Y="180" T="undefined" />
	<Point X="195" Y="184" T="undefined" />
	<Point X="192" Y="188" T="undefined" />
	<Point X="188" Y="194" T="undefined" />
	<Point X="185" Y="199" T="undefined" />
	<Point X="181" Y="206" T="undefined" />
	<Point X="179" Y="210" T="undefined" />
	<Point X="177" Y="215" T="undefined" />
	<Point X="174" Y="221" T="undefined" />
	<Point X="171" Y="228" T="undefined" />
	<Point X="169" Y="233" T="undefined" />
	<Point X="168" Y="239" T="undefined" />
	<Point X="167" Y="242" T="undefined" />
	<Point X="166" Y="248" T="undefined" />
	<Point X="166" Y="253" T="undefined" />
	<Point X="165" Y="258" T="undefined" />
	<Point X="165" Y="263" T="undefined" />
	<Point X="165" Y="267" T="undefined" />
	<Point X="165" Y="272" T="undefined" />
	<Point X="165" Y="277" T="undefined" />
	<Point X="168" Y="284" T="undefined" />
	<Point X="168" Y="287" T="undefined" />
	<Point X="171" Y="293" T="undefined" />
	<Point X="174" Y="299" T="undefined" />
	<Point X="178" Y="304" T="undefined" />
	<Point X="182" Y="310" T="undefined" />
	<Point X="188" Y="315" T="undefined" />
	<Point X="192" Y="318" T="undefined" />
	<Point X="198" Y="322" T="undefined" />
	<Point X="204" Y="326" T="undefined" />
	<Point X="211" Y="330" T="undefined" />
	<Point X="218" Y="333" T="undefined" />
	<Point X="224" Y="336" T="undefined" />
	<Point X="230" Y="339" T="undefined" />
	<Point X="236" Y="340" T="undefined" />
	<Point X="245" Y="343" T="undefined" />
	<Point X="249" Y="345" T="undefined" />
	<Point X="256" Y="346" T="undefined" />
	<Point X="264" Y="347" T="undefined" />
	<Point X="269" Y="347" T="undefined" />
	<Point X="277" Y="347" T="undefined" />
	<Point X="285" Y="347" T="undefined" />
	<Point X="292" Y="347" T="undefined" />
	<Point X="297" Y="346" T="undefined" />
	<Point X="307" Y="344" T="undefined" />
	<Point X="313" Y="342" T="undefined" />
	<Point X="320" Y="340" T="undefined" />
	<Point X="329" Y="338" T="undefined" />
	<Point X="335" Y="336" T="undefined" />
	<Point X="341" Y="334" T="undefined" />
	<Point X="346" Y="331" T="undefined" />
	<Point X="351" Y="330" T="undefined" />
	<Point X="356" Y="327" T="undefined" />
	<Point X="360" Y="324" T="undefined" />
	<Point X="363" Y="322" T="undefined" />
	<Point X="366" Y="319" T="undefined" />
	<Point X="369" Y="316" T="undefined" />
	<Point X="371" Y="313" T="undefined" />
	<Point X="373" Y="308" T="undefined" />
	<Point X="375" Y="304" T="undefined" />
	<Point X="376" Y="300" T="undefined" />
	<Point X="378" Y="294" T="undefined" />
	<Point X="379" Y="290" T="undefined" />
	<Point X="380" Y="284" T="undefined" />
	<Point X="381" Y="278" T="undefined" />
	<Point X="381" Y="271" T="undefined" />
	<Point X="381" Y="268" T="undefined" />
	<Point X="382" Y="263" T="undefined" />
	<Point X="382" Y="257" T="undefined" />
	<Point X="382" Y="251" T="undefined" />
	<Point X="382" Y="247" T="undefined" />
	<Point X="381" Y="240" T="undefined" />
	<Point X="381" Y="237" T="undefined" />
	<Point X="380" Y="232" T="undefined" />
	<Point X="380" Y="228" T="undefined" />
	<Point X="378" Y="224" T="undefined" />
	<Point X="377" Y="220" T="undefined" />
	<Point X="376" Y="216" T="undefined" />
	<Point X="374" Y="213" T="undefined" />
	<Point X="373" Y="209" T="undefined" />
	<Point X="371" Y="205" T="undefined" />
	<Point X="370" Y="202" T="undefined" />
	<Point X="367" Y="198" T="undefined" />
	<Point X="365" Y="195" T="undefined" />
	<Point X="363" Y="191" T="undefined" />
	<Point X="361" Y="188" T="undefined" />
	<Point X="359" Y="184" T="undefined" />
	<Point X="357" Y="181" T="undefined" />
	<Point X="355" Y="178" T="undefined" />
	<Point X="353" Y="176" T="undefined" />
	<Point X="350" Y="173" T="undefined" />
	<Point X="348" Y="171" T="undefined" />
	<Point X="346" Y="169" T="undefined" />
	<Point X="344" Y="168" T="undefined" />
	<Point X="342" Y="167" T="undefined" />
	<Point X="341" Y="165" T="undefined" />
	<Point X="339" Y="164" T="undefined" />
	<Point X="337" Y="163" T="undefined" />
	<Point X="336" Y="162" T="undefined" />
	<Point X="334" Y="161" T="undefined" />
	<Point X="332" Y="159" T="undefined" />
	<Point X="330" Y="158" T="undefined" />
	<Point X="328" Y="156" T="undefined" />
	<Point X="327" Y="155" T="undefined" />
	<Point X="324" Y="154" T="undefined" />
	<Point X="323" Y="153" T="undefined" />
	<Point X="320" Y="152" T="undefined" />
	<Point X="318" Y="151" T="undefined" />
	<Point X="316" Y="151" T="undefined" />
	<Point X="313" Y="149" T="undefined" />
	<Point X="312" Y="149" T="undefined" />
	<Point X="311" Y="149" T="undefined" />
	<Point X="309" Y="148" T="undefined" />
	<Point X="308" Y="147" T="undefined" />
	<Point X="306" Y="147" T="undefined" />
	<Point X="305" Y="146" T="undefined" />
	<Point X="304" Y="145" T="undefined" />
	<Point X="303" Y="145" T="undefined" />
	<Point X="301" Y="144" T="undefined" />
	<Point X="300" Y="143" T="undefined" />
	<Point X="299" Y="143" T="undefined" />
	<Point X="299" Y="142" T="undefined" />
	<Point X="298" Y="141" T="undefined" />
	<Point X="297" Y="141" T="undefined" />
	<Point X="297" Y="140" T="undefined" />
</Gesture>