<?xml version="1.0" encoding="utf-8" standalone="yes"?>
<Gesture Name="Circle3" NumPts="270">
	<Point X="291" Y="143" T="undefined" />
	<Point X="290" Y="143" T="undefined" />
	<Point X="290" Y="142" T="undefined" />
	<Point X="288" Y="142" T="undefined" />
	<Point X="286" Y="142" T="undefined" />
	<Point X="283" Y="141" T="undefined" />
	<Point X="280" Y="141" T="undefined" />
	<Point X="277" Y="140" T="undefined" />
	<Point X="273" Y="140" T="undefined" />
	<Point X="269" Y="140" T="undefined" />
	<Point X="265" Y="140" T="undefined" />
	<Point X="261" Y="140" T="undefined" />
	<Point X="255" Y="140" T="undefined" />
	<Point X="250" Y="141" T="undefined" />
	<Point X="247" Y="141" T="undefined" />
	<Point X="242" Y="142" T="undefined" />
	<Point X="237" Y="143" T="undefined" />
	<Point X="232" Y="144" T="undefined" />
	<Point X="228" Y="145" T="undefined" />
	<Point X="223" Y="146" T="undefined" />
	<Point X="219" Y="148" T="undefined" />
	<Point X="215" Y="149" T="undefined" />
	<Point X="211" Y="151" T="undefined" />
	<Point X="207" Y="152" T="undefined" />
	<Point X="203" Y="154" T="undefined" />
	<Point X="200" Y="156" T="undefined" />
	<Point X="196" Y="158" T="undefined" />
	<Point X="193" Y="161" T="undefined" />
	<Point X="191" Y="163" T="undefined" />
	<Point X="188" Y="166" T="undefined" />
	<Point X="185" Y="169" T="undefined" />
	<Point X="183" Y="173" T="undefined" />
	<Point X="180" Y="175" T="undefined" />
	<Point X="176" Y="179" T="undefined" />
	<Point X="174" Y="182" T="undefined" />
	<Point X="172" Y="185" T="undefined" />
	<Point X="170" Y="188" T="undefined" />
	<Point X="167" Y="191" T="undefined" />
	<Point X="165" Y="194" T="undefined" />
	<Point X="163" Y="197" T="undefined" />
	<Point X="162" Y="200" T="undefined" />
	<Point X="159" Y="204" T="undefined" />
	<Point X="158" Y="207" T="undefined" />
	<Point X="157" Y="210" T="undefined" />
	<Point X="156" Y="214" T="undefined" />
	<Point X="155" Y="218" T="undefined" />
	<Point X="154" Y="221" T="undefined" />
	<Point X="154" Y="225" T="undefined" />
	<Point X="153" Y="229" T="undefined" />
	<Point X="153" Y="233" T="undefined" />
	<Point X="152" Y="236" T="undefined" />
	<Point X="151" Y="241" T="undefined" />
	<Point X="151" Y="244" T="undefined" />
	<Point X="151" Y="250" T="undefined" />
	<Point X="150" Y="254" T="undefined" />
	<Point X="150" Y="258" T="undefined" />
	<Point X="149" Y="262" T="undefined" />
	<Point X="149" Y="266" T="undefined" />
	<Point X="149" Y="270" T="undefined" />
	<Point X="148" Y="274" T="undefined" />
	<Point X="148" Y="278" T="undefined" />
	<Point X="148" Y="282" T="undefined" />
	<Point X="148" Y="285" T="undefined" />
	<Point X="147" Y="289" T="undefined" />
	<Point X="147" Y="291" T="undefined" />
	<Point X="147" Y="295" T="undefined" />
	<Point X="147" Y="299" T="undefined" />
	<Point X="147" Y="302" T="undefined" />
	<Point X="148" Y="305" T="undefined" />
	<Point X="148" Y="308" T="undefined" />
	<Point X="149" Y="311" T="undefined" />
	<Point X="150" Y="314" T="undefined" />
	<Point X="150" Y="318" T="undefined" />
	<Point X="151" Y="321" T="undefined" />
	<Point X="152" Y="324" T="undefined" />
	<Point X="153" Y="327" T="undefined" />
	<Point X="154" Y="330" T="undefined" />
	<Point X="154" Y="333" T="undefined" />
	<Point X="155" Y="335" T="undefined" />
	<Point X="157" Y="338" T="undefined" />
	<Point X="158" Y="340" T="undefined" />
	<Point X="159" Y="343" T="undefined" />
	<Point X="161" Y="346" T="undefined" />
	<Point X="163" Y="349" T="undefined" />
	<Point X="165" Y="351" T="undefined" />
	<Point X="167" Y="354" T="undefined" />
	<Point X="169" Y="356" T="undefined" />
	<Point X="171" Y="359" T="undefined" />
	<Point X="174" Y="361" T="undefined" />
	<Point X="177" Y="363" T="undefined" />
	<Point X="179" Y="366" T="undefined" />
	<Point X="182" Y="367" T="undefined" />
	<Point X="185" Y="369" T="undefined" />
	<Point X="188" Y="371" T="undefined" />
	<Point X="191" Y="372" T="undefined" />
	<Point X="194" Y="374" T="undefined" />
	<Point X="197" Y="376" T="undefined" />
	<Point X="200" Y="377" T="undefined" />
	<Point X="204" Y="378" T="undefined" />
	<Point X="208" Y="379" T="undefined" />
	<Point X="211" Y="380" T="undefined" />
	<Point X="216" Y="381" T="undefined" />
	<Point X="220" Y="381" T="undefined" />
	<Point X="225" Y="381" T="undefined" />
	<Point X="229" Y="382" T="undefined" />
	<Point X="234" Y="383" T="undefined" />
	<Point X="239" Y="384" T="undefined" />
	<Point X="244" Y="384" T="undefined" />
	<Point X="250" Y="386" T="undefined" />
	<Point X="253" Y="386" T="undefined" />
	<Point X="260" Y="387" T="undefined" />
	<Point X="265" Y="388" T="undefined" />
	<Point X="270" Y="389" T="undefined" />
	<Point X="275" Y="390" T="undefined" />
	<Point X="281" Y="390" T="undefined" />
	<Point X="286" Y="391" T="undefined" />
	<Point X="291" Y="391" T="undefined" />
	<Point X="295" Y="392" T="undefined" />
	<Point X="300" Y="392" T="undefined" />
	<Point X="304" Y="392" T="undefined" />
	<Point X="310" Y="392" T="undefined" />
	<Point X="315" Y="392" T="undefined" />
	<Point X="320" Y="392" T="undefined" />
	<Point X="325" Y="393" T="undefined" />
	<Point X="330" Y="393" T="undefined" />
	<Point X="334" Y="393" T="undefined" />
	<Point X="339" Y="393" T="undefined" />
	<Point X="343" Y="393" T="undefined" />
	<Point X="347" Y="393" T="undefined" />
	<Point X="350" Y="393" T="undefined" />
	<Point X="353" Y="393" T="undefined" />
	<Point X="355" Y="393" T="undefined" />
	<Point X="358" Y="391" T="undefined" />
	<Point X="360" Y="390" T="undefined" />
	<Point X="362" Y="389" T="undefined" />
	<Point X="365" Y="387" T="undefined" />
	<Point X="368" Y="386" T="undefined" />
	<Point X="372" Y="383" T="undefined" />
	<Point X="374" Y="382" T="undefined" />
	<Point X="377" Y="380" T="undefined" />
	<Point X="380" Y="378" T="undefined" />
	<Point X="382" Y="377" T="undefined" />
	<Point X="384" Y="374" T="undefined" />
	<Point X="386" Y="373" T="undefined" />
	<Point X="389" Y="370" T="undefined" />
	<Point X="392" Y="368" T="undefined" />
	<Point X="395" Y="365" T="undefined" />
	<Point X="397" Y="362" T="undefined" />
	<Point X="400" Y="358" T="undefined" />
	<Point X="401" Y="355" T="undefined" />
	<Point X="403" Y="352" T="undefined" />
	<Point X="405" Y="348" T="undefined" />
	<Point X="407" Y="344" T="undefined" />
	<Point X="409" Y="340" T="undefined" />
	<Point X="410" Y="337" T="undefined" />
	<Point X="413" Y="332" T="undefined" />
	<Point X="414" Y="329" T="undefined" />
	<Point X="415" Y="325" T="undefined" />
	<Point X="417" Y="321" T="undefined" />
	<Point X="418" Y="318" T="undefined" />
	<Point X="419" Y="316" T="undefined" />
	<Point X="419" Y="312" T="undefined" />
	<Point X="421" Y="309" T="undefined" />
	<Point X="421" Y="305" T="undefined" />
	<Point X="422" Y="303" T="undefined" />
	<Point X="422" Y="299" T="undefined" />
	<Point X="422" Y="295" T="undefined" />
	<Point X="423" Y="292" T="undefined" />
	<Point X="423" Y="288" T="undefined" />
	<Point X="423" Y="285" T="undefined" />
	<Point X="423" Y="281" T="undefined" />
	<Point X="423" Y="279" T="undefined" />
	<Point X="423" Y="276" T="undefined" />
	<Point X="423" Y="273" T="undefined" />
	<Point X="423" Y="270" T="undefined" />
	<Point X="423" Y="268" T="undefined" />
	<Point X="423" Y="265" T="undefined" />
	<Point X="422" Y="263" T="undefined" />
	<Point X="421" Y="261" T="undefined" />
	<Point X="420" Y="258" T="undefined" />
	<Point X="419" Y="255" T="undefined" />
	<Point X="419" Y="252" T="undefined" />
	<Point X="417" Y="249" T="undefined" />
	<Point X="416" Y="246" T="undefined" />
	<Point X="415" Y="242" T="undefined" />
	<Point X="413" Y="239" T="undefined" />
	<Point X="412" Y="236" T="undefined" />
	<Point X="410" Y="233" T="undefined" />
	<Point X="408" Y="230" T="undefined" />
	<Point X="408" Y="229" T="undefined" />
	<Point X="406" Y="225" T="undefined" />
	<Point X="405" Y="222" T="undefined" />
	<Point X="403" Y="219" T="undefined" />
	<Point X="402" Y="217" T="undefined" />
	<Point X="401" Y="215" T="undefined" />
	<Point X="399" Y="213" T="undefined" />
	<Point X="398" Y="210" T="undefined" />
	<Point X="396" Y="208" T="undefined" />
	<Point X="394" Y="206" T="undefined" />
	<Point X="393" Y="203" T="undefined" />
	<Point X="391" Y="201" T="undefined" />
	<Point X="389" Y="199" T="undefined" />
	<Point X="387" Y="196" T="undefined" />
	<Point X="385" Y="194" T="undefined" />
	<Point X="383" Y="192" T="undefined" />
	<Point X="382" Y="191" T="undefined" />
	<Point X="379" Y="188" T="undefined" />
	<Point X="378" Y="186" T="undefined" />
	<Point X="376" Y="185" T="undefined" />
	<Point X="374" Y="183" T="undefined" />
	<Point X="372" Y="181" T="undefined" />
	<Point X="370" Y="180" T="undefined" />
	<Point X="369" Y="178" T="undefined" />
	<Point X="368" Y="176" T="undefined" />
	<Point X="366" Y="174" T="undefined" />
	<Point X="364" Y="173" T="undefined" />
	<Point X="362" Y="171" T="undefined" />
	<Point X="360" Y="170" T="undefined" />
	<Point X="358" Y="168" T="undefined" />
	<Point X="357" Y="167" T="undefined" />
	<Point X="354" Y="165" T="undefined" />
	<Point X="353" Y="164" T="undefined" />
	<Point X="352" Y="163" T="undefined" />
	<Point X="350" Y="162" T="undefined" />
	<Point X="348" Y="161" T="undefined" />
	<Point X="346" Y="160" T="undefined" />
	<Point X="345" Y="159" T="undefined" />
	<Point X="343" Y="158" T="undefined" />
	<Point X="341" Y="157" T="undefined" />
	<Point X="340" Y="156" T="undefined" />
	<Point X="337" Y="155" T="undefined" />
	<Point X="336" Y="154" T="undefined" />
	<Point X="333" Y="153" T="undefined" />
	<Point X="331" Y="152" T="undefined" />
	<Point X="329" Y="151" T="undefined" />
	<Point X="327" Y="149" T="undefined" />
	<Point X="325" Y="148" T="undefined" />
	<Point X="323" Y="148" T="undefined" />
	<Point X="321" Y="147" T="undefined" />
	<Point X="320" Y="147" T="undefined" />
	<Point X="318" Y="146" T="undefined" />
	<Point X="316" Y="145" T="undefined" />
	<Point X="315" Y="145" T="undefined" />
	<Point X="313" Y="145" T="undefined" />
	<Point X="312" Y="145" T="undefined" />
	<Point X="311" Y="144" T="undefined" />
	<Point X="310" Y="144" T="undefined" />
	<Point X="308" Y="144" T="undefined" />
	<Point X="307" Y="144" T="undefined" />
	<Point X="306" Y="144" T="undefined" />
	<Point X="306" Y="143" T="undefined" />
	<Point X="304" Y="143" T="undefined" />
	<Point X="303" Y="143" T="undefined" />
	<Point X="302" Y="143" T="undefined" />
	<Point X="300" Y="142" T="undefined" />
	<Point X="299" Y="141" T="undefined" />
	<Point X="298" Y="141" T="undefined" />
	<Point X="296" Y="141" T="undefined" />
	<Point X="295" Y="141" T="undefined" />
	<Point X="294" Y="141" T="undefined" />
	<Point X="293" Y="141" T="undefined" />
	<Point X="292" Y="141" T="undefined" />
	<Point X="292" Y="140" T="undefined" />
	<Point X="291" Y="140" T="undefined" />
	<Point X="290" Y="140" T="undefined" />
	<Point X="289" Y="140" T="undefined" />
	<Point X="288" Y="140" T="undefined" />
	<Point X="287" Y="140" T="undefined" />
	<Point X="286" Y="140" T="undefined" />
	<Point X="285" Y="140" T="undefined" />
</Gesture>