<?xml version="1.0" encoding="utf-8" standalone="yes"?>
<Gesture Name="Circle4" NumPts="243">
	<Point X="299" Y="122" T="undefined" />
	<Point X="298" Y="122" T="undefined" />
	<Point X="298" Y="121" T="undefined" />
	<Point X="297" Y="121" T="undefined" />
	<Point X="296" Y="121" T="undefined" />
	<Point X="295" Y="120" T="undefined" />
	<Point X="294" Y="119" T="undefined" />
	<Point X="292" Y="119" T="undefined" />
	<Point X="290" Y="118" T="undefined" />
	<Point X="287" Y="118" T="undefined" />
	<Point X="285" Y="118" T="undefined" />
	<Point X="281" Y="117" T="undefined" />
	<Point X="277" Y="117" T="undefined" />
	<Point X="274" Y="116" T="undefined" />
	<Point X="269" Y="115" T="undefined" />
	<Point X="264" Y="115" T="undefined" />
	<Point X="259" Y="114" T="undefined" />
	<Point X="254" Y="114" T="undefined" />
	<Point X="248" Y="114" T="undefined" />
	<Point X="243" Y="114" T="undefined" />
	<Point X="238" Y="114" T="undefined" />
	<Point X="233" Y="114" T="undefined" />
	<Point X="230" Y="114" T="undefined" />
	<Point X="225" Y="114" T="undefined" />
	<Point X="221" Y="114" T="undefined" />
	<Point X="218" Y="114" T="undefined" />
	<Point X="213" Y="115" T="undefined" />
	<Point X="211" Y="116" T="undefined" />
	<Point X="207" Y="116" T="undefined" />
	<Point X="205" Y="117" T="undefined" />
	<Point X="202" Y="118" T="undefined" />
	<Point X="199" Y="120" T="undefined" />
	<Point X="196" Y="121" T="undefined" />
	<Point X="193" Y="122" T="undefined" />
	<Point X="190" Y="124" T="undefined" />
	<Point X="187" Y="126" T="undefined" />
	<Point X="183" Y="128" T="undefined" />
	<Point X="179" Y="130" T="undefined" />
	<Point X="176" Y="133" T="undefined" />
	<Point X="173" Y="136" T="undefined" />
	<Point X="169" Y="138" T="undefined" />
	<Point X="167" Y="141" T="undefined" />
	<Point X="163" Y="145" T="undefined" />
	<Point X="160" Y="148" T="undefined" />
	<Point X="156" Y="152" T="undefined" />
	<Point X="154" Y="154" T="undefined" />
	<Point X="150" Y="159" T="undefined" />
	<Point X="147" Y="163" T="undefined" />
	<Point X="143" Y="167" T="undefined" />
	<Point X="140" Y="171" T="undefined" />
	<Point X="137" Y="174" T="undefined" />
	<Point X="134" Y="179" T="undefined" />
	<Point X="129" Y="185" T="undefined" />
	<Point X="126" Y="189" T="undefined" />
	<Point X="122" Y="193" T="undefined" />
	<Point X="118" Y="199" T="undefined" />
	<Point X="115" Y="204" T="undefined" />
	<Point X="112" Y="209" T="undefined" />
	<Point X="108" Y="215" T="undefined" />
	<Point X="105" Y="221" T="undefined" />
	<Point X="102" Y="226" T="undefined" />
	<Point X="100" Y="231" T="undefined" />
	<Point X="97" Y="237" T="undefined" />
	<Point X="95" Y="242" T="undefined" />
	<Point X="93" Y="247" T="undefined" />
	<Point X="92" Y="251" T="undefined" />
	<Point X="90" Y="255" T="undefined" />
	<Point X="88" Y="260" T="undefined" />
	<Point X="87" Y="265" T="undefined" />
	<Point X="86" Y="269" T="undefined" />
	<Point X="86" Y="275" T="undefined" />
	<Point X="85" Y="279" T="undefined" />
	<Point X="85" Y="284" T="undefined" />
	<Point X="85" Y="287" T="undefined" />
	<Point X="85" Y="291" T="undefined" />
	<Point X="85" Y="295" T="undefined" />
	<Point X="85" Y="299" T="undefined" />
	<Point X="85" Y="302" T="undefined" />
	<Point X="85" Y="306" T="undefined" />
	<Point X="85" Y="310" T="undefined" />
	<Point X="85" Y="313" T="undefined" />
	<Point X="87" Y="317" T="undefined" />
	<Point X="87" Y="319" T="undefined" />
	<Point X="88" Y="323" T="undefined" />
	<Point X="89" Y="327" T="undefined" />
	<Point X="91" Y="330" T="undefined" />
	<Point X="92" Y="334" T="undefined" />
	<Point X="94" Y="336" T="undefined" />
	<Point X="96" Y="340" T="undefined" />
	<Point X="98" Y="343" T="undefined" />
	<Point X="100" Y="347" T="undefined" />
	<Point X="103" Y="350" T="undefined" />
	<Point X="106" Y="352" T="undefined" />
	<Point X="109" Y="356" T="undefined" />
	<Point X="113" Y="358" T="undefined" />
	<Point X="117" Y="361" T="undefined" />
	<Point X="121" Y="363" T="undefined" />
	<Point X="127" Y="366" T="undefined" />
	<Point X="132" Y="369" T="undefined" />
	<Point X="138" Y="371" T="undefined" />
	<Point X="142" Y="373" T="undefined" />
	<Point X="148" Y="375" T="undefined" />
	<Point X="153" Y="377" T="undefined" />
	<Point X="159" Y="379" T="undefined" />
	<Point X="167" Y="381" T="undefined" />
	<Point X="172" Y="382" T="undefined" />
	<Point X="178" Y="383" T="undefined" />
	<Point X="184" Y="384" T="undefined" />
	<Point X="190" Y="385" T="undefined" />
	<Point X="197" Y="385" T="undefined" />
	<Point X="204" Y="386" T="undefined" />
	<Point X="210" Y="386" T="undefined" />
	<Point X="217" Y="386" T="undefined" />
	<Point X="224" Y="386" T="undefined" />
	<Point X="230" Y="386" T="undefined" />
	<Point X="236" Y="386" T="undefined" />
	<Point X="242" Y="386" T="undefined" />
	<Point X="248" Y="386" T="undefined" />
	<Point X="254" Y="386" T="undefined" />
	<Point X="260" Y="386" T="undefined" />
	<Point X="264" Y="386" T="undefined" />
	<Point X="271" Y="386" T="undefined" />
	<Point X="276" Y="385" T="undefined" />
	<Point X="280" Y="384" T="undefined" />
	<Point X="287" Y="383" T="undefined" />
	<Point X="292" Y="381" T="undefined" />
	<Point X="297" Y="380" T="undefined" />
	<Point X="302" Y="378" T="undefined" />
	<Point X="307" Y="375" T="undefined" />
	<Point X="311" Y="372" T="undefined" />
	<Point X="315" Y="371" T="undefined" />
	<Point X="320" Y="368" T="undefined" />
	<Point X="324" Y="365" T="undefined" />
	<Point X="328" Y="362" T="undefined" />
	<Point X="332" Y="359" T="undefined" />
	<Point X="335" Y="356" T="undefined" />
	<Point X="338" Y="352" T="undefined" />
	<Point X="340" Y="349" T="undefined" />
	<Point X="343" Y="347" T="undefined" />
	<Point X="345" Y="343" T="undefined" />
	<Point X="348" Y="340" T="undefined" />
	<Point X="351" Y="336" T="undefined" />
	<Point X="353" Y="332" T="undefined" />
	<Point X="355" Y="328" T="undefined" />
	<Point X="358" Y="324" T="undefined" />
	<Point X="359" Y="320" T="undefined" />
	<Point X="361" Y="316" T="undefined" />
	<Point X="363" Y="312" T="undefined" />
	<Point X="364" Y="309" T="undefined" />
	<Point X="366" Y="305" T="undefined" />
	<Point X="367" Y="302" T="undefined" />
	<Point X="369" Y="298" T="undefined" />
	<Point X="370" Y="295" T="undefined" />
	<Point X="372" Y="291" T="undefined" />
	<Point X="373" Y="287" T="undefined" />
	<Point X="374" Y="284" T="undefined" />
	<Point X="375" Y="280" T="undefined" />
	<Point X="376" Y="276" T="undefined" />
	<Point X="377" Y="273" T="undefined" />
	<Point X="378" Y="271" T="undefined" />
	<Point X="378" Y="267" T="undefined" />
	<Point X="379" Y="263" T="undefined" />
	<Point X="379" Y="260" T="undefined" />
	<Point X="380" Y="256" T="undefined" />
	<Point X="380" Y="253" T="undefined" />
	<Point X="380" Y="249" T="undefined" />
	<Point X="380" Y="246" T="undefined" />
	<Point X="380" Y="242" T="undefined" />
	<Point X="380" Y="238" T="undefined" />
	<Point X="380" Y="235" T="undefined" />
	<Point X="380" Y="230" T="undefined" />
	<Point X="380" Y="227" T="undefined" />
	<Point X="379" Y="224" T="undefined" />
	<Point X="378" Y="221" T="undefined" />
	<Point X="377" Y="219" T="undefined" />
	<Point X="376" Y="216" T="undefined" />
	<Point X="375" Y="214" T="undefined" />
	<Point X="373" Y="212" T="undefined" />
	<Point X="372" Y="210" T="undefined" />
	<Point X="371" Y="207" T="undefined" />
	<Point X="369" Y="205" T="undefined" />
	<Point X="368" Y="202" T="undefined" />
	<Point X="367" Y="200" T="undefined" />
	<Point X="366" Y="198" T="undefined" />
	<Point X="365" Y="197" T="undefined" />
	<Point X="364" Y="194" T="undefined" />
	<Point X="363" Y="193" T="undefined" />
	<Point X="361" Y="191" T="undefined" />
	<Point X="360" Y="189" T="undefined" />
	<Point X="359" Y="187" T="undefined" />
	<Point X="358" Y="186" T="undefined" />
	<Point X="356" Y="183" T="undefined" />
	<Point X="355" Y="181" T="undefined" />
	<Point X="354" Y="179" T="undefined" />
	<Point X="353" Y="177" T="undefined" />
	<Point X="351" Y="175" T="undefined" />
	<Point X="350" Y="173" T="undefined" />
	<Point X="348" Y="170" T="undefined" />
	<Point X="346" Y="168" T="undefined" />
	<Point X="344" Y="166" T="undefined" />
	<Point X="343" Y="164" T="undefined" />
	<Point X="341" Y="162" T="undefined" />
	<Point X="339" Y="160" T="undefined" />
	<Point X="338" Y="158" T="undefined" />
	<Point X="336" Y="156" T="undefined" />
	<Point X="334" Y="154" T="undefined" />
	<Point X="332" Y="153" T="undefined" />
	<Point X="331" Y="151" T="undefined" />
	<Point X="330" Y="150" T="undefined" />
	<Point X="328" Y="148" T="undefined" />
	<Point X="327" Y="147" T="undefined" />
	<Point X="325" Y="146" T="undefined" />
	<Point X="324" Y="145" T="undefined" />
	<Point X="323" Y="144" T="undefined" />
	<Point X="322" Y="143" T="undefined" />
	<Point X="321" Y="142" T="undefined" />
	<Point X="320" Y="141" T="undefined" />
	<Point X="319" Y="140" T="undefined" />
	<Point X="318" Y="139" T="undefined" />
	<Point X="318" Y="138" T="undefined" />
	<Point X="317" Y="138" T="undefined" />
	<Point X="316" Y="137" T="undefined" />
	<Point X="315" Y="137" T="undefined" />
	<Point X="315" Y="136" T="undefined" />
	<Point X="314" Y="136" T="undefined" />
	<Point X="314" Y="135" T="undefined" />
	<Point X="313" Y="135" T="undefined" />
	<Point X="312" Y="135" T="undefined" />
	<Point X="311" Y="134" T="undefined" />
	<Point X="311" Y="133" T="undefined" />
	<Point X="310" Y="133" T="undefined" />
	<Point X="309" Y="132" T="undefined" />
	<Point X="308" Y="132" T="undefined" />
	<Point X="307" Y="131" T="undefined" />
	<Point X="306" Y="131" T="undefined" />
	<Point X="306" Y="130" T="undefined" />
	<Point X="305" Y="129" T="undefined" />
	<Point X="303" Y="128" T="undefined" />
	<Point X="302" Y="127" T="undefined" />
	<Point X="301" Y="127" T="undefined" />
	<Point X="301" Y="126" T="undefined" />
	<Point X="300" Y="126" T="undefined" />
	<Point X="299" Y="126" T="undefined" />
</Gesture>