<?xml version="1.0" encoding="utf-8" standalone="yes"?>
<Gesture Name="Circle9" NumPts="170">
	<Point X="299" Y="148" T="undefined" />
	<Point X="299" Y="148" T="undefined" />
	<Point X="299" Y="148" T="undefined" />
	<Point X="299" Y="148" T="undefined" />
	<Point X="299" Y="148" T="undefined" />
	<Point X="298" Y="147" T="undefined" />
	<Point X="296" Y="146" T="undefined" />
	<Point X="294" Y="145" T="undefined" />
	<Point X="291" Y="144" T="undefined" />
	<Point X="287" Y="144" T="undefined" />
	<Point X="282" Y="142" T="undefined" />
	<Point X="273" Y="140" T="undefined" />
	<Point X="267" Y="140" T="undefined" />
	<Point X="259" Y="138" T="undefined" />
	<Point X="242" Y="138" T="undefined" />
	<Point X="237" Y="138" T="undefined" />
	<Point X="228" Y="138" T="undefined" />
	<Point X="216" Y="139" T="undefined" />
	<Point X="206" Y="141" T="undefined" />
	<Point X="199" Y="142" T="undefined" />
	<Point X="191" Y="145" T="undefined" />
	<Point X="185" Y="147" T="undefined" />
	<Point X="178" Y="151" T="undefined" />
	<Point X="172" Y="154" T="undefined" />
	<Point X="169" Y="156" T="undefined" />
	<Point X="163" Y="160" T="undefined" />
	<Point X="159" Y="164" T="undefined" />
	<Point X="155" Y="168" T="undefined" />
	<Point X="150" Y="173" T="undefined" />
	<Point X="147" Y="178" T="undefined" />
	<Point X="144" Y="183" T="undefined" />
	<Point X="141" Y="188" T="undefined" />
	<Point X="137" Y="195" T="undefined" />
	<Point X="134" Y="201" T="undefined" />
	<Point X="132" Y="205" T="undefined" />
	<Point X="127" Y="215" T="undefined" />
	<Point X="125" Y="220" T="undefined" />
	<Point X="122" Y="228" T="undefined" />
	<Point X="117" Y="239" T="undefined" />
	<Point X="115" Y="244" T="undefined" />
	<Point X="112" Y="253" T="undefined" />
	<Point X="110" Y="263" T="undefined" />
	<Point X="109" Y="269" T="undefined" />
	<Point X="108" Y="277" T="undefined" />
	<Point X="107" Y="284" T="undefined" />
	<Point X="107" Y="291" T="undefined" />
	<Point X="106" Y="298" T="undefined" />
	<Point X="106" Y="304" T="undefined" />
	<Point X="106" Y="309" T="undefined" />
	<Point X="106" Y="315" T="undefined" />
	<Point X="108" Y="322" T="undefined" />
	<Point X="110" Y="326" T="undefined" />
	<Point X="111" Y="331" T="undefined" />
	<Point X="113" Y="335" T="undefined" />
	<Point X="115" Y="339" T="undefined" />
	<Point X="118" Y="344" T="undefined" />
	<Point X="121" Y="348" T="undefined" />
	<Point X="125" Y="353" T="undefined" />
	<Point X="129" Y="358" T="undefined" />
	<Point X="134" Y="362" T="undefined" />
	<Point X="140" Y="367" T="undefined" />
	<Point X="146" Y="371" T="undefined" />
	<Point X="152" Y="375" T="undefined" />
	<Point X="159" Y="378" T="undefined" />
	<Point X="164" Y="381" T="undefined" />
	<Point X="171" Y="383" T="undefined" />
	<Point X="178" Y="386" T="undefined" />
	<Point X="185" Y="389" T="undefined" />
	<Point X="192" Y="390" T="undefined" />
	<Point X="199" Y="392" T="undefined" />
	<Point X="207" Y="394" T="undefined" />
	<Point X="214" Y="396" T="undefined" />
	<Point X="222" Y="397" T="undefined" />
	<Point X="230" Y="398" T="undefined" />
	<Point X="239" Y="398" T="undefined" />
	<Point X="247" Y="398" T="undefined" />
	<Point X="255" Y="398" T="undefined" />
	<Point X="260" Y="398" T="undefined" />
	<Point X="266" Y="398" T="undefined" />
	<Point X="272" Y="397" T="undefined" />
	<Point X="277" Y="395" T="undefined" />
	<Point X="282" Y="393" T="undefined" />
	<Point X="286" Y="390" T="undefined" />
	<Point X="292" Y="388" T="undefined" />
	<Point X="295" Y="385" T="undefined" />
	<Point X="299" Y="381" T="undefined" />
	<Point X="302" Y="378" T="undefined" />
	<Point X="306" Y="373" T="undefined" />
	<Point X="308" Y="370" T="undefined" />
	<Point X="312" Y="364" T="undefined" />
	<Point X="313" Y="361" T="undefined" />
	<Point X="316" Y="356" T="undefined" />
	<Point X="319" Y="351" T="undefined" />
	<Point X="321" Y="347" T="undefined" />
	<Point X="323" Y="343" T="undefined" />
	<Point X="325" Y="339" T="undefined" />
	<Point X="327" Y="336" T="undefined" />
	<Point X="328" Y="332" T="undefined" />
	<Point X="330" Y="329" T="undefined" />
	<Point X="332" Y="325" T="undefined" />
	<Point X="333" Y="322" T="undefined" />
	<Point X="335" Y="318" T="undefined" />
	<Point X="336" Y="314" T="undefined" />
	<Point X="337" Y="309" T="undefined" />
	<Point X="339" Y="305" T="undefined" />
	<Point X="340" Y="301" T="undefined" />
	<Point X="341" Y="297" T="undefined" />
	<Point X="342" Y="293" T="undefined" />
	<Point X="343" Y="289" T="undefined" />
	<Point X="343" Y="286" T="undefined" />
	<Point X="344" Y="282" T="undefined" />
	<Point X="344" Y="278" T="undefined" />
	<Point X="344" Y="274" T="undefined" />
	<Point X="344" Y="270" T="undefined" />
	<Point X="344" Y="266" T="undefined" />
	<Point X="344" Y="262" T="undefined" />
	<Point X="344" Y="258" T="undefined" />
	<Point X="343" Y="254" T="undefined" />
	<Point X="342" Y="249" T="undefined" />
	<Point X="341" Y="246" T="undefined" />
	<Point X="339" Y="241" T="undefined" />
	<Point X="337" Y="237" T="undefined" />
	<Point X="336" Y="234" T="undefined" />
	<Point X="335" Y="230" T="undefined" />
	<Point X="333" Y="226" T="undefined" />
	<Point X="332" Y="224" T="undefined" />
	<Point X="330" Y="221" T="undefined" />
	<Point X="328" Y="217" T="undefined" />
	<Point X="327" Y="215" T="undefined" />
	<Point X="326" Y="212" T="undefined" />
	<Point X="324" Y="209" T="undefined" />
	<Point X="323" Y="207" T="undefined" />
	<Point X="322" Y="203" T="undefined" />
	<Point X="321" Y="201" T="undefined" />
	<Point X="320" Y="199" T="undefined" />
	<Point X="319" Y="196" T="undefined" />
	<Point X="318" Y="193" T="undefined" />
	<Point X="317" Y="191" T="undefined" />
	<Point X="316" Y="189" T="undefined" />
	<Point X="315" Y="187" T="undefined" />
	<Point X="314" Y="184" T="undefined" />
	<Point X="313" Y="183" T="undefined" />
	<Point X="312" Y="181" T="undefined" />
	<Point X="312" Y="180" T="undefined" />
	<Point X="311" Y="178" T="undefined" />
	<Point X="310" Y="177" T="undefined" />
	<Point X="309" Y="176" T="undefined" />
	<Point X="309" Y="174" T="undefined" />
	<Point X="309" Y="173" T="undefined" />
	<Point X="308" Y="171" T="undefined" />
	<Point X="308" Y="170" T="undefined" />
	<Point X="307" Y="168" T="undefined" />
	<Point X="307" Y="167" T="undefined" />
	<Point X="306" Y="166" T="undefined" />
	<Point X="306" Y="164" T="undefined" />
	<Point X="305" Y="163" T="undefined" />
	<Point X="304" Y="162" T="undefined" />
	<Point X="304" Y="161" T="undefined" />
	<Point X="304" Y="160" T="undefined" />
	<Point X="303" Y="160" T="undefined" />
	<Point X="303" Y="159" T="undefined" />
	<Point X="302" Y="158" T="undefined" />
	<Point X="302" Y="157" T="undefined" />
	<Point X="302" Y="156" T="undefined" />
	<Point X="301" Y="156" T="undefined" />
	<Point X="301" Y="155" T="undefined" />
	<Point X="300" Y="154" T="undefined" />
	<Point X="300" Y="153" T="undefined" />
	<Point X="300" Y="152" T="undefined" />
	<Point X="299" Y="152" T="undefined" />
</Gesture>