<?xml version="1.0" encoding="utf-8" standalone="yes"?>
<Gesture Name="Circle0" NumPts="369">
	<Point X="224" Y="164" T="undefined" />
	<Point X="223" Y="164" T="undefined" />
	<Point X="222" Y="164" T="undefined" />
	<Point X="222" Y="163" T="undefined" />
	<Point X="221" Y="163" T="undefined" />
	<Point X="220" Y="163" T="undefined" />
	<Point X="219" Y="163" T="undefined" />
	<Point X="217" Y="163" T="undefined" />
	<Point X="216" Y="162" T="undefined" />
	<Point X="215" Y="162" T="undefined" />
	<Point X="215" Y="161" T="undefined" />
	<Point X="213" Y="161" T="undefined" />
	<Point X="212" Y="161" T="undefined" />
	<Point X="211" Y="161" T="undefined" />
	<Point X="209" Y="161" T="undefined" />
	<Point X="208" Y="161" T="undefined" />
	<Point X="207" Y="161" T="undefined" />
	<Point X="206" Y="161" T="undefined" />
	<Point X="205" Y="161" T="undefined" />
	<Point X="204" Y="161" T="undefined" />
	<Point X="203" Y="161" T="undefined" />
	<Point X="202" Y="161" T="undefined" />
	<Point X="201" Y="161" T="undefined" />
	<Point X="200" Y="161" T="undefined" />
	<Point X="199" Y="161" T="undefined" />
	<Point X="198" Y="161" T="undefined" />
	<Point X="197" Y="161" T="undefined" />
	<Point X="196" Y="161" T="undefined" />
	<Point X="195" Y="161" T="undefined" />
	<Point X="194" Y="161" T="undefined" />
	<Point X="193" Y="162" T="undefined" />
	<Point X="192" Y="162" T="undefined" />
	<Point X="191" Y="163" T="undefined" />
	<Point X="190" Y="163" T="undefined" />
	<Point X="189" Y="164" T="undefined" />
	<Point X="188" Y="164" T="undefined" />
	<Point X="187" Y="164" T="undefined" />
	<Point X="186" Y="165" T="undefined" />
	<Point X="184" Y="166" T="undefined" />
	<Point X="183" Y="167" T="undefined" />
	<Point X="182" Y="167" T="undefined" />
	<Point X="180" Y="168" T="undefined" />
	<Point X="179" Y="169" T="undefined" />
	<Point X="178" Y="170" T="undefined" />
	<Point X="176" Y="171" T="undefined" />
	<Point X="175" Y="172" T="undefined" />
	<Point X="174" Y="172" T="undefined" />
	<Point X="173" Y="174" T="undefined" />
	<Point X="172" Y="175" T="undefined" />
	<Point X="171" Y="175" T="undefined" />
	<Point X="170" Y="176" T="undefined" />
	<Point X="168" Y="178" T="undefined" />
	<Point X="167" Y="179" T="undefined" />
	<Point X="166" Y="179" T="undefined" />
	<Point X="164" Y="180" T="undefined" />
	<Point X="164" Y="182" T="undefined" />
	<Point X="163" Y="183" T="undefined" />
	<Point X="161" Y="184" T="undefined" />
	<Point X="160" Y="185" T="undefined" />
	<Point X="159" Y="186" T="undefined" />
	<Point X="159" Y="187" T="undefined" />
	<Point X="158" Y="188" T="undefined" />
	<Point X="157" Y="189" T="undefined" />
	<Point X="157" Y="190" T="undefined" />
	<Point X="155" Y="191" T="undefined" />
	<Point X="154" Y="192" T="undefined" />
	<Point X="154" Y="193" T="undefined" />
	<Point X="153" Y="195" T="undefined" />
	<Point X="152" Y="196" T="undefined" />
	<Point X="151" Y="198" T="undefined" />
	<Point X="150" Y="199" T="undefined" />
	<Point X="149" Y="201" T="undefined" />
	<Point X="149" Y="202" T="undefined" />
	<Point X="148" Y="204" T="undefined" />
	<Point X="147" Y="205" T="undefined" />
	<Point X="147" Y="207" T="undefined" />
	<Point X="146" Y="208" T="undefined" />
	<Point X="146" Y="209" T="undefined" />
	<Point X="145" Y="211" T="undefined" />
	<Point X="145" Y="212" T="undefined" />
	<Point X="145" Y="213" T="undefined" />
	<Point X="144" Y="214" T="undefined" />
	<Point X="144" Y="215" T="undefined" />
	<Point X="144" Y="216" T="undefined" />
	<Point X="143" Y="218" T="undefined" />
	<Point X="143" Y="219" T="undefined" />
	<Point X="143" Y="221" T="undefined" />
	<Point X="143" Y="223" T="undefined" />
	<Point X="143" Y="224" T="undefined" />
	<Point X="143" Y="226" T="undefined" />
	<Point X="143" Y="228" T="undefined" />
	<Point X="142" Y="230" T="undefined" />
	<Point X="142" Y="232" T="undefined" />
	<Point X="142" Y="233" T="undefined" />
	<Point X="142" Y="235" T="undefined" />
	<Point X="142" Y="237" T="undefined" />
	<Point X="142" Y="238" T="undefined" />
	<Point X="142" Y="240" T="undefined" />
	<Point X="142" Y="241" T="undefined" />
	<Point X="142" Y="243" T="undefined" />
	<Point X="142" Y="244" T="undefined" />
	<Point X="142" Y="246" T="undefined" />
	<Point X="142" Y="248" T="undefined" />
	<Point X="142" Y="249" T="undefined" />
	<Point X="142" Y="250" T="undefined" />
	<Point X="142" Y="252" T="undefined" />
	<Point X="142" Y="253" T="undefined" />
	<Point X="143" Y="254" T="undefined" />
	<Point X="143" Y="256" T="undefined" />
	<Point X="144" Y="257" T="undefined" />
	<Point X="144" Y="259" T="undefined" />
	<Point X="144" Y="260" T="undefined" />
	<Point X="145" Y="261" T="undefined" />
	<Point X="145" Y="263" T="undefined" />
	<Point X="145" Y="264" T="undefined" />
	<Point X="146" Y="265" T="undefined" />
	<Point X="146" Y="266" T="undefined" />
	<Point X="146" Y="268" T="undefined" />
	<Point X="147" Y="269" T="undefined" />
	<Point X="148" Y="270" T="undefined" />
	<Point X="148" Y="271" T="undefined" />
	<Point X="149" Y="273" T="undefined" />
	<Point X="149" Y="274" T="undefined" />
	<Point X="149" Y="275" T="undefined" />
	<Point X="150" Y="277" T="undefined" />
	<Point X="151" Y="278" T="undefined" />
	<Point X="152" Y="279" T="undefined" />
	<Point X="152" Y="281" T="undefined" />
	<Point X="153" Y="282" T="undefined" />
	<Point X="154" Y="283" T="undefined" />
	<Point X="154" Y="284" T="undefined" />
	<Point X="155" Y="285" T="undefined" />
	<Point X="156" Y="286" T="undefined" />
	<Point X="156" Y="287" T="undefined" />
	<Point X="157" Y="287" T="undefined" />
	<Point X="158" Y="288" T="undefined" />
	<Point X="159" Y="290" T="undefined" />
	<Point X="160" Y="291" T="undefined" />
	<Point X="161" Y="291" T="undefined" />
	<Point X="162" Y="292" T="undefined" />
	<Point X="162" Y="294" T="undefined" />
	<Point X="163" Y="294" T="undefined" />
	<Point X="165" Y="295" T="undefined" />
	<Point X="165" Y="296" T="undefined" />
	<Point X="166" Y="297" T="undefined" />
	<Point X="167" Y="298" T="undefined" />
	<Point X="168" Y="298" T="undefined" />
	<Point X="169" Y="299" T="undefined" />
	<Point X="170" Y="300" T="undefined" />
	<Point X="171" Y="302" T="undefined" />
	<Point X="173" Y="302" T="undefined" />
	<Point X="174" Y="303" T="undefined" />
	<Point X="174" Y="304" T="undefined" />
	<Point X="175" Y="305" T="undefined" />
	<Point X="177" Y="306" T="undefined" />
	<Point X="178" Y="306" T="undefined" />
	<Point X="178" Y="307" T="undefined" />
	<Point X="179" Y="307" T="undefined" />
	<Point X="180" Y="308" T="undefined" />
	<Point X="181" Y="309" T="undefined" />
	<Point X="182" Y="309" T="undefined" />
	<Point X="183" Y="310" T="undefined" />
	<Point X="185" Y="311" T="undefined" />
	<Point X="186" Y="311" T="undefined" />
	<Point X="187" Y="312" T="undefined" />
	<Point X="190" Y="313" T="undefined" />
	<Point X="191" Y="314" T="undefined" />
	<Point X="192" Y="314" T="undefined" />
	<Point X="195" Y="315" T="undefined" />
	<Point X="197" Y="316" T="undefined" />
	<Point X="198" Y="316" T="undefined" />
	<Point X="200" Y="317" T="undefined" />
	<Point X="203" Y="318" T="undefined" />
	<Point X="204" Y="318" T="undefined" />
	<Point X="206" Y="319" T="undefined" />
	<Point X="208" Y="319" T="undefined" />
	<Point X="210" Y="320" T="undefined" />
	<Point X="212" Y="320" T="undefined" />
	<Point X="215" Y="320" T="undefined" />
	<Point X="217" Y="321" T="undefined" />
	<Point X="219" Y="321" T="undefined" />
	<Point X="221" Y="322" T="undefined" />
	<Point X="224" Y="322" T="undefined" />
	<Point X="226" Y="323" T="undefined" />
	<Point X="228" Y="323" T="undefined" />
	<Point X="231" Y="323" T="undefined" />
	<Point X="233" Y="323" T="undefined" />
	<Point X="236" Y="324" T="undefined" />
	<Point X="238" Y="324" T="undefined" />
	<Point X="240" Y="324" T="undefined" />
	<Point X="243" Y="324" T="undefined" />
	<Point X="245" Y="324" T="undefined" />
	<Point X="248" Y="324" T="undefined" />
	<Point X="250" Y="324" T="undefined" />
	<Point X="253" Y="324" T="undefined" />
	<Point X="254" Y="324" T="undefined" />
	<Point X="256" Y="324" T="undefined" />
	<Point X="258" Y="324" T="undefined" />
	<Point X="259" Y="324" T="undefined" />
	<Point X="261" Y="324" T="undefined" />
	<Point X="262" Y="324" T="undefined" />
	<Point X="263" Y="324" T="undefined" />
	<Point X="264" Y="324" T="undefined" />
	<Point X="265" Y="322" T="undefined" />
	<Point X="266" Y="322" T="undefined" />
	<Point X="267" Y="321" T="undefined" />
	<Point X="268" Y="320" T="undefined" />
	<Point X="269" Y="319" T="undefined" />
	<Point X="270" Y="319" T="undefined" />
	<Point X="272" Y="317" T="undefined" />
	<Point X="273" Y="316" T="undefined" />
	<Point X="274" Y="315" T="undefined" />
	<Point X="276" Y="314" T="undefined" />
	<Point X="277" Y="313" T="undefined" />
	<Point X="278" Y="312" T="undefined" />
	<Point X="280" Y="311" T="undefined" />
	<Point X="281" Y="309" T="undefined" />
	<Point X="282" Y="308" T="undefined" />
	<Point X="283" Y="307" T="undefined" />
	<Point X="284" Y="306" T="undefined" />
	<Point X="285" Y="305" T="undefined" />
	<Point X="286" Y="304" T="undefined" />
	<Point X="287" Y="303" T="undefined" />
	<Point X="289" Y="301" T="undefined" />
	<Point X="290" Y="300" T="undefined" />
	<Point X="291" Y="299" T="undefined" />
	<Point X="293" Y="297" T="undefined" />
	<Point X="294" Y="297" T="undefined" />
	<Point X="294" Y="296" T="undefined" />
	<Point X="295" Y="295" T="undefined" />
	<Point X="296" Y="294" T="undefined" />
	<Point X="297" Y="293" T="undefined" />
	<Point X="297" Y="292" T="undefined" />
	<Point X="298" Y="291" T="undefined" />
	<Point X="299" Y="290" T="undefined" />
	<Point X="299" Y="289" T="undefined" />
	<Point X="301" Y="288" T="undefined" />
	<Point X="301" Y="287" T="undefined" />
	<Point X="302" Y="286" T="undefined" />
	<Point X="302" Y="285" T="undefined" />
	<Point X="303" Y="283" T="undefined" />
	<Point X="303" Y="282" T="undefined" />
	<Point X="304" Y="280" T="undefined" />
	<Point X="305" Y="279" T="undefined" />
	<Point X="305" Y="278" T="undefined" />
	<Point X="305" Y="277" T="undefined" />
	<Point X="305" Y="275" T="undefined" />
	<Point X="306" Y="274" T="undefined" />
	<Point X="306" Y="273" T="undefined" />
	<Point X="306" Y="272" T="undefined" />
	<Point X="306" Y="270" T="undefined" />
	<Point X="306" Y="268" T="undefined" />
	<Point X="306" Y="267" T="undefined" />
	<Point X="306" Y="265" T="undefined" />
	<Point X="306" Y="264" T="undefined" />
	<Point X="306" Y="262" T="undefined" />
	<Point X="306" Y="260" T="undefined" />
	<Point X="306" Y="259" T="undefined" />
	<Point X="306" Y="257" T="undefined" />
	<Point X="306" Y="255" T="undefined" />
	<Point X="305" Y="254" T="undefined" />
	<Point X="305" Y="253" T="undefined" />
	<Point X="304" Y="251" T="undefined" />
	<Point X="304" Y="250" T="undefined" />
	<Point X="303" Y="249" T="undefined" />
	<Point X="303" Y="247" T="undefined" />
	<Point X="303" Y="246" T="undefined" />
	<Point X="302" Y="245" T="undefined" />
	<Point X="302" Y="243" T="undefined" />
	<Point X="300" Y="241" T="undefined" />
	<Point X="300" Y="239" T="undefined" />
	<Point X="299" Y="237" T="undefined" />
	<Point X="298" Y="236" T="undefined" />
	<Point X="297" Y="234" T="undefined" />
	<Point X="296" Y="233" T="undefined" />
	<Point X="296" Y="231" T="undefined" />
	<Point X="295" Y="230" T="undefined" />
	<Point X="294" Y="227" T="undefined" />
	<Point X="293" Y="226" T="undefined" />
	<Point X="292" Y="225" T="undefined" />
	<Point X="291" Y="224" T="undefined" />
	<Point X="291" Y="222" T="undefined" />
	<Point X="290" Y="220" T="undefined" />
	<Point X="288" Y="218" T="undefined" />
	<Point X="287" Y="216" T="undefined" />
	<Point X="286" Y="215" T="undefined" />
	<Point X="286" Y="213" T="undefined" />
	<Point X="285" Y="212" T="undefined" />
	<Point X="283" Y="210" T="undefined" />
	<Point X="283" Y="209" T="undefined" />
	<Point X="282" Y="208" T="undefined" />
	<Point X="281" Y="207" T="undefined" />
	<Point X="280" Y="206" T="undefined" />
	<Point X="279" Y="205" T="undefined" />
	<Point X="278" Y="204" T="undefined" />
	<Point X="277" Y="204" T="undefined" />
	<Point X="276" Y="202" T="undefined" />
	<Point X="275" Y="202" T="undefined" />
	<Point X="274" Y="201" T="undefined" />
	<Point X="274" Y="200" T="undefined" />
	<Point X="273" Y="200" T="undefined" />
	<Point X="272" Y="198" T="undefined" />
	<Point X="271" Y="198" T="undefined" />
	<Point X="270" Y="197" T="undefined" />
	<Point X="269" Y="196" T="undefined" />
	<Point X="268" Y="196" T="undefined" />
	<Point X="267" Y="195" T="undefined" />
	<Point X="266" Y="194" T="undefined" />
	<Point X="266" Y="193" T="undefined" />
	<Point X="265" Y="193" T="undefined" />
	<Point X="264" Y="192" T="undefined" />
	<Point X="263" Y="191" T="undefined" />
	<Point X="262" Y="191" T="undefined" />
	<Point X="261" Y="191" T="undefined" />
	<Point X="261" Y="190" T="undefined" />
	<Point X="260" Y="189" T="undefined" />
	<Point X="259" Y="189" T="undefined" />
	<Point X="258" Y="189" T="undefined" />
	<Point X="258" Y="188" T="undefined" />
	<Point X="257" Y="188" T="undefined" />
	<Point X="257" Y="187" T="undefined" />
	<Point X="256" Y="187" T="undefined" />
	<Point X="255" Y="186" T="undefined" />
	<Point X="254" Y="185" T="undefined" />
	<Point X="253" Y="185" T="undefined" />
	<Point X="253" Y="184" T="undefined" />
	<Point X="252" Y="184" T="undefined" />
	<Point X="252" Y="183" T="undefined" />
	<Point X="251" Y="183" T="undefined" />
	<Point X="250" Y="182" T="undefined" />
	<Point X="250" Y="181" T="undefined" />
	<Point X="249" Y="181" T="undefined" />
	<Point X="248" Y="181" T="undefined" />
	<Point X="248" Y="180" T="undefined" />
	<Point X="247" Y="180" T="undefined" />
	<Point X="246" Y="179" T="undefined" />
	<Point X="245" Y="178" T="undefined" />
	<Point X="245" Y="177" T="undefined" />
	<Point X="244" Y="177" T="undefined" />
	<Point X="243" Y="177" T="undefined" />
	<Point X="243" Y="176" T="undefined" />
	<Point X="242" Y="176" T="undefined" />
	<Point X="241" Y="176" T="undefined" />
	<Point X="241" Y="175" T="undefined" />
	<Point X="240" Y="175" T="undefined" />
	<Point X="239" Y="175" T="undefined" />
	<Point X="238" Y="174" T="undefined" />
	<Point X="238" Y="173" T="undefined" />
	<Point X="237" Y="173" T="undefined" />
	<Point X="236" Y="173" T="undefined" />
	<Point X="236" Y="172" T="undefined" />
	<Point X="235" Y="172" T="undefined" />
	<Point X="234" Y="172" T="undefined" />
	<Point X="234" Y="171" T="undefined" />
	<Point X="233" Y="171" T="undefined" />
	<Point X="232" Y="171" T="undefined" />
	<Point X="232" Y="170" T="undefined" />
	<Point X="231" Y="169" T="undefined" />
	<Point X="230" Y="169" T="undefined" />
	<Point X="229" Y="169" T="undefined" />
	<Point X="229" Y="168" T="undefined" />
	<Point X="228" Y="168" T="undefined" />
	<Point X="227" Y="168" T="undefined" />
	<Point X="226" Y="167" T="undefined" />
	<Point X="225" Y="167" T="undefined" />
	<Point X="224" Y="166" T="undefined" />
	<Point X="223" Y="166" T="undefined" />
	<Point X="223" Y="165" T="undefined" />
	<Point X="222" Y="165" T="undefined" />
</Gesture>