<?xml version="1.0" encoding="utf-8" standalone="yes"?>
<Gesture Name="Circle1" NumPts="316">
	<Point X="259" Y="150" T="undefined" />
	<Point X="258" Y="150" T="undefined" />
	<Point X="258" Y="149" T="undefined" />
	<Point X="257" Y="149" T="undefined" />
	<Point X="256" Y="148" T="undefined" />
	<Point X="255" Y="148" T="undefined" />
	<Point X="254" Y="147" T="undefined" />
	<Point X="253" Y="147" T="undefined" />
	<Point X="251" Y="146" T="undefined" />
	<Point X="249" Y="145" T="undefined" />
	<Point X="247" Y="145" T="undefined" />
	<Point X="245" Y="144" T="undefined" />
	<Point X="243" Y="144" T="undefined" />
	<Point X="241" Y="143" T="undefined" />
	<Point X="238" Y="143" T="undefined" />
	<Point X="237" Y="143" T="undefined" />
	<Point X="235" Y="143" T="undefined" />
	<Point X="233" Y="142" T="undefined" />
	<Point X="231" Y="142" T="undefined" />
	<Point X="229" Y="141" T="undefined" />
	<Point X="227" Y="141" T="undefined" />
	<Point X="226" Y="141" T="undefined" />
	<Point X="224" Y="141" T="undefined" />
	<Point X="222" Y="141" T="undefined" />
	<Point X="221" Y="141" T="undefined" />
	<Point X="220" Y="141" T="undefined" />
	<Point X="218" Y="141" T="undefined" />
	<Point X="217" Y="141" T="undefined" />
	<Point X="216" Y="141" T="undefined" />
	<Point X="214" Y="141" T="undefined" />
	<Point X="213" Y="141" T="undefined" />
	<Point X="211" Y="141" T="undefined" />
	<Point X="210" Y="142" T="undefined" />
	<Point X="208" Y="142" T="undefined" />
	<Point X="207" Y="142" T="undefined" />
	<Point X="205" Y="143" T="undefined" />
	<Point X="204" Y="143" T="undefined" />
	<Point X="202" Y="144" T="undefined" />
	<Point X="201" Y="145" T="undefined" />
	<Point X="200" Y="146" T="undefined" />
	<Point X="199" Y="147" T="undefined" />
	<Point X="197" Y="148" T="undefined" />
	<Point X="196" Y="149" T="undefined" />
	<Point X="194" Y="150" T="undefined" />
	<Point X="192" Y="152" T="undefined" />
	<Point X="189" Y="154" T="undefined" />
	<Point X="188" Y="156" T="undefined" />
	<Point X="185" Y="157" T="undefined" />
	<Point X="184" Y="159" T="undefined" />
	<Point X="181" Y="161" T="undefined" />
	<Point X="179" Y="163" T="undefined" />
	<Point X="176" Y="165" T="undefined" />
	<Point X="175" Y="167" T="undefined" />
	<Point X="173" Y="169" T="undefined" />
	<Point X="171" Y="171" T="undefined" />
	<Point X="169" Y="173" T="undefined" />
	<Point X="167" Y="175" T="undefined" />
	<Point X="166" Y="177" T="undefined" />
	<Point X="163" Y="179" T="undefined" />
	<Point X="162" Y="181" T="undefined" />
	<Point X="159" Y="183" T="undefined" />
	<Point X="157" Y="185" T="undefined" />
	<Point X="155" Y="188" T="undefined" />
	<Point X="152" Y="191" T="undefined" />
	<Point X="150" Y="193" T="undefined" />
	<Point X="147" Y="195" T="undefined" />
	<Point X="145" Y="197" T="undefined" />
	<Point X="143" Y="200" T="undefined" />
	<Point X="140" Y="203" T="undefined" />
	<Point X="139" Y="204" T="undefined" />
	<Point X="136" Y="207" T="undefined" />
	<Point X="135" Y="209" T="undefined" />
	<Point X="133" Y="211" T="undefined" />
	<Point X="132" Y="213" T="undefined" />
	<Point X="130" Y="216" T="undefined" />
	<Point X="128" Y="218" T="undefined" />
	<Point X="127" Y="220" T="undefined" />
	<Point X="124" Y="222" T="undefined" />
	<Point X="123" Y="224" T="undefined" />
	<Point X="121" Y="227" T="undefined" />
	<Point X="119" Y="229" T="undefined" />
	<Point X="118" Y="232" T="undefined" />
	<Point X="116" Y="234" T="undefined" />
	<Point X="115" Y="236" T="undefined" />
	<Point X="114" Y="239" T="undefined" />
	<Point X="112" Y="242" T="undefined" />
	<Point X="111" Y="244" T="undefined" />
	<Point X="111" Y="247" T="undefined" />
	<Point X="110" Y="250" T="undefined" />
	<Point X="109" Y="253" T="undefined" />
	<Point X="109" Y="255" T="undefined" />
	<Point X="109" Y="258" T="undefined" />
	<Point X="108" Y="261" T="undefined" />
	<Point X="108" Y="263" T="undefined" />
	<Point X="108" Y="266" T="undefined" />
	<Point X="108" Y="269" T="undefined" />
	<Point X="108" Y="271" T="undefined" />
	<Point X="108" Y="274" T="undefined" />
	<Point X="108" Y="277" T="undefined" />
	<Point X="108" Y="280" T="undefined" />
	<Point X="108" Y="283" T="undefined" />
	<Point X="109" Y="286" T="undefined" />
	<Point X="110" Y="289" T="undefined" />
	<Point X="110" Y="291" T="undefined" />
	<Point X="112" Y="293" T="undefined" />
	<Point X="112" Y="295" T="undefined" />
	<Point X="113" Y="298" T="undefined" />
	<Point X="114" Y="300" T="undefined" />
	<Point X="115" Y="302" T="undefined" />
	<Point X="116" Y="304" T="undefined" />
	<Point X="117" Y="307" T="undefined" />
	<Point X="118" Y="310" T="undefined" />
	<Point X="120" Y="312" T="undefined" />
	<Point X="121" Y="314" T="undefined" />
	<Point X="122" Y="316" T="undefined" />
	<Point X="124" Y="319" T="undefined" />
	<Point X="125" Y="321" T="undefined" />
	<Point X="128" Y="324" T="undefined" />
	<Point X="129" Y="326" T="undefined" />
	<Point X="131" Y="328" T="undefined" />
	<Point X="133" Y="330" T="undefined" />
	<Point X="135" Y="332" T="undefined" />
	<Point X="137" Y="335" T="undefined" />
	<Point X="139" Y="336" T="undefined" />
	<Point X="141" Y="338" T="undefined" />
	<Point X="143" Y="340" T="undefined" />
	<Point X="145" Y="341" T="undefined" />
	<Point X="147" Y="343" T="undefined" />
	<Point X="149" Y="345" T="undefined" />
	<Point X="151" Y="347" T="undefined" />
	<Point X="153" Y="348" T="undefined" />
	<Point X="156" Y="351" T="undefined" />
	<Point X="158" Y="352" T="undefined" />
	<Point X="160" Y="353" T="undefined" />
	<Point X="163" Y="355" T="undefined" />
	<Point X="165" Y="356" T="undefined" />
	<Point X="168" Y="358" T="undefined" />
	<Point X="170" Y="360" T="undefined" />
	<Point X="173" Y="361" T="undefined" />
	<Point X="175" Y="362" T="undefined" />
	<Point X="177" Y="364" T="undefined" />
	<Point X="180" Y="365" T="undefined" />
	<Point X="182" Y="366" T="undefined" />
	<Point X="185" Y="368" T="undefined" />
	<Point X="187" Y="369" T="undefined" />
	<Point X="190" Y="370" T="undefined" />
	<Point X="192" Y="371" T="undefined" />
	<Point X="194" Y="372" T="undefined" />
	<Point X="197" Y="373" T="undefined" />
	<Point X="200" Y="374" T="undefined" />
	<Point X="203" Y="374" T="undefined" />
	<Point X="206" Y="376" T="undefined" />
	<Point X="208" Y="376" T="undefined" />
	<Point X="212" Y="377" T="undefined" />
	<Point X="215" Y="377" T="undefined" />
	<Point X="217" Y="377" T="undefined" />
	<Point X="220" Y="378" T="undefined" />
	<Point X="223" Y="378" T="undefined" />
	<Point X="227" Y="378" T="undefined" />
	<Point X="229" Y="379" T="undefined" />
	<Point X="232" Y="379" T="undefined" />
	<Point X="236" Y="380" T="undefined" />
	<Point X="240" Y="380" T="undefined" />
	<Point X="244" Y="380" T="undefined" />
	<Point X="248" Y="380" T="undefined" />
	<Point X="253" Y="380" T="undefined" />
	<Point X="258" Y="380" T="undefined" />
	<Point X="262" Y="380" T="undefined" />
	<Point X="267" Y="380" T="undefined" />
	<Point X="270" Y="380" T="undefined" />
	<Point X="275" Y="380" T="undefined" />
	<Point X="279" Y="380" T="undefined" />
	<Point X="283" Y="380" T="undefined" />
	<Point X="287" Y="380" T="undefined" />
	<Point X="291" Y="380" T="undefined" />
	<Point X="295" Y="379" T="undefined" />
	<Point X="298" Y="379" T="undefined" />
	<Point X="303" Y="378" T="undefined" />
	<Point X="306" Y="377" T="undefined" />
	<Point X="311" Y="377" T="undefined" />
	<Point X="315" Y="376" T="undefined" />
	<Point X="319" Y="375" T="undefined" />
	<Point X="323" Y="374" T="undefined" />
	<Point X="325" Y="374" T="undefined" />
	<Point X="329" Y="373" T="undefined" />
	<Point X="332" Y="372" T="undefined" />
	<Point X="335" Y="372" T="undefined" />
	<Point X="337" Y="370" T="undefined" />
	<Point X="341" Y="369" T="undefined" />
	<Point X="343" Y="368" T="undefined" />
	<Point X="346" Y="367" T="undefined" />
	<Point X="349" Y="365" T="undefined" />
	<Point X="352" Y="364" T="undefined" />
	<Point X="354" Y="362" T="undefined" />
	<Point X="357" Y="360" T="undefined" />
	<Point X="359" Y="358" T="undefined" />
	<Point X="361" Y="356" T="undefined" />
	<Point X="364" Y="354" T="undefined" />
	<Point X="365" Y="352" T="undefined" />
	<Point X="368" Y="349" T="undefined" />
	<Point X="369" Y="346" T="undefined" />
	<Point X="371" Y="343" T="undefined" />
	<Point X="373" Y="340" T="undefined" />
	<Point X="375" Y="337" T="undefined" />
	<Point X="377" Y="333" T="undefined" />
	<Point X="378" Y="331" T="undefined" />
	<Point X="380" Y="327" T="undefined" />
	<Point X="381" Y="324" T="undefined" />
	<Point X="382" Y="321" T="undefined" />
	<Point X="383" Y="318" T="undefined" />
	<Point X="385" Y="315" T="undefined" />
	<Point X="385" Y="312" T="undefined" />
	<Point X="386" Y="310" T="undefined" />
	<Point X="387" Y="307" T="undefined" />
	<Point X="387" Y="303" T="undefined" />
	<Point X="388" Y="300" T="undefined" />
	<Point X="389" Y="296" T="undefined" />
	<Point X="390" Y="291" T="undefined" />
	<Point X="390" Y="288" T="undefined" />
	<Point X="390" Y="284" T="undefined" />
	<Point X="391" Y="281" T="undefined" />
	<Point X="391" Y="278" T="undefined" />
	<Point X="391" Y="274" T="undefined" />
	<Point X="391" Y="271" T="undefined" />
	<Point X="391" Y="268" T="undefined" />
	<Point X="391" Y="265" T="undefined" />
	<Point X="391" Y="263" T="undefined" />
	<Point X="391" Y="260" T="undefined" />
	<Point X="391" Y="257" T="undefined" />
	<Point X="391" Y="255" T="undefined" />
	<Point X="390" Y="252" T="undefined" />
	<Point X="390" Y="250" T="undefined" />
	<Point X="389" Y="247" T="undefined" />
	<Point X="388" Y="244" T="undefined" />
	<Point X="388" Y="242" T="undefined" />
	<Point X="387" Y="238" T="undefined" />
	<Point X="386" Y="235" T="undefined" />
	<Point X="385" Y="233" T="undefined" />
	<Point X="384" Y="230" T="undefined" />
	<Point X="383" Y="227" T="undefined" />
	<Point X="382" Y="224" T="undefined" />
	<Point X="381" Y="222" T="undefined" />
	<Point X="379" Y="220" T="undefined" />
	<Point X="378" Y="218" T="undefined" />
	<Point X="377" Y="216" T="undefined" />
	<Point X="375" Y="214" T="undefined" />
	<Point X="374" Y="211" T="undefined" />
	<Point X="373" Y="209" T="undefined" />
	<Point X="371" Y="206" T="undefined" />
	<Point X="369" Y="204" T="undefined" />
	<Point X="367" Y="202" T="undefined" />
	<Point X="366" Y="200" T="undefined" />
	<Point X="363" Y="197" T="undefined" />
	<Point X="362" Y="195" T="undefined" />
	<Point X="360" Y="192" T="undefined" />
	<Point X="358" Y="190" T="undefined" />
	<Point X="356" Y="188" T="undefined" />
	<Point X="354" Y="186" T="undefined" />
	<Point X="353" Y="184" T="undefined" />
	<Point X="350" Y="183" T="undefined" />
	<Point X="349" Y="181" T="undefined" />
	<Point X="346" Y="180" T="undefined" />
	<Point X="344" Y="179" T="undefined" />
	<Point X="343" Y="178" T="undefined" />
	<Point X="341" Y="177" T="undefined" />
	<Point X="339" Y="176" T="undefined" />
	<Point X="337" Y="175" T="undefined" />
	<Point X="336" Y="174" T="undefined" />
	<Point X="333" Y="172" T="undefined" />
	<Point X="332" Y="171" T="undefined" />
	<Point X="329" Y="169" T="undefined" />
	<Point X="327" Y="168" T="undefined" />
	<Point X="325" Y="166" T="undefined" />
	<Point X="323" Y="165" T="undefined" />
	<Point X="321" Y="164" T="undefined" />
	<Point X="319" Y="163" T="undefined" />
	<Point X="317" Y="161" T="undefined" />
	<Point X="315" Y="161" T="undefined" />
	<Point X="313" Y="160" T="undefined" />
	<Point X="312" Y="160" T="undefined" />
	<Point X="311" Y="159" T="undefined" />
	<Point X="309" Y="159" T="undefined" />
	<Point X="307" Y="158" T="undefined" />
	<Point X="305" Y="158" T="undefined" />
	<Point X="304" Y="157" T="undefined" />
	<Point X="301" Y="156" T="undefined" />
	<Point X="300" Y="156" T="undefined" />
	<Point X="298" Y="156" T="undefined" />
	<Point X="296" Y="155" T="undefined" />
	<Point X="294" Y="155" T="undefined" />
	<Point X="292" Y="154" T="undefined" />
	<Point X="289" Y="153" T="undefined" />
	<Point X="288" Y="152" T="undefined" />
	<Point X="286" Y="152" T="undefined" />
	<Point X="284" Y="151" T="undefined" />
	<Point X="283" Y="151" T="undefined" />
	<Point X="281" Y="151" T="undefined" />
	<Point X="279" Y="150" T="undefined" />
	<Point X="278" Y="150" T="undefined" />
	<Point X="276" Y="149" T="undefined" />
	<Point X="274" Y="148" T="undefined" />
	<Point X="272" Y="148" T="undefined" />
	<Point X="270" Y="148" T="undefined" />
	<Point X="268" Y="148" T="undefined" />
	<Point X="267" Y="147" T="undefined" />
	<Point X="264" Y="147" T="undefined" />
	<Point X="263" Y="147" T="undefined" />
	<Point X="260" Y="147" T="undefined" />
	<Point X="259" Y="146" T="undefined" />
	<Point X="257" Y="146" T="undefined" />
	<Point X="255" Y="146" T="undefined" />
	<Point X="254" Y="145" T="undefined" />
	<Point X="253" Y="145" T="undefined" />
	<Point X="253" Y="144" T="undefined" />
	<Point X="251" Y="144" T="undefined" />
	<Point X="250" Y="144" T="undefined" />
</Gesture>