<?xml version="1.0" encoding="utf-8" standalone="yes"?>
<Gesture Name="Delete1" NumPts="180">
	<Point X="153" Y="138" T="undefined" />
	<Point X="153" Y="138" T="undefined" />
	<Point X="153" Y="139" T="undefined" />
	<Point X="153" Y="140" T="undefined" />
	<Point X="155" Y="142" T="undefined" />
	<Point X="157" Y="145" T="undefined" />
	<Point X="159" Y="148" T="undefined" />
	<Point X="162" Y="153" T="undefined" />
	<Point X="165" Y="158" T="undefined" />
	<Point X="168" Y="164" T="undefined" />
	<Point X="171" Y="169" T="undefined" />
	<Point X="175" Y="177" T="undefined" />
	<Point X="178" Y="183" T="undefined" />
	<Point X="182" Y="191" T="undefined" />
	<Point X="185" Y="199" T="undefined" />
	<Point X="190" Y="210" T="undefined" />
	<Point X="194" Y="220" T="undefined" />
	<Point X="198" Y="230" T="undefined" />
	<Point X="202" Y="241" T="undefined" />
	<Point X="206" Y="251" T="undefined" />
	<Point X="210" Y="261" T="undefined" />
	<Point X="213" Y="268" T="undefined" />
	<Point X="218" Y="281" T="undefined" />
	<Point X="221" Y="288" T="undefined" />
	<Point X="224" Y="296" T="undefined" />
	<Point X="227" Y="303" T="undefined" />
	<Point X="230" Y="309" T="undefined" />
	<Point X="233" Y="315" T="undefined" />
	<Point X="236" Y="319" T="undefined" />
	<Point X="239" Y="325" T="undefined" />
	<Point X="240" Y="328" T="undefined" />
	<Point X="244" Y="333" T="undefined" />
	<Point X="245" Y="336" T="undefined" />
	<Point X="247" Y="338" T="undefined" />
	<Point X="248" Y="341" T="undefined" />
	<Point X="249" Y="344" T="undefined" />
	<Point X="251" Y="346" T="undefined" />
	<Point X="252" Y="347" T="undefined" />
	<Point X="253" Y="349" T="undefined" />
	<Point X="254" Y="350" T="undefined" />
	<Point X="255" Y="351" T="undefined" />
	<Point X="255" Y="352" T="undefined" />
	<Point X="256" Y="353" T="undefined" />
	<Point X="256" Y="354" T="undefined" />
	<Point X="257" Y="355" T="undefined" />
	<Point X="257" Y="356" T="undefined" />
	<Point X="258" Y="357" T="undefined" />
	<Point X="259" Y="358" T="undefined" />
	<Point X="259" Y="359" T="undefined" />
	<Point X="260" Y="359" T="undefined" />
	<Point X="260" Y="360" T="undefined" />
	<Point X="260" Y="361" T="undefined" />
	<Point X="260" Y="362" T="undefined" />
	<Point X="261" Y="362" T="undefined" />
	<Point X="262" Y="362" T="undefined" />
	<Point X="262" Y="363" T="undefined" />
	<Point X="263" Y="363" T="undefined" />
	<Point X="264" Y="363" T="undefined" />
	<Point X="264" Y="364" T="undefined" />
	<Point X="264" Y="365" T="undefined" />
	<Point X="265" Y="365" T="undefined" />
	<Point X="265" Y="366" T="undefined" />
	<Point X="264" Y="366" T="undefined" />
	<Point X="263" Y="366" T="undefined" />
	<Point X="262" Y="366" T="undefined" />
	<Point X="261" Y="366" T="undefined" />
	<Point X="258" Y="367" T="undefined" />
	<Point X="257" Y="367" T="undefined" />
	<Point X="253" Y="367" T="undefined" />
	<Point X="250" Y="367" T="undefined" />
	<Point X="246" Y="367" T="undefined" />
	<Point X="242" Y="367" T="undefined" />
	<Point X="236" Y="367" T="undefined" />
	<Point X="231" Y="367" T="undefined" />
	<Point X="225" Y="367" T="undefined" />
	<Point X="221" Y="367" T="undefined" />
	<Point X="215" Y="368" T="undefined" />
	<Point X="209" Y="368" T="undefined" />
	<Point X="205" Y="369" T="undefined" />
	<Point X="201" Y="369" T="undefined" />
	<Point X="196" Y="369" T="undefined" />
	<Point X="193" Y="369" T="undefined" />
	<Point X="189" Y="369" T="undefined" />
	<Point X="186" Y="369" T="undefined" />
	<Point X="183" Y="369" T="undefined" />
	<Point X="178" Y="369" T="undefined" />
	<Point X="176" Y="369" T="undefined" />
	<Point X="173" Y="369" T="undefined" />
	<Point X="171" Y="369" T="undefined" />
	<Point X="168" Y="369" T="undefined" />
	<Point X="166" Y="369" T="undefined" />
	<Point X="163" Y="369" T="undefined" />
	<Point X="161" Y="369" T="undefined" />
	<Point X="159" Y="369" T="undefined" />
	<Point X="157" Y="369" T="undefined" />
	<Point X="155" Y="369" T="undefined" />
	<Point X="152" Y="369" T="undefined" />
	<Point X="150" Y="369" T="undefined" />
	<Point X="148" Y="369" T="undefined" />
	<Point X="145" Y="369" T="undefined" />
	<Point X="143" Y="369" T="undefined" />
	<Point X="140" Y="369" T="undefined" />
	<Point X="138" Y="369" T="undefined" />
	<Point X="136" Y="369" T="undefined" />
	<Point X="134" Y="369" T="undefined" />
	<Point X="131" Y="369" T="undefined" />
	<Point X="129" Y="368" T="undefined" />
	<Point X="127" Y="368" T="undefined" />
	<Point X="126" Y="368" T="undefined" />
	<Point X="123" Y="368" T="undefined" />
	<Point X="121" Y="367" T="undefined" />
	<Point X="119" Y="367" T="undefined" />
	<Point X="118" Y="367" T="undefined" />
	<Point X="116" Y="367" T="undefined" />
	<Point X="114" Y="367" T="undefined" />
	<Point X="113" Y="367" T="undefined" />
	<Point X="112" Y="367" T="undefined" />
	<Point X="111" Y="366" T="undefined" />
	<Point X="111" Y="365" T="undefined" />
	<Point X="111" Y="364" T="undefined" />
	<Point X="113" Y="363" T="undefined" />
	<Point X="114" Y="362" T="undefined" />
	<Point X="116" Y="362" T="undefined" />
	<Point X="118" Y="360" T="undefined" />
	<Point X="121" Y="359" T="undefined" />
	<Point X="123" Y="357" T="undefined" />
	<Point X="126" Y="356" T="undefined" />
	<Point X="130" Y="353" T="undefined" />
	<Point X="134" Y="350" T="undefined" />
	<Point X="140" Y="347" T="undefined" />
	<Point X="146" Y="343" T="undefined" />
	<Point X="151" Y="339" T="undefined" />
	<Point X="157" Y="334" T="undefined" />
	<Point X="165" Y="329" T="undefined" />
	<Point X="170" Y="325" T="undefined" />
	<Point X="176" Y="320" T="undefined" />
	<Point X="181" Y="316" T="undefined" />
	<Point X="185" Y="313" T="undefined" />
	<Point X="192" Y="307" T="undefined" />
	<Point X="196" Y="302" T="undefined" />
	<Point X="201" Y="298" T="undefined" />
	<Point X="206" Y="292" T="undefined" />
	<Point X="210" Y="288" T="undefined" />
	<Point X="215" Y="282" T="undefined" />
	<Point X="220" Y="276" T="undefined" />
	<Point X="224" Y="272" T="undefined" />
	<Point X="228" Y="267" T="undefined" />
	<Point X="234" Y="262" T="undefined" />
	<Point X="238" Y="258" T="undefined" />
	<Point X="242" Y="253" T="undefined" />
	<Point X="246" Y="248" T="undefined" />
	<Point X="249" Y="245" T="undefined" />
	<Point X="253" Y="241" T="undefined" />
	<Point X="257" Y="236" T="undefined" />
	<Point X="261" Y="231" T="undefined" />
	<Point X="264" Y="227" T="undefined" />
	<Point X="267" Y="224" T="undefined" />
	<Point X="271" Y="219" T="undefined" />
	<Point X="274" Y="214" T="undefined" />
	<Point X="277" Y="210" T="undefined" />
	<Point X="280" Y="206" T="undefined" />
	<Point X="284" Y="201" T="undefined" />
	<Point X="287" Y="198" T="undefined" />
	<Point X="289" Y="195" T="undefined" />
	<Point X="292" Y="191" T="undefined" />
	<Point X="294" Y="188" T="undefined" />
	<Point X="296" Y="185" T="undefined" />
	<Point X="298" Y="183" T="undefined" />
	<Point X="300" Y="180" T="undefined" />
	<Point X="302" Y="178" T="undefined" />
	<Point X="303" Y="176" T="undefined" />
	<Point X="304" Y="174" T="undefined" />
	<Point X="306" Y="172" T="undefined" />
	<Point X="307" Y="171" T="undefined" />
	<Point X="308" Y="169" T="undefined" />
	<Point X="309" Y="168" T="undefined" />
	<Point X="310" Y="167" T="undefined" />
	<Point X="310" Y="166" T="undefined" />
	<Point X="311" Y="165" T="undefined" />
	<Point X="311" Y="164" T="undefined" />
</Gesture>