<?xml version="1.0" encoding="utf-8" standalone="yes"?>
<Gesture Name="Delete8" NumPts="89">
	<Point X="143" Y="155" T="undefined" />
	<Point X="144" Y="155" T="undefined" />
	<Point X="145" Y="155" T="undefined" />
	<Point X="147" Y="158" T="undefined" />
	<Point X="149" Y="161" T="undefined" />
	<Point X="152" Y="165" T="undefined" />
	<Point X="156" Y="169" T="undefined" />
	<Point X="160" Y="174" T="undefined" />
	<Point X="165" Y="181" T="undefined" />
	<Point X="170" Y="188" T="undefined" />
	<Point X="176" Y="197" T="undefined" />
	<Point X="183" Y="208" T="undefined" />
	<Point X="188" Y="217" T="undefined" />
	<Point X="195" Y="230" T="undefined" />
	<Point X="203" Y="243" T="undefined" />
	<Point X="210" Y="257" T="undefined" />
	<Point X="215" Y="267" T="undefined" />
	<Point X="225" Y="286" T="undefined" />
	<Point X="231" Y="298" T="undefined" />
	<Point X="239" Y="314" T="undefined" />
	<Point X="248" Y="329" T="undefined" />
	<Point X="254" Y="341" T="undefined" />
	<Point X="260" Y="352" T="undefined" />
	<Point X="266" Y="362" T="undefined" />
	<Point X="273" Y="373" T="undefined" />
	<Point X="277" Y="382" T="undefined" />
	<Point X="283" Y="390" T="undefined" />
	<Point X="286" Y="396" T="undefined" />
	<Point X="290" Y="402" T="undefined" />
	<Point X="293" Y="406" T="undefined" />
	<Point X="295" Y="408" T="undefined" />
	<Point X="297" Y="411" T="undefined" />
	<Point X="298" Y="413" T="undefined" />
	<Point X="299" Y="414" T="undefined" />
	<Point X="299" Y="415" T="undefined" />
	<Point X="298" Y="416" T="undefined" />
	<Point X="296" Y="418" T="undefined" />
	<Point X="293" Y="419" T="undefined" />
	<Point X="289" Y="420" T="undefined" />
	<Point X="283" Y="422" T="undefined" />
	<Point X="275" Y="423" T="undefined" />
	<Point X="266" Y="425" T="undefined" />
	<Point X="255" Y="428" T="undefined" />
	<Point X="243" Y="429" T="undefined" />
	<Point X="230" Y="430" T="undefined" />
	<Point X="217" Y="430" T="undefined" />
	<Point X="198" Y="432" T="undefined" />
	<Point X="186" Y="433" T="undefined" />
	<Point X="173" Y="433" T="undefined" />
	<Point X="159" Y="433" T="undefined" />
	<Point X="148" Y="433" T="undefined" />
	<Point X="140" Y="433" T="undefined" />
	<Point X="134" Y="433" T="undefined" />
	<Point X="128" Y="433" T="undefined" />
	<Point X="123" Y="433" T="undefined" />
	<Point X="120" Y="433" T="undefined" />
	<Point X="118" Y="433" T="undefined" />
	<Point X="117" Y="433" T="undefined" />
	<Point X="117" Y="432" T="undefined" />
	<Point X="117" Y="431" T="undefined" />
	<Point X="118" Y="430" T="undefined" />
	<Point X="120" Y="428" T="undefined" />
	<Point X="123" Y="425" T="undefined" />
	<Point X="127" Y="421" T="undefined" />
	<Point X="133" Y="416" T="undefined" />
	<Point X="139" Y="410" T="undefined" />
	<Point X="147" Y="401" T="undefined" />
	<Point X="156" Y="393" T="undefined" />
	<Point X="165" Y="383" T="undefined" />
	<Point X="178" Y="369" T="undefined" />
	<Point X="190" Y="355" T="undefined" />
	<Point X="200" Y="344" T="undefined" />
	<Point X="214" Y="327" T="undefined" />
	<Point X="226" Y="313" T="undefined" />
	<Point X="242" Y="292" T="undefined" />
	<Point X="257" Y="273" T="undefined" />
	<Point X="267" Y="261" T="undefined" />
	<Point X="281" Y="242" T="undefined" />
	<Point X="297" Y="221" T="undefined" />
	<Point X="304" Y="211" T="undefined" />
	<Point X="313" Y="199" T="undefined" />
	<Point X="322" Y="188" T="undefined" />
	<Point X="327" Y="181" T="undefined" />
	<Point X="331" Y="176" T="undefined" />
	<Point X="335" Y="170" T="undefined" />
	<Point X="338" Y="167" T="undefined" />
	<Point X="339" Y="164" T="undefined" />
	<Point X="340" Y="162" T="undefined" />
	<Point X="341" Y="161" T="undefined" />
</Gesture>