<?xml version="1.0" encoding="utf-8" standalone="yes"?>
<Gesture Name="Delete0" NumPts="181">
	<Point X="172" Y="174" T="undefined" />
	<Point X="172" Y="175" T="undefined" />
	<Point X="172" Y="176" T="undefined" />
	<Point X="174" Y="177" T="undefined" />
	<Point X="175" Y="179" T="undefined" />
	<Point X="177" Y="182" T="undefined" />
	<Point X="180" Y="184" T="undefined" />
	<Point X="182" Y="187" T="undefined" />
	<Point X="186" Y="190" T="undefined" />
	<Point X="188" Y="193" T="undefined" />
	<Point X="192" Y="197" T="undefined" />
	<Point X="195" Y="201" T="undefined" />
	<Point X="199" Y="206" T="undefined" />
	<Point X="203" Y="211" T="undefined" />
	<Point X="208" Y="216" T="undefined" />
	<Point X="213" Y="223" T="undefined" />
	<Point X="219" Y="230" T="undefined" />
	<Point X="225" Y="238" T="undefined" />
	<Point X="232" Y="249" T="undefined" />
	<Point X="237" Y="255" T="undefined" />
	<Point X="244" Y="266" T="undefined" />
	<Point X="250" Y="274" T="undefined" />
	<Point X="258" Y="283" T="undefined" />
	<Point X="263" Y="290" T="undefined" />
	<Point X="270" Y="299" T="undefined" />
	<Point X="277" Y="306" T="undefined" />
	<Point X="282" Y="312" T="undefined" />
	<Point X="287" Y="318" T="undefined" />
	<Point X="292" Y="323" T="undefined" />
	<Point X="297" Y="329" T="undefined" />
	<Point X="301" Y="334" T="undefined" />
	<Point X="305" Y="339" T="undefined" />
	<Point X="308" Y="342" T="undefined" />
	<Point X="312" Y="347" T="undefined" />
	<Point X="316" Y="351" T="undefined" />
	<Point X="319" Y="355" T="undefined" />
	<Point X="321" Y="359" T="undefined" />
	<Point X="325" Y="363" T="undefined" />
	<Point X="327" Y="366" T="undefined" />
	<Point X="330" Y="369" T="undefined" />
	<Point X="332" Y="372" T="undefined" />
	<Point X="334" Y="374" T="undefined" />
	<Point X="336" Y="377" T="undefined" />
	<Point X="338" Y="379" T="undefined" />
	<Point X="340" Y="381" T="undefined" />
	<Point X="342" Y="383" T="undefined" />
	<Point X="343" Y="385" T="undefined" />
	<Point X="345" Y="387" T="undefined" />
	<Point X="346" Y="388" T="undefined" />
	<Point X="347" Y="389" T="undefined" />
	<Point X="348" Y="391" T="undefined" />
	<Point X="349" Y="392" T="undefined" />
	<Point X="350" Y="393" T="undefined" />
	<Point X="351" Y="393" T="undefined" />
	<Point X="352" Y="395" T="undefined" />
	<Point X="353" Y="396" T="undefined" />
	<Point X="353" Y="397" T="undefined" />
	<Point X="354" Y="397" T="undefined" />
	<Point X="354" Y="398" T="undefined" />
	<Point X="354" Y="399" T="undefined" />
	<Point X="353" Y="399" T="undefined" />
	<Point X="351" Y="400" T="undefined" />
	<Point X="349" Y="400" T="undefined" />
	<Point X="347" Y="401" T="undefined" />
	<Point X="343" Y="401" T="undefined" />
	<Point X="340" Y="402" T="undefined" />
	<Point X="336" Y="403" T="undefined" />
	<Point X="331" Y="403" T="undefined" />
	<Point X="326" Y="404" T="undefined" />
	<Point X="322" Y="404" T="undefined" />
	<Point X="316" Y="404" T="undefined" />
	<Point X="310" Y="404" T="undefined" />
	<Point X="304" Y="405" T="undefined" />
	<Point X="299" Y="405" T="undefined" />
	<Point X="292" Y="405" T="undefined" />
	<Point X="287" Y="405" T="undefined" />
	<Point X="281" Y="405" T="undefined" />
	<Point X="275" Y="406" T="undefined" />
	<Point X="271" Y="406" T="undefined" />
	<Point X="263" Y="407" T="undefined" />
	<Point X="256" Y="407" T="undefined" />
	<Point X="252" Y="407" T="undefined" />
	<Point X="246" Y="408" T="undefined" />
	<Point X="240" Y="408" T="undefined" />
	<Point X="234" Y="408" T="undefined" />
	<Point X="229" Y="409" T="undefined" />
	<Point X="225" Y="409" T="undefined" />
	<Point X="219" Y="411" T="undefined" />
	<Point X="215" Y="411" T="undefined" />
	<Point X="211" Y="412" T="undefined" />
	<Point X="208" Y="412" T="undefined" />
	<Point X="205" Y="413" T="undefined" />
	<Point X="202" Y="414" T="undefined" />
	<Point X="199" Y="414" T="undefined" />
	<Point X="196" Y="415" T="undefined" />
	<Point X="195" Y="415" T="undefined" />
	<Point X="193" Y="415" T="undefined" />
	<Point X="191" Y="416" T="undefined" />
	<Point X="190" Y="416" T="undefined" />
	<Point X="188" Y="416" T="undefined" />
	<Point X="187" Y="416" T="undefined" />
	<Point X="187" Y="417" T="undefined" />
	<Point X="186" Y="417" T="undefined" />
	<Point X="185" Y="417" T="undefined" />
	<Point X="184" Y="417" T="undefined" />
	<Point X="184" Y="418" T="undefined" />
	<Point X="183" Y="418" T="undefined" />
	<Point X="182" Y="418" T="undefined" />
	<Point X="180" Y="418" T="undefined" />
	<Point X="180" Y="419" T="undefined" />
	<Point X="179" Y="419" T="undefined" />
	<Point X="178" Y="419" T="undefined" />
	<Point X="177" Y="419" T="undefined" />
	<Point X="176" Y="419" T="undefined" />
	<Point X="174" Y="419" T="undefined" />
	<Point X="173" Y="419" T="undefined" />
	<Point X="172" Y="419" T="undefined" />
	<Point X="171" Y="419" T="undefined" />
	<Point X="169" Y="420" T="undefined" />
	<Point X="168" Y="420" T="undefined" />
	<Point X="167" Y="420" T="undefined" />
	<Point X="166" Y="420" T="undefined" />
	<Point X="165" Y="420" T="undefined" />
	<Point X="164" Y="420" T="undefined" />
	<Point X="163" Y="420" T="undefined" />
	<Point X="164" Y="419" T="undefined" />
	<Point X="164" Y="418" T="undefined" />
	<Point X="166" Y="417" T="undefined" />
	<Point X="168" Y="415" T="undefined" />
	<Point X="170" Y="412" T="undefined" />
	<Point X="173" Y="411" T="undefined" />
	<Point X="176" Y="408" T="undefined" />
	<Point X="179" Y="405" T="undefined" />
	<Point X="184" Y="401" T="undefined" />
	<Point X="188" Y="397" T="undefined" />
	<Point X="193" Y="394" T="undefined" />
	<Point X="199" Y="389" T="undefined" />
	<Point X="205" Y="384" T="undefined" />
	<Point X="213" Y="376" T="undefined" />
	<Point X="218" Y="371" T="undefined" />
	<Point X="226" Y="362" T="undefined" />
	<Point X="236" Y="351" T="undefined" />
	<Point X="242" Y="344" T="undefined" />
	<Point X="251" Y="335" T="undefined" />
	<Point X="259" Y="324" T="undefined" />
	<Point X="268" Y="315" T="undefined" />
	<Point X="274" Y="307" T="undefined" />
	<Point X="280" Y="300" T="undefined" />
	<Point X="288" Y="290" T="undefined" />
	<Point X="294" Y="283" T="undefined" />
	<Point X="299" Y="277" T="undefined" />
	<Point X="305" Y="270" T="undefined" />
	<Point X="311" Y="265" T="undefined" />
	<Point X="316" Y="259" T="undefined" />
	<Point X="320" Y="254" T="undefined" />
	<Point X="325" Y="250" T="undefined" />
	<Point X="329" Y="246" T="undefined" />
	<Point X="333" Y="242" T="undefined" />
	<Point X="336" Y="238" T="undefined" />
	<Point X="339" Y="235" T="undefined" />
	<Point X="341" Y="232" T="undefined" />
	<Point X="344" Y="230" T="undefined" />
	<Point X="346" Y="227" T="undefined" />
	<Point X="349" Y="225" T="undefined" />
	<Point X="351" Y="222" T="undefined" />
	<Point X="353" Y="221" T="undefined" />
	<Point X="354" Y="219" T="undefined" />
	<Point X="356" Y="217" T="undefined" />
	<Point X="358" Y="215" T="undefined" />
	<Point X="360" Y="213" T="undefined" />
	<Point X="362" Y="210" T="undefined" />
	<Point X="365" Y="207" T="undefined" />
	<Point X="366" Y="205" T="undefined" />
	<Point X="368" Y="203" T="undefined" />
	<Point X="370" Y="201" T="undefined" />
	<Point X="371" Y="200" T="undefined" />
	<Point X="373" Y="198" T="undefined" />
	<Point X="374" Y="197" T="undefined" />
	<Point X="375" Y="196" T="undefined" />
	<Point X="375" Y="195" T="undefined" />
	<Point X="376" Y="195" T="undefined" />
</Gesture>