<?xml version="1.0" encoding="utf-8" standalone="yes"?>
<Gesture Name="Delete4" NumPts="107">
	<Point X="142" Y="129" T="undefined" />
	<Point X="142" Y="129" T="undefined" />
	<Point X="143" Y="129" T="undefined" />
	<Point X="143" Y="130" T="undefined" />
	<Point X="144" Y="131" T="undefined" />
	<Point X="147" Y="133" T="undefined" />
	<Point X="150" Y="135" T="undefined" />
	<Point X="153" Y="138" T="undefined" />
	<Point X="159" Y="142" T="undefined" />
	<Point X="165" Y="147" T="undefined" />
	<Point X="171" Y="152" T="undefined" />
	<Point X="179" Y="159" T="undefined" />
	<Point X="186" Y="165" T="undefined" />
	<Point X="196" Y="174" T="undefined" />
	<Point X="209" Y="186" T="undefined" />
	<Point X="219" Y="196" T="undefined" />
	<Point X="232" Y="210" T="undefined" />
	<Point X="242" Y="222" T="undefined" />
	<Point X="255" Y="237" T="undefined" />
	<Point X="269" Y="255" T="undefined" />
	<Point X="282" Y="271" T="undefined" />
	<Point X="296" Y="290" T="undefined" />
	<Point X="309" Y="310" T="undefined" />
	<Point X="321" Y="328" T="undefined" />
	<Point X="332" Y="344" T="undefined" />
	<Point X="343" Y="361" T="undefined" />
	<Point X="352" Y="375" T="undefined" />
	<Point X="358" Y="385" T="undefined" />
	<Point X="364" Y="395" T="undefined" />
	<Point X="369" Y="403" T="undefined" />
	<Point X="373" Y="410" T="undefined" />
	<Point X="375" Y="415" T="undefined" />
	<Point X="377" Y="419" T="undefined" />
	<Point X="378" Y="421" T="undefined" />
	<Point X="379" Y="424" T="undefined" />
	<Point X="380" Y="425" T="undefined" />
	<Point X="380" Y="426" T="undefined" />
	<Point X="380" Y="426" T="undefined" />
	<Point X="379" Y="426" T="undefined" />
	<Point X="376" Y="424" T="undefined" />
	<Point X="371" Y="422" T="undefined" />
	<Point X="366" Y="421" T="undefined" />
	<Point X="360" Y="419" T="undefined" />
	<Point X="351" Y="416" T="undefined" />
	<Point X="338" Y="413" T="undefined" />
	<Point X="323" Y="411" T="undefined" />
	<Point X="311" Y="408" T="undefined" />
	<Point X="298" Y="407" T="undefined" />
	<Point X="281" Y="406" T="undefined" />
	<Point X="267" Y="405" T="undefined" />
	<Point X="251" Y="405" T="undefined" />
	<Point X="236" Y="408" T="undefined" />
	<Point X="219" Y="410" T="undefined" />
	<Point X="206" Y="413" T="undefined" />
	<Point X="194" Y="415" T="undefined" />
	<Point X="184" Y="416" T="undefined" />
	<Point X="177" Y="417" T="undefined" />
	<Point X="173" Y="417" T="undefined" />
	<Point X="169" Y="417" T="undefined" />
	<Point X="166" Y="417" T="undefined" />
	<Point X="164" Y="417" T="undefined" />
	<Point X="163" Y="417" T="undefined" />
	<Point X="161" Y="416" T="undefined" />
	<Point X="160" Y="416" T="undefined" />
	<Point X="159" Y="416" T="undefined" />
	<Point X="158" Y="416" T="undefined" />
	<Point X="158" Y="415" T="undefined" />
	<Point X="157" Y="415" T="undefined" />
	<Point X="156" Y="415" T="undefined" />
	<Point X="156" Y="414" T="undefined" />
	<Point X="156" Y="413" T="undefined" />
	<Point X="156" Y="412" T="undefined" />
	<Point X="156" Y="411" T="undefined" />
	<Point X="156" Y="410" T="undefined" />
	<Point X="156" Y="408" T="undefined" />
	<Point X="157" Y="404" T="undefined" />
	<Point X="158" Y="400" T="undefined" />
	<Point X="159" Y="396" T="undefined" />
	<Point X="161" Y="390" T="undefined" />
	<Point X="165" Y="382" T="undefined" />
	<Point X="168" Y="374" T="undefined" />
	<Point X="171" Y="366" T="undefined" />
	<Point X="176" Y="354" T="undefined" />
	<Point X="181" Y="343" T="undefined" />
	<Point X="187" Y="332" T="undefined" />
	<Point X="193" Y="321" T="undefined" />
	<Point X="203" Y="304" T="undefined" />
	<Point X="212" Y="289" T="undefined" />
	<Point X="220" Y="278" T="undefined" />
	<Point X="232" Y="261" T="undefined" />
	<Point X="245" Y="242" T="undefined" />
	<Point X="255" Y="231" T="undefined" />
	<Point X="268" Y="217" T="undefined" />
	<Point X="282" Y="202" T="undefined" />
	<Point X="291" Y="191" T="undefined" />
	<Point X="301" Y="181" T="undefined" />
	<Point X="310" Y="172" T="undefined" />
	<Point X="317" Y="164" T="undefined" />
	<Point X="323" Y="159" T="undefined" />
	<Point X="327" Y="154" T="undefined" />
	<Point X="331" Y="151" T="undefined" />
	<Point X="333" Y="148" T="undefined" />
	<Point X="335" Y="146" T="undefined" />
	<Point X="337" Y="144" T="undefined" />
	<Point X="338" Y="143" T="undefined" />
	<Point X="339" Y="142" T="undefined" />
	<Point X="339" Y="141" T="undefined" />
</Gesture>