<?xml version="1.0" encoding="utf-8" standalone="yes"?>
<Gesture Name="Delete2" NumPts="138">
	<Point X="142" Y="146" T="undefined" />
	<Point X="142" Y="146" T="undefined" />
	<Point X="142" Y="147" T="undefined" />
	<Point X="144" Y="149" T="undefined" />
	<Point X="145" Y="152" T="undefined" />
	<Point X="148" Y="156" T="undefined" />
	<Point X="150" Y="159" T="undefined" />
	<Point X="154" Y="164" T="undefined" />
	<Point X="157" Y="168" T="undefined" />
	<Point X="161" Y="173" T="undefined" />
	<Point X="167" Y="181" T="undefined" />
	<Point X="171" Y="185" T="undefined" />
	<Point X="178" Y="194" T="undefined" />
	<Point X="185" Y="202" T="undefined" />
	<Point X="193" Y="213" T="undefined" />
	<Point X="201" Y="223" T="undefined" />
	<Point X="210" Y="233" T="undefined" />
	<Point X="221" Y="246" T="undefined" />
	<Point X="230" Y="257" T="undefined" />
	<Point X="241" Y="270" T="undefined" />
	<Point X="249" Y="279" T="undefined" />
	<Point X="257" Y="289" T="undefined" />
	<Point X="270" Y="303" T="undefined" />
	<Point X="273" Y="308" T="undefined" />
	<Point X="281" Y="317" T="undefined" />
	<Point X="288" Y="325" T="undefined" />
	<Point X="293" Y="331" T="undefined" />
	<Point X="299" Y="340" T="undefined" />
	<Point X="304" Y="346" T="undefined" />
	<Point X="308" Y="351" T="undefined" />
	<Point X="312" Y="357" T="undefined" />
	<Point X="315" Y="362" T="undefined" />
	<Point X="318" Y="366" T="undefined" />
	<Point X="320" Y="370" T="undefined" />
	<Point X="322" Y="374" T="undefined" />
	<Point X="324" Y="377" T="undefined" />
	<Point X="326" Y="381" T="undefined" />
	<Point X="328" Y="384" T="undefined" />
	<Point X="329" Y="387" T="undefined" />
	<Point X="331" Y="390" T="undefined" />
	<Point X="333" Y="394" T="undefined" />
	<Point X="334" Y="395" T="undefined" />
	<Point X="335" Y="398" T="undefined" />
	<Point X="337" Y="400" T="undefined" />
	<Point X="338" Y="402" T="undefined" />
	<Point X="338" Y="404" T="undefined" />
	<Point X="339" Y="406" T="undefined" />
	<Point X="340" Y="407" T="undefined" />
	<Point X="341" Y="409" T="undefined" />
	<Point X="342" Y="410" T="undefined" />
	<Point X="342" Y="412" T="undefined" />
	<Point X="343" Y="412" T="undefined" />
	<Point X="343" Y="413" T="undefined" />
	<Point X="344" Y="414" T="undefined" />
	<Point X="345" Y="414" T="undefined" />
	<Point X="345" Y="415" T="undefined" />
	<Point X="345" Y="416" T="undefined" />
	<Point X="344" Y="416" T="undefined" />
	<Point X="343" Y="416" T="undefined" />
	<Point X="341" Y="416" T="undefined" />
	<Point X="337" Y="416" T="undefined" />
	<Point X="334" Y="416" T="undefined" />
	<Point X="329" Y="416" T="undefined" />
	<Point X="324" Y="416" T="undefined" />
	<Point X="318" Y="416" T="undefined" />
	<Point X="313" Y="416" T="undefined" />
	<Point X="306" Y="416" T="undefined" />
	<Point X="298" Y="416" T="undefined" />
	<Point X="292" Y="416" T="undefined" />
	<Point X="284" Y="416" T="undefined" />
	<Point X="278" Y="416" T="undefined" />
	<Point X="272" Y="416" T="undefined" />
	<Point X="264" Y="416" T="undefined" />
	<Point X="258" Y="416" T="undefined" />
	<Point X="251" Y="416" T="undefined" />
	<Point X="243" Y="416" T="undefined" />
	<Point X="234" Y="416" T="undefined" />
	<Point X="228" Y="416" T="undefined" />
	<Point X="221" Y="416" T="undefined" />
	<Point X="215" Y="417" T="undefined" />
	<Point X="210" Y="417" T="undefined" />
	<Point X="203" Y="417" T="undefined" />
	<Point X="198" Y="417" T="undefined" />
	<Point X="191" Y="418" T="undefined" />
	<Point X="186" Y="419" T="undefined" />
	<Point X="180" Y="419" T="undefined" />
	<Point X="176" Y="420" T="undefined" />
	<Point X="172" Y="420" T="undefined" />
	<Point X="166" Y="420" T="undefined" />
	<Point X="162" Y="421" T="undefined" />
	<Point X="158" Y="421" T="undefined" />
	<Point X="154" Y="422" T="undefined" />
	<Point X="151" Y="422" T="undefined" />
	<Point X="149" Y="422" T="undefined" />
	<Point X="146" Y="422" T="undefined" />
	<Point X="143" Y="422" T="undefined" />
	<Point X="141" Y="422" T="undefined" />
	<Point X="138" Y="422" T="undefined" />
	<Point X="137" Y="422" T="undefined" />
	<Point X="135" Y="422" T="undefined" />
	<Point X="134" Y="422" T="undefined" />
	<Point X="133" Y="422" T="undefined" />
	<Point X="133" Y="421" T="undefined" />
	<Point X="133" Y="420" T="undefined" />
	<Point X="134" Y="419" T="undefined" />
	<Point X="136" Y="417" T="undefined" />
	<Point X="138" Y="414" T="undefined" />
	<Point X="141" Y="411" T="undefined" />
	<Point X="145" Y="407" T="undefined" />
	<Point X="148" Y="403" T="undefined" />
	<Point X="154" Y="398" T="undefined" />
	<Point X="161" Y="390" T="undefined" />
	<Point X="168" Y="383" T="undefined" />
	<Point X="175" Y="375" T="undefined" />
	<Point X="186" Y="363" T="undefined" />
	<Point X="196" Y="353" T="undefined" />
	<Point X="207" Y="341" T="undefined" />
	<Point X="218" Y="328" T="undefined" />
	<Point X="230" Y="312" T="undefined" />
	<Point X="243" Y="297" T="undefined" />
	<Point X="255" Y="281" T="undefined" />
	<Point X="265" Y="267" T="undefined" />
	<Point X="282" Y="246" T="undefined" />
	<Point X="295" Y="229" T="undefined" />
	<Point X="304" Y="218" T="undefined" />
	<Point X="316" Y="204" T="undefined" />
	<Point X="329" Y="192" T="undefined" />
	<Point X="339" Y="181" T="undefined" />
	<Point X="349" Y="171" T="undefined" />
	<Point X="357" Y="162" T="undefined" />
	<Point X="364" Y="155" T="undefined" />
	<Point X="368" Y="150" T="undefined" />
	<Point X="372" Y="145" T="undefined" />
	<Point X="374" Y="142" T="undefined" />
	<Point X="376" Y="139" T="undefined" />
	<Point X="378" Y="135" T="undefined" />
	<Point X="379" Y="133" T="undefined" />
	<Point X="380" Y="132" T="undefined" />
</Gesture>