<?xml version="1.0" encoding="utf-8" standalone="yes"?>
<Gesture Name="Delete5" NumPts="107">
	<Point X="199" Y="139" T="undefined" />
	<Point X="200" Y="139" T="undefined" />
	<Point X="201" Y="139" T="undefined" />
	<Point X="203" Y="140" T="undefined" />
	<Point X="206" Y="142" T="undefined" />
	<Point X="209" Y="144" T="undefined" />
	<Point X="212" Y="147" T="undefined" />
	<Point X="217" Y="151" T="undefined" />
	<Point X="220" Y="155" T="undefined" />
	<Point X="227" Y="161" T="undefined" />
	<Point X="232" Y="166" T="undefined" />
	<Point X="238" Y="172" T="undefined" />
	<Point X="246" Y="181" T="undefined" />
	<Point X="257" Y="192" T="undefined" />
	<Point X="267" Y="201" T="undefined" />
	<Point X="280" Y="215" T="undefined" />
	<Point X="292" Y="227" T="undefined" />
	<Point X="308" Y="243" T="undefined" />
	<Point X="318" Y="253" T="undefined" />
	<Point X="333" Y="267" T="undefined" />
	<Point X="344" Y="277" T="undefined" />
	<Point X="357" Y="290" T="undefined" />
	<Point X="367" Y="301" T="undefined" />
	<Point X="376" Y="309" T="undefined" />
	<Point X="385" Y="319" T="undefined" />
	<Point X="392" Y="326" T="undefined" />
	<Point X="398" Y="333" T="undefined" />
	<Point X="403" Y="338" T="undefined" />
	<Point X="407" Y="343" T="undefined" />
	<Point X="409" Y="347" T="undefined" />
	<Point X="412" Y="351" T="undefined" />
	<Point X="413" Y="354" T="undefined" />
	<Point X="414" Y="358" T="undefined" />
	<Point X="415" Y="359" T="undefined" />
	<Point X="415" Y="362" T="undefined" />
	<Point X="414" Y="363" T="undefined" />
	<Point X="414" Y="365" T="undefined" />
	<Point X="413" Y="366" T="undefined" />
	<Point X="412" Y="367" T="undefined" />
	<Point X="411" Y="368" T="undefined" />
	<Point X="410" Y="369" T="undefined" />
	<Point X="409" Y="370" T="undefined" />
	<Point X="407" Y="371" T="undefined" />
	<Point X="406" Y="372" T="undefined" />
	<Point X="405" Y="372" T="undefined" />
	<Point X="402" Y="374" T="undefined" />
	<Point X="400" Y="375" T="undefined" />
	<Point X="398" Y="376" T="undefined" />
	<Point X="395" Y="378" T="undefined" />
	<Point X="391" Y="379" T="undefined" />
	<Point X="386" Y="381" T="undefined" />
	<Point X="381" Y="383" T="undefined" />
	<Point X="374" Y="385" T="undefined" />
	<Point X="367" Y="387" T="undefined" />
	<Point X="357" Y="389" T="undefined" />
	<Point X="346" Y="391" T="undefined" />
	<Point X="337" Y="393" T="undefined" />
	<Point X="322" Y="394" T="undefined" />
	<Point X="310" Y="395" T="undefined" />
	<Point X="296" Y="397" T="undefined" />
	<Point X="284" Y="398" T="undefined" />
	<Point X="268" Y="398" T="undefined" />
	<Point X="254" Y="399" T="undefined" />
	<Point X="242" Y="400" T="undefined" />
	<Point X="231" Y="400" T="undefined" />
	<Point X="221" Y="400" T="undefined" />
	<Point X="214" Y="401" T="undefined" />
	<Point X="206" Y="401" T="undefined" />
	<Point X="199" Y="401" T="undefined" />
	<Point X="195" Y="401" T="undefined" />
	<Point X="191" Y="401" T="undefined" />
	<Point X="189" Y="401" T="undefined" />
	<Point X="187" Y="401" T="undefined" />
	<Point X="186" Y="401" T="undefined" />
	<Point X="186" Y="400" T="undefined" />
	<Point X="186" Y="399" T="undefined" />
	<Point X="188" Y="397" T="undefined" />
	<Point X="190" Y="395" T="undefined" />
	<Point X="194" Y="391" T="undefined" />
	<Point X="198" Y="385" T="undefined" />
	<Point X="202" Y="380" T="undefined" />
	<Point X="207" Y="374" T="undefined" />
	<Point X="214" Y="365" T="undefined" />
	<Point X="221" Y="357" T="undefined" />
	<Point X="229" Y="347" T="undefined" />
	<Point X="238" Y="334" T="undefined" />
	<Point X="248" Y="321" T="undefined" />
	<Point X="261" Y="303" T="undefined" />
	<Point X="271" Y="290" T="undefined" />
	<Point X="282" Y="276" T="undefined" />
	<Point X="294" Y="259" T="undefined" />
	<Point X="306" Y="243" T="undefined" />
	<Point X="318" Y="228" T="undefined" />
	<Point X="332" Y="211" T="undefined" />
	<Point X="344" Y="198" T="undefined" />
	<Point X="357" Y="183" T="undefined" />
	<Point X="367" Y="172" T="undefined" />
	<Point X="378" Y="161" T="undefined" />
	<Point X="388" Y="152" T="undefined" />
	<Point X="394" Y="145" T="undefined" />
	<Point X="401" Y="138" T="undefined" />
	<Point X="406" Y="134" T="undefined" />
	<Point X="408" Y="130" T="undefined" />
	<Point X="410" Y="127" T="undefined" />
	<Point X="412" Y="124" T="undefined" />
	<Point X="414" Y="122" T="undefined" />
	<Point X="414" Y="121" T="undefined" />
</Gesture>