<?xml version="1.0" encoding="utf-8" standalone="yes"?>
<Gesture Name="Delete9" NumPts="106">
	<Point X="187" Y="174" T="undefined" />
	<Point X="188" Y="174" T="undefined" />
	<Point X="189" Y="176" T="undefined" />
	<Point X="193" Y="178" T="undefined" />
	<Point X="197" Y="181" T="undefined" />
	<Point X="201" Y="184" T="undefined" />
	<Point X="205" Y="188" T="undefined" />
	<Point X="212" Y="194" T="undefined" />
	<Point X="216" Y="199" T="undefined" />
	<Point X="222" Y="205" T="undefined" />
	<Point X="229" Y="212" T="undefined" />
	<Point X="235" Y="219" T="undefined" />
	<Point X="240" Y="228" T="undefined" />
	<Point X="249" Y="240" T="undefined" />
	<Point X="256" Y="249" T="undefined" />
	<Point X="265" Y="264" T="undefined" />
	<Point X="273" Y="277" T="undefined" />
	<Point X="284" Y="292" T="undefined" />
	<Point X="295" Y="308" T="undefined" />
	<Point X="305" Y="322" T="undefined" />
	<Point X="316" Y="338" T="undefined" />
	<Point X="327" Y="350" T="undefined" />
	<Point X="339" Y="364" T="undefined" />
	<Point X="347" Y="374" T="undefined" />
	<Point X="355" Y="384" T="undefined" />
	<Point X="362" Y="392" T="undefined" />
	<Point X="366" Y="398" T="undefined" />
	<Point X="370" Y="405" T="undefined" />
	<Point X="373" Y="409" T="undefined" />
	<Point X="376" Y="414" T="undefined" />
	<Point X="377" Y="417" T="undefined" />
	<Point X="378" Y="420" T="undefined" />
	<Point X="378" Y="424" T="undefined" />
	<Point X="378" Y="427" T="undefined" />
	<Point X="378" Y="429" T="undefined" />
	<Point X="378" Y="431" T="undefined" />
	<Point X="378" Y="432" T="undefined" />
	<Point X="378" Y="433" T="undefined" />
	<Point X="378" Y="434" T="undefined" />
	<Point X="378" Y="435" T="undefined" />
	<Point X="377" Y="435" T="undefined" />
	<Point X="376" Y="435" T="undefined" />
	<Point X="375" Y="435" T="undefined" />
	<Point X="373" Y="435" T="undefined" />
	<Point X="370" Y="435" T="undefined" />
	<Point X="366" Y="435" T="undefined" />
	<Point X="361" Y="435" T="undefined" />
	<Point X="356" Y="435" T="undefined" />
	<Point X="345" Y="435" T="undefined" />
	<Point X="334" Y="437" T="undefined" />
	<Point X="323" Y="437" T="undefined" />
	<Point X="308" Y="438" T="undefined" />
	<Point X="290" Y="439" T="undefined" />
	<Point X="278" Y="439" T="undefined" />
	<Point X="257" Y="441" T="undefined" />
	<Point X="240" Y="441" T="undefined" />
	<Point X="222" Y="441" T="undefined" />
	<Point X="205" Y="441" T="undefined" />
	<Point X="190" Y="441" T="undefined" />
	<Point X="176" Y="442" T="undefined" />
	<Point X="166" Y="442" T="undefined" />
	<Point X="157" Y="442" T="undefined" />
	<Point X="150" Y="442" T="undefined" />
	<Point X="145" Y="442" T="undefined" />
	<Point X="141" Y="442" T="undefined" />
	<Point X="139" Y="442" T="undefined" />
	<Point X="138" Y="441" T="undefined" />
	<Point X="138" Y="440" T="undefined" />
	<Point X="140" Y="440" T="undefined" />
	<Point X="141" Y="439" T="undefined" />
	<Point X="144" Y="437" T="undefined" />
	<Point X="146" Y="435" T="undefined" />
	<Point X="150" Y="433" T="undefined" />
	<Point X="154" Y="430" T="undefined" />
	<Point X="159" Y="426" T="undefined" />
	<Point X="166" Y="420" T="undefined" />
	<Point X="173" Y="415" T="undefined" />
	<Point X="181" Y="407" T="undefined" />
	<Point X="190" Y="398" T="undefined" />
	<Point X="200" Y="388" T="undefined" />
	<Point X="210" Y="378" T="undefined" />
	<Point X="221" Y="366" T="undefined" />
	<Point X="230" Y="356" T="undefined" />
	<Point X="246" Y="338" T="undefined" />
	<Point X="258" Y="325" T="undefined" />
	<Point X="274" Y="308" T="undefined" />
	<Point X="287" Y="294" T="undefined" />
	<Point X="299" Y="282" T="undefined" />
	<Point X="308" Y="274" T="undefined" />
	<Point X="321" Y="264" T="undefined" />
	<Point X="332" Y="255" T="undefined" />
	<Point X="342" Y="247" T="undefined" />
	<Point X="350" Y="241" T="undefined" />
	<Point X="358" Y="236" T="undefined" />
	<Point X="365" Y="230" T="undefined" />
	<Point X="370" Y="226" T="undefined" />
	<Point X="376" Y="221" T="undefined" />
	<Point X="380" Y="217" T="undefined" />
	<Point X="383" Y="214" T="undefined" />
	<Point X="386" Y="210" T="undefined" />
	<Point X="389" Y="206" T="undefined" />
	<Point X="390" Y="204" T="undefined" />
	<Point X="392" Y="201" T="undefined" />
	<Point X="393" Y="200" T="undefined" />
	<Point X="394" Y="199" T="undefined" />
	<Point X="394" Y="198" T="undefined" />
</Gesture>