<?xml version="1.0" encoding="utf-8" standalone="yes"?>
<Gesture Name="Delete7" NumPts="99">
	<Point X="128" Y="101" T="undefined" />
	<Point X="128" Y="101" T="undefined" />
	<Point X="129" Y="101" T="undefined" />
	<Point X="131" Y="102" T="undefined" />
	<Point X="133" Y="104" T="undefined" />
	<Point X="137" Y="108" T="undefined" />
	<Point X="146" Y="117" T="undefined" />
	<Point X="150" Y="122" T="undefined" />
	<Point X="157" Y="130" T="undefined" />
	<Point X="169" Y="142" T="undefined" />
	<Point X="179" Y="154" T="undefined" />
	<Point X="189" Y="166" T="undefined" />
	<Point X="200" Y="180" T="undefined" />
	<Point X="211" Y="194" T="undefined" />
	<Point X="223" Y="212" T="undefined" />
	<Point X="237" Y="233" T="undefined" />
	<Point X="245" Y="248" T="undefined" />
	<Point X="256" Y="264" T="undefined" />
	<Point X="270" Y="285" T="undefined" />
	<Point X="277" Y="295" T="undefined" />
	<Point X="287" Y="310" T="undefined" />
	<Point X="293" Y="318" T="undefined" />
	<Point X="301" Y="329" T="undefined" />
	<Point X="310" Y="339" T="undefined" />
	<Point X="316" Y="347" T="undefined" />
	<Point X="320" Y="351" T="undefined" />
	<Point X="324" Y="355" T="undefined" />
	<Point X="327" Y="358" T="undefined" />
	<Point X="329" Y="361" T="undefined" />
	<Point X="330" Y="363" T="undefined" />
	<Point X="331" Y="365" T="undefined" />
	<Point X="331" Y="365" T="undefined" />
	<Point X="330" Y="365" T="undefined" />
	<Point X="329" Y="365" T="undefined" />
	<Point X="328" Y="365" T="undefined" />
	<Point X="327" Y="365" T="undefined" />
	<Point X="325" Y="365" T="undefined" />
	<Point X="322" Y="365" T="undefined" />
	<Point X="318" Y="365" T="undefined" />
	<Point X="314" Y="365" T="undefined" />
	<Point X="310" Y="365" T="undefined" />
	<Point X="304" Y="366" T="undefined" />
	<Point X="295" Y="367" T="undefined" />
	<Point X="286" Y="368" T="undefined" />
	<Point X="275" Y="369" T="undefined" />
	<Point X="264" Y="370" T="undefined" />
	<Point X="248" Y="372" T="undefined" />
	<Point X="233" Y="374" T="undefined" />
	<Point X="218" Y="375" T="undefined" />
	<Point X="201" Y="377" T="undefined" />
	<Point X="186" Y="378" T="undefined" />
	<Point X="170" Y="379" T="undefined" />
	<Point X="156" Y="380" T="undefined" />
	<Point X="146" Y="381" T="undefined" />
	<Point X="134" Y="382" T="undefined" />
	<Point X="126" Y="383" T="undefined" />
	<Point X="117" Y="383" T="undefined" />
	<Point X="111" Y="383" T="undefined" />
	<Point X="106" Y="384" T="undefined" />
	<Point X="101" Y="384" T="undefined" />
	<Point X="98" Y="384" T="undefined" />
	<Point X="96" Y="384" T="undefined" />
	<Point X="95" Y="384" T="undefined" />
	<Point X="94" Y="384" T="undefined" />
	<Point X="94" Y="383" T="undefined" />
	<Point X="94" Y="382" T="undefined" />
	<Point X="95" Y="380" T="undefined" />
	<Point X="96" Y="378" T="undefined" />
	<Point X="99" Y="374" T="undefined" />
	<Point X="102" Y="369" T="undefined" />
	<Point X="106" Y="364" T="undefined" />
	<Point X="110" Y="359" T="undefined" />
	<Point X="115" Y="352" T="undefined" />
	<Point X="120" Y="346" T="undefined" />
	<Point X="128" Y="338" T="undefined" />
	<Point X="135" Y="328" T="undefined" />
	<Point X="146" Y="315" T="undefined" />
	<Point X="153" Y="306" T="undefined" />
	<Point X="165" Y="290" T="undefined" />
	<Point X="175" Y="275" T="undefined" />
	<Point X="186" Y="259" T="undefined" />
	<Point X="196" Y="244" T="undefined" />
	<Point X="208" Y="228" T="undefined" />
	<Point X="219" Y="212" T="undefined" />
	<Point X="232" Y="195" T="undefined" />
	<Point X="244" Y="183" T="undefined" />
	<Point X="258" Y="170" T="undefined" />
	<Point X="271" Y="160" T="undefined" />
	<Point X="283" Y="150" T="undefined" />
	<Point X="291" Y="145" T="undefined" />
	<Point X="299" Y="138" T="undefined" />
	<Point X="303" Y="135" T="undefined" />
	<Point X="307" Y="131" T="undefined" />
	<Point X="310" Y="128" T="undefined" />
	<Point X="312" Y="125" T="undefined" />
	<Point X="313" Y="124" T="undefined" />
	<Point X="314" Y="121" T="undefined" />
	<Point X="315" Y="120" T="undefined" />
	<Point X="315" Y="119" T="undefined" />
</Gesture>