<?xml version="1.0" encoding="utf-8" standalone="yes"?>
<Gesture Name="Delete3" NumPts="119">
	<Point X="162" Y="149" T="undefined" />
	<Point X="163" Y="152" T="undefined" />
	<Point X="165" Y="153" T="undefined" />
	<Point X="169" Y="157" T="undefined" />
	<Point X="170" Y="158" T="undefined" />
	<Point X="174" Y="163" T="undefined" />
	<Point X="178" Y="167" T="undefined" />
	<Point X="184" Y="172" T="undefined" />
	<Point X="189" Y="178" T="undefined" />
	<Point X="196" Y="185" T="undefined" />
	<Point X="204" Y="194" T="undefined" />
	<Point X="212" Y="202" T="undefined" />
	<Point X="219" Y="211" T="undefined" />
	<Point X="227" Y="220" T="undefined" />
	<Point X="237" Y="231" T="undefined" />
	<Point X="246" Y="243" T="undefined" />
	<Point X="254" Y="253" T="undefined" />
	<Point X="262" Y="264" T="undefined" />
	<Point X="274" Y="281" T="undefined" />
	<Point X="279" Y="289" T="undefined" />
	<Point X="288" Y="302" T="undefined" />
	<Point X="294" Y="311" T="undefined" />
	<Point X="302" Y="323" T="undefined" />
	<Point X="308" Y="332" T="undefined" />
	<Point X="314" Y="342" T="undefined" />
	<Point X="320" Y="350" T="undefined" />
	<Point X="326" Y="358" T="undefined" />
	<Point X="330" Y="364" T="undefined" />
	<Point X="334" Y="371" T="undefined" />
	<Point X="338" Y="375" T="undefined" />
	<Point X="340" Y="378" T="undefined" />
	<Point X="342" Y="382" T="undefined" />
	<Point X="344" Y="385" T="undefined" />
	<Point X="346" Y="388" T="undefined" />
	<Point X="348" Y="391" T="undefined" />
	<Point X="349" Y="394" T="undefined" />
	<Point X="350" Y="396" T="undefined" />
	<Point X="351" Y="398" T="undefined" />
	<Point X="352" Y="399" T="undefined" />
	<Point X="353" Y="400" T="undefined" />
	<Point X="353" Y="402" T="undefined" />
	<Point X="354" Y="402" T="undefined" />
	<Point X="354" Y="402" T="undefined" />
	<Point X="354" Y="402" T="undefined" />
	<Point X="354" Y="402" T="undefined" />
	<Point X="354" Y="402" T="undefined" />
	<Point X="354" Y="402" T="undefined" />
	<Point X="354" Y="403" T="undefined" />
	<Point X="353" Y="403" T="undefined" />
	<Point X="352" Y="403" T="undefined" />
	<Point X="350" Y="404" T="undefined" />
	<Point X="347" Y="404" T="undefined" />
	<Point X="343" Y="404" T="undefined" />
	<Point X="338" Y="404" T="undefined" />
	<Point X="333" Y="404" T="undefined" />
	<Point X="324" Y="404" T="undefined" />
	<Point X="317" Y="404" T="undefined" />
	<Point X="305" Y="404" T="undefined" />
	<Point X="292" Y="405" T="undefined" />
	<Point X="284" Y="405" T="undefined" />
	<Point X="272" Y="405" T="undefined" />
	<Point X="259" Y="405" T="undefined" />
	<Point X="250" Y="405" T="undefined" />
	<Point X="244" Y="405" T="undefined" />
	<Point X="233" Y="405" T="undefined" />
	<Point X="223" Y="405" T="undefined" />
	<Point X="219" Y="405" T="undefined" />
	<Point X="209" Y="405" T="undefined" />
	<Point X="203" Y="405" T="undefined" />
	<Point X="197" Y="404" T="undefined" />
	<Point X="193" Y="404" T="undefined" />
	<Point X="188" Y="403" T="undefined" />
	<Point X="181" Y="402" T="undefined" />
	<Point X="176" Y="401" T="undefined" />
	<Point X="174" Y="401" T="undefined" />
	<Point X="171" Y="400" T="undefined" />
	<Point X="168" Y="400" T="undefined" />
	<Point X="165" Y="400" T="undefined" />
	<Point X="162" Y="400" T="undefined" />
	<Point X="161" Y="400" T="undefined" />
	<Point X="160" Y="400" T="undefined" />
	<Point X="158" Y="400" T="undefined" />
	<Point X="158" Y="399" T="undefined" />
	<Point X="158" Y="398" T="undefined" />
	<Point X="158" Y="397" T="undefined" />
	<Point X="158" Y="396" T="undefined" />
	<Point X="158" Y="395" T="undefined" />
	<Point X="159" Y="393" T="undefined" />
	<Point X="160" Y="391" T="undefined" />
	<Point X="161" Y="388" T="undefined" />
	<Point X="163" Y="384" T="undefined" />
	<Point X="165" Y="381" T="undefined" />
	<Point X="169" Y="375" T="undefined" />
	<Point X="172" Y="371" T="undefined" />
	<Point X="176" Y="364" T="undefined" />
	<Point X="181" Y="356" T="undefined" />
	<Point X="187" Y="345" T="undefined" />
	<Point X="195" Y="334" T="undefined" />
	<Point X="200" Y="325" T="undefined" />
	<Point X="210" Y="310" T="undefined" />
	<Point X="219" Y="296" T="undefined" />
	<Point X="228" Y="282" T="undefined" />
	<Point X="237" Y="268" T="undefined" />
	<Point X="247" Y="255" T="undefined" />
	<Point X="259" Y="239" T="undefined" />
	<Point X="270" Y="226" T="undefined" />
	<Point X="282" Y="213" T="undefined" />
	<Point X="291" Y="205" T="undefined" />
	<Point X="303" Y="195" T="undefined" />
	<Point X="311" Y="188" T="undefined" />
	<Point X="322" Y="178" T="undefined" />
	<Point X="328" Y="173" T="undefined" />
	<Point X="334" Y="167" T="undefined" />
	<Point X="338" Y="163" T="undefined" />
	<Point X="341" Y="160" T="undefined" />
	<Point X="344" Y="157" T="undefined" />
	<Point X="345" Y="155" T="undefined" />
	<Point X="346" Y="153" T="undefined" />
	<Point X="347" Y="152" T="undefined" />
</Gesture>