<?xml version="1.0" encoding="utf-8" standalone="yes"?>
<Gesture Name="Left Curly Brace0" NumPts="315">
	<Point X="341" Y="114" T="undefined" />
	<Point X="341" Y="114" T="undefined" />
	<Point X="340" Y="114" T="undefined" />
	<Point X="340" Y="113" T="undefined" />
	<Point X="339" Y="113" T="undefined" />
	<Point X="337" Y="112" T="undefined" />
	<Point X="336" Y="112" T="undefined" />
	<Point X="334" Y="112" T="undefined" />
	<Point X="332" Y="112" T="undefined" />
	<Point X="329" Y="112" T="undefined" />
	<Point X="327" Y="111" T="undefined" />
	<Point X="324" Y="111" T="undefined" />
	<Point X="321" Y="111" T="undefined" />
	<Point X="319" Y="111" T="undefined" />
	<Point X="315" Y="111" T="undefined" />
	<Point X="312" Y="111" T="undefined" />
	<Point X="308" Y="111" T="undefined" />
	<Point X="305" Y="111" T="undefined" />
	<Point X="302" Y="111" T="undefined" />
	<Point X="299" Y="111" T="undefined" />
	<Point X="296" Y="111" T="undefined" />
	<Point X="293" Y="111" T="undefined" />
	<Point X="291" Y="111" T="undefined" />
	<Point X="288" Y="111" T="undefined" />
	<Point X="286" Y="112" T="undefined" />
	<Point X="283" Y="113" T="undefined" />
	<Point X="282" Y="113" T="undefined" />
	<Point X="280" Y="114" T="undefined" />
	<Point X="278" Y="115" T="undefined" />
	<Point X="276" Y="115" T="undefined" />
	<Point X="275" Y="117" T="undefined" />
	<Point X="273" Y="117" T="undefined" />
	<Point X="272" Y="118" T="undefined" />
	<Point X="271" Y="119" T="undefined" />
	<Point X="270" Y="121" T="undefined" />
	<Point X="268" Y="122" T="undefined" />
	<Point X="267" Y="123" T="undefined" />
	<Point X="266" Y="124" T="undefined" />
	<Point X="265" Y="126" T="undefined" />
	<Point X="264" Y="127" T="undefined" />
	<Point X="263" Y="128" T="undefined" />
	<Point X="262" Y="130" T="undefined" />
	<Point X="261" Y="131" T="undefined" />
	<Point X="260" Y="132" T="undefined" />
	<Point X="259" Y="134" T="undefined" />
	<Point X="259" Y="136" T="undefined" />
	<Point X="258" Y="138" T="undefined" />
	<Point X="257" Y="140" T="undefined" />
	<Point X="257" Y="142" T="undefined" />
	<Point X="256" Y="143" T="undefined" />
	<Point X="255" Y="146" T="undefined" />
	<Point X="255" Y="148" T="undefined" />
	<Point X="254" Y="150" T="undefined" />
	<Point X="254" Y="152" T="undefined" />
	<Point X="253" Y="154" T="undefined" />
	<Point X="253" Y="156" T="undefined" />
	<Point X="253" Y="159" T="undefined" />
	<Point X="252" Y="161" T="undefined" />
	<Point X="251" Y="163" T="undefined" />
	<Point X="251" Y="166" T="undefined" />
	<Point X="251" Y="168" T="undefined" />
	<Point X="251" Y="170" T="undefined" />
	<Point X="251" Y="172" T="undefined" />
	<Point X="251" Y="175" T="undefined" />
	<Point X="251" Y="177" T="undefined" />
	<Point X="251" Y="179" T="undefined" />
	<Point X="251" Y="181" T="undefined" />
	<Point X="251" Y="182" T="undefined" />
	<Point X="251" Y="184" T="undefined" />
	<Point X="251" Y="186" T="undefined" />
	<Point X="251" Y="188" T="undefined" />
	<Point X="251" Y="190" T="undefined" />
	<Point X="251" Y="193" T="undefined" />
	<Point X="251" Y="195" T="undefined" />
	<Point X="251" Y="197" T="undefined" />
	<Point X="251" Y="200" T="undefined" />
	<Point X="252" Y="202" T="undefined" />
	<Point X="252" Y="204" T="undefined" />
	<Point X="252" Y="207" T="undefined" />
	<Point X="253" Y="209" T="undefined" />
	<Point X="253" Y="211" T="undefined" />
	<Point X="254" Y="213" T="undefined" />
	<Point X="254" Y="216" T="undefined" />
	<Point X="254" Y="218" T="undefined" />
	<Point X="255" Y="220" T="undefined" />
	<Point X="256" Y="222" T="undefined" />
	<Point X="256" Y="224" T="undefined" />
	<Point X="257" Y="226" T="undefined" />
	<Point X="257" Y="228" T="undefined" />
	<Point X="258" Y="230" T="undefined" />
	<Point X="259" Y="231" T="undefined" />
	<Point X="259" Y="233" T="undefined" />
	<Point X="260" Y="235" T="undefined" />
	<Point X="261" Y="237" T="undefined" />
	<Point X="262" Y="239" T="undefined" />
	<Point X="262" Y="240" T="undefined" />
	<Point X="263" Y="242" T="undefined" />
	<Point X="263" Y="243" T="undefined" />
	<Point X="264" Y="245" T="undefined" />
	<Point X="265" Y="246" T="undefined" />
	<Point X="265" Y="247" T="undefined" />
	<Point X="266" Y="249" T="undefined" />
	<Point X="266" Y="250" T="undefined" />
	<Point X="267" Y="251" T="undefined" />
	<Point X="267" Y="252" T="undefined" />
	<Point X="268" Y="254" T="undefined" />
	<Point X="269" Y="255" T="undefined" />
	<Point X="269" Y="256" T="undefined" />
	<Point X="270" Y="258" T="undefined" />
	<Point X="270" Y="260" T="undefined" />
	<Point X="270" Y="261" T="undefined" />
	<Point X="271" Y="263" T="undefined" />
	<Point X="271" Y="264" T="undefined" />
	<Point X="272" Y="266" T="undefined" />
	<Point X="273" Y="268" T="undefined" />
	<Point X="273" Y="270" T="undefined" />
	<Point X="274" Y="271" T="undefined" />
	<Point X="274" Y="272" T="undefined" />
	<Point X="275" Y="274" T="undefined" />
	<Point X="275" Y="276" T="undefined" />
	<Point X="275" Y="277" T="undefined" />
	<Point X="276" Y="279" T="undefined" />
	<Point X="276" Y="281" T="undefined" />
	<Point X="277" Y="283" T="undefined" />
	<Point X="277" Y="285" T="undefined" />
	<Point X="277" Y="287" T="undefined" />
	<Point X="277" Y="289" T="undefined" />
	<Point X="277" Y="291" T="undefined" />
	<Point X="277" Y="293" T="undefined" />
	<Point X="277" Y="295" T="undefined" />
	<Point X="277" Y="297" T="undefined" />
	<Point X="277" Y="298" T="undefined" />
	<Point X="277" Y="300" T="undefined" />
	<Point X="277" Y="302" T="undefined" />
	<Point X="277" Y="304" T="undefined" />
	<Point X="277" Y="305" T="undefined" />
	<Point X="277" Y="307" T="undefined" />
	<Point X="277" Y="309" T="undefined" />
	<Point X="277" Y="310" T="undefined" />
	<Point X="277" Y="312" T="undefined" />
	<Point X="277" Y="313" T="undefined" />
	<Point X="277" Y="315" T="undefined" />
	<Point X="276" Y="316" T="undefined" />
	<Point X="276" Y="317" T="undefined" />
	<Point X="275" Y="318" T="undefined" />
	<Point X="275" Y="319" T="undefined" />
	<Point X="275" Y="320" T="undefined" />
	<Point X="274" Y="320" T="undefined" />
	<Point X="274" Y="321" T="undefined" />
	<Point X="273" Y="321" T="undefined" />
	<Point X="272" Y="322" T="undefined" />
	<Point X="272" Y="323" T="undefined" />
	<Point X="271" Y="324" T="undefined" />
	<Point X="270" Y="324" T="undefined" />
	<Point X="268" Y="325" T="undefined" />
	<Point X="267" Y="326" T="undefined" />
	<Point X="266" Y="326" T="undefined" />
	<Point X="265" Y="328" T="undefined" />
	<Point X="264" Y="328" T="undefined" />
	<Point X="263" Y="329" T="undefined" />
	<Point X="262" Y="329" T="undefined" />
	<Point X="261" Y="330" T="undefined" />
	<Point X="260" Y="330" T="undefined" />
	<Point X="259" Y="331" T="undefined" />
	<Point X="258" Y="331" T="undefined" />
	<Point X="257" Y="332" T="undefined" />
	<Point X="256" Y="332" T="undefined" />
	<Point X="255" Y="333" T="undefined" />
	<Point X="254" Y="333" T="undefined" />
	<Point X="253" Y="333" T="undefined" />
	<Point X="253" Y="334" T="undefined" />
	<Point X="251" Y="334" T="undefined" />
	<Point X="250" Y="335" T="undefined" />
	<Point X="249" Y="336" T="undefined" />
	<Point X="248" Y="336" T="undefined" />
	<Point X="247" Y="336" T="undefined" />
	<Point X="246" Y="336" T="undefined" />
	<Point X="246" Y="337" T="undefined" />
	<Point X="247" Y="337" T="undefined" />
	<Point X="248" Y="337" T="undefined" />
	<Point X="249" Y="337" T="undefined" />
	<Point X="250" Y="337" T="undefined" />
	<Point X="252" Y="337" T="undefined" />
	<Point X="253" Y="337" T="undefined" />
	<Point X="253" Y="338" T="undefined" />
	<Point X="254" Y="338" T="undefined" />
	<Point X="255" Y="338" T="undefined" />
	<Point X="256" Y="338" T="undefined" />
	<Point X="257" Y="338" T="undefined" />
	<Point X="258" Y="338" T="undefined" />
	<Point X="259" Y="338" T="undefined" />
	<Point X="260" Y="338" T="undefined" />
	<Point X="261" Y="338" T="undefined" />
	<Point X="262" Y="338" T="undefined" />
	<Point X="262" Y="339" T="undefined" />
	<Point X="262" Y="340" T="undefined" />
	<Point X="262" Y="341" T="undefined" />
	<Point X="262" Y="342" T="undefined" />
	<Point X="262" Y="343" T="undefined" />
	<Point X="261" Y="344" T="undefined" />
	<Point X="260" Y="345" T="undefined" />
	<Point X="259" Y="347" T="undefined" />
	<Point X="258" Y="349" T="undefined" />
	<Point X="257" Y="350" T="undefined" />
	<Point X="255" Y="352" T="undefined" />
	<Point X="254" Y="354" T="undefined" />
	<Point X="253" Y="355" T="undefined" />
	<Point X="252" Y="357" T="undefined" />
	<Point X="251" Y="359" T="undefined" />
	<Point X="250" Y="360" T="undefined" />
	<Point X="249" Y="362" T="undefined" />
	<Point X="249" Y="363" T="undefined" />
	<Point X="248" Y="365" T="undefined" />
	<Point X="247" Y="366" T="undefined" />
	<Point X="247" Y="367" T="undefined" />
	<Point X="246" Y="369" T="undefined" />
	<Point X="246" Y="370" T="undefined" />
	<Point X="246" Y="371" T="undefined" />
	<Point X="245" Y="373" T="undefined" />
	<Point X="245" Y="374" T="undefined" />
	<Point X="245" Y="375" T="undefined" />
	<Point X="245" Y="377" T="undefined" />
	<Point X="245" Y="378" T="undefined" />
	<Point X="245" Y="379" T="undefined" />
	<Point X="245" Y="381" T="undefined" />
	<Point X="245" Y="383" T="undefined" />
	<Point X="245" Y="384" T="undefined" />
	<Point X="245" Y="386" T="undefined" />
	<Point X="245" Y="388" T="undefined" />
	<Point X="245" Y="390" T="undefined" />
	<Point X="245" Y="391" T="undefined" />
	<Point X="245" Y="393" T="undefined" />
	<Point X="245" Y="394" T="undefined" />
	<Point X="245" Y="397" T="undefined" />
	<Point X="245" Y="398" T="undefined" />
	<Point X="245" Y="401" T="undefined" />
	<Point X="245" Y="403" T="undefined" />
	<Point X="245" Y="405" T="undefined" />
	<Point X="245" Y="406" T="undefined" />
	<Point X="246" Y="408" T="undefined" />
	<Point X="246" Y="410" T="undefined" />
	<Point X="247" Y="412" T="undefined" />
	<Point X="248" Y="414" T="undefined" />
	<Point X="248" Y="416" T="undefined" />
	<Point X="249" Y="418" T="undefined" />
	<Point X="250" Y="420" T="undefined" />
	<Point X="251" Y="423" T="undefined" />
	<Point X="252" Y="425" T="undefined" />
	<Point X="254" Y="427" T="undefined" />
	<Point X="255" Y="429" T="undefined" />
	<Point X="256" Y="431" T="undefined" />
	<Point X="258" Y="432" T="undefined" />
	<Point X="259" Y="433" T="undefined" />
	<Point X="261" Y="436" T="undefined" />
	<Point X="262" Y="437" T="undefined" />
	<Point X="263" Y="439" T="undefined" />
	<Point X="265" Y="440" T="undefined" />
	<Point X="266" Y="442" T="undefined" />
	<Point X="267" Y="444" T="undefined" />
	<Point X="269" Y="445" T="undefined" />
	<Point X="271" Y="447" T="undefined" />
	<Point X="273" Y="449" T="undefined" />
	<Point X="275" Y="450" T="undefined" />
	<Point X="277" Y="452" T="undefined" />
	<Point X="278" Y="453" T="undefined" />
	<Point X="280" Y="454" T="undefined" />
	<Point X="282" Y="456" T="undefined" />
	<Point X="283" Y="457" T="undefined" />
	<Point X="285" Y="458" T="undefined" />
	<Point X="286" Y="458" T="undefined" />
	<Point X="288" Y="460" T="undefined" />
	<Point X="289" Y="461" T="undefined" />
	<Point X="291" Y="462" T="undefined" />
	<Point X="292" Y="462" T="undefined" />
	<Point X="294" Y="464" T="undefined" />
	<Point X="296" Y="464" T="undefined" />
	<Point X="297" Y="465" T="undefined" />
	<Point X="299" Y="465" T="undefined" />
	<Point X="300" Y="466" T="undefined" />
	<Point X="302" Y="466" T="undefined" />
	<Point X="303" Y="467" T="undefined" />
	<Point X="305" Y="468" T="undefined" />
	<Point X="307" Y="468" T="undefined" />
	<Point X="308" Y="469" T="undefined" />
	<Point X="310" Y="469" T="undefined" />
	<Point X="312" Y="470" T="undefined" />
	<Point X="315" Y="471" T="undefined" />
	<Point X="317" Y="472" T="undefined" />
	<Point X="319" Y="473" T="undefined" />
	<Point X="322" Y="473" T="undefined" />
	<Point X="324" Y="474" T="undefined" />
	<Point X="326" Y="475" T="undefined" />
	<Point X="328" Y="475" T="undefined" />
	<Point X="331" Y="476" T="undefined" />
	<Point X="332" Y="477" T="undefined" />
	<Point X="335" Y="477" T="undefined" />
	<Point X="336" Y="477" T="undefined" />
	<Point X="339" Y="478" T="undefined" />
	<Point X="340" Y="478" T="undefined" />
	<Point X="343" Y="478" T="undefined" />
	<Point X="345" Y="478" T="undefined" />
	<Point X="347" Y="478" T="undefined" />
	<Point X="349" Y="478" T="undefined" />
	<Point X="351" Y="478" T="undefined" />
	<Point X="353" Y="478" T="undefined" />
	<Point X="354" Y="478" T="undefined" />
	<Point X="356" Y="478" T="undefined" />
	<Point X="358" Y="478" T="undefined" />
	<Point X="359" Y="478" T="undefined" />
	<Point X="360" Y="478" T="undefined" />
	<Point X="361" Y="478" T="undefined" />
	<Point X="363" Y="478" T="undefined" />
	<Point X="364" Y="478" T="undefined" />
	<Point X="365" Y="478" T="undefined" />
	<Point X="366" Y="478" T="undefined" />
</Gesture>