<?xml version="1.0" encoding="utf-8" standalone="yes"?>
<Gesture Name="Left Curly Brace2" NumPts="224">
	<Point X="310" Y="133" T="undefined" />
	<Point X="309" Y="133" T="undefined" />
	<Point X="308" Y="133" T="undefined" />
	<Point X="307" Y="133" T="undefined" />
	<Point X="306" Y="133" T="undefined" />
	<Point X="305" Y="134" T="undefined" />
	<Point X="303" Y="135" T="undefined" />
	<Point X="301" Y="137" T="undefined" />
	<Point X="298" Y="139" T="undefined" />
	<Point X="295" Y="141" T="undefined" />
	<Point X="293" Y="143" T="undefined" />
	<Point X="290" Y="145" T="undefined" />
	<Point X="286" Y="148" T="undefined" />
	<Point X="283" Y="152" T="undefined" />
	<Point X="280" Y="155" T="undefined" />
	<Point X="277" Y="157" T="undefined" />
	<Point X="274" Y="160" T="undefined" />
	<Point X="271" Y="162" T="undefined" />
	<Point X="268" Y="165" T="undefined" />
	<Point X="266" Y="168" T="undefined" />
	<Point X="264" Y="170" T="undefined" />
	<Point X="261" Y="173" T="undefined" />
	<Point X="260" Y="175" T="undefined" />
	<Point X="258" Y="177" T="undefined" />
	<Point X="257" Y="180" T="undefined" />
	<Point X="256" Y="183" T="undefined" />
	<Point X="254" Y="185" T="undefined" />
	<Point X="254" Y="187" T="undefined" />
	<Point X="253" Y="189" T="undefined" />
	<Point X="253" Y="192" T="undefined" />
	<Point X="253" Y="193" T="undefined" />
	<Point X="253" Y="196" T="undefined" />
	<Point X="253" Y="198" T="undefined" />
	<Point X="253" Y="200" T="undefined" />
	<Point X="253" Y="202" T="undefined" />
	<Point X="253" Y="204" T="undefined" />
	<Point X="254" Y="207" T="undefined" />
	<Point X="255" Y="208" T="undefined" />
	<Point X="256" Y="210" T="undefined" />
	<Point X="257" Y="213" T="undefined" />
	<Point X="259" Y="215" T="undefined" />
	<Point X="260" Y="218" T="undefined" />
	<Point X="261" Y="220" T="undefined" />
	<Point X="263" Y="222" T="undefined" />
	<Point X="264" Y="225" T="undefined" />
	<Point X="265" Y="227" T="undefined" />
	<Point X="267" Y="229" T="undefined" />
	<Point X="268" Y="232" T="undefined" />
	<Point X="269" Y="234" T="undefined" />
	<Point X="270" Y="236" T="undefined" />
	<Point X="271" Y="238" T="undefined" />
	<Point X="272" Y="241" T="undefined" />
	<Point X="273" Y="242" T="undefined" />
	<Point X="275" Y="244" T="undefined" />
	<Point X="275" Y="246" T="undefined" />
	<Point X="276" Y="249" T="undefined" />
	<Point X="277" Y="250" T="undefined" />
	<Point X="278" Y="251" T="undefined" />
	<Point X="279" Y="253" T="undefined" />
	<Point X="279" Y="254" T="undefined" />
	<Point X="280" Y="255" T="undefined" />
	<Point X="280" Y="256" T="undefined" />
	<Point X="281" Y="257" T="undefined" />
	<Point X="281" Y="258" T="undefined" />
	<Point X="281" Y="259" T="undefined" />
	<Point X="281" Y="260" T="undefined" />
	<Point X="282" Y="261" T="undefined" />
	<Point X="283" Y="263" T="undefined" />
	<Point X="283" Y="264" T="undefined" />
	<Point X="283" Y="265" T="undefined" />
	<Point X="283" Y="267" T="undefined" />
	<Point X="284" Y="268" T="undefined" />
	<Point X="284" Y="269" T="undefined" />
	<Point X="284" Y="271" T="undefined" />
	<Point X="284" Y="272" T="undefined" />
	<Point X="284" Y="274" T="undefined" />
	<Point X="284" Y="275" T="undefined" />
	<Point X="284" Y="277" T="undefined" />
	<Point X="284" Y="279" T="undefined" />
	<Point X="284" Y="280" T="undefined" />
	<Point X="284" Y="282" T="undefined" />
	<Point X="284" Y="284" T="undefined" />
	<Point X="284" Y="287" T="undefined" />
	<Point X="283" Y="289" T="undefined" />
	<Point X="282" Y="291" T="undefined" />
	<Point X="282" Y="294" T="undefined" />
	<Point X="281" Y="295" T="undefined" />
	<Point X="281" Y="297" T="undefined" />
	<Point X="280" Y="299" T="undefined" />
	<Point X="279" Y="300" T="undefined" />
	<Point X="278" Y="301" T="undefined" />
	<Point X="277" Y="302" T="undefined" />
	<Point X="277" Y="303" T="undefined" />
	<Point X="276" Y="303" T="undefined" />
	<Point X="275" Y="304" T="undefined" />
	<Point X="274" Y="305" T="undefined" />
	<Point X="273" Y="305" T="undefined" />
	<Point X="272" Y="306" T="undefined" />
	<Point X="271" Y="307" T="undefined" />
	<Point X="270" Y="308" T="undefined" />
	<Point X="269" Y="308" T="undefined" />
	<Point X="268" Y="309" T="undefined" />
	<Point X="267" Y="309" T="undefined" />
	<Point X="267" Y="310" T="undefined" />
	<Point X="266" Y="310" T="undefined" />
	<Point X="266" Y="311" T="undefined" />
	<Point X="267" Y="312" T="undefined" />
	<Point X="268" Y="313" T="undefined" />
	<Point X="269" Y="313" T="undefined" />
	<Point X="271" Y="314" T="undefined" />
	<Point X="272" Y="315" T="undefined" />
	<Point X="274" Y="316" T="undefined" />
	<Point X="276" Y="316" T="undefined" />
	<Point X="277" Y="316" T="undefined" />
	<Point X="279" Y="316" T="undefined" />
	<Point X="280" Y="316" T="undefined" />
	<Point X="280" Y="317" T="undefined" />
	<Point X="280" Y="318" T="undefined" />
	<Point X="280" Y="319" T="undefined" />
	<Point X="280" Y="320" T="undefined" />
	<Point X="280" Y="321" T="undefined" />
	<Point X="280" Y="323" T="undefined" />
	<Point X="280" Y="325" T="undefined" />
	<Point X="280" Y="328" T="undefined" />
	<Point X="280" Y="330" T="undefined" />
	<Point X="280" Y="333" T="undefined" />
	<Point X="279" Y="336" T="undefined" />
	<Point X="278" Y="339" T="undefined" />
	<Point X="277" Y="342" T="undefined" />
	<Point X="277" Y="345" T="undefined" />
	<Point X="276" Y="349" T="undefined" />
	<Point X="275" Y="352" T="undefined" />
	<Point X="274" Y="356" T="undefined" />
	<Point X="274" Y="358" T="undefined" />
	<Point X="273" Y="362" T="undefined" />
	<Point X="273" Y="365" T="undefined" />
	<Point X="272" Y="368" T="undefined" />
	<Point X="272" Y="371" T="undefined" />
	<Point X="272" Y="375" T="undefined" />
	<Point X="271" Y="377" T="undefined" />
	<Point X="270" Y="380" T="undefined" />
	<Point X="270" Y="382" T="undefined" />
	<Point X="270" Y="385" T="undefined" />
	<Point X="269" Y="387" T="undefined" />
	<Point X="269" Y="390" T="undefined" />
	<Point X="269" Y="391" T="undefined" />
	<Point X="268" Y="393" T="undefined" />
	<Point X="268" Y="395" T="undefined" />
	<Point X="267" Y="397" T="undefined" />
	<Point X="267" Y="399" T="undefined" />
	<Point X="266" Y="400" T="undefined" />
	<Point X="266" Y="402" T="undefined" />
	<Point X="266" Y="404" T="undefined" />
	<Point X="266" Y="405" T="undefined" />
	<Point X="266" Y="407" T="undefined" />
	<Point X="266" Y="408" T="undefined" />
	<Point X="266" Y="410" T="undefined" />
	<Point X="266" Y="411" T="undefined" />
	<Point X="266" Y="413" T="undefined" />
	<Point X="266" Y="415" T="undefined" />
	<Point X="266" Y="416" T="undefined" />
	<Point X="266" Y="418" T="undefined" />
	<Point X="266" Y="420" T="undefined" />
	<Point X="266" Y="423" T="undefined" />
	<Point X="266" Y="425" T="undefined" />
	<Point X="267" Y="427" T="undefined" />
	<Point X="267" Y="429" T="undefined" />
	<Point X="267" Y="431" T="undefined" />
	<Point X="268" Y="433" T="undefined" />
	<Point X="268" Y="435" T="undefined" />
	<Point X="269" Y="437" T="undefined" />
	<Point X="270" Y="439" T="undefined" />
	<Point X="272" Y="441" T="undefined" />
	<Point X="273" Y="443" T="undefined" />
	<Point X="274" Y="445" T="undefined" />
	<Point X="276" Y="448" T="undefined" />
	<Point X="277" Y="451" T="undefined" />
	<Point X="279" Y="453" T="undefined" />
	<Point X="281" Y="456" T="undefined" />
	<Point X="283" Y="458" T="undefined" />
	<Point X="284" Y="461" T="undefined" />
	<Point X="286" Y="463" T="undefined" />
	<Point X="289" Y="465" T="undefined" />
	<Point X="290" Y="466" T="undefined" />
	<Point X="293" Y="469" T="undefined" />
	<Point X="294" Y="470" T="undefined" />
	<Point X="296" Y="471" T="undefined" />
	<Point X="298" Y="472" T="undefined" />
	<Point X="299" Y="473" T="undefined" />
	<Point X="300" Y="473" T="undefined" />
	<Point X="301" Y="473" T="undefined" />
	<Point X="302" Y="473" T="undefined" />
	<Point X="303" Y="473" T="undefined" />
	<Point X="304" Y="473" T="undefined" />
	<Point X="305" Y="473" T="undefined" />
	<Point X="306" Y="473" T="undefined" />
	<Point X="307" Y="473" T="undefined" />
	<Point X="308" Y="473" T="undefined" />
	<Point X="309" Y="473" T="undefined" />
	<Point X="310" Y="473" T="undefined" />
	<Point X="312" Y="473" T="undefined" />
	<Point X="313" Y="473" T="undefined" />
	<Point X="314" Y="473" T="undefined" />
	<Point X="316" Y="473" T="undefined" />
	<Point X="317" Y="473" T="undefined" />
	<Point X="318" Y="473" T="undefined" />
	<Point X="319" Y="473" T="undefined" />
	<Point X="320" Y="473" T="undefined" />
	<Point X="321" Y="473" T="undefined" />
	<Point X="322" Y="473" T="undefined" />
	<Point X="323" Y="474" T="undefined" />
	<Point X="325" Y="474" T="undefined" />
	<Point X="326" Y="474" T="undefined" />
	<Point X="327" Y="474" T="undefined" />
	<Point X="329" Y="474" T="undefined" />
	<Point X="331" Y="475" T="undefined" />
	<Point X="333" Y="475" T="undefined" />
	<Point X="335" Y="476" T="undefined" />
	<Point X="337" Y="476" T="undefined" />
	<Point X="339" Y="476" T="undefined" />
	<Point X="341" Y="476" T="undefined" />
	<Point X="343" Y="476" T="undefined" />
	<Point X="345" Y="476" T="undefined" />
	<Point X="346" Y="476" T="undefined" />
</Gesture>