<?xml version="1.0" encoding="utf-8" standalone="yes"?>
<Gesture Name="Left Square Bracket1" NumPts="136">
	<Point X="291" Y="156" T="undefined" />
	<Point X="291" Y="156" T="undefined" />
	<Point X="290" Y="156" T="undefined" />
	<Point X="290" Y="155" T="undefined" />
	<Point X="289" Y="155" T="undefined" />
	<Point X="287" Y="155" T="undefined" />
	<Point X="286" Y="155" T="undefined" />
	<Point X="284" Y="155" T="undefined" />
	<Point X="282" Y="155" T="undefined" />
	<Point X="278" Y="155" T="undefined" />
	<Point X="276" Y="155" T="undefined" />
	<Point X="272" Y="155" T="undefined" />
	<Point X="269" Y="155" T="undefined" />
	<Point X="264" Y="155" T="undefined" />
	<Point X="259" Y="155" T="undefined" />
	<Point X="252" Y="156" T="undefined" />
	<Point X="245" Y="157" T="undefined" />
	<Point X="238" Y="159" T="undefined" />
	<Point X="229" Y="160" T="undefined" />
	<Point X="222" Y="163" T="undefined" />
	<Point X="214" Y="165" T="undefined" />
	<Point X="205" Y="167" T="undefined" />
	<Point X="196" Y="168" T="undefined" />
	<Point X="190" Y="170" T="undefined" />
	<Point X="185" Y="171" T="undefined" />
	<Point X="182" Y="171" T="undefined" />
	<Point X="176" Y="172" T="undefined" />
	<Point X="173" Y="173" T="undefined" />
	<Point X="170" Y="174" T="undefined" />
	<Point X="168" Y="174" T="undefined" />
	<Point X="166" Y="174" T="undefined" />
	<Point X="164" Y="174" T="undefined" />
	<Point X="163" Y="175" T="undefined" />
	<Point X="163" Y="175" T="undefined" />
	<Point X="163" Y="176" T="undefined" />
	<Point X="163" Y="177" T="undefined" />
	<Point X="163" Y="178" T="undefined" />
	<Point X="163" Y="180" T="undefined" />
	<Point X="164" Y="183" T="undefined" />
	<Point X="165" Y="186" T="undefined" />
	<Point X="165" Y="190" T="undefined" />
	<Point X="166" Y="195" T="undefined" />
	<Point X="167" Y="201" T="undefined" />
	<Point X="168" Y="209" T="undefined" />
	<Point X="168" Y="212" T="undefined" />
	<Point X="169" Y="220" T="undefined" />
	<Point X="170" Y="229" T="undefined" />
	<Point X="170" Y="243" T="undefined" />
	<Point X="171" Y="254" T="undefined" />
	<Point X="172" Y="265" T="undefined" />
	<Point X="172" Y="274" T="undefined" />
	<Point X="172" Y="282" T="undefined" />
	<Point X="172" Y="289" T="undefined" />
	<Point X="172" Y="296" T="undefined" />
	<Point X="172" Y="303" T="undefined" />
	<Point X="172" Y="309" T="undefined" />
	<Point X="171" Y="315" T="undefined" />
	<Point X="171" Y="319" T="undefined" />
	<Point X="171" Y="323" T="undefined" />
	<Point X="170" Y="327" T="undefined" />
	<Point X="170" Y="330" T="undefined" />
	<Point X="170" Y="333" T="undefined" />
	<Point X="170" Y="335" T="undefined" />
	<Point X="170" Y="336" T="undefined" />
	<Point X="170" Y="338" T="undefined" />
	<Point X="170" Y="339" T="undefined" />
	<Point X="170" Y="340" T="undefined" />
	<Point X="170" Y="342" T="undefined" />
	<Point X="170" Y="343" T="undefined" />
	<Point X="170" Y="344" T="undefined" />
	<Point X="170" Y="345" T="undefined" />
	<Point X="170" Y="346" T="undefined" />
	<Point X="170" Y="348" T="undefined" />
	<Point X="170" Y="350" T="undefined" />
	<Point X="170" Y="351" T="undefined" />
	<Point X="170" Y="352" T="undefined" />
	<Point X="170" Y="354" T="undefined" />
	<Point X="170" Y="355" T="undefined" />
	<Point X="170" Y="357" T="undefined" />
	<Point X="170" Y="359" T="undefined" />
	<Point X="170" Y="360" T="undefined" />
	<Point X="170" Y="361" T="undefined" />
	<Point X="170" Y="362" T="undefined" />
	<Point X="171" Y="364" T="undefined" />
	<Point X="171" Y="365" T="undefined" />
	<Point X="171" Y="366" T="undefined" />
	<Point X="171" Y="368" T="undefined" />
	<Point X="171" Y="369" T="undefined" />
	<Point X="172" Y="370" T="undefined" />
	<Point X="172" Y="371" T="undefined" />
	<Point X="173" Y="371" T="undefined" />
	<Point X="174" Y="371" T="undefined" />
	<Point X="175" Y="371" T="undefined" />
	<Point X="176" Y="371" T="undefined" />
	<Point X="178" Y="371" T="undefined" />
	<Point X="182" Y="371" T="undefined" />
	<Point X="185" Y="371" T="undefined" />
	<Point X="190" Y="371" T="undefined" />
	<Point X="194" Y="371" T="undefined" />
	<Point X="199" Y="371" T="undefined" />
	<Point X="205" Y="371" T="undefined" />
	<Point X="210" Y="370" T="undefined" />
	<Point X="216" Y="370" T="undefined" />
	<Point X="223" Y="370" T="undefined" />
	<Point X="228" Y="370" T="undefined" />
	<Point X="234" Y="370" T="undefined" />
	<Point X="238" Y="370" T="undefined" />
	<Point X="245" Y="370" T="undefined" />
	<Point X="250" Y="370" T="undefined" />
	<Point X="255" Y="370" T="undefined" />
	<Point X="260" Y="371" T="undefined" />
	<Point X="266" Y="371" T="undefined" />
	<Point X="270" Y="372" T="undefined" />
	<Point X="274" Y="372" T="undefined" />
	<Point X="278" Y="373" T="undefined" />
	<Point X="282" Y="374" T="undefined" />
	<Point X="286" Y="374" T="undefined" />
	<Point X="289" Y="375" T="undefined" />
	<Point X="293" Y="375" T="undefined" />
	<Point X="296" Y="376" T="undefined" />
	<Point X="300" Y="376" T="undefined" />
	<Point X="302" Y="376" T="undefined" />
	<Point X="306" Y="376" T="undefined" />
	<Point X="309" Y="376" T="undefined" />
	<Point X="311" Y="376" T="undefined" />
	<Point X="314" Y="376" T="undefined" />
	<Point X="317" Y="377" T="undefined" />
	<Point X="319" Y="377" T="undefined" />
	<Point X="321" Y="377" T="undefined" />
	<Point X="322" Y="377" T="undefined" />
	<Point X="325" Y="377" T="undefined" />
	<Point X="326" Y="377" T="undefined" />
	<Point X="327" Y="377" T="undefined" />
	<Point X="328" Y="377" T="undefined" />
	<Point X="329" Y="377" T="undefined" />
	<Point X="330" Y="377" T="undefined" />
</Gesture>