<?xml version="1.0" encoding="utf-8" standalone="yes"?>
<Gesture Name="Left Square Bracket6" NumPts="100">
	<Point X="329" Y="118" T="undefined" />
	<Point X="328" Y="118" T="undefined" />
	<Point X="327" Y="118" T="undefined" />
	<Point X="326" Y="118" T="undefined" />
	<Point X="325" Y="118" T="undefined" />
	<Point X="324" Y="118" T="undefined" />
	<Point X="322" Y="118" T="undefined" />
	<Point X="320" Y="118" T="undefined" />
	<Point X="316" Y="118" T="undefined" />
	<Point X="312" Y="118" T="undefined" />
	<Point X="304" Y="118" T="undefined" />
	<Point X="299" Y="118" T="undefined" />
	<Point X="288" Y="119" T="undefined" />
	<Point X="276" Y="121" T="undefined" />
	<Point X="264" Y="122" T="undefined" />
	<Point X="245" Y="124" T="undefined" />
	<Point X="229" Y="128" T="undefined" />
	<Point X="214" Y="130" T="undefined" />
	<Point X="195" Y="134" T="undefined" />
	<Point X="183" Y="137" T="undefined" />
	<Point X="169" Y="140" T="undefined" />
	<Point X="158" Y="142" T="undefined" />
	<Point X="150" Y="143" T="undefined" />
	<Point X="145" Y="144" T="undefined" />
	<Point X="141" Y="145" T="undefined" />
	<Point X="138" Y="145" T="undefined" />
	<Point X="137" Y="145" T="undefined" />
	<Point X="136" Y="145" T="undefined" />
	<Point X="136" Y="146" T="undefined" />
	<Point X="137" Y="146" T="undefined" />
	<Point X="139" Y="148" T="undefined" />
	<Point X="140" Y="150" T="undefined" />
	<Point X="142" Y="153" T="undefined" />
	<Point X="144" Y="157" T="undefined" />
	<Point X="147" Y="162" T="undefined" />
	<Point X="148" Y="167" T="undefined" />
	<Point X="151" Y="176" T="undefined" />
	<Point X="153" Y="186" T="undefined" />
	<Point X="155" Y="198" T="undefined" />
	<Point X="156" Y="214" T="undefined" />
	<Point X="158" Y="227" T="undefined" />
	<Point X="159" Y="246" T="undefined" />
	<Point X="160" Y="265" T="undefined" />
	<Point X="161" Y="283" T="undefined" />
	<Point X="161" Y="298" T="undefined" />
	<Point X="161" Y="316" T="undefined" />
	<Point X="162" Y="329" T="undefined" />
	<Point X="163" Y="340" T="undefined" />
	<Point X="164" Y="352" T="undefined" />
	<Point X="164" Y="361" T="undefined" />
	<Point X="165" Y="370" T="undefined" />
	<Point X="166" Y="376" T="undefined" />
	<Point X="166" Y="383" T="undefined" />
	<Point X="166" Y="388" T="undefined" />
	<Point X="166" Y="394" T="undefined" />
	<Point X="167" Y="397" T="undefined" />
	<Point X="167" Y="400" T="undefined" />
	<Point X="167" Y="402" T="undefined" />
	<Point X="167" Y="404" T="undefined" />
	<Point X="167" Y="405" T="undefined" />
	<Point X="168" Y="406" T="undefined" />
	<Point X="168" Y="407" T="undefined" />
	<Point X="168" Y="408" T="undefined" />
	<Point X="169" Y="408" T="undefined" />
	<Point X="169" Y="409" T="undefined" />
	<Point X="170" Y="410" T="undefined" />
	<Point X="170" Y="411" T="undefined" />
	<Point X="171" Y="411" T="undefined" />
	<Point X="171" Y="412" T="undefined" />
	<Point X="172" Y="412" T="undefined" />
	<Point X="173" Y="412" T="undefined" />
	<Point X="174" Y="412" T="undefined" />
	<Point X="175" Y="412" T="undefined" />
	<Point X="176" Y="413" T="undefined" />
	<Point X="179" Y="413" T="undefined" />
	<Point X="181" Y="413" T="undefined" />
	<Point X="185" Y="414" T="undefined" />
	<Point X="189" Y="415" T="undefined" />
	<Point X="194" Y="415" T="undefined" />
	<Point X="203" Y="416" T="undefined" />
	<Point X="210" Y="417" T="undefined" />
	<Point X="221" Y="418" T="undefined" />
	<Point X="232" Y="419" T="undefined" />
	<Point X="244" Y="419" T="undefined" />
	<Point X="255" Y="419" T="undefined" />
	<Point X="265" Y="419" T="undefined" />
	<Point X="276" Y="419" T="undefined" />
	<Point X="286" Y="419" T="undefined" />
	<Point X="296" Y="419" T="undefined" />
	<Point X="305" Y="419" T="undefined" />
	<Point X="315" Y="419" T="undefined" />
	<Point X="323" Y="419" T="undefined" />
	<Point X="330" Y="419" T="undefined" />
	<Point X="337" Y="419" T="undefined" />
	<Point X="343" Y="419" T="undefined" />
	<Point X="350" Y="419" T="undefined" />
	<Point X="355" Y="419" T="undefined" />
	<Point X="360" Y="418" T="undefined" />
	<Point X="365" Y="417" T="undefined" />
	<Point X="369" Y="417" T="undefined" />
</Gesture>