<?xml version="1.0" encoding="utf-8" standalone="yes"?>
<Gesture Name="Left Curly Brace6" NumPts="171">
	<Point X="314" Y="72" T="undefined" />
	<Point X="313" Y="72" T="undefined" />
	<Point X="312" Y="72" T="undefined" />
	<Point X="309" Y="72" T="undefined" />
	<Point X="306" Y="73" T="undefined" />
	<Point X="304" Y="74" T="undefined" />
	<Point X="301" Y="75" T="undefined" />
	<Point X="297" Y="77" T="undefined" />
	<Point X="293" Y="79" T="undefined" />
	<Point X="289" Y="82" T="undefined" />
	<Point X="284" Y="84" T="undefined" />
	<Point X="280" Y="86" T="undefined" />
	<Point X="276" Y="89" T="undefined" />
	<Point X="272" Y="91" T="undefined" />
	<Point X="269" Y="93" T="undefined" />
	<Point X="265" Y="95" T="undefined" />
	<Point X="262" Y="97" T="undefined" />
	<Point X="259" Y="99" T="undefined" />
	<Point X="256" Y="102" T="undefined" />
	<Point X="254" Y="103" T="undefined" />
	<Point X="250" Y="106" T="undefined" />
	<Point X="247" Y="109" T="undefined" />
	<Point X="244" Y="112" T="undefined" />
	<Point X="240" Y="116" T="undefined" />
	<Point X="238" Y="119" T="undefined" />
	<Point X="234" Y="124" T="undefined" />
	<Point X="230" Y="128" T="undefined" />
	<Point X="227" Y="131" T="undefined" />
	<Point X="224" Y="135" T="undefined" />
	<Point X="222" Y="139" T="undefined" />
	<Point X="221" Y="141" T="undefined" />
	<Point X="220" Y="145" T="undefined" />
	<Point X="219" Y="147" T="undefined" />
	<Point X="219" Y="150" T="undefined" />
	<Point X="219" Y="153" T="undefined" />
	<Point X="219" Y="156" T="undefined" />
	<Point X="219" Y="159" T="undefined" />
	<Point X="219" Y="162" T="undefined" />
	<Point X="221" Y="165" T="undefined" />
	<Point X="222" Y="167" T="undefined" />
	<Point X="223" Y="170" T="undefined" />
	<Point X="224" Y="173" T="undefined" />
	<Point X="226" Y="176" T="undefined" />
	<Point X="227" Y="179" T="undefined" />
	<Point X="229" Y="181" T="undefined" />
	<Point X="230" Y="184" T="undefined" />
	<Point X="232" Y="188" T="undefined" />
	<Point X="234" Y="191" T="undefined" />
	<Point X="235" Y="194" T="undefined" />
	<Point X="237" Y="197" T="undefined" />
	<Point X="239" Y="200" T="undefined" />
	<Point X="240" Y="202" T="undefined" />
	<Point X="242" Y="205" T="undefined" />
	<Point X="243" Y="208" T="undefined" />
	<Point X="245" Y="211" T="undefined" />
	<Point X="246" Y="214" T="undefined" />
	<Point X="246" Y="216" T="undefined" />
	<Point X="247" Y="219" T="undefined" />
	<Point X="247" Y="222" T="undefined" />
	<Point X="248" Y="224" T="undefined" />
	<Point X="248" Y="227" T="undefined" />
	<Point X="248" Y="229" T="undefined" />
	<Point X="248" Y="232" T="undefined" />
	<Point X="248" Y="236" T="undefined" />
	<Point X="248" Y="239" T="undefined" />
	<Point X="248" Y="241" T="undefined" />
	<Point X="248" Y="245" T="undefined" />
	<Point X="247" Y="248" T="undefined" />
	<Point X="247" Y="251" T="undefined" />
	<Point X="246" Y="253" T="undefined" />
	<Point X="246" Y="255" T="undefined" />
	<Point X="245" Y="257" T="undefined" />
	<Point X="244" Y="260" T="undefined" />
	<Point X="243" Y="261" T="undefined" />
	<Point X="243" Y="263" T="undefined" />
	<Point X="242" Y="265" T="undefined" />
	<Point X="240" Y="267" T="undefined" />
	<Point X="239" Y="269" T="undefined" />
	<Point X="237" Y="272" T="undefined" />
	<Point X="236" Y="273" T="undefined" />
	<Point X="234" Y="275" T="undefined" />
	<Point X="231" Y="277" T="undefined" />
	<Point X="228" Y="278" T="undefined" />
	<Point X="227" Y="280" T="undefined" />
	<Point X="224" Y="281" T="undefined" />
	<Point X="221" Y="282" T="undefined" />
	<Point X="218" Y="283" T="undefined" />
	<Point X="215" Y="284" T="undefined" />
	<Point X="212" Y="284" T="undefined" />
	<Point X="210" Y="285" T="undefined" />
	<Point X="208" Y="285" T="undefined" />
	<Point X="206" Y="285" T="undefined" />
	<Point X="205" Y="285" T="undefined" />
	<Point X="205" Y="286" T="undefined" />
	<Point X="206" Y="286" T="undefined" />
	<Point X="207" Y="286" T="undefined" />
	<Point X="209" Y="286" T="undefined" />
	<Point X="210" Y="286" T="undefined" />
	<Point X="213" Y="286" T="undefined" />
	<Point X="214" Y="286" T="undefined" />
	<Point X="216" Y="286" T="undefined" />
	<Point X="217" Y="286" T="undefined" />
	<Point X="218" Y="286" T="undefined" />
	<Point X="220" Y="286" T="undefined" />
	<Point X="221" Y="286" T="undefined" />
	<Point X="222" Y="286" T="undefined" />
	<Point X="223" Y="288" T="undefined" />
	<Point X="223" Y="289" T="undefined" />
	<Point X="224" Y="289" T="undefined" />
	<Point X="224" Y="291" T="undefined" />
	<Point X="224" Y="293" T="undefined" />
	<Point X="224" Y="294" T="undefined" />
	<Point X="224" Y="297" T="undefined" />
	<Point X="224" Y="298" T="undefined" />
	<Point X="224" Y="300" T="undefined" />
	<Point X="224" Y="304" T="undefined" />
	<Point X="224" Y="307" T="undefined" />
	<Point X="223" Y="310" T="undefined" />
	<Point X="222" Y="315" T="undefined" />
	<Point X="220" Y="320" T="undefined" />
	<Point X="219" Y="324" T="undefined" />
	<Point X="218" Y="328" T="undefined" />
	<Point X="216" Y="333" T="undefined" />
	<Point X="215" Y="338" T="undefined" />
	<Point X="214" Y="342" T="undefined" />
	<Point X="214" Y="347" T="undefined" />
	<Point X="212" Y="352" T="undefined" />
	<Point X="212" Y="356" T="undefined" />
	<Point X="211" Y="361" T="undefined" />
	<Point X="210" Y="366" T="undefined" />
	<Point X="210" Y="370" T="undefined" />
	<Point X="210" Y="375" T="undefined" />
	<Point X="210" Y="379" T="undefined" />
	<Point X="210" Y="385" T="undefined" />
	<Point X="210" Y="390" T="undefined" />
	<Point X="210" Y="395" T="undefined" />
	<Point X="210" Y="399" T="undefined" />
	<Point X="210" Y="403" T="undefined" />
	<Point X="211" Y="407" T="undefined" />
	<Point X="213" Y="410" T="undefined" />
	<Point X="214" Y="414" T="undefined" />
	<Point X="216" Y="418" T="undefined" />
	<Point X="218" Y="420" T="undefined" />
	<Point X="221" Y="424" T="undefined" />
	<Point X="223" Y="426" T="undefined" />
	<Point X="226" Y="429" T="undefined" />
	<Point X="230" Y="432" T="undefined" />
	<Point X="233" Y="434" T="undefined" />
	<Point X="237" Y="436" T="undefined" />
	<Point X="240" Y="438" T="undefined" />
	<Point X="244" Y="439" T="undefined" />
	<Point X="248" Y="441" T="undefined" />
	<Point X="254" Y="443" T="undefined" />
	<Point X="258" Y="444" T="undefined" />
	<Point X="264" Y="446" T="undefined" />
	<Point X="270" Y="448" T="undefined" />
	<Point X="275" Y="449" T="undefined" />
	<Point X="279" Y="450" T="undefined" />
	<Point X="284" Y="451" T="undefined" />
	<Point X="289" Y="452" T="undefined" />
	<Point X="293" Y="453" T="undefined" />
	<Point X="299" Y="455" T="undefined" />
	<Point X="303" Y="456" T="undefined" />
	<Point X="307" Y="458" T="undefined" />
	<Point X="312" Y="458" T="undefined" />
	<Point X="318" Y="459" T="undefined" />
	<Point X="322" Y="461" T="undefined" />
	<Point X="327" Y="461" T="undefined" />
	<Point X="333" Y="462" T="undefined" />
	<Point X="339" Y="462" T="undefined" />
	<Point X="345" Y="462" T="undefined" />
</Gesture>