<?xml version="1.0" encoding="utf-8" standalone="yes"?>
<Gesture Name="Left Square Bracket9" NumPts="169">
	<Point X="315" Y="92" T="undefined" />
	<Point X="313" Y="92" T="undefined" />
	<Point X="313" Y="91" T="undefined" />
	<Point X="311" Y="90" T="undefined" />
	<Point X="309" Y="90" T="undefined" />
	<Point X="307" Y="89" T="undefined" />
	<Point X="303" Y="88" T="undefined" />
	<Point X="300" Y="88" T="undefined" />
	<Point X="295" Y="88" T="undefined" />
	<Point X="289" Y="87" T="undefined" />
	<Point X="284" Y="86" T="undefined" />
	<Point X="275" Y="86" T="undefined" />
	<Point X="267" Y="86" T="undefined" />
	<Point X="259" Y="87" T="undefined" />
	<Point X="250" Y="88" T="undefined" />
	<Point X="239" Y="91" T="undefined" />
	<Point X="233" Y="92" T="undefined" />
	<Point X="225" Y="95" T="undefined" />
	<Point X="215" Y="98" T="undefined" />
	<Point X="210" Y="101" T="undefined" />
	<Point X="204" Y="103" T="undefined" />
	<Point X="198" Y="105" T="undefined" />
	<Point X="194" Y="108" T="undefined" />
	<Point X="191" Y="110" T="undefined" />
	<Point X="188" Y="113" T="undefined" />
	<Point X="185" Y="114" T="undefined" />
	<Point X="182" Y="117" T="undefined" />
	<Point X="181" Y="120" T="undefined" />
	<Point X="178" Y="123" T="undefined" />
	<Point X="177" Y="125" T="undefined" />
	<Point X="175" Y="129" T="undefined" />
	<Point X="173" Y="133" T="undefined" />
	<Point X="172" Y="137" T="undefined" />
	<Point X="171" Y="141" T="undefined" />
	<Point X="168" Y="149" T="undefined" />
	<Point X="167" Y="153" T="undefined" />
	<Point X="166" Y="159" T="undefined" />
	<Point X="164" Y="165" T="undefined" />
	<Point X="163" Y="170" T="undefined" />
	<Point X="163" Y="178" T="undefined" />
	<Point X="162" Y="181" T="undefined" />
	<Point X="162" Y="187" T="undefined" />
	<Point X="162" Y="192" T="undefined" />
	<Point X="162" Y="196" T="undefined" />
	<Point X="163" Y="202" T="undefined" />
	<Point X="165" Y="208" T="undefined" />
	<Point X="166" Y="212" T="undefined" />
	<Point X="167" Y="217" T="undefined" />
	<Point X="169" Y="223" T="undefined" />
	<Point X="171" Y="228" T="undefined" />
	<Point X="172" Y="233" T="undefined" />
	<Point X="173" Y="238" T="undefined" />
	<Point X="174" Y="242" T="undefined" />
	<Point X="176" Y="246" T="undefined" />
	<Point X="177" Y="252" T="undefined" />
	<Point X="177" Y="254" T="undefined" />
	<Point X="177" Y="257" T="undefined" />
	<Point X="178" Y="261" T="undefined" />
	<Point X="178" Y="264" T="undefined" />
	<Point X="178" Y="266" T="undefined" />
	<Point X="178" Y="269" T="undefined" />
	<Point X="178" Y="271" T="undefined" />
	<Point X="178" Y="274" T="undefined" />
	<Point X="178" Y="277" T="undefined" />
	<Point X="178" Y="280" T="undefined" />
	<Point X="178" Y="281" T="undefined" />
	<Point X="178" Y="284" T="undefined" />
	<Point X="178" Y="285" T="undefined" />
	<Point X="178" Y="287" T="undefined" />
	<Point X="178" Y="289" T="undefined" />
	<Point X="178" Y="290" T="undefined" />
	<Point X="178" Y="292" T="undefined" />
	<Point X="177" Y="294" T="undefined" />
	<Point X="177" Y="295" T="undefined" />
	<Point X="176" Y="296" T="undefined" />
	<Point X="174" Y="298" T="undefined" />
	<Point X="173" Y="299" T="undefined" />
	<Point X="170" Y="301" T="undefined" />
	<Point X="169" Y="302" T="undefined" />
	<Point X="166" Y="303" T="undefined" />
	<Point X="163" Y="305" T="undefined" />
	<Point X="161" Y="306" T="undefined" />
	<Point X="159" Y="306" T="undefined" />
	<Point X="157" Y="307" T="undefined" />
	<Point X="156" Y="307" T="undefined" />
	<Point X="156" Y="308" T="undefined" />
	<Point X="156" Y="309" T="undefined" />
	<Point X="157" Y="309" T="undefined" />
	<Point X="158" Y="309" T="undefined" />
	<Point X="159" Y="310" T="undefined" />
	<Point X="160" Y="310" T="undefined" />
	<Point X="162" Y="311" T="undefined" />
	<Point X="164" Y="311" T="undefined" />
	<Point X="165" Y="311" T="undefined" />
	<Point X="166" Y="312" T="undefined" />
	<Point X="167" Y="313" T="undefined" />
	<Point X="168" Y="313" T="undefined" />
	<Point X="169" Y="313" T="undefined" />
	<Point X="169" Y="314" T="undefined" />
	<Point X="169" Y="315" T="undefined" />
	<Point X="170" Y="316" T="undefined" />
	<Point X="170" Y="317" T="undefined" />
	<Point X="170" Y="318" T="undefined" />
	<Point X="170" Y="319" T="undefined" />
	<Point X="170" Y="320" T="undefined" />
	<Point X="170" Y="321" T="undefined" />
	<Point X="170" Y="322" T="undefined" />
	<Point X="170" Y="323" T="undefined" />
	<Point X="170" Y="326" T="undefined" />
	<Point X="170" Y="327" T="undefined" />
	<Point X="170" Y="330" T="undefined" />
	<Point X="171" Y="333" T="undefined" />
	<Point X="171" Y="336" T="undefined" />
	<Point X="171" Y="340" T="undefined" />
	<Point X="171" Y="344" T="undefined" />
	<Point X="171" Y="348" T="undefined" />
	<Point X="171" Y="352" T="undefined" />
	<Point X="171" Y="355" T="undefined" />
	<Point X="171" Y="359" T="undefined" />
	<Point X="171" Y="362" T="undefined" />
	<Point X="171" Y="366" T="undefined" />
	<Point X="171" Y="369" T="undefined" />
	<Point X="172" Y="374" T="undefined" />
	<Point X="172" Y="378" T="undefined" />
	<Point X="173" Y="381" T="undefined" />
	<Point X="173" Y="385" T="undefined" />
	<Point X="175" Y="388" T="undefined" />
	<Point X="175" Y="391" T="undefined" />
	<Point X="176" Y="394" T="undefined" />
	<Point X="177" Y="397" T="undefined" />
	<Point X="177" Y="399" T="undefined" />
	<Point X="179" Y="402" T="undefined" />
	<Point X="179" Y="404" T="undefined" />
	<Point X="180" Y="407" T="undefined" />
	<Point X="181" Y="409" T="undefined" />
	<Point X="183" Y="411" T="undefined" />
	<Point X="184" Y="413" T="undefined" />
	<Point X="185" Y="415" T="undefined" />
	<Point X="186" Y="416" T="undefined" />
	<Point X="188" Y="418" T="undefined" />
	<Point X="189" Y="419" T="undefined" />
	<Point X="190" Y="420" T="undefined" />
	<Point X="192" Y="421" T="undefined" />
	<Point X="193" Y="422" T="undefined" />
	<Point X="195" Y="423" T="undefined" />
	<Point X="197" Y="424" T="undefined" />
	<Point X="200" Y="424" T="undefined" />
	<Point X="202" Y="425" T="undefined" />
	<Point X="207" Y="427" T="undefined" />
	<Point X="211" Y="428" T="undefined" />
	<Point X="215" Y="430" T="undefined" />
	<Point X="220" Y="431" T="undefined" />
	<Point X="226" Y="433" T="undefined" />
	<Point X="232" Y="434" T="undefined" />
	<Point X="239" Y="436" T="undefined" />
	<Point X="246" Y="437" T="undefined" />
	<Point X="251" Y="438" T="undefined" />
	<Point X="258" Y="440" T="undefined" />
	<Point X="264" Y="441" T="undefined" />
	<Point X="270" Y="442" T="undefined" />
	<Point X="274" Y="442" T="undefined" />
	<Point X="278" Y="443" T="undefined" />
	<Point X="282" Y="444" T="undefined" />
	<Point X="284" Y="444" T="undefined" />
	<Point X="287" Y="444" T="undefined" />
	<Point X="289" Y="444" T="undefined" />
	<Point X="291" Y="444" T="undefined" />
	<Point X="294" Y="444" T="undefined" />
	<Point X="298" Y="444" T="undefined" />
</Gesture>