<?xml version="1.0" encoding="utf-8" standalone="yes"?>
<Gesture Name="Left Square Bracket4" NumPts="110">
	<Point X="292" Y="125" T="undefined" />
	<Point X="291" Y="125" T="undefined" />
	<Point X="290" Y="125" T="undefined" />
	<Point X="288" Y="125" T="undefined" />
	<Point X="286" Y="125" T="undefined" />
	<Point X="283" Y="125" T="undefined" />
	<Point X="279" Y="125" T="undefined" />
	<Point X="276" Y="125" T="undefined" />
	<Point X="272" Y="125" T="undefined" />
	<Point X="267" Y="125" T="undefined" />
	<Point X="262" Y="125" T="undefined" />
	<Point X="256" Y="125" T="undefined" />
	<Point X="250" Y="125" T="undefined" />
	<Point X="242" Y="125" T="undefined" />
	<Point X="236" Y="126" T="undefined" />
	<Point X="229" Y="126" T="undefined" />
	<Point X="223" Y="126" T="undefined" />
	<Point X="216" Y="126" T="undefined" />
	<Point X="209" Y="126" T="undefined" />
	<Point X="204" Y="126" T="undefined" />
	<Point X="199" Y="126" T="undefined" />
	<Point X="195" Y="126" T="undefined" />
	<Point X="192" Y="126" T="undefined" />
	<Point X="188" Y="126" T="undefined" />
	<Point X="186" Y="126" T="undefined" />
	<Point X="184" Y="126" T="undefined" />
	<Point X="182" Y="127" T="undefined" />
	<Point X="181" Y="127" T="undefined" />
	<Point X="181" Y="128" T="undefined" />
	<Point X="181" Y="129" T="undefined" />
	<Point X="181" Y="130" T="undefined" />
	<Point X="181" Y="132" T="undefined" />
	<Point X="182" Y="136" T="undefined" />
	<Point X="183" Y="140" T="undefined" />
	<Point X="184" Y="148" T="undefined" />
	<Point X="186" Y="156" T="undefined" />
	<Point X="187" Y="167" T="undefined" />
	<Point X="188" Y="176" T="undefined" />
	<Point X="189" Y="186" T="undefined" />
	<Point X="190" Y="199" T="undefined" />
	<Point X="191" Y="210" T="undefined" />
	<Point X="192" Y="223" T="undefined" />
	<Point X="193" Y="237" T="undefined" />
	<Point X="193" Y="250" T="undefined" />
	<Point X="193" Y="261" T="undefined" />
	<Point X="193" Y="273" T="undefined" />
	<Point X="193" Y="286" T="undefined" />
	<Point X="192" Y="298" T="undefined" />
	<Point X="190" Y="309" T="undefined" />
	<Point X="189" Y="320" T="undefined" />
	<Point X="188" Y="330" T="undefined" />
	<Point X="186" Y="339" T="undefined" />
	<Point X="185" Y="346" T="undefined" />
	<Point X="185" Y="352" T="undefined" />
	<Point X="185" Y="356" T="undefined" />
	<Point X="185" Y="360" T="undefined" />
	<Point X="185" Y="362" T="undefined" />
	<Point X="185" Y="365" T="undefined" />
	<Point X="185" Y="367" T="undefined" />
	<Point X="185" Y="369" T="undefined" />
	<Point X="185" Y="370" T="undefined" />
	<Point X="185" Y="372" T="undefined" />
	<Point X="185" Y="373" T="undefined" />
	<Point X="185" Y="375" T="undefined" />
	<Point X="185" Y="376" T="undefined" />
	<Point X="185" Y="378" T="undefined" />
	<Point X="185" Y="380" T="undefined" />
	<Point X="185" Y="381" T="undefined" />
	<Point X="185" Y="382" T="undefined" />
	<Point X="185" Y="383" T="undefined" />
	<Point X="185" Y="384" T="undefined" />
	<Point X="185" Y="385" T="undefined" />
	<Point X="185" Y="386" T="undefined" />
	<Point X="185" Y="387" T="undefined" />
	<Point X="186" Y="387" T="undefined" />
	<Point X="187" Y="387" T="undefined" />
	<Point X="188" Y="387" T="undefined" />
	<Point X="193" Y="387" T="undefined" />
	<Point X="196" Y="386" T="undefined" />
	<Point X="202" Y="386" T="undefined" />
	<Point X="209" Y="385" T="undefined" />
	<Point X="214" Y="385" T="undefined" />
	<Point X="223" Y="385" T="undefined" />
	<Point X="231" Y="385" T="undefined" />
	<Point X="240" Y="385" T="undefined" />
	<Point X="251" Y="385" T="undefined" />
	<Point X="261" Y="385" T="undefined" />
	<Point X="271" Y="385" T="undefined" />
	<Point X="280" Y="386" T="undefined" />
	<Point X="289" Y="387" T="undefined" />
	<Point X="299" Y="388" T="undefined" />
	<Point X="307" Y="389" T="undefined" />
	<Point X="314" Y="389" T="undefined" />
	<Point X="321" Y="390" T="undefined" />
	<Point X="326" Y="391" T="undefined" />
	<Point X="331" Y="391" T="undefined" />
	<Point X="335" Y="391" T="undefined" />
	<Point X="339" Y="392" T="undefined" />
	<Point X="342" Y="392" T="undefined" />
	<Point X="345" Y="393" T="undefined" />
	<Point X="349" Y="394" T="undefined" />
	<Point X="352" Y="394" T="undefined" />
	<Point X="355" Y="394" T="undefined" />
	<Point X="357" Y="394" T="undefined" />
	<Point X="360" Y="395" T="undefined" />
	<Point X="362" Y="395" T="undefined" />
	<Point X="364" Y="395" T="undefined" />
	<Point X="365" Y="395" T="undefined" />
	<Point X="366" Y="395" T="undefined" />
	<Point X="367" Y="395" T="undefined" />
</Gesture>