<?xml version="1.0" encoding="utf-8" standalone="yes"?>
<Gesture Name="Left Square Bracket0" NumPts="99">
	<Point X="295" Y="119" T="undefined" />
	<Point X="294" Y="119" T="undefined" />
	<Point X="293" Y="119" T="undefined" />
	<Point X="292" Y="119" T="undefined" />
	<Point X="290" Y="119" T="undefined" />
	<Point X="288" Y="119" T="undefined" />
	<Point X="285" Y="119" T="undefined" />
	<Point X="282" Y="119" T="undefined" />
	<Point X="278" Y="119" T="undefined" />
	<Point X="273" Y="120" T="undefined" />
	<Point X="270" Y="120" T="undefined" />
	<Point X="264" Y="121" T="undefined" />
	<Point X="259" Y="121" T="undefined" />
	<Point X="254" Y="122" T="undefined" />
	<Point X="248" Y="122" T="undefined" />
	<Point X="241" Y="123" T="undefined" />
	<Point X="234" Y="123" T="undefined" />
	<Point X="229" Y="123" T="undefined" />
	<Point X="223" Y="124" T="undefined" />
	<Point X="216" Y="125" T="undefined" />
	<Point X="210" Y="126" T="undefined" />
	<Point X="205" Y="126" T="undefined" />
	<Point X="200" Y="127" T="undefined" />
	<Point X="196" Y="128" T="undefined" />
	<Point X="193" Y="129" T="undefined" />
	<Point X="191" Y="129" T="undefined" />
	<Point X="189" Y="129" T="undefined" />
	<Point X="188" Y="130" T="undefined" />
	<Point X="187" Y="130" T="undefined" />
	<Point X="186" Y="130" T="undefined" />
	<Point X="186" Y="131" T="undefined" />
	<Point X="186" Y="132" T="undefined" />
	<Point X="186" Y="134" T="undefined" />
	<Point X="186" Y="136" T="undefined" />
	<Point X="186" Y="141" T="undefined" />
	<Point X="186" Y="145" T="undefined" />
	<Point X="186" Y="151" T="undefined" />
	<Point X="186" Y="157" T="undefined" />
	<Point X="186" Y="169" T="undefined" />
	<Point X="186" Y="178" T="undefined" />
	<Point X="186" Y="190" T="undefined" />
	<Point X="186" Y="203" T="undefined" />
	<Point X="186" Y="219" T="undefined" />
	<Point X="186" Y="234" T="undefined" />
	<Point X="186" Y="250" T="undefined" />
	<Point X="186" Y="268" T="undefined" />
	<Point X="186" Y="284" T="undefined" />
	<Point X="187" Y="301" T="undefined" />
	<Point X="188" Y="312" T="undefined" />
	<Point X="189" Y="325" T="undefined" />
	<Point X="191" Y="342" T="undefined" />
	<Point X="192" Y="351" T="undefined" />
	<Point X="193" Y="361" T="undefined" />
	<Point X="195" Y="368" T="undefined" />
	<Point X="196" Y="373" T="undefined" />
	<Point X="197" Y="378" T="undefined" />
	<Point X="197" Y="381" T="undefined" />
	<Point X="198" Y="384" T="undefined" />
	<Point X="199" Y="385" T="undefined" />
	<Point X="200" Y="386" T="undefined" />
	<Point X="200" Y="387" T="undefined" />
	<Point X="201" Y="387" T="undefined" />
	<Point X="202" Y="387" T="undefined" />
	<Point X="203" Y="388" T="undefined" />
	<Point X="205" Y="388" T="undefined" />
	<Point X="207" Y="388" T="undefined" />
	<Point X="211" Y="388" T="undefined" />
	<Point X="214" Y="389" T="undefined" />
	<Point X="219" Y="389" T="undefined" />
	<Point X="225" Y="389" T="undefined" />
	<Point X="230" Y="390" T="undefined" />
	<Point X="239" Y="391" T="undefined" />
	<Point X="246" Y="391" T="undefined" />
	<Point X="255" Y="391" T="undefined" />
	<Point X="261" Y="391" T="undefined" />
	<Point X="270" Y="391" T="undefined" />
	<Point X="278" Y="392" T="undefined" />
	<Point X="286" Y="392" T="undefined" />
	<Point X="294" Y="392" T="undefined" />
	<Point X="301" Y="392" T="undefined" />
	<Point X="308" Y="392" T="undefined" />
	<Point X="315" Y="392" T="undefined" />
	<Point X="321" Y="392" T="undefined" />
	<Point X="327" Y="392" T="undefined" />
	<Point X="332" Y="392" T="undefined" />
	<Point X="336" Y="392" T="undefined" />
	<Point X="340" Y="392" T="undefined" />
	<Point X="343" Y="392" T="undefined" />
	<Point X="346" Y="392" T="undefined" />
	<Point X="348" Y="392" T="undefined" />
	<Point X="350" Y="392" T="undefined" />
	<Point X="351" Y="392" T="undefined" />
	<Point X="352" Y="392" T="undefined" />
	<Point X="353" Y="392" T="undefined" />
	<Point X="354" Y="392" T="undefined" />
	<Point X="355" Y="392" T="undefined" />
	<Point X="356" Y="392" T="undefined" />
	<Point X="357" Y="392" T="undefined" />
	<Point X="358" Y="392" T="undefined" />
</Gesture>