<?xml version="1.0" encoding="utf-8" standalone="yes"?>
<Gesture Name="Left Square Bracket8" NumPts="102">
	<Point X="359" Y="114" T="undefined" />
	<Point X="359" Y="113" T="undefined" />
	<Point X="358" Y="113" T="undefined" />
	<Point X="357" Y="112" T="undefined" />
	<Point X="354" Y="112" T="undefined" />
	<Point X="352" Y="112" T="undefined" />
	<Point X="348" Y="111" T="undefined" />
	<Point X="344" Y="110" T="undefined" />
	<Point X="338" Y="110" T="undefined" />
	<Point X="328" Y="109" T="undefined" />
	<Point X="322" Y="108" T="undefined" />
	<Point X="309" Y="106" T="undefined" />
	<Point X="294" Y="106" T="undefined" />
	<Point X="276" Y="104" T="undefined" />
	<Point X="258" Y="103" T="undefined" />
	<Point X="242" Y="103" T="undefined" />
	<Point X="225" Y="103" T="undefined" />
	<Point X="212" Y="103" T="undefined" />
	<Point X="196" Y="103" T="undefined" />
	<Point X="186" Y="104" T="undefined" />
	<Point X="176" Y="105" T="undefined" />
	<Point X="168" Y="106" T="undefined" />
	<Point X="166" Y="106" T="undefined" />
	<Point X="163" Y="107" T="undefined" />
	<Point X="162" Y="107" T="undefined" />
	<Point X="162" Y="107" T="undefined" />
	<Point X="162" Y="108" T="undefined" />
	<Point X="162" Y="110" T="undefined" />
	<Point X="163" Y="112" T="undefined" />
	<Point X="164" Y="115" T="undefined" />
	<Point X="164" Y="119" T="undefined" />
	<Point X="165" Y="124" T="undefined" />
	<Point X="165" Y="130" T="undefined" />
	<Point X="165" Y="139" T="undefined" />
	<Point X="166" Y="149" T="undefined" />
	<Point X="166" Y="162" T="undefined" />
	<Point X="166" Y="175" T="undefined" />
	<Point X="166" Y="190" T="undefined" />
	<Point X="166" Y="208" T="undefined" />
	<Point X="166" Y="225" T="undefined" />
	<Point X="165" Y="245" T="undefined" />
	<Point X="164" Y="264" T="undefined" />
	<Point X="163" Y="281" T="undefined" />
	<Point X="161" Y="297" T="undefined" />
	<Point X="159" Y="315" T="undefined" />
	<Point X="158" Y="327" T="undefined" />
	<Point X="157" Y="339" T="undefined" />
	<Point X="157" Y="349" T="undefined" />
	<Point X="157" Y="359" T="undefined" />
	<Point X="157" Y="366" T="undefined" />
	<Point X="157" Y="371" T="undefined" />
	<Point X="157" Y="376" T="undefined" />
	<Point X="157" Y="379" T="undefined" />
	<Point X="157" Y="383" T="undefined" />
	<Point X="157" Y="386" T="undefined" />
	<Point X="157" Y="388" T="undefined" />
	<Point X="157" Y="390" T="undefined" />
	<Point X="158" Y="392" T="undefined" />
	<Point X="158" Y="393" T="undefined" />
	<Point X="158" Y="394" T="undefined" />
	<Point X="158" Y="395" T="undefined" />
	<Point X="158" Y="396" T="undefined" />
	<Point X="158" Y="397" T="undefined" />
	<Point X="158" Y="398" T="undefined" />
	<Point X="159" Y="399" T="undefined" />
	<Point X="160" Y="400" T="undefined" />
	<Point X="160" Y="401" T="undefined" />
	<Point X="161" Y="401" T="undefined" />
	<Point X="161" Y="402" T="undefined" />
	<Point X="162" Y="403" T="undefined" />
	<Point X="164" Y="403" T="undefined" />
	<Point X="165" Y="404" T="undefined" />
	<Point X="168" Y="405" T="undefined" />
	<Point X="170" Y="405" T="undefined" />
	<Point X="173" Y="406" T="undefined" />
	<Point X="177" Y="406" T="undefined" />
	<Point X="183" Y="406" T="undefined" />
	<Point X="189" Y="406" T="undefined" />
	<Point X="197" Y="406" T="undefined" />
	<Point X="204" Y="406" T="undefined" />
	<Point X="218" Y="406" T="undefined" />
	<Point X="230" Y="405" T="undefined" />
	<Point X="245" Y="405" T="undefined" />
	<Point X="257" Y="404" T="undefined" />
	<Point X="274" Y="402" T="undefined" />
	<Point X="288" Y="402" T="undefined" />
	<Point X="302" Y="402" T="undefined" />
	<Point X="314" Y="401" T="undefined" />
	<Point X="326" Y="400" T="undefined" />
	<Point X="337" Y="400" T="undefined" />
	<Point X="345" Y="400" T="undefined" />
	<Point X="354" Y="400" T="undefined" />
	<Point X="360" Y="400" T="undefined" />
	<Point X="364" Y="400" T="undefined" />
	<Point X="368" Y="400" T="undefined" />
	<Point X="372" Y="400" T="undefined" />
	<Point X="374" Y="400" T="undefined" />
	<Point X="375" Y="399" T="undefined" />
	<Point X="376" Y="399" T="undefined" />
	<Point X="377" Y="399" T="undefined" />
	<Point X="378" Y="399" T="undefined" />
	<Point X="379" Y="399" T="undefined" />
</Gesture>