<?xml version="1.0" encoding="utf-8" standalone="yes"?>
<Gesture Name="Left Square Bracket7" NumPts="81">
	<Point X="267" Y="96" T="undefined" />
	<Point X="266" Y="96" T="undefined" />
	<Point X="265" Y="96" T="undefined" />
	<Point X="264" Y="96" T="undefined" />
	<Point X="260" Y="95" T="undefined" />
	<Point X="256" Y="95" T="undefined" />
	<Point X="250" Y="93" T="undefined" />
	<Point X="242" Y="92" T="undefined" />
	<Point X="231" Y="91" T="undefined" />
	<Point X="219" Y="89" T="undefined" />
	<Point X="205" Y="89" T="undefined" />
	<Point X="194" Y="89" T="undefined" />
	<Point X="184" Y="89" T="undefined" />
	<Point X="173" Y="89" T="undefined" />
	<Point X="166" Y="90" T="undefined" />
	<Point X="163" Y="90" T="undefined" />
	<Point X="159" Y="91" T="undefined" />
	<Point X="157" Y="91" T="undefined" />
	<Point X="156" Y="91" T="undefined" />
	<Point X="156" Y="92" T="undefined" />
	<Point X="156" Y="93" T="undefined" />
	<Point X="155" Y="94" T="undefined" />
	<Point X="155" Y="95" T="undefined" />
	<Point X="154" Y="95" T="undefined" />
	<Point X="154" Y="96" T="undefined" />
	<Point X="154" Y="97" T="undefined" />
	<Point X="154" Y="98" T="undefined" />
	<Point X="154" Y="99" T="undefined" />
	<Point X="154" Y="100" T="undefined" />
	<Point X="154" Y="102" T="undefined" />
	<Point X="153" Y="104" T="undefined" />
	<Point X="153" Y="107" T="undefined" />
	<Point X="153" Y="111" T="undefined" />
	<Point X="153" Y="116" T="undefined" />
	<Point X="153" Y="123" T="undefined" />
	<Point X="153" Y="131" T="undefined" />
	<Point X="153" Y="142" T="undefined" />
	<Point X="153" Y="155" T="undefined" />
	<Point X="153" Y="169" T="undefined" />
	<Point X="153" Y="184" T="undefined" />
	<Point X="152" Y="205" T="undefined" />
	<Point X="151" Y="222" T="undefined" />
	<Point X="149" Y="245" T="undefined" />
	<Point X="147" Y="267" T="undefined" />
	<Point X="145" Y="287" T="undefined" />
	<Point X="144" Y="305" T="undefined" />
	<Point X="142" Y="321" T="undefined" />
	<Point X="141" Y="335" T="undefined" />
	<Point X="140" Y="345" T="undefined" />
	<Point X="139" Y="352" T="undefined" />
	<Point X="139" Y="362" T="undefined" />
	<Point X="139" Y="366" T="undefined" />
	<Point X="139" Y="371" T="undefined" />
	<Point X="139" Y="373" T="undefined" />
	<Point X="139" Y="375" T="undefined" />
	<Point X="140" Y="375" T="undefined" />
	<Point X="140" Y="376" T="undefined" />
	<Point X="141" Y="376" T="undefined" />
	<Point X="143" Y="376" T="undefined" />
	<Point X="146" Y="376" T="undefined" />
	<Point X="149" Y="376" T="undefined" />
	<Point X="154" Y="376" T="undefined" />
	<Point X="161" Y="376" T="undefined" />
	<Point X="168" Y="376" T="undefined" />
	<Point X="176" Y="376" T="undefined" />
	<Point X="185" Y="376" T="undefined" />
	<Point X="195" Y="376" T="undefined" />
	<Point X="208" Y="376" T="undefined" />
	<Point X="221" Y="376" T="undefined" />
	<Point X="234" Y="376" T="undefined" />
	<Point X="248" Y="376" T="undefined" />
	<Point X="256" Y="376" T="undefined" />
	<Point X="268" Y="376" T="undefined" />
	<Point X="276" Y="376" T="undefined" />
	<Point X="281" Y="376" T="undefined" />
	<Point X="287" Y="376" T="undefined" />
	<Point X="292" Y="376" T="undefined" />
	<Point X="296" Y="376" T="undefined" />
	<Point X="298" Y="376" T="undefined" />
	<Point X="301" Y="376" T="undefined" />
	<Point X="302" Y="376" T="undefined" />
</Gesture>