<?xml version="1.0" encoding="utf-8" standalone="yes"?>
<Gesture Name="Left Curly Brace5" NumPts="184">
	<Point X="295" Y="74" T="undefined" />
	<Point X="294" Y="74" T="undefined" />
	<Point X="293" Y="74" T="undefined" />
	<Point X="291" Y="74" T="undefined" />
	<Point X="290" Y="74" T="undefined" />
	<Point X="288" Y="76" T="undefined" />
	<Point X="284" Y="77" T="undefined" />
	<Point X="282" Y="78" T="undefined" />
	<Point X="278" Y="80" T="undefined" />
	<Point X="274" Y="81" T="undefined" />
	<Point X="267" Y="85" T="undefined" />
	<Point X="265" Y="86" T="undefined" />
	<Point X="259" Y="90" T="undefined" />
	<Point X="252" Y="95" T="undefined" />
	<Point X="250" Y="96" T="undefined" />
	<Point X="243" Y="101" T="undefined" />
	<Point X="237" Y="105" T="undefined" />
	<Point X="234" Y="108" T="undefined" />
	<Point X="227" Y="114" T="undefined" />
	<Point X="219" Y="123" T="undefined" />
	<Point X="215" Y="126" T="undefined" />
	<Point X="210" Y="133" T="undefined" />
	<Point X="208" Y="135" T="undefined" />
	<Point X="206" Y="138" T="undefined" />
	<Point X="204" Y="141" T="undefined" />
	<Point X="203" Y="145" T="undefined" />
	<Point X="203" Y="148" T="undefined" />
	<Point X="201" Y="152" T="undefined" />
	<Point X="201" Y="155" T="undefined" />
	<Point X="201" Y="159" T="undefined" />
	<Point X="201" Y="161" T="undefined" />
	<Point X="201" Y="168" T="undefined" />
	<Point X="202" Y="173" T="undefined" />
	<Point X="203" Y="176" T="undefined" />
	<Point X="204" Y="180" T="undefined" />
	<Point X="206" Y="183" T="undefined" />
	<Point X="208" Y="188" T="undefined" />
	<Point X="210" Y="191" T="undefined" />
	<Point X="212" Y="195" T="undefined" />
	<Point X="214" Y="198" T="undefined" />
	<Point X="216" Y="202" T="undefined" />
	<Point X="218" Y="205" T="undefined" />
	<Point X="220" Y="209" T="undefined" />
	<Point X="222" Y="212" T="undefined" />
	<Point X="223" Y="214" T="undefined" />
	<Point X="224" Y="217" T="undefined" />
	<Point X="225" Y="219" T="undefined" />
	<Point X="225" Y="221" T="undefined" />
	<Point X="226" Y="222" T="undefined" />
	<Point X="226" Y="225" T="undefined" />
	<Point X="226" Y="226" T="undefined" />
	<Point X="226" Y="228" T="undefined" />
	<Point X="226" Y="230" T="undefined" />
	<Point X="226" Y="231" T="undefined" />
	<Point X="225" Y="233" T="undefined" />
	<Point X="224" Y="235" T="undefined" />
	<Point X="223" Y="237" T="undefined" />
	<Point X="222" Y="239" T="undefined" />
	<Point X="220" Y="241" T="undefined" />
	<Point X="219" Y="243" T="undefined" />
	<Point X="217" Y="245" T="undefined" />
	<Point X="215" Y="247" T="undefined" />
	<Point X="212" Y="250" T="undefined" />
	<Point X="211" Y="252" T="undefined" />
	<Point X="207" Y="255" T="undefined" />
	<Point X="205" Y="257" T="undefined" />
	<Point X="202" Y="260" T="undefined" />
	<Point X="199" Y="262" T="undefined" />
	<Point X="196" Y="264" T="undefined" />
	<Point X="193" Y="267" T="undefined" />
	<Point X="191" Y="268" T="undefined" />
	<Point X="188" Y="270" T="undefined" />
	<Point X="186" Y="272" T="undefined" />
	<Point X="184" Y="274" T="undefined" />
	<Point X="183" Y="275" T="undefined" />
	<Point X="181" Y="276" T="undefined" />
	<Point X="179" Y="278" T="undefined" />
	<Point X="177" Y="278" T="undefined" />
	<Point X="175" Y="279" T="undefined" />
	<Point X="174" Y="280" T="undefined" />
	<Point X="173" Y="281" T="undefined" />
	<Point X="172" Y="282" T="undefined" />
	<Point X="171" Y="282" T="undefined" />
	<Point X="172" Y="282" T="undefined" />
	<Point X="172" Y="281" T="undefined" />
	<Point X="173" Y="281" T="undefined" />
	<Point X="174" Y="281" T="undefined" />
	<Point X="174" Y="280" T="undefined" />
	<Point X="176" Y="280" T="undefined" />
	<Point X="179" Y="279" T="undefined" />
	<Point X="181" Y="279" T="undefined" />
	<Point X="184" Y="278" T="undefined" />
	<Point X="188" Y="278" T="undefined" />
	<Point X="192" Y="277" T="undefined" />
	<Point X="196" Y="277" T="undefined" />
	<Point X="199" Y="277" T="undefined" />
	<Point X="202" Y="277" T="undefined" />
	<Point X="205" Y="277" T="undefined" />
	<Point X="208" Y="278" T="undefined" />
	<Point X="209" Y="278" T="undefined" />
	<Point X="211" Y="278" T="undefined" />
	<Point X="212" Y="278" T="undefined" />
	<Point X="213" Y="278" T="undefined" />
	<Point X="213" Y="279" T="undefined" />
	<Point X="213" Y="280" T="undefined" />
	<Point X="213" Y="281" T="undefined" />
	<Point X="212" Y="281" T="undefined" />
	<Point X="211" Y="281" T="undefined" />
	<Point X="210" Y="283" T="undefined" />
	<Point X="209" Y="284" T="undefined" />
	<Point X="208" Y="284" T="undefined" />
	<Point X="207" Y="285" T="undefined" />
	<Point X="206" Y="287" T="undefined" />
	<Point X="205" Y="288" T="undefined" />
	<Point X="204" Y="289" T="undefined" />
	<Point X="203" Y="291" T="undefined" />
	<Point X="202" Y="292" T="undefined" />
	<Point X="201" Y="294" T="undefined" />
	<Point X="200" Y="296" T="undefined" />
	<Point X="199" Y="298" T="undefined" />
	<Point X="198" Y="300" T="undefined" />
	<Point X="197" Y="303" T="undefined" />
	<Point X="196" Y="305" T="undefined" />
	<Point X="196" Y="308" T="undefined" />
	<Point X="194" Y="312" T="undefined" />
	<Point X="193" Y="315" T="undefined" />
	<Point X="192" Y="319" T="undefined" />
	<Point X="192" Y="323" T="undefined" />
	<Point X="190" Y="327" T="undefined" />
	<Point X="190" Y="333" T="undefined" />
	<Point X="190" Y="337" T="undefined" />
	<Point X="189" Y="342" T="undefined" />
	<Point X="189" Y="346" T="undefined" />
	<Point X="189" Y="351" T="undefined" />
	<Point X="189" Y="356" T="undefined" />
	<Point X="189" Y="359" T="undefined" />
	<Point X="189" Y="363" T="undefined" />
	<Point X="189" Y="367" T="undefined" />
	<Point X="190" Y="371" T="undefined" />
	<Point X="190" Y="374" T="undefined" />
	<Point X="191" Y="378" T="undefined" />
	<Point X="191" Y="381" T="undefined" />
	<Point X="192" Y="385" T="undefined" />
	<Point X="192" Y="387" T="undefined" />
	<Point X="192" Y="390" T="undefined" />
	<Point X="193" Y="394" T="undefined" />
	<Point X="193" Y="398" T="undefined" />
	<Point X="194" Y="401" T="undefined" />
	<Point X="195" Y="405" T="undefined" />
	<Point X="196" Y="408" T="undefined" />
	<Point X="196" Y="411" T="undefined" />
	<Point X="197" Y="415" T="undefined" />
	<Point X="199" Y="418" T="undefined" />
	<Point X="200" Y="420" T="undefined" />
	<Point X="201" Y="423" T="undefined" />
	<Point X="202" Y="425" T="undefined" />
	<Point X="203" Y="427" T="undefined" />
	<Point X="205" Y="429" T="undefined" />
	<Point X="207" Y="432" T="undefined" />
	<Point X="208" Y="433" T="undefined" />
	<Point X="210" Y="436" T="undefined" />
	<Point X="212" Y="437" T="undefined" />
	<Point X="214" Y="440" T="undefined" />
	<Point X="216" Y="441" T="undefined" />
	<Point X="218" Y="443" T="undefined" />
	<Point X="221" Y="444" T="undefined" />
	<Point X="224" Y="446" T="undefined" />
	<Point X="226" Y="448" T="undefined" />
	<Point X="229" Y="449" T="undefined" />
	<Point X="233" Y="450" T="undefined" />
	<Point X="235" Y="452" T="undefined" />
	<Point X="238" Y="453" T="undefined" />
	<Point X="242" Y="454" T="undefined" />
	<Point X="245" Y="454" T="undefined" />
	<Point X="249" Y="456" T="undefined" />
	<Point X="254" Y="456" T="undefined" />
	<Point X="259" Y="457" T="undefined" />
	<Point X="264" Y="457" T="undefined" />
	<Point X="269" Y="458" T="undefined" />
	<Point X="275" Y="459" T="undefined" />
	<Point X="281" Y="459" T="undefined" />
	<Point X="286" Y="459" T="undefined" />
	<Point X="292" Y="459" T="undefined" />
	<Point X="296" Y="459" T="undefined" />
</Gesture>