<?xml version="1.0" encoding="utf-8" standalone="yes"?>
<Gesture Name="Left Square Bracket5" NumPts="87">
	<Point X="317" Y="136" T="undefined" />
	<Point X="316" Y="136" T="undefined" />
	<Point X="313" Y="136" T="undefined" />
	<Point X="311" Y="136" T="undefined" />
	<Point X="307" Y="136" T="undefined" />
	<Point X="302" Y="136" T="undefined" />
	<Point X="296" Y="136" T="undefined" />
	<Point X="286" Y="136" T="undefined" />
	<Point X="276" Y="136" T="undefined" />
	<Point X="263" Y="136" T="undefined" />
	<Point X="250" Y="136" T="undefined" />
	<Point X="232" Y="136" T="undefined" />
	<Point X="219" Y="136" T="undefined" />
	<Point X="204" Y="137" T="undefined" />
	<Point X="192" Y="139" T="undefined" />
	<Point X="185" Y="140" T="undefined" />
	<Point X="179" Y="140" T="undefined" />
	<Point X="175" Y="140" T="undefined" />
	<Point X="173" Y="141" T="undefined" />
	<Point X="172" Y="141" T="undefined" />
	<Point X="171" Y="141" T="undefined" />
	<Point X="171" Y="142" T="undefined" />
	<Point X="171" Y="143" T="undefined" />
	<Point X="171" Y="144" T="undefined" />
	<Point X="171" Y="145" T="undefined" />
	<Point X="171" Y="146" T="undefined" />
	<Point X="171" Y="148" T="undefined" />
	<Point X="171" Y="150" T="undefined" />
	<Point X="171" Y="153" T="undefined" />
	<Point X="173" Y="156" T="undefined" />
	<Point X="174" Y="161" T="undefined" />
	<Point X="174" Y="165" T="undefined" />
	<Point X="176" Y="174" T="undefined" />
	<Point X="177" Y="188" T="undefined" />
	<Point X="177" Y="199" T="undefined" />
	<Point X="178" Y="211" T="undefined" />
	<Point X="178" Y="228" T="undefined" />
	<Point X="178" Y="242" T="undefined" />
	<Point X="178" Y="261" T="undefined" />
	<Point X="178" Y="283" T="undefined" />
	<Point X="178" Y="302" T="undefined" />
	<Point X="178" Y="319" T="undefined" />
	<Point X="177" Y="335" T="undefined" />
	<Point X="177" Y="347" T="undefined" />
	<Point X="177" Y="361" T="undefined" />
	<Point X="177" Y="372" T="undefined" />
	<Point X="178" Y="381" T="undefined" />
	<Point X="179" Y="386" T="undefined" />
	<Point X="180" Y="391" T="undefined" />
	<Point X="180" Y="395" T="undefined" />
	<Point X="181" Y="398" T="undefined" />
	<Point X="181" Y="401" T="undefined" />
	<Point X="182" Y="404" T="undefined" />
	<Point X="183" Y="405" T="undefined" />
	<Point X="183" Y="406" T="undefined" />
	<Point X="183" Y="407" T="undefined" />
	<Point X="184" Y="407" T="undefined" />
	<Point X="185" Y="407" T="undefined" />
	<Point X="186" Y="407" T="undefined" />
	<Point X="188" Y="407" T="undefined" />
	<Point X="190" Y="407" T="undefined" />
	<Point X="193" Y="407" T="undefined" />
	<Point X="196" Y="408" T="undefined" />
	<Point X="201" Y="408" T="undefined" />
	<Point X="205" Y="408" T="undefined" />
	<Point X="214" Y="409" T="undefined" />
	<Point X="220" Y="410" T="undefined" />
	<Point X="227" Y="411" T="undefined" />
	<Point X="237" Y="411" T="undefined" />
	<Point X="246" Y="412" T="undefined" />
	<Point X="258" Y="413" T="undefined" />
	<Point X="269" Y="414" T="undefined" />
	<Point X="278" Y="414" T="undefined" />
	<Point X="287" Y="415" T="undefined" />
	<Point X="295" Y="415" T="undefined" />
	<Point X="304" Y="415" T="undefined" />
	<Point X="314" Y="415" T="undefined" />
	<Point X="323" Y="415" T="undefined" />
	<Point X="330" Y="415" T="undefined" />
	<Point X="335" Y="415" T="undefined" />
	<Point X="341" Y="415" T="undefined" />
	<Point X="346" Y="415" T="undefined" />
	<Point X="351" Y="415" T="undefined" />
	<Point X="356" Y="415" T="undefined" />
	<Point X="362" Y="415" T="undefined" />
	<Point X="365" Y="415" T="undefined" />
	<Point X="369" Y="415" T="undefined" />
</Gesture>