<?xml version="1.0" encoding="utf-8" standalone="yes"?>
<Gesture Name="Left Square Bracket3" NumPts="147">
	<Point X="313" Y="133" T="undefined" />
	<Point X="312" Y="133" T="undefined" />
	<Point X="311" Y="133" T="undefined" />
	<Point X="310" Y="133" T="undefined" />
	<Point X="307" Y="133" T="undefined" />
	<Point X="303" Y="133" T="undefined" />
	<Point X="299" Y="133" T="undefined" />
	<Point X="295" Y="133" T="undefined" />
	<Point X="289" Y="134" T="undefined" />
	<Point X="283" Y="134" T="undefined" />
	<Point X="275" Y="134" T="undefined" />
	<Point X="267" Y="134" T="undefined" />
	<Point X="259" Y="135" T="undefined" />
	<Point X="250" Y="135" T="undefined" />
	<Point X="241" Y="136" T="undefined" />
	<Point X="232" Y="137" T="undefined" />
	<Point X="222" Y="138" T="undefined" />
	<Point X="217" Y="139" T="undefined" />
	<Point X="210" Y="139" T="undefined" />
	<Point X="204" Y="141" T="undefined" />
	<Point X="199" Y="141" T="undefined" />
	<Point X="194" Y="142" T="undefined" />
	<Point X="191" Y="142" T="undefined" />
	<Point X="189" Y="142" T="undefined" />
	<Point X="188" Y="142" T="undefined" />
	<Point X="188" Y="143" T="undefined" />
	<Point X="187" Y="144" T="undefined" />
	<Point X="187" Y="145" T="undefined" />
	<Point X="187" Y="146" T="undefined" />
	<Point X="187" Y="149" T="undefined" />
	<Point X="187" Y="153" T="undefined" />
	<Point X="187" Y="157" T="undefined" />
	<Point X="187" Y="161" T="undefined" />
	<Point X="187" Y="168" T="undefined" />
	<Point X="187" Y="175" T="undefined" />
	<Point X="187" Y="182" T="undefined" />
	<Point X="187" Y="194" T="undefined" />
	<Point X="187" Y="204" T="undefined" />
	<Point X="187" Y="220" T="undefined" />
	<Point X="187" Y="234" T="undefined" />
	<Point X="187" Y="249" T="undefined" />
	<Point X="187" Y="262" T="undefined" />
	<Point X="187" Y="276" T="undefined" />
	<Point X="187" Y="293" T="undefined" />
	<Point X="187" Y="306" T="undefined" />
	<Point X="187" Y="321" T="undefined" />
	<Point X="187" Y="333" T="undefined" />
	<Point X="188" Y="346" T="undefined" />
	<Point X="188" Y="355" T="undefined" />
	<Point X="188" Y="365" T="undefined" />
	<Point X="188" Y="374" T="undefined" />
	<Point X="188" Y="381" T="undefined" />
	<Point X="188" Y="387" T="undefined" />
	<Point X="189" Y="391" T="undefined" />
	<Point X="189" Y="395" T="undefined" />
	<Point X="190" Y="399" T="undefined" />
	<Point X="190" Y="401" T="undefined" />
	<Point X="190" Y="403" T="undefined" />
	<Point X="190" Y="405" T="undefined" />
	<Point X="190" Y="406" T="undefined" />
	<Point X="190" Y="407" T="undefined" />
	<Point X="190" Y="408" T="undefined" />
	<Point X="190" Y="410" T="undefined" />
	<Point X="191" Y="411" T="undefined" />
	<Point X="191" Y="412" T="undefined" />
	<Point X="191" Y="414" T="undefined" />
	<Point X="191" Y="415" T="undefined" />
	<Point X="191" Y="417" T="undefined" />
	<Point X="191" Y="418" T="undefined" />
	<Point X="192" Y="419" T="undefined" />
	<Point X="192" Y="421" T="undefined" />
	<Point X="193" Y="421" T="undefined" />
	<Point X="193" Y="422" T="undefined" />
	<Point X="193" Y="423" T="undefined" />
	<Point X="193" Y="424" T="undefined" />
	<Point X="194" Y="425" T="undefined" />
	<Point X="194" Y="426" T="undefined" />
	<Point X="194" Y="427" T="undefined" />
	<Point X="194" Y="428" T="undefined" />
	<Point X="195" Y="429" T="undefined" />
	<Point X="195" Y="430" T="undefined" />
	<Point X="195" Y="431" T="undefined" />
	<Point X="196" Y="432" T="undefined" />
	<Point X="196" Y="433" T="undefined" />
	<Point X="196" Y="434" T="undefined" />
	<Point X="197" Y="434" T="undefined" />
	<Point X="197" Y="435" T="undefined" />
	<Point X="197" Y="436" T="undefined" />
	<Point X="198" Y="436" T="undefined" />
	<Point X="199" Y="437" T="undefined" />
	<Point X="200" Y="438" T="undefined" />
	<Point X="202" Y="438" T="undefined" />
	<Point X="204" Y="438" T="undefined" />
	<Point X="206" Y="439" T="undefined" />
	<Point X="208" Y="439" T="undefined" />
	<Point X="211" Y="440" T="undefined" />
	<Point X="215" Y="440" T="undefined" />
	<Point X="218" Y="441" T="undefined" />
	<Point X="222" Y="442" T="undefined" />
	<Point X="227" Y="443" T="undefined" />
	<Point X="233" Y="443" T="undefined" />
	<Point X="239" Y="444" T="undefined" />
	<Point X="245" Y="445" T="undefined" />
	<Point X="250" Y="445" T="undefined" />
	<Point X="256" Y="445" T="undefined" />
	<Point X="263" Y="446" T="undefined" />
	<Point X="267" Y="446" T="undefined" />
	<Point X="273" Y="446" T="undefined" />
	<Point X="278" Y="446" T="undefined" />
	<Point X="284" Y="446" T="undefined" />
	<Point X="288" Y="447" T="undefined" />
	<Point X="292" Y="447" T="undefined" />
	<Point X="297" Y="447" T="undefined" />
	<Point X="301" Y="448" T="undefined" />
	<Point X="304" Y="448" T="undefined" />
	<Point X="309" Y="449" T="undefined" />
	<Point X="312" Y="449" T="undefined" />
	<Point X="316" Y="449" T="undefined" />
	<Point X="319" Y="449" T="undefined" />
	<Point X="322" Y="450" T="undefined" />
	<Point X="324" Y="450" T="undefined" />
	<Point X="326" Y="450" T="undefined" />
	<Point X="328" Y="451" T="undefined" />
	<Point X="330" Y="451" T="undefined" />
	<Point X="333" Y="452" T="undefined" />
	<Point X="335" Y="453" T="undefined" />
	<Point X="337" Y="453" T="undefined" />
	<Point X="339" Y="454" T="undefined" />
	<Point X="341" Y="454" T="undefined" />
	<Point X="342" Y="454" T="undefined" />
	<Point X="344" Y="454" T="undefined" />
	<Point X="346" Y="455" T="undefined" />
	<Point X="348" Y="455" T="undefined" />
	<Point X="349" Y="455" T="undefined" />
	<Point X="350" Y="455" T="undefined" />
	<Point X="352" Y="455" T="undefined" />
	<Point X="354" Y="456" T="undefined" />
	<Point X="356" Y="456" T="undefined" />
	<Point X="358" Y="456" T="undefined" />
	<Point X="360" Y="457" T="undefined" />
	<Point X="362" Y="457" T="undefined" />
	<Point X="364" Y="457" T="undefined" />
	<Point X="367" Y="457" T="undefined" />
	<Point X="369" Y="457" T="undefined" />
	<Point X="372" Y="457" T="undefined" />
	<Point X="374" Y="457" T="undefined" />
	<Point X="377" Y="457" T="undefined" />
</Gesture>