<?xml version="1.0" encoding="utf-8" standalone="yes"?>
<Gesture Name="Left Curly Brace7" NumPts="179">
	<Point X="266" Y="87" T="undefined" />
	<Point X="264" Y="87" T="undefined" />
	<Point X="262" Y="86" T="undefined" />
	<Point X="259" Y="86" T="undefined" />
	<Point X="257" Y="86" T="undefined" />
	<Point X="253" Y="86" T="undefined" />
	<Point X="250" Y="86" T="undefined" />
	<Point X="246" Y="86" T="undefined" />
	<Point X="243" Y="86" T="undefined" />
	<Point X="240" Y="87" T="undefined" />
	<Point X="236" Y="88" T="undefined" />
	<Point X="232" Y="89" T="undefined" />
	<Point X="229" Y="89" T="undefined" />
	<Point X="226" Y="90" T="undefined" />
	<Point X="222" Y="90" T="undefined" />
	<Point X="218" Y="91" T="undefined" />
	<Point X="215" Y="92" T="undefined" />
	<Point X="212" Y="92" T="undefined" />
	<Point X="208" Y="93" T="undefined" />
	<Point X="205" Y="94" T="undefined" />
	<Point X="202" Y="95" T="undefined" />
	<Point X="198" Y="96" T="undefined" />
	<Point X="195" Y="98" T="undefined" />
	<Point X="192" Y="100" T="undefined" />
	<Point X="189" Y="101" T="undefined" />
	<Point X="185" Y="104" T="undefined" />
	<Point X="182" Y="106" T="undefined" />
	<Point X="179" Y="108" T="undefined" />
	<Point X="176" Y="110" T="undefined" />
	<Point X="173" Y="112" T="undefined" />
	<Point X="171" Y="115" T="undefined" />
	<Point X="168" Y="117" T="undefined" />
	<Point X="166" Y="119" T="undefined" />
	<Point X="164" Y="121" T="undefined" />
	<Point X="162" Y="124" T="undefined" />
	<Point X="160" Y="125" T="undefined" />
	<Point X="159" Y="128" T="undefined" />
	<Point X="158" Y="131" T="undefined" />
	<Point X="156" Y="133" T="undefined" />
	<Point X="155" Y="137" T="undefined" />
	<Point X="154" Y="140" T="undefined" />
	<Point X="153" Y="144" T="undefined" />
	<Point X="152" Y="148" T="undefined" />
	<Point X="151" Y="152" T="undefined" />
	<Point X="151" Y="156" T="undefined" />
	<Point X="150" Y="162" T="undefined" />
	<Point X="150" Y="165" T="undefined" />
	<Point X="150" Y="170" T="undefined" />
	<Point X="150" Y="176" T="undefined" />
	<Point X="150" Y="181" T="undefined" />
	<Point X="150" Y="185" T="undefined" />
	<Point X="150" Y="190" T="undefined" />
	<Point X="150" Y="194" T="undefined" />
	<Point X="150" Y="199" T="undefined" />
	<Point X="152" Y="204" T="undefined" />
	<Point X="153" Y="208" T="undefined" />
	<Point X="155" Y="213" T="undefined" />
	<Point X="157" Y="216" T="undefined" />
	<Point X="158" Y="220" T="undefined" />
	<Point X="160" Y="223" T="undefined" />
	<Point X="162" Y="227" T="undefined" />
	<Point X="163" Y="230" T="undefined" />
	<Point X="164" Y="233" T="undefined" />
	<Point X="165" Y="236" T="undefined" />
	<Point X="166" Y="238" T="undefined" />
	<Point X="166" Y="240" T="undefined" />
	<Point X="166" Y="243" T="undefined" />
	<Point X="166" Y="246" T="undefined" />
	<Point X="166" Y="248" T="undefined" />
	<Point X="166" Y="252" T="undefined" />
	<Point X="166" Y="255" T="undefined" />
	<Point X="166" Y="257" T="undefined" />
	<Point X="166" Y="260" T="undefined" />
	<Point X="165" Y="263" T="undefined" />
	<Point X="164" Y="266" T="undefined" />
	<Point X="163" Y="269" T="undefined" />
	<Point X="162" Y="271" T="undefined" />
	<Point X="161" Y="274" T="undefined" />
	<Point X="159" Y="277" T="undefined" />
	<Point X="158" Y="278" T="undefined" />
	<Point X="157" Y="281" T="undefined" />
	<Point X="155" Y="283" T="undefined" />
	<Point X="154" Y="285" T="undefined" />
	<Point X="152" Y="287" T="undefined" />
	<Point X="149" Y="289" T="undefined" />
	<Point X="147" Y="290" T="undefined" />
	<Point X="145" Y="292" T="undefined" />
	<Point X="144" Y="293" T="undefined" />
	<Point X="142" Y="293" T="undefined" />
	<Point X="141" Y="294" T="undefined" />
	<Point X="139" Y="294" T="undefined" />
	<Point X="138" Y="294" T="undefined" />
	<Point X="138" Y="295" T="undefined" />
	<Point X="137" Y="295" T="undefined" />
	<Point X="137" Y="296" T="undefined" />
	<Point X="139" Y="296" T="undefined" />
	<Point X="141" Y="297" T="undefined" />
	<Point X="144" Y="297" T="undefined" />
	<Point X="147" Y="298" T="undefined" />
	<Point X="151" Y="299" T="undefined" />
	<Point X="155" Y="301" T="undefined" />
	<Point X="158" Y="302" T="undefined" />
	<Point X="162" Y="303" T="undefined" />
	<Point X="167" Y="304" T="undefined" />
	<Point X="170" Y="305" T="undefined" />
	<Point X="173" Y="306" T="undefined" />
	<Point X="176" Y="307" T="undefined" />
	<Point X="177" Y="307" T="undefined" />
	<Point X="178" Y="308" T="undefined" />
	<Point X="179" Y="308" T="undefined" />
	<Point X="179" Y="309" T="undefined" />
	<Point X="179" Y="310" T="undefined" />
	<Point X="179" Y="311" T="undefined" />
	<Point X="179" Y="312" T="undefined" />
	<Point X="179" Y="313" T="undefined" />
	<Point X="178" Y="314" T="undefined" />
	<Point X="177" Y="317" T="undefined" />
	<Point X="176" Y="318" T="undefined" />
	<Point X="175" Y="321" T="undefined" />
	<Point X="173" Y="324" T="undefined" />
	<Point X="172" Y="326" T="undefined" />
	<Point X="170" Y="330" T="undefined" />
	<Point X="169" Y="334" T="undefined" />
	<Point X="167" Y="338" T="undefined" />
	<Point X="166" Y="342" T="undefined" />
	<Point X="165" Y="348" T="undefined" />
	<Point X="164" Y="353" T="undefined" />
	<Point X="163" Y="358" T="undefined" />
	<Point X="163" Y="363" T="undefined" />
	<Point X="163" Y="366" T="undefined" />
	<Point X="163" Y="372" T="undefined" />
	<Point X="163" Y="376" T="undefined" />
	<Point X="163" Y="380" T="undefined" />
	<Point X="164" Y="384" T="undefined" />
	<Point X="165" Y="388" T="undefined" />
	<Point X="166" Y="392" T="undefined" />
	<Point X="167" Y="395" T="undefined" />
	<Point X="168" Y="398" T="undefined" />
	<Point X="169" Y="401" T="undefined" />
	<Point X="170" Y="403" T="undefined" />
	<Point X="172" Y="406" T="undefined" />
	<Point X="173" Y="409" T="undefined" />
	<Point X="174" Y="411" T="undefined" />
	<Point X="175" Y="413" T="undefined" />
	<Point X="177" Y="416" T="undefined" />
	<Point X="178" Y="418" T="undefined" />
	<Point X="181" Y="421" T="undefined" />
	<Point X="183" Y="423" T="undefined" />
	<Point X="185" Y="425" T="undefined" />
	<Point X="187" Y="428" T="undefined" />
	<Point X="190" Y="431" T="undefined" />
	<Point X="193" Y="434" T="undefined" />
	<Point X="196" Y="436" T="undefined" />
	<Point X="200" Y="439" T="undefined" />
	<Point X="202" Y="441" T="undefined" />
	<Point X="205" Y="443" T="undefined" />
	<Point X="209" Y="445" T="undefined" />
	<Point X="211" Y="447" T="undefined" />
	<Point X="214" Y="448" T="undefined" />
	<Point X="218" Y="451" T="undefined" />
	<Point X="220" Y="452" T="undefined" />
	<Point X="224" Y="454" T="undefined" />
	<Point X="227" Y="456" T="undefined" />
	<Point X="230" Y="458" T="undefined" />
	<Point X="234" Y="459" T="undefined" />
	<Point X="237" Y="460" T="undefined" />
	<Point X="240" Y="462" T="undefined" />
	<Point X="243" Y="463" T="undefined" />
	<Point X="246" Y="463" T="undefined" />
	<Point X="249" Y="464" T="undefined" />
	<Point X="251" Y="464" T="undefined" />
	<Point X="254" Y="464" T="undefined" />
	<Point X="255" Y="464" T="undefined" />
	<Point X="258" Y="464" T="undefined" />
	<Point X="259" Y="464" T="undefined" />
	<Point X="262" Y="464" T="undefined" />
	<Point X="265" Y="463" T="undefined" />
	<Point X="268" Y="462" T="undefined" />
	<Point X="272" Y="461" T="undefined" />
</Gesture>