<?xml version="1.0" encoding="utf-8" standalone="yes"?>
<Gesture Name="Left Square Bracket2" NumPts="137">
	<Point X="298" Y="128" T="undefined" />
	<Point X="298" Y="128" T="undefined" />
	<Point X="298" Y="128" T="undefined" />
	<Point X="298" Y="128" T="undefined" />
	<Point X="297" Y="128" T="undefined" />
	<Point X="295" Y="128" T="undefined" />
	<Point X="293" Y="127" T="undefined" />
	<Point X="288" Y="126" T="undefined" />
	<Point X="285" Y="125" T="undefined" />
	<Point X="279" Y="125" T="undefined" />
	<Point X="270" Y="123" T="undefined" />
	<Point X="265" Y="122" T="undefined" />
	<Point X="255" Y="121" T="undefined" />
	<Point X="240" Y="120" T="undefined" />
	<Point X="231" Y="120" T="undefined" />
	<Point X="218" Y="120" T="undefined" />
	<Point X="206" Y="119" T="undefined" />
	<Point X="192" Y="119" T="undefined" />
	<Point X="186" Y="119" T="undefined" />
	<Point X="173" Y="121" T="undefined" />
	<Point X="166" Y="122" T="undefined" />
	<Point X="163" Y="122" T="undefined" />
	<Point X="158" Y="123" T="undefined" />
	<Point X="156" Y="124" T="undefined" />
	<Point X="153" Y="124" T="undefined" />
	<Point X="151" Y="124" T="undefined" />
	<Point X="150" Y="124" T="undefined" />
	<Point X="150" Y="124" T="undefined" />
	<Point X="150" Y="124" T="undefined" />
	<Point X="150" Y="124" T="undefined" />
	<Point X="150" Y="124" T="undefined" />
	<Point X="150" Y="124" T="undefined" />
	<Point X="149" Y="124" T="undefined" />
	<Point X="149" Y="125" T="undefined" />
	<Point X="149" Y="126" T="undefined" />
	<Point X="149" Y="127" T="undefined" />
	<Point X="148" Y="128" T="undefined" />
	<Point X="147" Y="130" T="undefined" />
	<Point X="147" Y="133" T="undefined" />
	<Point X="147" Y="135" T="undefined" />
	<Point X="147" Y="138" T="undefined" />
	<Point X="146" Y="143" T="undefined" />
	<Point X="146" Y="148" T="undefined" />
	<Point X="146" Y="153" T="undefined" />
	<Point X="144" Y="161" T="undefined" />
	<Point X="144" Y="169" T="undefined" />
	<Point X="143" Y="178" T="undefined" />
	<Point X="142" Y="189" T="undefined" />
	<Point X="142" Y="200" T="undefined" />
	<Point X="140" Y="211" T="undefined" />
	<Point X="140" Y="223" T="undefined" />
	<Point X="138" Y="234" T="undefined" />
	<Point X="137" Y="248" T="undefined" />
	<Point X="135" Y="261" T="undefined" />
	<Point X="134" Y="271" T="undefined" />
	<Point X="133" Y="285" T="undefined" />
	<Point X="132" Y="295" T="undefined" />
	<Point X="132" Y="305" T="undefined" />
	<Point X="131" Y="313" T="undefined" />
	<Point X="131" Y="319" T="undefined" />
	<Point X="130" Y="327" T="undefined" />
	<Point X="130" Y="332" T="undefined" />
	<Point X="130" Y="337" T="undefined" />
	<Point X="130" Y="341" T="undefined" />
	<Point X="130" Y="343" T="undefined" />
	<Point X="130" Y="347" T="undefined" />
	<Point X="130" Y="350" T="undefined" />
	<Point X="130" Y="352" T="undefined" />
	<Point X="130" Y="355" T="undefined" />
	<Point X="130" Y="358" T="undefined" />
	<Point X="130" Y="360" T="undefined" />
	<Point X="130" Y="362" T="undefined" />
	<Point X="130" Y="364" T="undefined" />
	<Point X="130" Y="366" T="undefined" />
	<Point X="130" Y="368" T="undefined" />
	<Point X="130" Y="370" T="undefined" />
	<Point X="130" Y="371" T="undefined" />
	<Point X="130" Y="374" T="undefined" />
	<Point X="130" Y="376" T="undefined" />
	<Point X="130" Y="378" T="undefined" />
	<Point X="131" Y="380" T="undefined" />
	<Point X="131" Y="382" T="undefined" />
	<Point X="131" Y="384" T="undefined" />
	<Point X="131" Y="385" T="undefined" />
	<Point X="132" Y="387" T="undefined" />
	<Point X="132" Y="389" T="undefined" />
	<Point X="132" Y="390" T="undefined" />
	<Point X="132" Y="392" T="undefined" />
	<Point X="132" Y="393" T="undefined" />
	<Point X="132" Y="394" T="undefined" />
	<Point X="132" Y="395" T="undefined" />
	<Point X="132" Y="396" T="undefined" />
	<Point X="132" Y="397" T="undefined" />
	<Point X="133" Y="397" T="undefined" />
	<Point X="134" Y="398" T="undefined" />
	<Point X="135" Y="398" T="undefined" />
	<Point X="137" Y="399" T="undefined" />
	<Point X="140" Y="399" T="undefined" />
	<Point X="142" Y="400" T="undefined" />
	<Point X="146" Y="400" T="undefined" />
	<Point X="150" Y="401" T="undefined" />
	<Point X="156" Y="401" T="undefined" />
	<Point X="162" Y="402" T="undefined" />
	<Point X="168" Y="403" T="undefined" />
	<Point X="174" Y="404" T="undefined" />
	<Point X="181" Y="404" T="undefined" />
	<Point X="188" Y="405" T="undefined" />
	<Point X="196" Y="406" T="undefined" />
	<Point X="204" Y="406" T="undefined" />
	<Point X="212" Y="406" T="undefined" />
	<Point X="221" Y="406" T="undefined" />
	<Point X="229" Y="406" T="undefined" />
	<Point X="238" Y="407" T="undefined" />
	<Point X="245" Y="407" T="undefined" />
	<Point X="252" Y="407" T="undefined" />
	<Point X="259" Y="408" T="undefined" />
	<Point X="266" Y="408" T="undefined" />
	<Point X="274" Y="408" T="undefined" />
	<Point X="279" Y="408" T="undefined" />
	<Point X="284" Y="408" T="undefined" />
	<Point X="289" Y="409" T="undefined" />
	<Point X="293" Y="409" T="undefined" />
	<Point X="296" Y="409" T="undefined" />
	<Point X="299" Y="409" T="undefined" />
	<Point X="301" Y="409" T="undefined" />
	<Point X="303" Y="409" T="undefined" />
	<Point X="305" Y="409" T="undefined" />
	<Point X="306" Y="409" T="undefined" />
	<Point X="307" Y="409" T="undefined" />
	<Point X="308" Y="409" T="undefined" />
	<Point X="309" Y="409" T="undefined" />
	<Point X="310" Y="409" T="undefined" />
	<Point X="310" Y="410" T="undefined" />
	<Point X="311" Y="410" T="undefined" />
	<Point X="312" Y="410" T="undefined" />
	<Point X="313" Y="410" T="undefined" />
	<Point X="313" Y="411" T="undefined" />
</Gesture>