<?xml version="1.0" encoding="utf-8" standalone="yes"?>
<Gesture Name="Left Curly Brace8" NumPts="160">
	<Point X="277" Y="89" T="undefined" />
	<Point X="277" Y="88" T="undefined" />
	<Point X="276" Y="88" T="undefined" />
	<Point X="275" Y="87" T="undefined" />
	<Point X="273" Y="87" T="undefined" />
	<Point X="271" Y="86" T="undefined" />
	<Point X="267" Y="85" T="undefined" />
	<Point X="264" Y="84" T="undefined" />
	<Point X="259" Y="83" T="undefined" />
	<Point X="252" Y="83" T="undefined" />
	<Point X="246" Y="82" T="undefined" />
	<Point X="242" Y="82" T="undefined" />
	<Point X="234" Y="82" T="undefined" />
	<Point X="225" Y="82" T="undefined" />
	<Point X="217" Y="82" T="undefined" />
	<Point X="210" Y="84" T="undefined" />
	<Point X="203" Y="86" T="undefined" />
	<Point X="196" Y="87" T="undefined" />
	<Point X="189" Y="90" T="undefined" />
	<Point X="185" Y="92" T="undefined" />
	<Point X="181" Y="93" T="undefined" />
	<Point X="178" Y="95" T="undefined" />
	<Point X="175" Y="97" T="undefined" />
	<Point X="172" Y="99" T="undefined" />
	<Point X="171" Y="101" T="undefined" />
	<Point X="170" Y="104" T="undefined" />
	<Point X="168" Y="106" T="undefined" />
	<Point X="167" Y="108" T="undefined" />
	<Point X="166" Y="110" T="undefined" />
	<Point X="165" Y="113" T="undefined" />
	<Point X="164" Y="116" T="undefined" />
	<Point X="162" Y="119" T="undefined" />
	<Point X="161" Y="121" T="undefined" />
	<Point X="160" Y="124" T="undefined" />
	<Point X="158" Y="127" T="undefined" />
	<Point X="156" Y="131" T="undefined" />
	<Point X="155" Y="135" T="undefined" />
	<Point X="154" Y="139" T="undefined" />
	<Point X="152" Y="144" T="undefined" />
	<Point X="151" Y="149" T="undefined" />
	<Point X="150" Y="154" T="undefined" />
	<Point X="150" Y="158" T="undefined" />
	<Point X="150" Y="164" T="undefined" />
	<Point X="150" Y="168" T="undefined" />
	<Point X="150" Y="173" T="undefined" />
	<Point X="151" Y="177" T="undefined" />
	<Point X="152" Y="181" T="undefined" />
	<Point X="154" Y="185" T="undefined" />
	<Point X="156" Y="190" T="undefined" />
	<Point X="158" Y="194" T="undefined" />
	<Point X="160" Y="198" T="undefined" />
	<Point X="162" Y="202" T="undefined" />
	<Point X="164" Y="207" T="undefined" />
	<Point X="166" Y="213" T="undefined" />
	<Point X="167" Y="217" T="undefined" />
	<Point X="168" Y="222" T="undefined" />
	<Point X="169" Y="227" T="undefined" />
	<Point X="170" Y="232" T="undefined" />
	<Point X="171" Y="237" T="undefined" />
	<Point X="172" Y="241" T="undefined" />
	<Point X="172" Y="245" T="undefined" />
	<Point X="173" Y="250" T="undefined" />
	<Point X="173" Y="254" T="undefined" />
	<Point X="173" Y="257" T="undefined" />
	<Point X="174" Y="261" T="undefined" />
	<Point X="174" Y="264" T="undefined" />
	<Point X="174" Y="267" T="undefined" />
	<Point X="174" Y="270" T="undefined" />
	<Point X="174" Y="272" T="undefined" />
	<Point X="174" Y="275" T="undefined" />
	<Point X="174" Y="276" T="undefined" />
	<Point X="174" Y="278" T="undefined" />
	<Point X="174" Y="279" T="undefined" />
	<Point X="173" Y="280" T="undefined" />
	<Point X="172" Y="282" T="undefined" />
	<Point X="171" Y="283" T="undefined" />
	<Point X="170" Y="284" T="undefined" />
	<Point X="168" Y="285" T="undefined" />
	<Point X="166" Y="287" T="undefined" />
	<Point X="164" Y="288" T="undefined" />
	<Point X="162" Y="289" T="undefined" />
	<Point X="160" Y="291" T="undefined" />
	<Point X="158" Y="292" T="undefined" />
	<Point X="157" Y="293" T="undefined" />
	<Point X="155" Y="295" T="undefined" />
	<Point X="154" Y="295" T="undefined" />
	<Point X="153" Y="296" T="undefined" />
	<Point X="153" Y="297" T="undefined" />
	<Point X="153" Y="298" T="undefined" />
	<Point X="154" Y="299" T="undefined" />
	<Point X="157" Y="299" T="undefined" />
	<Point X="159" Y="300" T="undefined" />
	<Point X="162" Y="301" T="undefined" />
	<Point X="164" Y="301" T="undefined" />
	<Point X="168" Y="302" T="undefined" />
	<Point X="170" Y="303" T="undefined" />
	<Point X="173" Y="303" T="undefined" />
	<Point X="176" Y="303" T="undefined" />
	<Point X="177" Y="303" T="undefined" />
	<Point X="178" Y="304" T="undefined" />
	<Point X="180" Y="304" T="undefined" />
	<Point X="180" Y="305" T="undefined" />
	<Point X="180" Y="306" T="undefined" />
	<Point X="181" Y="307" T="undefined" />
	<Point X="181" Y="308" T="undefined" />
	<Point X="181" Y="309" T="undefined" />
	<Point X="181" Y="310" T="undefined" />
	<Point X="181" Y="313" T="undefined" />
	<Point X="181" Y="315" T="undefined" />
	<Point X="181" Y="317" T="undefined" />
	<Point X="181" Y="320" T="undefined" />
	<Point X="181" Y="324" T="undefined" />
	<Point X="181" Y="328" T="undefined" />
	<Point X="180" Y="332" T="undefined" />
	<Point X="180" Y="338" T="undefined" />
	<Point X="180" Y="343" T="undefined" />
	<Point X="179" Y="348" T="undefined" />
	<Point X="179" Y="354" T="undefined" />
	<Point X="179" Y="360" T="undefined" />
	<Point X="179" Y="365" T="undefined" />
	<Point X="179" Y="371" T="undefined" />
	<Point X="180" Y="376" T="undefined" />
	<Point X="180" Y="381" T="undefined" />
	<Point X="181" Y="385" T="undefined" />
	<Point X="182" Y="390" T="undefined" />
	<Point X="183" Y="394" T="undefined" />
	<Point X="184" Y="398" T="undefined" />
	<Point X="185" Y="401" T="undefined" />
	<Point X="185" Y="405" T="undefined" />
	<Point X="187" Y="408" T="undefined" />
	<Point X="188" Y="411" T="undefined" />
	<Point X="189" Y="414" T="undefined" />
	<Point X="191" Y="417" T="undefined" />
	<Point X="193" Y="420" T="undefined" />
	<Point X="195" Y="424" T="undefined" />
	<Point X="199" Y="427" T="undefined" />
	<Point X="203" Y="431" T="undefined" />
	<Point X="207" Y="435" T="undefined" />
	<Point X="212" Y="438" T="undefined" />
	<Point X="218" Y="442" T="undefined" />
	<Point X="222" Y="444" T="undefined" />
	<Point X="229" Y="447" T="undefined" />
	<Point X="234" Y="449" T="undefined" />
	<Point X="239" Y="451" T="undefined" />
	<Point X="244" Y="452" T="undefined" />
	<Point X="249" Y="453" T="undefined" />
	<Point X="255" Y="455" T="undefined" />
	<Point X="259" Y="455" T="undefined" />
	<Point X="265" Y="456" T="undefined" />
	<Point X="270" Y="457" T="undefined" />
	<Point X="276" Y="458" T="undefined" />
	<Point X="281" Y="459" T="undefined" />
	<Point X="286" Y="459" T="undefined" />
	<Point X="291" Y="460" T="undefined" />
	<Point X="298" Y="461" T="undefined" />
	<Point X="305" Y="461" T="undefined" />
	<Point X="312" Y="462" T="undefined" />
	<Point X="317" Y="462" T="undefined" />
	<Point X="325" Y="462" T="undefined" />
	<Point X="331" Y="462" T="undefined" />
</Gesture>