<?xml version="1.0" encoding="utf-8" standalone="yes"?>
<Gesture Name="Left Curly Brace4" NumPts="165">
	<Point X="302" Y="112" T="undefined" />
	<Point X="301" Y="112" T="undefined" />
	<Point X="297" Y="111" T="undefined" />
	<Point X="294" Y="110" T="undefined" />
	<Point X="290" Y="110" T="undefined" />
	<Point X="287" Y="110" T="undefined" />
	<Point X="285" Y="110" T="undefined" />
	<Point X="281" Y="110" T="undefined" />
	<Point X="277" Y="111" T="undefined" />
	<Point X="273" Y="112" T="undefined" />
	<Point X="270" Y="114" T="undefined" />
	<Point X="267" Y="115" T="undefined" />
	<Point X="263" Y="118" T="undefined" />
	<Point X="260" Y="120" T="undefined" />
	<Point X="256" Y="123" T="undefined" />
	<Point X="252" Y="126" T="undefined" />
	<Point X="249" Y="130" T="undefined" />
	<Point X="246" Y="132" T="undefined" />
	<Point X="242" Y="136" T="undefined" />
	<Point X="240" Y="140" T="undefined" />
	<Point X="237" Y="143" T="undefined" />
	<Point X="235" Y="147" T="undefined" />
	<Point X="233" Y="151" T="undefined" />
	<Point X="231" Y="154" T="undefined" />
	<Point X="229" Y="160" T="undefined" />
	<Point X="227" Y="163" T="undefined" />
	<Point X="226" Y="168" T="undefined" />
	<Point X="226" Y="173" T="undefined" />
	<Point X="225" Y="177" T="undefined" />
	<Point X="225" Y="181" T="undefined" />
	<Point X="225" Y="187" T="undefined" />
	<Point X="225" Y="190" T="undefined" />
	<Point X="225" Y="195" T="undefined" />
	<Point X="225" Y="199" T="undefined" />
	<Point X="225" Y="203" T="undefined" />
	<Point X="226" Y="207" T="undefined" />
	<Point X="227" Y="211" T="undefined" />
	<Point X="229" Y="215" T="undefined" />
	<Point X="230" Y="219" T="undefined" />
	<Point X="232" Y="223" T="undefined" />
	<Point X="234" Y="228" T="undefined" />
	<Point X="235" Y="232" T="undefined" />
	<Point X="237" Y="235" T="undefined" />
	<Point X="238" Y="239" T="undefined" />
	<Point X="240" Y="242" T="undefined" />
	<Point X="242" Y="246" T="undefined" />
	<Point X="243" Y="249" T="undefined" />
	<Point X="243" Y="252" T="undefined" />
	<Point X="245" Y="254" T="undefined" />
	<Point X="246" Y="258" T="undefined" />
	<Point X="246" Y="261" T="undefined" />
	<Point X="247" Y="263" T="undefined" />
	<Point X="247" Y="266" T="undefined" />
	<Point X="247" Y="269" T="undefined" />
	<Point X="247" Y="271" T="undefined" />
	<Point X="247" Y="273" T="undefined" />
	<Point X="247" Y="275" T="undefined" />
	<Point X="247" Y="276" T="undefined" />
	<Point X="247" Y="278" T="undefined" />
	<Point X="247" Y="279" T="undefined" />
	<Point X="247" Y="281" T="undefined" />
	<Point X="247" Y="282" T="undefined" />
	<Point X="247" Y="283" T="undefined" />
	<Point X="246" Y="285" T="undefined" />
	<Point X="244" Y="286" T="undefined" />
	<Point X="243" Y="288" T="undefined" />
	<Point X="242" Y="289" T="undefined" />
	<Point X="240" Y="290" T="undefined" />
	<Point X="238" Y="292" T="undefined" />
	<Point X="237" Y="293" T="undefined" />
	<Point X="235" Y="294" T="undefined" />
	<Point X="234" Y="295" T="undefined" />
	<Point X="232" Y="296" T="undefined" />
	<Point X="231" Y="297" T="undefined" />
	<Point X="230" Y="298" T="undefined" />
	<Point X="229" Y="298" T="undefined" />
	<Point X="229" Y="299" T="undefined" />
	<Point X="228" Y="299" T="undefined" />
	<Point X="229" Y="299" T="undefined" />
	<Point X="230" Y="299" T="undefined" />
	<Point X="231" Y="299" T="undefined" />
	<Point X="232" Y="299" T="undefined" />
	<Point X="233" Y="299" T="undefined" />
	<Point X="235" Y="299" T="undefined" />
	<Point X="237" Y="299" T="undefined" />
	<Point X="239" Y="299" T="undefined" />
	<Point X="241" Y="300" T="undefined" />
	<Point X="242" Y="300" T="undefined" />
	<Point X="245" Y="301" T="undefined" />
	<Point X="246" Y="301" T="undefined" />
	<Point X="248" Y="302" T="undefined" />
	<Point X="249" Y="302" T="undefined" />
	<Point X="250" Y="303" T="undefined" />
	<Point X="250" Y="304" T="undefined" />
	<Point X="251" Y="304" T="undefined" />
	<Point X="251" Y="305" T="undefined" />
	<Point X="252" Y="306" T="undefined" />
	<Point X="253" Y="306" T="undefined" />
	<Point X="253" Y="307" T="undefined" />
	<Point X="253" Y="308" T="undefined" />
	<Point X="253" Y="309" T="undefined" />
	<Point X="254" Y="310" T="undefined" />
	<Point X="254" Y="312" T="undefined" />
	<Point X="254" Y="313" T="undefined" />
	<Point X="254" Y="314" T="undefined" />
	<Point X="254" Y="315" T="undefined" />
	<Point X="254" Y="317" T="undefined" />
	<Point X="254" Y="319" T="undefined" />
	<Point X="254" Y="321" T="undefined" />
	<Point X="254" Y="323" T="undefined" />
	<Point X="253" Y="326" T="undefined" />
	<Point X="252" Y="330" T="undefined" />
	<Point X="251" Y="333" T="undefined" />
	<Point X="250" Y="337" T="undefined" />
	<Point X="248" Y="341" T="undefined" />
	<Point X="247" Y="345" T="undefined" />
	<Point X="246" Y="349" T="undefined" />
	<Point X="244" Y="354" T="undefined" />
	<Point X="243" Y="358" T="undefined" />
	<Point X="242" Y="362" T="undefined" />
	<Point X="240" Y="366" T="undefined" />
	<Point X="239" Y="370" T="undefined" />
	<Point X="238" Y="374" T="undefined" />
	<Point X="238" Y="378" T="undefined" />
	<Point X="237" Y="383" T="undefined" />
	<Point X="236" Y="387" T="undefined" />
	<Point X="236" Y="391" T="undefined" />
	<Point X="236" Y="396" T="undefined" />
	<Point X="236" Y="400" T="undefined" />
	<Point X="236" Y="403" T="undefined" />
	<Point X="236" Y="407" T="undefined" />
	<Point X="236" Y="411" T="undefined" />
	<Point X="236" Y="414" T="undefined" />
	<Point X="236" Y="418" T="undefined" />
	<Point X="236" Y="421" T="undefined" />
	<Point X="236" Y="425" T="undefined" />
	<Point X="236" Y="428" T="undefined" />
	<Point X="237" Y="430" T="undefined" />
	<Point X="238" Y="433" T="undefined" />
	<Point X="239" Y="436" T="undefined" />
	<Point X="240" Y="438" T="undefined" />
	<Point X="241" Y="441" T="undefined" />
	<Point X="242" Y="443" T="undefined" />
	<Point X="244" Y="445" T="undefined" />
	<Point X="245" Y="446" T="undefined" />
	<Point X="246" Y="448" T="undefined" />
	<Point X="248" Y="449" T="undefined" />
	<Point X="250" Y="450" T="undefined" />
	<Point X="251" Y="452" T="undefined" />
	<Point X="254" Y="454" T="undefined" />
	<Point X="257" Y="455" T="undefined" />
	<Point X="259" Y="457" T="undefined" />
	<Point X="262" Y="458" T="undefined" />
	<Point X="266" Y="460" T="undefined" />
	<Point X="269" Y="461" T="undefined" />
	<Point X="274" Y="462" T="undefined" />
	<Point X="277" Y="463" T="undefined" />
	<Point X="280" Y="464" T="undefined" />
	<Point X="284" Y="465" T="undefined" />
	<Point X="288" Y="465" T="undefined" />
	<Point X="291" Y="465" T="undefined" />
	<Point X="296" Y="465" T="undefined" />
	<Point X="300" Y="465" T="undefined" />
	<Point X="306" Y="465" T="undefined" />
	<Point X="313" Y="465" T="undefined" />
</Gesture>