<?xml version="1.0" encoding="utf-8" standalone="yes"?>
<Gesture Name="Left Curly Brace3" NumPts="204">
	<Point X="282" Y="91" T="undefined" />
	<Point X="281" Y="91" T="undefined" />
	<Point X="280" Y="91" T="undefined" />
	<Point X="279" Y="91" T="undefined" />
	<Point X="278" Y="91" T="undefined" />
	<Point X="277" Y="91" T="undefined" />
	<Point X="275" Y="91" T="undefined" />
	<Point X="274" Y="91" T="undefined" />
	<Point X="271" Y="92" T="undefined" />
	<Point X="267" Y="95" T="undefined" />
	<Point X="266" Y="95" T="undefined" />
	<Point X="263" Y="96" T="undefined" />
	<Point X="260" Y="98" T="undefined" />
	<Point X="256" Y="99" T="undefined" />
	<Point X="251" Y="102" T="undefined" />
	<Point X="247" Y="103" T="undefined" />
	<Point X="243" Y="105" T="undefined" />
	<Point X="239" Y="107" T="undefined" />
	<Point X="235" Y="109" T="undefined" />
	<Point X="231" Y="111" T="undefined" />
	<Point X="228" Y="114" T="undefined" />
	<Point X="225" Y="116" T="undefined" />
	<Point X="222" Y="118" T="undefined" />
	<Point X="219" Y="122" T="undefined" />
	<Point X="218" Y="124" T="undefined" />
	<Point X="215" Y="127" T="undefined" />
	<Point X="213" Y="129" T="undefined" />
	<Point X="212" Y="132" T="undefined" />
	<Point X="210" Y="136" T="undefined" />
	<Point X="208" Y="139" T="undefined" />
	<Point X="207" Y="141" T="undefined" />
	<Point X="206" Y="144" T="undefined" />
	<Point X="204" Y="147" T="undefined" />
	<Point X="203" Y="150" T="undefined" />
	<Point X="203" Y="152" T="undefined" />
	<Point X="202" Y="155" T="undefined" />
	<Point X="200" Y="158" T="undefined" />
	<Point X="200" Y="160" T="undefined" />
	<Point X="200" Y="163" T="undefined" />
	<Point X="199" Y="165" T="undefined" />
	<Point X="199" Y="168" T="undefined" />
	<Point X="199" Y="171" T="undefined" />
	<Point X="199" Y="173" T="undefined" />
	<Point X="199" Y="175" T="undefined" />
	<Point X="199" Y="178" T="undefined" />
	<Point X="199" Y="180" T="undefined" />
	<Point X="199" Y="183" T="undefined" />
	<Point X="199" Y="185" T="undefined" />
	<Point X="199" Y="188" T="undefined" />
	<Point X="199" Y="191" T="undefined" />
	<Point X="199" Y="193" T="undefined" />
	<Point X="199" Y="196" T="undefined" />
	<Point X="200" Y="199" T="undefined" />
	<Point X="201" Y="203" T="undefined" />
	<Point X="202" Y="206" T="undefined" />
	<Point X="203" Y="209" T="undefined" />
	<Point X="205" Y="213" T="undefined" />
	<Point X="206" Y="215" T="undefined" />
	<Point X="207" Y="219" T="undefined" />
	<Point X="209" Y="222" T="undefined" />
	<Point X="210" Y="225" T="undefined" />
	<Point X="211" Y="228" T="undefined" />
	<Point X="212" Y="230" T="undefined" />
	<Point X="213" Y="233" T="undefined" />
	<Point X="214" Y="235" T="undefined" />
	<Point X="215" Y="237" T="undefined" />
	<Point X="216" Y="239" T="undefined" />
	<Point X="217" Y="241" T="undefined" />
	<Point X="218" Y="244" T="undefined" />
	<Point X="219" Y="246" T="undefined" />
	<Point X="219" Y="248" T="undefined" />
	<Point X="221" Y="251" T="undefined" />
	<Point X="221" Y="254" T="undefined" />
	<Point X="222" Y="255" T="undefined" />
	<Point X="222" Y="258" T="undefined" />
	<Point X="223" Y="260" T="undefined" />
	<Point X="223" Y="262" T="undefined" />
	<Point X="223" Y="264" T="undefined" />
	<Point X="224" Y="266" T="undefined" />
	<Point X="224" Y="267" T="undefined" />
	<Point X="225" Y="270" T="undefined" />
	<Point X="225" Y="272" T="undefined" />
	<Point X="225" Y="274" T="undefined" />
	<Point X="225" Y="276" T="undefined" />
	<Point X="225" Y="278" T="undefined" />
	<Point X="225" Y="280" T="undefined" />
	<Point X="225" Y="282" T="undefined" />
	<Point X="225" Y="283" T="undefined" />
	<Point X="225" Y="285" T="undefined" />
	<Point X="225" Y="287" T="undefined" />
	<Point X="225" Y="288" T="undefined" />
	<Point X="225" Y="289" T="undefined" />
	<Point X="225" Y="291" T="undefined" />
	<Point X="225" Y="292" T="undefined" />
	<Point X="225" Y="294" T="undefined" />
	<Point X="224" Y="296" T="undefined" />
	<Point X="223" Y="298" T="undefined" />
	<Point X="222" Y="300" T="undefined" />
	<Point X="221" Y="302" T="undefined" />
	<Point X="220" Y="303" T="undefined" />
	<Point X="218" Y="305" T="undefined" />
	<Point X="217" Y="307" T="undefined" />
	<Point X="216" Y="308" T="undefined" />
	<Point X="215" Y="309" T="undefined" />
	<Point X="213" Y="310" T="undefined" />
	<Point X="212" Y="312" T="undefined" />
	<Point X="210" Y="313" T="undefined" />
	<Point X="208" Y="313" T="undefined" />
	<Point X="206" Y="314" T="undefined" />
	<Point X="204" Y="315" T="undefined" />
	<Point X="203" Y="316" T="undefined" />
	<Point X="202" Y="316" T="undefined" />
	<Point X="202" Y="317" T="undefined" />
	<Point X="202" Y="318" T="undefined" />
	<Point X="203" Y="318" T="undefined" />
	<Point X="204" Y="319" T="undefined" />
	<Point X="206" Y="320" T="undefined" />
	<Point X="208" Y="320" T="undefined" />
	<Point X="211" Y="321" T="undefined" />
	<Point X="213" Y="321" T="undefined" />
	<Point X="215" Y="322" T="undefined" />
	<Point X="218" Y="322" T="undefined" />
	<Point X="219" Y="322" T="undefined" />
	<Point X="221" Y="323" T="undefined" />
	<Point X="222" Y="323" T="undefined" />
	<Point X="223" Y="323" T="undefined" />
	<Point X="223" Y="324" T="undefined" />
	<Point X="223" Y="325" T="undefined" />
	<Point X="223" Y="326" T="undefined" />
	<Point X="223" Y="327" T="undefined" />
	<Point X="223" Y="328" T="undefined" />
	<Point X="223" Y="330" T="undefined" />
	<Point X="223" Y="332" T="undefined" />
	<Point X="223" Y="334" T="undefined" />
	<Point X="223" Y="337" T="undefined" />
	<Point X="223" Y="340" T="undefined" />
	<Point X="222" Y="343" T="undefined" />
	<Point X="220" Y="348" T="undefined" />
	<Point X="219" Y="351" T="undefined" />
	<Point X="217" Y="354" T="undefined" />
	<Point X="216" Y="358" T="undefined" />
	<Point X="216" Y="361" T="undefined" />
	<Point X="215" Y="366" T="undefined" />
	<Point X="214" Y="370" T="undefined" />
	<Point X="213" Y="374" T="undefined" />
	<Point X="212" Y="378" T="undefined" />
	<Point X="212" Y="381" T="undefined" />
	<Point X="212" Y="386" T="undefined" />
	<Point X="212" Y="390" T="undefined" />
	<Point X="212" Y="394" T="undefined" />
	<Point X="212" Y="397" T="undefined" />
	<Point X="212" Y="401" T="undefined" />
	<Point X="212" Y="404" T="undefined" />
	<Point X="212" Y="408" T="undefined" />
	<Point X="212" Y="411" T="undefined" />
	<Point X="213" Y="414" T="undefined" />
	<Point X="213" Y="417" T="undefined" />
	<Point X="214" Y="420" T="undefined" />
	<Point X="215" Y="422" T="undefined" />
	<Point X="216" Y="424" T="undefined" />
	<Point X="217" Y="426" T="undefined" />
	<Point X="218" Y="428" T="undefined" />
	<Point X="220" Y="430" T="undefined" />
	<Point X="221" Y="431" T="undefined" />
	<Point X="223" Y="432" T="undefined" />
	<Point X="225" Y="434" T="undefined" />
	<Point X="227" Y="435" T="undefined" />
	<Point X="228" Y="437" T="undefined" />
	<Point X="231" Y="438" T="undefined" />
	<Point X="233" Y="439" T="undefined" />
	<Point X="235" Y="440" T="undefined" />
	<Point X="238" Y="442" T="undefined" />
	<Point X="239" Y="443" T="undefined" />
	<Point X="242" Y="444" T="undefined" />
	<Point X="245" Y="445" T="undefined" />
	<Point X="247" Y="446" T="undefined" />
	<Point X="250" Y="447" T="undefined" />
	<Point X="253" Y="448" T="undefined" />
	<Point X="256" Y="449" T="undefined" />
	<Point X="259" Y="450" T="undefined" />
	<Point X="262" Y="450" T="undefined" />
	<Point X="265" Y="451" T="undefined" />
	<Point X="267" Y="451" T="undefined" />
	<Point X="270" Y="452" T="undefined" />
	<Point X="272" Y="452" T="undefined" />
	<Point X="273" Y="453" T="undefined" />
	<Point X="275" Y="453" T="undefined" />
	<Point X="277" Y="454" T="undefined" />
	<Point X="279" Y="454" T="undefined" />
	<Point X="281" Y="455" T="undefined" />
	<Point X="283" Y="455" T="undefined" />
	<Point X="285" Y="456" T="undefined" />
	<Point X="288" Y="456" T="undefined" />
	<Point X="290" Y="456" T="undefined" />
	<Point X="292" Y="457" T="undefined" />
	<Point X="295" Y="458" T="undefined" />
	<Point X="296" Y="458" T="undefined" />
	<Point X="297" Y="458" T="undefined" />
	<Point X="299" Y="458" T="undefined" />
	<Point X="300" Y="458" T="undefined" />
	<Point X="301" Y="458" T="undefined" />
	<Point X="302" Y="458" T="undefined" />
	<Point X="303" Y="458" T="undefined" />
	<Point X="304" Y="458" T="undefined" />
</Gesture>