<?xml version="1.0" encoding="utf-8" standalone="yes"?>
<Gesture Name="Left Curly Brace9" NumPts="193">
	<Point X="266" Y="107" T="undefined" />
	<Point X="265" Y="107" T="undefined" />
	<Point X="264" Y="106" T="undefined" />
	<Point X="261" Y="106" T="undefined" />
	<Point X="259" Y="106" T="undefined" />
	<Point X="256" Y="106" T="undefined" />
	<Point X="254" Y="106" T="undefined" />
	<Point X="251" Y="106" T="undefined" />
	<Point X="247" Y="106" T="undefined" />
	<Point X="243" Y="106" T="undefined" />
	<Point X="239" Y="108" T="undefined" />
	<Point X="234" Y="109" T="undefined" />
	<Point X="229" Y="111" T="undefined" />
	<Point X="224" Y="114" T="undefined" />
	<Point X="218" Y="118" T="undefined" />
	<Point X="211" Y="123" T="undefined" />
	<Point X="205" Y="126" T="undefined" />
	<Point X="198" Y="132" T="undefined" />
	<Point X="194" Y="136" T="undefined" />
	<Point X="187" Y="142" T="undefined" />
	<Point X="182" Y="146" T="undefined" />
	<Point X="179" Y="149" T="undefined" />
	<Point X="176" Y="154" T="undefined" />
	<Point X="175" Y="157" T="undefined" />
	<Point X="174" Y="160" T="undefined" />
	<Point X="173" Y="163" T="undefined" />
	<Point X="173" Y="166" T="undefined" />
	<Point X="172" Y="170" T="undefined" />
	<Point X="172" Y="173" T="undefined" />
	<Point X="172" Y="176" T="undefined" />
	<Point X="173" Y="181" T="undefined" />
	<Point X="173" Y="185" T="undefined" />
	<Point X="174" Y="189" T="undefined" />
	<Point X="175" Y="194" T="undefined" />
	<Point X="176" Y="201" T="undefined" />
	<Point X="177" Y="208" T="undefined" />
	<Point X="179" Y="214" T="undefined" />
	<Point X="181" Y="221" T="undefined" />
	<Point X="182" Y="227" T="undefined" />
	<Point X="183" Y="234" T="undefined" />
	<Point X="185" Y="240" T="undefined" />
	<Point X="186" Y="245" T="undefined" />
	<Point X="188" Y="251" T="undefined" />
	<Point X="189" Y="256" T="undefined" />
	<Point X="190" Y="261" T="undefined" />
	<Point X="192" Y="265" T="undefined" />
	<Point X="193" Y="268" T="undefined" />
	<Point X="193" Y="273" T="undefined" />
	<Point X="194" Y="276" T="undefined" />
	<Point X="194" Y="280" T="undefined" />
	<Point X="194" Y="284" T="undefined" />
	<Point X="194" Y="288" T="undefined" />
	<Point X="194" Y="292" T="undefined" />
	<Point X="194" Y="296" T="undefined" />
	<Point X="194" Y="299" T="undefined" />
	<Point X="194" Y="302" T="undefined" />
	<Point X="194" Y="305" T="undefined" />
	<Point X="193" Y="307" T="undefined" />
	<Point X="193" Y="309" T="undefined" />
	<Point X="192" Y="310" T="undefined" />
	<Point X="191" Y="312" T="undefined" />
	<Point X="191" Y="313" T="undefined" />
	<Point X="191" Y="314" T="undefined" />
	<Point X="190" Y="315" T="undefined" />
	<Point X="190" Y="316" T="undefined" />
	<Point X="190" Y="317" T="undefined" />
	<Point X="189" Y="317" T="undefined" />
	<Point X="189" Y="318" T="undefined" />
	<Point X="188" Y="318" T="undefined" />
	<Point X="187" Y="318" T="undefined" />
	<Point X="186" Y="318" T="undefined" />
	<Point X="185" Y="318" T="undefined" />
	<Point X="184" Y="318" T="undefined" />
	<Point X="183" Y="318" T="undefined" />
	<Point X="181" Y="319" T="undefined" />
	<Point X="180" Y="319" T="undefined" />
	<Point X="178" Y="320" T="undefined" />
	<Point X="177" Y="320" T="undefined" />
	<Point X="176" Y="320" T="undefined" />
	<Point X="176" Y="321" T="undefined" />
	<Point X="175" Y="322" T="undefined" />
	<Point X="174" Y="322" T="undefined" />
	<Point X="173" Y="322" T="undefined" />
	<Point X="172" Y="323" T="undefined" />
	<Point X="170" Y="323" T="undefined" />
	<Point X="169" Y="324" T="undefined" />
	<Point X="168" Y="325" T="undefined" />
	<Point X="166" Y="326" T="undefined" />
	<Point X="165" Y="326" T="undefined" />
	<Point X="165" Y="327" T="undefined" />
	<Point X="164" Y="327" T="undefined" />
	<Point X="163" Y="327" T="undefined" />
	<Point X="163" Y="328" T="undefined" />
	<Point X="164" Y="328" T="undefined" />
	<Point X="165" Y="328" T="undefined" />
	<Point X="167" Y="329" T="undefined" />
	<Point X="168" Y="329" T="undefined" />
	<Point X="169" Y="329" T="undefined" />
	<Point X="172" Y="330" T="undefined" />
	<Point X="173" Y="330" T="undefined" />
	<Point X="175" Y="330" T="undefined" />
	<Point X="176" Y="330" T="undefined" />
	<Point X="178" Y="330" T="undefined" />
	<Point X="179" Y="330" T="undefined" />
	<Point X="180" Y="330" T="undefined" />
	<Point X="182" Y="331" T="undefined" />
	<Point X="183" Y="331" T="undefined" />
	<Point X="184" Y="331" T="undefined" />
	<Point X="185" Y="331" T="undefined" />
	<Point X="186" Y="331" T="undefined" />
	<Point X="187" Y="331" T="undefined" />
	<Point X="188" Y="331" T="undefined" />
	<Point X="189" Y="331" T="undefined" />
	<Point X="189" Y="332" T="undefined" />
	<Point X="188" Y="332" T="undefined" />
	<Point X="188" Y="333" T="undefined" />
	<Point X="187" Y="333" T="undefined" />
	<Point X="186" Y="335" T="undefined" />
	<Point X="185" Y="335" T="undefined" />
	<Point X="184" Y="336" T="undefined" />
	<Point X="184" Y="337" T="undefined" />
	<Point X="182" Y="339" T="undefined" />
	<Point X="182" Y="340" T="undefined" />
	<Point X="182" Y="341" T="undefined" />
	<Point X="181" Y="341" T="undefined" />
	<Point X="181" Y="342" T="undefined" />
	<Point X="181" Y="343" T="undefined" />
	<Point X="181" Y="344" T="undefined" />
	<Point X="180" Y="345" T="undefined" />
	<Point X="180" Y="346" T="undefined" />
	<Point X="180" Y="348" T="undefined" />
	<Point X="180" Y="349" T="undefined" />
	<Point X="180" Y="351" T="undefined" />
	<Point X="179" Y="352" T="undefined" />
	<Point X="179" Y="355" T="undefined" />
	<Point X="178" Y="357" T="undefined" />
	<Point X="178" Y="359" T="undefined" />
	<Point X="178" Y="362" T="undefined" />
	<Point X="178" Y="364" T="undefined" />
	<Point X="177" Y="366" T="undefined" />
	<Point X="177" Y="369" T="undefined" />
	<Point X="177" Y="371" T="undefined" />
	<Point X="177" Y="375" T="undefined" />
	<Point X="177" Y="377" T="undefined" />
	<Point X="177" Y="380" T="undefined" />
	<Point X="178" Y="383" T="undefined" />
	<Point X="178" Y="385" T="undefined" />
	<Point X="179" Y="388" T="undefined" />
	<Point X="179" Y="391" T="undefined" />
	<Point X="180" Y="394" T="undefined" />
	<Point X="180" Y="398" T="undefined" />
	<Point X="180" Y="401" T="undefined" />
	<Point X="181" Y="405" T="undefined" />
	<Point X="181" Y="408" T="undefined" />
	<Point X="182" Y="412" T="undefined" />
	<Point X="183" Y="415" T="undefined" />
	<Point X="183" Y="417" T="undefined" />
	<Point X="184" Y="421" T="undefined" />
	<Point X="185" Y="424" T="undefined" />
	<Point X="186" Y="426" T="undefined" />
	<Point X="187" Y="428" T="undefined" />
	<Point X="188" Y="430" T="undefined" />
	<Point X="188" Y="432" T="undefined" />
	<Point X="189" Y="434" T="undefined" />
	<Point X="191" Y="436" T="undefined" />
	<Point X="192" Y="438" T="undefined" />
	<Point X="193" Y="440" T="undefined" />
	<Point X="195" Y="442" T="undefined" />
	<Point X="197" Y="445" T="undefined" />
	<Point X="199" Y="446" T="undefined" />
	<Point X="201" Y="449" T="undefined" />
	<Point X="204" Y="451" T="undefined" />
	<Point X="206" Y="454" T="undefined" />
	<Point X="209" Y="456" T="undefined" />
	<Point X="213" Y="458" T="undefined" />
	<Point X="217" Y="461" T="undefined" />
	<Point X="220" Y="463" T="undefined" />
	<Point X="226" Y="466" T="undefined" />
	<Point X="231" Y="467" T="undefined" />
	<Point X="236" Y="469" T="undefined" />
	<Point X="242" Y="471" T="undefined" />
	<Point X="248" Y="473" T="undefined" />
	<Point X="254" Y="474" T="undefined" />
	<Point X="260" Y="475" T="undefined" />
	<Point X="266" Y="476" T="undefined" />
	<Point X="273" Y="477" T="undefined" />
	<Point X="280" Y="477" T="undefined" />
	<Point X="286" Y="477" T="undefined" />
	<Point X="292" Y="478" T="undefined" />
	<Point X="298" Y="478" T="undefined" />
	<Point X="304" Y="478" T="undefined" />
	<Point X="313" Y="478" T="undefined" />
	<Point X="321" Y="478" T="undefined" />
</Gesture>