<?xml version="1.0" encoding="utf-8" standalone="yes"?>
<Gesture Name="Left Curly Brace1" NumPts="220">
	<Point X="262" Y="97" T="undefined" />
	<Point X="261" Y="97" T="undefined" />
	<Point X="260" Y="97" T="undefined" />
	<Point X="259" Y="97" T="undefined" />
	<Point X="258" Y="97" T="undefined" />
	<Point X="256" Y="96" T="undefined" />
	<Point X="255" Y="96" T="undefined" />
	<Point X="252" Y="96" T="undefined" />
	<Point X="249" Y="96" T="undefined" />
	<Point X="246" Y="96" T="undefined" />
	<Point X="243" Y="96" T="undefined" />
	<Point X="239" Y="96" T="undefined" />
	<Point X="235" Y="96" T="undefined" />
	<Point X="229" Y="96" T="undefined" />
	<Point X="225" Y="96" T="undefined" />
	<Point X="219" Y="97" T="undefined" />
	<Point X="211" Y="99" T="undefined" />
	<Point X="206" Y="100" T="undefined" />
	<Point X="199" Y="101" T="undefined" />
	<Point X="193" Y="103" T="undefined" />
	<Point X="187" Y="105" T="undefined" />
	<Point X="180" Y="107" T="undefined" />
	<Point X="174" Y="109" T="undefined" />
	<Point X="170" Y="110" T="undefined" />
	<Point X="165" Y="112" T="undefined" />
	<Point X="161" Y="113" T="undefined" />
	<Point X="157" Y="115" T="undefined" />
	<Point X="153" Y="117" T="undefined" />
	<Point X="150" Y="118" T="undefined" />
	<Point X="146" Y="120" T="undefined" />
	<Point X="143" Y="122" T="undefined" />
	<Point X="141" Y="124" T="undefined" />
	<Point X="139" Y="125" T="undefined" />
	<Point X="137" Y="127" T="undefined" />
	<Point X="134" Y="130" T="undefined" />
	<Point X="133" Y="132" T="undefined" />
	<Point X="130" Y="135" T="undefined" />
	<Point X="129" Y="137" T="undefined" />
	<Point X="127" Y="140" T="undefined" />
	<Point X="126" Y="143" T="undefined" />
	<Point X="125" Y="146" T="undefined" />
	<Point X="124" Y="149" T="undefined" />
	<Point X="124" Y="152" T="undefined" />
	<Point X="123" Y="155" T="undefined" />
	<Point X="122" Y="158" T="undefined" />
	<Point X="122" Y="162" T="undefined" />
	<Point X="122" Y="164" T="undefined" />
	<Point X="122" Y="167" T="undefined" />
	<Point X="123" Y="170" T="undefined" />
	<Point X="123" Y="173" T="undefined" />
	<Point X="124" Y="176" T="undefined" />
	<Point X="125" Y="179" T="undefined" />
	<Point X="128" Y="183" T="undefined" />
	<Point X="129" Y="186" T="undefined" />
	<Point X="132" Y="189" T="undefined" />
	<Point X="133" Y="193" T="undefined" />
	<Point X="136" Y="197" T="undefined" />
	<Point X="137" Y="199" T="undefined" />
	<Point X="140" Y="203" T="undefined" />
	<Point X="141" Y="206" T="undefined" />
	<Point X="143" Y="210" T="undefined" />
	<Point X="145" Y="213" T="undefined" />
	<Point X="147" Y="216" T="undefined" />
	<Point X="149" Y="219" T="undefined" />
	<Point X="150" Y="222" T="undefined" />
	<Point X="152" Y="224" T="undefined" />
	<Point X="153" Y="227" T="undefined" />
	<Point X="153" Y="230" T="undefined" />
	<Point X="154" Y="232" T="undefined" />
	<Point X="155" Y="234" T="undefined" />
	<Point X="156" Y="236" T="undefined" />
	<Point X="156" Y="238" T="undefined" />
	<Point X="157" Y="240" T="undefined" />
	<Point X="157" Y="243" T="undefined" />
	<Point X="158" Y="245" T="undefined" />
	<Point X="158" Y="247" T="undefined" />
	<Point X="159" Y="249" T="undefined" />
	<Point X="159" Y="251" T="undefined" />
	<Point X="160" Y="252" T="undefined" />
	<Point X="160" Y="254" T="undefined" />
	<Point X="160" Y="255" T="undefined" />
	<Point X="160" Y="256" T="undefined" />
	<Point X="160" Y="257" T="undefined" />
	<Point X="160" Y="258" T="undefined" />
	<Point X="159" Y="259" T="undefined" />
	<Point X="159" Y="261" T="undefined" />
	<Point X="157" Y="262" T="undefined" />
	<Point X="155" Y="263" T="undefined" />
	<Point X="153" Y="265" T="undefined" />
	<Point X="150" Y="267" T="undefined" />
	<Point X="147" Y="268" T="undefined" />
	<Point X="143" Y="269" T="undefined" />
	<Point X="139" Y="271" T="undefined" />
	<Point X="134" Y="273" T="undefined" />
	<Point X="130" Y="274" T="undefined" />
	<Point X="125" Y="275" T="undefined" />
	<Point X="121" Y="276" T="undefined" />
	<Point X="118" Y="277" T="undefined" />
	<Point X="115" Y="278" T="undefined" />
	<Point X="112" Y="278" T="undefined" />
	<Point X="109" Y="279" T="undefined" />
	<Point X="108" Y="279" T="undefined" />
	<Point X="107" Y="279" T="undefined" />
	<Point X="108" Y="279" T="undefined" />
	<Point X="109" Y="279" T="undefined" />
	<Point X="110" Y="279" T="undefined" />
	<Point X="111" Y="279" T="undefined" />
	<Point X="114" Y="280" T="undefined" />
	<Point X="116" Y="280" T="undefined" />
	<Point X="118" Y="280" T="undefined" />
	<Point X="120" Y="280" T="undefined" />
	<Point X="123" Y="281" T="undefined" />
	<Point X="124" Y="282" T="undefined" />
	<Point X="126" Y="282" T="undefined" />
	<Point X="128" Y="282" T="undefined" />
	<Point X="130" Y="282" T="undefined" />
	<Point X="132" Y="283" T="undefined" />
	<Point X="134" Y="283" T="undefined" />
	<Point X="136" Y="283" T="undefined" />
	<Point X="137" Y="283" T="undefined" />
	<Point X="138" Y="284" T="undefined" />
	<Point X="139" Y="284" T="undefined" />
	<Point X="140" Y="284" T="undefined" />
	<Point X="141" Y="284" T="undefined" />
	<Point X="142" Y="284" T="undefined" />
	<Point X="143" Y="284" T="undefined" />
	<Point X="144" Y="284" T="undefined" />
	<Point X="145" Y="284" T="undefined" />
	<Point X="146" Y="284" T="undefined" />
	<Point X="147" Y="284" T="undefined" />
	<Point X="148" Y="284" T="undefined" />
	<Point X="148" Y="285" T="undefined" />
	<Point X="149" Y="285" T="undefined" />
	<Point X="149" Y="286" T="undefined" />
	<Point X="149" Y="287" T="undefined" />
	<Point X="148" Y="287" T="undefined" />
	<Point X="147" Y="288" T="undefined" />
	<Point X="146" Y="288" T="undefined" />
	<Point X="146" Y="289" T="undefined" />
	<Point X="146" Y="290" T="undefined" />
	<Point X="145" Y="291" T="undefined" />
	<Point X="144" Y="292" T="undefined" />
	<Point X="144" Y="293" T="undefined" />
	<Point X="143" Y="294" T="undefined" />
	<Point X="142" Y="296" T="undefined" />
	<Point X="142" Y="298" T="undefined" />
	<Point X="141" Y="300" T="undefined" />
	<Point X="140" Y="302" T="undefined" />
	<Point X="140" Y="305" T="undefined" />
	<Point X="138" Y="307" T="undefined" />
	<Point X="138" Y="310" T="undefined" />
	<Point X="137" Y="313" T="undefined" />
	<Point X="136" Y="316" T="undefined" />
	<Point X="136" Y="320" T="undefined" />
	<Point X="134" Y="324" T="undefined" />
	<Point X="134" Y="327" T="undefined" />
	<Point X="133" Y="332" T="undefined" />
	<Point X="132" Y="337" T="undefined" />
	<Point X="132" Y="340" T="undefined" />
	<Point X="131" Y="345" T="undefined" />
	<Point X="130" Y="348" T="undefined" />
	<Point X="130" Y="353" T="undefined" />
	<Point X="130" Y="355" T="undefined" />
	<Point X="130" Y="359" T="undefined" />
	<Point X="130" Y="362" T="undefined" />
	<Point X="130" Y="366" T="undefined" />
	<Point X="130" Y="369" T="undefined" />
	<Point X="130" Y="372" T="undefined" />
	<Point X="130" Y="374" T="undefined" />
	<Point X="130" Y="378" T="undefined" />
	<Point X="130" Y="380" T="undefined" />
	<Point X="131" Y="383" T="undefined" />
	<Point X="132" Y="386" T="undefined" />
	<Point X="132" Y="388" T="undefined" />
	<Point X="133" Y="390" T="undefined" />
	<Point X="134" Y="393" T="undefined" />
	<Point X="134" Y="396" T="undefined" />
	<Point X="136" Y="399" T="undefined" />
	<Point X="137" Y="402" T="undefined" />
	<Point X="139" Y="405" T="undefined" />
	<Point X="141" Y="408" T="undefined" />
	<Point X="143" Y="410" T="undefined" />
	<Point X="145" Y="413" T="undefined" />
	<Point X="148" Y="416" T="undefined" />
	<Point X="149" Y="418" T="undefined" />
	<Point X="153" Y="420" T="undefined" />
	<Point X="156" Y="423" T="undefined" />
	<Point X="158" Y="425" T="undefined" />
	<Point X="162" Y="427" T="undefined" />
	<Point X="165" Y="428" T="undefined" />
	<Point X="168" Y="431" T="undefined" />
	<Point X="171" Y="432" T="undefined" />
	<Point X="175" Y="433" T="undefined" />
	<Point X="179" Y="435" T="undefined" />
	<Point X="183" Y="437" T="undefined" />
	<Point X="187" Y="438" T="undefined" />
	<Point X="191" Y="440" T="undefined" />
	<Point X="195" Y="441" T="undefined" />
	<Point X="199" Y="442" T="undefined" />
	<Point X="202" Y="443" T="undefined" />
	<Point X="206" Y="444" T="undefined" />
	<Point X="209" Y="444" T="undefined" />
	<Point X="213" Y="445" T="undefined" />
	<Point X="215" Y="445" T="undefined" />
	<Point X="217" Y="445" T="undefined" />
	<Point X="219" Y="445" T="undefined" />
	<Point X="221" Y="445" T="undefined" />
	<Point X="222" Y="445" T="undefined" />
	<Point X="225" Y="445" T="undefined" />
	<Point X="226" Y="445" T="undefined" />
	<Point X="228" Y="445" T="undefined" />
	<Point X="230" Y="445" T="undefined" />
	<Point X="233" Y="445" T="undefined" />
	<Point X="235" Y="445" T="undefined" />
	<Point X="238" Y="446" T="undefined" />
	<Point X="241" Y="446" T="undefined" />
	<Point X="244" Y="447" T="undefined" />
	<Point X="247" Y="447" T="undefined" />
	<Point X="251" Y="447" T="undefined" />
	<Point X="255" Y="448" T="undefined" />
</Gesture>