<?xml version="1.0" encoding="utf-8" standalone="yes"?>
<Gesture Name="Pigtail9" NumPts="132">
	<Point X="91" Y="408" T="undefined" />
	<Point X="92" Y="408" T="undefined" />
	<Point X="93" Y="408" T="undefined" />
	<Point X="95" Y="408" T="undefined" />
	<Point X="98" Y="407" T="undefined" />
	<Point X="102" Y="406" T="undefined" />
	<Point X="106" Y="404" T="undefined" />
	<Point X="113" Y="401" T="undefined" />
	<Point X="121" Y="398" T="undefined" />
	<Point X="129" Y="396" T="undefined" />
	<Point X="139" Y="391" T="undefined" />
	<Point X="147" Y="388" T="undefined" />
	<Point X="158" Y="384" T="undefined" />
	<Point X="169" Y="380" T="undefined" />
	<Point X="180" Y="376" T="undefined" />
	<Point X="191" Y="371" T="undefined" />
	<Point X="203" Y="365" T="undefined" />
	<Point X="214" Y="360" T="undefined" />
	<Point X="227" Y="353" T="undefined" />
	<Point X="240" Y="346" T="undefined" />
	<Point X="251" Y="339" T="undefined" />
	<Point X="265" Y="331" T="undefined" />
	<Point X="276" Y="324" T="undefined" />
	<Point X="286" Y="318" T="undefined" />
	<Point X="295" Y="313" T="undefined" />
	<Point X="303" Y="308" T="undefined" />
	<Point X="309" Y="303" T="undefined" />
	<Point X="314" Y="299" T="undefined" />
	<Point X="320" Y="294" T="undefined" />
	<Point X="324" Y="290" T="undefined" />
	<Point X="328" Y="285" T="undefined" />
	<Point X="332" Y="281" T="undefined" />
	<Point X="336" Y="276" T="undefined" />
	<Point X="338" Y="273" T="undefined" />
	<Point X="340" Y="269" T="undefined" />
	<Point X="342" Y="265" T="undefined" />
	<Point X="343" Y="262" T="undefined" />
	<Point X="344" Y="259" T="undefined" />
	<Point X="345" Y="256" T="undefined" />
	<Point X="345" Y="253" T="undefined" />
	<Point X="346" Y="250" T="undefined" />
	<Point X="346" Y="248" T="undefined" />
	<Point X="346" Y="244" T="undefined" />
	<Point X="346" Y="241" T="undefined" />
	<Point X="346" Y="238" T="undefined" />
	<Point X="346" Y="233" T="undefined" />
	<Point X="345" Y="231" T="undefined" />
	<Point X="344" Y="226" T="undefined" />
	<Point X="342" Y="223" T="undefined" />
	<Point X="340" Y="219" T="undefined" />
	<Point X="337" Y="214" T="undefined" />
	<Point X="335" Y="211" T="undefined" />
	<Point X="332" Y="207" T="undefined" />
	<Point X="329" Y="203" T="undefined" />
	<Point X="326" Y="200" T="undefined" />
	<Point X="323" Y="196" T="undefined" />
	<Point X="320" Y="193" T="undefined" />
	<Point X="317" Y="190" T="undefined" />
	<Point X="314" Y="187" T="undefined" />
	<Point X="312" Y="184" T="undefined" />
	<Point X="310" Y="182" T="undefined" />
	<Point X="307" Y="181" T="undefined" />
	<Point X="305" Y="179" T="undefined" />
	<Point X="304" Y="178" T="undefined" />
	<Point X="302" Y="177" T="undefined" />
	<Point X="300" Y="177" T="undefined" />
	<Point X="298" Y="176" T="undefined" />
	<Point X="297" Y="176" T="undefined" />
	<Point X="296" Y="176" T="undefined" />
	<Point X="294" Y="176" T="undefined" />
	<Point X="292" Y="176" T="undefined" />
	<Point X="289" Y="177" T="undefined" />
	<Point X="287" Y="178" T="undefined" />
	<Point X="284" Y="179" T="undefined" />
	<Point X="281" Y="181" T="undefined" />
	<Point X="278" Y="183" T="undefined" />
	<Point X="274" Y="186" T="undefined" />
	<Point X="271" Y="189" T="undefined" />
	<Point X="266" Y="193" T="undefined" />
	<Point X="261" Y="198" T="undefined" />
	<Point X="256" Y="204" T="undefined" />
	<Point X="252" Y="209" T="undefined" />
	<Point X="246" Y="217" T="undefined" />
	<Point X="242" Y="222" T="undefined" />
	<Point X="238" Y="230" T="undefined" />
	<Point X="235" Y="235" T="undefined" />
	<Point X="232" Y="243" T="undefined" />
	<Point X="230" Y="249" T="undefined" />
	<Point X="229" Y="256" T="undefined" />
	<Point X="229" Y="262" T="undefined" />
	<Point X="229" Y="268" T="undefined" />
	<Point X="229" Y="274" T="undefined" />
	<Point X="230" Y="279" T="undefined" />
	<Point X="232" Y="284" T="undefined" />
	<Point X="234" Y="288" T="undefined" />
	<Point X="238" Y="294" T="undefined" />
	<Point X="241" Y="298" T="undefined" />
	<Point X="245" Y="302" T="undefined" />
	<Point X="249" Y="306" T="undefined" />
	<Point X="254" Y="310" T="undefined" />
	<Point X="259" Y="315" T="undefined" />
	<Point X="264" Y="317" T="undefined" />
	<Point X="270" Y="321" T="undefined" />
	<Point X="277" Y="324" T="undefined" />
	<Point X="284" Y="328" T="undefined" />
	<Point X="292" Y="331" T="undefined" />
	<Point X="300" Y="334" T="undefined" />
	<Point X="309" Y="337" T="undefined" />
	<Point X="317" Y="339" T="undefined" />
	<Point X="327" Y="342" T="undefined" />
	<Point X="335" Y="344" T="undefined" />
	<Point X="342" Y="345" T="undefined" />
	<Point X="350" Y="347" T="undefined" />
	<Point X="356" Y="347" T="undefined" />
	<Point X="362" Y="348" T="undefined" />
	<Point X="367" Y="348" T="undefined" />
	<Point X="372" Y="348" T="undefined" />
	<Point X="377" Y="348" T="undefined" />
	<Point X="381" Y="348" T="undefined" />
	<Point X="387" Y="348" T="undefined" />
	<Point X="393" Y="348" T="undefined" />
	<Point X="399" Y="347" T="undefined" />
	<Point X="408" Y="346" T="undefined" />
	<Point X="418" Y="346" T="undefined" />
	<Point X="425" Y="346" T="undefined" />
	<Point X="434" Y="346" T="undefined" />
	<Point X="443" Y="346" T="undefined" />
	<Point X="455" Y="347" T="undefined" />
	<Point X="464" Y="348" T="undefined" />
	<Point X="474" Y="350" T="undefined" />
	<Point X="484" Y="352" T="undefined" />
	<Point X="494" Y="354" T="undefined" />
</Gesture>