<?xml version="1.0" encoding="utf-8" standalone="yes"?>
<Gesture Name="Pigtail1" NumPts="372">
	<Point X="81" Y="420" T="undefined" />
	<Point X="82" Y="420" T="undefined" />
	<Point X="83" Y="420" T="undefined" />
	<Point X="84" Y="420" T="undefined" />
	<Point X="85" Y="420" T="undefined" />
	<Point X="86" Y="419" T="undefined" />
	<Point X="88" Y="419" T="undefined" />
	<Point X="89" Y="418" T="undefined" />
	<Point X="91" Y="418" T="undefined" />
	<Point X="93" Y="417" T="undefined" />
	<Point X="95" Y="416" T="undefined" />
	<Point X="97" Y="416" T="undefined" />
	<Point X="99" Y="414" T="undefined" />
	<Point X="102" Y="414" T="undefined" />
	<Point X="104" Y="413" T="undefined" />
	<Point X="107" Y="412" T="undefined" />
	<Point X="110" Y="411" T="undefined" />
	<Point X="112" Y="410" T="undefined" />
	<Point X="115" Y="409" T="undefined" />
	<Point X="118" Y="408" T="undefined" />
	<Point X="122" Y="406" T="undefined" />
	<Point X="124" Y="405" T="undefined" />
	<Point X="126" Y="404" T="undefined" />
	<Point X="130" Y="403" T="undefined" />
	<Point X="133" Y="402" T="undefined" />
	<Point X="135" Y="401" T="undefined" />
	<Point X="138" Y="400" T="undefined" />
	<Point X="140" Y="399" T="undefined" />
	<Point X="143" Y="397" T="undefined" />
	<Point X="145" Y="396" T="undefined" />
	<Point X="148" Y="395" T="undefined" />
	<Point X="151" Y="394" T="undefined" />
	<Point X="153" Y="392" T="undefined" />
	<Point X="156" Y="391" T="undefined" />
	<Point X="159" Y="389" T="undefined" />
	<Point X="162" Y="388" T="undefined" />
	<Point X="165" Y="386" T="undefined" />
	<Point X="167" Y="384" T="undefined" />
	<Point X="170" Y="383" T="undefined" />
	<Point X="173" Y="381" T="undefined" />
	<Point X="176" Y="379" T="undefined" />
	<Point X="178" Y="378" T="undefined" />
	<Point X="181" Y="376" T="undefined" />
	<Point X="184" Y="375" T="undefined" />
	<Point X="185" Y="374" T="undefined" />
	<Point X="188" Y="372" T="undefined" />
	<Point X="190" Y="370" T="undefined" />
	<Point X="192" Y="368" T="undefined" />
	<Point X="194" Y="366" T="undefined" />
	<Point X="197" Y="364" T="undefined" />
	<Point X="199" Y="363" T="undefined" />
	<Point X="201" Y="361" T="undefined" />
	<Point X="203" Y="359" T="undefined" />
	<Point X="205" Y="358" T="undefined" />
	<Point X="208" Y="356" T="undefined" />
	<Point X="210" Y="354" T="undefined" />
	<Point X="212" Y="352" T="undefined" />
	<Point X="214" Y="350" T="undefined" />
	<Point X="216" Y="348" T="undefined" />
	<Point X="218" Y="347" T="undefined" />
	<Point X="220" Y="345" T="undefined" />
	<Point X="222" Y="343" T="undefined" />
	<Point X="225" Y="341" T="undefined" />
	<Point X="227" Y="339" T="undefined" />
	<Point X="229" Y="337" T="undefined" />
	<Point X="231" Y="335" T="undefined" />
	<Point X="234" Y="333" T="undefined" />
	<Point X="235" Y="331" T="undefined" />
	<Point X="238" Y="329" T="undefined" />
	<Point X="240" Y="327" T="undefined" />
	<Point X="242" Y="325" T="undefined" />
	<Point X="244" Y="323" T="undefined" />
	<Point X="247" Y="321" T="undefined" />
	<Point X="249" Y="319" T="undefined" />
	<Point X="251" Y="317" T="undefined" />
	<Point X="253" Y="315" T="undefined" />
	<Point X="256" Y="313" T="undefined" />
	<Point X="258" Y="311" T="undefined" />
	<Point X="260" Y="309" T="undefined" />
	<Point X="263" Y="307" T="undefined" />
	<Point X="265" Y="305" T="undefined" />
	<Point X="267" Y="303" T="undefined" />
	<Point X="269" Y="301" T="undefined" />
	<Point X="271" Y="299" T="undefined" />
	<Point X="273" Y="297" T="undefined" />
	<Point X="276" Y="296" T="undefined" />
	<Point X="277" Y="293" T="undefined" />
	<Point X="279" Y="292" T="undefined" />
	<Point X="281" Y="290" T="undefined" />
	<Point X="283" Y="288" T="undefined" />
	<Point X="285" Y="286" T="undefined" />
	<Point X="287" Y="284" T="undefined" />
	<Point X="288" Y="282" T="undefined" />
	<Point X="290" Y="281" T="undefined" />
	<Point X="292" Y="279" T="undefined" />
	<Point X="293" Y="277" T="undefined" />
	<Point X="295" Y="276" T="undefined" />
	<Point X="295" Y="275" T="undefined" />
	<Point X="297" Y="273" T="undefined" />
	<Point X="298" Y="271" T="undefined" />
	<Point X="299" Y="269" T="undefined" />
	<Point X="300" Y="268" T="undefined" />
	<Point X="301" Y="267" T="undefined" />
	<Point X="303" Y="265" T="undefined" />
	<Point X="303" Y="264" T="undefined" />
	<Point X="304" Y="263" T="undefined" />
	<Point X="305" Y="261" T="undefined" />
	<Point X="306" Y="260" T="undefined" />
	<Point X="306" Y="259" T="undefined" />
	<Point X="308" Y="257" T="undefined" />
	<Point X="308" Y="256" T="undefined" />
	<Point X="309" Y="255" T="undefined" />
	<Point X="309" Y="253" T="undefined" />
	<Point X="310" Y="251" T="undefined" />
	<Point X="312" Y="249" T="undefined" />
	<Point X="313" Y="248" T="undefined" />
	<Point X="313" Y="247" T="undefined" />
	<Point X="314" Y="246" T="undefined" />
	<Point X="314" Y="244" T="undefined" />
	<Point X="315" Y="243" T="undefined" />
	<Point X="316" Y="241" T="undefined" />
	<Point X="317" Y="239" T="undefined" />
	<Point X="317" Y="238" T="undefined" />
	<Point X="318" Y="236" T="undefined" />
	<Point X="318" Y="235" T="undefined" />
	<Point X="319" Y="233" T="undefined" />
	<Point X="320" Y="231" T="undefined" />
	<Point X="320" Y="229" T="undefined" />
	<Point X="321" Y="228" T="undefined" />
	<Point X="321" Y="226" T="undefined" />
	<Point X="322" Y="224" T="undefined" />
	<Point X="322" Y="223" T="undefined" />
	<Point X="322" Y="222" T="undefined" />
	<Point X="322" Y="220" T="undefined" />
	<Point X="322" Y="219" T="undefined" />
	<Point X="323" Y="218" T="undefined" />
	<Point X="323" Y="216" T="undefined" />
	<Point X="323" Y="215" T="undefined" />
	<Point X="323" Y="214" T="undefined" />
	<Point X="323" Y="213" T="undefined" />
	<Point X="323" Y="211" T="undefined" />
	<Point X="323" Y="210" T="undefined" />
	<Point X="323" Y="209" T="undefined" />
	<Point X="323" Y="208" T="undefined" />
	<Point X="322" Y="207" T="undefined" />
	<Point X="322" Y="206" T="undefined" />
	<Point X="322" Y="205" T="undefined" />
	<Point X="321" Y="205" T="undefined" />
	<Point X="321" Y="204" T="undefined" />
	<Point X="320" Y="203" T="undefined" />
	<Point X="319" Y="203" T="undefined" />
	<Point X="319" Y="202" T="undefined" />
	<Point X="318" Y="202" T="undefined" />
	<Point X="318" Y="201" T="undefined" />
	<Point X="317" Y="201" T="undefined" />
	<Point X="316" Y="200" T="undefined" />
	<Point X="315" Y="199" T="undefined" />
	<Point X="314" Y="198" T="undefined" />
	<Point X="312" Y="197" T="undefined" />
	<Point X="311" Y="196" T="undefined" />
	<Point X="310" Y="195" T="undefined" />
	<Point X="308" Y="194" T="undefined" />
	<Point X="306" Y="193" T="undefined" />
	<Point X="305" Y="193" T="undefined" />
	<Point X="304" Y="191" T="undefined" />
	<Point X="302" Y="191" T="undefined" />
	<Point X="301" Y="190" T="undefined" />
	<Point X="300" Y="190" T="undefined" />
	<Point X="299" Y="190" T="undefined" />
	<Point X="298" Y="189" T="undefined" />
	<Point X="297" Y="189" T="undefined" />
	<Point X="296" Y="189" T="undefined" />
	<Point X="294" Y="188" T="undefined" />
	<Point X="293" Y="188" T="undefined" />
	<Point X="292" Y="187" T="undefined" />
	<Point X="291" Y="187" T="undefined" />
	<Point X="290" Y="187" T="undefined" />
	<Point X="288" Y="187" T="undefined" />
	<Point X="286" Y="187" T="undefined" />
	<Point X="285" Y="187" T="undefined" />
	<Point X="283" Y="187" T="undefined" />
	<Point X="281" Y="187" T="undefined" />
	<Point X="278" Y="187" T="undefined" />
	<Point X="276" Y="187" T="undefined" />
	<Point X="274" Y="187" T="undefined" />
	<Point X="272" Y="187" T="undefined" />
	<Point X="269" Y="187" T="undefined" />
	<Point X="267" Y="187" T="undefined" />
	<Point X="265" Y="188" T="undefined" />
	<Point X="263" Y="188" T="undefined" />
	<Point X="260" Y="189" T="undefined" />
	<Point X="257" Y="189" T="undefined" />
	<Point X="255" Y="190" T="undefined" />
	<Point X="252" Y="192" T="undefined" />
	<Point X="249" Y="192" T="undefined" />
	<Point X="246" Y="193" T="undefined" />
	<Point X="244" Y="194" T="undefined" />
	<Point X="242" Y="195" T="undefined" />
	<Point X="240" Y="197" T="undefined" />
	<Point X="238" Y="198" T="undefined" />
	<Point X="236" Y="199" T="undefined" />
	<Point X="234" Y="200" T="undefined" />
	<Point X="232" Y="201" T="undefined" />
	<Point X="231" Y="203" T="undefined" />
	<Point X="229" Y="205" T="undefined" />
	<Point X="227" Y="206" T="undefined" />
	<Point X="226" Y="208" T="undefined" />
	<Point X="224" Y="209" T="undefined" />
	<Point X="224" Y="210" T="undefined" />
	<Point X="223" Y="212" T="undefined" />
	<Point X="222" Y="214" T="undefined" />
	<Point X="220" Y="215" T="undefined" />
	<Point X="220" Y="217" T="undefined" />
	<Point X="219" Y="219" T="undefined" />
	<Point X="219" Y="221" T="undefined" />
	<Point X="218" Y="223" T="undefined" />
	<Point X="218" Y="225" T="undefined" />
	<Point X="218" Y="227" T="undefined" />
	<Point X="217" Y="230" T="undefined" />
	<Point X="216" Y="233" T="undefined" />
	<Point X="216" Y="235" T="undefined" />
	<Point X="216" Y="237" T="undefined" />
	<Point X="215" Y="240" T="undefined" />
	<Point X="215" Y="243" T="undefined" />
	<Point X="215" Y="246" T="undefined" />
	<Point X="214" Y="248" T="undefined" />
	<Point X="214" Y="251" T="undefined" />
	<Point X="214" Y="254" T="undefined" />
	<Point X="214" Y="257" T="undefined" />
	<Point X="214" Y="260" T="undefined" />
	<Point X="214" Y="263" T="undefined" />
	<Point X="214" Y="266" T="undefined" />
	<Point X="214" Y="270" T="undefined" />
	<Point X="214" Y="273" T="undefined" />
	<Point X="214" Y="276" T="undefined" />
	<Point X="214" Y="280" T="undefined" />
	<Point X="214" Y="282" T="undefined" />
	<Point X="214" Y="286" T="undefined" />
	<Point X="215" Y="289" T="undefined" />
	<Point X="216" Y="292" T="undefined" />
	<Point X="217" Y="295" T="undefined" />
	<Point X="218" Y="299" T="undefined" />
	<Point X="219" Y="301" T="undefined" />
	<Point X="220" Y="304" T="undefined" />
	<Point X="221" Y="307" T="undefined" />
	<Point X="222" Y="309" T="undefined" />
	<Point X="224" Y="312" T="undefined" />
	<Point X="225" Y="314" T="undefined" />
	<Point X="227" Y="316" T="undefined" />
	<Point X="228" Y="318" T="undefined" />
	<Point X="229" Y="320" T="undefined" />
	<Point X="231" Y="322" T="undefined" />
	<Point X="232" Y="324" T="undefined" />
	<Point X="233" Y="326" T="undefined" />
	<Point X="235" Y="328" T="undefined" />
	<Point X="237" Y="329" T="undefined" />
	<Point X="238" Y="331" T="undefined" />
	<Point X="240" Y="333" T="undefined" />
	<Point X="242" Y="334" T="undefined" />
	<Point X="243" Y="336" T="undefined" />
	<Point X="244" Y="337" T="undefined" />
	<Point X="246" Y="338" T="undefined" />
	<Point X="248" Y="340" T="undefined" />
	<Point X="250" Y="341" T="undefined" />
	<Point X="251" Y="342" T="undefined" />
	<Point X="252" Y="343" T="undefined" />
	<Point X="254" Y="345" T="undefined" />
	<Point X="255" Y="346" T="undefined" />
	<Point X="257" Y="347" T="undefined" />
	<Point X="259" Y="348" T="undefined" />
	<Point X="260" Y="349" T="undefined" />
	<Point X="262" Y="350" T="undefined" />
	<Point X="264" Y="352" T="undefined" />
	<Point X="267" Y="353" T="undefined" />
	<Point X="268" Y="354" T="undefined" />
	<Point X="271" Y="355" T="undefined" />
	<Point X="272" Y="357" T="undefined" />
	<Point X="275" Y="358" T="undefined" />
	<Point X="277" Y="359" T="undefined" />
	<Point X="279" Y="360" T="undefined" />
	<Point X="281" Y="362" T="undefined" />
	<Point X="283" Y="362" T="undefined" />
	<Point X="285" Y="363" T="undefined" />
	<Point X="288" Y="365" T="undefined" />
	<Point X="290" Y="366" T="undefined" />
	<Point X="292" Y="366" T="undefined" />
	<Point X="295" Y="367" T="undefined" />
	<Point X="297" Y="368" T="undefined" />
	<Point X="299" Y="369" T="undefined" />
	<Point X="302" Y="369" T="undefined" />
	<Point X="305" Y="370" T="undefined" />
	<Point X="307" Y="371" T="undefined" />
	<Point X="310" Y="371" T="undefined" />
	<Point X="313" Y="373" T="undefined" />
	<Point X="316" Y="373" T="undefined" />
	<Point X="318" Y="374" T="undefined" />
	<Point X="321" Y="375" T="undefined" />
	<Point X="325" Y="376" T="undefined" />
	<Point X="328" Y="376" T="undefined" />
	<Point X="330" Y="378" T="undefined" />
	<Point X="333" Y="378" T="undefined" />
	<Point X="336" Y="379" T="undefined" />
	<Point X="339" Y="380" T="undefined" />
	<Point X="342" Y="381" T="undefined" />
	<Point X="345" Y="382" T="undefined" />
	<Point X="348" Y="382" T="undefined" />
	<Point X="351" Y="383" T="undefined" />
	<Point X="354" Y="384" T="undefined" />
	<Point X="357" Y="384" T="undefined" />
	<Point X="361" Y="385" T="undefined" />
	<Point X="363" Y="386" T="undefined" />
	<Point X="366" Y="386" T="undefined" />
	<Point X="370" Y="387" T="undefined" />
	<Point X="373" Y="387" T="undefined" />
	<Point X="375" Y="388" T="undefined" />
	<Point X="378" Y="388" T="undefined" />
	<Point X="381" Y="388" T="undefined" />
	<Point X="383" Y="388" T="undefined" />
	<Point X="386" Y="388" T="undefined" />
	<Point X="388" Y="388" T="undefined" />
	<Point X="390" Y="388" T="undefined" />
	<Point X="393" Y="388" T="undefined" />
	<Point X="396" Y="388" T="undefined" />
	<Point X="399" Y="387" T="undefined" />
	<Point X="402" Y="387" T="undefined" />
	<Point X="404" Y="386" T="undefined" />
	<Point X="407" Y="385" T="undefined" />
	<Point X="410" Y="384" T="undefined" />
	<Point X="412" Y="383" T="undefined" />
	<Point X="415" Y="382" T="undefined" />
	<Point X="417" Y="380" T="undefined" />
	<Point X="420" Y="379" T="undefined" />
	<Point X="423" Y="377" T="undefined" />
	<Point X="426" Y="375" T="undefined" />
	<Point X="428" Y="374" T="undefined" />
	<Point X="431" Y="372" T="undefined" />
	<Point X="433" Y="370" T="undefined" />
	<Point X="435" Y="370" T="undefined" />
	<Point X="437" Y="368" T="undefined" />
	<Point X="439" Y="367" T="undefined" />
	<Point X="440" Y="366" T="undefined" />
	<Point X="441" Y="366" T="undefined" />
	<Point X="443" Y="364" T="undefined" />
	<Point X="444" Y="364" T="undefined" />
	<Point X="445" Y="363" T="undefined" />
	<Point X="447" Y="362" T="undefined" />
	<Point X="448" Y="361" T="undefined" />
	<Point X="450" Y="360" T="undefined" />
	<Point X="451" Y="359" T="undefined" />
	<Point X="453" Y="358" T="undefined" />
	<Point X="454" Y="357" T="undefined" />
	<Point X="456" Y="356" T="undefined" />
	<Point X="458" Y="355" T="undefined" />
	<Point X="460" Y="354" T="undefined" />
	<Point X="461" Y="353" T="undefined" />
	<Point X="462" Y="352" T="undefined" />
	<Point X="464" Y="351" T="undefined" />
	<Point X="466" Y="350" T="undefined" />
	<Point X="467" Y="350" T="undefined" />
	<Point X="468" Y="348" T="undefined" />
	<Point X="469" Y="348" T="undefined" />
	<Point X="470" Y="347" T="undefined" />
	<Point X="471" Y="347" T="undefined" />
	<Point X="472" Y="346" T="undefined" />
	<Point X="473" Y="346" T="undefined" />
	<Point X="474" Y="346" T="undefined" />
	<Point X="474" Y="345" T="undefined" />
	<Point X="476" Y="344" T="undefined" />
	<Point X="477" Y="344" T="undefined" />
	<Point X="477" Y="343" T="undefined" />
	<Point X="478" Y="343" T="undefined" />
	<Point X="479" Y="343" T="undefined" />
</Gesture>