<?xml version="1.0" encoding="utf-8" standalone="yes"?>
<Gesture Name="Pigtail4" NumPts="109">
	<Point X="80" Y="404" T="undefined" />
	<Point X="81" Y="404" T="undefined" />
	<Point X="81" Y="404" T="undefined" />
	<Point X="84" Y="403" T="undefined" />
	<Point X="86" Y="403" T="undefined" />
	<Point X="89" Y="402" T="undefined" />
	<Point X="94" Y="400" T="undefined" />
	<Point X="100" Y="399" T="undefined" />
	<Point X="105" Y="397" T="undefined" />
	<Point X="117" Y="392" T="undefined" />
	<Point X="125" Y="389" T="undefined" />
	<Point X="136" Y="383" T="undefined" />
	<Point X="149" Y="378" T="undefined" />
	<Point X="163" Y="372" T="undefined" />
	<Point X="173" Y="367" T="undefined" />
	<Point X="190" Y="359" T="undefined" />
	<Point X="204" Y="352" T="undefined" />
	<Point X="216" Y="345" T="undefined" />
	<Point X="236" Y="333" T="undefined" />
	<Point X="249" Y="324" T="undefined" />
	<Point X="264" Y="314" T="undefined" />
	<Point X="283" Y="300" T="undefined" />
	<Point X="297" Y="291" T="undefined" />
	<Point X="300" Y="288" T="undefined" />
	<Point X="316" Y="276" T="undefined" />
	<Point X="328" Y="266" T="undefined" />
	<Point X="340" Y="257" T="undefined" />
	<Point X="350" Y="248" T="undefined" />
	<Point X="359" Y="241" T="undefined" />
	<Point X="365" Y="235" T="undefined" />
	<Point X="372" Y="228" T="undefined" />
	<Point X="376" Y="223" T="undefined" />
	<Point X="380" Y="219" T="undefined" />
	<Point X="386" Y="212" T="undefined" />
	<Point X="390" Y="206" T="undefined" />
	<Point X="394" Y="201" T="undefined" />
	<Point X="398" Y="196" T="undefined" />
	<Point X="401" Y="191" T="undefined" />
	<Point X="405" Y="185" T="undefined" />
	<Point X="408" Y="181" T="undefined" />
	<Point X="410" Y="176" T="undefined" />
	<Point X="412" Y="173" T="undefined" />
	<Point X="414" Y="168" T="undefined" />
	<Point X="415" Y="164" T="undefined" />
	<Point X="417" Y="160" T="undefined" />
	<Point X="418" Y="156" T="undefined" />
	<Point X="419" Y="151" T="undefined" />
	<Point X="421" Y="147" T="undefined" />
	<Point X="421" Y="142" T="undefined" />
	<Point X="422" Y="139" T="undefined" />
	<Point X="422" Y="137" T="undefined" />
	<Point X="422" Y="134" T="undefined" />
	<Point X="422" Y="132" T="undefined" />
	<Point X="422" Y="130" T="undefined" />
	<Point X="421" Y="128" T="undefined" />
	<Point X="420" Y="127" T="undefined" />
	<Point X="418" Y="125" T="undefined" />
	<Point X="417" Y="124" T="undefined" />
	<Point X="414" Y="123" T="undefined" />
	<Point X="411" Y="123" T="undefined" />
	<Point X="407" Y="122" T="undefined" />
	<Point X="403" Y="122" T="undefined" />
	<Point X="399" Y="122" T="undefined" />
	<Point X="394" Y="122" T="undefined" />
	<Point X="388" Y="122" T="undefined" />
	<Point X="383" Y="124" T="undefined" />
	<Point X="377" Y="127" T="undefined" />
	<Point X="372" Y="130" T="undefined" />
	<Point X="365" Y="135" T="undefined" />
	<Point X="360" Y="139" T="undefined" />
	<Point X="354" Y="145" T="undefined" />
	<Point X="348" Y="151" T="undefined" />
	<Point X="341" Y="160" T="undefined" />
	<Point X="334" Y="168" T="undefined" />
	<Point X="327" Y="176" T="undefined" />
	<Point X="320" Y="184" T="undefined" />
	<Point X="313" Y="194" T="undefined" />
	<Point X="307" Y="203" T="undefined" />
	<Point X="303" Y="210" T="undefined" />
	<Point X="298" Y="223" T="undefined" />
	<Point X="294" Y="232" T="undefined" />
	<Point X="292" Y="242" T="undefined" />
	<Point X="291" Y="252" T="undefined" />
	<Point X="291" Y="261" T="undefined" />
	<Point X="291" Y="272" T="undefined" />
	<Point X="295" Y="282" T="undefined" />
	<Point X="299" Y="291" T="undefined" />
	<Point X="304" Y="299" T="undefined" />
	<Point X="309" Y="306" T="undefined" />
	<Point X="317" Y="313" T="undefined" />
	<Point X="324" Y="318" T="undefined" />
	<Point X="334" Y="324" T="undefined" />
	<Point X="344" Y="329" T="undefined" />
	<Point X="354" Y="334" T="undefined" />
	<Point X="365" Y="340" T="undefined" />
	<Point X="375" Y="344" T="undefined" />
	<Point X="387" Y="350" T="undefined" />
	<Point X="399" Y="355" T="undefined" />
	<Point X="410" Y="361" T="undefined" />
	<Point X="420" Y="365" T="undefined" />
	<Point X="431" Y="370" T="undefined" />
	<Point X="440" Y="374" T="undefined" />
	<Point X="450" Y="377" T="undefined" />
	<Point X="459" Y="381" T="undefined" />
	<Point X="469" Y="383" T="undefined" />
	<Point X="475" Y="385" T="undefined" />
	<Point X="482" Y="387" T="undefined" />
	<Point X="487" Y="388" T="undefined" />
	<Point X="492" Y="389" T="undefined" />
</Gesture>