<?xml version="1.0" encoding="utf-8" standalone="yes"?>
<Gesture Name="Pigtail0" NumPts="450">
	<Point X="135" Y="387" T="undefined" />
	<Point X="136" Y="387" T="undefined" />
	<Point X="136" Y="386" T="undefined" />
	<Point X="137" Y="386" T="undefined" />
	<Point X="139" Y="386" T="undefined" />
	<Point X="140" Y="386" T="undefined" />
	<Point X="141" Y="386" T="undefined" />
	<Point X="143" Y="385" T="undefined" />
	<Point X="145" Y="385" T="undefined" />
	<Point X="148" Y="385" T="undefined" />
	<Point X="150" Y="385" T="undefined" />
	<Point X="153" Y="384" T="undefined" />
	<Point X="156" Y="384" T="undefined" />
	<Point X="158" Y="383" T="undefined" />
	<Point X="161" Y="383" T="undefined" />
	<Point X="165" Y="383" T="undefined" />
	<Point X="168" Y="383" T="undefined" />
	<Point X="171" Y="382" T="undefined" />
	<Point X="173" Y="382" T="undefined" />
	<Point X="177" Y="381" T="undefined" />
	<Point X="180" Y="380" T="undefined" />
	<Point X="184" Y="379" T="undefined" />
	<Point X="186" Y="379" T="undefined" />
	<Point X="189" Y="378" T="undefined" />
	<Point X="192" Y="377" T="undefined" />
	<Point X="194" Y="377" T="undefined" />
	<Point X="197" Y="376" T="undefined" />
	<Point X="198" Y="376" T="undefined" />
	<Point X="201" Y="374" T="undefined" />
	<Point X="203" Y="374" T="undefined" />
	<Point X="205" Y="373" T="undefined" />
	<Point X="208" Y="372" T="undefined" />
	<Point X="210" Y="371" T="undefined" />
	<Point X="212" Y="370" T="undefined" />
	<Point X="214" Y="369" T="undefined" />
	<Point X="217" Y="368" T="undefined" />
	<Point X="219" Y="366" T="undefined" />
	<Point X="221" Y="364" T="undefined" />
	<Point X="223" Y="363" T="undefined" />
	<Point X="225" Y="361" T="undefined" />
	<Point X="228" Y="360" T="undefined" />
	<Point X="230" Y="358" T="undefined" />
	<Point X="232" Y="357" T="undefined" />
	<Point X="235" Y="354" T="undefined" />
	<Point X="237" Y="353" T="undefined" />
	<Point X="240" Y="351" T="undefined" />
	<Point X="243" Y="349" T="undefined" />
	<Point X="245" Y="348" T="undefined" />
	<Point X="248" Y="346" T="undefined" />
	<Point X="250" Y="344" T="undefined" />
	<Point X="252" Y="343" T="undefined" />
	<Point X="255" Y="340" T="undefined" />
	<Point X="258" Y="338" T="undefined" />
	<Point X="260" Y="336" T="undefined" />
	<Point X="263" Y="335" T="undefined" />
	<Point X="265" Y="332" T="undefined" />
	<Point X="268" Y="331" T="undefined" />
	<Point X="270" Y="328" T="undefined" />
	<Point X="272" Y="327" T="undefined" />
	<Point X="274" Y="325" T="undefined" />
	<Point X="276" Y="324" T="undefined" />
	<Point X="278" Y="323" T="undefined" />
	<Point X="280" Y="321" T="undefined" />
	<Point X="281" Y="320" T="undefined" />
	<Point X="284" Y="319" T="undefined" />
	<Point X="285" Y="317" T="undefined" />
	<Point X="288" Y="316" T="undefined" />
	<Point X="290" Y="314" T="undefined" />
	<Point X="292" Y="312" T="undefined" />
	<Point X="294" Y="311" T="undefined" />
	<Point X="296" Y="309" T="undefined" />
	<Point X="298" Y="307" T="undefined" />
	<Point X="300" Y="306" T="undefined" />
	<Point X="302" Y="304" T="undefined" />
	<Point X="304" Y="303" T="undefined" />
	<Point X="306" Y="300" T="undefined" />
	<Point X="308" Y="299" T="undefined" />
	<Point X="309" Y="298" T="undefined" />
	<Point X="311" Y="296" T="undefined" />
	<Point X="313" Y="294" T="undefined" />
	<Point X="314" Y="292" T="undefined" />
	<Point X="316" Y="290" T="undefined" />
	<Point X="318" Y="288" T="undefined" />
	<Point X="320" Y="287" T="undefined" />
	<Point X="321" Y="285" T="undefined" />
	<Point X="323" Y="283" T="undefined" />
	<Point X="324" Y="282" T="undefined" />
	<Point X="326" Y="281" T="undefined" />
	<Point X="327" Y="279" T="undefined" />
	<Point X="328" Y="278" T="undefined" />
	<Point X="329" Y="277" T="undefined" />
	<Point X="330" Y="275" T="undefined" />
	<Point X="331" Y="274" T="undefined" />
	<Point X="332" Y="273" T="undefined" />
	<Point X="333" Y="272" T="undefined" />
	<Point X="334" Y="271" T="undefined" />
	<Point X="335" Y="270" T="undefined" />
	<Point X="335" Y="269" T="undefined" />
	<Point X="336" Y="268" T="undefined" />
	<Point X="337" Y="267" T="undefined" />
	<Point X="338" Y="266" T="undefined" />
	<Point X="339" Y="265" T="undefined" />
	<Point X="340" Y="263" T="undefined" />
	<Point X="341" Y="262" T="undefined" />
	<Point X="342" Y="261" T="undefined" />
	<Point X="343" Y="260" T="undefined" />
	<Point X="343" Y="259" T="undefined" />
	<Point X="344" Y="258" T="undefined" />
	<Point X="345" Y="257" T="undefined" />
	<Point X="346" Y="255" T="undefined" />
	<Point X="347" Y="254" T="undefined" />
	<Point X="347" Y="253" T="undefined" />
	<Point X="349" Y="252" T="undefined" />
	<Point X="349" Y="250" T="undefined" />
	<Point X="350" Y="249" T="undefined" />
	<Point X="351" Y="248" T="undefined" />
	<Point X="351" Y="247" T="undefined" />
	<Point X="352" Y="245" T="undefined" />
	<Point X="353" Y="244" T="undefined" />
	<Point X="354" Y="243" T="undefined" />
	<Point X="354" Y="241" T="undefined" />
	<Point X="355" Y="240" T="undefined" />
	<Point X="356" Y="238" T="undefined" />
	<Point X="356" Y="237" T="undefined" />
	<Point X="357" Y="236" T="undefined" />
	<Point X="358" Y="234" T="undefined" />
	<Point X="358" Y="232" T="undefined" />
	<Point X="359" Y="230" T="undefined" />
	<Point X="359" Y="229" T="undefined" />
	<Point X="360" Y="226" T="undefined" />
	<Point X="360" Y="225" T="undefined" />
	<Point X="360" Y="224" T="undefined" />
	<Point X="360" Y="221" T="undefined" />
	<Point X="361" Y="220" T="undefined" />
	<Point X="361" Y="219" T="undefined" />
	<Point X="361" Y="217" T="undefined" />
	<Point X="361" Y="215" T="undefined" />
	<Point X="362" Y="214" T="undefined" />
	<Point X="362" Y="212" T="undefined" />
	<Point X="362" Y="210" T="undefined" />
	<Point X="362" Y="209" T="undefined" />
	<Point X="362" Y="207" T="undefined" />
	<Point X="362" Y="205" T="undefined" />
	<Point X="362" Y="204" T="undefined" />
	<Point X="361" Y="203" T="undefined" />
	<Point X="361" Y="201" T="undefined" />
	<Point X="360" Y="200" T="undefined" />
	<Point X="360" Y="198" T="undefined" />
	<Point X="359" Y="196" T="undefined" />
	<Point X="359" Y="195" T="undefined" />
	<Point X="358" Y="193" T="undefined" />
	<Point X="357" Y="192" T="undefined" />
	<Point X="357" Y="191" T="undefined" />
	<Point X="356" Y="190" T="undefined" />
	<Point X="356" Y="189" T="undefined" />
	<Point X="355" Y="188" T="undefined" />
	<Point X="354" Y="187" T="undefined" />
	<Point X="353" Y="186" T="undefined" />
	<Point X="352" Y="186" T="undefined" />
	<Point X="352" Y="185" T="undefined" />
	<Point X="351" Y="184" T="undefined" />
	<Point X="350" Y="183" T="undefined" />
	<Point X="349" Y="182" T="undefined" />
	<Point X="348" Y="182" T="undefined" />
	<Point X="347" Y="182" T="undefined" />
	<Point X="346" Y="181" T="undefined" />
	<Point X="345" Y="180" T="undefined" />
	<Point X="343" Y="180" T="undefined" />
	<Point X="342" Y="179" T="undefined" />
	<Point X="340" Y="179" T="undefined" />
	<Point X="339" Y="179" T="undefined" />
	<Point X="337" Y="179" T="undefined" />
	<Point X="335" Y="179" T="undefined" />
	<Point X="334" Y="179" T="undefined" />
	<Point X="332" Y="179" T="undefined" />
	<Point X="330" Y="179" T="undefined" />
	<Point X="327" Y="179" T="undefined" />
	<Point X="324" Y="179" T="undefined" />
	<Point X="322" Y="179" T="undefined" />
	<Point X="319" Y="181" T="undefined" />
	<Point X="316" Y="182" T="undefined" />
	<Point X="313" Y="183" T="undefined" />
	<Point X="309" Y="184" T="undefined" />
	<Point X="306" Y="185" T="undefined" />
	<Point X="302" Y="187" T="undefined" />
	<Point X="299" Y="188" T="undefined" />
	<Point X="297" Y="189" T="undefined" />
	<Point X="294" Y="191" T="undefined" />
	<Point X="291" Y="192" T="undefined" />
	<Point X="289" Y="193" T="undefined" />
	<Point X="288" Y="194" T="undefined" />
	<Point X="285" Y="195" T="undefined" />
	<Point X="283" Y="197" T="undefined" />
	<Point X="281" Y="198" T="undefined" />
	<Point X="280" Y="200" T="undefined" />
	<Point X="278" Y="202" T="undefined" />
	<Point X="277" Y="204" T="undefined" />
	<Point X="276" Y="206" T="undefined" />
	<Point X="274" Y="207" T="undefined" />
	<Point X="273" Y="209" T="undefined" />
	<Point X="272" Y="211" T="undefined" />
	<Point X="270" Y="213" T="undefined" />
	<Point X="269" Y="215" T="undefined" />
	<Point X="268" Y="217" T="undefined" />
	<Point X="267" Y="219" T="undefined" />
	<Point X="266" Y="221" T="undefined" />
	<Point X="265" Y="223" T="undefined" />
	<Point X="265" Y="225" T="undefined" />
	<Point X="264" Y="227" T="undefined" />
	<Point X="264" Y="229" T="undefined" />
	<Point X="263" Y="231" T="undefined" />
	<Point X="262" Y="234" T="undefined" />
	<Point X="262" Y="237" T="undefined" />
	<Point X="262" Y="239" T="undefined" />
	<Point X="262" Y="241" T="undefined" />
	<Point X="262" Y="244" T="undefined" />
	<Point X="262" Y="246" T="undefined" />
	<Point X="262" Y="249" T="undefined" />
	<Point X="262" Y="251" T="undefined" />
	<Point X="262" Y="253" T="undefined" />
	<Point X="262" Y="255" T="undefined" />
	<Point X="262" Y="257" T="undefined" />
	<Point X="262" Y="259" T="undefined" />
	<Point X="262" Y="261" T="undefined" />
	<Point X="262" Y="262" T="undefined" />
	<Point X="263" Y="264" T="undefined" />
	<Point X="263" Y="265" T="undefined" />
	<Point X="264" Y="267" T="undefined" />
	<Point X="264" Y="269" T="undefined" />
	<Point X="264" Y="270" T="undefined" />
	<Point X="265" Y="272" T="undefined" />
	<Point X="265" Y="274" T="undefined" />
	<Point X="266" Y="275" T="undefined" />
	<Point X="267" Y="276" T="undefined" />
	<Point X="267" Y="277" T="undefined" />
	<Point X="267" Y="278" T="undefined" />
	<Point X="268" Y="280" T="undefined" />
	<Point X="268" Y="281" T="undefined" />
	<Point X="269" Y="282" T="undefined" />
	<Point X="269" Y="283" T="undefined" />
	<Point X="269" Y="284" T="undefined" />
	<Point X="270" Y="285" T="undefined" />
	<Point X="271" Y="285" T="undefined" />
	<Point X="271" Y="286" T="undefined" />
	<Point X="271" Y="287" T="undefined" />
	<Point X="271" Y="288" T="undefined" />
	<Point X="272" Y="289" T="undefined" />
	<Point X="272" Y="290" T="undefined" />
	<Point X="273" Y="290" T="undefined" />
	<Point X="273" Y="291" T="undefined" />
	<Point X="273" Y="292" T="undefined" />
	<Point X="274" Y="292" T="undefined" />
	<Point X="274" Y="293" T="undefined" />
	<Point X="275" Y="293" T="undefined" />
	<Point X="275" Y="294" T="undefined" />
	<Point X="276" Y="294" T="undefined" />
	<Point X="277" Y="294" T="undefined" />
	<Point X="277" Y="295" T="undefined" />
	<Point X="278" Y="295" T="undefined" />
	<Point X="279" Y="295" T="undefined" />
	<Point X="280" Y="295" T="undefined" />
	<Point X="280" Y="296" T="undefined" />
	<Point X="281" Y="296" T="undefined" />
	<Point X="281" Y="297" T="undefined" />
	<Point X="282" Y="297" T="undefined" />
	<Point X="283" Y="297" T="undefined" />
	<Point X="283" Y="298" T="undefined" />
	<Point X="284" Y="298" T="undefined" />
	<Point X="284" Y="299" T="undefined" />
	<Point X="285" Y="299" T="undefined" />
	<Point X="285" Y="300" T="undefined" />
	<Point X="286" Y="300" T="undefined" />
	<Point X="287" Y="301" T="undefined" />
	<Point X="288" Y="301" T="undefined" />
	<Point X="288" Y="302" T="undefined" />
	<Point X="289" Y="302" T="undefined" />
	<Point X="289" Y="303" T="undefined" />
	<Point X="290" Y="303" T="undefined" />
	<Point X="291" Y="303" T="undefined" />
	<Point X="291" Y="304" T="undefined" />
	<Point X="292" Y="304" T="undefined" />
	<Point X="293" Y="305" T="undefined" />
	<Point X="294" Y="306" T="undefined" />
	<Point X="295" Y="306" T="undefined" />
	<Point X="296" Y="307" T="undefined" />
	<Point X="297" Y="307" T="undefined" />
	<Point X="298" Y="308" T="undefined" />
	<Point X="298" Y="309" T="undefined" />
	<Point X="300" Y="309" T="undefined" />
	<Point X="301" Y="310" T="undefined" />
	<Point X="302" Y="310" T="undefined" />
	<Point X="302" Y="311" T="undefined" />
	<Point X="303" Y="311" T="undefined" />
	<Point X="304" Y="312" T="undefined" />
	<Point X="305" Y="313" T="undefined" />
	<Point X="306" Y="313" T="undefined" />
	<Point X="307" Y="314" T="undefined" />
	<Point X="308" Y="314" T="undefined" />
	<Point X="309" Y="315" T="undefined" />
	<Point X="310" Y="315" T="undefined" />
	<Point X="311" Y="316" T="undefined" />
	<Point X="312" Y="316" T="undefined" />
	<Point X="313" Y="317" T="undefined" />
	<Point X="314" Y="318" T="undefined" />
	<Point X="316" Y="318" T="undefined" />
	<Point X="317" Y="319" T="undefined" />
	<Point X="318" Y="320" T="undefined" />
	<Point X="320" Y="320" T="undefined" />
	<Point X="321" Y="321" T="undefined" />
	<Point X="322" Y="322" T="undefined" />
	<Point X="323" Y="322" T="undefined" />
	<Point X="325" Y="323" T="undefined" />
	<Point X="327" Y="323" T="undefined" />
	<Point X="329" Y="324" T="undefined" />
	<Point X="330" Y="325" T="undefined" />
	<Point X="332" Y="326" T="undefined" />
	<Point X="334" Y="327" T="undefined" />
	<Point X="336" Y="328" T="undefined" />
	<Point X="338" Y="328" T="undefined" />
	<Point X="339" Y="329" T="undefined" />
	<Point X="341" Y="330" T="undefined" />
	<Point X="343" Y="330" T="undefined" />
	<Point X="345" Y="331" T="undefined" />
	<Point X="346" Y="331" T="undefined" />
	<Point X="348" Y="332" T="undefined" />
	<Point X="350" Y="333" T="undefined" />
	<Point X="351" Y="334" T="undefined" />
	<Point X="353" Y="334" T="undefined" />
	<Point X="354" Y="335" T="undefined" />
	<Point X="356" Y="335" T="undefined" />
	<Point X="358" Y="336" T="undefined" />
	<Point X="360" Y="337" T="undefined" />
	<Point X="362" Y="338" T="undefined" />
	<Point X="363" Y="338" T="undefined" />
	<Point X="366" Y="339" T="undefined" />
	<Point X="367" Y="339" T="undefined" />
	<Point X="368" Y="339" T="undefined" />
	<Point X="370" Y="340" T="undefined" />
	<Point X="372" Y="340" T="undefined" />
	<Point X="374" Y="341" T="undefined" />
	<Point X="375" Y="342" T="undefined" />
	<Point X="376" Y="342" T="undefined" />
	<Point X="378" Y="342" T="undefined" />
	<Point X="379" Y="342" T="undefined" />
	<Point X="381" Y="343" T="undefined" />
	<Point X="383" Y="343" T="undefined" />
	<Point X="384" Y="344" T="undefined" />
	<Point X="386" Y="344" T="undefined" />
	<Point X="388" Y="345" T="undefined" />
	<Point X="389" Y="345" T="undefined" />
	<Point X="391" Y="345" T="undefined" />
	<Point X="392" Y="345" T="undefined" />
	<Point X="394" Y="346" T="undefined" />
	<Point X="395" Y="347" T="undefined" />
	<Point X="396" Y="347" T="undefined" />
	<Point X="398" Y="347" T="undefined" />
	<Point X="399" Y="347" T="undefined" />
	<Point X="400" Y="348" T="undefined" />
	<Point X="402" Y="348" T="undefined" />
	<Point X="403" Y="348" T="undefined" />
	<Point X="404" Y="348" T="undefined" />
	<Point X="406" Y="348" T="undefined" />
	<Point X="407" Y="349" T="undefined" />
	<Point X="409" Y="349" T="undefined" />
	<Point X="411" Y="349" T="undefined" />
	<Point X="412" Y="349" T="undefined" />
	<Point X="414" Y="350" T="undefined" />
	<Point X="415" Y="350" T="undefined" />
	<Point X="416" Y="350" T="undefined" />
	<Point X="417" Y="351" T="undefined" />
	<Point X="419" Y="351" T="undefined" />
	<Point X="420" Y="351" T="undefined" />
	<Point X="421" Y="351" T="undefined" />
	<Point X="422" Y="351" T="undefined" />
	<Point X="424" Y="351" T="undefined" />
	<Point X="425" Y="351" T="undefined" />
	<Point X="426" Y="352" T="undefined" />
	<Point X="428" Y="352" T="undefined" />
	<Point X="429" Y="352" T="undefined" />
	<Point X="431" Y="352" T="undefined" />
	<Point X="432" Y="352" T="undefined" />
	<Point X="434" Y="352" T="undefined" />
	<Point X="435" Y="353" T="undefined" />
	<Point X="437" Y="353" T="undefined" />
	<Point X="438" Y="353" T="undefined" />
	<Point X="439" Y="353" T="undefined" />
	<Point X="440" Y="353" T="undefined" />
	<Point X="441" Y="353" T="undefined" />
	<Point X="442" Y="353" T="undefined" />
	<Point X="444" Y="353" T="undefined" />
	<Point X="445" Y="353" T="undefined" />
	<Point X="446" Y="353" T="undefined" />
	<Point X="447" Y="353" T="undefined" />
	<Point X="448" Y="353" T="undefined" />
	<Point X="449" Y="353" T="undefined" />
	<Point X="450" Y="353" T="undefined" />
	<Point X="451" Y="353" T="undefined" />
	<Point X="453" Y="353" T="undefined" />
	<Point X="454" Y="353" T="undefined" />
	<Point X="455" Y="353" T="undefined" />
	<Point X="456" Y="353" T="undefined" />
	<Point X="457" Y="353" T="undefined" />
	<Point X="458" Y="353" T="undefined" />
	<Point X="459" Y="353" T="undefined" />
	<Point X="460" Y="353" T="undefined" />
	<Point X="461" Y="353" T="undefined" />
	<Point X="462" Y="353" T="undefined" />
	<Point X="463" Y="353" T="undefined" />
	<Point X="464" Y="353" T="undefined" />
	<Point X="465" Y="353" T="undefined" />
	<Point X="466" Y="353" T="undefined" />
	<Point X="467" Y="352" T="undefined" />
	<Point X="469" Y="352" T="undefined" />
	<Point X="470" Y="352" T="undefined" />
	<Point X="471" Y="352" T="undefined" />
	<Point X="472" Y="352" T="undefined" />
	<Point X="473" Y="351" T="undefined" />
	<Point X="474" Y="351" T="undefined" />
	<Point X="475" Y="350" T="undefined" />
	<Point X="476" Y="350" T="undefined" />
	<Point X="477" Y="350" T="undefined" />
	<Point X="478" Y="350" T="undefined" />
	<Point X="478" Y="349" T="undefined" />
	<Point X="479" Y="349" T="undefined" />
	<Point X="480" Y="349" T="undefined" />
	<Point X="480" Y="348" T="undefined" />
	<Point X="481" Y="348" T="undefined" />
	<Point X="482" Y="348" T="undefined" />
	<Point X="483" Y="347" T="undefined" />
	<Point X="483" Y="346" T="undefined" />
	<Point X="484" Y="346" T="undefined" />
	<Point X="485" Y="346" T="undefined" />
	<Point X="486" Y="345" T="undefined" />
	<Point X="487" Y="345" T="undefined" />
	<Point X="487" Y="344" T="undefined" />
	<Point X="488" Y="344" T="undefined" />
	<Point X="488" Y="343" T="undefined" />
	<Point X="489" Y="342" T="undefined" />
	<Point X="490" Y="341" T="undefined" />
	<Point X="491" Y="340" T="undefined" />
	<Point X="492" Y="339" T="undefined" />
	<Point X="493" Y="338" T="undefined" />
	<Point X="493" Y="337" T="undefined" />
	<Point X="494" Y="337" T="undefined" />
	<Point X="495" Y="336" T="undefined" />
	<Point X="495" Y="335" T="undefined" />
	<Point X="496" Y="334" T="undefined" />
	<Point X="496" Y="333" T="undefined" />
	<Point X="497" Y="333" T="undefined" />
	<Point X="498" Y="332" T="undefined" />
</Gesture>