<?xml version="1.0" encoding="utf-8" standalone="yes"?>
<Gesture Name="Pigtail5" NumPts="118">
	<Point X="87" Y="396" T="undefined" />
	<Point X="90" Y="394" T="undefined" />
	<Point X="93" Y="393" T="undefined" />
	<Point X="97" Y="390" T="undefined" />
	<Point X="102" Y="388" T="undefined" />
	<Point X="108" Y="385" T="undefined" />
	<Point X="116" Y="381" T="undefined" />
	<Point X="127" Y="376" T="undefined" />
	<Point X="137" Y="373" T="undefined" />
	<Point X="152" Y="367" T="undefined" />
	<Point X="167" Y="360" T="undefined" />
	<Point X="180" Y="354" T="undefined" />
	<Point X="197" Y="346" T="undefined" />
	<Point X="217" Y="335" T="undefined" />
	<Point X="230" Y="327" T="undefined" />
	<Point X="246" Y="318" T="undefined" />
	<Point X="266" Y="304" T="undefined" />
	<Point X="279" Y="293" T="undefined" />
	<Point X="299" Y="280" T="undefined" />
	<Point X="312" Y="270" T="undefined" />
	<Point X="330" Y="257" T="undefined" />
	<Point X="344" Y="247" T="undefined" />
	<Point X="357" Y="236" T="undefined" />
	<Point X="367" Y="227" T="undefined" />
	<Point X="380" Y="215" T="undefined" />
	<Point X="392" Y="205" T="undefined" />
	<Point X="402" Y="196" T="undefined" />
	<Point X="411" Y="189" T="undefined" />
	<Point X="419" Y="181" T="undefined" />
	<Point X="424" Y="176" T="undefined" />
	<Point X="430" Y="170" T="undefined" />
	<Point X="434" Y="165" T="undefined" />
	<Point X="437" Y="160" T="undefined" />
	<Point X="439" Y="156" T="undefined" />
	<Point X="441" Y="153" T="undefined" />
	<Point X="443" Y="150" T="undefined" />
	<Point X="444" Y="147" T="undefined" />
	<Point X="445" Y="145" T="undefined" />
	<Point X="446" Y="142" T="undefined" />
	<Point X="447" Y="139" T="undefined" />
	<Point X="447" Y="136" T="undefined" />
	<Point X="448" Y="134" T="undefined" />
	<Point X="448" Y="131" T="undefined" />
	<Point X="448" Y="129" T="undefined" />
	<Point X="448" Y="127" T="undefined" />
	<Point X="448" Y="125" T="undefined" />
	<Point X="448" Y="123" T="undefined" />
	<Point X="448" Y="122" T="undefined" />
	<Point X="447" Y="120" T="undefined" />
	<Point X="446" Y="119" T="undefined" />
	<Point X="443" Y="118" T="undefined" />
	<Point X="441" Y="117" T="undefined" />
	<Point X="438" Y="117" T="undefined" />
	<Point X="435" Y="117" T="undefined" />
	<Point X="431" Y="117" T="undefined" />
	<Point X="427" Y="116" T="undefined" />
	<Point X="421" Y="116" T="undefined" />
	<Point X="415" Y="116" T="undefined" />
	<Point X="409" Y="118" T="undefined" />
	<Point X="402" Y="120" T="undefined" />
	<Point X="393" Y="123" T="undefined" />
	<Point X="387" Y="126" T="undefined" />
	<Point X="378" Y="131" T="undefined" />
	<Point X="370" Y="135" T="undefined" />
	<Point X="361" Y="141" T="undefined" />
	<Point X="351" Y="148" T="undefined" />
	<Point X="343" Y="154" T="undefined" />
	<Point X="336" Y="160" T="undefined" />
	<Point X="329" Y="167" T="undefined" />
	<Point X="322" Y="173" T="undefined" />
	<Point X="317" Y="180" T="undefined" />
	<Point X="312" Y="186" T="undefined" />
	<Point X="309" Y="193" T="undefined" />
	<Point X="308" Y="199" T="undefined" />
	<Point X="307" Y="204" T="undefined" />
	<Point X="307" Y="210" T="undefined" />
	<Point X="307" Y="215" T="undefined" />
	<Point X="307" Y="221" T="undefined" />
	<Point X="307" Y="226" T="undefined" />
	<Point X="308" Y="231" T="undefined" />
	<Point X="310" Y="237" T="undefined" />
	<Point X="312" Y="242" T="undefined" />
	<Point X="315" Y="249" T="undefined" />
	<Point X="318" Y="253" T="undefined" />
	<Point X="322" Y="259" T="undefined" />
	<Point X="325" Y="263" T="undefined" />
	<Point X="330" Y="270" T="undefined" />
	<Point X="335" Y="275" T="undefined" />
	<Point X="341" Y="281" T="undefined" />
	<Point X="348" Y="288" T="undefined" />
	<Point X="355" Y="293" T="undefined" />
	<Point X="364" Y="298" T="undefined" />
	<Point X="371" Y="302" T="undefined" />
	<Point X="380" Y="306" T="undefined" />
	<Point X="390" Y="310" T="undefined" />
	<Point X="399" Y="314" T="undefined" />
	<Point X="408" Y="317" T="undefined" />
	<Point X="418" Y="319" T="undefined" />
	<Point X="426" Y="322" T="undefined" />
	<Point X="435" Y="323" T="undefined" />
	<Point X="443" Y="325" T="undefined" />
	<Point X="450" Y="326" T="undefined" />
	<Point X="458" Y="328" T="undefined" />
	<Point X="464" Y="328" T="undefined" />
	<Point X="469" Y="329" T="undefined" />
	<Point X="474" Y="329" T="undefined" />
	<Point X="478" Y="329" T="undefined" />
	<Point X="481" Y="329" T="undefined" />
	<Point X="485" Y="329" T="undefined" />
	<Point X="487" Y="329" T="undefined" />
	<Point X="488" Y="329" T="undefined" />
	<Point X="489" Y="329" T="undefined" />
	<Point X="490" Y="329" T="undefined" />
	<Point X="491" Y="328" T="undefined" />
	<Point X="492" Y="327" T="undefined" />
	<Point X="492" Y="326" T="undefined" />
	<Point X="493" Y="325" T="undefined" />
	<Point X="493" Y="324" T="undefined" />
</Gesture>