<?xml version="1.0" encoding="utf-8" standalone="yes"?>
<Gesture Name="Pigtail6" NumPts="120">
	<Point X="52" Y="429" T="undefined" />
	<Point X="55" Y="428" T="undefined" />
	<Point X="56" Y="428" T="undefined" />
	<Point X="58" Y="426" T="undefined" />
	<Point X="62" Y="424" T="undefined" />
	<Point X="64" Y="423" T="undefined" />
	<Point X="67" Y="421" T="undefined" />
	<Point X="73" Y="417" T="undefined" />
	<Point X="77" Y="415" T="undefined" />
	<Point X="82" Y="412" T="undefined" />
	<Point X="90" Y="408" T="undefined" />
	<Point X="97" Y="405" T="undefined" />
	<Point X="107" Y="400" T="undefined" />
	<Point X="116" Y="396" T="undefined" />
	<Point X="123" Y="393" T="undefined" />
	<Point X="135" Y="387" T="undefined" />
	<Point X="148" Y="381" T="undefined" />
	<Point X="156" Y="377" T="undefined" />
	<Point X="168" Y="370" T="undefined" />
	<Point X="182" Y="364" T="undefined" />
	<Point X="194" Y="358" T="undefined" />
	<Point X="207" Y="351" T="undefined" />
	<Point X="221" Y="343" T="undefined" />
	<Point X="236" Y="336" T="undefined" />
	<Point X="246" Y="330" T="undefined" />
	<Point X="263" Y="321" T="undefined" />
	<Point X="274" Y="315" T="undefined" />
	<Point X="292" Y="304" T="undefined" />
	<Point X="309" Y="295" T="undefined" />
	<Point X="320" Y="288" T="undefined" />
	<Point X="331" Y="283" T="undefined" />
	<Point X="347" Y="273" T="undefined" />
	<Point X="354" Y="269" T="undefined" />
	<Point X="368" Y="259" T="undefined" />
	<Point X="379" Y="252" T="undefined" />
	<Point X="386" Y="246" T="undefined" />
	<Point X="393" Y="240" T="undefined" />
	<Point X="398" Y="234" T="undefined" />
	<Point X="402" Y="229" T="undefined" />
	<Point X="405" Y="225" T="undefined" />
	<Point X="408" Y="220" T="undefined" />
	<Point X="410" Y="215" T="undefined" />
	<Point X="412" Y="211" T="undefined" />
	<Point X="414" Y="206" T="undefined" />
	<Point X="414" Y="202" T="undefined" />
	<Point X="415" Y="197" T="undefined" />
	<Point X="415" Y="191" T="undefined" />
	<Point X="415" Y="187" T="undefined" />
	<Point X="414" Y="181" T="undefined" />
	<Point X="412" Y="176" T="undefined" />
	<Point X="409" Y="173" T="undefined" />
	<Point X="405" Y="169" T="undefined" />
	<Point X="401" Y="164" T="undefined" />
	<Point X="397" Y="162" T="undefined" />
	<Point X="393" Y="160" T="undefined" />
	<Point X="388" Y="157" T="undefined" />
	<Point X="383" Y="156" T="undefined" />
	<Point X="379" Y="155" T="undefined" />
	<Point X="374" Y="154" T="undefined" />
	<Point X="369" Y="153" T="undefined" />
	<Point X="363" Y="153" T="undefined" />
	<Point X="358" Y="153" T="undefined" />
	<Point X="352" Y="153" T="undefined" />
	<Point X="345" Y="153" T="undefined" />
	<Point X="336" Y="156" T="undefined" />
	<Point X="327" Y="159" T="undefined" />
	<Point X="318" Y="162" T="undefined" />
	<Point X="308" Y="167" T="undefined" />
	<Point X="296" Y="173" T="undefined" />
	<Point X="286" Y="178" T="undefined" />
	<Point X="277" Y="185" T="undefined" />
	<Point X="267" Y="193" T="undefined" />
	<Point X="258" Y="201" T="undefined" />
	<Point X="252" Y="209" T="undefined" />
	<Point X="246" Y="217" T="undefined" />
	<Point X="241" Y="225" T="undefined" />
	<Point X="238" Y="234" T="undefined" />
	<Point X="236" Y="242" T="undefined" />
	<Point X="234" Y="252" T="undefined" />
	<Point X="233" Y="260" T="undefined" />
	<Point X="233" Y="269" T="undefined" />
	<Point X="234" Y="276" T="undefined" />
	<Point X="238" Y="284" T="undefined" />
	<Point X="243" Y="294" T="undefined" />
	<Point X="248" Y="301" T="undefined" />
	<Point X="255" Y="308" T="undefined" />
	<Point X="261" Y="313" T="undefined" />
	<Point X="269" Y="319" T="undefined" />
	<Point X="279" Y="325" T="undefined" />
	<Point X="289" Y="332" T="undefined" />
	<Point X="296" Y="336" T="undefined" />
	<Point X="307" Y="341" T="undefined" />
	<Point X="316" Y="346" T="undefined" />
	<Point X="327" Y="351" T="undefined" />
	<Point X="337" Y="355" T="undefined" />
	<Point X="347" Y="359" T="undefined" />
	<Point X="359" Y="364" T="undefined" />
	<Point X="369" Y="366" T="undefined" />
	<Point X="376" Y="368" T="undefined" />
	<Point X="386" Y="371" T="undefined" />
	<Point X="395" Y="372" T="undefined" />
	<Point X="405" Y="373" T="undefined" />
	<Point X="414" Y="373" T="undefined" />
	<Point X="422" Y="373" T="undefined" />
	<Point X="428" Y="371" T="undefined" />
	<Point X="435" Y="370" T="undefined" />
	<Point X="444" Y="367" T="undefined" />
	<Point X="448" Y="365" T="undefined" />
	<Point X="454" Y="362" T="undefined" />
	<Point X="459" Y="359" T="undefined" />
	<Point X="464" Y="356" T="undefined" />
	<Point X="468" Y="354" T="undefined" />
	<Point X="471" Y="352" T="undefined" />
	<Point X="475" Y="351" T="undefined" />
	<Point X="478" Y="350" T="undefined" />
	<Point X="481" Y="348" T="undefined" />
	<Point X="483" Y="347" T="undefined" />
	<Point X="484" Y="346" T="undefined" />
	<Point X="485" Y="344" T="undefined" />
	<Point X="486" Y="344" T="undefined" />
</Gesture>