<?xml version="1.0" encoding="utf-8" standalone="yes"?>
<Gesture Name="Pigtail3" NumPts="224">
	<Point X="50" Y="375" T="undefined" />
	<Point X="51" Y="375" T="undefined" />
	<Point X="52" Y="375" T="undefined" />
	<Point X="53" Y="375" T="undefined" />
	<Point X="54" Y="375" T="undefined" />
	<Point X="56" Y="375" T="undefined" />
	<Point X="57" Y="374" T="undefined" />
	<Point X="59" Y="373" T="undefined" />
	<Point X="61" Y="372" T="undefined" />
	<Point X="63" Y="371" T="undefined" />
	<Point X="66" Y="370" T="undefined" />
	<Point X="69" Y="369" T="undefined" />
	<Point X="72" Y="368" T="undefined" />
	<Point X="76" Y="367" T="undefined" />
	<Point X="80" Y="365" T="undefined" />
	<Point X="83" Y="364" T="undefined" />
	<Point X="88" Y="363" T="undefined" />
	<Point X="92" Y="362" T="undefined" />
	<Point X="97" Y="361" T="undefined" />
	<Point X="101" Y="359" T="undefined" />
	<Point X="105" Y="358" T="undefined" />
	<Point X="111" Y="357" T="undefined" />
	<Point X="116" Y="355" T="undefined" />
	<Point X="120" Y="353" T="undefined" />
	<Point X="127" Y="350" T="undefined" />
	<Point X="134" Y="347" T="undefined" />
	<Point X="141" Y="344" T="undefined" />
	<Point X="148" Y="341" T="undefined" />
	<Point X="156" Y="337" T="undefined" />
	<Point X="163" Y="333" T="undefined" />
	<Point X="173" Y="329" T="undefined" />
	<Point X="181" Y="324" T="undefined" />
	<Point X="189" Y="319" T="undefined" />
	<Point X="197" Y="314" T="undefined" />
	<Point X="206" Y="309" T="undefined" />
	<Point X="213" Y="303" T="undefined" />
	<Point X="221" Y="297" T="undefined" />
	<Point X="231" Y="289" T="undefined" />
	<Point X="239" Y="282" T="undefined" />
	<Point X="247" Y="275" T="undefined" />
	<Point X="254" Y="270" T="undefined" />
	<Point X="261" Y="263" T="undefined" />
	<Point X="268" Y="257" T="undefined" />
	<Point X="275" Y="252" T="undefined" />
	<Point X="282" Y="246" T="undefined" />
	<Point X="287" Y="241" T="undefined" />
	<Point X="292" Y="237" T="undefined" />
	<Point X="298" Y="231" T="undefined" />
	<Point X="304" Y="225" T="undefined" />
	<Point X="308" Y="221" T="undefined" />
	<Point X="313" Y="215" T="undefined" />
	<Point X="317" Y="212" T="undefined" />
	<Point X="320" Y="208" T="undefined" />
	<Point X="324" Y="203" T="undefined" />
	<Point X="327" Y="200" T="undefined" />
	<Point X="330" Y="196" T="undefined" />
	<Point X="332" Y="193" T="undefined" />
	<Point X="335" Y="190" T="undefined" />
	<Point X="338" Y="186" T="undefined" />
	<Point X="340" Y="184" T="undefined" />
	<Point X="342" Y="182" T="undefined" />
	<Point X="344" Y="179" T="undefined" />
	<Point X="346" Y="177" T="undefined" />
	<Point X="347" Y="174" T="undefined" />
	<Point X="348" Y="173" T="undefined" />
	<Point X="350" Y="170" T="undefined" />
	<Point X="351" Y="169" T="undefined" />
	<Point X="352" Y="166" T="undefined" />
	<Point X="353" Y="164" T="undefined" />
	<Point X="354" Y="162" T="undefined" />
	<Point X="355" Y="161" T="undefined" />
	<Point X="356" Y="158" T="undefined" />
	<Point X="357" Y="156" T="undefined" />
	<Point X="359" Y="154" T="undefined" />
	<Point X="359" Y="152" T="undefined" />
	<Point X="360" Y="150" T="undefined" />
	<Point X="360" Y="148" T="undefined" />
	<Point X="361" Y="147" T="undefined" />
	<Point X="361" Y="145" T="undefined" />
	<Point X="361" Y="143" T="undefined" />
	<Point X="361" Y="142" T="undefined" />
	<Point X="361" Y="140" T="undefined" />
	<Point X="361" Y="139" T="undefined" />
	<Point X="361" Y="137" T="undefined" />
	<Point X="361" Y="135" T="undefined" />
	<Point X="361" Y="133" T="undefined" />
	<Point X="359" Y="132" T="undefined" />
	<Point X="357" Y="129" T="undefined" />
	<Point X="355" Y="127" T="undefined" />
	<Point X="352" Y="125" T="undefined" />
	<Point X="349" Y="123" T="undefined" />
	<Point X="347" Y="121" T="undefined" />
	<Point X="344" Y="120" T="undefined" />
	<Point X="343" Y="119" T="undefined" />
	<Point X="339" Y="118" T="undefined" />
	<Point X="337" Y="117" T="undefined" />
	<Point X="334" Y="117" T="undefined" />
	<Point X="331" Y="116" T="undefined" />
	<Point X="329" Y="116" T="undefined" />
	<Point X="326" Y="116" T="undefined" />
	<Point X="323" Y="116" T="undefined" />
	<Point X="319" Y="116" T="undefined" />
	<Point X="317" Y="118" T="undefined" />
	<Point X="312" Y="119" T="undefined" />
	<Point X="309" Y="121" T="undefined" />
	<Point X="305" Y="123" T="undefined" />
	<Point X="301" Y="126" T="undefined" />
	<Point X="297" Y="128" T="undefined" />
	<Point X="292" Y="132" T="undefined" />
	<Point X="288" Y="135" T="undefined" />
	<Point X="283" Y="139" T="undefined" />
	<Point X="277" Y="144" T="undefined" />
	<Point X="273" Y="147" T="undefined" />
	<Point X="265" Y="153" T="undefined" />
	<Point X="260" Y="158" T="undefined" />
	<Point X="255" Y="163" T="undefined" />
	<Point X="248" Y="169" T="undefined" />
	<Point X="244" Y="174" T="undefined" />
	<Point X="239" Y="179" T="undefined" />
	<Point X="232" Y="187" T="undefined" />
	<Point X="228" Y="192" T="undefined" />
	<Point X="223" Y="199" T="undefined" />
	<Point X="218" Y="205" T="undefined" />
	<Point X="215" Y="210" T="undefined" />
	<Point X="212" Y="215" T="undefined" />
	<Point X="210" Y="220" T="undefined" />
	<Point X="208" Y="225" T="undefined" />
	<Point X="207" Y="229" T="undefined" />
	<Point X="206" Y="234" T="undefined" />
	<Point X="205" Y="237" T="undefined" />
	<Point X="204" Y="243" T="undefined" />
	<Point X="204" Y="247" T="undefined" />
	<Point X="204" Y="251" T="undefined" />
	<Point X="203" Y="255" T="undefined" />
	<Point X="203" Y="259" T="undefined" />
	<Point X="203" Y="262" T="undefined" />
	<Point X="203" Y="267" T="undefined" />
	<Point X="203" Y="271" T="undefined" />
	<Point X="204" Y="275" T="undefined" />
	<Point X="206" Y="279" T="undefined" />
	<Point X="207" Y="283" T="undefined" />
	<Point X="208" Y="287" T="undefined" />
	<Point X="210" Y="290" T="undefined" />
	<Point X="211" Y="294" T="undefined" />
	<Point X="214" Y="298" T="undefined" />
	<Point X="216" Y="302" T="undefined" />
	<Point X="218" Y="305" T="undefined" />
	<Point X="221" Y="307" T="undefined" />
	<Point X="224" Y="310" T="undefined" />
	<Point X="228" Y="312" T="undefined" />
	<Point X="232" Y="314" T="undefined" />
	<Point X="235" Y="316" T="undefined" />
	<Point X="239" Y="318" T="undefined" />
	<Point X="243" Y="319" T="undefined" />
	<Point X="248" Y="321" T="undefined" />
	<Point X="253" Y="323" T="undefined" />
	<Point X="257" Y="324" T="undefined" />
	<Point X="262" Y="325" T="undefined" />
	<Point X="268" Y="327" T="undefined" />
	<Point X="273" Y="328" T="undefined" />
	<Point X="278" Y="329" T="undefined" />
	<Point X="286" Y="330" T="undefined" />
	<Point X="291" Y="331" T="undefined" />
	<Point X="297" Y="331" T="undefined" />
	<Point X="304" Y="332" T="undefined" />
	<Point X="310" Y="333" T="undefined" />
	<Point X="316" Y="334" T="undefined" />
	<Point X="322" Y="334" T="undefined" />
	<Point X="329" Y="334" T="undefined" />
	<Point X="335" Y="334" T="undefined" />
	<Point X="341" Y="334" T="undefined" />
	<Point X="347" Y="334" T="undefined" />
	<Point X="354" Y="333" T="undefined" />
	<Point X="358" Y="333" T="undefined" />
	<Point X="364" Y="332" T="undefined" />
	<Point X="370" Y="330" T="undefined" />
	<Point X="376" Y="330" T="undefined" />
	<Point X="381" Y="329" T="undefined" />
	<Point X="386" Y="327" T="undefined" />
	<Point X="393" Y="326" T="undefined" />
	<Point X="397" Y="326" T="undefined" />
	<Point X="402" Y="325" T="undefined" />
	<Point X="406" Y="324" T="undefined" />
	<Point X="410" Y="324" T="undefined" />
	<Point X="414" Y="324" T="undefined" />
	<Point X="418" Y="323" T="undefined" />
	<Point X="421" Y="323" T="undefined" />
	<Point X="423" Y="322" T="undefined" />
	<Point X="425" Y="322" T="undefined" />
	<Point X="427" Y="321" T="undefined" />
	<Point X="430" Y="320" T="undefined" />
	<Point X="432" Y="319" T="undefined" />
	<Point X="434" Y="318" T="undefined" />
	<Point X="437" Y="317" T="undefined" />
	<Point X="439" Y="316" T="undefined" />
	<Point X="442" Y="315" T="undefined" />
	<Point X="444" Y="314" T="undefined" />
	<Point X="446" Y="312" T="undefined" />
	<Point X="447" Y="311" T="undefined" />
	<Point X="449" Y="311" T="undefined" />
	<Point X="451" Y="310" T="undefined" />
	<Point X="452" Y="309" T="undefined" />
	<Point X="454" Y="308" T="undefined" />
	<Point X="455" Y="307" T="undefined" />
	<Point X="455" Y="306" T="undefined" />
	<Point X="456" Y="305" T="undefined" />
	<Point X="456" Y="304" T="undefined" />
	<Point X="457" Y="303" T="undefined" />
	<Point X="458" Y="303" T="undefined" />
	<Point X="458" Y="302" T="undefined" />
	<Point X="459" Y="301" T="undefined" />
	<Point X="459" Y="300" T="undefined" />
	<Point X="460" Y="300" T="undefined" />
	<Point X="460" Y="299" T="undefined" />
	<Point X="460" Y="298" T="undefined" />
	<Point X="461" Y="298" T="undefined" />
	<Point X="461" Y="297" T="undefined" />
	<Point X="461" Y="296" T="undefined" />
	<Point X="461" Y="295" T="undefined" />
	<Point X="462" Y="295" T="undefined" />
	<Point X="462" Y="294" T="undefined" />
	<Point X="463" Y="294" T="undefined" />
	<Point X="463" Y="293" T="undefined" />
	<Point X="464" Y="292" T="undefined" />
</Gesture>