<?xml version="1.0" encoding="utf-8" standalone="yes"?>
<Gesture Name="Pigtail7" NumPts="121">
	<Point X="90" Y="425" T="undefined" />
	<Point X="91" Y="425" T="undefined" />
	<Point X="92" Y="424" T="undefined" />
	<Point X="94" Y="422" T="undefined" />
	<Point X="97" Y="420" T="undefined" />
	<Point X="99" Y="418" T="undefined" />
	<Point X="107" Y="410" T="undefined" />
	<Point X="108" Y="410" T="undefined" />
	<Point X="112" Y="406" T="undefined" />
	<Point X="122" Y="398" T="undefined" />
	<Point X="132" Y="388" T="undefined" />
	<Point X="135" Y="385" T="undefined" />
	<Point X="148" Y="372" T="undefined" />
	<Point X="164" Y="356" T="undefined" />
	<Point X="173" Y="348" T="undefined" />
	<Point X="183" Y="340" T="undefined" />
	<Point X="194" Y="330" T="undefined" />
	<Point X="203" Y="323" T="undefined" />
	<Point X="214" Y="314" T="undefined" />
	<Point X="224" Y="305" T="undefined" />
	<Point X="237" Y="295" T="undefined" />
	<Point X="244" Y="288" T="undefined" />
	<Point X="255" Y="279" T="undefined" />
	<Point X="264" Y="270" T="undefined" />
	<Point X="273" Y="262" T="undefined" />
	<Point X="277" Y="257" T="undefined" />
	<Point X="284" Y="250" T="undefined" />
	<Point X="289" Y="243" T="undefined" />
	<Point X="293" Y="237" T="undefined" />
	<Point X="299" Y="229" T="undefined" />
	<Point X="301" Y="227" T="undefined" />
	<Point X="303" Y="223" T="undefined" />
	<Point X="305" Y="219" T="undefined" />
	<Point X="306" Y="215" T="undefined" />
	<Point X="308" Y="211" T="undefined" />
	<Point X="309" Y="208" T="undefined" />
	<Point X="310" Y="205" T="undefined" />
	<Point X="310" Y="202" T="undefined" />
	<Point X="310" Y="200" T="undefined" />
	<Point X="310" Y="198" T="undefined" />
	<Point X="310" Y="195" T="undefined" />
	<Point X="310" Y="192" T="undefined" />
	<Point X="310" Y="191" T="undefined" />
	<Point X="310" Y="189" T="undefined" />
	<Point X="308" Y="187" T="undefined" />
	<Point X="306" Y="185" T="undefined" />
	<Point X="303" Y="183" T="undefined" />
	<Point X="299" Y="181" T="undefined" />
	<Point X="298" Y="180" T="undefined" />
	<Point X="295" Y="178" T="undefined" />
	<Point X="290" Y="177" T="undefined" />
	<Point X="288" Y="177" T="undefined" />
	<Point X="284" Y="175" T="undefined" />
	<Point X="280" Y="175" T="undefined" />
	<Point X="277" Y="175" T="undefined" />
	<Point X="273" Y="175" T="undefined" />
	<Point X="268" Y="176" T="undefined" />
	<Point X="264" Y="177" T="undefined" />
	<Point X="261" Y="179" T="undefined" />
	<Point X="255" Y="183" T="undefined" />
	<Point X="249" Y="187" T="undefined" />
	<Point X="243" Y="191" T="undefined" />
	<Point X="234" Y="199" T="undefined" />
	<Point X="230" Y="202" T="undefined" />
	<Point X="224" Y="208" T="undefined" />
	<Point X="217" Y="216" T="undefined" />
	<Point X="213" Y="220" T="undefined" />
	<Point X="209" Y="225" T="undefined" />
	<Point X="205" Y="234" T="undefined" />
	<Point X="202" Y="239" T="undefined" />
	<Point X="199" Y="244" T="undefined" />
	<Point X="197" Y="251" T="undefined" />
	<Point X="197" Y="255" T="undefined" />
	<Point X="197" Y="261" T="undefined" />
	<Point X="197" Y="268" T="undefined" />
	<Point X="198" Y="274" T="undefined" />
	<Point X="199" Y="279" T="undefined" />
	<Point X="202" Y="283" T="undefined" />
	<Point X="205" Y="287" T="undefined" />
	<Point X="209" Y="292" T="undefined" />
	<Point X="213" Y="296" T="undefined" />
	<Point X="217" Y="299" T="undefined" />
	<Point X="221" Y="302" T="undefined" />
	<Point X="227" Y="307" T="undefined" />
	<Point X="232" Y="310" T="undefined" />
	<Point X="238" Y="313" T="undefined" />
	<Point X="247" Y="318" T="undefined" />
	<Point X="254" Y="322" T="undefined" />
	<Point X="263" Y="325" T="undefined" />
	<Point X="274" Y="328" T="undefined" />
	<Point X="280" Y="330" T="undefined" />
	<Point X="292" Y="333" T="undefined" />
	<Point X="303" Y="335" T="undefined" />
	<Point X="309" Y="336" T="undefined" />
	<Point X="322" Y="338" T="undefined" />
	<Point X="334" Y="339" T="undefined" />
	<Point X="342" Y="340" T="undefined" />
	<Point X="351" Y="341" T="undefined" />
	<Point X="360" Y="343" T="undefined" />
	<Point X="367" Y="343" T="undefined" />
	<Point X="375" Y="345" T="undefined" />
	<Point X="385" Y="345" T="undefined" />
	<Point X="391" Y="346" T="undefined" />
	<Point X="397" Y="347" T="undefined" />
	<Point X="405" Y="347" T="undefined" />
	<Point X="412" Y="347" T="undefined" />
	<Point X="418" Y="347" T="undefined" />
	<Point X="424" Y="347" T="undefined" />
	<Point X="431" Y="347" T="undefined" />
	<Point X="435" Y="347" T="undefined" />
	<Point X="441" Y="347" T="undefined" />
	<Point X="444" Y="347" T="undefined" />
	<Point X="447" Y="347" T="undefined" />
	<Point X="451" Y="345" T="undefined" />
	<Point X="453" Y="345" T="undefined" />
	<Point X="455" Y="344" T="undefined" />
	<Point X="456" Y="343" T="undefined" />
	<Point X="457" Y="342" T="undefined" />
	<Point X="458" Y="341" T="undefined" />
	<Point X="459" Y="341" T="undefined" />
	<Point X="460" Y="340" T="undefined" />
</Gesture>