<?xml version="1.0" encoding="utf-8" standalone="yes"?>
<Gesture Name="Pigtail8" NumPts="79">
	<Point X="82" Y="394" T="undefined" />
	<Point X="83" Y="394" T="undefined" />
	<Point X="85" Y="394" T="undefined" />
	<Point X="88" Y="394" T="undefined" />
	<Point X="91" Y="394" T="undefined" />
	<Point X="95" Y="394" T="undefined" />
	<Point X="99" Y="394" T="undefined" />
	<Point X="106" Y="393" T="undefined" />
	<Point X="113" Y="392" T="undefined" />
	<Point X="124" Y="389" T="undefined" />
	<Point X="135" Y="386" T="undefined" />
	<Point X="148" Y="383" T="undefined" />
	<Point X="163" Y="379" T="undefined" />
	<Point X="177" Y="374" T="undefined" />
	<Point X="190" Y="371" T="undefined" />
	<Point X="205" Y="366" T="undefined" />
	<Point X="223" Y="360" T="undefined" />
	<Point X="236" Y="355" T="undefined" />
	<Point X="252" Y="347" T="undefined" />
	<Point X="266" Y="341" T="undefined" />
	<Point X="280" Y="332" T="undefined" />
	<Point X="295" Y="322" T="undefined" />
	<Point X="306" Y="314" T="undefined" />
	<Point X="321" Y="300" T="undefined" />
	<Point X="333" Y="289" T="undefined" />
	<Point X="343" Y="277" T="undefined" />
	<Point X="352" Y="265" T="undefined" />
	<Point X="363" Y="252" T="undefined" />
	<Point X="371" Y="242" T="undefined" />
	<Point X="379" Y="232" T="undefined" />
	<Point X="384" Y="225" T="undefined" />
	<Point X="388" Y="218" T="undefined" />
	<Point X="391" Y="212" T="undefined" />
	<Point X="393" Y="206" T="undefined" />
	<Point X="393" Y="200" T="undefined" />
	<Point X="393" Y="196" T="undefined" />
	<Point X="393" Y="190" T="undefined" />
	<Point X="391" Y="186" T="undefined" />
	<Point X="389" Y="182" T="undefined" />
	<Point X="384" Y="177" T="undefined" />
	<Point X="380" Y="173" T="undefined" />
	<Point X="374" Y="169" T="undefined" />
	<Point X="367" Y="166" T="undefined" />
	<Point X="359" Y="163" T="undefined" />
	<Point X="351" Y="160" T="undefined" />
	<Point X="344" Y="160" T="undefined" />
	<Point X="336" Y="159" T="undefined" />
	<Point X="327" Y="159" T="undefined" />
	<Point X="319" Y="159" T="undefined" />
	<Point X="313" Y="162" T="undefined" />
	<Point X="305" Y="166" T="undefined" />
	<Point X="298" Y="171" T="undefined" />
	<Point X="291" Y="178" T="undefined" />
	<Point X="285" Y="185" T="undefined" />
	<Point X="280" Y="193" T="undefined" />
	<Point X="274" Y="202" T="undefined" />
	<Point X="272" Y="211" T="undefined" />
	<Point X="270" Y="218" T="undefined" />
	<Point X="270" Y="228" T="undefined" />
	<Point X="271" Y="238" T="undefined" />
	<Point X="274" Y="249" T="undefined" />
	<Point X="278" Y="259" T="undefined" />
	<Point X="283" Y="270" T="undefined" />
	<Point X="291" Y="282" T="undefined" />
	<Point X="299" Y="291" T="undefined" />
	<Point X="308" Y="300" T="undefined" />
	<Point X="317" Y="306" T="undefined" />
	<Point X="329" Y="314" T="undefined" />
	<Point X="341" Y="319" T="undefined" />
	<Point X="352" Y="325" T="undefined" />
	<Point X="368" Y="332" T="undefined" />
	<Point X="379" Y="336" T="undefined" />
	<Point X="393" Y="341" T="undefined" />
	<Point X="409" Y="347" T="undefined" />
	<Point X="422" Y="351" T="undefined" />
	<Point X="435" Y="353" T="undefined" />
	<Point X="449" Y="356" T="undefined" />
	<Point X="465" Y="358" T="undefined" />
	<Point X="477" Y="359" T="undefined" />
</Gesture>