<?xml version="1.0" encoding="utf-8" standalone="yes"?>
<Gesture Name="Rectangle3" NumPts="225">
	<Point X="148" Y="151" T="undefined" />
	<Point X="148" Y="151" T="undefined" />
	<Point X="148" Y="151" T="undefined" />
	<Point X="148" Y="152" T="undefined" />
	<Point X="148" Y="154" T="undefined" />
	<Point X="148" Y="158" T="undefined" />
	<Point X="148" Y="161" T="undefined" />
	<Point X="148" Y="167" T="undefined" />
	<Point X="148" Y="173" T="undefined" />
	<Point X="148" Y="183" T="undefined" />
	<Point X="148" Y="190" T="undefined" />
	<Point X="148" Y="200" T="undefined" />
	<Point X="148" Y="211" T="undefined" />
	<Point X="148" Y="222" T="undefined" />
	<Point X="147" Y="236" T="undefined" />
	<Point X="146" Y="248" T="undefined" />
	<Point X="146" Y="263" T="undefined" />
	<Point X="146" Y="276" T="undefined" />
	<Point X="145" Y="292" T="undefined" />
	<Point X="145" Y="301" T="undefined" />
	<Point X="145" Y="319" T="undefined" />
	<Point X="145" Y="330" T="undefined" />
	<Point X="145" Y="341" T="undefined" />
	<Point X="145" Y="351" T="undefined" />
	<Point X="145" Y="359" T="undefined" />
	<Point X="146" Y="365" T="undefined" />
	<Point X="147" Y="370" T="undefined" />
	<Point X="147" Y="373" T="undefined" />
	<Point X="148" Y="377" T="undefined" />
	<Point X="148" Y="380" T="undefined" />
	<Point X="149" Y="382" T="undefined" />
	<Point X="149" Y="384" T="undefined" />
	<Point X="149" Y="386" T="undefined" />
	<Point X="149" Y="387" T="undefined" />
	<Point X="149" Y="388" T="undefined" />
	<Point X="150" Y="389" T="undefined" />
	<Point X="150" Y="390" T="undefined" />
	<Point X="150" Y="391" T="undefined" />
	<Point X="150" Y="392" T="undefined" />
	<Point X="151" Y="392" T="undefined" />
	<Point X="151" Y="393" T="undefined" />
	<Point X="152" Y="393" T="undefined" />
	<Point X="153" Y="393" T="undefined" />
	<Point X="154" Y="393" T="undefined" />
	<Point X="155" Y="394" T="undefined" />
	<Point X="157" Y="394" T="undefined" />
	<Point X="160" Y="395" T="undefined" />
	<Point X="164" Y="395" T="undefined" />
	<Point X="168" Y="395" T="undefined" />
	<Point X="172" Y="396" T="undefined" />
	<Point X="177" Y="396" T="undefined" />
	<Point X="184" Y="398" T="undefined" />
	<Point X="191" Y="398" T="undefined" />
	<Point X="198" Y="399" T="undefined" />
	<Point X="206" Y="399" T="undefined" />
	<Point X="217" Y="399" T="undefined" />
	<Point X="226" Y="399" T="undefined" />
	<Point X="236" Y="399" T="undefined" />
	<Point X="245" Y="399" T="undefined" />
	<Point X="258" Y="399" T="undefined" />
	<Point X="268" Y="399" T="undefined" />
	<Point X="280" Y="399" T="undefined" />
	<Point X="289" Y="399" T="undefined" />
	<Point X="298" Y="399" T="undefined" />
	<Point X="308" Y="399" T="undefined" />
	<Point X="316" Y="400" T="undefined" />
	<Point X="325" Y="401" T="undefined" />
	<Point X="333" Y="401" T="undefined" />
	<Point X="340" Y="401" T="undefined" />
	<Point X="346" Y="402" T="undefined" />
	<Point X="351" Y="402" T="undefined" />
	<Point X="356" Y="402" T="undefined" />
	<Point X="361" Y="402" T="undefined" />
	<Point X="366" Y="402" T="undefined" />
	<Point X="370" Y="402" T="undefined" />
	<Point X="376" Y="403" T="undefined" />
	<Point X="380" Y="404" T="undefined" />
	<Point X="386" Y="404" T="undefined" />
	<Point X="389" Y="404" T="undefined" />
	<Point X="394" Y="405" T="undefined" />
	<Point X="398" Y="405" T="undefined" />
	<Point X="401" Y="405" T="undefined" />
	<Point X="405" Y="406" T="undefined" />
	<Point X="407" Y="406" T="undefined" />
	<Point X="410" Y="406" T="undefined" />
	<Point X="411" Y="406" T="undefined" />
	<Point X="413" Y="406" T="undefined" />
	<Point X="414" Y="406" T="undefined" />
	<Point X="415" Y="406" T="undefined" />
	<Point X="416" Y="406" T="undefined" />
	<Point X="417" Y="406" T="undefined" />
	<Point X="417" Y="405" T="undefined" />
	<Point X="418" Y="405" T="undefined" />
	<Point X="418" Y="404" T="undefined" />
	<Point X="419" Y="402" T="undefined" />
	<Point X="421" Y="401" T="undefined" />
	<Point X="422" Y="398" T="undefined" />
	<Point X="423" Y="396" T="undefined" />
	<Point X="425" Y="392" T="undefined" />
	<Point X="426" Y="387" T="undefined" />
	<Point X="426" Y="383" T="undefined" />
	<Point X="427" Y="378" T="undefined" />
	<Point X="428" Y="372" T="undefined" />
	<Point X="429" Y="365" T="undefined" />
	<Point X="429" Y="358" T="undefined" />
	<Point X="429" Y="350" T="undefined" />
	<Point X="429" Y="342" T="undefined" />
	<Point X="429" Y="334" T="undefined" />
	<Point X="428" Y="323" T="undefined" />
	<Point X="428" Y="316" T="undefined" />
	<Point X="427" Y="306" T="undefined" />
	<Point X="426" Y="296" T="undefined" />
	<Point X="424" Y="287" T="undefined" />
	<Point X="423" Y="279" T="undefined" />
	<Point X="422" Y="270" T="undefined" />
	<Point X="421" Y="263" T="undefined" />
	<Point X="420" Y="254" T="undefined" />
	<Point X="419" Y="248" T="undefined" />
	<Point X="419" Y="243" T="undefined" />
	<Point X="418" Y="237" T="undefined" />
	<Point X="417" Y="232" T="undefined" />
	<Point X="417" Y="228" T="undefined" />
	<Point X="417" Y="223" T="undefined" />
	<Point X="416" Y="219" T="undefined" />
	<Point X="416" Y="215" T="undefined" />
	<Point X="416" Y="212" T="undefined" />
	<Point X="416" Y="208" T="undefined" />
	<Point X="415" Y="205" T="undefined" />
	<Point X="415" Y="202" T="undefined" />
	<Point X="415" Y="199" T="undefined" />
	<Point X="415" Y="197" T="undefined" />
	<Point X="414" Y="194" T="undefined" />
	<Point X="414" Y="192" T="undefined" />
	<Point X="413" Y="189" T="undefined" />
	<Point X="413" Y="186" T="undefined" />
	<Point X="413" Y="183" T="undefined" />
	<Point X="413" Y="181" T="undefined" />
	<Point X="412" Y="179" T="undefined" />
	<Point X="412" Y="177" T="undefined" />
	<Point X="412" Y="175" T="undefined" />
	<Point X="412" Y="173" T="undefined" />
	<Point X="412" Y="171" T="undefined" />
	<Point X="412" Y="169" T="undefined" />
	<Point X="411" Y="167" T="undefined" />
	<Point X="411" Y="165" T="undefined" />
	<Point X="411" Y="164" T="undefined" />
	<Point X="411" Y="162" T="undefined" />
	<Point X="411" Y="160" T="undefined" />
	<Point X="411" Y="159" T="undefined" />
	<Point X="410" Y="157" T="undefined" />
	<Point X="410" Y="155" T="undefined" />
	<Point X="409" Y="153" T="undefined" />
	<Point X="409" Y="151" T="undefined" />
	<Point X="409" Y="150" T="undefined" />
	<Point X="409" Y="148" T="undefined" />
	<Point X="409" Y="147" T="undefined" />
	<Point X="408" Y="146" T="undefined" />
	<Point X="408" Y="145" T="undefined" />
	<Point X="408" Y="144" T="undefined" />
	<Point X="407" Y="144" T="undefined" />
	<Point X="406" Y="144" T="undefined" />
	<Point X="405" Y="144" T="undefined" />
	<Point X="403" Y="144" T="undefined" />
	<Point X="401" Y="145" T="undefined" />
	<Point X="398" Y="145" T="undefined" />
	<Point X="395" Y="145" T="undefined" />
	<Point X="391" Y="145" T="undefined" />
	<Point X="386" Y="145" T="undefined" />
	<Point X="381" Y="145" T="undefined" />
	<Point X="374" Y="145" T="undefined" />
	<Point X="368" Y="145" T="undefined" />
	<Point X="360" Y="145" T="undefined" />
	<Point X="352" Y="145" T="undefined" />
	<Point X="345" Y="145" T="undefined" />
	<Point X="338" Y="145" T="undefined" />
	<Point X="330" Y="143" T="undefined" />
	<Point X="322" Y="142" T="undefined" />
	<Point X="315" Y="142" T="undefined" />
	<Point X="308" Y="140" T="undefined" />
	<Point X="299" Y="140" T="undefined" />
	<Point X="292" Y="139" T="undefined" />
	<Point X="284" Y="138" T="undefined" />
	<Point X="279" Y="138" T="undefined" />
	<Point X="272" Y="138" T="undefined" />
	<Point X="266" Y="138" T="undefined" />
	<Point X="261" Y="138" T="undefined" />
	<Point X="256" Y="138" T="undefined" />
	<Point X="251" Y="138" T="undefined" />
	<Point X="246" Y="138" T="undefined" />
	<Point X="241" Y="138" T="undefined" />
	<Point X="237" Y="138" T="undefined" />
	<Point X="233" Y="138" T="undefined" />
	<Point X="229" Y="138" T="undefined" />
	<Point X="223" Y="138" T="undefined" />
	<Point X="219" Y="138" T="undefined" />
	<Point X="213" Y="138" T="undefined" />
	<Point X="210" Y="138" T="undefined" />
	<Point X="206" Y="138" T="undefined" />
	<Point X="203" Y="138" T="undefined" />
	<Point X="199" Y="138" T="undefined" />
	<Point X="195" Y="138" T="undefined" />
	<Point X="192" Y="139" T="undefined" />
	<Point X="188" Y="140" T="undefined" />
	<Point X="185" Y="140" T="undefined" />
	<Point X="182" Y="141" T="undefined" />
	<Point X="179" Y="141" T="undefined" />
	<Point X="176" Y="142" T="undefined" />
	<Point X="172" Y="142" T="undefined" />
	<Point X="169" Y="142" T="undefined" />
	<Point X="167" Y="143" T="undefined" />
	<Point X="165" Y="143" T="undefined" />
	<Point X="163" Y="143" T="undefined" />
	<Point X="160" Y="144" T="undefined" />
	<Point X="159" Y="144" T="undefined" />
	<Point X="157" Y="144" T="undefined" />
	<Point X="156" Y="144" T="undefined" />
	<Point X="154" Y="144" T="undefined" />
	<Point X="152" Y="144" T="undefined" />
	<Point X="151" Y="144" T="undefined" />
	<Point X="149" Y="144" T="undefined" />
	<Point X="148" Y="144" T="undefined" />
	<Point X="146" Y="144" T="undefined" />
	<Point X="145" Y="145" T="undefined" />
	<Point X="144" Y="145" T="undefined" />
	<Point X="143" Y="145" T="undefined" />
</Gesture>