<?xml version="1.0" encoding="utf-8" standalone="yes"?>
<Gesture Name="Rectangle0" NumPts="354">
	<Point X="91" Y="176" T="undefined" />
	<Point X="91" Y="177" T="undefined" />
	<Point X="91" Y="179" T="undefined" />
	<Point X="91" Y="181" T="undefined" />
	<Point X="91" Y="182" T="undefined" />
	<Point X="91" Y="184" T="undefined" />
	<Point X="91" Y="186" T="undefined" />
	<Point X="91" Y="188" T="undefined" />
	<Point X="91" Y="190" T="undefined" />
	<Point X="91" Y="192" T="undefined" />
	<Point X="91" Y="195" T="undefined" />
	<Point X="90" Y="198" T="undefined" />
	<Point X="90" Y="200" T="undefined" />
	<Point X="90" Y="202" T="undefined" />
	<Point X="90" Y="204" T="undefined" />
	<Point X="90" Y="207" T="undefined" />
	<Point X="90" Y="210" T="undefined" />
	<Point X="90" Y="212" T="undefined" />
	<Point X="90" Y="215" T="undefined" />
	<Point X="90" Y="216" T="undefined" />
	<Point X="90" Y="219" T="undefined" />
	<Point X="90" Y="221" T="undefined" />
	<Point X="90" Y="223" T="undefined" />
	<Point X="90" Y="225" T="undefined" />
	<Point X="90" Y="228" T="undefined" />
	<Point X="90" Y="230" T="undefined" />
	<Point X="90" Y="232" T="undefined" />
	<Point X="90" Y="235" T="undefined" />
	<Point X="90" Y="237" T="undefined" />
	<Point X="90" Y="239" T="undefined" />
	<Point X="90" Y="243" T="undefined" />
	<Point X="91" Y="245" T="undefined" />
	<Point X="91" Y="247" T="undefined" />
	<Point X="91" Y="250" T="undefined" />
	<Point X="91" Y="252" T="undefined" />
	<Point X="91" Y="255" T="undefined" />
	<Point X="91" Y="257" T="undefined" />
	<Point X="91" Y="260" T="undefined" />
	<Point X="91" Y="262" T="undefined" />
	<Point X="91" Y="264" T="undefined" />
	<Point X="91" Y="266" T="undefined" />
	<Point X="91" Y="268" T="undefined" />
	<Point X="91" Y="271" T="undefined" />
	<Point X="91" Y="273" T="undefined" />
	<Point X="91" Y="276" T="undefined" />
	<Point X="91" Y="278" T="undefined" />
	<Point X="91" Y="280" T="undefined" />
	<Point X="91" Y="281" T="undefined" />
	<Point X="91" Y="283" T="undefined" />
	<Point X="91" Y="285" T="undefined" />
	<Point X="91" Y="286" T="undefined" />
	<Point X="91" Y="288" T="undefined" />
	<Point X="91" Y="290" T="undefined" />
	<Point X="91" Y="291" T="undefined" />
	<Point X="91" Y="292" T="undefined" />
	<Point X="91" Y="294" T="undefined" />
	<Point X="91" Y="295" T="undefined" />
	<Point X="91" Y="297" T="undefined" />
	<Point X="91" Y="298" T="undefined" />
	<Point X="91" Y="299" T="undefined" />
	<Point X="91" Y="301" T="undefined" />
	<Point X="91" Y="302" T="undefined" />
	<Point X="91" Y="304" T="undefined" />
	<Point X="91" Y="306" T="undefined" />
	<Point X="91" Y="307" T="undefined" />
	<Point X="91" Y="309" T="undefined" />
	<Point X="90" Y="310" T="undefined" />
	<Point X="90" Y="311" T="undefined" />
	<Point X="90" Y="312" T="undefined" />
	<Point X="90" Y="313" T="undefined" />
	<Point X="90" Y="314" T="undefined" />
	<Point X="89" Y="315" T="undefined" />
	<Point X="89" Y="316" T="undefined" />
	<Point X="89" Y="317" T="undefined" />
	<Point X="89" Y="318" T="undefined" />
	<Point X="89" Y="319" T="undefined" />
	<Point X="89" Y="320" T="undefined" />
	<Point X="89" Y="321" T="undefined" />
	<Point X="89" Y="322" T="undefined" />
	<Point X="89" Y="323" T="undefined" />
	<Point X="89" Y="324" T="undefined" />
	<Point X="89" Y="325" T="undefined" />
	<Point X="89" Y="326" T="undefined" />
	<Point X="88" Y="326" T="undefined" />
	<Point X="88" Y="327" T="undefined" />
	<Point X="89" Y="327" T="undefined" />
	<Point X="90" Y="327" T="undefined" />
	<Point X="94" Y="327" T="undefined" />
	<Point X="96" Y="327" T="undefined" />
	<Point X="98" Y="327" T="undefined" />
	<Point X="100" Y="327" T="undefined" />
	<Point X="104" Y="327" T="undefined" />
	<Point X="108" Y="326" T="undefined" />
	<Point X="113" Y="326" T="undefined" />
	<Point X="117" Y="326" T="undefined" />
	<Point X="122" Y="326" T="undefined" />
	<Point X="128" Y="326" T="undefined" />
	<Point X="133" Y="326" T="undefined" />
	<Point X="137" Y="326" T="undefined" />
	<Point X="141" Y="326" T="undefined" />
	<Point X="145" Y="326" T="undefined" />
	<Point X="148" Y="326" T="undefined" />
	<Point X="153" Y="326" T="undefined" />
	<Point X="157" Y="326" T="undefined" />
	<Point X="161" Y="326" T="undefined" />
	<Point X="165" Y="326" T="undefined" />
	<Point X="168" Y="326" T="undefined" />
	<Point X="171" Y="326" T="undefined" />
	<Point X="175" Y="326" T="undefined" />
	<Point X="177" Y="326" T="undefined" />
	<Point X="181" Y="326" T="undefined" />
	<Point X="184" Y="326" T="undefined" />
	<Point X="188" Y="326" T="undefined" />
	<Point X="191" Y="326" T="undefined" />
	<Point X="194" Y="326" T="undefined" />
	<Point X="197" Y="326" T="undefined" />
	<Point X="200" Y="326" T="undefined" />
	<Point X="203" Y="326" T="undefined" />
	<Point X="206" Y="326" T="undefined" />
	<Point X="209" Y="326" T="undefined" />
	<Point X="212" Y="326" T="undefined" />
	<Point X="215" Y="326" T="undefined" />
	<Point X="217" Y="326" T="undefined" />
	<Point X="220" Y="326" T="undefined" />
	<Point X="223" Y="326" T="undefined" />
	<Point X="226" Y="326" T="undefined" />
	<Point X="229" Y="326" T="undefined" />
	<Point X="232" Y="326" T="undefined" />
	<Point X="234" Y="326" T="undefined" />
	<Point X="236" Y="326" T="undefined" />
	<Point X="238" Y="326" T="undefined" />
	<Point X="241" Y="326" T="undefined" />
	<Point X="244" Y="326" T="undefined" />
	<Point X="245" Y="326" T="undefined" />
	<Point X="247" Y="326" T="undefined" />
	<Point X="249" Y="326" T="undefined" />
	<Point X="251" Y="326" T="undefined" />
	<Point X="253" Y="326" T="undefined" />
	<Point X="255" Y="326" T="undefined" />
	<Point X="257" Y="326" T="undefined" />
	<Point X="259" Y="326" T="undefined" />
	<Point X="261" Y="326" T="undefined" />
	<Point X="262" Y="326" T="undefined" />
	<Point X="264" Y="326" T="undefined" />
	<Point X="265" Y="326" T="undefined" />
	<Point X="267" Y="326" T="undefined" />
	<Point X="268" Y="326" T="undefined" />
	<Point X="270" Y="326" T="undefined" />
	<Point X="271" Y="326" T="undefined" />
	<Point X="272" Y="326" T="undefined" />
	<Point X="274" Y="326" T="undefined" />
	<Point X="275" Y="326" T="undefined" />
	<Point X="276" Y="326" T="undefined" />
	<Point X="277" Y="326" T="undefined" />
	<Point X="278" Y="326" T="undefined" />
	<Point X="279" Y="326" T="undefined" />
	<Point X="281" Y="326" T="undefined" />
	<Point X="282" Y="326" T="undefined" />
	<Point X="283" Y="326" T="undefined" />
	<Point X="284" Y="326" T="undefined" />
	<Point X="285" Y="326" T="undefined" />
	<Point X="286" Y="326" T="undefined" />
	<Point X="287" Y="326" T="undefined" />
	<Point X="288" Y="326" T="undefined" />
	<Point X="289" Y="326" T="undefined" />
	<Point X="290" Y="326" T="undefined" />
	<Point X="291" Y="326" T="undefined" />
	<Point X="292" Y="326" T="undefined" />
	<Point X="293" Y="326" T="undefined" />
	<Point X="294" Y="326" T="undefined" />
	<Point X="295" Y="326" T="undefined" />
	<Point X="296" Y="326" T="undefined" />
	<Point X="297" Y="326" T="undefined" />
	<Point X="298" Y="326" T="undefined" />
	<Point X="299" Y="326" T="undefined" />
	<Point X="300" Y="326" T="undefined" />
	<Point X="301" Y="326" T="undefined" />
	<Point X="302" Y="326" T="undefined" />
	<Point X="303" Y="326" T="undefined" />
	<Point X="303" Y="325" T="undefined" />
	<Point X="303" Y="324" T="undefined" />
	<Point X="303" Y="323" T="undefined" />
	<Point X="303" Y="322" T="undefined" />
	<Point X="303" Y="321" T="undefined" />
	<Point X="303" Y="320" T="undefined" />
	<Point X="303" Y="319" T="undefined" />
	<Point X="303" Y="317" T="undefined" />
	<Point X="303" Y="316" T="undefined" />
	<Point X="303" Y="314" T="undefined" />
	<Point X="303" Y="312" T="undefined" />
	<Point X="303" Y="310" T="undefined" />
	<Point X="303" Y="308" T="undefined" />
	<Point X="303" Y="306" T="undefined" />
	<Point X="303" Y="303" T="undefined" />
	<Point X="304" Y="301" T="undefined" />
	<Point X="304" Y="298" T="undefined" />
	<Point X="304" Y="295" T="undefined" />
	<Point X="304" Y="292" T="undefined" />
	<Point X="304" Y="289" T="undefined" />
	<Point X="304" Y="285" T="undefined" />
	<Point X="305" Y="282" T="undefined" />
	<Point X="305" Y="279" T="undefined" />
	<Point X="306" Y="276" T="undefined" />
	<Point X="306" Y="273" T="undefined" />
	<Point X="306" Y="270" T="undefined" />
	<Point X="307" Y="266" T="undefined" />
	<Point X="307" Y="263" T="undefined" />
	<Point X="307" Y="260" T="undefined" />
	<Point X="308" Y="257" T="undefined" />
	<Point X="308" Y="253" T="undefined" />
	<Point X="308" Y="250" T="undefined" />
	<Point X="308" Y="246" T="undefined" />
	<Point X="309" Y="244" T="undefined" />
	<Point X="309" Y="240" T="undefined" />
	<Point X="310" Y="237" T="undefined" />
	<Point X="310" Y="235" T="undefined" />
	<Point X="310" Y="233" T="undefined" />
	<Point X="310" Y="230" T="undefined" />
	<Point X="310" Y="228" T="undefined" />
	<Point X="310" Y="226" T="undefined" />
	<Point X="310" Y="225" T="undefined" />
	<Point X="310" Y="223" T="undefined" />
	<Point X="310" Y="222" T="undefined" />
	<Point X="310" Y="221" T="undefined" />
	<Point X="310" Y="220" T="undefined" />
	<Point X="310" Y="218" T="undefined" />
	<Point X="310" Y="217" T="undefined" />
	<Point X="310" Y="216" T="undefined" />
	<Point X="310" Y="215" T="undefined" />
	<Point X="310" Y="213" T="undefined" />
	<Point X="310" Y="211" T="undefined" />
	<Point X="310" Y="209" T="undefined" />
	<Point X="310" Y="208" T="undefined" />
	<Point X="310" Y="207" T="undefined" />
	<Point X="310" Y="204" T="undefined" />
	<Point X="310" Y="202" T="undefined" />
	<Point X="310" Y="200" T="undefined" />
	<Point X="310" Y="199" T="undefined" />
	<Point X="310" Y="197" T="undefined" />
	<Point X="309" Y="195" T="undefined" />
	<Point X="309" Y="193" T="undefined" />
	<Point X="309" Y="191" T="undefined" />
	<Point X="309" Y="189" T="undefined" />
	<Point X="309" Y="188" T="undefined" />
	<Point X="309" Y="186" T="undefined" />
	<Point X="309" Y="184" T="undefined" />
	<Point X="309" Y="182" T="undefined" />
	<Point X="309" Y="180" T="undefined" />
	<Point X="309" Y="179" T="undefined" />
	<Point X="309" Y="178" T="undefined" />
	<Point X="309" Y="177" T="undefined" />
	<Point X="309" Y="176" T="undefined" />
	<Point X="309" Y="175" T="undefined" />
	<Point X="309" Y="174" T="undefined" />
	<Point X="309" Y="173" T="undefined" />
	<Point X="309" Y="172" T="undefined" />
	<Point X="309" Y="171" T="undefined" />
	<Point X="308" Y="170" T="undefined" />
	<Point X="308" Y="169" T="undefined" />
	<Point X="308" Y="168" T="undefined" />
	<Point X="308" Y="167" T="undefined" />
	<Point X="307" Y="167" T="undefined" />
	<Point X="306" Y="167" T="undefined" />
	<Point X="305" Y="167" T="undefined" />
	<Point X="304" Y="167" T="undefined" />
	<Point X="302" Y="167" T="undefined" />
	<Point X="300" Y="167" T="undefined" />
	<Point X="299" Y="167" T="undefined" />
	<Point X="296" Y="168" T="undefined" />
	<Point X="294" Y="168" T="undefined" />
	<Point X="291" Y="169" T="undefined" />
	<Point X="289" Y="169" T="undefined" />
	<Point X="286" Y="169" T="undefined" />
	<Point X="283" Y="169" T="undefined" />
	<Point X="280" Y="169" T="undefined" />
	<Point X="278" Y="169" T="undefined" />
	<Point X="274" Y="169" T="undefined" />
	<Point X="271" Y="169" T="undefined" />
	<Point X="268" Y="169" T="undefined" />
	<Point X="266" Y="169" T="undefined" />
	<Point X="264" Y="169" T="undefined" />
	<Point X="260" Y="169" T="undefined" />
	<Point X="258" Y="169" T="undefined" />
	<Point X="255" Y="169" T="undefined" />
	<Point X="252" Y="169" T="undefined" />
	<Point X="249" Y="169" T="undefined" />
	<Point X="246" Y="169" T="undefined" />
	<Point X="241" Y="169" T="undefined" />
	<Point X="238" Y="169" T="undefined" />
	<Point X="233" Y="169" T="undefined" />
	<Point X="229" Y="169" T="undefined" />
	<Point X="226" Y="169" T="undefined" />
	<Point X="222" Y="169" T="undefined" />
	<Point X="219" Y="169" T="undefined" />
	<Point X="215" Y="169" T="undefined" />
	<Point X="212" Y="169" T="undefined" />
	<Point X="209" Y="169" T="undefined" />
	<Point X="206" Y="169" T="undefined" />
	<Point X="203" Y="169" T="undefined" />
	<Point X="200" Y="169" T="undefined" />
	<Point X="196" Y="169" T="undefined" />
	<Point X="194" Y="169" T="undefined" />
	<Point X="191" Y="169" T="undefined" />
	<Point X="188" Y="169" T="undefined" />
	<Point X="186" Y="170" T="undefined" />
	<Point X="182" Y="170" T="undefined" />
	<Point X="179" Y="170" T="undefined" />
	<Point X="177" Y="170" T="undefined" />
	<Point X="174" Y="171" T="undefined" />
	<Point X="171" Y="171" T="undefined" />
	<Point X="169" Y="171" T="undefined" />
	<Point X="166" Y="171" T="undefined" />
	<Point X="164" Y="172" T="undefined" />
	<Point X="162" Y="172" T="undefined" />
	<Point X="159" Y="173" T="undefined" />
	<Point X="157" Y="173" T="undefined" />
	<Point X="154" Y="173" T="undefined" />
	<Point X="151" Y="173" T="undefined" />
	<Point X="149" Y="173" T="undefined" />
	<Point X="146" Y="173" T="undefined" />
	<Point X="145" Y="173" T="undefined" />
	<Point X="141" Y="174" T="undefined" />
	<Point X="140" Y="174" T="undefined" />
	<Point X="137" Y="174" T="undefined" />
	<Point X="136" Y="174" T="undefined" />
	<Point X="134" Y="174" T="undefined" />
	<Point X="132" Y="174" T="undefined" />
	<Point X="130" Y="174" T="undefined" />
	<Point X="129" Y="174" T="undefined" />
	<Point X="127" Y="174" T="undefined" />
	<Point X="126" Y="174" T="undefined" />
	<Point X="124" Y="174" T="undefined" />
	<Point X="122" Y="174" T="undefined" />
	<Point X="120" Y="174" T="undefined" />
	<Point X="118" Y="174" T="undefined" />
	<Point X="116" Y="174" T="undefined" />
	<Point X="115" Y="174" T="undefined" />
	<Point X="113" Y="174" T="undefined" />
	<Point X="112" Y="174" T="undefined" />
	<Point X="110" Y="174" T="undefined" />
	<Point X="109" Y="174" T="undefined" />
	<Point X="108" Y="174" T="undefined" />
	<Point X="106" Y="174" T="undefined" />
	<Point X="105" Y="174" T="undefined" />
	<Point X="104" Y="174" T="undefined" />
	<Point X="103" Y="174" T="undefined" />
	<Point X="101" Y="174" T="undefined" />
	<Point X="100" Y="174" T="undefined" />
	<Point X="99" Y="174" T="undefined" />
	<Point X="97" Y="174" T="undefined" />
	<Point X="96" Y="174" T="undefined" />
	<Point X="95" Y="174" T="undefined" />
	<Point X="94" Y="174" T="undefined" />
	<Point X="93" Y="174" T="undefined" />
</Gesture>