<?xml version="1.0" encoding="utf-8" standalone="yes"?>
<Gesture Name="Rectangle5" NumPts="178">
	<Point X="172" Y="128" T="undefined" />
	<Point X="172" Y="129" T="undefined" />
	<Point X="172" Y="131" T="undefined" />
	<Point X="172" Y="133" T="undefined" />
	<Point X="172" Y="137" T="undefined" />
	<Point X="173" Y="140" T="undefined" />
	<Point X="173" Y="145" T="undefined" />
	<Point X="173" Y="150" T="undefined" />
	<Point X="173" Y="157" T="undefined" />
	<Point X="173" Y="167" T="undefined" />
	<Point X="173" Y="178" T="undefined" />
	<Point X="171" Y="186" T="undefined" />
	<Point X="170" Y="199" T="undefined" />
	<Point X="168" Y="214" T="undefined" />
	<Point X="165" Y="230" T="undefined" />
	<Point X="163" Y="245" T="undefined" />
	<Point X="161" Y="256" T="undefined" />
	<Point X="159" Y="268" T="undefined" />
	<Point X="157" Y="281" T="undefined" />
	<Point X="155" Y="292" T="undefined" />
	<Point X="154" Y="302" T="undefined" />
	<Point X="152" Y="311" T="undefined" />
	<Point X="151" Y="318" T="undefined" />
	<Point X="150" Y="324" T="undefined" />
	<Point X="150" Y="328" T="undefined" />
	<Point X="150" Y="333" T="undefined" />
	<Point X="150" Y="336" T="undefined" />
	<Point X="150" Y="339" T="undefined" />
	<Point X="150" Y="342" T="undefined" />
	<Point X="150" Y="344" T="undefined" />
	<Point X="150" Y="345" T="undefined" />
	<Point X="150" Y="346" T="undefined" />
	<Point X="150" Y="347" T="undefined" />
	<Point X="151" Y="347" T="undefined" />
	<Point X="152" Y="347" T="undefined" />
	<Point X="153" Y="347" T="undefined" />
	<Point X="155" Y="347" T="undefined" />
	<Point X="158" Y="347" T="undefined" />
	<Point X="161" Y="347" T="undefined" />
	<Point X="164" Y="347" T="undefined" />
	<Point X="169" Y="346" T="undefined" />
	<Point X="175" Y="346" T="undefined" />
	<Point X="182" Y="345" T="undefined" />
	<Point X="188" Y="344" T="undefined" />
	<Point X="198" Y="343" T="undefined" />
	<Point X="207" Y="342" T="undefined" />
	<Point X="219" Y="341" T="undefined" />
	<Point X="229" Y="341" T="undefined" />
	<Point X="240" Y="341" T="undefined" />
	<Point X="255" Y="340" T="undefined" />
	<Point X="265" Y="339" T="undefined" />
	<Point X="279" Y="339" T="undefined" />
	<Point X="289" Y="339" T="undefined" />
	<Point X="302" Y="338" T="undefined" />
	<Point X="313" Y="337" T="undefined" />
	<Point X="324" Y="337" T="undefined" />
	<Point X="334" Y="337" T="undefined" />
	<Point X="344" Y="337" T="undefined" />
	<Point X="351" Y="337" T="undefined" />
	<Point X="360" Y="337" T="undefined" />
	<Point X="366" Y="337" T="undefined" />
	<Point X="374" Y="337" T="undefined" />
	<Point X="379" Y="337" T="undefined" />
	<Point X="386" Y="337" T="undefined" />
	<Point X="390" Y="337" T="undefined" />
	<Point X="394" Y="337" T="undefined" />
	<Point X="398" Y="337" T="undefined" />
	<Point X="401" Y="337" T="undefined" />
	<Point X="405" Y="336" T="undefined" />
	<Point X="407" Y="336" T="undefined" />
	<Point X="410" Y="335" T="undefined" />
	<Point X="412" Y="335" T="undefined" />
	<Point X="414" Y="335" T="undefined" />
	<Point X="415" Y="335" T="undefined" />
	<Point X="417" Y="334" T="undefined" />
	<Point X="418" Y="334" T="undefined" />
	<Point X="419" Y="334" T="undefined" />
	<Point X="420" Y="334" T="undefined" />
	<Point X="420" Y="333" T="undefined" />
	<Point X="421" Y="333" T="undefined" />
	<Point X="421" Y="332" T="undefined" />
	<Point X="421" Y="330" T="undefined" />
	<Point X="422" Y="326" T="undefined" />
	<Point X="422" Y="323" T="undefined" />
	<Point X="422" Y="318" T="undefined" />
	<Point X="423" Y="314" T="undefined" />
	<Point X="423" Y="307" T="undefined" />
	<Point X="423" Y="302" T="undefined" />
	<Point X="423" Y="294" T="undefined" />
	<Point X="423" Y="285" T="undefined" />
	<Point X="423" Y="273" T="undefined" />
	<Point X="423" Y="264" T="undefined" />
	<Point X="423" Y="250" T="undefined" />
	<Point X="422" Y="237" T="undefined" />
	<Point X="422" Y="227" T="undefined" />
	<Point X="422" Y="215" T="undefined" />
	<Point X="422" Y="202" T="undefined" />
	<Point X="422" Y="191" T="undefined" />
	<Point X="421" Y="182" T="undefined" />
	<Point X="421" Y="172" T="undefined" />
	<Point X="420" Y="164" T="undefined" />
	<Point X="420" Y="158" T="undefined" />
	<Point X="419" Y="152" T="undefined" />
	<Point X="419" Y="146" T="undefined" />
	<Point X="418" Y="141" T="undefined" />
	<Point X="418" Y="137" T="undefined" />
	<Point X="418" Y="133" T="undefined" />
	<Point X="417" Y="130" T="undefined" />
	<Point X="417" Y="127" T="undefined" />
	<Point X="417" Y="123" T="undefined" />
	<Point X="417" Y="121" T="undefined" />
	<Point X="417" Y="119" T="undefined" />
	<Point X="417" Y="117" T="undefined" />
	<Point X="416" Y="115" T="undefined" />
	<Point X="416" Y="114" T="undefined" />
	<Point X="416" Y="113" T="undefined" />
	<Point X="416" Y="112" T="undefined" />
	<Point X="415" Y="112" T="undefined" />
	<Point X="414" Y="112" T="undefined" />
	<Point X="412" Y="112" T="undefined" />
	<Point X="411" Y="112" T="undefined" />
	<Point X="408" Y="112" T="undefined" />
	<Point X="405" Y="112" T="undefined" />
	<Point X="401" Y="113" T="undefined" />
	<Point X="397" Y="113" T="undefined" />
	<Point X="393" Y="114" T="undefined" />
	<Point X="388" Y="115" T="undefined" />
	<Point X="381" Y="116" T="undefined" />
	<Point X="374" Y="116" T="undefined" />
	<Point X="368" Y="116" T="undefined" />
	<Point X="360" Y="116" T="undefined" />
	<Point X="351" Y="116" T="undefined" />
	<Point X="344" Y="116" T="undefined" />
	<Point X="336" Y="116" T="undefined" />
	<Point X="327" Y="116" T="undefined" />
	<Point X="317" Y="115" T="undefined" />
	<Point X="308" Y="115" T="undefined" />
	<Point X="300" Y="115" T="undefined" />
	<Point X="293" Y="115" T="undefined" />
	<Point X="284" Y="115" T="undefined" />
	<Point X="278" Y="115" T="undefined" />
	<Point X="272" Y="115" T="undefined" />
	<Point X="267" Y="115" T="undefined" />
	<Point X="262" Y="115" T="undefined" />
	<Point X="256" Y="115" T="undefined" />
	<Point X="252" Y="115" T="undefined" />
	<Point X="247" Y="115" T="undefined" />
	<Point X="243" Y="115" T="undefined" />
	<Point X="238" Y="115" T="undefined" />
	<Point X="234" Y="115" T="undefined" />
	<Point X="231" Y="115" T="undefined" />
	<Point X="227" Y="115" T="undefined" />
	<Point X="223" Y="115" T="undefined" />
	<Point X="221" Y="115" T="undefined" />
	<Point X="218" Y="115" T="undefined" />
	<Point X="215" Y="116" T="undefined" />
	<Point X="212" Y="116" T="undefined" />
	<Point X="210" Y="116" T="undefined" />
	<Point X="207" Y="116" T="undefined" />
	<Point X="206" Y="117" T="undefined" />
	<Point X="204" Y="117" T="undefined" />
	<Point X="203" Y="117" T="undefined" />
	<Point X="202" Y="118" T="undefined" />
	<Point X="201" Y="118" T="undefined" />
	<Point X="200" Y="118" T="undefined" />
	<Point X="199" Y="118" T="undefined" />
	<Point X="198" Y="118" T="undefined" />
	<Point X="197" Y="119" T="undefined" />
	<Point X="195" Y="119" T="undefined" />
	<Point X="193" Y="119" T="undefined" />
	<Point X="191" Y="119" T="undefined" />
	<Point X="189" Y="119" T="undefined" />
	<Point X="187" Y="120" T="undefined" />
	<Point X="185" Y="120" T="undefined" />
	<Point X="183" Y="120" T="undefined" />
	<Point X="181" Y="121" T="undefined" />
	<Point X="180" Y="121" T="undefined" />
	<Point X="178" Y="121" T="undefined" />
</Gesture>