<?xml version="1.0" encoding="utf-8" standalone="yes"?>
<Gesture Name="Rectangle2" NumPts="341">
	<Point X="131" Y="132" T="undefined" />
	<Point X="131" Y="133" T="undefined" />
	<Point X="131" Y="134" T="undefined" />
	<Point X="132" Y="136" T="undefined" />
	<Point X="132" Y="138" T="undefined" />
	<Point X="132" Y="140" T="undefined" />
	<Point X="133" Y="142" T="undefined" />
	<Point X="133" Y="144" T="undefined" />
	<Point X="133" Y="148" T="undefined" />
	<Point X="134" Y="151" T="undefined" />
	<Point X="134" Y="155" T="undefined" />
	<Point X="135" Y="159" T="undefined" />
	<Point X="135" Y="163" T="undefined" />
	<Point X="135" Y="167" T="undefined" />
	<Point X="136" Y="171" T="undefined" />
	<Point X="136" Y="175" T="undefined" />
	<Point X="136" Y="180" T="undefined" />
	<Point X="137" Y="184" T="undefined" />
	<Point X="137" Y="188" T="undefined" />
	<Point X="138" Y="195" T="undefined" />
	<Point X="138" Y="199" T="undefined" />
	<Point X="138" Y="206" T="undefined" />
	<Point X="138" Y="210" T="undefined" />
	<Point X="138" Y="217" T="undefined" />
	<Point X="138" Y="223" T="undefined" />
	<Point X="138" Y="231" T="undefined" />
	<Point X="138" Y="237" T="undefined" />
	<Point X="138" Y="245" T="undefined" />
	<Point X="138" Y="250" T="undefined" />
	<Point X="138" Y="257" T="undefined" />
	<Point X="138" Y="263" T="undefined" />
	<Point X="138" Y="269" T="undefined" />
	<Point X="138" Y="274" T="undefined" />
	<Point X="138" Y="279" T="undefined" />
	<Point X="138" Y="284" T="undefined" />
	<Point X="138" Y="290" T="undefined" />
	<Point X="138" Y="295" T="undefined" />
	<Point X="138" Y="299" T="undefined" />
	<Point X="137" Y="304" T="undefined" />
	<Point X="137" Y="309" T="undefined" />
	<Point X="137" Y="313" T="undefined" />
	<Point X="137" Y="317" T="undefined" />
	<Point X="137" Y="321" T="undefined" />
	<Point X="137" Y="324" T="undefined" />
	<Point X="137" Y="327" T="undefined" />
	<Point X="137" Y="330" T="undefined" />
	<Point X="137" Y="333" T="undefined" />
	<Point X="137" Y="336" T="undefined" />
	<Point X="137" Y="338" T="undefined" />
	<Point X="136" Y="340" T="undefined" />
	<Point X="136" Y="341" T="undefined" />
	<Point X="136" Y="343" T="undefined" />
	<Point X="136" Y="345" T="undefined" />
	<Point X="136" Y="346" T="undefined" />
	<Point X="136" Y="347" T="undefined" />
	<Point X="136" Y="349" T="undefined" />
	<Point X="136" Y="350" T="undefined" />
	<Point X="136" Y="351" T="undefined" />
	<Point X="136" Y="352" T="undefined" />
	<Point X="136" Y="353" T="undefined" />
	<Point X="136" Y="354" T="undefined" />
	<Point X="136" Y="355" T="undefined" />
	<Point X="136" Y="356" T="undefined" />
	<Point X="136" Y="357" T="undefined" />
	<Point X="136" Y="358" T="undefined" />
	<Point X="136" Y="359" T="undefined" />
	<Point X="136" Y="361" T="undefined" />
	<Point X="136" Y="362" T="undefined" />
	<Point X="136" Y="363" T="undefined" />
	<Point X="136" Y="365" T="undefined" />
	<Point X="136" Y="367" T="undefined" />
	<Point X="136" Y="369" T="undefined" />
	<Point X="136" Y="370" T="undefined" />
	<Point X="136" Y="372" T="undefined" />
	<Point X="136" Y="373" T="undefined" />
	<Point X="136" Y="375" T="undefined" />
	<Point X="136" Y="376" T="undefined" />
	<Point X="136" Y="377" T="undefined" />
	<Point X="136" Y="378" T="undefined" />
	<Point X="136" Y="379" T="undefined" />
	<Point X="136" Y="380" T="undefined" />
	<Point X="136" Y="381" T="undefined" />
	<Point X="136" Y="382" T="undefined" />
	<Point X="137" Y="382" T="undefined" />
	<Point X="138" Y="382" T="undefined" />
	<Point X="139" Y="382" T="undefined" />
	<Point X="141" Y="382" T="undefined" />
	<Point X="143" Y="382" T="undefined" />
	<Point X="146" Y="381" T="undefined" />
	<Point X="149" Y="381" T="undefined" />
	<Point X="152" Y="380" T="undefined" />
	<Point X="157" Y="379" T="undefined" />
	<Point X="161" Y="379" T="undefined" />
	<Point X="168" Y="379" T="undefined" />
	<Point X="173" Y="379" T="undefined" />
	<Point X="180" Y="379" T="undefined" />
	<Point X="186" Y="379" T="undefined" />
	<Point X="192" Y="379" T="undefined" />
	<Point X="199" Y="379" T="undefined" />
	<Point X="205" Y="379" T="undefined" />
	<Point X="213" Y="379" T="undefined" />
	<Point X="221" Y="379" T="undefined" />
	<Point X="229" Y="379" T="undefined" />
	<Point X="236" Y="379" T="undefined" />
	<Point X="243" Y="379" T="undefined" />
	<Point X="249" Y="379" T="undefined" />
	<Point X="256" Y="379" T="undefined" />
	<Point X="263" Y="379" T="undefined" />
	<Point X="268" Y="379" T="undefined" />
	<Point X="275" Y="379" T="undefined" />
	<Point X="281" Y="380" T="undefined" />
	<Point X="286" Y="380" T="undefined" />
	<Point X="292" Y="381" T="undefined" />
	<Point X="298" Y="381" T="undefined" />
	<Point X="303" Y="382" T="undefined" />
	<Point X="307" Y="383" T="undefined" />
	<Point X="312" Y="383" T="undefined" />
	<Point X="318" Y="384" T="undefined" />
	<Point X="323" Y="384" T="undefined" />
	<Point X="327" Y="385" T="undefined" />
	<Point X="332" Y="385" T="undefined" />
	<Point X="337" Y="385" T="undefined" />
	<Point X="342" Y="385" T="undefined" />
	<Point X="346" Y="385" T="undefined" />
	<Point X="350" Y="385" T="undefined" />
	<Point X="354" Y="385" T="undefined" />
	<Point X="357" Y="385" T="undefined" />
	<Point X="360" Y="385" T="undefined" />
	<Point X="363" Y="385" T="undefined" />
	<Point X="367" Y="385" T="undefined" />
	<Point X="370" Y="386" T="undefined" />
	<Point X="373" Y="386" T="undefined" />
	<Point X="376" Y="386" T="undefined" />
	<Point X="378" Y="386" T="undefined" />
	<Point X="380" Y="386" T="undefined" />
	<Point X="383" Y="386" T="undefined" />
	<Point X="385" Y="386" T="undefined" />
	<Point X="388" Y="386" T="undefined" />
	<Point X="390" Y="386" T="undefined" />
	<Point X="392" Y="386" T="undefined" />
	<Point X="394" Y="386" T="undefined" />
	<Point X="396" Y="386" T="undefined" />
	<Point X="398" Y="386" T="undefined" />
	<Point X="400" Y="386" T="undefined" />
	<Point X="401" Y="386" T="undefined" />
	<Point X="403" Y="386" T="undefined" />
	<Point X="405" Y="386" T="undefined" />
	<Point X="406" Y="386" T="undefined" />
	<Point X="407" Y="386" T="undefined" />
	<Point X="409" Y="386" T="undefined" />
	<Point X="410" Y="386" T="undefined" />
	<Point X="411" Y="386" T="undefined" />
	<Point X="412" Y="386" T="undefined" />
	<Point X="413" Y="386" T="undefined" />
	<Point X="413" Y="385" T="undefined" />
	<Point X="414" Y="385" T="undefined" />
	<Point X="414" Y="384" T="undefined" />
	<Point X="414" Y="382" T="undefined" />
	<Point X="415" Y="380" T="undefined" />
	<Point X="415" Y="378" T="undefined" />
	<Point X="415" Y="375" T="undefined" />
	<Point X="416" Y="371" T="undefined" />
	<Point X="417" Y="368" T="undefined" />
	<Point X="417" Y="364" T="undefined" />
	<Point X="418" Y="360" T="undefined" />
	<Point X="418" Y="355" T="undefined" />
	<Point X="419" Y="351" T="undefined" />
	<Point X="419" Y="346" T="undefined" />
	<Point X="420" Y="341" T="undefined" />
	<Point X="421" Y="336" T="undefined" />
	<Point X="421" Y="332" T="undefined" />
	<Point X="421" Y="326" T="undefined" />
	<Point X="421" Y="321" T="undefined" />
	<Point X="422" Y="316" T="undefined" />
	<Point X="422" Y="309" T="undefined" />
	<Point X="422" Y="303" T="undefined" />
	<Point X="422" Y="297" T="undefined" />
	<Point X="422" Y="293" T="undefined" />
	<Point X="422" Y="288" T="undefined" />
	<Point X="422" Y="283" T="undefined" />
	<Point X="422" Y="277" T="undefined" />
	<Point X="422" Y="272" T="undefined" />
	<Point X="422" Y="267" T="undefined" />
	<Point X="422" Y="262" T="undefined" />
	<Point X="422" Y="256" T="undefined" />
	<Point X="422" Y="252" T="undefined" />
	<Point X="422" Y="247" T="undefined" />
	<Point X="422" Y="242" T="undefined" />
	<Point X="422" Y="238" T="undefined" />
	<Point X="422" Y="233" T="undefined" />
	<Point X="422" Y="229" T="undefined" />
	<Point X="422" Y="225" T="undefined" />
	<Point X="422" Y="221" T="undefined" />
	<Point X="422" Y="219" T="undefined" />
	<Point X="422" Y="215" T="undefined" />
	<Point X="422" Y="212" T="undefined" />
	<Point X="422" Y="209" T="undefined" />
	<Point X="422" Y="206" T="undefined" />
	<Point X="422" Y="203" T="undefined" />
	<Point X="422" Y="201" T="undefined" />
	<Point X="422" Y="199" T="undefined" />
	<Point X="422" Y="196" T="undefined" />
	<Point X="422" Y="192" T="undefined" />
	<Point X="422" Y="189" T="undefined" />
	<Point X="422" Y="185" T="undefined" />
	<Point X="422" Y="182" T="undefined" />
	<Point X="422" Y="179" T="undefined" />
	<Point X="422" Y="175" T="undefined" />
	<Point X="422" Y="172" T="undefined" />
	<Point X="422" Y="169" T="undefined" />
	<Point X="422" Y="166" T="undefined" />
	<Point X="422" Y="163" T="undefined" />
	<Point X="422" Y="159" T="undefined" />
	<Point X="422" Y="156" T="undefined" />
	<Point X="422" Y="153" T="undefined" />
	<Point X="422" Y="151" T="undefined" />
	<Point X="423" Y="148" T="undefined" />
	<Point X="423" Y="146" T="undefined" />
	<Point X="423" Y="143" T="undefined" />
	<Point X="423" Y="141" T="undefined" />
	<Point X="423" Y="139" T="undefined" />
	<Point X="423" Y="137" T="undefined" />
	<Point X="423" Y="135" T="undefined" />
	<Point X="423" Y="134" T="undefined" />
	<Point X="423" Y="132" T="undefined" />
	<Point X="423" Y="131" T="undefined" />
	<Point X="423" Y="130" T="undefined" />
	<Point X="423" Y="129" T="undefined" />
	<Point X="423" Y="128" T="undefined" />
	<Point X="423" Y="127" T="undefined" />
	<Point X="423" Y="126" T="undefined" />
	<Point X="422" Y="126" T="undefined" />
	<Point X="421" Y="126" T="undefined" />
	<Point X="420" Y="126" T="undefined" />
	<Point X="419" Y="126" T="undefined" />
	<Point X="418" Y="126" T="undefined" />
	<Point X="417" Y="126" T="undefined" />
	<Point X="416" Y="126" T="undefined" />
	<Point X="414" Y="126" T="undefined" />
	<Point X="413" Y="126" T="undefined" />
	<Point X="410" Y="126" T="undefined" />
	<Point X="409" Y="126" T="undefined" />
	<Point X="406" Y="126" T="undefined" />
	<Point X="405" Y="126" T="undefined" />
	<Point X="402" Y="126" T="undefined" />
	<Point X="399" Y="126" T="undefined" />
	<Point X="397" Y="126" T="undefined" />
	<Point X="395" Y="126" T="undefined" />
	<Point X="392" Y="125" T="undefined" />
	<Point X="390" Y="125" T="undefined" />
	<Point X="387" Y="125" T="undefined" />
	<Point X="385" Y="124" T="undefined" />
	<Point X="382" Y="124" T="undefined" />
	<Point X="379" Y="124" T="undefined" />
	<Point X="376" Y="124" T="undefined" />
	<Point X="373" Y="124" T="undefined" />
	<Point X="370" Y="124" T="undefined" />
	<Point X="368" Y="124" T="undefined" />
	<Point X="364" Y="124" T="undefined" />
	<Point X="360" Y="124" T="undefined" />
	<Point X="357" Y="123" T="undefined" />
	<Point X="354" Y="123" T="undefined" />
	<Point X="351" Y="123" T="undefined" />
	<Point X="348" Y="123" T="undefined" />
	<Point X="345" Y="123" T="undefined" />
	<Point X="341" Y="122" T="undefined" />
	<Point X="338" Y="122" T="undefined" />
	<Point X="334" Y="122" T="undefined" />
	<Point X="330" Y="122" T="undefined" />
	<Point X="327" Y="122" T="undefined" />
	<Point X="323" Y="122" T="undefined" />
	<Point X="320" Y="122" T="undefined" />
	<Point X="316" Y="122" T="undefined" />
	<Point X="313" Y="122" T="undefined" />
	<Point X="309" Y="122" T="undefined" />
	<Point X="305" Y="122" T="undefined" />
	<Point X="301" Y="122" T="undefined" />
	<Point X="298" Y="122" T="undefined" />
	<Point X="294" Y="122" T="undefined" />
	<Point X="291" Y="122" T="undefined" />
	<Point X="287" Y="122" T="undefined" />
	<Point X="284" Y="122" T="undefined" />
	<Point X="281" Y="123" T="undefined" />
	<Point X="277" Y="123" T="undefined" />
	<Point X="274" Y="123" T="undefined" />
	<Point X="270" Y="124" T="undefined" />
	<Point X="266" Y="124" T="undefined" />
	<Point X="262" Y="124" T="undefined" />
	<Point X="259" Y="124" T="undefined" />
	<Point X="256" Y="124" T="undefined" />
	<Point X="252" Y="124" T="undefined" />
	<Point X="248" Y="124" T="undefined" />
	<Point X="245" Y="125" T="undefined" />
	<Point X="241" Y="125" T="undefined" />
	<Point X="238" Y="125" T="undefined" />
	<Point X="234" Y="125" T="undefined" />
	<Point X="231" Y="125" T="undefined" />
	<Point X="228" Y="125" T="undefined" />
	<Point X="223" Y="125" T="undefined" />
	<Point X="220" Y="125" T="undefined" />
	<Point X="216" Y="125" T="undefined" />
	<Point X="212" Y="125" T="undefined" />
	<Point X="209" Y="125" T="undefined" />
	<Point X="207" Y="125" T="undefined" />
	<Point X="203" Y="126" T="undefined" />
	<Point X="200" Y="126" T="undefined" />
	<Point X="197" Y="126" T="undefined" />
	<Point X="193" Y="126" T="undefined" />
	<Point X="191" Y="126" T="undefined" />
	<Point X="188" Y="126" T="undefined" />
	<Point X="185" Y="126" T="undefined" />
	<Point X="182" Y="126" T="undefined" />
	<Point X="179" Y="126" T="undefined" />
	<Point X="176" Y="126" T="undefined" />
	<Point X="174" Y="126" T="undefined" />
	<Point X="171" Y="126" T="undefined" />
	<Point X="168" Y="126" T="undefined" />
	<Point X="166" Y="126" T="undefined" />
	<Point X="163" Y="127" T="undefined" />
	<Point X="161" Y="127" T="undefined" />
	<Point X="159" Y="127" T="undefined" />
	<Point X="157" Y="127" T="undefined" />
	<Point X="155" Y="127" T="undefined" />
	<Point X="154" Y="127" T="undefined" />
	<Point X="152" Y="127" T="undefined" />
	<Point X="151" Y="127" T="undefined" />
	<Point X="150" Y="127" T="undefined" />
	<Point X="148" Y="127" T="undefined" />
	<Point X="147" Y="127" T="undefined" />
	<Point X="146" Y="127" T="undefined" />
	<Point X="145" Y="127" T="undefined" />
	<Point X="144" Y="127" T="undefined" />
	<Point X="143" Y="127" T="undefined" />
	<Point X="142" Y="127" T="undefined" />
	<Point X="141" Y="127" T="undefined" />
	<Point X="140" Y="127" T="undefined" />
	<Point X="139" Y="127" T="undefined" />
	<Point X="138" Y="127" T="undefined" />
	<Point X="137" Y="127" T="undefined" />
	<Point X="136" Y="127" T="undefined" />
	<Point X="135" Y="127" T="undefined" />
</Gesture>