<?xml version="1.0" encoding="utf-8" standalone="yes"?>
<Gesture Name="Rectangle4" NumPts="241">
	<Point X="143" Y="151" T="undefined" />
	<Point X="143" Y="151" T="undefined" />
	<Point X="143" Y="151" T="undefined" />
	<Point X="143" Y="151" T="undefined" />
	<Point X="143" Y="152" T="undefined" />
	<Point X="143" Y="154" T="undefined" />
	<Point X="144" Y="155" T="undefined" />
	<Point X="144" Y="158" T="undefined" />
	<Point X="145" Y="162" T="undefined" />
	<Point X="146" Y="165" T="undefined" />
	<Point X="146" Y="170" T="undefined" />
	<Point X="146" Y="174" T="undefined" />
	<Point X="147" Y="180" T="undefined" />
	<Point X="147" Y="188" T="undefined" />
	<Point X="147" Y="193" T="undefined" />
	<Point X="147" Y="202" T="undefined" />
	<Point X="147" Y="212" T="undefined" />
	<Point X="147" Y="222" T="undefined" />
	<Point X="147" Y="230" T="undefined" />
	<Point X="147" Y="242" T="undefined" />
	<Point X="147" Y="251" T="undefined" />
	<Point X="147" Y="257" T="undefined" />
	<Point X="147" Y="269" T="undefined" />
	<Point X="147" Y="275" T="undefined" />
	<Point X="147" Y="282" T="undefined" />
	<Point X="147" Y="293" T="undefined" />
	<Point X="147" Y="295" T="undefined" />
	<Point X="147" Y="300" T="undefined" />
	<Point X="147" Y="306" T="undefined" />
	<Point X="147" Y="313" T="undefined" />
	<Point X="147" Y="318" T="undefined" />
	<Point X="147" Y="323" T="undefined" />
	<Point X="147" Y="327" T="undefined" />
	<Point X="147" Y="332" T="undefined" />
	<Point X="147" Y="335" T="undefined" />
	<Point X="147" Y="338" T="undefined" />
	<Point X="147" Y="341" T="undefined" />
	<Point X="147" Y="344" T="undefined" />
	<Point X="147" Y="347" T="undefined" />
	<Point X="147" Y="349" T="undefined" />
	<Point X="147" Y="352" T="undefined" />
	<Point X="147" Y="354" T="undefined" />
	<Point X="147" Y="357" T="undefined" />
	<Point X="147" Y="360" T="undefined" />
	<Point X="147" Y="363" T="undefined" />
	<Point X="147" Y="364" T="undefined" />
	<Point X="148" Y="367" T="undefined" />
	<Point X="148" Y="370" T="undefined" />
	<Point X="148" Y="371" T="undefined" />
	<Point X="148" Y="372" T="undefined" />
	<Point X="149" Y="373" T="undefined" />
	<Point X="150" Y="374" T="undefined" />
	<Point X="150" Y="375" T="undefined" />
	<Point X="151" Y="376" T="undefined" />
	<Point X="152" Y="377" T="undefined" />
	<Point X="152" Y="378" T="undefined" />
	<Point X="153" Y="378" T="undefined" />
	<Point X="154" Y="379" T="undefined" />
	<Point X="155" Y="380" T="undefined" />
	<Point X="156" Y="381" T="undefined" />
	<Point X="158" Y="382" T="undefined" />
	<Point X="160" Y="383" T="undefined" />
	<Point X="163" Y="383" T="undefined" />
	<Point X="165" Y="384" T="undefined" />
	<Point X="169" Y="384" T="undefined" />
	<Point X="173" Y="384" T="undefined" />
	<Point X="178" Y="385" T="undefined" />
	<Point X="182" Y="385" T="undefined" />
	<Point X="188" Y="385" T="undefined" />
	<Point X="194" Y="385" T="undefined" />
	<Point X="200" Y="385" T="undefined" />
	<Point X="207" Y="385" T="undefined" />
	<Point X="214" Y="385" T="undefined" />
	<Point X="222" Y="385" T="undefined" />
	<Point X="230" Y="385" T="undefined" />
	<Point X="237" Y="384" T="undefined" />
	<Point X="245" Y="384" T="undefined" />
	<Point X="253" Y="383" T="undefined" />
	<Point X="261" Y="382" T="undefined" />
	<Point X="272" Y="381" T="undefined" />
	<Point X="278" Y="380" T="undefined" />
	<Point X="290" Y="379" T="undefined" />
	<Point X="299" Y="379" T="undefined" />
	<Point X="308" Y="379" T="undefined" />
	<Point X="316" Y="379" T="undefined" />
	<Point X="323" Y="379" T="undefined" />
	<Point X="330" Y="380" T="undefined" />
	<Point X="335" Y="381" T="undefined" />
	<Point X="341" Y="381" T="undefined" />
	<Point X="345" Y="382" T="undefined" />
	<Point X="351" Y="383" T="undefined" />
	<Point X="354" Y="384" T="undefined" />
	<Point X="358" Y="384" T="undefined" />
	<Point X="363" Y="385" T="undefined" />
	<Point X="366" Y="385" T="undefined" />
	<Point X="370" Y="386" T="undefined" />
	<Point X="373" Y="387" T="undefined" />
	<Point X="377" Y="387" T="undefined" />
	<Point X="380" Y="388" T="undefined" />
	<Point X="384" Y="388" T="undefined" />
	<Point X="388" Y="389" T="undefined" />
	<Point X="392" Y="390" T="undefined" />
	<Point X="396" Y="390" T="undefined" />
	<Point X="399" Y="390" T="undefined" />
	<Point X="402" Y="390" T="undefined" />
	<Point X="405" Y="391" T="undefined" />
	<Point X="409" Y="391" T="undefined" />
	<Point X="412" Y="391" T="undefined" />
	<Point X="415" Y="391" T="undefined" />
	<Point X="418" Y="391" T="undefined" />
	<Point X="420" Y="391" T="undefined" />
	<Point X="423" Y="391" T="undefined" />
	<Point X="424" Y="391" T="undefined" />
	<Point X="426" Y="391" T="undefined" />
	<Point X="427" Y="391" T="undefined" />
	<Point X="428" Y="391" T="undefined" />
	<Point X="429" Y="391" T="undefined" />
	<Point X="430" Y="391" T="undefined" />
	<Point X="430" Y="390" T="undefined" />
	<Point X="431" Y="390" T="undefined" />
	<Point X="431" Y="389" T="undefined" />
	<Point X="432" Y="388" T="undefined" />
	<Point X="433" Y="386" T="undefined" />
	<Point X="433" Y="384" T="undefined" />
	<Point X="434" Y="383" T="undefined" />
	<Point X="435" Y="380" T="undefined" />
	<Point X="435" Y="377" T="undefined" />
	<Point X="435" Y="373" T="undefined" />
	<Point X="435" Y="370" T="undefined" />
	<Point X="435" Y="364" T="undefined" />
	<Point X="435" Y="358" T="undefined" />
	<Point X="435" Y="352" T="undefined" />
	<Point X="435" Y="344" T="undefined" />
	<Point X="434" Y="336" T="undefined" />
	<Point X="434" Y="327" T="undefined" />
	<Point X="433" Y="317" T="undefined" />
	<Point X="433" Y="307" T="undefined" />
	<Point X="433" Y="297" T="undefined" />
	<Point X="433" Y="287" T="undefined" />
	<Point X="433" Y="279" T="undefined" />
	<Point X="433" Y="268" T="undefined" />
	<Point X="434" Y="259" T="undefined" />
	<Point X="435" Y="251" T="undefined" />
	<Point X="437" Y="241" T="undefined" />
	<Point X="438" Y="233" T="undefined" />
	<Point X="439" Y="227" T="undefined" />
	<Point X="440" Y="220" T="undefined" />
	<Point X="441" Y="213" T="undefined" />
	<Point X="442" Y="207" T="undefined" />
	<Point X="443" Y="200" T="undefined" />
	<Point X="444" Y="195" T="undefined" />
	<Point X="444" Y="188" T="undefined" />
	<Point X="445" Y="183" T="undefined" />
	<Point X="446" Y="178" T="undefined" />
	<Point X="446" Y="174" T="undefined" />
	<Point X="446" Y="171" T="undefined" />
	<Point X="446" Y="168" T="undefined" />
	<Point X="446" Y="166" T="undefined" />
	<Point X="446" Y="164" T="undefined" />
	<Point X="446" Y="163" T="undefined" />
	<Point X="446" Y="161" T="undefined" />
	<Point X="446" Y="160" T="undefined" />
	<Point X="446" Y="159" T="undefined" />
	<Point X="446" Y="158" T="undefined" />
	<Point X="446" Y="157" T="undefined" />
	<Point X="445" Y="157" T="undefined" />
	<Point X="445" Y="156" T="undefined" />
	<Point X="445" Y="155" T="undefined" />
	<Point X="445" Y="154" T="undefined" />
	<Point X="444" Y="153" T="undefined" />
	<Point X="444" Y="152" T="undefined" />
	<Point X="444" Y="151" T="undefined" />
	<Point X="443" Y="150" T="undefined" />
	<Point X="443" Y="149" T="undefined" />
	<Point X="442" Y="147" T="undefined" />
	<Point X="441" Y="145" T="undefined" />
	<Point X="441" Y="143" T="undefined" />
	<Point X="440" Y="142" T="undefined" />
	<Point X="440" Y="141" T="undefined" />
	<Point X="440" Y="140" T="undefined" />
	<Point X="439" Y="140" T="undefined" />
	<Point X="438" Y="140" T="undefined" />
	<Point X="437" Y="140" T="undefined" />
	<Point X="436" Y="140" T="undefined" />
	<Point X="433" Y="140" T="undefined" />
	<Point X="431" Y="140" T="undefined" />
	<Point X="428" Y="140" T="undefined" />
	<Point X="424" Y="140" T="undefined" />
	<Point X="419" Y="141" T="undefined" />
	<Point X="412" Y="142" T="undefined" />
	<Point X="406" Y="142" T="undefined" />
	<Point X="398" Y="142" T="undefined" />
	<Point X="389" Y="142" T="undefined" />
	<Point X="381" Y="142" T="undefined" />
	<Point X="367" Y="142" T="undefined" />
	<Point X="357" Y="142" T="undefined" />
	<Point X="344" Y="142" T="undefined" />
	<Point X="332" Y="142" T="undefined" />
	<Point X="322" Y="142" T="undefined" />
	<Point X="313" Y="142" T="undefined" />
	<Point X="303" Y="142" T="undefined" />
	<Point X="293" Y="142" T="undefined" />
	<Point X="283" Y="142" T="undefined" />
	<Point X="275" Y="142" T="undefined" />
	<Point X="266" Y="142" T="undefined" />
	<Point X="259" Y="142" T="undefined" />
	<Point X="251" Y="142" T="undefined" />
	<Point X="245" Y="141" T="undefined" />
	<Point X="238" Y="141" T="undefined" />
	<Point X="232" Y="140" T="undefined" />
	<Point X="226" Y="140" T="undefined" />
	<Point X="219" Y="140" T="undefined" />
	<Point X="214" Y="139" T="undefined" />
	<Point X="209" Y="138" T="undefined" />
	<Point X="203" Y="138" T="undefined" />
	<Point X="199" Y="138" T="undefined" />
	<Point X="194" Y="138" T="undefined" />
	<Point X="190" Y="138" T="undefined" />
	<Point X="186" Y="138" T="undefined" />
	<Point X="182" Y="139" T="undefined" />
	<Point X="178" Y="140" T="undefined" />
	<Point X="175" Y="140" T="undefined" />
	<Point X="173" Y="141" T="undefined" />
	<Point X="170" Y="141" T="undefined" />
	<Point X="168" Y="141" T="undefined" />
	<Point X="166" Y="141" T="undefined" />
	<Point X="164" Y="142" T="undefined" />
	<Point X="162" Y="142" T="undefined" />
	<Point X="160" Y="142" T="undefined" />
	<Point X="158" Y="142" T="undefined" />
	<Point X="155" Y="142" T="undefined" />
	<Point X="154" Y="142" T="undefined" />
	<Point X="151" Y="142" T="undefined" />
	<Point X="149" Y="142" T="undefined" />
	<Point X="146" Y="142" T="undefined" />
	<Point X="143" Y="142" T="undefined" />
	<Point X="141" Y="142" T="undefined" />
	<Point X="139" Y="142" T="undefined" />
	<Point X="137" Y="142" T="undefined" />
	<Point X="136" Y="142" T="undefined" />
	<Point X="134" Y="142" T="undefined" />
</Gesture>