<?xml version="1.0" encoding="utf-8" standalone="yes"?>
<Gesture Name="Rectangle8" NumPts="172">
	<Point X="168" Y="201" T="undefined" />
	<Point X="168" Y="201" T="undefined" />
	<Point X="168" Y="201" T="undefined" />
	<Point X="168" Y="202" T="undefined" />
	<Point X="168" Y="204" T="undefined" />
	<Point X="168" Y="207" T="undefined" />
	<Point X="168" Y="209" T="undefined" />
	<Point X="168" Y="213" T="undefined" />
	<Point X="168" Y="221" T="undefined" />
	<Point X="169" Y="223" T="undefined" />
	<Point X="170" Y="229" T="undefined" />
	<Point X="172" Y="240" T="undefined" />
	<Point X="172" Y="245" T="undefined" />
	<Point X="173" Y="254" T="undefined" />
	<Point X="173" Y="261" T="undefined" />
	<Point X="175" Y="279" T="undefined" />
	<Point X="175" Y="284" T="undefined" />
	<Point X="176" Y="305" T="undefined" />
	<Point X="176" Y="309" T="undefined" />
	<Point X="177" Y="324" T="undefined" />
	<Point X="178" Y="342" T="undefined" />
	<Point X="179" Y="351" T="undefined" />
	<Point X="181" Y="366" T="undefined" />
	<Point X="183" Y="382" T="undefined" />
	<Point X="184" Y="386" T="undefined" />
	<Point X="187" Y="396" T="undefined" />
	<Point X="189" Y="404" T="undefined" />
	<Point X="190" Y="409" T="undefined" />
	<Point X="192" Y="413" T="undefined" />
	<Point X="194" Y="415" T="undefined" />
	<Point X="195" Y="417" T="undefined" />
	<Point X="196" Y="418" T="undefined" />
	<Point X="197" Y="418" T="undefined" />
	<Point X="198" Y="418" T="undefined" />
	<Point X="199" Y="418" T="undefined" />
	<Point X="201" Y="418" T="undefined" />
	<Point X="203" Y="418" T="undefined" />
	<Point X="207" Y="417" T="undefined" />
	<Point X="213" Y="415" T="undefined" />
	<Point X="219" Y="413" T="undefined" />
	<Point X="226" Y="412" T="undefined" />
	<Point X="235" Y="410" T="undefined" />
	<Point X="244" Y="409" T="undefined" />
	<Point X="258" Y="408" T="undefined" />
	<Point X="269" Y="408" T="undefined" />
	<Point X="279" Y="407" T="undefined" />
	<Point X="297" Y="407" T="undefined" />
	<Point X="312" Y="407" T="undefined" />
	<Point X="322" Y="407" T="undefined" />
	<Point X="339" Y="407" T="undefined" />
	<Point X="352" Y="407" T="undefined" />
	<Point X="366" Y="407" T="undefined" />
	<Point X="380" Y="408" T="undefined" />
	<Point X="392" Y="408" T="undefined" />
	<Point X="402" Y="408" T="undefined" />
	<Point X="413" Y="408" T="undefined" />
	<Point X="422" Y="408" T="undefined" />
	<Point X="430" Y="409" T="undefined" />
	<Point X="437" Y="409" T="undefined" />
	<Point X="445" Y="409" T="undefined" />
	<Point X="451" Y="409" T="undefined" />
	<Point X="457" Y="409" T="undefined" />
	<Point X="461" Y="409" T="undefined" />
	<Point X="466" Y="409" T="undefined" />
	<Point X="470" Y="409" T="undefined" />
	<Point X="473" Y="409" T="undefined" />
	<Point X="474" Y="409" T="undefined" />
	<Point X="476" Y="409" T="undefined" />
	<Point X="477" Y="408" T="undefined" />
	<Point X="477" Y="407" T="undefined" />
	<Point X="478" Y="407" T="undefined" />
	<Point X="478" Y="406" T="undefined" />
	<Point X="478" Y="405" T="undefined" />
	<Point X="479" Y="404" T="undefined" />
	<Point X="479" Y="403" T="undefined" />
	<Point X="480" Y="401" T="undefined" />
	<Point X="481" Y="399" T="undefined" />
	<Point X="481" Y="398" T="undefined" />
	<Point X="482" Y="395" T="undefined" />
	<Point X="482" Y="392" T="undefined" />
	<Point X="482" Y="390" T="undefined" />
	<Point X="483" Y="386" T="undefined" />
	<Point X="483" Y="380" T="undefined" />
	<Point X="483" Y="376" T="undefined" />
	<Point X="483" Y="369" T="undefined" />
	<Point X="483" Y="363" T="undefined" />
	<Point X="481" Y="355" T="undefined" />
	<Point X="480" Y="348" T="undefined" />
	<Point X="479" Y="339" T="undefined" />
	<Point X="477" Y="328" T="undefined" />
	<Point X="476" Y="320" T="undefined" />
	<Point X="475" Y="309" T="undefined" />
	<Point X="474" Y="299" T="undefined" />
	<Point X="472" Y="289" T="undefined" />
	<Point X="472" Y="279" T="undefined" />
	<Point X="471" Y="269" T="undefined" />
	<Point X="470" Y="262" T="undefined" />
	<Point X="470" Y="252" T="undefined" />
	<Point X="470" Y="246" T="undefined" />
	<Point X="470" Y="238" T="undefined" />
	<Point X="470" Y="232" T="undefined" />
	<Point X="469" Y="227" T="undefined" />
	<Point X="469" Y="222" T="undefined" />
	<Point X="468" Y="218" T="undefined" />
	<Point X="467" Y="214" T="undefined" />
	<Point X="467" Y="212" T="undefined" />
	<Point X="466" Y="209" T="undefined" />
	<Point X="466" Y="207" T="undefined" />
	<Point X="465" Y="206" T="undefined" />
	<Point X="465" Y="205" T="undefined" />
	<Point X="465" Y="204" T="undefined" />
	<Point X="464" Y="204" T="undefined" />
	<Point X="464" Y="203" T="undefined" />
	<Point X="463" Y="203" T="undefined" />
	<Point X="463" Y="202" T="undefined" />
	<Point X="463" Y="201" T="undefined" />
	<Point X="462" Y="201" T="undefined" />
	<Point X="462" Y="200" T="undefined" />
	<Point X="462" Y="199" T="undefined" />
	<Point X="461" Y="199" T="undefined" />
	<Point X="461" Y="198" T="undefined" />
	<Point X="460" Y="198" T="undefined" />
	<Point X="459" Y="197" T="undefined" />
	<Point X="458" Y="197" T="undefined" />
	<Point X="457" Y="197" T="undefined" />
	<Point X="456" Y="196" T="undefined" />
	<Point X="455" Y="196" T="undefined" />
	<Point X="454" Y="196" T="undefined" />
	<Point X="453" Y="196" T="undefined" />
	<Point X="452" Y="196" T="undefined" />
	<Point X="451" Y="196" T="undefined" />
	<Point X="450" Y="196" T="undefined" />
	<Point X="448" Y="196" T="undefined" />
	<Point X="446" Y="196" T="undefined" />
	<Point X="443" Y="196" T="undefined" />
	<Point X="439" Y="196" T="undefined" />
	<Point X="436" Y="196" T="undefined" />
	<Point X="432" Y="196" T="undefined" />
	<Point X="427" Y="197" T="undefined" />
	<Point X="421" Y="198" T="undefined" />
	<Point X="414" Y="199" T="undefined" />
	<Point X="406" Y="200" T="undefined" />
	<Point X="399" Y="201" T="undefined" />
	<Point X="389" Y="202" T="undefined" />
	<Point X="378" Y="203" T="undefined" />
	<Point X="369" Y="205" T="undefined" />
	<Point X="358" Y="206" T="undefined" />
	<Point X="344" Y="208" T="undefined" />
	<Point X="332" Y="210" T="undefined" />
	<Point X="324" Y="210" T="undefined" />
	<Point X="309" Y="213" T="undefined" />
	<Point X="299" Y="215" T="undefined" />
	<Point X="287" Y="216" T="undefined" />
	<Point X="280" Y="217" T="undefined" />
	<Point X="271" Y="217" T="undefined" />
	<Point X="264" Y="217" T="undefined" />
	<Point X="259" Y="217" T="undefined" />
	<Point X="254" Y="217" T="undefined" />
	<Point X="250" Y="217" T="undefined" />
	<Point X="245" Y="217" T="undefined" />
	<Point X="240" Y="216" T="undefined" />
	<Point X="236" Y="216" T="undefined" />
	<Point X="232" Y="215" T="undefined" />
	<Point X="228" Y="215" T="undefined" />
	<Point X="225" Y="215" T="undefined" />
	<Point X="221" Y="215" T="undefined" />
	<Point X="218" Y="215" T="undefined" />
	<Point X="214" Y="214" T="undefined" />
	<Point X="211" Y="214" T="undefined" />
	<Point X="209" Y="214" T="undefined" />
	<Point X="207" Y="214" T="undefined" />
	<Point X="205" Y="214" T="undefined" />
</Gesture>