<?xml version="1.0" encoding="utf-8" standalone="yes"?>
<Gesture Name="Rectangle7" NumPts="201">
	<Point X="96" Y="146" T="undefined" />
	<Point X="96" Y="146" T="undefined" />
	<Point X="96" Y="146" T="undefined" />
	<Point X="96" Y="147" T="undefined" />
	<Point X="97" Y="148" T="undefined" />
	<Point X="98" Y="150" T="undefined" />
	<Point X="98" Y="152" T="undefined" />
	<Point X="99" Y="155" T="undefined" />
	<Point X="100" Y="158" T="undefined" />
	<Point X="100" Y="163" T="undefined" />
	<Point X="101" Y="169" T="undefined" />
	<Point X="101" Y="176" T="undefined" />
	<Point X="101" Y="187" T="undefined" />
	<Point X="100" Y="196" T="undefined" />
	<Point X="98" Y="208" T="undefined" />
	<Point X="96" Y="224" T="undefined" />
	<Point X="94" Y="235" T="undefined" />
	<Point X="92" Y="247" T="undefined" />
	<Point X="89" Y="265" T="undefined" />
	<Point X="88" Y="277" T="undefined" />
	<Point X="86" Y="293" T="undefined" />
	<Point X="85" Y="308" T="undefined" />
	<Point X="84" Y="315" T="undefined" />
	<Point X="83" Y="325" T="undefined" />
	<Point X="83" Y="336" T="undefined" />
	<Point X="83" Y="340" T="undefined" />
	<Point X="83" Y="347" T="undefined" />
	<Point X="82" Y="353" T="undefined" />
	<Point X="82" Y="357" T="undefined" />
	<Point X="82" Y="361" T="undefined" />
	<Point X="82" Y="364" T="undefined" />
	<Point X="82" Y="366" T="undefined" />
	<Point X="82" Y="368" T="undefined" />
	<Point X="82" Y="370" T="undefined" />
	<Point X="82" Y="371" T="undefined" />
	<Point X="82" Y="372" T="undefined" />
	<Point X="82" Y="373" T="undefined" />
	<Point X="82" Y="373" T="undefined" />
	<Point X="82" Y="374" T="undefined" />
	<Point X="83" Y="374" T="undefined" />
	<Point X="83" Y="375" T="undefined" />
	<Point X="85" Y="375" T="undefined" />
	<Point X="88" Y="375" T="undefined" />
	<Point X="91" Y="375" T="undefined" />
	<Point X="97" Y="375" T="undefined" />
	<Point X="104" Y="375" T="undefined" />
	<Point X="112" Y="374" T="undefined" />
	<Point X="121" Y="373" T="undefined" />
	<Point X="133" Y="373" T="undefined" />
	<Point X="144" Y="373" T="undefined" />
	<Point X="160" Y="372" T="undefined" />
	<Point X="172" Y="372" T="undefined" />
	<Point X="188" Y="372" T="undefined" />
	<Point X="204" Y="372" T="undefined" />
	<Point X="219" Y="372" T="undefined" />
	<Point X="234" Y="372" T="undefined" />
	<Point X="252" Y="372" T="undefined" />
	<Point X="266" Y="372" T="undefined" />
	<Point X="281" Y="372" T="undefined" />
	<Point X="297" Y="372" T="undefined" />
	<Point X="312" Y="372" T="undefined" />
	<Point X="323" Y="372" T="undefined" />
	<Point X="335" Y="372" T="undefined" />
	<Point X="347" Y="373" T="undefined" />
	<Point X="359" Y="373" T="undefined" />
	<Point X="369" Y="373" T="undefined" />
	<Point X="376" Y="373" T="undefined" />
	<Point X="383" Y="373" T="undefined" />
	<Point X="390" Y="374" T="undefined" />
	<Point X="396" Y="374" T="undefined" />
	<Point X="401" Y="374" T="undefined" />
	<Point X="405" Y="374" T="undefined" />
	<Point X="410" Y="374" T="undefined" />
	<Point X="414" Y="374" T="undefined" />
	<Point X="417" Y="374" T="undefined" />
	<Point X="420" Y="374" T="undefined" />
	<Point X="422" Y="374" T="undefined" />
	<Point X="424" Y="374" T="undefined" />
	<Point X="427" Y="374" T="undefined" />
	<Point X="428" Y="374" T="undefined" />
	<Point X="430" Y="374" T="undefined" />
	<Point X="431" Y="374" T="undefined" />
	<Point X="431" Y="373" T="undefined" />
	<Point X="432" Y="373" T="undefined" />
	<Point X="432" Y="372" T="undefined" />
	<Point X="434" Y="370" T="undefined" />
	<Point X="434" Y="368" T="undefined" />
	<Point X="435" Y="365" T="undefined" />
	<Point X="436" Y="363" T="undefined" />
	<Point X="438" Y="359" T="undefined" />
	<Point X="438" Y="354" T="undefined" />
	<Point X="439" Y="349" T="undefined" />
	<Point X="439" Y="344" T="undefined" />
	<Point X="440" Y="339" T="undefined" />
	<Point X="441" Y="331" T="undefined" />
	<Point X="441" Y="323" T="undefined" />
	<Point X="442" Y="317" T="undefined" />
	<Point X="442" Y="305" T="undefined" />
	<Point X="443" Y="295" T="undefined" />
	<Point X="443" Y="283" T="undefined" />
	<Point X="444" Y="274" T="undefined" />
	<Point X="444" Y="260" T="undefined" />
	<Point X="444" Y="252" T="undefined" />
	<Point X="444" Y="242" T="undefined" />
	<Point X="444" Y="235" T="undefined" />
	<Point X="444" Y="229" T="undefined" />
	<Point X="444" Y="224" T="undefined" />
	<Point X="444" Y="218" T="undefined" />
	<Point X="444" Y="212" T="undefined" />
	<Point X="445" Y="208" T="undefined" />
	<Point X="445" Y="204" T="undefined" />
	<Point X="446" Y="199" T="undefined" />
	<Point X="446" Y="195" T="undefined" />
	<Point X="446" Y="191" T="undefined" />
	<Point X="446" Y="187" T="undefined" />
	<Point X="446" Y="184" T="undefined" />
	<Point X="446" Y="181" T="undefined" />
	<Point X="446" Y="178" T="undefined" />
	<Point X="446" Y="176" T="undefined" />
	<Point X="447" Y="173" T="undefined" />
	<Point X="447" Y="170" T="undefined" />
	<Point X="447" Y="168" T="undefined" />
	<Point X="447" Y="167" T="undefined" />
	<Point X="447" Y="164" T="undefined" />
	<Point X="447" Y="163" T="undefined" />
	<Point X="447" Y="161" T="undefined" />
	<Point X="447" Y="160" T="undefined" />
	<Point X="447" Y="158" T="undefined" />
	<Point X="447" Y="157" T="undefined" />
	<Point X="447" Y="156" T="undefined" />
	<Point X="447" Y="155" T="undefined" />
	<Point X="447" Y="154" T="undefined" />
	<Point X="447" Y="153" T="undefined" />
	<Point X="447" Y="152" T="undefined" />
	<Point X="446" Y="152" T="undefined" />
	<Point X="445" Y="152" T="undefined" />
	<Point X="443" Y="152" T="undefined" />
	<Point X="440" Y="151" T="undefined" />
	<Point X="437" Y="151" T="undefined" />
	<Point X="432" Y="151" T="undefined" />
	<Point X="427" Y="150" T="undefined" />
	<Point X="421" Y="150" T="undefined" />
	<Point X="414" Y="149" T="undefined" />
	<Point X="405" Y="149" T="undefined" />
	<Point X="398" Y="149" T="undefined" />
	<Point X="388" Y="148" T="undefined" />
	<Point X="381" Y="148" T="undefined" />
	<Point X="370" Y="148" T="undefined" />
	<Point X="359" Y="148" T="undefined" />
	<Point X="348" Y="148" T="undefined" />
	<Point X="339" Y="148" T="undefined" />
	<Point X="329" Y="148" T="undefined" />
	<Point X="322" Y="148" T="undefined" />
	<Point X="312" Y="148" T="undefined" />
	<Point X="304" Y="148" T="undefined" />
	<Point X="298" Y="148" T="undefined" />
	<Point X="291" Y="147" T="undefined" />
	<Point X="283" Y="147" T="undefined" />
	<Point X="276" Y="147" T="undefined" />
	<Point X="269" Y="146" T="undefined" />
	<Point X="263" Y="146" T="undefined" />
	<Point X="256" Y="145" T="undefined" />
	<Point X="250" Y="145" T="undefined" />
	<Point X="244" Y="145" T="undefined" />
	<Point X="236" Y="145" T="undefined" />
	<Point X="232" Y="145" T="undefined" />
	<Point X="226" Y="145" T="undefined" />
	<Point X="219" Y="145" T="undefined" />
	<Point X="214" Y="145" T="undefined" />
	<Point X="209" Y="145" T="undefined" />
	<Point X="204" Y="145" T="undefined" />
	<Point X="201" Y="145" T="undefined" />
	<Point X="195" Y="145" T="undefined" />
	<Point X="191" Y="145" T="undefined" />
	<Point X="185" Y="145" T="undefined" />
	<Point X="181" Y="145" T="undefined" />
	<Point X="177" Y="145" T="undefined" />
	<Point X="172" Y="145" T="undefined" />
	<Point X="168" Y="145" T="undefined" />
	<Point X="165" Y="145" T="undefined" />
	<Point X="161" Y="145" T="undefined" />
	<Point X="158" Y="145" T="undefined" />
	<Point X="155" Y="145" T="undefined" />
	<Point X="152" Y="145" T="undefined" />
	<Point X="150" Y="145" T="undefined" />
	<Point X="148" Y="145" T="undefined" />
	<Point X="146" Y="145" T="undefined" />
	<Point X="144" Y="145" T="undefined" />
	<Point X="142" Y="145" T="undefined" />
	<Point X="140" Y="145" T="undefined" />
	<Point X="139" Y="145" T="undefined" />
	<Point X="137" Y="145" T="undefined" />
	<Point X="135" Y="145" T="undefined" />
	<Point X="133" Y="145" T="undefined" />
	<Point X="132" Y="145" T="undefined" />
	<Point X="131" Y="145" T="undefined" />
	<Point X="129" Y="145" T="undefined" />
	<Point X="128" Y="145" T="undefined" />
	<Point X="127" Y="145" T="undefined" />
	<Point X="126" Y="145" T="undefined" />
	<Point X="125" Y="145" T="undefined" />
</Gesture>