<?xml version="1.0" encoding="utf-8" standalone="yes"?>
<Gesture Name="Rectangle1" NumPts="324">
	<Point X="105" Y="145" T="undefined" />
	<Point X="105" Y="146" T="undefined" />
	<Point X="105" Y="147" T="undefined" />
	<Point X="105" Y="149" T="undefined" />
	<Point X="105" Y="150" T="undefined" />
	<Point X="106" Y="153" T="undefined" />
	<Point X="106" Y="157" T="undefined" />
	<Point X="107" Y="161" T="undefined" />
	<Point X="108" Y="166" T="undefined" />
	<Point X="109" Y="172" T="undefined" />
	<Point X="111" Y="179" T="undefined" />
	<Point X="112" Y="187" T="undefined" />
	<Point X="113" Y="195" T="undefined" />
	<Point X="115" Y="203" T="undefined" />
	<Point X="115" Y="210" T="undefined" />
	<Point X="117" Y="218" T="undefined" />
	<Point X="117" Y="225" T="undefined" />
	<Point X="118" Y="230" T="undefined" />
	<Point X="118" Y="236" T="undefined" />
	<Point X="119" Y="243" T="undefined" />
	<Point X="120" Y="247" T="undefined" />
	<Point X="120" Y="252" T="undefined" />
	<Point X="120" Y="259" T="undefined" />
	<Point X="121" Y="264" T="undefined" />
	<Point X="121" Y="269" T="undefined" />
	<Point X="121" Y="275" T="undefined" />
	<Point X="121" Y="280" T="undefined" />
	<Point X="121" Y="284" T="undefined" />
	<Point X="121" Y="288" T="undefined" />
	<Point X="121" Y="293" T="undefined" />
	<Point X="121" Y="297" T="undefined" />
	<Point X="121" Y="300" T="undefined" />
	<Point X="121" Y="303" T="undefined" />
	<Point X="121" Y="307" T="undefined" />
	<Point X="121" Y="310" T="undefined" />
	<Point X="121" Y="313" T="undefined" />
	<Point X="121" Y="316" T="undefined" />
	<Point X="121" Y="318" T="undefined" />
	<Point X="121" Y="321" T="undefined" />
	<Point X="121" Y="324" T="undefined" />
	<Point X="121" Y="326" T="undefined" />
	<Point X="121" Y="329" T="undefined" />
	<Point X="121" Y="331" T="undefined" />
	<Point X="121" Y="333" T="undefined" />
	<Point X="121" Y="336" T="undefined" />
	<Point X="121" Y="338" T="undefined" />
	<Point X="121" Y="340" T="undefined" />
	<Point X="121" Y="341" T="undefined" />
	<Point X="121" Y="343" T="undefined" />
	<Point X="122" Y="344" T="undefined" />
	<Point X="122" Y="345" T="undefined" />
	<Point X="122" Y="347" T="undefined" />
	<Point X="122" Y="348" T="undefined" />
	<Point X="122" Y="349" T="undefined" />
	<Point X="122" Y="350" T="undefined" />
	<Point X="122" Y="351" T="undefined" />
	<Point X="122" Y="352" T="undefined" />
	<Point X="122" Y="353" T="undefined" />
	<Point X="123" Y="353" T="undefined" />
	<Point X="123" Y="355" T="undefined" />
	<Point X="123" Y="356" T="undefined" />
	<Point X="123" Y="357" T="undefined" />
	<Point X="123" Y="358" T="undefined" />
	<Point X="124" Y="358" T="undefined" />
	<Point X="124" Y="359" T="undefined" />
	<Point X="124" Y="360" T="undefined" />
	<Point X="125" Y="360" T="undefined" />
	<Point X="126" Y="360" T="undefined" />
	<Point X="128" Y="360" T="undefined" />
	<Point X="129" Y="360" T="undefined" />
	<Point X="132" Y="360" T="undefined" />
	<Point X="135" Y="360" T="undefined" />
	<Point X="138" Y="360" T="undefined" />
	<Point X="141" Y="360" T="undefined" />
	<Point X="146" Y="360" T="undefined" />
	<Point X="150" Y="360" T="undefined" />
	<Point X="153" Y="360" T="undefined" />
	<Point X="158" Y="360" T="undefined" />
	<Point X="163" Y="360" T="undefined" />
	<Point X="168" Y="360" T="undefined" />
	<Point X="172" Y="360" T="undefined" />
	<Point X="178" Y="360" T="undefined" />
	<Point X="182" Y="360" T="undefined" />
	<Point X="188" Y="360" T="undefined" />
	<Point X="194" Y="360" T="undefined" />
	<Point X="199" Y="360" T="undefined" />
	<Point X="204" Y="360" T="undefined" />
	<Point X="209" Y="360" T="undefined" />
	<Point X="215" Y="360" T="undefined" />
	<Point X="220" Y="360" T="undefined" />
	<Point X="225" Y="360" T="undefined" />
	<Point X="230" Y="360" T="undefined" />
	<Point X="234" Y="360" T="undefined" />
	<Point X="238" Y="360" T="undefined" />
	<Point X="242" Y="360" T="undefined" />
	<Point X="246" Y="360" T="undefined" />
	<Point X="250" Y="360" T="undefined" />
	<Point X="254" Y="360" T="undefined" />
	<Point X="257" Y="360" T="undefined" />
	<Point X="261" Y="360" T="undefined" />
	<Point X="264" Y="360" T="undefined" />
	<Point X="268" Y="360" T="undefined" />
	<Point X="272" Y="360" T="undefined" />
	<Point X="277" Y="360" T="undefined" />
	<Point X="279" Y="359" T="undefined" />
	<Point X="283" Y="359" T="undefined" />
	<Point X="287" Y="359" T="undefined" />
	<Point X="291" Y="358" T="undefined" />
	<Point X="294" Y="358" T="undefined" />
	<Point X="298" Y="358" T="undefined" />
	<Point X="301" Y="358" T="undefined" />
	<Point X="304" Y="358" T="undefined" />
	<Point X="307" Y="358" T="undefined" />
	<Point X="311" Y="358" T="undefined" />
	<Point X="315" Y="358" T="undefined" />
	<Point X="318" Y="358" T="undefined" />
	<Point X="322" Y="358" T="undefined" />
	<Point X="325" Y="358" T="undefined" />
	<Point X="329" Y="358" T="undefined" />
	<Point X="333" Y="358" T="undefined" />
	<Point X="336" Y="358" T="undefined" />
	<Point X="340" Y="358" T="undefined" />
	<Point X="343" Y="358" T="undefined" />
	<Point X="346" Y="358" T="undefined" />
	<Point X="349" Y="358" T="undefined" />
	<Point X="352" Y="358" T="undefined" />
	<Point X="355" Y="358" T="undefined" />
	<Point X="358" Y="358" T="undefined" />
	<Point X="360" Y="358" T="undefined" />
	<Point X="363" Y="358" T="undefined" />
	<Point X="365" Y="358" T="undefined" />
	<Point X="368" Y="358" T="undefined" />
	<Point X="370" Y="358" T="undefined" />
	<Point X="372" Y="358" T="undefined" />
	<Point X="374" Y="358" T="undefined" />
	<Point X="376" Y="358" T="undefined" />
	<Point X="377" Y="358" T="undefined" />
	<Point X="378" Y="358" T="undefined" />
	<Point X="379" Y="358" T="undefined" />
	<Point X="380" Y="358" T="undefined" />
	<Point X="382" Y="358" T="undefined" />
	<Point X="383" Y="358" T="undefined" />
	<Point X="384" Y="358" T="undefined" />
	<Point X="385" Y="358" T="undefined" />
	<Point X="386" Y="358" T="undefined" />
	<Point X="387" Y="358" T="undefined" />
	<Point X="387" Y="357" T="undefined" />
	<Point X="388" Y="357" T="undefined" />
	<Point X="389" Y="357" T="undefined" />
	<Point X="390" Y="357" T="undefined" />
	<Point X="391" Y="357" T="undefined" />
	<Point X="391" Y="356" T="undefined" />
	<Point X="392" Y="356" T="undefined" />
	<Point X="392" Y="355" T="undefined" />
	<Point X="392" Y="354" T="undefined" />
	<Point X="393" Y="353" T="undefined" />
	<Point X="393" Y="352" T="undefined" />
	<Point X="393" Y="350" T="undefined" />
	<Point X="393" Y="349" T="undefined" />
	<Point X="394" Y="346" T="undefined" />
	<Point X="395" Y="344" T="undefined" />
	<Point X="395" Y="340" T="undefined" />
	<Point X="396" Y="337" T="undefined" />
	<Point X="396" Y="332" T="undefined" />
	<Point X="396" Y="329" T="undefined" />
	<Point X="397" Y="324" T="undefined" />
	<Point X="397" Y="319" T="undefined" />
	<Point X="398" Y="316" T="undefined" />
	<Point X="398" Y="311" T="undefined" />
	<Point X="398" Y="307" T="undefined" />
	<Point X="398" Y="302" T="undefined" />
	<Point X="398" Y="298" T="undefined" />
	<Point X="398" Y="292" T="undefined" />
	<Point X="398" Y="287" T="undefined" />
	<Point X="398" Y="282" T="undefined" />
	<Point X="398" Y="277" T="undefined" />
	<Point X="398" Y="271" T="undefined" />
	<Point X="398" Y="265" T="undefined" />
	<Point X="398" Y="259" T="undefined" />
	<Point X="398" Y="254" T="undefined" />
	<Point X="397" Y="248" T="undefined" />
	<Point X="397" Y="243" T="undefined" />
	<Point X="397" Y="239" T="undefined" />
	<Point X="397" Y="235" T="undefined" />
	<Point X="396" Y="230" T="undefined" />
	<Point X="396" Y="227" T="undefined" />
	<Point X="395" Y="222" T="undefined" />
	<Point X="395" Y="217" T="undefined" />
	<Point X="395" Y="214" T="undefined" />
	<Point X="395" Y="209" T="undefined" />
	<Point X="394" Y="205" T="undefined" />
	<Point X="394" Y="201" T="undefined" />
	<Point X="394" Y="197" T="undefined" />
	<Point X="394" Y="193" T="undefined" />
	<Point X="394" Y="190" T="undefined" />
	<Point X="393" Y="187" T="undefined" />
	<Point X="393" Y="184" T="undefined" />
	<Point X="393" Y="181" T="undefined" />
	<Point X="393" Y="179" T="undefined" />
	<Point X="393" Y="176" T="undefined" />
	<Point X="393" Y="174" T="undefined" />
	<Point X="392" Y="172" T="undefined" />
	<Point X="392" Y="169" T="undefined" />
	<Point X="392" Y="166" T="undefined" />
	<Point X="392" Y="164" T="undefined" />
	<Point X="392" Y="163" T="undefined" />
	<Point X="392" Y="161" T="undefined" />
	<Point X="392" Y="160" T="undefined" />
	<Point X="392" Y="158" T="undefined" />
	<Point X="392" Y="157" T="undefined" />
	<Point X="392" Y="156" T="undefined" />
	<Point X="391" Y="156" T="undefined" />
	<Point X="391" Y="155" T="undefined" />
	<Point X="391" Y="154" T="undefined" />
	<Point X="391" Y="153" T="undefined" />
	<Point X="390" Y="153" T="undefined" />
	<Point X="390" Y="152" T="undefined" />
	<Point X="390" Y="151" T="undefined" />
	<Point X="390" Y="150" T="undefined" />
	<Point X="390" Y="149" T="undefined" />
	<Point X="390" Y="148" T="undefined" />
	<Point X="389" Y="147" T="undefined" />
	<Point X="389" Y="146" T="undefined" />
	<Point X="388" Y="146" T="undefined" />
	<Point X="387" Y="146" T="undefined" />
	<Point X="386" Y="146" T="undefined" />
	<Point X="384" Y="146" T="undefined" />
	<Point X="382" Y="146" T="undefined" />
	<Point X="380" Y="146" T="undefined" />
	<Point X="377" Y="146" T="undefined" />
	<Point X="374" Y="147" T="undefined" />
	<Point X="371" Y="147" T="undefined" />
	<Point X="368" Y="147" T="undefined" />
	<Point X="364" Y="148" T="undefined" />
	<Point X="361" Y="149" T="undefined" />
	<Point X="358" Y="149" T="undefined" />
	<Point X="355" Y="149" T="undefined" />
	<Point X="351" Y="150" T="undefined" />
	<Point X="348" Y="150" T="undefined" />
	<Point X="345" Y="150" T="undefined" />
	<Point X="342" Y="150" T="undefined" />
	<Point X="339" Y="151" T="undefined" />
	<Point X="336" Y="151" T="undefined" />
	<Point X="333" Y="151" T="undefined" />
	<Point X="330" Y="151" T="undefined" />
	<Point X="327" Y="151" T="undefined" />
	<Point X="324" Y="152" T="undefined" />
	<Point X="320" Y="152" T="undefined" />
	<Point X="317" Y="152" T="undefined" />
	<Point X="314" Y="152" T="undefined" />
	<Point X="311" Y="152" T="undefined" />
	<Point X="307" Y="152" T="undefined" />
	<Point X="303" Y="152" T="undefined" />
	<Point X="299" Y="152" T="undefined" />
	<Point X="296" Y="152" T="undefined" />
	<Point X="292" Y="152" T="undefined" />
	<Point X="289" Y="152" T="undefined" />
	<Point X="285" Y="152" T="undefined" />
	<Point X="282" Y="152" T="undefined" />
	<Point X="278" Y="152" T="undefined" />
	<Point X="275" Y="152" T="undefined" />
	<Point X="272" Y="152" T="undefined" />
	<Point X="267" Y="152" T="undefined" />
	<Point X="264" Y="152" T="undefined" />
	<Point X="261" Y="151" T="undefined" />
	<Point X="257" Y="151" T="undefined" />
	<Point X="254" Y="151" T="undefined" />
	<Point X="251" Y="151" T="undefined" />
	<Point X="247" Y="151" T="undefined" />
	<Point X="243" Y="150" T="undefined" />
	<Point X="241" Y="150" T="undefined" />
	<Point X="237" Y="150" T="undefined" />
	<Point X="234" Y="150" T="undefined" />
	<Point X="231" Y="150" T="undefined" />
	<Point X="227" Y="150" T="undefined" />
	<Point X="224" Y="150" T="undefined" />
	<Point X="221" Y="150" T="undefined" />
	<Point X="218" Y="150" T="undefined" />
	<Point X="214" Y="150" T="undefined" />
	<Point X="211" Y="150" T="undefined" />
	<Point X="208" Y="150" T="undefined" />
	<Point X="204" Y="150" T="undefined" />
	<Point X="201" Y="150" T="undefined" />
	<Point X="198" Y="150" T="undefined" />
	<Point X="194" Y="150" T="undefined" />
	<Point X="192" Y="150" T="undefined" />
	<Point X="189" Y="150" T="undefined" />
	<Point X="186" Y="150" T="undefined" />
	<Point X="183" Y="150" T="undefined" />
	<Point X="180" Y="150" T="undefined" />
	<Point X="178" Y="150" T="undefined" />
	<Point X="175" Y="150" T="undefined" />
	<Point X="172" Y="150" T="undefined" />
	<Point X="169" Y="150" T="undefined" />
	<Point X="167" Y="150" T="undefined" />
	<Point X="165" Y="150" T="undefined" />
	<Point X="162" Y="150" T="undefined" />
	<Point X="160" Y="150" T="undefined" />
	<Point X="157" Y="150" T="undefined" />
	<Point X="155" Y="150" T="undefined" />
	<Point X="152" Y="150" T="undefined" />
	<Point X="150" Y="150" T="undefined" />
	<Point X="148" Y="150" T="undefined" />
	<Point X="144" Y="150" T="undefined" />
	<Point X="141" Y="150" T="undefined" />
	<Point X="139" Y="150" T="undefined" />
	<Point X="135" Y="150" T="undefined" />
	<Point X="132" Y="150" T="undefined" />
	<Point X="129" Y="150" T="undefined" />
	<Point X="126" Y="150" T="undefined" />
	<Point X="124" Y="150" T="undefined" />
	<Point X="121" Y="150" T="undefined" />
	<Point X="119" Y="150" T="undefined" />
	<Point X="116" Y="150" T="undefined" />
	<Point X="114" Y="150" T="undefined" />
	<Point X="111" Y="150" T="undefined" />
	<Point X="109" Y="150" T="undefined" />
	<Point X="106" Y="150" T="undefined" />
	<Point X="104" Y="150" T="undefined" />
	<Point X="102" Y="150" T="undefined" />
	<Point X="100" Y="150" T="undefined" />
	<Point X="99" Y="150" T="undefined" />
	<Point X="97" Y="150" T="undefined" />
	<Point X="96" Y="150" T="undefined" />
</Gesture>