<?xml version="1.0" encoding="utf-8" standalone="yes"?>
<Gesture Name="Rectangle9" NumPts="218">
	<Point X="111" Y="140" T="undefined" />
	<Point X="112" Y="140" T="undefined" />
	<Point X="112" Y="141" T="undefined" />
	<Point X="112" Y="143" T="undefined" />
	<Point X="113" Y="146" T="undefined" />
	<Point X="114" Y="149" T="undefined" />
	<Point X="114" Y="154" T="undefined" />
	<Point X="115" Y="162" T="undefined" />
	<Point X="115" Y="169" T="undefined" />
	<Point X="116" Y="178" T="undefined" />
	<Point X="117" Y="190" T="undefined" />
	<Point X="117" Y="201" T="undefined" />
	<Point X="118" Y="213" T="undefined" />
	<Point X="119" Y="224" T="undefined" />
	<Point X="120" Y="240" T="undefined" />
	<Point X="122" Y="256" T="undefined" />
	<Point X="124" Y="272" T="undefined" />
	<Point X="127" Y="289" T="undefined" />
	<Point X="129" Y="301" T="undefined" />
	<Point X="131" Y="317" T="undefined" />
	<Point X="133" Y="329" T="undefined" />
	<Point X="137" Y="345" T="undefined" />
	<Point X="140" Y="357" T="undefined" />
	<Point X="142" Y="368" T="undefined" />
	<Point X="145" Y="377" T="undefined" />
	<Point X="148" Y="385" T="undefined" />
	<Point X="150" Y="392" T="undefined" />
	<Point X="153" Y="399" T="undefined" />
	<Point X="156" Y="404" T="undefined" />
	<Point X="159" Y="408" T="undefined" />
	<Point X="162" Y="412" T="undefined" />
	<Point X="164" Y="415" T="undefined" />
	<Point X="168" Y="418" T="undefined" />
	<Point X="171" Y="420" T="undefined" />
	<Point X="175" Y="422" T="undefined" />
	<Point X="179" Y="424" T="undefined" />
	<Point X="186" Y="425" T="undefined" />
	<Point X="192" Y="426" T="undefined" />
	<Point X="202" Y="426" T="undefined" />
	<Point X="213" Y="426" T="undefined" />
	<Point X="226" Y="426" T="undefined" />
	<Point X="238" Y="426" T="undefined" />
	<Point X="253" Y="426" T="undefined" />
	<Point X="271" Y="426" T="undefined" />
	<Point X="284" Y="426" T="undefined" />
	<Point X="299" Y="425" T="undefined" />
	<Point X="317" Y="424" T="undefined" />
	<Point X="335" Y="421" T="undefined" />
	<Point X="350" Y="418" T="undefined" />
	<Point X="369" Y="415" T="undefined" />
	<Point X="381" Y="412" T="undefined" />
	<Point X="398" Y="408" T="undefined" />
	<Point X="413" Y="405" T="undefined" />
	<Point X="427" Y="402" T="undefined" />
	<Point X="444" Y="398" T="undefined" />
	<Point X="455" Y="396" T="undefined" />
	<Point X="467" Y="394" T="undefined" />
	<Point X="478" Y="392" T="undefined" />
	<Point X="487" Y="390" T="undefined" />
	<Point X="495" Y="389" T="undefined" />
	<Point X="498" Y="319" T="undefined" />
	<Point X="497" Y="315" T="undefined" />
	<Point X="495" Y="311" T="undefined" />
	<Point X="494" Y="308" T="undefined" />
	<Point X="493" Y="306" T="undefined" />
	<Point X="493" Y="304" T="undefined" />
	<Point X="492" Y="302" T="undefined" />
	<Point X="491" Y="301" T="undefined" />
	<Point X="490" Y="299" T="undefined" />
	<Point X="490" Y="298" T="undefined" />
	<Point X="489" Y="298" T="undefined" />
	<Point X="489" Y="297" T="undefined" />
	<Point X="489" Y="296" T="undefined" />
	<Point X="489" Y="295" T="undefined" />
	<Point X="489" Y="294" T="undefined" />
	<Point X="489" Y="293" T="undefined" />
	<Point X="489" Y="291" T="undefined" />
	<Point X="489" Y="289" T="undefined" />
	<Point X="489" Y="286" T="undefined" />
	<Point X="489" Y="283" T="undefined" />
	<Point X="489" Y="280" T="undefined" />
	<Point X="490" Y="276" T="undefined" />
	<Point X="491" Y="273" T="undefined" />
	<Point X="491" Y="269" T="undefined" />
	<Point X="492" Y="264" T="undefined" />
	<Point X="492" Y="260" T="undefined" />
	<Point X="492" Y="255" T="undefined" />
	<Point X="493" Y="249" T="undefined" />
	<Point X="493" Y="244" T="undefined" />
	<Point X="493" Y="238" T="undefined" />
	<Point X="493" Y="232" T="undefined" />
	<Point X="493" Y="228" T="undefined" />
	<Point X="493" Y="222" T="undefined" />
	<Point X="493" Y="216" T="undefined" />
	<Point X="493" Y="212" T="undefined" />
	<Point X="493" Y="208" T="undefined" />
	<Point X="493" Y="205" T="undefined" />
	<Point X="493" Y="202" T="undefined" />
	<Point X="493" Y="199" T="undefined" />
	<Point X="493" Y="196" T="undefined" />
	<Point X="493" Y="194" T="undefined" />
	<Point X="493" Y="191" T="undefined" />
	<Point X="493" Y="189" T="undefined" />
	<Point X="493" Y="187" T="undefined" />
	<Point X="493" Y="185" T="undefined" />
	<Point X="493" Y="183" T="undefined" />
	<Point X="493" Y="182" T="undefined" />
	<Point X="492" Y="180" T="undefined" />
	<Point X="492" Y="179" T="undefined" />
	<Point X="492" Y="177" T="undefined" />
	<Point X="492" Y="176" T="undefined" />
	<Point X="492" Y="175" T="undefined" />
	<Point X="492" Y="174" T="undefined" />
	<Point X="491" Y="174" T="undefined" />
	<Point X="491" Y="173" T="undefined" />
	<Point X="491" Y="172" T="undefined" />
	<Point X="491" Y="171" T="undefined" />
	<Point X="491" Y="170" T="undefined" />
	<Point X="491" Y="168" T="undefined" />
	<Point X="491" Y="167" T="undefined" />
	<Point X="490" Y="166" T="undefined" />
	<Point X="490" Y="164" T="undefined" />
	<Point X="490" Y="163" T="undefined" />
	<Point X="489" Y="163" T="undefined" />
	<Point X="489" Y="162" T="undefined" />
	<Point X="489" Y="161" T="undefined" />
	<Point X="489" Y="160" T="undefined" />
	<Point X="489" Y="159" T="undefined" />
	<Point X="488" Y="157" T="undefined" />
	<Point X="488" Y="155" T="undefined" />
	<Point X="488" Y="153" T="undefined" />
	<Point X="488" Y="150" T="undefined" />
	<Point X="487" Y="149" T="undefined" />
	<Point X="487" Y="147" T="undefined" />
	<Point X="487" Y="146" T="undefined" />
	<Point X="486" Y="145" T="undefined" />
	<Point X="486" Y="144" T="undefined" />
	<Point X="486" Y="143" T="undefined" />
	<Point X="485" Y="143" T="undefined" />
	<Point X="485" Y="142" T="undefined" />
	<Point X="484" Y="141" T="undefined" />
	<Point X="483" Y="141" T="undefined" />
	<Point X="483" Y="140" T="undefined" />
	<Point X="483" Y="139" T="undefined" />
	<Point X="482" Y="139" T="undefined" />
	<Point X="481" Y="139" T="undefined" />
	<Point X="480" Y="139" T="undefined" />
	<Point X="479" Y="138" T="undefined" />
	<Point X="477" Y="138" T="undefined" />
	<Point X="476" Y="137" T="undefined" />
	<Point X="473" Y="137" T="undefined" />
	<Point X="471" Y="136" T="undefined" />
	<Point X="468" Y="135" T="undefined" />
	<Point X="463" Y="135" T="undefined" />
	<Point X="458" Y="134" T="undefined" />
	<Point X="452" Y="134" T="undefined" />
	<Point X="446" Y="133" T="undefined" />
	<Point X="439" Y="133" T="undefined" />
	<Point X="430" Y="132" T="undefined" />
	<Point X="420" Y="132" T="undefined" />
	<Point X="409" Y="132" T="undefined" />
	<Point X="393" Y="132" T="undefined" />
	<Point X="383" Y="132" T="undefined" />
	<Point X="370" Y="132" T="undefined" />
	<Point X="353" Y="133" T="undefined" />
	<Point X="337" Y="134" T="undefined" />
	<Point X="323" Y="134" T="undefined" />
	<Point X="307" Y="137" T="undefined" />
	<Point X="295" Y="138" T="undefined" />
	<Point X="278" Y="139" T="undefined" />
	<Point X="266" Y="141" T="undefined" />
	<Point X="256" Y="141" T="undefined" />
	<Point X="246" Y="142" T="undefined" />
	<Point X="238" Y="143" T="undefined" />
	<Point X="230" Y="143" T="undefined" />
	<Point X="222" Y="143" T="undefined" />
	<Point X="213" Y="144" T="undefined" />
	<Point X="209" Y="145" T="undefined" />
	<Point X="202" Y="145" T="undefined" />
	<Point X="197" Y="146" T="undefined" />
	<Point X="192" Y="146" T="undefined" />
	<Point X="188" Y="146" T="undefined" />
	<Point X="183" Y="146" T="undefined" />
	<Point X="180" Y="146" T="undefined" />
	<Point X="177" Y="146" T="undefined" />
	<Point X="174" Y="146" T="undefined" />
	<Point X="171" Y="146" T="undefined" />
	<Point X="169" Y="146" T="undefined" />
	<Point X="165" Y="146" T="undefined" />
	<Point X="162" Y="146" T="undefined" />
	<Point X="160" Y="146" T="undefined" />
	<Point X="157" Y="146" T="undefined" />
	<Point X="155" Y="146" T="undefined" />
	<Point X="153" Y="146" T="undefined" />
	<Point X="152" Y="146" T="undefined" />
	<Point X="151" Y="146" T="undefined" />
	<Point X="150" Y="146" T="undefined" />
	<Point X="149" Y="146" T="undefined" />
	<Point X="148" Y="146" T="undefined" />
	<Point X="147" Y="146" T="undefined" />
	<Point X="146" Y="146" T="undefined" />
	<Point X="145" Y="146" T="undefined" />
	<Point X="144" Y="146" T="undefined" />
	<Point X="143" Y="146" T="undefined" />
	<Point X="142" Y="146" T="undefined" />
	<Point X="141" Y="146" T="undefined" />
	<Point X="140" Y="146" T="undefined" />
	<Point X="139" Y="146" T="undefined" />
	<Point X="138" Y="146" T="undefined" />
	<Point X="137" Y="146" T="undefined" />
	<Point X="136" Y="146" T="undefined" />
	<Point X="135" Y="146" T="undefined" />
	<Point X="134" Y="146" T="undefined" />
	<Point X="134" Y="145" T="undefined" />
	<Point X="133" Y="145" T="undefined" />
	<Point X="132" Y="145" T="undefined" />
	<Point X="131" Y="145" T="undefined" />
	<Point X="130" Y="145" T="undefined" />
</Gesture>