<?xml version="1.0" encoding="utf-8" standalone="yes"?>
<Gesture Name="Rectangle6" NumPts="187">
	<Point X="112" Y="120" T="undefined" />
	<Point X="113" Y="120" T="undefined" />
	<Point X="113" Y="121" T="undefined" />
	<Point X="114" Y="123" T="undefined" />
	<Point X="114" Y="127" T="undefined" />
	<Point X="115" Y="131" T="undefined" />
	<Point X="115" Y="136" T="undefined" />
	<Point X="116" Y="145" T="undefined" />
	<Point X="116" Y="150" T="undefined" />
	<Point X="116" Y="160" T="undefined" />
	<Point X="116" Y="170" T="undefined" />
	<Point X="116" Y="183" T="undefined" />
	<Point X="116" Y="192" T="undefined" />
	<Point X="116" Y="208" T="undefined" />
	<Point X="115" Y="217" T="undefined" />
	<Point X="115" Y="230" T="undefined" />
	<Point X="115" Y="248" T="undefined" />
	<Point X="115" Y="253" T="undefined" />
	<Point X="115" Y="266" T="undefined" />
	<Point X="115" Y="280" T="undefined" />
	<Point X="115" Y="286" T="undefined" />
	<Point X="115" Y="294" T="undefined" />
	<Point X="115" Y="304" T="undefined" />
	<Point X="116" Y="310" T="undefined" />
	<Point X="116" Y="316" T="undefined" />
	<Point X="117" Y="322" T="undefined" />
	<Point X="118" Y="326" T="undefined" />
	<Point X="119" Y="330" T="undefined" />
	<Point X="119" Y="332" T="undefined" />
	<Point X="120" Y="334" T="undefined" />
	<Point X="120" Y="336" T="undefined" />
	<Point X="121" Y="337" T="undefined" />
	<Point X="122" Y="338" T="undefined" />
	<Point X="122" Y="339" T="undefined" />
	<Point X="122" Y="340" T="undefined" />
	<Point X="123" Y="341" T="undefined" />
	<Point X="123" Y="342" T="undefined" />
	<Point X="124" Y="343" T="undefined" />
	<Point X="124" Y="344" T="undefined" />
	<Point X="125" Y="345" T="undefined" />
	<Point X="126" Y="345" T="undefined" />
	<Point X="127" Y="346" T="undefined" />
	<Point X="127" Y="347" T="undefined" />
	<Point X="128" Y="347" T="undefined" />
	<Point X="129" Y="348" T="undefined" />
	<Point X="129" Y="349" T="undefined" />
	<Point X="130" Y="349" T="undefined" />
	<Point X="131" Y="350" T="undefined" />
	<Point X="131" Y="351" T="undefined" />
	<Point X="132" Y="351" T="undefined" />
	<Point X="132" Y="352" T="undefined" />
	<Point X="133" Y="352" T="undefined" />
	<Point X="133" Y="353" T="undefined" />
	<Point X="133" Y="354" T="undefined" />
	<Point X="134" Y="355" T="undefined" />
	<Point X="135" Y="355" T="undefined" />
	<Point X="135" Y="356" T="undefined" />
	<Point X="135" Y="357" T="undefined" />
	<Point X="136" Y="357" T="undefined" />
	<Point X="136" Y="358" T="undefined" />
	<Point X="136" Y="359" T="undefined" />
	<Point X="136" Y="360" T="undefined" />
	<Point X="137" Y="361" T="undefined" />
	<Point X="137" Y="362" T="undefined" />
	<Point X="137" Y="363" T="undefined" />
	<Point X="138" Y="363" T="undefined" />
	<Point X="139" Y="363" T="undefined" />
	<Point X="139" Y="364" T="undefined" />
	<Point X="140" Y="364" T="undefined" />
	<Point X="141" Y="364" T="undefined" />
	<Point X="143" Y="364" T="undefined" />
	<Point X="145" Y="364" T="undefined" />
	<Point X="148" Y="364" T="undefined" />
	<Point X="152" Y="364" T="undefined" />
	<Point X="156" Y="364" T="undefined" />
	<Point X="161" Y="364" T="undefined" />
	<Point X="167" Y="364" T="undefined" />
	<Point X="174" Y="363" T="undefined" />
	<Point X="182" Y="362" T="undefined" />
	<Point X="192" Y="360" T="undefined" />
	<Point X="205" Y="358" T="undefined" />
	<Point X="218" Y="355" T="undefined" />
	<Point X="232" Y="352" T="undefined" />
	<Point X="246" Y="349" T="undefined" />
	<Point X="263" Y="347" T="undefined" />
	<Point X="277" Y="345" T="undefined" />
	<Point X="290" Y="344" T="undefined" />
	<Point X="305" Y="342" T="undefined" />
	<Point X="317" Y="341" T="undefined" />
	<Point X="332" Y="339" T="undefined" />
	<Point X="343" Y="338" T="undefined" />
	<Point X="354" Y="337" T="undefined" />
	<Point X="365" Y="336" T="undefined" />
	<Point X="373" Y="335" T="undefined" />
	<Point X="382" Y="333" T="undefined" />
	<Point X="391" Y="332" T="undefined" />
	<Point X="397" Y="331" T="undefined" />
	<Point X="401" Y="331" T="undefined" />
	<Point X="406" Y="329" T="undefined" />
	<Point X="409" Y="329" T="undefined" />
	<Point X="412" Y="329" T="undefined" />
	<Point X="414" Y="328" T="undefined" />
	<Point X="415" Y="328" T="undefined" />
	<Point X="416" Y="328" T="undefined" />
	<Point X="416" Y="327" T="undefined" />
	<Point X="416" Y="326" T="undefined" />
	<Point X="416" Y="323" T="undefined" />
	<Point X="416" Y="320" T="undefined" />
	<Point X="417" Y="317" T="undefined" />
	<Point X="417" Y="310" T="undefined" />
	<Point X="417" Y="303" T="undefined" />
	<Point X="417" Y="295" T="undefined" />
	<Point X="417" Y="283" T="undefined" />
	<Point X="416" Y="271" T="undefined" />
	<Point X="415" Y="258" T="undefined" />
	<Point X="412" Y="244" T="undefined" />
	<Point X="409" Y="226" T="undefined" />
	<Point X="407" Y="211" T="undefined" />
	<Point X="404" Y="195" T="undefined" />
	<Point X="402" Y="184" T="undefined" />
	<Point X="402" Y="172" T="undefined" />
	<Point X="400" Y="161" T="undefined" />
	<Point X="399" Y="152" T="undefined" />
	<Point X="399" Y="143" T="undefined" />
	<Point X="399" Y="136" T="undefined" />
	<Point X="399" Y="130" T="undefined" />
	<Point X="398" Y="124" T="undefined" />
	<Point X="398" Y="119" T="undefined" />
	<Point X="398" Y="115" T="undefined" />
	<Point X="398" Y="111" T="undefined" />
	<Point X="397" Y="108" T="undefined" />
	<Point X="397" Y="105" T="undefined" />
	<Point X="396" Y="103" T="undefined" />
	<Point X="396" Y="102" T="undefined" />
	<Point X="396" Y="101" T="undefined" />
	<Point X="396" Y="100" T="undefined" />
	<Point X="395" Y="100" T="undefined" />
	<Point X="394" Y="100" T="undefined" />
	<Point X="391" Y="100" T="undefined" />
	<Point X="388" Y="100" T="undefined" />
	<Point X="386" Y="100" T="undefined" />
	<Point X="380" Y="101" T="undefined" />
	<Point X="374" Y="102" T="undefined" />
	<Point X="368" Y="103" T="undefined" />
	<Point X="361" Y="103" T="undefined" />
	<Point X="353" Y="103" T="undefined" />
	<Point X="343" Y="103" T="undefined" />
	<Point X="331" Y="103" T="undefined" />
	<Point X="316" Y="103" T="undefined" />
	<Point X="301" Y="103" T="undefined" />
	<Point X="291" Y="103" T="undefined" />
	<Point X="276" Y="103" T="undefined" />
	<Point X="260" Y="103" T="undefined" />
	<Point X="249" Y="103" T="undefined" />
	<Point X="236" Y="102" T="undefined" />
	<Point X="224" Y="101" T="undefined" />
	<Point X="211" Y="101" T="undefined" />
	<Point X="201" Y="100" T="undefined" />
	<Point X="191" Y="100" T="undefined" />
	<Point X="181" Y="100" T="undefined" />
	<Point X="173" Y="100" T="undefined" />
	<Point X="167" Y="100" T="undefined" />
	<Point X="160" Y="100" T="undefined" />
	<Point X="155" Y="101" T="undefined" />
	<Point X="152" Y="101" T="undefined" />
	<Point X="150" Y="102" T="undefined" />
	<Point X="148" Y="103" T="undefined" />
	<Point X="147" Y="103" T="undefined" />
	<Point X="146" Y="103" T="undefined" />
	<Point X="145" Y="103" T="undefined" />
	<Point X="144" Y="104" T="undefined" />
	<Point X="143" Y="104" T="undefined" />
	<Point X="142" Y="105" T="undefined" />
	<Point X="140" Y="105" T="undefined" />
	<Point X="138" Y="106" T="undefined" />
	<Point X="137" Y="107" T="undefined" />
	<Point X="135" Y="107" T="undefined" />
	<Point X="134" Y="108" T="undefined" />
	<Point X="132" Y="108" T="undefined" />
	<Point X="131" Y="109" T="undefined" />
	<Point X="130" Y="109" T="undefined" />
	<Point X="128" Y="109" T="undefined" />
	<Point X="127" Y="110" T="undefined" />
	<Point X="125" Y="111" T="undefined" />
	<Point X="124" Y="111" T="undefined" />
	<Point X="123" Y="111" T="undefined" />
	<Point X="122" Y="111" T="undefined" />
</Gesture>