<?xml version="1.0" encoding="utf-8" standalone="yes"?>
<Gesture Name="Right Curly Brace8" NumPts="195">
	<Point X="190" Y="60" T="undefined" />
	<Point X="190" Y="60" T="undefined" />
	<Point X="191" Y="60" T="undefined" />
	<Point X="193" Y="61" T="undefined" />
	<Point X="195" Y="62" T="undefined" />
	<Point X="198" Y="63" T="undefined" />
	<Point X="202" Y="64" T="undefined" />
	<Point X="205" Y="65" T="undefined" />
	<Point X="209" Y="67" T="undefined" />
	<Point X="216" Y="69" T="undefined" />
	<Point X="219" Y="69" T="undefined" />
	<Point X="223" Y="71" T="undefined" />
	<Point X="230" Y="73" T="undefined" />
	<Point X="235" Y="75" T="undefined" />
	<Point X="240" Y="76" T="undefined" />
	<Point X="244" Y="77" T="undefined" />
	<Point X="247" Y="78" T="undefined" />
	<Point X="251" Y="80" T="undefined" />
	<Point X="255" Y="81" T="undefined" />
	<Point X="258" Y="83" T="undefined" />
	<Point X="260" Y="84" T="undefined" />
	<Point X="264" Y="86" T="undefined" />
	<Point X="267" Y="89" T="undefined" />
	<Point X="270" Y="90" T="undefined" />
	<Point X="273" Y="93" T="undefined" />
	<Point X="276" Y="96" T="undefined" />
	<Point X="279" Y="98" T="undefined" />
	<Point X="282" Y="101" T="undefined" />
	<Point X="284" Y="103" T="undefined" />
	<Point X="287" Y="107" T="undefined" />
	<Point X="289" Y="111" T="undefined" />
	<Point X="291" Y="113" T="undefined" />
	<Point X="292" Y="116" T="undefined" />
	<Point X="293" Y="121" T="undefined" />
	<Point X="293" Y="124" T="undefined" />
	<Point X="294" Y="128" T="undefined" />
	<Point X="295" Y="132" T="undefined" />
	<Point X="295" Y="137" T="undefined" />
	<Point X="295" Y="142" T="undefined" />
	<Point X="295" Y="153" T="undefined" />
	<Point X="295" Y="155" T="undefined" />
	<Point X="295" Y="161" T="undefined" />
	<Point X="294" Y="168" T="undefined" />
	<Point X="294" Y="171" T="undefined" />
	<Point X="293" Y="177" T="undefined" />
	<Point X="291" Y="182" T="undefined" />
	<Point X="291" Y="185" T="undefined" />
	<Point X="289" Y="189" T="undefined" />
	<Point X="287" Y="193" T="undefined" />
	<Point X="286" Y="195" T="undefined" />
	<Point X="283" Y="198" T="undefined" />
	<Point X="281" Y="202" T="undefined" />
	<Point X="279" Y="205" T="undefined" />
	<Point X="276" Y="207" T="undefined" />
	<Point X="273" Y="210" T="undefined" />
	<Point X="270" Y="214" T="undefined" />
	<Point X="266" Y="217" T="undefined" />
	<Point X="263" Y="219" T="undefined" />
	<Point X="260" Y="222" T="undefined" />
	<Point X="257" Y="224" T="undefined" />
	<Point X="254" Y="227" T="undefined" />
	<Point X="251" Y="229" T="undefined" />
	<Point X="249" Y="231" T="undefined" />
	<Point X="247" Y="232" T="undefined" />
	<Point X="245" Y="234" T="undefined" />
	<Point X="243" Y="236" T="undefined" />
	<Point X="242" Y="237" T="undefined" />
	<Point X="241" Y="238" T="undefined" />
	<Point X="240" Y="239" T="undefined" />
	<Point X="239" Y="240" T="undefined" />
	<Point X="238" Y="241" T="undefined" />
	<Point X="238" Y="242" T="undefined" />
	<Point X="238" Y="243" T="undefined" />
	<Point X="238" Y="244" T="undefined" />
	<Point X="238" Y="245" T="undefined" />
	<Point X="238" Y="246" T="undefined" />
	<Point X="239" Y="246" T="undefined" />
	<Point X="239" Y="247" T="undefined" />
	<Point X="240" Y="248" T="undefined" />
	<Point X="241" Y="249" T="undefined" />
	<Point X="242" Y="250" T="undefined" />
	<Point X="243" Y="251" T="undefined" />
	<Point X="244" Y="251" T="undefined" />
	<Point X="245" Y="252" T="undefined" />
	<Point X="247" Y="254" T="undefined" />
	<Point X="248" Y="255" T="undefined" />
	<Point X="250" Y="256" T="undefined" />
	<Point X="252" Y="257" T="undefined" />
	<Point X="253" Y="259" T="undefined" />
	<Point X="254" Y="260" T="undefined" />
	<Point X="255" Y="261" T="undefined" />
	<Point X="256" Y="261" T="undefined" />
	<Point X="256" Y="263" T="undefined" />
	<Point X="257" Y="263" T="undefined" />
	<Point X="257" Y="264" T="undefined" />
	<Point X="257" Y="265" T="undefined" />
	<Point X="256" Y="265" T="undefined" />
	<Point X="255" Y="265" T="undefined" />
	<Point X="254" Y="267" T="undefined" />
	<Point X="253" Y="267" T="undefined" />
	<Point X="251" Y="268" T="undefined" />
	<Point X="250" Y="268" T="undefined" />
	<Point X="249" Y="269" T="undefined" />
	<Point X="248" Y="269" T="undefined" />
	<Point X="247" Y="269" T="undefined" />
	<Point X="246" Y="270" T="undefined" />
	<Point X="245" Y="270" T="undefined" />
	<Point X="245" Y="271" T="undefined" />
	<Point X="244" Y="271" T="undefined" />
	<Point X="244" Y="272" T="undefined" />
	<Point X="243" Y="272" T="undefined" />
	<Point X="242" Y="272" T="undefined" />
	<Point X="242" Y="273" T="undefined" />
	<Point X="242" Y="274" T="undefined" />
	<Point X="242" Y="275" T="undefined" />
	<Point X="242" Y="276" T="undefined" />
	<Point X="242" Y="277" T="undefined" />
	<Point X="242" Y="278" T="undefined" />
	<Point X="242" Y="279" T="undefined" />
	<Point X="242" Y="280" T="undefined" />
	<Point X="242" Y="281" T="undefined" />
	<Point X="242" Y="282" T="undefined" />
	<Point X="242" Y="284" T="undefined" />
	<Point X="242" Y="285" T="undefined" />
	<Point X="242" Y="286" T="undefined" />
	<Point X="243" Y="288" T="undefined" />
	<Point X="243" Y="290" T="undefined" />
	<Point X="244" Y="293" T="undefined" />
	<Point X="244" Y="296" T="undefined" />
	<Point X="245" Y="298" T="undefined" />
	<Point X="247" Y="302" T="undefined" />
	<Point X="247" Y="306" T="undefined" />
	<Point X="248" Y="311" T="undefined" />
	<Point X="249" Y="314" T="undefined" />
	<Point X="249" Y="319" T="undefined" />
	<Point X="250" Y="323" T="undefined" />
	<Point X="251" Y="327" T="undefined" />
	<Point X="251" Y="330" T="undefined" />
	<Point X="251" Y="334" T="undefined" />
	<Point X="251" Y="337" T="undefined" />
	<Point X="251" Y="340" T="undefined" />
	<Point X="251" Y="344" T="undefined" />
	<Point X="251" Y="347" T="undefined" />
	<Point X="251" Y="350" T="undefined" />
	<Point X="250" Y="354" T="undefined" />
	<Point X="250" Y="357" T="undefined" />
	<Point X="249" Y="361" T="undefined" />
	<Point X="249" Y="364" T="undefined" />
	<Point X="248" Y="367" T="undefined" />
	<Point X="248" Y="370" T="undefined" />
	<Point X="246" Y="373" T="undefined" />
	<Point X="246" Y="375" T="undefined" />
	<Point X="245" Y="378" T="undefined" />
	<Point X="244" Y="380" T="undefined" />
	<Point X="242" Y="382" T="undefined" />
	<Point X="241" Y="384" T="undefined" />
	<Point X="240" Y="386" T="undefined" />
	<Point X="239" Y="389" T="undefined" />
	<Point X="238" Y="390" T="undefined" />
	<Point X="237" Y="392" T="undefined" />
	<Point X="236" Y="395" T="undefined" />
	<Point X="234" Y="396" T="undefined" />
	<Point X="233" Y="398" T="undefined" />
	<Point X="232" Y="400" T="undefined" />
	<Point X="230" Y="403" T="undefined" />
	<Point X="229" Y="404" T="undefined" />
	<Point X="227" Y="406" T="undefined" />
	<Point X="225" Y="408" T="undefined" />
	<Point X="223" Y="410" T="undefined" />
	<Point X="221" Y="411" T="undefined" />
	<Point X="219" Y="412" T="undefined" />
	<Point X="216" Y="414" T="undefined" />
	<Point X="214" Y="415" T="undefined" />
	<Point X="211" Y="416" T="undefined" />
	<Point X="209" Y="418" T="undefined" />
	<Point X="206" Y="419" T="undefined" />
	<Point X="203" Y="420" T="undefined" />
	<Point X="200" Y="422" T="undefined" />
	<Point X="197" Y="422" T="undefined" />
	<Point X="194" Y="423" T="undefined" />
	<Point X="192" Y="424" T="undefined" />
	<Point X="189" Y="424" T="undefined" />
	<Point X="186" Y="425" T="undefined" />
	<Point X="184" Y="426" T="undefined" />
	<Point X="181" Y="426" T="undefined" />
	<Point X="180" Y="426" T="undefined" />
	<Point X="177" Y="427" T="undefined" />
	<Point X="175" Y="427" T="undefined" />
	<Point X="173" Y="427" T="undefined" />
	<Point X="171" Y="427" T="undefined" />
	<Point X="170" Y="427" T="undefined" />
	<Point X="168" Y="427" T="undefined" />
	<Point X="166" Y="427" T="undefined" />
	<Point X="164" Y="427" T="undefined" />
	<Point X="163" Y="425" T="undefined" />
</Gesture>