<?xml version="1.0" encoding="utf-8" standalone="yes"?>
<Gesture Name="Right Curly Brace5" NumPts="231">
	<Point X="253" Y="76" T="undefined" />
	<Point X="253" Y="76" T="undefined" />
	<Point X="253" Y="76" T="undefined" />
	<Point X="253" Y="76" T="undefined" />
	<Point X="254" Y="76" T="undefined" />
	<Point X="257" Y="77" T="undefined" />
	<Point X="259" Y="77" T="undefined" />
	<Point X="263" Y="78" T="undefined" />
	<Point X="267" Y="79" T="undefined" />
	<Point X="271" Y="81" T="undefined" />
	<Point X="276" Y="82" T="undefined" />
	<Point X="280" Y="83" T="undefined" />
	<Point X="285" Y="85" T="undefined" />
	<Point X="290" Y="86" T="undefined" />
	<Point X="295" Y="87" T="undefined" />
	<Point X="300" Y="89" T="undefined" />
	<Point X="304" Y="89" T="undefined" />
	<Point X="308" Y="90" T="undefined" />
	<Point X="315" Y="93" T="undefined" />
	<Point X="317" Y="94" T="undefined" />
	<Point X="321" Y="96" T="undefined" />
	<Point X="325" Y="97" T="undefined" />
	<Point X="329" Y="100" T="undefined" />
	<Point X="332" Y="102" T="undefined" />
	<Point X="336" Y="104" T="undefined" />
	<Point X="340" Y="106" T="undefined" />
	<Point X="342" Y="109" T="undefined" />
	<Point X="346" Y="112" T="undefined" />
	<Point X="349" Y="114" T="undefined" />
	<Point X="352" Y="117" T="undefined" />
	<Point X="354" Y="120" T="undefined" />
	<Point X="356" Y="122" T="undefined" />
	<Point X="358" Y="125" T="undefined" />
	<Point X="359" Y="129" T="undefined" />
	<Point X="361" Y="131" T="undefined" />
	<Point X="362" Y="135" T="undefined" />
	<Point X="363" Y="139" T="undefined" />
	<Point X="364" Y="143" T="undefined" />
	<Point X="365" Y="147" T="undefined" />
	<Point X="365" Y="153" T="undefined" />
	<Point X="365" Y="156" T="undefined" />
	<Point X="365" Y="161" T="undefined" />
	<Point X="365" Y="166" T="undefined" />
	<Point X="364" Y="171" T="undefined" />
	<Point X="363" Y="176" T="undefined" />
	<Point X="362" Y="180" T="undefined" />
	<Point X="360" Y="184" T="undefined" />
	<Point X="358" Y="189" T="undefined" />
	<Point X="357" Y="193" T="undefined" />
	<Point X="355" Y="196" T="undefined" />
	<Point X="354" Y="200" T="undefined" />
	<Point X="351" Y="205" T="undefined" />
	<Point X="350" Y="208" T="undefined" />
	<Point X="349" Y="212" T="undefined" />
	<Point X="346" Y="216" T="undefined" />
	<Point X="344" Y="220" T="undefined" />
	<Point X="342" Y="223" T="undefined" />
	<Point X="339" Y="227" T="undefined" />
	<Point X="337" Y="231" T="undefined" />
	<Point X="334" Y="235" T="undefined" />
	<Point X="332" Y="238" T="undefined" />
	<Point X="329" Y="243" T="undefined" />
	<Point X="327" Y="245" T="undefined" />
	<Point X="323" Y="250" T="undefined" />
	<Point X="321" Y="253" T="undefined" />
	<Point X="318" Y="256" T="undefined" />
	<Point X="315" Y="260" T="undefined" />
	<Point X="314" Y="261" T="undefined" />
	<Point X="312" Y="264" T="undefined" />
	<Point X="310" Y="265" T="undefined" />
	<Point X="309" Y="267" T="undefined" />
	<Point X="307" Y="268" T="undefined" />
	<Point X="307" Y="269" T="undefined" />
	<Point X="306" Y="269" T="undefined" />
	<Point X="306" Y="269" T="undefined" />
	<Point X="306" Y="270" T="undefined" />
	<Point X="306" Y="271" T="undefined" />
	<Point X="307" Y="271" T="undefined" />
	<Point X="308" Y="272" T="undefined" />
	<Point X="310" Y="273" T="undefined" />
	<Point X="312" Y="274" T="undefined" />
	<Point X="313" Y="274" T="undefined" />
	<Point X="316" Y="276" T="undefined" />
	<Point X="318" Y="277" T="undefined" />
	<Point X="320" Y="277" T="undefined" />
	<Point X="321" Y="278" T="undefined" />
	<Point X="323" Y="279" T="undefined" />
	<Point X="324" Y="280" T="undefined" />
	<Point X="325" Y="280" T="undefined" />
	<Point X="326" Y="281" T="undefined" />
	<Point X="327" Y="281" T="undefined" />
	<Point X="328" Y="282" T="undefined" />
	<Point X="328" Y="283" T="undefined" />
	<Point X="328" Y="284" T="undefined" />
	<Point X="328" Y="285" T="undefined" />
	<Point X="327" Y="286" T="undefined" />
	<Point X="326" Y="286" T="undefined" />
	<Point X="326" Y="287" T="undefined" />
	<Point X="324" Y="288" T="undefined" />
	<Point X="323" Y="289" T="undefined" />
	<Point X="322" Y="289" T="undefined" />
	<Point X="321" Y="290" T="undefined" />
	<Point X="320" Y="290" T="undefined" />
	<Point X="319" Y="291" T="undefined" />
	<Point X="318" Y="292" T="undefined" />
	<Point X="317" Y="292" T="undefined" />
	<Point X="316" Y="292" T="undefined" />
	<Point X="315" Y="292" T="undefined" />
	<Point X="314" Y="293" T="undefined" />
	<Point X="313" Y="293" T="undefined" />
	<Point X="312" Y="293" T="undefined" />
	<Point X="311" Y="293" T="undefined" />
	<Point X="310" Y="293" T="undefined" />
	<Point X="309" Y="293" T="undefined" />
	<Point X="308" Y="293" T="undefined" />
	<Point X="307" Y="293" T="undefined" />
	<Point X="307" Y="294" T="undefined" />
	<Point X="306" Y="294" T="undefined" />
	<Point X="306" Y="295" T="undefined" />
	<Point X="306" Y="296" T="undefined" />
	<Point X="306" Y="297" T="undefined" />
	<Point X="306" Y="298" T="undefined" />
	<Point X="306" Y="299" T="undefined" />
	<Point X="306" Y="300" T="undefined" />
	<Point X="306" Y="301" T="undefined" />
	<Point X="306" Y="302" T="undefined" />
	<Point X="307" Y="304" T="undefined" />
	<Point X="308" Y="306" T="undefined" />
	<Point X="308" Y="308" T="undefined" />
	<Point X="309" Y="310" T="undefined" />
	<Point X="309" Y="313" T="undefined" />
	<Point X="310" Y="315" T="undefined" />
	<Point X="311" Y="318" T="undefined" />
	<Point X="312" Y="321" T="undefined" />
	<Point X="312" Y="323" T="undefined" />
	<Point X="313" Y="326" T="undefined" />
	<Point X="314" Y="329" T="undefined" />
	<Point X="314" Y="331" T="undefined" />
	<Point X="315" Y="334" T="undefined" />
	<Point X="316" Y="336" T="undefined" />
	<Point X="316" Y="339" T="undefined" />
	<Point X="317" Y="341" T="undefined" />
	<Point X="317" Y="344" T="undefined" />
	<Point X="318" Y="346" T="undefined" />
	<Point X="318" Y="349" T="undefined" />
	<Point X="319" Y="352" T="undefined" />
	<Point X="319" Y="354" T="undefined" />
	<Point X="320" Y="357" T="undefined" />
	<Point X="320" Y="360" T="undefined" />
	<Point X="321" Y="363" T="undefined" />
	<Point X="322" Y="366" T="undefined" />
	<Point X="322" Y="368" T="undefined" />
	<Point X="322" Y="370" T="undefined" />
	<Point X="323" Y="372" T="undefined" />
	<Point X="324" Y="375" T="undefined" />
	<Point X="325" Y="377" T="undefined" />
	<Point X="325" Y="379" T="undefined" />
	<Point X="325" Y="382" T="undefined" />
	<Point X="326" Y="384" T="undefined" />
	<Point X="326" Y="387" T="undefined" />
	<Point X="326" Y="389" T="undefined" />
	<Point X="327" Y="392" T="undefined" />
	<Point X="327" Y="394" T="undefined" />
	<Point X="327" Y="396" T="undefined" />
	<Point X="328" Y="399" T="undefined" />
	<Point X="328" Y="401" T="undefined" />
	<Point X="328" Y="404" T="undefined" />
	<Point X="328" Y="406" T="undefined" />
	<Point X="328" Y="408" T="undefined" />
	<Point X="329" Y="410" T="undefined" />
	<Point X="329" Y="412" T="undefined" />
	<Point X="329" Y="413" T="undefined" />
	<Point X="329" Y="414" T="undefined" />
	<Point X="329" Y="415" T="undefined" />
	<Point X="329" Y="416" T="undefined" />
	<Point X="329" Y="417" T="undefined" />
	<Point X="328" Y="418" T="undefined" />
	<Point X="328" Y="420" T="undefined" />
	<Point X="327" Y="421" T="undefined" />
	<Point X="326" Y="422" T="undefined" />
	<Point X="325" Y="423" T="undefined" />
	<Point X="324" Y="424" T="undefined" />
	<Point X="322" Y="426" T="undefined" />
	<Point X="320" Y="428" T="undefined" />
	<Point X="317" Y="430" T="undefined" />
	<Point X="314" Y="433" T="undefined" />
	<Point X="311" Y="435" T="undefined" />
	<Point X="309" Y="437" T="undefined" />
	<Point X="307" Y="438" T="undefined" />
	<Point X="305" Y="441" T="undefined" />
	<Point X="303" Y="442" T="undefined" />
	<Point X="301" Y="444" T="undefined" />
	<Point X="299" Y="445" T="undefined" />
	<Point X="297" Y="446" T="undefined" />
	<Point X="294" Y="448" T="undefined" />
	<Point X="293" Y="449" T="undefined" />
	<Point X="290" Y="450" T="undefined" />
	<Point X="288" Y="451" T="undefined" />
	<Point X="286" Y="452" T="undefined" />
	<Point X="283" Y="454" T="undefined" />
	<Point X="281" Y="455" T="undefined" />
	<Point X="279" Y="456" T="undefined" />
	<Point X="277" Y="457" T="undefined" />
	<Point X="275" Y="457" T="undefined" />
	<Point X="274" Y="458" T="undefined" />
	<Point X="272" Y="458" T="undefined" />
	<Point X="271" Y="458" T="undefined" />
	<Point X="269" Y="458" T="undefined" />
	<Point X="268" Y="458" T="undefined" />
	<Point X="266" Y="458" T="undefined" />
	<Point X="265" Y="458" T="undefined" />
	<Point X="264" Y="458" T="undefined" />
	<Point X="263" Y="458" T="undefined" />
	<Point X="261" Y="458" T="undefined" />
	<Point X="260" Y="458" T="undefined" />
	<Point X="258" Y="458" T="undefined" />
	<Point X="256" Y="458" T="undefined" />
	<Point X="254" Y="457" T="undefined" />
	<Point X="253" Y="456" T="undefined" />
	<Point X="251" Y="456" T="undefined" />
	<Point X="249" Y="455" T="undefined" />
	<Point X="246" Y="454" T="undefined" />
	<Point X="244" Y="454" T="undefined" />
	<Point X="241" Y="452" T="undefined" />
	<Point X="239" Y="451" T="undefined" />
	<Point X="236" Y="450" T="undefined" />
	<Point X="234" Y="450" T="undefined" />
	<Point X="231" Y="449" T="undefined" />
	<Point X="229" Y="448" T="undefined" />
	<Point X="228" Y="447" T="undefined" />
	<Point X="227" Y="447" T="undefined" />
</Gesture>