<?xml version="1.0" encoding="utf-8" standalone="yes"?>
<Gesture Name="Right Curly Brace6" NumPts="232">
	<Point X="179" Y="66" T="undefined" />
	<Point X="179" Y="66" T="undefined" />
	<Point X="179" Y="66" T="undefined" />
	<Point X="180" Y="66" T="undefined" />
	<Point X="182" Y="66" T="undefined" />
	<Point X="185" Y="67" T="undefined" />
	<Point X="188" Y="67" T="undefined" />
	<Point X="192" Y="67" T="undefined" />
	<Point X="196" Y="68" T="undefined" />
	<Point X="201" Y="68" T="undefined" />
	<Point X="206" Y="69" T="undefined" />
	<Point X="210" Y="69" T="undefined" />
	<Point X="216" Y="70" T="undefined" />
	<Point X="221" Y="71" T="undefined" />
	<Point X="226" Y="72" T="undefined" />
	<Point X="233" Y="73" T="undefined" />
	<Point X="239" Y="74" T="undefined" />
	<Point X="245" Y="75" T="undefined" />
	<Point X="252" Y="77" T="undefined" />
	<Point X="256" Y="79" T="undefined" />
	<Point X="263" Y="81" T="undefined" />
	<Point X="269" Y="83" T="undefined" />
	<Point X="274" Y="84" T="undefined" />
	<Point X="280" Y="87" T="undefined" />
	<Point X="285" Y="89" T="undefined" />
	<Point X="291" Y="92" T="undefined" />
	<Point X="295" Y="94" T="undefined" />
	<Point X="301" Y="97" T="undefined" />
	<Point X="304" Y="98" T="undefined" />
	<Point X="308" Y="100" T="undefined" />
	<Point X="310" Y="103" T="undefined" />
	<Point X="313" Y="104" T="undefined" />
	<Point X="315" Y="107" T="undefined" />
	<Point X="318" Y="110" T="undefined" />
	<Point X="320" Y="112" T="undefined" />
	<Point X="322" Y="115" T="undefined" />
	<Point X="324" Y="119" T="undefined" />
	<Point X="326" Y="122" T="undefined" />
	<Point X="327" Y="125" T="undefined" />
	<Point X="329" Y="129" T="undefined" />
	<Point X="330" Y="134" T="undefined" />
	<Point X="332" Y="138" T="undefined" />
	<Point X="333" Y="145" T="undefined" />
	<Point X="333" Y="149" T="undefined" />
	<Point X="333" Y="155" T="undefined" />
	<Point X="333" Y="160" T="undefined" />
	<Point X="333" Y="167" T="undefined" />
	<Point X="331" Y="173" T="undefined" />
	<Point X="330" Y="180" T="undefined" />
	<Point X="328" Y="185" T="undefined" />
	<Point X="326" Y="192" T="undefined" />
	<Point X="323" Y="199" T="undefined" />
	<Point X="321" Y="205" T="undefined" />
	<Point X="319" Y="212" T="undefined" />
	<Point X="315" Y="220" T="undefined" />
	<Point X="314" Y="221" T="undefined" />
	<Point X="311" Y="228" T="undefined" />
	<Point X="307" Y="235" T="undefined" />
	<Point X="305" Y="239" T="undefined" />
	<Point X="302" Y="244" T="undefined" />
	<Point X="299" Y="250" T="undefined" />
	<Point X="297" Y="254" T="undefined" />
	<Point X="295" Y="258" T="undefined" />
	<Point X="292" Y="263" T="undefined" />
	<Point X="290" Y="265" T="undefined" />
	<Point X="288" Y="268" T="undefined" />
	<Point X="285" Y="271" T="undefined" />
	<Point X="283" Y="273" T="undefined" />
	<Point X="281" Y="276" T="undefined" />
	<Point X="279" Y="277" T="undefined" />
	<Point X="277" Y="279" T="undefined" />
	<Point X="275" Y="281" T="undefined" />
	<Point X="274" Y="282" T="undefined" />
	<Point X="273" Y="283" T="undefined" />
	<Point X="272" Y="283" T="undefined" />
	<Point X="273" Y="283" T="undefined" />
	<Point X="275" Y="283" T="undefined" />
	<Point X="276" Y="283" T="undefined" />
	<Point X="279" Y="283" T="undefined" />
	<Point X="282" Y="283" T="undefined" />
	<Point X="285" Y="283" T="undefined" />
	<Point X="288" Y="283" T="undefined" />
	<Point X="292" Y="283" T="undefined" />
	<Point X="297" Y="283" T="undefined" />
	<Point X="300" Y="283" T="undefined" />
	<Point X="304" Y="284" T="undefined" />
	<Point X="308" Y="284" T="undefined" />
	<Point X="311" Y="284" T="undefined" />
	<Point X="312" Y="284" T="undefined" />
	<Point X="313" Y="284" T="undefined" />
	<Point X="313" Y="285" T="undefined" />
	<Point X="312" Y="285" T="undefined" />
	<Point X="311" Y="285" T="undefined" />
	<Point X="309" Y="285" T="undefined" />
	<Point X="307" Y="286" T="undefined" />
	<Point X="305" Y="286" T="undefined" />
	<Point X="302" Y="286" T="undefined" />
	<Point X="300" Y="286" T="undefined" />
	<Point X="297" Y="287" T="undefined" />
	<Point X="294" Y="287" T="undefined" />
	<Point X="292" Y="287" T="undefined" />
	<Point X="290" Y="287" T="undefined" />
	<Point X="289" Y="287" T="undefined" />
	<Point X="288" Y="287" T="undefined" />
	<Point X="288" Y="288" T="undefined" />
	<Point X="287" Y="288" T="undefined" />
	<Point X="286" Y="288" T="undefined" />
	<Point X="285" Y="288" T="undefined" />
	<Point X="285" Y="289" T="undefined" />
	<Point X="284" Y="289" T="undefined" />
	<Point X="283" Y="290" T="undefined" />
	<Point X="281" Y="291" T="undefined" />
	<Point X="281" Y="292" T="undefined" />
	<Point X="279" Y="292" T="undefined" />
	<Point X="277" Y="293" T="undefined" />
	<Point X="276" Y="294" T="undefined" />
	<Point X="275" Y="294" T="undefined" />
	<Point X="274" Y="295" T="undefined" />
	<Point X="273" Y="296" T="undefined" />
	<Point X="272" Y="296" T="undefined" />
	<Point X="272" Y="297" T="undefined" />
	<Point X="271" Y="297" T="undefined" />
	<Point X="270" Y="298" T="undefined" />
	<Point X="270" Y="299" T="undefined" />
	<Point X="270" Y="300" T="undefined" />
	<Point X="270" Y="301" T="undefined" />
	<Point X="270" Y="302" T="undefined" />
	<Point X="270" Y="303" T="undefined" />
	<Point X="270" Y="304" T="undefined" />
	<Point X="270" Y="305" T="undefined" />
	<Point X="270" Y="306" T="undefined" />
	<Point X="271" Y="308" T="undefined" />
	<Point X="271" Y="309" T="undefined" />
	<Point X="271" Y="310" T="undefined" />
	<Point X="272" Y="313" T="undefined" />
	<Point X="272" Y="315" T="undefined" />
	<Point X="274" Y="318" T="undefined" />
	<Point X="274" Y="321" T="undefined" />
	<Point X="275" Y="323" T="undefined" />
	<Point X="275" Y="326" T="undefined" />
	<Point X="276" Y="329" T="undefined" />
	<Point X="277" Y="332" T="undefined" />
	<Point X="278" Y="335" T="undefined" />
	<Point X="279" Y="338" T="undefined" />
	<Point X="279" Y="341" T="undefined" />
	<Point X="280" Y="344" T="undefined" />
	<Point X="281" Y="347" T="undefined" />
	<Point X="282" Y="350" T="undefined" />
	<Point X="282" Y="352" T="undefined" />
	<Point X="283" Y="354" T="undefined" />
	<Point X="284" Y="357" T="undefined" />
	<Point X="284" Y="359" T="undefined" />
	<Point X="285" Y="362" T="undefined" />
	<Point X="286" Y="364" T="undefined" />
	<Point X="287" Y="367" T="undefined" />
	<Point X="287" Y="369" T="undefined" />
	<Point X="288" Y="371" T="undefined" />
	<Point X="288" Y="374" T="undefined" />
	<Point X="289" Y="376" T="undefined" />
	<Point X="290" Y="378" T="undefined" />
	<Point X="290" Y="380" T="undefined" />
	<Point X="290" Y="382" T="undefined" />
	<Point X="291" Y="385" T="undefined" />
	<Point X="291" Y="387" T="undefined" />
	<Point X="291" Y="390" T="undefined" />
	<Point X="291" Y="391" T="undefined" />
	<Point X="292" Y="393" T="undefined" />
	<Point X="292" Y="395" T="undefined" />
	<Point X="292" Y="397" T="undefined" />
	<Point X="292" Y="399" T="undefined" />
	<Point X="292" Y="400" T="undefined" />
	<Point X="292" Y="403" T="undefined" />
	<Point X="292" Y="406" T="undefined" />
	<Point X="292" Y="408" T="undefined" />
	<Point X="292" Y="410" T="undefined" />
	<Point X="292" Y="411" T="undefined" />
	<Point X="292" Y="413" T="undefined" />
	<Point X="292" Y="415" T="undefined" />
	<Point X="292" Y="417" T="undefined" />
	<Point X="292" Y="419" T="undefined" />
	<Point X="292" Y="421" T="undefined" />
	<Point X="292" Y="423" T="undefined" />
	<Point X="292" Y="426" T="undefined" />
	<Point X="291" Y="427" T="undefined" />
	<Point X="291" Y="430" T="undefined" />
	<Point X="290" Y="431" T="undefined" />
	<Point X="289" Y="434" T="undefined" />
	<Point X="288" Y="437" T="undefined" />
	<Point X="287" Y="440" T="undefined" />
	<Point X="285" Y="443" T="undefined" />
	<Point X="284" Y="445" T="undefined" />
	<Point X="283" Y="448" T="undefined" />
	<Point X="281" Y="451" T="undefined" />
	<Point X="279" Y="453" T="undefined" />
	<Point X="277" Y="455" T="undefined" />
	<Point X="276" Y="456" T="undefined" />
	<Point X="274" Y="458" T="undefined" />
	<Point X="272" Y="460" T="undefined" />
	<Point X="270" Y="461" T="undefined" />
	<Point X="268" Y="462" T="undefined" />
	<Point X="265" Y="463" T="undefined" />
	<Point X="263" Y="463" T="undefined" />
	<Point X="260" Y="463" T="undefined" />
	<Point X="257" Y="463" T="undefined" />
	<Point X="255" Y="463" T="undefined" />
	<Point X="252" Y="463" T="undefined" />
	<Point X="249" Y="463" T="undefined" />
	<Point X="245" Y="463" T="undefined" />
	<Point X="241" Y="463" T="undefined" />
	<Point X="237" Y="462" T="undefined" />
	<Point X="232" Y="461" T="undefined" />
	<Point X="228" Y="460" T="undefined" />
	<Point X="222" Y="459" T="undefined" />
	<Point X="217" Y="458" T="undefined" />
	<Point X="212" Y="456" T="undefined" />
	<Point X="208" Y="456" T="undefined" />
	<Point X="204" Y="455" T="undefined" />
	<Point X="201" Y="454" T="undefined" />
	<Point X="197" Y="454" T="undefined" />
	<Point X="194" Y="453" T="undefined" />
	<Point X="191" Y="452" T="undefined" />
	<Point X="189" Y="452" T="undefined" />
	<Point X="187" Y="451" T="undefined" />
	<Point X="184" Y="451" T="undefined" />
	<Point X="183" Y="450" T="undefined" />
	<Point X="182" Y="450" T="undefined" />
	<Point X="180" Y="450" T="undefined" />
	<Point X="179" Y="449" T="undefined" />
	<Point X="178" Y="449" T="undefined" />
	<Point X="177" Y="449" T="undefined" />
	<Point X="176" Y="449" T="undefined" />
	<Point X="175" Y="449" T="undefined" />
</Gesture>