<?xml version="1.0" encoding="utf-8" standalone="yes"?>
<Gesture Name="Right Square Bracket6" NumPts="96">
	<Point X="225" Y="124" T="undefined" />
	<Point X="225" Y="124" T="undefined" />
	<Point X="225" Y="124" T="undefined" />
	<Point X="226" Y="124" T="undefined" />
	<Point X="228" Y="124" T="undefined" />
	<Point X="232" Y="124" T="undefined" />
	<Point X="236" Y="124" T="undefined" />
	<Point X="241" Y="124" T="undefined" />
	<Point X="250" Y="125" T="undefined" />
	<Point X="257" Y="126" T="undefined" />
	<Point X="265" Y="127" T="undefined" />
	<Point X="276" Y="129" T="undefined" />
	<Point X="288" Y="131" T="undefined" />
	<Point X="298" Y="133" T="undefined" />
	<Point X="314" Y="137" T="undefined" />
	<Point X="322" Y="138" T="undefined" />
	<Point X="332" Y="140" T="undefined" />
	<Point X="346" Y="144" T="undefined" />
	<Point X="353" Y="145" T="undefined" />
	<Point X="362" Y="147" T="undefined" />
	<Point X="370" Y="149" T="undefined" />
	<Point X="376" Y="151" T="undefined" />
	<Point X="380" Y="151" T="undefined" />
	<Point X="384" Y="153" T="undefined" />
	<Point X="388" Y="154" T="undefined" />
	<Point X="390" Y="155" T="undefined" />
	<Point X="392" Y="156" T="undefined" />
	<Point X="394" Y="157" T="undefined" />
	<Point X="394" Y="158" T="undefined" />
	<Point X="395" Y="159" T="undefined" />
	<Point X="395" Y="160" T="undefined" />
	<Point X="395" Y="160" T="undefined" />
	<Point X="395" Y="161" T="undefined" />
	<Point X="395" Y="163" T="undefined" />
	<Point X="395" Y="165" T="undefined" />
	<Point X="396" Y="167" T="undefined" />
	<Point X="396" Y="172" T="undefined" />
	<Point X="396" Y="175" T="undefined" />
	<Point X="396" Y="184" T="undefined" />
	<Point X="396" Y="190" T="undefined" />
	<Point X="396" Y="198" T="undefined" />
	<Point X="395" Y="215" T="undefined" />
	<Point X="394" Y="227" T="undefined" />
	<Point X="392" Y="246" T="undefined" />
	<Point X="390" Y="264" T="undefined" />
	<Point X="388" Y="285" T="undefined" />
	<Point X="385" Y="308" T="undefined" />
	<Point X="384" Y="326" T="undefined" />
	<Point X="382" Y="348" T="undefined" />
	<Point X="382" Y="362" T="undefined" />
	<Point X="380" Y="379" T="undefined" />
	<Point X="380" Y="386" T="undefined" />
	<Point X="379" Y="396" T="undefined" />
	<Point X="379" Y="406" T="undefined" />
	<Point X="379" Y="410" T="undefined" />
	<Point X="378" Y="415" T="undefined" />
	<Point X="378" Y="419" T="undefined" />
	<Point X="377" Y="422" T="undefined" />
	<Point X="377" Y="425" T="undefined" />
	<Point X="376" Y="428" T="undefined" />
	<Point X="376" Y="429" T="undefined" />
	<Point X="376" Y="430" T="undefined" />
	<Point X="375" Y="430" T="undefined" />
	<Point X="375" Y="430" T="undefined" />
	<Point X="375" Y="430" T="undefined" />
	<Point X="375" Y="430" T="undefined" />
	<Point X="375" Y="430" T="undefined" />
	<Point X="375" Y="430" T="undefined" />
	<Point X="375" Y="430" T="undefined" />
	<Point X="375" Y="430" T="undefined" />
	<Point X="374" Y="430" T="undefined" />
	<Point X="373" Y="430" T="undefined" />
	<Point X="372" Y="430" T="undefined" />
	<Point X="369" Y="430" T="undefined" />
	<Point X="364" Y="430" T="undefined" />
	<Point X="361" Y="430" T="undefined" />
	<Point X="352" Y="430" T="undefined" />
	<Point X="340" Y="430" T="undefined" />
	<Point X="329" Y="429" T="undefined" />
	<Point X="318" Y="427" T="undefined" />
	<Point X="298" Y="425" T="undefined" />
	<Point X="285" Y="423" T="undefined" />
	<Point X="272" Y="422" T="undefined" />
	<Point X="255" Y="421" T="undefined" />
	<Point X="245" Y="421" T="undefined" />
	<Point X="235" Y="420" T="undefined" />
	<Point X="226" Y="419" T="undefined" />
	<Point X="220" Y="419" T="undefined" />
	<Point X="215" Y="418" T="undefined" />
	<Point X="211" Y="417" T="undefined" />
	<Point X="209" Y="416" T="undefined" />
	<Point X="207" Y="416" T="undefined" />
	<Point X="207" Y="416" T="undefined" />
	<Point X="208" Y="416" T="undefined" />
	<Point X="210" Y="416" T="undefined" />
	<Point X="213" Y="416" T="undefined" />
</Gesture>