<?xml version="1.0" encoding="utf-8" standalone="yes"?>
<Gesture Name="Right Square Bracket7" NumPts="89">
	<Point X="195" Y="93" T="undefined" />
	<Point X="195" Y="93" T="undefined" />
	<Point X="195" Y="93" T="undefined" />
	<Point X="196" Y="93" T="undefined" />
	<Point X="199" Y="93" T="undefined" />
	<Point X="202" Y="93" T="undefined" />
	<Point X="208" Y="93" T="undefined" />
	<Point X="215" Y="94" T="undefined" />
	<Point X="223" Y="95" T="undefined" />
	<Point X="232" Y="96" T="undefined" />
	<Point X="245" Y="97" T="undefined" />
	<Point X="253" Y="98" T="undefined" />
	<Point X="266" Y="98" T="undefined" />
	<Point X="282" Y="98" T="undefined" />
	<Point X="288" Y="99" T="undefined" />
	<Point X="300" Y="100" T="undefined" />
	<Point X="312" Y="100" T="undefined" />
	<Point X="319" Y="101" T="undefined" />
	<Point X="327" Y="102" T="undefined" />
	<Point X="337" Y="104" T="undefined" />
	<Point X="342" Y="104" T="undefined" />
	<Point X="350" Y="106" T="undefined" />
	<Point X="355" Y="107" T="undefined" />
	<Point X="359" Y="108" T="undefined" />
	<Point X="364" Y="109" T="undefined" />
	<Point X="368" Y="110" T="undefined" />
	<Point X="370" Y="111" T="undefined" />
	<Point X="372" Y="112" T="undefined" />
	<Point X="373" Y="112" T="undefined" />
	<Point X="373" Y="112" T="undefined" />
	<Point X="373" Y="112" T="undefined" />
	<Point X="373" Y="113" T="undefined" />
	<Point X="373" Y="114" T="undefined" />
	<Point X="373" Y="115" T="undefined" />
	<Point X="373" Y="116" T="undefined" />
	<Point X="373" Y="119" T="undefined" />
	<Point X="373" Y="121" T="undefined" />
	<Point X="373" Y="125" T="undefined" />
	<Point X="372" Y="130" T="undefined" />
	<Point X="371" Y="134" T="undefined" />
	<Point X="369" Y="141" T="undefined" />
	<Point X="367" Y="149" T="undefined" />
	<Point X="363" Y="165" T="undefined" />
	<Point X="361" Y="175" T="undefined" />
	<Point X="358" Y="189" T="undefined" />
	<Point X="356" Y="208" T="undefined" />
	<Point X="355" Y="224" T="undefined" />
	<Point X="354" Y="244" T="undefined" />
	<Point X="354" Y="269" T="undefined" />
	<Point X="354" Y="284" T="undefined" />
	<Point X="353" Y="303" T="undefined" />
	<Point X="353" Y="324" T="undefined" />
	<Point X="353" Y="337" T="undefined" />
	<Point X="353" Y="349" T="undefined" />
	<Point X="353" Y="366" T="undefined" />
	<Point X="353" Y="371" T="undefined" />
	<Point X="355" Y="380" T="undefined" />
	<Point X="355" Y="387" T="undefined" />
	<Point X="356" Y="392" T="undefined" />
	<Point X="357" Y="396" T="undefined" />
	<Point X="357" Y="401" T="undefined" />
	<Point X="357" Y="403" T="undefined" />
	<Point X="357" Y="405" T="undefined" />
	<Point X="358" Y="406" T="undefined" />
	<Point X="358" Y="407" T="undefined" />
	<Point X="358" Y="407" T="undefined" />
	<Point X="358" Y="407" T="undefined" />
	<Point X="358" Y="407" T="undefined" />
	<Point X="358" Y="407" T="undefined" />
	<Point X="357" Y="407" T="undefined" />
	<Point X="355" Y="407" T="undefined" />
	<Point X="352" Y="407" T="undefined" />
	<Point X="350" Y="407" T="undefined" />
	<Point X="345" Y="407" T="undefined" />
	<Point X="339" Y="407" T="undefined" />
	<Point X="329" Y="407" T="undefined" />
	<Point X="322" Y="406" T="undefined" />
	<Point X="311" Y="404" T="undefined" />
	<Point X="300" Y="403" T="undefined" />
	<Point X="286" Y="401" T="undefined" />
	<Point X="267" Y="399" T="undefined" />
	<Point X="255" Y="398" T="undefined" />
	<Point X="244" Y="397" T="undefined" />
	<Point X="227" Y="396" T="undefined" />
	<Point X="218" Y="396" T="undefined" />
	<Point X="210" Y="396" T="undefined" />
	<Point X="204" Y="396" T="undefined" />
	<Point X="201" Y="396" T="undefined" />
	<Point X="198" Y="396" T="undefined" />
</Gesture>