<?xml version="1.0" encoding="utf-8" standalone="yes"?>
<Gesture Name="Right Square Bracket5" NumPts="105">
	<Point X="235" Y="126" T="undefined" />
	<Point X="235" Y="126" T="undefined" />
	<Point X="236" Y="126" T="undefined" />
	<Point X="236" Y="126" T="undefined" />
	<Point X="237" Y="126" T="undefined" />
	<Point X="240" Y="126" T="undefined" />
	<Point X="243" Y="126" T="undefined" />
	<Point X="245" Y="126" T="undefined" />
	<Point X="249" Y="126" T="undefined" />
	<Point X="257" Y="126" T="undefined" />
	<Point X="264" Y="127" T="undefined" />
	<Point X="273" Y="128" T="undefined" />
	<Point X="281" Y="129" T="undefined" />
	<Point X="290" Y="130" T="undefined" />
	<Point X="304" Y="132" T="undefined" />
	<Point X="313" Y="133" T="undefined" />
	<Point X="323" Y="135" T="undefined" />
	<Point X="332" Y="135" T="undefined" />
	<Point X="341" Y="137" T="undefined" />
	<Point X="350" Y="139" T="undefined" />
	<Point X="358" Y="140" T="undefined" />
	<Point X="365" Y="141" T="undefined" />
	<Point X="370" Y="142" T="undefined" />
	<Point X="375" Y="143" T="undefined" />
	<Point X="380" Y="144" T="undefined" />
	<Point X="383" Y="145" T="undefined" />
	<Point X="386" Y="146" T="undefined" />
	<Point X="389" Y="147" T="undefined" />
	<Point X="391" Y="148" T="undefined" />
	<Point X="392" Y="148" T="undefined" />
	<Point X="393" Y="149" T="undefined" />
	<Point X="394" Y="149" T="undefined" />
	<Point X="394" Y="150" T="undefined" />
	<Point X="395" Y="150" T="undefined" />
	<Point X="395" Y="151" T="undefined" />
	<Point X="395" Y="151" T="undefined" />
	<Point X="395" Y="152" T="undefined" />
	<Point X="396" Y="154" T="undefined" />
	<Point X="396" Y="157" T="undefined" />
	<Point X="397" Y="161" T="undefined" />
	<Point X="397" Y="168" T="undefined" />
	<Point X="397" Y="172" T="undefined" />
	<Point X="397" Y="182" T="undefined" />
	<Point X="396" Y="193" T="undefined" />
	<Point X="394" Y="208" T="undefined" />
	<Point X="392" Y="224" T="undefined" />
	<Point X="389" Y="246" T="undefined" />
	<Point X="387" Y="259" T="undefined" />
	<Point X="384" Y="280" T="undefined" />
	<Point X="383" Y="293" T="undefined" />
	<Point X="381" Y="317" T="undefined" />
	<Point X="379" Y="332" T="undefined" />
	<Point X="378" Y="354" T="undefined" />
	<Point X="377" Y="363" T="undefined" />
	<Point X="376" Y="375" T="undefined" />
	<Point X="376" Y="384" T="undefined" />
	<Point X="375" Y="391" T="undefined" />
	<Point X="374" Y="398" T="undefined" />
	<Point X="374" Y="404" T="undefined" />
	<Point X="373" Y="409" T="undefined" />
	<Point X="372" Y="413" T="undefined" />
	<Point X="372" Y="417" T="undefined" />
	<Point X="372" Y="421" T="undefined" />
	<Point X="371" Y="423" T="undefined" />
	<Point X="371" Y="425" T="undefined" />
	<Point X="371" Y="427" T="undefined" />
	<Point X="371" Y="428" T="undefined" />
	<Point X="370" Y="430" T="undefined" />
	<Point X="370" Y="432" T="undefined" />
	<Point X="370" Y="433" T="undefined" />
	<Point X="369" Y="435" T="undefined" />
	<Point X="368" Y="436" T="undefined" />
	<Point X="368" Y="438" T="undefined" />
	<Point X="368" Y="440" T="undefined" />
	<Point X="367" Y="441" T="undefined" />
	<Point X="367" Y="443" T="undefined" />
	<Point X="367" Y="444" T="undefined" />
	<Point X="367" Y="445" T="undefined" />
	<Point X="366" Y="445" T="undefined" />
	<Point X="365" Y="446" T="undefined" />
	<Point X="364" Y="446" T="undefined" />
	<Point X="363" Y="446" T="undefined" />
	<Point X="361" Y="446" T="undefined" />
	<Point X="357" Y="447" T="undefined" />
	<Point X="353" Y="447" T="undefined" />
	<Point X="346" Y="447" T="undefined" />
	<Point X="337" Y="447" T="undefined" />
	<Point X="328" Y="447" T="undefined" />
	<Point X="319" Y="447" T="undefined" />
	<Point X="306" Y="447" T="undefined" />
	<Point X="296" Y="448" T="undefined" />
	<Point X="286" Y="448" T="undefined" />
	<Point X="276" Y="448" T="undefined" />
	<Point X="268" Y="448" T="undefined" />
	<Point X="259" Y="448" T="undefined" />
	<Point X="253" Y="448" T="undefined" />
	<Point X="247" Y="448" T="undefined" />
	<Point X="241" Y="448" T="undefined" />
	<Point X="236" Y="448" T="undefined" />
	<Point X="234" Y="448" T="undefined" />
	<Point X="232" Y="448" T="undefined" />
	<Point X="231" Y="448" T="undefined" />
	<Point X="229" Y="448" T="undefined" />
	<Point X="230" Y="448" T="undefined" />
	<Point X="231" Y="449" T="undefined" />
</Gesture>