<?xml version="1.0" encoding="utf-8" standalone="yes"?>
<Gesture Name="Right Curly Brace4" NumPts="194">
	<Point X="194" Y="81" T="undefined" />
	<Point X="199" Y="81" T="undefined" />
	<Point X="201" Y="81" T="undefined" />
	<Point X="206" Y="81" T="undefined" />
	<Point X="211" Y="82" T="undefined" />
	<Point X="217" Y="83" T="undefined" />
	<Point X="226" Y="85" T="undefined" />
	<Point X="234" Y="87" T="undefined" />
	<Point X="242" Y="89" T="undefined" />
	<Point X="252" Y="92" T="undefined" />
	<Point X="258" Y="94" T="undefined" />
	<Point X="267" Y="96" T="undefined" />
	<Point X="276" Y="99" T="undefined" />
	<Point X="284" Y="102" T="undefined" />
	<Point X="290" Y="104" T="undefined" />
	<Point X="296" Y="107" T="undefined" />
	<Point X="302" Y="110" T="undefined" />
	<Point X="305" Y="111" T="undefined" />
	<Point X="309" Y="114" T="undefined" />
	<Point X="311" Y="116" T="undefined" />
	<Point X="314" Y="119" T="undefined" />
	<Point X="317" Y="121" T="undefined" />
	<Point X="318" Y="123" T="undefined" />
	<Point X="319" Y="125" T="undefined" />
	<Point X="321" Y="128" T="undefined" />
	<Point X="321" Y="130" T="undefined" />
	<Point X="322" Y="133" T="undefined" />
	<Point X="322" Y="136" T="undefined" />
	<Point X="323" Y="139" T="undefined" />
	<Point X="323" Y="143" T="undefined" />
	<Point X="323" Y="147" T="undefined" />
	<Point X="323" Y="151" T="undefined" />
	<Point X="323" Y="155" T="undefined" />
	<Point X="321" Y="160" T="undefined" />
	<Point X="320" Y="164" T="undefined" />
	<Point X="318" Y="170" T="undefined" />
	<Point X="316" Y="175" T="undefined" />
	<Point X="313" Y="179" T="undefined" />
	<Point X="310" Y="185" T="undefined" />
	<Point X="306" Y="190" T="undefined" />
	<Point X="303" Y="194" T="undefined" />
	<Point X="300" Y="198" T="undefined" />
	<Point X="294" Y="205" T="undefined" />
	<Point X="292" Y="207" T="undefined" />
	<Point X="288" Y="212" T="undefined" />
	<Point X="282" Y="217" T="undefined" />
	<Point X="279" Y="220" T="undefined" />
	<Point X="275" Y="222" T="undefined" />
	<Point X="270" Y="226" T="undefined" />
	<Point X="266" Y="229" T="undefined" />
	<Point X="264" Y="230" T="undefined" />
	<Point X="260" Y="233" T="undefined" />
	<Point X="257" Y="235" T="undefined" />
	<Point X="254" Y="237" T="undefined" />
	<Point X="251" Y="238" T="undefined" />
	<Point X="250" Y="240" T="undefined" />
	<Point X="248" Y="241" T="undefined" />
	<Point X="247" Y="242" T="undefined" />
	<Point X="246" Y="242" T="undefined" />
	<Point X="246" Y="243" T="undefined" />
	<Point X="246" Y="244" T="undefined" />
	<Point X="245" Y="244" T="undefined" />
	<Point X="245" Y="245" T="undefined" />
	<Point X="245" Y="246" T="undefined" />
	<Point X="245" Y="247" T="undefined" />
	<Point X="245" Y="248" T="undefined" />
	<Point X="245" Y="249" T="undefined" />
	<Point X="245" Y="250" T="undefined" />
	<Point X="245" Y="252" T="undefined" />
	<Point X="245" Y="254" T="undefined" />
	<Point X="245" Y="256" T="undefined" />
	<Point X="245" Y="258" T="undefined" />
	<Point X="246" Y="260" T="undefined" />
	<Point X="247" Y="262" T="undefined" />
	<Point X="248" Y="264" T="undefined" />
	<Point X="249" Y="266" T="undefined" />
	<Point X="249" Y="267" T="undefined" />
	<Point X="250" Y="270" T="undefined" />
	<Point X="251" Y="271" T="undefined" />
	<Point X="252" Y="272" T="undefined" />
	<Point X="253" Y="273" T="undefined" />
	<Point X="253" Y="274" T="undefined" />
	<Point X="253" Y="275" T="undefined" />
	<Point X="253" Y="276" T="undefined" />
	<Point X="253" Y="277" T="undefined" />
	<Point X="253" Y="278" T="undefined" />
	<Point X="253" Y="279" T="undefined" />
	<Point X="252" Y="279" T="undefined" />
	<Point X="251" Y="279" T="undefined" />
	<Point X="251" Y="281" T="undefined" />
	<Point X="250" Y="281" T="undefined" />
	<Point X="249" Y="282" T="undefined" />
	<Point X="247" Y="282" T="undefined" />
	<Point X="246" Y="283" T="undefined" />
	<Point X="245" Y="283" T="undefined" />
	<Point X="245" Y="284" T="undefined" />
	<Point X="244" Y="284" T="undefined" />
	<Point X="243" Y="284" T="undefined" />
	<Point X="243" Y="285" T="undefined" />
	<Point X="242" Y="285" T="undefined" />
	<Point X="241" Y="285" T="undefined" />
	<Point X="240" Y="285" T="undefined" />
	<Point X="239" Y="285" T="undefined" />
	<Point X="238" Y="285" T="undefined" />
	<Point X="237" Y="285" T="undefined" />
	<Point X="236" Y="285" T="undefined" />
	<Point X="235" Y="285" T="undefined" />
	<Point X="236" Y="285" T="undefined" />
	<Point X="236" Y="286" T="undefined" />
	<Point X="237" Y="286" T="undefined" />
	<Point X="239" Y="287" T="undefined" />
	<Point X="241" Y="288" T="undefined" />
	<Point X="242" Y="289" T="undefined" />
	<Point X="244" Y="290" T="undefined" />
	<Point X="246" Y="291" T="undefined" />
	<Point X="248" Y="293" T="undefined" />
	<Point X="250" Y="295" T="undefined" />
	<Point X="252" Y="297" T="undefined" />
	<Point X="254" Y="299" T="undefined" />
	<Point X="257" Y="300" T="undefined" />
	<Point X="259" Y="303" T="undefined" />
	<Point X="262" Y="305" T="undefined" />
	<Point X="264" Y="307" T="undefined" />
	<Point X="267" Y="310" T="undefined" />
	<Point X="270" Y="312" T="undefined" />
	<Point X="272" Y="315" T="undefined" />
	<Point X="275" Y="318" T="undefined" />
	<Point X="278" Y="320" T="undefined" />
	<Point X="281" Y="324" T="undefined" />
	<Point X="283" Y="327" T="undefined" />
	<Point X="285" Y="329" T="undefined" />
	<Point X="288" Y="332" T="undefined" />
	<Point X="289" Y="335" T="undefined" />
	<Point X="292" Y="338" T="undefined" />
	<Point X="294" Y="340" T="undefined" />
	<Point X="296" Y="343" T="undefined" />
	<Point X="297" Y="346" T="undefined" />
	<Point X="300" Y="349" T="undefined" />
	<Point X="301" Y="352" T="undefined" />
	<Point X="303" Y="356" T="undefined" />
	<Point X="305" Y="360" T="undefined" />
	<Point X="307" Y="364" T="undefined" />
	<Point X="309" Y="368" T="undefined" />
	<Point X="310" Y="372" T="undefined" />
	<Point X="312" Y="376" T="undefined" />
	<Point X="314" Y="380" T="undefined" />
	<Point X="315" Y="383" T="undefined" />
	<Point X="316" Y="386" T="undefined" />
	<Point X="317" Y="389" T="undefined" />
	<Point X="318" Y="392" T="undefined" />
	<Point X="319" Y="394" T="undefined" />
	<Point X="320" Y="396" T="undefined" />
	<Point X="321" Y="399" T="undefined" />
	<Point X="322" Y="401" T="undefined" />
	<Point X="322" Y="403" T="undefined" />
	<Point X="322" Y="405" T="undefined" />
	<Point X="323" Y="408" T="undefined" />
	<Point X="323" Y="409" T="undefined" />
	<Point X="323" Y="410" T="undefined" />
	<Point X="323" Y="412" T="undefined" />
	<Point X="323" Y="413" T="undefined" />
	<Point X="323" Y="414" T="undefined" />
	<Point X="323" Y="416" T="undefined" />
	<Point X="322" Y="416" T="undefined" />
	<Point X="320" Y="416" T="undefined" />
	<Point X="318" Y="417" T="undefined" />
	<Point X="315" Y="417" T="undefined" />
	<Point X="311" Y="417" T="undefined" />
	<Point X="308" Y="417" T="undefined" />
	<Point X="304" Y="417" T="undefined" />
	<Point X="299" Y="417" T="undefined" />
	<Point X="295" Y="417" T="undefined" />
	<Point X="289" Y="417" T="undefined" />
	<Point X="284" Y="417" T="undefined" />
	<Point X="278" Y="417" T="undefined" />
	<Point X="273" Y="417" T="undefined" />
	<Point X="269" Y="417" T="undefined" />
	<Point X="263" Y="417" T="undefined" />
	<Point X="260" Y="417" T="undefined" />
	<Point X="256" Y="418" T="undefined" />
	<Point X="252" Y="419" T="undefined" />
	<Point X="249" Y="420" T="undefined" />
	<Point X="246" Y="420" T="undefined" />
	<Point X="243" Y="421" T="undefined" />
	<Point X="241" Y="421" T="undefined" />
	<Point X="239" Y="421" T="undefined" />
	<Point X="237" Y="421" T="undefined" />
	<Point X="236" Y="421" T="undefined" />
	<Point X="234" Y="421" T="undefined" />
	<Point X="233" Y="421" T="undefined" />
	<Point X="232" Y="421" T="undefined" />
	<Point X="229" Y="421" T="undefined" />
	<Point X="228" Y="421" T="undefined" />
	<Point X="227" Y="421" T="undefined" />
</Gesture>