<?xml version="1.0" encoding="utf-8" standalone="yes"?>
<Gesture Name="Right Curly Brace1" NumPts="315">
	<Point X="235" Y="70" T="undefined" />
	<Point X="235" Y="70" T="undefined" />
	<Point X="235" Y="70" T="undefined" />
	<Point X="236" Y="70" T="undefined" />
	<Point X="238" Y="70" T="undefined" />
	<Point X="240" Y="70" T="undefined" />
	<Point X="242" Y="70" T="undefined" />
	<Point X="244" Y="70" T="undefined" />
	<Point X="248" Y="70" T="undefined" />
	<Point X="251" Y="70" T="undefined" />
	<Point X="255" Y="70" T="undefined" />
	<Point X="257" Y="71" T="undefined" />
	<Point X="260" Y="71" T="undefined" />
	<Point X="264" Y="73" T="undefined" />
	<Point X="267" Y="73" T="undefined" />
	<Point X="270" Y="74" T="undefined" />
	<Point X="273" Y="76" T="undefined" />
	<Point X="278" Y="77" T="undefined" />
	<Point X="281" Y="78" T="undefined" />
	<Point X="284" Y="79" T="undefined" />
	<Point X="287" Y="80" T="undefined" />
	<Point X="290" Y="82" T="undefined" />
	<Point X="293" Y="83" T="undefined" />
	<Point X="296" Y="85" T="undefined" />
	<Point X="298" Y="86" T="undefined" />
	<Point X="300" Y="87" T="undefined" />
	<Point X="303" Y="89" T="undefined" />
	<Point X="305" Y="90" T="undefined" />
	<Point X="307" Y="92" T="undefined" />
	<Point X="309" Y="94" T="undefined" />
	<Point X="312" Y="96" T="undefined" />
	<Point X="313" Y="98" T="undefined" />
	<Point X="316" Y="100" T="undefined" />
	<Point X="318" Y="102" T="undefined" />
	<Point X="320" Y="104" T="undefined" />
	<Point X="322" Y="106" T="undefined" />
	<Point X="324" Y="107" T="undefined" />
	<Point X="326" Y="110" T="undefined" />
	<Point X="327" Y="112" T="undefined" />
	<Point X="329" Y="114" T="undefined" />
	<Point X="330" Y="116" T="undefined" />
	<Point X="331" Y="118" T="undefined" />
	<Point X="332" Y="120" T="undefined" />
	<Point X="333" Y="123" T="undefined" />
	<Point X="334" Y="126" T="undefined" />
	<Point X="335" Y="129" T="undefined" />
	<Point X="336" Y="133" T="undefined" />
	<Point X="337" Y="136" T="undefined" />
	<Point X="338" Y="139" T="undefined" />
	<Point X="338" Y="144" T="undefined" />
	<Point X="339" Y="148" T="undefined" />
	<Point X="340" Y="151" T="undefined" />
	<Point X="340" Y="156" T="undefined" />
	<Point X="340" Y="159" T="undefined" />
	<Point X="340" Y="164" T="undefined" />
	<Point X="340" Y="168" T="undefined" />
	<Point X="340" Y="172" T="undefined" />
	<Point X="340" Y="176" T="undefined" />
	<Point X="340" Y="181" T="undefined" />
	<Point X="340" Y="186" T="undefined" />
	<Point X="340" Y="190" T="undefined" />
	<Point X="339" Y="195" T="undefined" />
	<Point X="338" Y="200" T="undefined" />
	<Point X="337" Y="205" T="undefined" />
	<Point X="336" Y="210" T="undefined" />
	<Point X="335" Y="215" T="undefined" />
	<Point X="334" Y="220" T="undefined" />
	<Point X="333" Y="224" T="undefined" />
	<Point X="331" Y="228" T="undefined" />
	<Point X="331" Y="231" T="undefined" />
	<Point X="330" Y="235" T="undefined" />
	<Point X="329" Y="239" T="undefined" />
	<Point X="328" Y="241" T="undefined" />
	<Point X="327" Y="244" T="undefined" />
	<Point X="327" Y="247" T="undefined" />
	<Point X="326" Y="250" T="undefined" />
	<Point X="324" Y="253" T="undefined" />
	<Point X="324" Y="255" T="undefined" />
	<Point X="323" Y="257" T="undefined" />
	<Point X="322" Y="260" T="undefined" />
	<Point X="320" Y="262" T="undefined" />
	<Point X="319" Y="264" T="undefined" />
	<Point X="317" Y="265" T="undefined" />
	<Point X="316" Y="266" T="undefined" />
	<Point X="314" Y="268" T="undefined" />
	<Point X="313" Y="269" T="undefined" />
	<Point X="311" Y="270" T="undefined" />
	<Point X="309" Y="272" T="undefined" />
	<Point X="308" Y="273" T="undefined" />
	<Point X="306" Y="274" T="undefined" />
	<Point X="305" Y="274" T="undefined" />
	<Point X="303" Y="275" T="undefined" />
	<Point X="302" Y="277" T="undefined" />
	<Point X="301" Y="277" T="undefined" />
	<Point X="300" Y="278" T="undefined" />
	<Point X="299" Y="279" T="undefined" />
	<Point X="299" Y="280" T="undefined" />
	<Point X="299" Y="281" T="undefined" />
	<Point X="300" Y="281" T="undefined" />
	<Point X="300" Y="282" T="undefined" />
	<Point X="301" Y="282" T="undefined" />
	<Point X="302" Y="282" T="undefined" />
	<Point X="302" Y="283" T="undefined" />
	<Point X="303" Y="283" T="undefined" />
	<Point X="304" Y="283" T="undefined" />
	<Point X="304" Y="284" T="undefined" />
	<Point X="305" Y="284" T="undefined" />
	<Point X="306" Y="285" T="undefined" />
	<Point X="307" Y="285" T="undefined" />
	<Point X="308" Y="285" T="undefined" />
	<Point X="309" Y="285" T="undefined" />
	<Point X="309" Y="286" T="undefined" />
	<Point X="310" Y="286" T="undefined" />
	<Point X="312" Y="286" T="undefined" />
	<Point X="313" Y="286" T="undefined" />
	<Point X="314" Y="286" T="undefined" />
	<Point X="314" Y="287" T="undefined" />
	<Point X="316" Y="287" T="undefined" />
	<Point X="317" Y="287" T="undefined" />
	<Point X="317" Y="288" T="undefined" />
	<Point X="316" Y="289" T="undefined" />
	<Point X="315" Y="289" T="undefined" />
	<Point X="313" Y="290" T="undefined" />
	<Point X="311" Y="290" T="undefined" />
	<Point X="309" Y="291" T="undefined" />
	<Point X="307" Y="291" T="undefined" />
	<Point X="306" Y="291" T="undefined" />
	<Point X="304" Y="292" T="undefined" />
	<Point X="302" Y="292" T="undefined" />
	<Point X="301" Y="292" T="undefined" />
	<Point X="300" Y="293" T="undefined" />
	<Point X="299" Y="293" T="undefined" />
	<Point X="299" Y="294" T="undefined" />
	<Point X="299" Y="295" T="undefined" />
	<Point X="299" Y="296" T="undefined" />
	<Point X="300" Y="296" T="undefined" />
	<Point X="300" Y="297" T="undefined" />
	<Point X="300" Y="298" T="undefined" />
	<Point X="300" Y="299" T="undefined" />
	<Point X="301" Y="299" T="undefined" />
	<Point X="301" Y="300" T="undefined" />
	<Point X="301" Y="301" T="undefined" />
	<Point X="301" Y="302" T="undefined" />
	<Point X="301" Y="303" T="undefined" />
	<Point X="302" Y="304" T="undefined" />
	<Point X="302" Y="305" T="undefined" />
	<Point X="302" Y="306" T="undefined" />
	<Point X="302" Y="307" T="undefined" />
	<Point X="303" Y="307" T="undefined" />
	<Point X="303" Y="308" T="undefined" />
	<Point X="304" Y="308" T="undefined" />
	<Point X="304" Y="309" T="undefined" />
	<Point X="304" Y="310" T="undefined" />
	<Point X="305" Y="311" T="undefined" />
	<Point X="305" Y="312" T="undefined" />
	<Point X="305" Y="313" T="undefined" />
	<Point X="306" Y="314" T="undefined" />
	<Point X="306" Y="315" T="undefined" />
	<Point X="307" Y="316" T="undefined" />
	<Point X="308" Y="317" T="undefined" />
	<Point X="308" Y="318" T="undefined" />
	<Point X="308" Y="319" T="undefined" />
	<Point X="309" Y="321" T="undefined" />
	<Point X="309" Y="323" T="undefined" />
	<Point X="310" Y="324" T="undefined" />
	<Point X="310" Y="325" T="undefined" />
	<Point X="311" Y="327" T="undefined" />
	<Point X="312" Y="328" T="undefined" />
	<Point X="312" Y="330" T="undefined" />
	<Point X="312" Y="331" T="undefined" />
	<Point X="313" Y="332" T="undefined" />
	<Point X="313" Y="333" T="undefined" />
	<Point X="313" Y="334" T="undefined" />
	<Point X="313" Y="335" T="undefined" />
	<Point X="314" Y="336" T="undefined" />
	<Point X="314" Y="337" T="undefined" />
	<Point X="314" Y="338" T="undefined" />
	<Point X="314" Y="339" T="undefined" />
	<Point X="314" Y="340" T="undefined" />
	<Point X="314" Y="341" T="undefined" />
	<Point X="315" Y="343" T="undefined" />
	<Point X="315" Y="344" T="undefined" />
	<Point X="316" Y="346" T="undefined" />
	<Point X="316" Y="347" T="undefined" />
	<Point X="316" Y="348" T="undefined" />
	<Point X="316" Y="350" T="undefined" />
	<Point X="316" Y="352" T="undefined" />
	<Point X="316" Y="353" T="undefined" />
	<Point X="316" Y="355" T="undefined" />
	<Point X="316" Y="357" T="undefined" />
	<Point X="317" Y="359" T="undefined" />
	<Point X="317" Y="361" T="undefined" />
	<Point X="317" Y="363" T="undefined" />
	<Point X="317" Y="365" T="undefined" />
	<Point X="317" Y="367" T="undefined" />
	<Point X="317" Y="369" T="undefined" />
	<Point X="317" Y="371" T="undefined" />
	<Point X="317" Y="373" T="undefined" />
	<Point X="317" Y="376" T="undefined" />
	<Point X="317" Y="378" T="undefined" />
	<Point X="317" Y="380" T="undefined" />
	<Point X="317" Y="382" T="undefined" />
	<Point X="317" Y="385" T="undefined" />
	<Point X="317" Y="387" T="undefined" />
	<Point X="317" Y="389" T="undefined" />
	<Point X="317" Y="391" T="undefined" />
	<Point X="317" Y="393" T="undefined" />
	<Point X="317" Y="394" T="undefined" />
	<Point X="317" Y="396" T="undefined" />
	<Point X="317" Y="397" T="undefined" />
	<Point X="317" Y="399" T="undefined" />
	<Point X="316" Y="401" T="undefined" />
	<Point X="316" Y="402" T="undefined" />
	<Point X="315" Y="404" T="undefined" />
	<Point X="315" Y="405" T="undefined" />
	<Point X="315" Y="407" T="undefined" />
	<Point X="315" Y="409" T="undefined" />
	<Point X="314" Y="410" T="undefined" />
	<Point X="314" Y="412" T="undefined" />
	<Point X="314" Y="414" T="undefined" />
	<Point X="313" Y="415" T="undefined" />
	<Point X="313" Y="417" T="undefined" />
	<Point X="313" Y="418" T="undefined" />
	<Point X="313" Y="419" T="undefined" />
	<Point X="312" Y="421" T="undefined" />
	<Point X="311" Y="423" T="undefined" />
	<Point X="311" Y="425" T="undefined" />
	<Point X="311" Y="426" T="undefined" />
	<Point X="311" Y="427" T="undefined" />
	<Point X="310" Y="429" T="undefined" />
	<Point X="310" Y="431" T="undefined" />
	<Point X="310" Y="432" T="undefined" />
	<Point X="309" Y="434" T="undefined" />
	<Point X="309" Y="435" T="undefined" />
	<Point X="309" Y="436" T="undefined" />
	<Point X="308" Y="437" T="undefined" />
	<Point X="308" Y="438" T="undefined" />
	<Point X="307" Y="440" T="undefined" />
	<Point X="307" Y="441" T="undefined" />
	<Point X="306" Y="442" T="undefined" />
	<Point X="306" Y="443" T="undefined" />
	<Point X="305" Y="445" T="undefined" />
	<Point X="305" Y="446" T="undefined" />
	<Point X="303" Y="447" T="undefined" />
	<Point X="303" Y="448" T="undefined" />
	<Point X="302" Y="450" T="undefined" />
	<Point X="302" Y="451" T="undefined" />
	<Point X="301" Y="451" T="undefined" />
	<Point X="300" Y="452" T="undefined" />
	<Point X="299" Y="454" T="undefined" />
	<Point X="298" Y="455" T="undefined" />
	<Point X="297" Y="455" T="undefined" />
	<Point X="296" Y="456" T="undefined" />
	<Point X="295" Y="457" T="undefined" />
	<Point X="294" Y="458" T="undefined" />
	<Point X="293" Y="458" T="undefined" />
	<Point X="292" Y="459" T="undefined" />
	<Point X="290" Y="459" T="undefined" />
	<Point X="289" Y="459" T="undefined" />
	<Point X="287" Y="460" T="undefined" />
	<Point X="286" Y="460" T="undefined" />
	<Point X="284" Y="460" T="undefined" />
	<Point X="282" Y="461" T="undefined" />
	<Point X="280" Y="462" T="undefined" />
	<Point X="278" Y="462" T="undefined" />
	<Point X="277" Y="462" T="undefined" />
	<Point X="276" Y="462" T="undefined" />
	<Point X="274" Y="462" T="undefined" />
	<Point X="273" Y="462" T="undefined" />
	<Point X="272" Y="462" T="undefined" />
	<Point X="271" Y="462" T="undefined" />
	<Point X="270" Y="462" T="undefined" />
	<Point X="269" Y="462" T="undefined" />
	<Point X="268" Y="462" T="undefined" />
	<Point X="267" Y="462" T="undefined" />
	<Point X="266" Y="462" T="undefined" />
	<Point X="265" Y="462" T="undefined" />
	<Point X="264" Y="462" T="undefined" />
	<Point X="263" Y="462" T="undefined" />
	<Point X="262" Y="462" T="undefined" />
	<Point X="261" Y="462" T="undefined" />
	<Point X="260" Y="462" T="undefined" />
	<Point X="260" Y="461" T="undefined" />
	<Point X="259" Y="461" T="undefined" />
	<Point X="258" Y="461" T="undefined" />
	<Point X="257" Y="461" T="undefined" />
	<Point X="256" Y="461" T="undefined" />
	<Point X="255" Y="461" T="undefined" />
	<Point X="255" Y="460" T="undefined" />
	<Point X="254" Y="460" T="undefined" />
	<Point X="253" Y="460" T="undefined" />
	<Point X="252" Y="460" T="undefined" />
	<Point X="251" Y="460" T="undefined" />
	<Point X="250" Y="460" T="undefined" />
	<Point X="249" Y="460" T="undefined" />
	<Point X="248" Y="460" T="undefined" />
	<Point X="247" Y="460" T="undefined" />
	<Point X="246" Y="460" T="undefined" />
	<Point X="245" Y="460" T="undefined" />
	<Point X="244" Y="460" T="undefined" />
	<Point X="243" Y="460" T="undefined" />
	<Point X="242" Y="460" T="undefined" />
	<Point X="241" Y="460" T="undefined" />
	<Point X="240" Y="460" T="undefined" />
	<Point X="239" Y="460" T="undefined" />
	<Point X="237" Y="460" T="undefined" />
	<Point X="236" Y="461" T="undefined" />
	<Point X="235" Y="461" T="undefined" />
	<Point X="234" Y="461" T="undefined" />
	<Point X="232" Y="462" T="undefined" />
	<Point X="231" Y="462" T="undefined" />
	<Point X="229" Y="462" T="undefined" />
	<Point X="228" Y="462" T="undefined" />
	<Point X="227" Y="462" T="undefined" />
	<Point X="226" Y="462" T="undefined" />
</Gesture>