<?xml version="1.0" encoding="utf-8" standalone="yes"?>
<Gesture Name="Right Curly Brace7" NumPts="222">
	<Point X="181" Y="110" T="undefined" />
	<Point X="182" Y="110" T="undefined" />
	<Point X="182" Y="109" T="undefined" />
	<Point X="183" Y="109" T="undefined" />
	<Point X="184" Y="108" T="undefined" />
	<Point X="187" Y="107" T="undefined" />
	<Point X="188" Y="107" T="undefined" />
	<Point X="191" Y="106" T="undefined" />
	<Point X="194" Y="105" T="undefined" />
	<Point X="198" Y="105" T="undefined" />
	<Point X="200" Y="104" T="undefined" />
	<Point X="204" Y="103" T="undefined" />
	<Point X="208" Y="103" T="undefined" />
	<Point X="211" Y="103" T="undefined" />
	<Point X="215" Y="103" T="undefined" />
	<Point X="218" Y="103" T="undefined" />
	<Point X="221" Y="103" T="undefined" />
	<Point X="225" Y="103" T="undefined" />
	<Point X="228" Y="103" T="undefined" />
	<Point X="232" Y="103" T="undefined" />
	<Point X="236" Y="104" T="undefined" />
	<Point X="239" Y="105" T="undefined" />
	<Point X="242" Y="106" T="undefined" />
	<Point X="245" Y="106" T="undefined" />
	<Point X="248" Y="108" T="undefined" />
	<Point X="251" Y="109" T="undefined" />
	<Point X="253" Y="110" T="undefined" />
	<Point X="256" Y="112" T="undefined" />
	<Point X="259" Y="113" T="undefined" />
	<Point X="262" Y="114" T="undefined" />
	<Point X="265" Y="116" T="undefined" />
	<Point X="268" Y="117" T="undefined" />
	<Point X="270" Y="119" T="undefined" />
	<Point X="273" Y="121" T="undefined" />
	<Point X="275" Y="122" T="undefined" />
	<Point X="277" Y="124" T="undefined" />
	<Point X="279" Y="125" T="undefined" />
	<Point X="281" Y="126" T="undefined" />
	<Point X="283" Y="128" T="undefined" />
	<Point X="284" Y="129" T="undefined" />
	<Point X="285" Y="130" T="undefined" />
	<Point X="287" Y="132" T="undefined" />
	<Point X="288" Y="133" T="undefined" />
	<Point X="289" Y="135" T="undefined" />
	<Point X="290" Y="136" T="undefined" />
	<Point X="291" Y="138" T="undefined" />
	<Point X="292" Y="140" T="undefined" />
	<Point X="294" Y="143" T="undefined" />
	<Point X="295" Y="145" T="undefined" />
	<Point X="297" Y="147" T="undefined" />
	<Point X="298" Y="151" T="undefined" />
	<Point X="300" Y="154" T="undefined" />
	<Point X="301" Y="156" T="undefined" />
	<Point X="302" Y="159" T="undefined" />
	<Point X="303" Y="162" T="undefined" />
	<Point X="304" Y="164" T="undefined" />
	<Point X="305" Y="166" T="undefined" />
	<Point X="305" Y="168" T="undefined" />
	<Point X="305" Y="171" T="undefined" />
	<Point X="306" Y="174" T="undefined" />
	<Point X="306" Y="176" T="undefined" />
	<Point X="306" Y="179" T="undefined" />
	<Point X="306" Y="182" T="undefined" />
	<Point X="306" Y="184" T="undefined" />
	<Point X="306" Y="186" T="undefined" />
	<Point X="306" Y="189" T="undefined" />
	<Point X="306" Y="191" T="undefined" />
	<Point X="306" Y="194" T="undefined" />
	<Point X="306" Y="196" T="undefined" />
	<Point X="305" Y="199" T="undefined" />
	<Point X="305" Y="201" T="undefined" />
	<Point X="303" Y="203" T="undefined" />
	<Point X="302" Y="205" T="undefined" />
	<Point X="301" Y="208" T="undefined" />
	<Point X="300" Y="211" T="undefined" />
	<Point X="299" Y="213" T="undefined" />
	<Point X="298" Y="216" T="undefined" />
	<Point X="297" Y="219" T="undefined" />
	<Point X="296" Y="220" T="undefined" />
	<Point X="295" Y="223" T="undefined" />
	<Point X="294" Y="225" T="undefined" />
	<Point X="293" Y="227" T="undefined" />
	<Point X="293" Y="228" T="undefined" />
	<Point X="291" Y="230" T="undefined" />
	<Point X="290" Y="232" T="undefined" />
	<Point X="290" Y="233" T="undefined" />
	<Point X="289" Y="236" T="undefined" />
	<Point X="287" Y="238" T="undefined" />
	<Point X="286" Y="240" T="undefined" />
	<Point X="285" Y="242" T="undefined" />
	<Point X="284" Y="244" T="undefined" />
	<Point X="283" Y="246" T="undefined" />
	<Point X="282" Y="248" T="undefined" />
	<Point X="282" Y="250" T="undefined" />
	<Point X="281" Y="252" T="undefined" />
	<Point X="281" Y="254" T="undefined" />
	<Point X="281" Y="255" T="undefined" />
	<Point X="281" Y="256" T="undefined" />
	<Point X="281" Y="258" T="undefined" />
	<Point X="281" Y="259" T="undefined" />
	<Point X="281" Y="261" T="undefined" />
	<Point X="281" Y="262" T="undefined" />
	<Point X="281" Y="263" T="undefined" />
	<Point X="282" Y="265" T="undefined" />
	<Point X="283" Y="265" T="undefined" />
	<Point X="284" Y="266" T="undefined" />
	<Point X="284" Y="267" T="undefined" />
	<Point X="285" Y="268" T="undefined" />
	<Point X="286" Y="269" T="undefined" />
	<Point X="286" Y="270" T="undefined" />
	<Point X="288" Y="271" T="undefined" />
	<Point X="290" Y="272" T="undefined" />
	<Point X="292" Y="273" T="undefined" />
	<Point X="293" Y="274" T="undefined" />
	<Point X="295" Y="275" T="undefined" />
	<Point X="297" Y="277" T="undefined" />
	<Point X="299" Y="278" T="undefined" />
	<Point X="300" Y="279" T="undefined" />
	<Point X="302" Y="280" T="undefined" />
	<Point X="304" Y="281" T="undefined" />
	<Point X="305" Y="282" T="undefined" />
	<Point X="306" Y="282" T="undefined" />
	<Point X="306" Y="283" T="undefined" />
	<Point X="307" Y="283" T="undefined" />
	<Point X="307" Y="284" T="undefined" />
	<Point X="306" Y="285" T="undefined" />
	<Point X="305" Y="285" T="undefined" />
	<Point X="303" Y="285" T="undefined" />
	<Point X="301" Y="285" T="undefined" />
	<Point X="299" Y="285" T="undefined" />
	<Point X="297" Y="285" T="undefined" />
	<Point X="295" Y="285" T="undefined" />
	<Point X="293" Y="285" T="undefined" />
	<Point X="291" Y="285" T="undefined" />
	<Point X="290" Y="285" T="undefined" />
	<Point X="287" Y="285" T="undefined" />
	<Point X="286" Y="286" T="undefined" />
	<Point X="285" Y="286" T="undefined" />
	<Point X="285" Y="287" T="undefined" />
	<Point X="285" Y="288" T="undefined" />
	<Point X="285" Y="289" T="undefined" />
	<Point X="285" Y="290" T="undefined" />
	<Point X="285" Y="291" T="undefined" />
	<Point X="285" Y="292" T="undefined" />
	<Point X="285" Y="293" T="undefined" />
	<Point X="285" Y="294" T="undefined" />
	<Point X="285" Y="295" T="undefined" />
	<Point X="285" Y="296" T="undefined" />
	<Point X="285" Y="298" T="undefined" />
	<Point X="286" Y="299" T="undefined" />
	<Point X="286" Y="300" T="undefined" />
	<Point X="286" Y="302" T="undefined" />
	<Point X="287" Y="304" T="undefined" />
	<Point X="288" Y="306" T="undefined" />
	<Point X="288" Y="308" T="undefined" />
	<Point X="288" Y="311" T="undefined" />
	<Point X="289" Y="314" T="undefined" />
	<Point X="289" Y="316" T="undefined" />
	<Point X="289" Y="319" T="undefined" />
	<Point X="290" Y="322" T="undefined" />
	<Point X="290" Y="325" T="undefined" />
	<Point X="291" Y="328" T="undefined" />
	<Point X="292" Y="332" T="undefined" />
	<Point X="292" Y="335" T="undefined" />
	<Point X="292" Y="339" T="undefined" />
	<Point X="292" Y="342" T="undefined" />
	<Point X="293" Y="345" T="undefined" />
	<Point X="293" Y="349" T="undefined" />
	<Point X="293" Y="352" T="undefined" />
	<Point X="293" Y="356" T="undefined" />
	<Point X="293" Y="359" T="undefined" />
	<Point X="293" Y="361" T="undefined" />
	<Point X="293" Y="364" T="undefined" />
	<Point X="293" Y="368" T="undefined" />
	<Point X="293" Y="372" T="undefined" />
	<Point X="293" Y="376" T="undefined" />
	<Point X="293" Y="380" T="undefined" />
	<Point X="293" Y="383" T="undefined" />
	<Point X="293" Y="386" T="undefined" />
	<Point X="293" Y="389" T="undefined" />
	<Point X="293" Y="392" T="undefined" />
	<Point X="292" Y="395" T="undefined" />
	<Point X="291" Y="397" T="undefined" />
	<Point X="291" Y="399" T="undefined" />
	<Point X="290" Y="401" T="undefined" />
	<Point X="290" Y="402" T="undefined" />
	<Point X="289" Y="404" T="undefined" />
	<Point X="289" Y="405" T="undefined" />
	<Point X="288" Y="406" T="undefined" />
	<Point X="287" Y="408" T="undefined" />
	<Point X="286" Y="409" T="undefined" />
	<Point X="285" Y="409" T="undefined" />
	<Point X="285" Y="410" T="undefined" />
	<Point X="283" Y="411" T="undefined" />
	<Point X="281" Y="412" T="undefined" />
	<Point X="279" Y="413" T="undefined" />
	<Point X="276" Y="414" T="undefined" />
	<Point X="273" Y="415" T="undefined" />
	<Point X="269" Y="416" T="undefined" />
	<Point X="265" Y="417" T="undefined" />
	<Point X="261" Y="418" T="undefined" />
	<Point X="257" Y="420" T="undefined" />
	<Point X="252" Y="422" T="undefined" />
	<Point X="247" Y="424" T="undefined" />
	<Point X="243" Y="425" T="undefined" />
	<Point X="239" Y="426" T="undefined" />
	<Point X="235" Y="428" T="undefined" />
	<Point X="231" Y="429" T="undefined" />
	<Point X="228" Y="429" T="undefined" />
	<Point X="225" Y="430" T="undefined" />
	<Point X="223" Y="431" T="undefined" />
	<Point X="220" Y="431" T="undefined" />
	<Point X="217" Y="432" T="undefined" />
	<Point X="216" Y="432" T="undefined" />
	<Point X="213" Y="432" T="undefined" />
	<Point X="212" Y="432" T="undefined" />
	<Point X="210" Y="432" T="undefined" />
	<Point X="209" Y="432" T="undefined" />
	<Point X="207" Y="431" T="undefined" />
	<Point X="206" Y="431" T="undefined" />
	<Point X="205" Y="431" T="undefined" />
	<Point X="204" Y="430" T="undefined" />
</Gesture>