<?xml version="1.0" encoding="utf-8" standalone="yes"?>
<Gesture Name="Right Curly Brace9" NumPts="184">
	<Point X="234" Y="105" T="undefined" />
	<Point X="235" Y="105" T="undefined" />
	<Point X="237" Y="104" T="undefined" />
	<Point X="239" Y="104" T="undefined" />
	<Point X="241" Y="104" T="undefined" />
	<Point X="243" Y="104" T="undefined" />
	<Point X="246" Y="104" T="undefined" />
	<Point X="249" Y="104" T="undefined" />
	<Point X="251" Y="104" T="undefined" />
	<Point X="255" Y="105" T="undefined" />
	<Point X="258" Y="105" T="undefined" />
	<Point X="262" Y="106" T="undefined" />
	<Point X="265" Y="106" T="undefined" />
	<Point X="268" Y="107" T="undefined" />
	<Point X="272" Y="109" T="undefined" />
	<Point X="276" Y="110" T="undefined" />
	<Point X="280" Y="111" T="undefined" />
	<Point X="284" Y="113" T="undefined" />
	<Point X="290" Y="115" T="undefined" />
	<Point X="293" Y="116" T="undefined" />
	<Point X="296" Y="118" T="undefined" />
	<Point X="300" Y="120" T="undefined" />
	<Point X="304" Y="121" T="undefined" />
	<Point X="308" Y="124" T="undefined" />
	<Point X="310" Y="125" T="undefined" />
	<Point X="314" Y="128" T="undefined" />
	<Point X="317" Y="129" T="undefined" />
	<Point X="322" Y="133" T="undefined" />
	<Point X="323" Y="134" T="undefined" />
	<Point X="326" Y="136" T="undefined" />
	<Point X="329" Y="138" T="undefined" />
	<Point X="330" Y="139" T="undefined" />
	<Point X="333" Y="141" T="undefined" />
	<Point X="334" Y="143" T="undefined" />
	<Point X="336" Y="145" T="undefined" />
	<Point X="337" Y="147" T="undefined" />
	<Point X="339" Y="150" T="undefined" />
	<Point X="340" Y="152" T="undefined" />
	<Point X="341" Y="155" T="undefined" />
	<Point X="342" Y="159" T="undefined" />
	<Point X="343" Y="162" T="undefined" />
	<Point X="344" Y="165" T="undefined" />
	<Point X="345" Y="168" T="undefined" />
	<Point X="346" Y="173" T="undefined" />
	<Point X="347" Y="176" T="undefined" />
	<Point X="348" Y="180" T="undefined" />
	<Point X="349" Y="185" T="undefined" />
	<Point X="350" Y="189" T="undefined" />
	<Point X="351" Y="193" T="undefined" />
	<Point X="352" Y="197" T="undefined" />
	<Point X="353" Y="201" T="undefined" />
	<Point X="353" Y="205" T="undefined" />
	<Point X="354" Y="209" T="undefined" />
	<Point X="354" Y="214" T="undefined" />
	<Point X="354" Y="218" T="undefined" />
	<Point X="354" Y="221" T="undefined" />
	<Point X="354" Y="225" T="undefined" />
	<Point X="354" Y="229" T="undefined" />
	<Point X="354" Y="234" T="undefined" />
	<Point X="352" Y="238" T="undefined" />
	<Point X="351" Y="242" T="undefined" />
	<Point X="349" Y="246" T="undefined" />
	<Point X="347" Y="250" T="undefined" />
	<Point X="344" Y="254" T="undefined" />
	<Point X="342" Y="257" T="undefined" />
	<Point X="339" Y="262" T="undefined" />
	<Point X="336" Y="265" T="undefined" />
	<Point X="332" Y="270" T="undefined" />
	<Point X="329" Y="274" T="undefined" />
	<Point X="327" Y="277" T="undefined" />
	<Point X="325" Y="281" T="undefined" />
	<Point X="323" Y="283" T="undefined" />
	<Point X="321" Y="286" T="undefined" />
	<Point X="319" Y="288" T="undefined" />
	<Point X="318" Y="290" T="undefined" />
	<Point X="317" Y="291" T="undefined" />
	<Point X="316" Y="292" T="undefined" />
	<Point X="316" Y="293" T="undefined" />
	<Point X="315" Y="294" T="undefined" />
	<Point X="315" Y="295" T="undefined" />
	<Point X="315" Y="296" T="undefined" />
	<Point X="315" Y="297" T="undefined" />
	<Point X="315" Y="298" T="undefined" />
	<Point X="315" Y="299" T="undefined" />
	<Point X="315" Y="300" T="undefined" />
	<Point X="315" Y="301" T="undefined" />
	<Point X="316" Y="301" T="undefined" />
	<Point X="317" Y="302" T="undefined" />
	<Point X="318" Y="303" T="undefined" />
	<Point X="320" Y="304" T="undefined" />
	<Point X="322" Y="305" T="undefined" />
	<Point X="323" Y="306" T="undefined" />
	<Point X="326" Y="308" T="undefined" />
	<Point X="328" Y="309" T="undefined" />
	<Point X="331" Y="311" T="undefined" />
	<Point X="333" Y="313" T="undefined" />
	<Point X="335" Y="314" T="undefined" />
	<Point X="338" Y="315" T="undefined" />
	<Point X="340" Y="317" T="undefined" />
	<Point X="341" Y="317" T="undefined" />
	<Point X="342" Y="318" T="undefined" />
	<Point X="343" Y="318" T="undefined" />
	<Point X="343" Y="319" T="undefined" />
	<Point X="342" Y="319" T="undefined" />
	<Point X="341" Y="319" T="undefined" />
	<Point X="340" Y="319" T="undefined" />
	<Point X="337" Y="319" T="undefined" />
	<Point X="335" Y="319" T="undefined" />
	<Point X="332" Y="319" T="undefined" />
	<Point X="329" Y="319" T="undefined" />
	<Point X="326" Y="319" T="undefined" />
	<Point X="324" Y="319" T="undefined" />
	<Point X="321" Y="319" T="undefined" />
	<Point X="317" Y="320" T="undefined" />
	<Point X="315" Y="321" T="undefined" />
	<Point X="314" Y="321" T="undefined" />
	<Point X="313" Y="321" T="undefined" />
	<Point X="313" Y="322" T="undefined" />
	<Point X="312" Y="322" T="undefined" />
	<Point X="312" Y="323" T="undefined" />
	<Point X="312" Y="324" T="undefined" />
	<Point X="312" Y="325" T="undefined" />
	<Point X="312" Y="326" T="undefined" />
	<Point X="312" Y="327" T="undefined" />
	<Point X="312" Y="329" T="undefined" />
	<Point X="313" Y="330" T="undefined" />
	<Point X="313" Y="331" T="undefined" />
	<Point X="313" Y="334" T="undefined" />
	<Point X="313" Y="336" T="undefined" />
	<Point X="313" Y="339" T="undefined" />
	<Point X="313" Y="342" T="undefined" />
	<Point X="313" Y="346" T="undefined" />
	<Point X="313" Y="350" T="undefined" />
	<Point X="313" Y="354" T="undefined" />
	<Point X="314" Y="360" T="undefined" />
	<Point X="314" Y="364" T="undefined" />
	<Point X="314" Y="369" T="undefined" />
	<Point X="315" Y="374" T="undefined" />
	<Point X="315" Y="378" T="undefined" />
	<Point X="316" Y="383" T="undefined" />
	<Point X="316" Y="387" T="undefined" />
	<Point X="316" Y="391" T="undefined" />
	<Point X="317" Y="394" T="undefined" />
	<Point X="317" Y="398" T="undefined" />
	<Point X="317" Y="401" T="undefined" />
	<Point X="317" Y="404" T="undefined" />
	<Point X="317" Y="407" T="undefined" />
	<Point X="317" Y="410" T="undefined" />
	<Point X="317" Y="413" T="undefined" />
	<Point X="317" Y="416" T="undefined" />
	<Point X="316" Y="419" T="undefined" />
	<Point X="315" Y="421" T="undefined" />
	<Point X="315" Y="423" T="undefined" />
	<Point X="314" Y="425" T="undefined" />
	<Point X="312" Y="427" T="undefined" />
	<Point X="311" Y="429" T="undefined" />
	<Point X="310" Y="431" T="undefined" />
	<Point X="308" Y="433" T="undefined" />
	<Point X="307" Y="435" T="undefined" />
	<Point X="305" Y="437" T="undefined" />
	<Point X="302" Y="439" T="undefined" />
	<Point X="300" Y="441" T="undefined" />
	<Point X="298" Y="443" T="undefined" />
	<Point X="294" Y="446" T="undefined" />
	<Point X="291" Y="448" T="undefined" />
	<Point X="287" Y="450" T="undefined" />
	<Point X="284" Y="452" T="undefined" />
	<Point X="280" Y="455" T="undefined" />
	<Point X="276" Y="457" T="undefined" />
	<Point X="272" Y="459" T="undefined" />
	<Point X="268" Y="461" T="undefined" />
	<Point X="265" Y="462" T="undefined" />
	<Point X="262" Y="464" T="undefined" />
	<Point X="258" Y="465" T="undefined" />
	<Point X="254" Y="466" T="undefined" />
	<Point X="251" Y="468" T="undefined" />
	<Point X="247" Y="469" T="undefined" />
	<Point X="245" Y="470" T="undefined" />
	<Point X="242" Y="471" T="undefined" />
	<Point X="240" Y="472" T="undefined" />
	<Point X="238" Y="472" T="undefined" />
	<Point X="236" Y="473" T="undefined" />
	<Point X="235" Y="473" T="undefined" />
	<Point X="234" Y="473" T="undefined" />
</Gesture>