<?xml version="1.0" encoding="utf-8" standalone="yes"?>
<Gesture Name="Right Square Bracket0" NumPts="122">
	<Point X="125" Y="98" T="undefined" />
	<Point X="126" Y="98" T="undefined" />
	<Point X="127" Y="98" T="undefined" />
	<Point X="129" Y="98" T="undefined" />
	<Point X="132" Y="98" T="undefined" />
	<Point X="135" Y="98" T="undefined" />
	<Point X="139" Y="98" T="undefined" />
	<Point X="144" Y="98" T="undefined" />
	<Point X="150" Y="98" T="undefined" />
	<Point X="154" Y="98" T="undefined" />
	<Point X="161" Y="98" T="undefined" />
	<Point X="167" Y="99" T="undefined" />
	<Point X="172" Y="99" T="undefined" />
	<Point X="179" Y="100" T="undefined" />
	<Point X="185" Y="101" T="undefined" />
	<Point X="191" Y="101" T="undefined" />
	<Point X="197" Y="102" T="undefined" />
	<Point X="204" Y="103" T="undefined" />
	<Point X="209" Y="104" T="undefined" />
	<Point X="214" Y="104" T="undefined" />
	<Point X="218" Y="105" T="undefined" />
	<Point X="224" Y="105" T="undefined" />
	<Point X="228" Y="106" T="undefined" />
	<Point X="233" Y="106" T="undefined" />
	<Point X="238" Y="107" T="undefined" />
	<Point X="242" Y="107" T="undefined" />
	<Point X="244" Y="107" T="undefined" />
	<Point X="248" Y="107" T="undefined" />
	<Point X="251" Y="108" T="undefined" />
	<Point X="253" Y="108" T="undefined" />
	<Point X="255" Y="108" T="undefined" />
	<Point X="257" Y="108" T="undefined" />
	<Point X="259" Y="108" T="undefined" />
	<Point X="260" Y="108" T="undefined" />
	<Point X="262" Y="108" T="undefined" />
	<Point X="263" Y="108" T="undefined" />
	<Point X="264" Y="108" T="undefined" />
	<Point X="265" Y="108" T="undefined" />
	<Point X="266" Y="108" T="undefined" />
	<Point X="267" Y="108" T="undefined" />
	<Point X="267" Y="109" T="undefined" />
	<Point X="267" Y="110" T="undefined" />
	<Point X="267" Y="111" T="undefined" />
	<Point X="267" Y="114" T="undefined" />
	<Point X="267" Y="118" T="undefined" />
	<Point X="267" Y="122" T="undefined" />
	<Point X="265" Y="128" T="undefined" />
	<Point X="263" Y="135" T="undefined" />
	<Point X="262" Y="143" T="undefined" />
	<Point X="259" Y="155" T="undefined" />
	<Point X="256" Y="168" T="undefined" />
	<Point X="253" Y="180" T="undefined" />
	<Point X="250" Y="196" T="undefined" />
	<Point X="247" Y="211" T="undefined" />
	<Point X="244" Y="229" T="undefined" />
	<Point X="241" Y="248" T="undefined" />
	<Point X="238" Y="263" T="undefined" />
	<Point X="235" Y="283" T="undefined" />
	<Point X="234" Y="296" T="undefined" />
	<Point X="232" Y="312" T="undefined" />
	<Point X="230" Y="326" T="undefined" />
	<Point X="229" Y="340" T="undefined" />
	<Point X="229" Y="348" T="undefined" />
	<Point X="228" Y="359" T="undefined" />
	<Point X="228" Y="366" T="undefined" />
	<Point X="228" Y="370" T="undefined" />
	<Point X="228" Y="374" T="undefined" />
	<Point X="228" Y="378" T="undefined" />
	<Point X="228" Y="380" T="undefined" />
	<Point X="228" Y="382" T="undefined" />
	<Point X="228" Y="383" T="undefined" />
	<Point X="228" Y="384" T="undefined" />
	<Point X="228" Y="385" T="undefined" />
	<Point X="228" Y="386" T="undefined" />
	<Point X="228" Y="387" T="undefined" />
	<Point X="228" Y="388" T="undefined" />
	<Point X="228" Y="389" T="undefined" />
	<Point X="228" Y="390" T="undefined" />
	<Point X="228" Y="391" T="undefined" />
	<Point X="228" Y="392" T="undefined" />
	<Point X="228" Y="393" T="undefined" />
	<Point X="228" Y="394" T="undefined" />
	<Point X="228" Y="395" T="undefined" />
	<Point X="228" Y="396" T="undefined" />
	<Point X="228" Y="397" T="undefined" />
	<Point X="227" Y="397" T="undefined" />
	<Point X="227" Y="399" T="undefined" />
	<Point X="226" Y="399" T="undefined" />
	<Point X="226" Y="400" T="undefined" />
	<Point X="226" Y="401" T="undefined" />
	<Point X="225" Y="401" T="undefined" />
	<Point X="225" Y="403" T="undefined" />
	<Point X="224" Y="403" T="undefined" />
	<Point X="224" Y="404" T="undefined" />
	<Point X="222" Y="405" T="undefined" />
	<Point X="222" Y="406" T="undefined" />
	<Point X="221" Y="407" T="undefined" />
	<Point X="220" Y="407" T="undefined" />
	<Point X="218" Y="408" T="undefined" />
	<Point X="217" Y="409" T="undefined" />
	<Point X="216" Y="410" T="undefined" />
	<Point X="213" Y="411" T="undefined" />
	<Point X="210" Y="412" T="undefined" />
	<Point X="206" Y="413" T="undefined" />
	<Point X="202" Y="414" T="undefined" />
	<Point X="196" Y="416" T="undefined" />
	<Point X="189" Y="417" T="undefined" />
	<Point X="180" Y="418" T="undefined" />
	<Point X="171" Y="420" T="undefined" />
	<Point X="161" Y="420" T="undefined" />
	<Point X="152" Y="421" T="undefined" />
	<Point X="143" Y="422" T="undefined" />
	<Point X="136" Y="422" T="undefined" />
	<Point X="128" Y="423" T="undefined" />
	<Point X="122" Y="423" T="undefined" />
	<Point X="117" Y="423" T="undefined" />
	<Point X="112" Y="423" T="undefined" />
	<Point X="109" Y="423" T="undefined" />
	<Point X="107" Y="423" T="undefined" />
	<Point X="105" Y="423" T="undefined" />
	<Point X="104" Y="423" T="undefined" />
	<Point X="103" Y="423" T="undefined" />
</Gesture>