<?xml version="1.0" encoding="utf-8" standalone="yes"?>
<Gesture Name="Right Square Bracket8" NumPts="114">
	<Point X="195" Y="102" T="undefined" />
	<Point X="198" Y="102" T="undefined" />
	<Point X="199" Y="103" T="undefined" />
	<Point X="201" Y="103" T="undefined" />
	<Point X="203" Y="103" T="undefined" />
	<Point X="205" Y="103" T="undefined" />
	<Point X="207" Y="103" T="undefined" />
	<Point X="210" Y="103" T="undefined" />
	<Point X="212" Y="103" T="undefined" />
	<Point X="216" Y="103" T="undefined" />
	<Point X="223" Y="104" T="undefined" />
	<Point X="226" Y="104" T="undefined" />
	<Point X="232" Y="106" T="undefined" />
	<Point X="239" Y="106" T="undefined" />
	<Point X="248" Y="108" T="undefined" />
	<Point X="255" Y="109" T="undefined" />
	<Point X="269" Y="111" T="undefined" />
	<Point X="274" Y="112" T="undefined" />
	<Point X="284" Y="114" T="undefined" />
	<Point X="294" Y="115" T="undefined" />
	<Point X="301" Y="116" T="undefined" />
	<Point X="309" Y="118" T="undefined" />
	<Point X="319" Y="120" T="undefined" />
	<Point X="324" Y="121" T="undefined" />
	<Point X="330" Y="123" T="undefined" />
	<Point X="335" Y="124" T="undefined" />
	<Point X="340" Y="126" T="undefined" />
	<Point X="344" Y="127" T="undefined" />
	<Point X="347" Y="129" T="undefined" />
	<Point X="350" Y="130" T="undefined" />
	<Point X="352" Y="131" T="undefined" />
	<Point X="353" Y="132" T="undefined" />
	<Point X="354" Y="133" T="undefined" />
	<Point X="355" Y="135" T="undefined" />
	<Point X="356" Y="136" T="undefined" />
	<Point X="357" Y="138" T="undefined" />
	<Point X="357" Y="141" T="undefined" />
	<Point X="358" Y="144" T="undefined" />
	<Point X="358" Y="148" T="undefined" />
	<Point X="359" Y="154" T="undefined" />
	<Point X="359" Y="163" T="undefined" />
	<Point X="359" Y="169" T="undefined" />
	<Point X="359" Y="180" T="undefined" />
	<Point X="358" Y="190" T="undefined" />
	<Point X="356" Y="207" T="undefined" />
	<Point X="353" Y="224" T="undefined" />
	<Point X="350" Y="246" T="undefined" />
	<Point X="349" Y="256" T="undefined" />
	<Point X="346" Y="273" T="undefined" />
	<Point X="343" Y="289" T="undefined" />
	<Point X="342" Y="304" T="undefined" />
	<Point X="340" Y="317" T="undefined" />
	<Point X="339" Y="328" T="undefined" />
	<Point X="338" Y="338" T="undefined" />
	<Point X="336" Y="349" T="undefined" />
	<Point X="334" Y="356" T="undefined" />
	<Point X="333" Y="363" T="undefined" />
	<Point X="331" Y="370" T="undefined" />
	<Point X="330" Y="378" T="undefined" />
	<Point X="328" Y="383" T="undefined" />
	<Point X="327" Y="388" T="undefined" />
	<Point X="325" Y="392" T="undefined" />
	<Point X="324" Y="397" T="undefined" />
	<Point X="323" Y="400" T="undefined" />
	<Point X="321" Y="403" T="undefined" />
	<Point X="320" Y="406" T="undefined" />
	<Point X="318" Y="408" T="undefined" />
	<Point X="317" Y="411" T="undefined" />
	<Point X="316" Y="412" T="undefined" />
	<Point X="315" Y="414" T="undefined" />
	<Point X="313" Y="415" T="undefined" />
	<Point X="312" Y="416" T="undefined" />
	<Point X="311" Y="417" T="undefined" />
	<Point X="310" Y="418" T="undefined" />
	<Point X="309" Y="420" T="undefined" />
	<Point X="307" Y="421" T="undefined" />
	<Point X="306" Y="422" T="undefined" />
	<Point X="304" Y="424" T="undefined" />
	<Point X="303" Y="425" T="undefined" />
	<Point X="302" Y="426" T="undefined" />
	<Point X="300" Y="428" T="undefined" />
	<Point X="299" Y="429" T="undefined" />
	<Point X="298" Y="430" T="undefined" />
	<Point X="296" Y="431" T="undefined" />
	<Point X="294" Y="432" T="undefined" />
	<Point X="292" Y="433" T="undefined" />
	<Point X="291" Y="434" T="undefined" />
	<Point X="290" Y="435" T="undefined" />
	<Point X="289" Y="436" T="undefined" />
	<Point X="288" Y="436" T="undefined" />
	<Point X="287" Y="436" T="undefined" />
	<Point X="286" Y="436" T="undefined" />
	<Point X="284" Y="436" T="undefined" />
	<Point X="283" Y="436" T="undefined" />
	<Point X="282" Y="436" T="undefined" />
	<Point X="280" Y="436" T="undefined" />
	<Point X="279" Y="436" T="undefined" />
	<Point X="276" Y="436" T="undefined" />
	<Point X="274" Y="435" T="undefined" />
	<Point X="270" Y="434" T="undefined" />
	<Point X="266" Y="433" T="undefined" />
	<Point X="260" Y="431" T="undefined" />
	<Point X="255" Y="430" T="undefined" />
	<Point X="248" Y="428" T="undefined" />
	<Point X="240" Y="427" T="undefined" />
	<Point X="230" Y="426" T="undefined" />
	<Point X="225" Y="424" T="undefined" />
	<Point X="218" Y="424" T="undefined" />
	<Point X="212" Y="424" T="undefined" />
	<Point X="208" Y="424" T="undefined" />
	<Point X="204" Y="423" T="undefined" />
	<Point X="200" Y="423" T="undefined" />
	<Point X="197" Y="423" T="undefined" />
	<Point X="196" Y="423" T="undefined" />
</Gesture>