<?xml version="1.0" encoding="utf-8" standalone="yes"?>
<Gesture Name="Right Square Bracket3" NumPts="129">
	<Point X="201" Y="131" T="undefined" />
	<Point X="201" Y="131" T="undefined" />
	<Point X="201" Y="131" T="undefined" />
	<Point X="203" Y="131" T="undefined" />
	<Point X="206" Y="131" T="undefined" />
	<Point X="209" Y="131" T="undefined" />
	<Point X="214" Y="132" T="undefined" />
	<Point X="220" Y="132" T="undefined" />
	<Point X="226" Y="132" T="undefined" />
	<Point X="235" Y="132" T="undefined" />
	<Point X="242" Y="132" T="undefined" />
	<Point X="251" Y="132" T="undefined" />
	<Point X="259" Y="132" T="undefined" />
	<Point X="270" Y="132" T="undefined" />
	<Point X="278" Y="132" T="undefined" />
	<Point X="287" Y="132" T="undefined" />
	<Point X="293" Y="132" T="undefined" />
	<Point X="302" Y="132" T="undefined" />
	<Point X="309" Y="133" T="undefined" />
	<Point X="316" Y="134" T="undefined" />
	<Point X="323" Y="135" T="undefined" />
	<Point X="329" Y="136" T="undefined" />
	<Point X="333" Y="137" T="undefined" />
	<Point X="340" Y="138" T="undefined" />
	<Point X="344" Y="139" T="undefined" />
	<Point X="349" Y="140" T="undefined" />
	<Point X="352" Y="141" T="undefined" />
	<Point X="355" Y="142" T="undefined" />
	<Point X="357" Y="142" T="undefined" />
	<Point X="360" Y="143" T="undefined" />
	<Point X="362" Y="144" T="undefined" />
	<Point X="362" Y="145" T="undefined" />
	<Point X="363" Y="145" T="undefined" />
	<Point X="363" Y="145" T="undefined" />
	<Point X="363" Y="145" T="undefined" />
	<Point X="363" Y="145" T="undefined" />
	<Point X="363" Y="146" T="undefined" />
	<Point X="364" Y="146" T="undefined" />
	<Point X="365" Y="147" T="undefined" />
	<Point X="366" Y="149" T="undefined" />
	<Point X="366" Y="151" T="undefined" />
	<Point X="367" Y="154" T="undefined" />
	<Point X="369" Y="157" T="undefined" />
	<Point X="370" Y="162" T="undefined" />
	<Point X="370" Y="166" T="undefined" />
	<Point X="372" Y="172" T="undefined" />
	<Point X="373" Y="180" T="undefined" />
	<Point X="373" Y="188" T="undefined" />
	<Point X="374" Y="199" T="undefined" />
	<Point X="375" Y="210" T="undefined" />
	<Point X="376" Y="223" T="undefined" />
	<Point X="376" Y="238" T="undefined" />
	<Point X="377" Y="254" T="undefined" />
	<Point X="378" Y="265" T="undefined" />
	<Point X="379" Y="282" T="undefined" />
	<Point X="380" Y="296" T="undefined" />
	<Point X="381" Y="307" T="undefined" />
	<Point X="381" Y="320" T="undefined" />
	<Point X="382" Y="333" T="undefined" />
	<Point X="383" Y="344" T="undefined" />
	<Point X="384" Y="351" T="undefined" />
	<Point X="385" Y="386" T="undefined" />
	<Point X="385" Y="390" T="undefined" />
	<Point X="385" Y="395" T="undefined" />
	<Point X="385" Y="399" T="undefined" />
	<Point X="385" Y="404" T="undefined" />
	<Point X="385" Y="406" T="undefined" />
	<Point X="385" Y="410" T="undefined" />
	<Point X="385" Y="413" T="undefined" />
	<Point X="385" Y="416" T="undefined" />
	<Point X="385" Y="419" T="undefined" />
	<Point X="385" Y="422" T="undefined" />
	<Point X="385" Y="424" T="undefined" />
	<Point X="384" Y="427" T="undefined" />
	<Point X="384" Y="429" T="undefined" />
	<Point X="384" Y="430" T="undefined" />
	<Point X="384" Y="431" T="undefined" />
	<Point X="384" Y="433" T="undefined" />
	<Point X="384" Y="434" T="undefined" />
	<Point X="384" Y="435" T="undefined" />
	<Point X="384" Y="436" T="undefined" />
	<Point X="384" Y="437" T="undefined" />
	<Point X="384" Y="438" T="undefined" />
	<Point X="384" Y="439" T="undefined" />
	<Point X="384" Y="440" T="undefined" />
	<Point X="384" Y="441" T="undefined" />
	<Point X="383" Y="441" T="undefined" />
	<Point X="382" Y="441" T="undefined" />
	<Point X="381" Y="441" T="undefined" />
	<Point X="380" Y="441" T="undefined" />
	<Point X="377" Y="441" T="undefined" />
	<Point X="375" Y="441" T="undefined" />
	<Point X="370" Y="441" T="undefined" />
	<Point X="365" Y="440" T="undefined" />
	<Point X="359" Y="440" T="undefined" />
	<Point X="353" Y="439" T="undefined" />
	<Point X="344" Y="438" T="undefined" />
	<Point X="336" Y="437" T="undefined" />
	<Point X="326" Y="437" T="undefined" />
	<Point X="319" Y="436" T="undefined" />
	<Point X="309" Y="436" T="undefined" />
	<Point X="302" Y="436" T="undefined" />
	<Point X="294" Y="436" T="undefined" />
	<Point X="287" Y="436" T="undefined" />
	<Point X="280" Y="437" T="undefined" />
	<Point X="275" Y="438" T="undefined" />
	<Point X="271" Y="438" T="undefined" />
	<Point X="268" Y="438" T="undefined" />
	<Point X="266" Y="439" T="undefined" />
	<Point X="263" Y="439" T="undefined" />
	<Point X="261" Y="439" T="undefined" />
	<Point X="259" Y="439" T="undefined" />
	<Point X="258" Y="439" T="undefined" />
	<Point X="255" Y="439" T="undefined" />
	<Point X="254" Y="439" T="undefined" />
	<Point X="252" Y="439" T="undefined" />
	<Point X="250" Y="439" T="undefined" />
	<Point X="249" Y="439" T="undefined" />
	<Point X="247" Y="440" T="undefined" />
	<Point X="246" Y="440" T="undefined" />
	<Point X="245" Y="440" T="undefined" />
	<Point X="244" Y="440" T="undefined" />
	<Point X="243" Y="440" T="undefined" />
	<Point X="242" Y="440" T="undefined" />
	<Point X="241" Y="440" T="undefined" />
	<Point X="240" Y="440" T="undefined" />
	<Point X="239" Y="440" T="undefined" />
	<Point X="239" Y="439" T="undefined" />
	<Point X="239" Y="438" T="undefined" />
</Gesture>