<?xml version="1.0" encoding="utf-8" standalone="yes"?>
<Gesture Name="Right Square Bracket4" NumPts="151">
	<Point X="115" Y="121" T="undefined" />
	<Point X="115" Y="121" T="undefined" />
	<Point X="115" Y="121" T="undefined" />
	<Point X="115" Y="121" T="undefined" />
	<Point X="115" Y="121" T="undefined" />
	<Point X="115" Y="121" T="undefined" />
	<Point X="116" Y="121" T="undefined" />
	<Point X="117" Y="121" T="undefined" />
	<Point X="119" Y="121" T="undefined" />
	<Point X="121" Y="121" T="undefined" />
	<Point X="124" Y="121" T="undefined" />
	<Point X="127" Y="121" T="undefined" />
	<Point X="131" Y="122" T="undefined" />
	<Point X="135" Y="122" T="undefined" />
	<Point X="138" Y="123" T="undefined" />
	<Point X="145" Y="124" T="undefined" />
	<Point X="149" Y="124" T="undefined" />
	<Point X="155" Y="125" T="undefined" />
	<Point X="177" Y="129" T="undefined" />
	<Point X="190" Y="131" T="undefined" />
	<Point X="200" Y="133" T="undefined" />
	<Point X="204" Y="133" T="undefined" />
	<Point X="212" Y="135" T="undefined" />
	<Point X="219" Y="136" T="undefined" />
	<Point X="231" Y="138" T="undefined" />
	<Point X="234" Y="138" T="undefined" />
	<Point X="240" Y="139" T="undefined" />
	<Point X="246" Y="140" T="undefined" />
	<Point X="251" Y="141" T="undefined" />
	<Point X="256" Y="141" T="undefined" />
	<Point X="261" Y="142" T="undefined" />
	<Point X="265" Y="142" T="undefined" />
	<Point X="269" Y="143" T="undefined" />
	<Point X="273" Y="144" T="undefined" />
	<Point X="275" Y="144" T="undefined" />
	<Point X="278" Y="145" T="undefined" />
	<Point X="282" Y="145" T="undefined" />
	<Point X="284" Y="145" T="undefined" />
	<Point X="286" Y="146" T="undefined" />
	<Point X="287" Y="146" T="undefined" />
	<Point X="288" Y="146" T="undefined" />
	<Point X="289" Y="146" T="undefined" />
	<Point X="290" Y="147" T="undefined" />
	<Point X="291" Y="147" T="undefined" />
	<Point X="291" Y="148" T="undefined" />
	<Point X="291" Y="148" T="undefined" />
	<Point X="291" Y="148" T="undefined" />
	<Point X="291" Y="148" T="undefined" />
	<Point X="291" Y="148" T="undefined" />
	<Point X="291" Y="148" T="undefined" />
	<Point X="292" Y="149" T="undefined" />
	<Point X="292" Y="149" T="undefined" />
	<Point X="293" Y="151" T="undefined" />
	<Point X="293" Y="153" T="undefined" />
	<Point X="293" Y="155" T="undefined" />
	<Point X="294" Y="158" T="undefined" />
	<Point X="294" Y="164" T="undefined" />
	<Point X="294" Y="170" T="undefined" />
	<Point X="294" Y="176" T="undefined" />
	<Point X="294" Y="185" T="undefined" />
	<Point X="294" Y="195" T="undefined" />
	<Point X="294" Y="200" T="undefined" />
	<Point X="292" Y="218" T="undefined" />
	<Point X="292" Y="230" T="undefined" />
	<Point X="290" Y="242" T="undefined" />
	<Point X="289" Y="260" T="undefined" />
	<Point X="288" Y="266" T="undefined" />
	<Point X="287" Y="283" T="undefined" />
	<Point X="284" Y="303" T="undefined" />
	<Point X="284" Y="307" T="undefined" />
	<Point X="282" Y="323" T="undefined" />
	<Point X="280" Y="339" T="undefined" />
	<Point X="279" Y="350" T="undefined" />
	<Point X="278" Y="356" T="undefined" />
	<Point X="278" Y="365" T="undefined" />
	<Point X="276" Y="375" T="undefined" />
	<Point X="276" Y="387" T="undefined" />
	<Point X="275" Y="390" T="undefined" />
	<Point X="275" Y="395" T="undefined" />
	<Point X="275" Y="399" T="undefined" />
	<Point X="274" Y="401" T="undefined" />
	<Point X="274" Y="405" T="undefined" />
	<Point X="274" Y="407" T="undefined" />
	<Point X="273" Y="410" T="undefined" />
	<Point X="272" Y="412" T="undefined" />
	<Point X="272" Y="413" T="undefined" />
	<Point X="272" Y="415" T="undefined" />
	<Point X="272" Y="417" T="undefined" />
	<Point X="272" Y="418" T="undefined" />
	<Point X="272" Y="418" T="undefined" />
	<Point X="271" Y="418" T="undefined" />
	<Point X="271" Y="418" T="undefined" />
	<Point X="271" Y="418" T="undefined" />
	<Point X="271" Y="418" T="undefined" />
	<Point X="271" Y="418" T="undefined" />
	<Point X="271" Y="418" T="undefined" />
	<Point X="271" Y="418" T="undefined" />
	<Point X="271" Y="419" T="undefined" />
	<Point X="271" Y="419" T="undefined" />
	<Point X="271" Y="419" T="undefined" />
	<Point X="271" Y="419" T="undefined" />
	<Point X="271" Y="419" T="undefined" />
	<Point X="271" Y="419" T="undefined" />
	<Point X="271" Y="419" T="undefined" />
	<Point X="271" Y="419" T="undefined" />
	<Point X="271" Y="419" T="undefined" />
	<Point X="271" Y="419" T="undefined" />
	<Point X="271" Y="419" T="undefined" />
	<Point X="271" Y="419" T="undefined" />
	<Point X="271" Y="419" T="undefined" />
	<Point X="270" Y="419" T="undefined" />
	<Point X="261" Y="421" T="undefined" />
	<Point X="254" Y="422" T="undefined" />
	<Point X="249" Y="423" T="undefined" />
	<Point X="240" Y="424" T="undefined" />
	<Point X="233" Y="424" T="undefined" />
	<Point X="219" Y="425" T="undefined" />
	<Point X="217" Y="425" T="undefined" />
	<Point X="208" Y="426" T="undefined" />
	<Point X="200" Y="426" T="undefined" />
	<Point X="190" Y="426" T="undefined" />
	<Point X="183" Y="426" T="undefined" />
	<Point X="172" Y="427" T="undefined" />
	<Point X="167" Y="427" T="undefined" />
	<Point X="161" Y="427" T="undefined" />
	<Point X="153" Y="427" T="undefined" />
	<Point X="147" Y="427" T="undefined" />
	<Point X="144" Y="427" T="undefined" />
	<Point X="130" Y="427" T="undefined" />
	<Point X="129" Y="427" T="undefined" />
	<Point X="126" Y="427" T="undefined" />
	<Point X="124" Y="427" T="undefined" />
	<Point X="123" Y="427" T="undefined" />
	<Point X="122" Y="427" T="undefined" />
	<Point X="122" Y="427" T="undefined" />
	<Point X="122" Y="427" T="undefined" />
	<Point X="122" Y="427" T="undefined" />
	<Point X="122" Y="427" T="undefined" />
	<Point X="122" Y="427" T="undefined" />
	<Point X="122" Y="427" T="undefined" />
	<Point X="122" Y="427" T="undefined" />
	<Point X="122" Y="427" T="undefined" />
	<Point X="122" Y="427" T="undefined" />
	<Point X="122" Y="427" T="undefined" />
	<Point X="122" Y="427" T="undefined" />
	<Point X="122" Y="427" T="undefined" />
	<Point X="122" Y="427" T="undefined" />
	<Point X="122" Y="427" T="undefined" />
	<Point X="122" Y="427" T="undefined" />
	<Point X="122" Y="427" T="undefined" />
	<Point X="122" Y="427" T="undefined" />
</Gesture>