<?xml version="1.0" encoding="utf-8" standalone="yes"?>
<Gesture Name="Right Curly Brace2" NumPts="242">
	<Point X="199" Y="121" T="undefined" />
	<Point X="199" Y="121" T="undefined" />
	<Point X="200" Y="121" T="undefined" />
	<Point X="201" Y="120" T="undefined" />
	<Point X="203" Y="120" T="undefined" />
	<Point X="204" Y="120" T="undefined" />
	<Point X="207" Y="120" T="undefined" />
	<Point X="210" Y="120" T="undefined" />
	<Point X="214" Y="120" T="undefined" />
	<Point X="217" Y="120" T="undefined" />
	<Point X="221" Y="121" T="undefined" />
	<Point X="226" Y="122" T="undefined" />
	<Point X="230" Y="123" T="undefined" />
	<Point X="235" Y="124" T="undefined" />
	<Point X="240" Y="125" T="undefined" />
	<Point X="246" Y="127" T="undefined" />
	<Point X="249" Y="128" T="undefined" />
	<Point X="254" Y="129" T="undefined" />
	<Point X="258" Y="131" T="undefined" />
	<Point X="262" Y="133" T="undefined" />
	<Point X="267" Y="136" T="undefined" />
	<Point X="270" Y="138" T="undefined" />
	<Point X="274" Y="139" T="undefined" />
	<Point X="277" Y="141" T="undefined" />
	<Point X="281" Y="144" T="undefined" />
	<Point X="283" Y="145" T="undefined" />
	<Point X="286" Y="148" T="undefined" />
	<Point X="288" Y="150" T="undefined" />
	<Point X="290" Y="153" T="undefined" />
	<Point X="292" Y="155" T="undefined" />
	<Point X="294" Y="157" T="undefined" />
	<Point X="295" Y="160" T="undefined" />
	<Point X="297" Y="161" T="undefined" />
	<Point X="298" Y="163" T="undefined" />
	<Point X="299" Y="165" T="undefined" />
	<Point X="299" Y="167" T="undefined" />
	<Point X="301" Y="169" T="undefined" />
	<Point X="301" Y="172" T="undefined" />
	<Point X="302" Y="174" T="undefined" />
	<Point X="302" Y="176" T="undefined" />
	<Point X="302" Y="179" T="undefined" />
	<Point X="302" Y="181" T="undefined" />
	<Point X="302" Y="185" T="undefined" />
	<Point X="302" Y="188" T="undefined" />
	<Point X="302" Y="190" T="undefined" />
	<Point X="302" Y="194" T="undefined" />
	<Point X="302" Y="197" T="undefined" />
	<Point X="301" Y="200" T="undefined" />
	<Point X="300" Y="203" T="undefined" />
	<Point X="299" Y="206" T="undefined" />
	<Point X="298" Y="209" T="undefined" />
	<Point X="296" Y="211" T="undefined" />
	<Point X="295" Y="215" T="undefined" />
	<Point X="293" Y="218" T="undefined" />
	<Point X="292" Y="220" T="undefined" />
	<Point X="290" Y="223" T="undefined" />
	<Point X="288" Y="226" T="undefined" />
	<Point X="286" Y="229" T="undefined" />
	<Point X="285" Y="231" T="undefined" />
	<Point X="283" Y="234" T="undefined" />
	<Point X="281" Y="238" T="undefined" />
	<Point X="279" Y="240" T="undefined" />
	<Point X="278" Y="242" T="undefined" />
	<Point X="277" Y="244" T="undefined" />
	<Point X="275" Y="247" T="undefined" />
	<Point X="274" Y="249" T="undefined" />
	<Point X="272" Y="252" T="undefined" />
	<Point X="270" Y="254" T="undefined" />
	<Point X="269" Y="256" T="undefined" />
	<Point X="267" Y="258" T="undefined" />
	<Point X="266" Y="260" T="undefined" />
	<Point X="264" Y="263" T="undefined" />
	<Point X="263" Y="265" T="undefined" />
	<Point X="261" Y="267" T="undefined" />
	<Point X="260" Y="268" T="undefined" />
	<Point X="258" Y="271" T="undefined" />
	<Point X="257" Y="272" T="undefined" />
	<Point X="256" Y="273" T="undefined" />
	<Point X="255" Y="274" T="undefined" />
	<Point X="254" Y="275" T="undefined" />
	<Point X="254" Y="276" T="undefined" />
	<Point X="254" Y="277" T="undefined" />
	<Point X="255" Y="277" T="undefined" />
	<Point X="256" Y="278" T="undefined" />
	<Point X="257" Y="278" T="undefined" />
	<Point X="260" Y="279" T="undefined" />
	<Point X="261" Y="279" T="undefined" />
	<Point X="264" Y="280" T="undefined" />
	<Point X="266" Y="281" T="undefined" />
	<Point X="268" Y="281" T="undefined" />
	<Point X="269" Y="282" T="undefined" />
	<Point X="271" Y="283" T="undefined" />
	<Point X="272" Y="283" T="undefined" />
	<Point X="273" Y="283" T="undefined" />
	<Point X="273" Y="284" T="undefined" />
	<Point X="273" Y="285" T="undefined" />
	<Point X="273" Y="287" T="undefined" />
	<Point X="273" Y="288" T="undefined" />
	<Point X="273" Y="289" T="undefined" />
	<Point X="272" Y="290" T="undefined" />
	<Point X="271" Y="291" T="undefined" />
	<Point X="270" Y="291" T="undefined" />
	<Point X="269" Y="292" T="undefined" />
	<Point X="267" Y="292" T="undefined" />
	<Point X="266" Y="292" T="undefined" />
	<Point X="265" Y="293" T="undefined" />
	<Point X="264" Y="293" T="undefined" />
	<Point X="263" Y="294" T="undefined" />
	<Point X="262" Y="295" T="undefined" />
	<Point X="261" Y="295" T="undefined" />
	<Point X="260" Y="295" T="undefined" />
	<Point X="259" Y="295" T="undefined" />
	<Point X="258" Y="296" T="undefined" />
	<Point X="257" Y="296" T="undefined" />
	<Point X="256" Y="296" T="undefined" />
	<Point X="256" Y="297" T="undefined" />
	<Point X="256" Y="298" T="undefined" />
	<Point X="257" Y="298" T="undefined" />
	<Point X="257" Y="299" T="undefined" />
	<Point X="258" Y="300" T="undefined" />
	<Point X="259" Y="300" T="undefined" />
	<Point X="259" Y="301" T="undefined" />
	<Point X="260" Y="301" T="undefined" />
	<Point X="260" Y="302" T="undefined" />
	<Point X="261" Y="303" T="undefined" />
	<Point X="262" Y="304" T="undefined" />
	<Point X="263" Y="305" T="undefined" />
	<Point X="264" Y="306" T="undefined" />
	<Point X="265" Y="308" T="undefined" />
	<Point X="265" Y="309" T="undefined" />
	<Point X="266" Y="310" T="undefined" />
	<Point X="267" Y="312" T="undefined" />
	<Point X="268" Y="313" T="undefined" />
	<Point X="269" Y="314" T="undefined" />
	<Point X="269" Y="315" T="undefined" />
	<Point X="270" Y="316" T="undefined" />
	<Point X="271" Y="318" T="undefined" />
	<Point X="272" Y="319" T="undefined" />
	<Point X="273" Y="320" T="undefined" />
	<Point X="274" Y="322" T="undefined" />
	<Point X="274" Y="323" T="undefined" />
	<Point X="275" Y="324" T="undefined" />
	<Point X="276" Y="325" T="undefined" />
	<Point X="276" Y="326" T="undefined" />
	<Point X="277" Y="328" T="undefined" />
	<Point X="277" Y="329" T="undefined" />
	<Point X="278" Y="330" T="undefined" />
	<Point X="278" Y="331" T="undefined" />
	<Point X="279" Y="333" T="undefined" />
	<Point X="280" Y="335" T="undefined" />
	<Point X="280" Y="337" T="undefined" />
	<Point X="281" Y="339" T="undefined" />
	<Point X="282" Y="342" T="undefined" />
	<Point X="282" Y="344" T="undefined" />
	<Point X="283" Y="347" T="undefined" />
	<Point X="284" Y="349" T="undefined" />
	<Point X="284" Y="353" T="undefined" />
	<Point X="285" Y="355" T="undefined" />
	<Point X="285" Y="358" T="undefined" />
	<Point X="285" Y="360" T="undefined" />
	<Point X="286" Y="362" T="undefined" />
	<Point X="286" Y="365" T="undefined" />
	<Point X="287" Y="368" T="undefined" />
	<Point X="287" Y="371" T="undefined" />
	<Point X="288" Y="374" T="undefined" />
	<Point X="288" Y="376" T="undefined" />
	<Point X="288" Y="380" T="undefined" />
	<Point X="289" Y="383" T="undefined" />
	<Point X="289" Y="387" T="undefined" />
	<Point X="290" Y="392" T="undefined" />
	<Point X="290" Y="396" T="undefined" />
	<Point X="291" Y="401" T="undefined" />
	<Point X="292" Y="405" T="undefined" />
	<Point X="293" Y="409" T="undefined" />
	<Point X="293" Y="413" T="undefined" />
	<Point X="294" Y="416" T="undefined" />
	<Point X="295" Y="420" T="undefined" />
	<Point X="295" Y="424" T="undefined" />
	<Point X="296" Y="427" T="undefined" />
	<Point X="296" Y="431" T="undefined" />
	<Point X="297" Y="435" T="undefined" />
	<Point X="297" Y="438" T="undefined" />
	<Point X="297" Y="440" T="undefined" />
	<Point X="297" Y="442" T="undefined" />
	<Point X="297" Y="443" T="undefined" />
	<Point X="297" Y="444" T="undefined" />
	<Point X="298" Y="446" T="undefined" />
	<Point X="298" Y="447" T="undefined" />
	<Point X="298" Y="448" T="undefined" />
	<Point X="298" Y="449" T="undefined" />
	<Point X="298" Y="450" T="undefined" />
	<Point X="298" Y="451" T="undefined" />
	<Point X="298" Y="452" T="undefined" />
	<Point X="298" Y="453" T="undefined" />
	<Point X="298" Y="454" T="undefined" />
	<Point X="298" Y="455" T="undefined" />
	<Point X="298" Y="456" T="undefined" />
	<Point X="298" Y="457" T="undefined" />
	<Point X="298" Y="458" T="undefined" />
	<Point X="298" Y="459" T="undefined" />
	<Point X="297" Y="459" T="undefined" />
	<Point X="297" Y="460" T="undefined" />
	<Point X="296" Y="460" T="undefined" />
	<Point X="295" Y="462" T="undefined" />
	<Point X="295" Y="463" T="undefined" />
	<Point X="294" Y="464" T="undefined" />
	<Point X="293" Y="466" T="undefined" />
	<Point X="291" Y="467" T="undefined" />
	<Point X="290" Y="468" T="undefined" />
	<Point X="289" Y="469" T="undefined" />
	<Point X="287" Y="470" T="undefined" />
	<Point X="286" Y="471" T="undefined" />
	<Point X="284" Y="472" T="undefined" />
	<Point X="283" Y="472" T="undefined" />
	<Point X="281" Y="473" T="undefined" />
	<Point X="279" Y="473" T="undefined" />
	<Point X="278" Y="474" T="undefined" />
	<Point X="275" Y="474" T="undefined" />
	<Point X="273" Y="475" T="undefined" />
	<Point X="271" Y="475" T="undefined" />
	<Point X="269" Y="475" T="undefined" />
	<Point X="266" Y="475" T="undefined" />
	<Point X="265" Y="476" T="undefined" />
	<Point X="262" Y="476" T="undefined" />
	<Point X="260" Y="476" T="undefined" />
	<Point X="258" Y="477" T="undefined" />
	<Point X="256" Y="477" T="undefined" />
	<Point X="254" Y="477" T="undefined" />
	<Point X="253" Y="477" T="undefined" />
	<Point X="252" Y="478" T="undefined" />
	<Point X="250" Y="478" T="undefined" />
	<Point X="249" Y="479" T="undefined" />
	<Point X="248" Y="479" T="undefined" />
	<Point X="246" Y="479" T="undefined" />
	<Point X="245" Y="479" T="undefined" />
	<Point X="244" Y="479" T="undefined" />
	<Point X="243" Y="479" T="undefined" />
	<Point X="242" Y="479" T="undefined" />
	<Point X="241" Y="479" T="undefined" />
	<Point X="240" Y="479" T="undefined" />
	<Point X="239" Y="479" T="undefined" />
	<Point X="238" Y="479" T="undefined" />
</Gesture>