<?xml version="1.0" encoding="utf-8" standalone="yes"?>
<Gesture Name="Right Curly Brace0" NumPts="383">
	<Point X="169" Y="105" T="undefined" />
	<Point X="169" Y="104" T="undefined" />
	<Point X="170" Y="104" T="undefined" />
	<Point X="171" Y="104" T="undefined" />
	<Point X="172" Y="104" T="undefined" />
	<Point X="173" Y="104" T="undefined" />
	<Point X="176" Y="104" T="undefined" />
	<Point X="178" Y="104" T="undefined" />
	<Point X="181" Y="103" T="undefined" />
	<Point X="183" Y="103" T="undefined" />
	<Point X="186" Y="103" T="undefined" />
	<Point X="188" Y="103" T="undefined" />
	<Point X="191" Y="103" T="undefined" />
	<Point X="194" Y="103" T="undefined" />
	<Point X="197" Y="103" T="undefined" />
	<Point X="201" Y="103" T="undefined" />
	<Point X="205" Y="104" T="undefined" />
	<Point X="209" Y="105" T="undefined" />
	<Point X="213" Y="106" T="undefined" />
	<Point X="217" Y="107" T="undefined" />
	<Point X="220" Y="107" T="undefined" />
	<Point X="224" Y="109" T="undefined" />
	<Point X="228" Y="110" T="undefined" />
	<Point X="231" Y="111" T="undefined" />
	<Point X="234" Y="111" T="undefined" />
	<Point X="236" Y="113" T="undefined" />
	<Point X="238" Y="114" T="undefined" />
	<Point X="241" Y="115" T="undefined" />
	<Point X="243" Y="116" T="undefined" />
	<Point X="245" Y="117" T="undefined" />
	<Point X="248" Y="118" T="undefined" />
	<Point X="250" Y="119" T="undefined" />
	<Point X="252" Y="121" T="undefined" />
	<Point X="254" Y="121" T="undefined" />
	<Point X="257" Y="123" T="undefined" />
	<Point X="259" Y="123" T="undefined" />
	<Point X="261" Y="125" T="undefined" />
	<Point X="263" Y="126" T="undefined" />
	<Point X="266" Y="127" T="undefined" />
	<Point X="267" Y="128" T="undefined" />
	<Point X="270" Y="129" T="undefined" />
	<Point X="272" Y="130" T="undefined" />
	<Point X="274" Y="132" T="undefined" />
	<Point X="276" Y="133" T="undefined" />
	<Point X="278" Y="135" T="undefined" />
	<Point X="279" Y="136" T="undefined" />
	<Point X="282" Y="138" T="undefined" />
	<Point X="284" Y="139" T="undefined" />
	<Point X="286" Y="141" T="undefined" />
	<Point X="287" Y="143" T="undefined" />
	<Point X="289" Y="144" T="undefined" />
	<Point X="290" Y="146" T="undefined" />
	<Point X="292" Y="148" T="undefined" />
	<Point X="294" Y="150" T="undefined" />
	<Point X="295" Y="152" T="undefined" />
	<Point X="296" Y="154" T="undefined" />
	<Point X="296" Y="156" T="undefined" />
	<Point X="297" Y="158" T="undefined" />
	<Point X="299" Y="160" T="undefined" />
	<Point X="299" Y="163" T="undefined" />
	<Point X="300" Y="165" T="undefined" />
	<Point X="300" Y="168" T="undefined" />
	<Point X="300" Y="170" T="undefined" />
	<Point X="300" Y="173" T="undefined" />
	<Point X="301" Y="176" T="undefined" />
	<Point X="301" Y="179" T="undefined" />
	<Point X="301" Y="181" T="undefined" />
	<Point X="301" Y="184" T="undefined" />
	<Point X="301" Y="187" T="undefined" />
	<Point X="301" Y="189" T="undefined" />
	<Point X="301" Y="191" T="undefined" />
	<Point X="301" Y="193" T="undefined" />
	<Point X="300" Y="196" T="undefined" />
	<Point X="299" Y="199" T="undefined" />
	<Point X="298" Y="201" T="undefined" />
	<Point X="297" Y="204" T="undefined" />
	<Point X="297" Y="206" T="undefined" />
	<Point X="296" Y="209" T="undefined" />
	<Point X="296" Y="212" T="undefined" />
	<Point X="295" Y="215" T="undefined" />
	<Point X="293" Y="219" T="undefined" />
	<Point X="292" Y="221" T="undefined" />
	<Point X="291" Y="224" T="undefined" />
	<Point X="290" Y="227" T="undefined" />
	<Point X="289" Y="230" T="undefined" />
	<Point X="288" Y="232" T="undefined" />
	<Point X="287" Y="235" T="undefined" />
	<Point X="286" Y="237" T="undefined" />
	<Point X="285" Y="241" T="undefined" />
	<Point X="284" Y="243" T="undefined" />
	<Point X="283" Y="246" T="undefined" />
	<Point X="281" Y="249" T="undefined" />
	<Point X="281" Y="251" T="undefined" />
	<Point X="280" Y="254" T="undefined" />
	<Point X="279" Y="256" T="undefined" />
	<Point X="277" Y="259" T="undefined" />
	<Point X="276" Y="262" T="undefined" />
	<Point X="275" Y="264" T="undefined" />
	<Point X="275" Y="266" T="undefined" />
	<Point X="273" Y="268" T="undefined" />
	<Point X="272" Y="270" T="undefined" />
	<Point X="271" Y="273" T="undefined" />
	<Point X="271" Y="275" T="undefined" />
	<Point X="270" Y="277" T="undefined" />
	<Point X="269" Y="280" T="undefined" />
	<Point X="269" Y="281" T="undefined" />
	<Point X="268" Y="283" T="undefined" />
	<Point X="268" Y="285" T="undefined" />
	<Point X="268" Y="286" T="undefined" />
	<Point X="268" Y="288" T="undefined" />
	<Point X="268" Y="290" T="undefined" />
	<Point X="268" Y="291" T="undefined" />
	<Point X="268" Y="293" T="undefined" />
	<Point X="268" Y="294" T="undefined" />
	<Point X="268" Y="296" T="undefined" />
	<Point X="268" Y="298" T="undefined" />
	<Point X="268" Y="299" T="undefined" />
	<Point X="268" Y="301" T="undefined" />
	<Point X="268" Y="303" T="undefined" />
	<Point X="269" Y="304" T="undefined" />
	<Point X="270" Y="305" T="undefined" />
	<Point X="270" Y="307" T="undefined" />
	<Point X="271" Y="308" T="undefined" />
	<Point X="272" Y="309" T="undefined" />
	<Point X="273" Y="310" T="undefined" />
	<Point X="274" Y="311" T="undefined" />
	<Point X="275" Y="313" T="undefined" />
	<Point X="276" Y="314" T="undefined" />
	<Point X="278" Y="315" T="undefined" />
	<Point X="279" Y="315" T="undefined" />
	<Point X="280" Y="316" T="undefined" />
	<Point X="282" Y="317" T="undefined" />
	<Point X="283" Y="318" T="undefined" />
	<Point X="284" Y="318" T="undefined" />
	<Point X="286" Y="319" T="undefined" />
	<Point X="288" Y="319" T="undefined" />
	<Point X="289" Y="319" T="undefined" />
	<Point X="291" Y="320" T="undefined" />
	<Point X="292" Y="320" T="undefined" />
	<Point X="293" Y="320" T="undefined" />
	<Point X="294" Y="320" T="undefined" />
	<Point X="294" Y="321" T="undefined" />
	<Point X="293" Y="321" T="undefined" />
	<Point X="292" Y="321" T="undefined" />
	<Point X="291" Y="322" T="undefined" />
	<Point X="290" Y="322" T="undefined" />
	<Point X="289" Y="322" T="undefined" />
	<Point X="284" Y="322" T="undefined" />
	<Point X="283" Y="323" T="undefined" />
	<Point X="281" Y="323" T="undefined" />
	<Point X="280" Y="323" T="undefined" />
	<Point X="279" Y="323" T="undefined" />
	<Point X="277" Y="323" T="undefined" />
	<Point X="276" Y="323" T="undefined" />
	<Point X="275" Y="323" T="undefined" />
	<Point X="274" Y="323" T="undefined" />
	<Point X="274" Y="324" T="undefined" />
	<Point X="273" Y="324" T="undefined" />
	<Point X="272" Y="324" T="undefined" />
	<Point X="271" Y="325" T="undefined" />
	<Point X="270" Y="325" T="undefined" />
	<Point X="270" Y="326" T="undefined" />
	<Point X="269" Y="326" T="undefined" />
	<Point X="268" Y="326" T="undefined" />
	<Point X="268" Y="327" T="undefined" />
	<Point X="269" Y="327" T="undefined" />
	<Point X="270" Y="327" T="undefined" />
	<Point X="270" Y="328" T="undefined" />
	<Point X="271" Y="328" T="undefined" />
	<Point X="271" Y="329" T="undefined" />
	<Point X="272" Y="330" T="undefined" />
	<Point X="272" Y="331" T="undefined" />
	<Point X="273" Y="331" T="undefined" />
	<Point X="274" Y="332" T="undefined" />
	<Point X="275" Y="333" T="undefined" />
	<Point X="276" Y="334" T="undefined" />
	<Point X="276" Y="335" T="undefined" />
	<Point X="277" Y="335" T="undefined" />
	<Point X="278" Y="336" T="undefined" />
	<Point X="279" Y="337" T="undefined" />
	<Point X="279" Y="338" T="undefined" />
	<Point X="280" Y="339" T="undefined" />
	<Point X="280" Y="340" T="undefined" />
	<Point X="281" Y="340" T="undefined" />
	<Point X="282" Y="342" T="undefined" />
	<Point X="283" Y="343" T="undefined" />
	<Point X="283" Y="344" T="undefined" />
	<Point X="284" Y="345" T="undefined" />
	<Point X="284" Y="346" T="undefined" />
	<Point X="284" Y="347" T="undefined" />
	<Point X="285" Y="348" T="undefined" />
	<Point X="286" Y="349" T="undefined" />
	<Point X="287" Y="350" T="undefined" />
	<Point X="287" Y="351" T="undefined" />
	<Point X="287" Y="352" T="undefined" />
	<Point X="288" Y="353" T="undefined" />
	<Point X="288" Y="354" T="undefined" />
	<Point X="289" Y="356" T="undefined" />
	<Point X="289" Y="357" T="undefined" />
	<Point X="290" Y="359" T="undefined" />
	<Point X="291" Y="360" T="undefined" />
	<Point X="291" Y="361" T="undefined" />
	<Point X="291" Y="363" T="undefined" />
	<Point X="292" Y="364" T="undefined" />
	<Point X="292" Y="366" T="undefined" />
	<Point X="293" Y="367" T="undefined" />
	<Point X="293" Y="368" T="undefined" />
	<Point X="293" Y="369" T="undefined" />
	<Point X="294" Y="370" T="undefined" />
	<Point X="294" Y="371" T="undefined" />
	<Point X="295" Y="372" T="undefined" />
	<Point X="295" Y="373" T="undefined" />
	<Point X="295" Y="375" T="undefined" />
	<Point X="295" Y="376" T="undefined" />
	<Point X="296" Y="377" T="undefined" />
	<Point X="296" Y="379" T="undefined" />
	<Point X="296" Y="380" T="undefined" />
	<Point X="296" Y="381" T="undefined" />
	<Point X="296" Y="382" T="undefined" />
	<Point X="296" Y="383" T="undefined" />
	<Point X="296" Y="384" T="undefined" />
	<Point X="297" Y="386" T="undefined" />
	<Point X="297" Y="387" T="undefined" />
	<Point X="297" Y="388" T="undefined" />
	<Point X="297" Y="389" T="undefined" />
	<Point X="297" Y="391" T="undefined" />
	<Point X="297" Y="392" T="undefined" />
	<Point X="297" Y="394" T="undefined" />
	<Point X="297" Y="395" T="undefined" />
	<Point X="297" Y="397" T="undefined" />
	<Point X="297" Y="398" T="undefined" />
	<Point X="297" Y="400" T="undefined" />
	<Point X="297" Y="401" T="undefined" />
	<Point X="297" Y="402" T="undefined" />
	<Point X="297" Y="403" T="undefined" />
	<Point X="297" Y="404" T="undefined" />
	<Point X="297" Y="405" T="undefined" />
	<Point X="297" Y="406" T="undefined" />
	<Point X="297" Y="408" T="undefined" />
	<Point X="297" Y="409" T="undefined" />
	<Point X="297" Y="410" T="undefined" />
	<Point X="297" Y="411" T="undefined" />
	<Point X="297" Y="412" T="undefined" />
	<Point X="297" Y="413" T="undefined" />
	<Point X="297" Y="414" T="undefined" />
	<Point X="296" Y="414" T="undefined" />
	<Point X="296" Y="415" T="undefined" />
	<Point X="296" Y="416" T="undefined" />
	<Point X="296" Y="417" T="undefined" />
	<Point X="296" Y="418" T="undefined" />
	<Point X="296" Y="419" T="undefined" />
	<Point X="296" Y="421" T="undefined" />
	<Point X="295" Y="422" T="undefined" />
	<Point X="295" Y="423" T="undefined" />
	<Point X="295" Y="424" T="undefined" />
	<Point X="294" Y="425" T="undefined" />
	<Point X="294" Y="426" T="undefined" />
	<Point X="294" Y="427" T="undefined" />
	<Point X="294" Y="429" T="undefined" />
	<Point X="293" Y="430" T="undefined" />
	<Point X="293" Y="431" T="undefined" />
	<Point X="293" Y="432" T="undefined" />
	<Point X="293" Y="433" T="undefined" />
	<Point X="293" Y="434" T="undefined" />
	<Point X="292" Y="435" T="undefined" />
	<Point X="292" Y="436" T="undefined" />
	<Point X="292" Y="437" T="undefined" />
	<Point X="291" Y="437" T="undefined" />
	<Point X="291" Y="438" T="undefined" />
	<Point X="291" Y="439" T="undefined" />
	<Point X="290" Y="439" T="undefined" />
	<Point X="290" Y="440" T="undefined" />
	<Point X="290" Y="441" T="undefined" />
	<Point X="290" Y="442" T="undefined" />
	<Point X="289" Y="442" T="undefined" />
	<Point X="289" Y="443" T="undefined" />
	<Point X="289" Y="444" T="undefined" />
	<Point X="289" Y="445" T="undefined" />
	<Point X="288" Y="445" T="undefined" />
	<Point X="288" Y="446" T="undefined" />
	<Point X="288" Y="447" T="undefined" />
	<Point X="287" Y="448" T="undefined" />
	<Point X="287" Y="449" T="undefined" />
	<Point X="287" Y="450" T="undefined" />
	<Point X="286" Y="450" T="undefined" />
	<Point X="286" Y="451" T="undefined" />
	<Point X="286" Y="452" T="undefined" />
	<Point X="286" Y="453" T="undefined" />
	<Point X="285" Y="454" T="undefined" />
	<Point X="285" Y="455" T="undefined" />
	<Point X="285" Y="456" T="undefined" />
	<Point X="284" Y="458" T="undefined" />
	<Point X="284" Y="459" T="undefined" />
	<Point X="284" Y="460" T="undefined" />
	<Point X="283" Y="460" T="undefined" />
	<Point X="283" Y="462" T="undefined" />
	<Point X="283" Y="463" T="undefined" />
	<Point X="283" Y="464" T="undefined" />
	<Point X="283" Y="465" T="undefined" />
	<Point X="282" Y="465" T="undefined" />
	<Point X="282" Y="466" T="undefined" />
	<Point X="281" Y="467" T="undefined" />
	<Point X="281" Y="468" T="undefined" />
	<Point X="281" Y="469" T="undefined" />
	<Point X="281" Y="470" T="undefined" />
	<Point X="280" Y="470" T="undefined" />
	<Point X="280" Y="471" T="undefined" />
	<Point X="279" Y="471" T="undefined" />
	<Point X="279" Y="472" T="undefined" />
	<Point X="278" Y="473" T="undefined" />
	<Point X="277" Y="474" T="undefined" />
	<Point X="276" Y="475" T="undefined" />
	<Point X="275" Y="475" T="undefined" />
	<Point X="274" Y="475" T="undefined" />
	<Point X="273" Y="476" T="undefined" />
	<Point X="272" Y="476" T="undefined" />
	<Point X="271" Y="476" T="undefined" />
	<Point X="270" Y="476" T="undefined" />
	<Point X="269" Y="476" T="undefined" />
	<Point X="268" Y="476" T="undefined" />
	<Point X="267" Y="477" T="undefined" />
	<Point X="265" Y="478" T="undefined" />
	<Point X="264" Y="478" T="undefined" />
	<Point X="262" Y="478" T="undefined" />
	<Point X="261" Y="478" T="undefined" />
	<Point X="259" Y="478" T="undefined" />
	<Point X="258" Y="478" T="undefined" />
	<Point X="256" Y="478" T="undefined" />
	<Point X="255" Y="478" T="undefined" />
	<Point X="254" Y="479" T="undefined" />
	<Point X="252" Y="479" T="undefined" />
	<Point X="251" Y="479" T="undefined" />
	<Point X="249" Y="479" T="undefined" />
	<Point X="247" Y="479" T="undefined" />
	<Point X="246" Y="479" T="undefined" />
	<Point X="244" Y="479" T="undefined" />
	<Point X="243" Y="479" T="undefined" />
	<Point X="241" Y="479" T="undefined" />
	<Point X="240" Y="479" T="undefined" />
	<Point X="238" Y="479" T="undefined" />
	<Point X="237" Y="479" T="undefined" />
	<Point X="236" Y="479" T="undefined" />
	<Point X="235" Y="478" T="undefined" />
	<Point X="233" Y="478" T="undefined" />
	<Point X="232" Y="477" T="undefined" />
	<Point X="230" Y="477" T="undefined" />
	<Point X="228" Y="477" T="undefined" />
	<Point X="227" Y="477" T="undefined" />
	<Point X="225" Y="476" T="undefined" />
	<Point X="222" Y="476" T="undefined" />
	<Point X="221" Y="476" T="undefined" />
	<Point X="219" Y="475" T="undefined" />
	<Point X="218" Y="475" T="undefined" />
	<Point X="216" Y="475" T="undefined" />
	<Point X="214" Y="475" T="undefined" />
	<Point X="213" Y="474" T="undefined" />
	<Point X="211" Y="473" T="undefined" />
	<Point X="209" Y="473" T="undefined" />
	<Point X="208" Y="473" T="undefined" />
	<Point X="206" Y="472" T="undefined" />
	<Point X="205" Y="472" T="undefined" />
	<Point X="203" Y="472" T="undefined" />
	<Point X="202" Y="471" T="undefined" />
	<Point X="201" Y="471" T="undefined" />
	<Point X="200" Y="471" T="undefined" />
	<Point X="199" Y="471" T="undefined" />
	<Point X="198" Y="471" T="undefined" />
	<Point X="198" Y="470" T="undefined" />
	<Point X="197" Y="470" T="undefined" />
	<Point X="196" Y="470" T="undefined" />
	<Point X="195" Y="470" T="undefined" />
	<Point X="194" Y="470" T="undefined" />
	<Point X="193" Y="470" T="undefined" />
	<Point X="192" Y="470" T="undefined" />
	<Point X="191" Y="470" T="undefined" />
	<Point X="190" Y="470" T="undefined" />
	<Point X="189" Y="470" T="undefined" />
	<Point X="188" Y="470" T="undefined" />
	<Point X="187" Y="470" T="undefined" />
	<Point X="186" Y="470" T="undefined" />
	<Point X="186" Y="469" T="undefined" />
	<Point X="185" Y="469" T="undefined" />
	<Point X="185" Y="468" T="undefined" />
</Gesture>