<?xml version="1.0" encoding="utf-8" standalone="yes"?>
<Gesture Name="Right Square Bracket9" NumPts="194">
	<Point X="179" Y="68" T="undefined" />
	<Point X="179" Y="68" T="undefined" />
	<Point X="180" Y="68" T="undefined" />
	<Point X="180" Y="68" T="undefined" />
	<Point X="183" Y="68" T="undefined" />
	<Point X="185" Y="68" T="undefined" />
	<Point X="189" Y="69" T="undefined" />
	<Point X="194" Y="71" T="undefined" />
	<Point X="199" Y="72" T="undefined" />
	<Point X="203" Y="72" T="undefined" />
	<Point X="213" Y="74" T="undefined" />
	<Point X="220" Y="75" T="undefined" />
	<Point X="224" Y="76" T="undefined" />
	<Point X="234" Y="77" T="undefined" />
	<Point X="240" Y="79" T="undefined" />
	<Point X="245" Y="79" T="undefined" />
	<Point X="252" Y="81" T="undefined" />
	<Point X="256" Y="82" T="undefined" />
	<Point X="261" Y="83" T="undefined" />
	<Point X="267" Y="85" T="undefined" />
	<Point X="270" Y="86" T="undefined" />
	<Point X="273" Y="87" T="undefined" />
	<Point X="278" Y="89" T="undefined" />
	<Point X="282" Y="90" T="undefined" />
	<Point X="283" Y="92" T="undefined" />
	<Point X="288" Y="94" T="undefined" />
	<Point X="292" Y="97" T="undefined" />
	<Point X="293" Y="98" T="undefined" />
	<Point X="297" Y="101" T="undefined" />
	<Point X="300" Y="103" T="undefined" />
	<Point X="302" Y="105" T="undefined" />
	<Point X="304" Y="108" T="undefined" />
	<Point X="306" Y="111" T="undefined" />
	<Point X="307" Y="113" T="undefined" />
	<Point X="309" Y="118" T="undefined" />
	<Point X="309" Y="121" T="undefined" />
	<Point X="310" Y="125" T="undefined" />
	<Point X="311" Y="132" T="undefined" />
	<Point X="311" Y="137" T="undefined" />
	<Point X="311" Y="141" T="undefined" />
	<Point X="311" Y="148" T="undefined" />
	<Point X="310" Y="153" T="undefined" />
	<Point X="309" Y="157" T="undefined" />
	<Point X="307" Y="164" T="undefined" />
	<Point X="306" Y="169" T="undefined" />
	<Point X="303" Y="173" T="undefined" />
	<Point X="301" Y="179" T="undefined" />
	<Point X="299" Y="185" T="undefined" />
	<Point X="296" Y="188" T="undefined" />
	<Point X="293" Y="194" T="undefined" />
	<Point X="290" Y="198" T="undefined" />
	<Point X="288" Y="201" T="undefined" />
	<Point X="285" Y="206" T="undefined" />
	<Point X="282" Y="209" T="undefined" />
	<Point X="280" Y="211" T="undefined" />
	<Point X="277" Y="215" T="undefined" />
	<Point X="275" Y="218" T="undefined" />
	<Point X="274" Y="219" T="undefined" />
	<Point X="271" Y="222" T="undefined" />
	<Point X="269" Y="223" T="undefined" />
	<Point X="268" Y="225" T="undefined" />
	<Point X="265" Y="227" T="undefined" />
	<Point X="264" Y="228" T="undefined" />
	<Point X="263" Y="230" T="undefined" />
	<Point X="262" Y="232" T="undefined" />
	<Point X="261" Y="234" T="undefined" />
	<Point X="260" Y="235" T="undefined" />
	<Point X="260" Y="238" T="undefined" />
	<Point X="259" Y="239" T="undefined" />
	<Point X="259" Y="241" T="undefined" />
	<Point X="259" Y="242" T="undefined" />
	<Point X="259" Y="243" T="undefined" />
	<Point X="259" Y="244" T="undefined" />
	<Point X="260" Y="245" T="undefined" />
	<Point X="260" Y="247" T="undefined" />
	<Point X="262" Y="248" T="undefined" />
	<Point X="263" Y="249" T="undefined" />
	<Point X="265" Y="250" T="undefined" />
	<Point X="267" Y="251" T="undefined" />
	<Point X="269" Y="252" T="undefined" />
	<Point X="271" Y="253" T="undefined" />
	<Point X="273" Y="255" T="undefined" />
	<Point X="276" Y="256" T="undefined" />
	<Point X="279" Y="257" T="undefined" />
	<Point X="281" Y="258" T="undefined" />
	<Point X="283" Y="259" T="undefined" />
	<Point X="286" Y="260" T="undefined" />
	<Point X="288" Y="261" T="undefined" />
	<Point X="289" Y="261" T="undefined" />
	<Point X="290" Y="261" T="undefined" />
	<Point X="290" Y="262" T="undefined" />
	<Point X="290" Y="263" T="undefined" />
	<Point X="290" Y="264" T="undefined" />
	<Point X="290" Y="265" T="undefined" />
	<Point X="289" Y="265" T="undefined" />
	<Point X="288" Y="266" T="undefined" />
	<Point X="288" Y="267" T="undefined" />
	<Point X="287" Y="267" T="undefined" />
	<Point X="286" Y="268" T="undefined" />
	<Point X="285" Y="268" T="undefined" />
	<Point X="284" Y="268" T="undefined" />
	<Point X="283" Y="269" T="undefined" />
	<Point X="282" Y="269" T="undefined" />
	<Point X="281" Y="269" T="undefined" />
	<Point X="280" Y="269" T="undefined" />
	<Point X="279" Y="270" T="undefined" />
	<Point X="278" Y="270" T="undefined" />
	<Point X="277" Y="270" T="undefined" />
	<Point X="276" Y="270" T="undefined" />
	<Point X="275" Y="270" T="undefined" />
	<Point X="274" Y="270" T="undefined" />
	<Point X="272" Y="270" T="undefined" />
	<Point X="270" Y="270" T="undefined" />
	<Point X="269" Y="271" T="undefined" />
	<Point X="268" Y="271" T="undefined" />
	<Point X="267" Y="271" T="undefined" />
	<Point X="266" Y="271" T="undefined" />
	<Point X="265" Y="271" T="undefined" />
	<Point X="265" Y="272" T="undefined" />
	<Point X="265" Y="273" T="undefined" />
	<Point X="265" Y="274" T="undefined" />
	<Point X="265" Y="275" T="undefined" />
	<Point X="265" Y="276" T="undefined" />
	<Point X="265" Y="277" T="undefined" />
	<Point X="265" Y="278" T="undefined" />
	<Point X="266" Y="280" T="undefined" />
	<Point X="267" Y="281" T="undefined" />
	<Point X="268" Y="284" T="undefined" />
	<Point X="269" Y="285" T="undefined" />
	<Point X="271" Y="287" T="undefined" />
	<Point X="272" Y="290" T="undefined" />
	<Point X="273" Y="293" T="undefined" />
	<Point X="275" Y="296" T="undefined" />
	<Point X="276" Y="299" T="undefined" />
	<Point X="277" Y="302" T="undefined" />
	<Point X="278" Y="306" T="undefined" />
	<Point X="279" Y="311" T="undefined" />
	<Point X="280" Y="316" T="undefined" />
	<Point X="281" Y="321" T="undefined" />
	<Point X="282" Y="327" T="undefined" />
	<Point X="283" Y="332" T="undefined" />
	<Point X="284" Y="337" T="undefined" />
	<Point X="285" Y="344" T="undefined" />
	<Point X="286" Y="349" T="undefined" />
	<Point X="287" Y="356" T="undefined" />
	<Point X="288" Y="360" T="undefined" />
	<Point X="288" Y="365" T="undefined" />
	<Point X="288" Y="369" T="undefined" />
	<Point X="289" Y="373" T="undefined" />
	<Point X="289" Y="376" T="undefined" />
	<Point X="289" Y="380" T="undefined" />
	<Point X="289" Y="383" T="undefined" />
	<Point X="289" Y="386" T="undefined" />
	<Point X="289" Y="389" T="undefined" />
	<Point X="289" Y="391" T="undefined" />
	<Point X="289" Y="394" T="undefined" />
	<Point X="289" Y="396" T="undefined" />
	<Point X="289" Y="398" T="undefined" />
	<Point X="288" Y="400" T="undefined" />
	<Point X="287" Y="402" T="undefined" />
	<Point X="287" Y="404" T="undefined" />
	<Point X="286" Y="406" T="undefined" />
	<Point X="286" Y="408" T="undefined" />
	<Point X="285" Y="411" T="undefined" />
	<Point X="283" Y="413" T="undefined" />
	<Point X="282" Y="415" T="undefined" />
	<Point X="280" Y="418" T="undefined" />
	<Point X="278" Y="420" T="undefined" />
	<Point X="277" Y="423" T="undefined" />
	<Point X="275" Y="425" T="undefined" />
	<Point X="273" Y="427" T="undefined" />
	<Point X="272" Y="428" T="undefined" />
	<Point X="269" Y="431" T="undefined" />
	<Point X="266" Y="432" T="undefined" />
	<Point X="265" Y="434" T="undefined" />
	<Point X="262" Y="436" T="undefined" />
	<Point X="259" Y="437" T="undefined" />
	<Point X="256" Y="439" T="undefined" />
	<Point X="252" Y="439" T="undefined" />
	<Point X="248" Y="440" T="undefined" />
	<Point X="242" Y="440" T="undefined" />
	<Point X="234" Y="440" T="undefined" />
	<Point X="229" Y="440" T="undefined" />
	<Point X="219" Y="440" T="undefined" />
	<Point X="214" Y="441" T="undefined" />
	<Point X="207" Y="441" T="undefined" />
	<Point X="201" Y="442" T="undefined" />
	<Point X="195" Y="443" T="undefined" />
	<Point X="191" Y="444" T="undefined" />
	<Point X="187" Y="444" T="undefined" />
	<Point X="183" Y="445" T="undefined" />
	<Point X="180" Y="446" T="undefined" />
	<Point X="179" Y="446" T="undefined" />
	<Point X="178" Y="446" T="undefined" />
</Gesture>