<?xml version="1.0" encoding="utf-8" standalone="yes"?>
<Gesture Name="Right Curly Brace3" NumPts="258">
	<Point X="197" Y="87" T="undefined" />
	<Point X="199" Y="88" T="undefined" />
	<Point X="202" Y="88" T="undefined" />
	<Point X="205" Y="89" T="undefined" />
	<Point X="207" Y="90" T="undefined" />
	<Point X="211" Y="90" T="undefined" />
	<Point X="214" Y="90" T="undefined" />
	<Point X="217" Y="91" T="undefined" />
	<Point X="221" Y="92" T="undefined" />
	<Point X="226" Y="92" T="undefined" />
	<Point X="230" Y="93" T="undefined" />
	<Point X="234" Y="94" T="undefined" />
	<Point X="239" Y="95" T="undefined" />
	<Point X="243" Y="96" T="undefined" />
	<Point X="246" Y="96" T="undefined" />
	<Point X="252" Y="98" T="undefined" />
	<Point X="256" Y="98" T="undefined" />
	<Point X="259" Y="99" T="undefined" />
	<Point X="263" Y="100" T="undefined" />
	<Point X="267" Y="101" T="undefined" />
	<Point X="270" Y="102" T="undefined" />
	<Point X="273" Y="103" T="undefined" />
	<Point X="276" Y="105" T="undefined" />
	<Point X="278" Y="106" T="undefined" />
	<Point X="280" Y="107" T="undefined" />
	<Point X="282" Y="110" T="undefined" />
	<Point X="284" Y="111" T="undefined" />
	<Point X="286" Y="113" T="undefined" />
	<Point X="287" Y="114" T="undefined" />
	<Point X="288" Y="116" T="undefined" />
	<Point X="290" Y="117" T="undefined" />
	<Point X="290" Y="119" T="undefined" />
	<Point X="291" Y="121" T="undefined" />
	<Point X="292" Y="123" T="undefined" />
	<Point X="293" Y="125" T="undefined" />
	<Point X="294" Y="127" T="undefined" />
	<Point X="294" Y="130" T="undefined" />
	<Point X="295" Y="133" T="undefined" />
	<Point X="295" Y="137" T="undefined" />
	<Point X="296" Y="140" T="undefined" />
	<Point X="297" Y="144" T="undefined" />
	<Point X="298" Y="148" T="undefined" />
	<Point X="299" Y="153" T="undefined" />
	<Point X="300" Y="157" T="undefined" />
	<Point X="300" Y="160" T="undefined" />
	<Point X="301" Y="164" T="undefined" />
	<Point X="302" Y="168" T="undefined" />
	<Point X="302" Y="171" T="undefined" />
	<Point X="302" Y="173" T="undefined" />
	<Point X="302" Y="176" T="undefined" />
	<Point X="302" Y="179" T="undefined" />
	<Point X="302" Y="182" T="undefined" />
	<Point X="302" Y="186" T="undefined" />
	<Point X="301" Y="189" T="undefined" />
	<Point X="300" Y="193" T="undefined" />
	<Point X="299" Y="197" T="undefined" />
	<Point X="298" Y="200" T="undefined" />
	<Point X="296" Y="204" T="undefined" />
	<Point X="294" Y="207" T="undefined" />
	<Point X="292" Y="211" T="undefined" />
	<Point X="289" Y="214" T="undefined" />
	<Point X="287" Y="217" T="undefined" />
	<Point X="284" Y="221" T="undefined" />
	<Point X="281" Y="224" T="undefined" />
	<Point X="279" Y="227" T="undefined" />
	<Point X="277" Y="230" T="undefined" />
	<Point X="273" Y="234" T="undefined" />
	<Point X="271" Y="237" T="undefined" />
	<Point X="268" Y="240" T="undefined" />
	<Point X="267" Y="242" T="undefined" />
	<Point X="264" Y="245" T="undefined" />
	<Point X="263" Y="247" T="undefined" />
	<Point X="260" Y="249" T="undefined" />
	<Point X="259" Y="251" T="undefined" />
	<Point X="257" Y="254" T="undefined" />
	<Point X="255" Y="256" T="undefined" />
	<Point X="254" Y="258" T="undefined" />
	<Point X="252" Y="260" T="undefined" />
	<Point X="252" Y="261" T="undefined" />
	<Point X="251" Y="262" T="undefined" />
	<Point X="251" Y="263" T="undefined" />
	<Point X="251" Y="264" T="undefined" />
	<Point X="250" Y="264" T="undefined" />
	<Point X="250" Y="265" T="undefined" />
	<Point X="250" Y="266" T="undefined" />
	<Point X="250" Y="267" T="undefined" />
	<Point X="250" Y="268" T="undefined" />
	<Point X="250" Y="269" T="undefined" />
	<Point X="251" Y="270" T="undefined" />
	<Point X="253" Y="271" T="undefined" />
	<Point X="254" Y="271" T="undefined" />
	<Point X="256" Y="272" T="undefined" />
	<Point X="258" Y="273" T="undefined" />
	<Point X="260" Y="274" T="undefined" />
	<Point X="262" Y="274" T="undefined" />
	<Point X="264" Y="276" T="undefined" />
	<Point X="267" Y="277" T="undefined" />
	<Point X="270" Y="278" T="undefined" />
	<Point X="271" Y="280" T="undefined" />
	<Point X="274" Y="280" T="undefined" />
	<Point X="276" Y="281" T="undefined" />
	<Point X="277" Y="282" T="undefined" />
	<Point X="278" Y="282" T="undefined" />
	<Point X="279" Y="282" T="undefined" />
	<Point X="279" Y="283" T="undefined" />
	<Point X="279" Y="284" T="undefined" />
	<Point X="278" Y="284" T="undefined" />
	<Point X="277" Y="285" T="undefined" />
	<Point X="276" Y="285" T="undefined" />
	<Point X="275" Y="285" T="undefined" />
	<Point X="273" Y="285" T="undefined" />
	<Point X="272" Y="286" T="undefined" />
	<Point X="271" Y="286" T="undefined" />
	<Point X="271" Y="287" T="undefined" />
	<Point X="269" Y="288" T="undefined" />
	<Point X="268" Y="288" T="undefined" />
	<Point X="267" Y="289" T="undefined" />
	<Point X="266" Y="289" T="undefined" />
	<Point X="265" Y="289" T="undefined" />
	<Point X="265" Y="290" T="undefined" />
	<Point X="264" Y="290" T="undefined" />
	<Point X="263" Y="290" T="undefined" />
	<Point X="262" Y="290" T="undefined" />
	<Point X="260" Y="290" T="undefined" />
	<Point X="260" Y="291" T="undefined" />
	<Point X="259" Y="291" T="undefined" />
	<Point X="258" Y="291" T="undefined" />
	<Point X="257" Y="291" T="undefined" />
	<Point X="256" Y="291" T="undefined" />
	<Point X="254" Y="291" T="undefined" />
	<Point X="252" Y="291" T="undefined" />
	<Point X="251" Y="292" T="undefined" />
	<Point X="249" Y="292" T="undefined" />
	<Point X="248" Y="292" T="undefined" />
	<Point X="247" Y="292" T="undefined" />
	<Point X="246" Y="292" T="undefined" />
	<Point X="246" Y="293" T="undefined" />
	<Point X="246" Y="294" T="undefined" />
	<Point X="246" Y="295" T="undefined" />
	<Point X="246" Y="296" T="undefined" />
	<Point X="246" Y="297" T="undefined" />
	<Point X="247" Y="297" T="undefined" />
	<Point X="247" Y="298" T="undefined" />
	<Point X="248" Y="298" T="undefined" />
	<Point X="249" Y="299" T="undefined" />
	<Point X="249" Y="300" T="undefined" />
	<Point X="250" Y="300" T="undefined" />
	<Point X="250" Y="301" T="undefined" />
	<Point X="251" Y="301" T="undefined" />
	<Point X="251" Y="302" T="undefined" />
	<Point X="252" Y="302" T="undefined" />
	<Point X="253" Y="302" T="undefined" />
	<Point X="253" Y="303" T="undefined" />
	<Point X="254" Y="304" T="undefined" />
	<Point X="255" Y="304" T="undefined" />
	<Point X="255" Y="305" T="undefined" />
	<Point X="256" Y="305" T="undefined" />
	<Point X="257" Y="306" T="undefined" />
	<Point X="258" Y="307" T="undefined" />
	<Point X="259" Y="308" T="undefined" />
	<Point X="259" Y="309" T="undefined" />
	<Point X="261" Y="310" T="undefined" />
	<Point X="262" Y="311" T="undefined" />
	<Point X="263" Y="313" T="undefined" />
	<Point X="264" Y="314" T="undefined" />
	<Point X="265" Y="316" T="undefined" />
	<Point X="266" Y="317" T="undefined" />
	<Point X="267" Y="319" T="undefined" />
	<Point X="268" Y="321" T="undefined" />
	<Point X="270" Y="322" T="undefined" />
	<Point X="271" Y="325" T="undefined" />
	<Point X="272" Y="326" T="undefined" />
	<Point X="272" Y="328" T="undefined" />
	<Point X="274" Y="330" T="undefined" />
	<Point X="275" Y="332" T="undefined" />
	<Point X="275" Y="334" T="undefined" />
	<Point X="276" Y="336" T="undefined" />
	<Point X="278" Y="339" T="undefined" />
	<Point X="278" Y="341" T="undefined" />
	<Point X="279" Y="344" T="undefined" />
	<Point X="280" Y="346" T="undefined" />
	<Point X="281" Y="349" T="undefined" />
	<Point X="282" Y="352" T="undefined" />
	<Point X="283" Y="355" T="undefined" />
	<Point X="283" Y="356" T="undefined" />
	<Point X="284" Y="359" T="undefined" />
	<Point X="285" Y="361" T="undefined" />
	<Point X="286" Y="363" T="undefined" />
	<Point X="286" Y="366" T="undefined" />
	<Point X="287" Y="368" T="undefined" />
	<Point X="287" Y="370" T="undefined" />
	<Point X="288" Y="372" T="undefined" />
	<Point X="288" Y="375" T="undefined" />
	<Point X="288" Y="377" T="undefined" />
	<Point X="288" Y="380" T="undefined" />
	<Point X="289" Y="381" T="undefined" />
	<Point X="289" Y="384" T="undefined" />
	<Point X="290" Y="386" T="undefined" />
	<Point X="290" Y="388" T="undefined" />
	<Point X="290" Y="390" T="undefined" />
	<Point X="290" Y="392" T="undefined" />
	<Point X="290" Y="395" T="undefined" />
	<Point X="290" Y="397" T="undefined" />
	<Point X="290" Y="400" T="undefined" />
	<Point X="290" Y="402" T="undefined" />
	<Point X="290" Y="404" T="undefined" />
	<Point X="290" Y="406" T="undefined" />
	<Point X="290" Y="409" T="undefined" />
	<Point X="290" Y="412" T="undefined" />
	<Point X="290" Y="414" T="undefined" />
	<Point X="290" Y="417" T="undefined" />
	<Point X="290" Y="419" T="undefined" />
	<Point X="290" Y="422" T="undefined" />
	<Point X="290" Y="424" T="undefined" />
	<Point X="289" Y="426" T="undefined" />
	<Point X="289" Y="429" T="undefined" />
	<Point X="289" Y="431" T="undefined" />
	<Point X="289" Y="433" T="undefined" />
	<Point X="288" Y="435" T="undefined" />
	<Point X="288" Y="438" T="undefined" />
	<Point X="287" Y="440" T="undefined" />
	<Point X="287" Y="442" T="undefined" />
	<Point X="286" Y="445" T="undefined" />
	<Point X="285" Y="447" T="undefined" />
	<Point X="284" Y="449" T="undefined" />
	<Point X="283" Y="451" T="undefined" />
	<Point X="283" Y="453" T="undefined" />
	<Point X="281" Y="455" T="undefined" />
	<Point X="280" Y="457" T="undefined" />
	<Point X="279" Y="458" T="undefined" />
	<Point X="277" Y="460" T="undefined" />
	<Point X="276" Y="461" T="undefined" />
	<Point X="275" Y="462" T="undefined" />
	<Point X="273" Y="463" T="undefined" />
	<Point X="272" Y="463" T="undefined" />
	<Point X="271" Y="464" T="undefined" />
	<Point X="269" Y="464" T="undefined" />
	<Point X="267" Y="464" T="undefined" />
	<Point X="264" Y="464" T="undefined" />
	<Point X="261" Y="464" T="undefined" />
	<Point X="257" Y="464" T="undefined" />
	<Point X="255" Y="464" T="undefined" />
	<Point X="251" Y="464" T="undefined" />
	<Point X="248" Y="464" T="undefined" />
	<Point X="244" Y="464" T="undefined" />
	<Point X="242" Y="464" T="undefined" />
	<Point X="240" Y="464" T="undefined" />
	<Point X="238" Y="464" T="undefined" />
	<Point X="236" Y="464" T="undefined" />
	<Point X="235" Y="464" T="undefined" />
	<Point X="234" Y="464" T="undefined" />
	<Point X="232" Y="464" T="undefined" />
	<Point X="231" Y="463" T="undefined" />
	<Point X="230" Y="463" T="undefined" />
	<Point X="229" Y="463" T="undefined" />
	<Point X="228" Y="462" T="undefined" />
	<Point X="226" Y="462" T="undefined" />
	<Point X="225" Y="462" T="undefined" />
</Gesture>