<?xml version="1.0" encoding="utf-8" standalone="yes"?>
<Gesture Name="Right Square Bracket2" NumPts="157">
	<Point X="167" Y="129" T="undefined" />
	<Point X="167" Y="129" T="undefined" />
	<Point X="168" Y="129" T="undefined" />
	<Point X="169" Y="129" T="undefined" />
	<Point X="169" Y="129" T="undefined" />
	<Point X="170" Y="130" T="undefined" />
	<Point X="173" Y="130" T="undefined" />
	<Point X="176" Y="131" T="undefined" />
	<Point X="181" Y="131" T="undefined" />
	<Point X="184" Y="131" T="undefined" />
	<Point X="192" Y="131" T="undefined" />
	<Point X="199" Y="131" T="undefined" />
	<Point X="206" Y="131" T="undefined" />
	<Point X="213" Y="132" T="undefined" />
	<Point X="226" Y="132" T="undefined" />
	<Point X="232" Y="132" T="undefined" />
	<Point X="241" Y="132" T="undefined" />
	<Point X="248" Y="132" T="undefined" />
	<Point X="256" Y="133" T="undefined" />
	<Point X="262" Y="133" T="undefined" />
	<Point X="267" Y="134" T="undefined" />
	<Point X="273" Y="134" T="undefined" />
	<Point X="277" Y="134" T="undefined" />
	<Point X="281" Y="135" T="undefined" />
	<Point X="285" Y="135" T="undefined" />
	<Point X="287" Y="136" T="undefined" />
	<Point X="291" Y="137" T="undefined" />
	<Point X="294" Y="138" T="undefined" />
	<Point X="296" Y="138" T="undefined" />
	<Point X="299" Y="139" T="undefined" />
	<Point X="301" Y="140" T="undefined" />
	<Point X="303" Y="141" T="undefined" />
	<Point X="304" Y="142" T="undefined" />
	<Point X="306" Y="142" T="undefined" />
	<Point X="307" Y="143" T="undefined" />
	<Point X="308" Y="144" T="undefined" />
	<Point X="309" Y="145" T="undefined" />
	<Point X="310" Y="145" T="undefined" />
	<Point X="310" Y="146" T="undefined" />
	<Point X="311" Y="146" T="undefined" />
	<Point X="311" Y="148" T="undefined" />
	<Point X="312" Y="149" T="undefined" />
	<Point X="312" Y="152" T="undefined" />
	<Point X="312" Y="155" T="undefined" />
	<Point X="313" Y="158" T="undefined" />
	<Point X="313" Y="162" T="undefined" />
	<Point X="313" Y="167" T="undefined" />
	<Point X="313" Y="172" T="undefined" />
	<Point X="313" Y="180" T="undefined" />
	<Point X="313" Y="191" T="undefined" />
	<Point X="313" Y="200" T="undefined" />
	<Point X="311" Y="210" T="undefined" />
	<Point X="311" Y="218" T="undefined" />
	<Point X="310" Y="227" T="undefined" />
	<Point X="308" Y="239" T="undefined" />
	<Point X="308" Y="250" T="undefined" />
	<Point X="306" Y="260" T="undefined" />
	<Point X="306" Y="270" T="undefined" />
	<Point X="305" Y="279" T="undefined" />
	<Point X="305" Y="287" T="undefined" />
	<Point X="304" Y="295" T="undefined" />
	<Point X="304" Y="302" T="undefined" />
	<Point X="304" Y="309" T="undefined" />
	<Point X="304" Y="317" T="undefined" />
	<Point X="303" Y="322" T="undefined" />
	<Point X="302" Y="329" T="undefined" />
	<Point X="302" Y="335" T="undefined" />
	<Point X="301" Y="340" T="undefined" />
	<Point X="301" Y="346" T="undefined" />
	<Point X="300" Y="350" T="undefined" />
	<Point X="300" Y="355" T="undefined" />
	<Point X="299" Y="358" T="undefined" />
	<Point X="298" Y="362" T="undefined" />
	<Point X="298" Y="365" T="undefined" />
	<Point X="297" Y="368" T="undefined" />
	<Point X="297" Y="371" T="undefined" />
	<Point X="296" Y="374" T="undefined" />
	<Point X="296" Y="377" T="undefined" />
	<Point X="295" Y="379" T="undefined" />
	<Point X="295" Y="381" T="undefined" />
	<Point X="294" Y="383" T="undefined" />
	<Point X="294" Y="386" T="undefined" />
	<Point X="294" Y="388" T="undefined" />
	<Point X="294" Y="390" T="undefined" />
	<Point X="294" Y="391" T="undefined" />
	<Point X="294" Y="393" T="undefined" />
	<Point X="293" Y="394" T="undefined" />
	<Point X="293" Y="395" T="undefined" />
	<Point X="293" Y="396" T="undefined" />
	<Point X="293" Y="398" T="undefined" />
	<Point X="293" Y="399" T="undefined" />
	<Point X="293" Y="400" T="undefined" />
	<Point X="293" Y="401" T="undefined" />
	<Point X="293" Y="402" T="undefined" />
	<Point X="293" Y="403" T="undefined" />
	<Point X="293" Y="404" T="undefined" />
	<Point X="293" Y="405" T="undefined" />
	<Point X="293" Y="406" T="undefined" />
	<Point X="292" Y="407" T="undefined" />
	<Point X="292" Y="408" T="undefined" />
	<Point X="292" Y="409" T="undefined" />
	<Point X="292" Y="410" T="undefined" />
	<Point X="291" Y="411" T="undefined" />
	<Point X="291" Y="412" T="undefined" />
	<Point X="290" Y="413" T="undefined" />
	<Point X="290" Y="414" T="undefined" />
	<Point X="290" Y="415" T="undefined" />
	<Point X="289" Y="416" T="undefined" />
	<Point X="289" Y="417" T="undefined" />
	<Point X="289" Y="418" T="undefined" />
	<Point X="288" Y="418" T="undefined" />
	<Point X="288" Y="419" T="undefined" />
	<Point X="287" Y="419" T="undefined" />
	<Point X="287" Y="420" T="undefined" />
	<Point X="286" Y="420" T="undefined" />
	<Point X="285" Y="420" T="undefined" />
	<Point X="284" Y="420" T="undefined" />
	<Point X="282" Y="420" T="undefined" />
	<Point X="281" Y="420" T="undefined" />
	<Point X="278" Y="420" T="undefined" />
	<Point X="275" Y="420" T="undefined" />
	<Point X="270" Y="420" T="undefined" />
	<Point X="265" Y="420" T="undefined" />
	<Point X="260" Y="420" T="undefined" />
	<Point X="253" Y="420" T="undefined" />
	<Point X="249" Y="420" T="undefined" />
	<Point X="243" Y="420" T="undefined" />
	<Point X="239" Y="420" T="undefined" />
	<Point X="235" Y="420" T="undefined" />
	<Point X="230" Y="420" T="undefined" />
	<Point X="226" Y="420" T="undefined" />
	<Point X="223" Y="420" T="undefined" />
	<Point X="219" Y="421" T="undefined" />
	<Point X="215" Y="421" T="undefined" />
	<Point X="212" Y="421" T="undefined" />
	<Point X="209" Y="421" T="undefined" />
	<Point X="206" Y="422" T="undefined" />
	<Point X="203" Y="422" T="undefined" />
	<Point X="200" Y="423" T="undefined" />
	<Point X="198" Y="423" T="undefined" />
	<Point X="195" Y="423" T="undefined" />
	<Point X="194" Y="423" T="undefined" />
	<Point X="192" Y="423" T="undefined" />
	<Point X="190" Y="423" T="undefined" />
	<Point X="189" Y="423" T="undefined" />
	<Point X="186" Y="424" T="undefined" />
	<Point X="185" Y="424" T="undefined" />
	<Point X="183" Y="424" T="undefined" />
	<Point X="182" Y="424" T="undefined" />
	<Point X="180" Y="424" T="undefined" />
	<Point X="178" Y="424" T="undefined" />
	<Point X="177" Y="424" T="undefined" />
	<Point X="175" Y="424" T="undefined" />
	<Point X="174" Y="424" T="undefined" />
	<Point X="173" Y="424" T="undefined" />
	<Point X="173" Y="425" T="undefined" />
	<Point X="172" Y="425" T="undefined" />
</Gesture>