<?xml version="1.0" encoding="utf-8" standalone="yes"?>
<Gesture Name="Star9" NumPts="206">
	<Point X="97" Y="426" T="undefined" />
	<Point X="97" Y="425" T="undefined" />
	<Point X="97" Y="424" T="undefined" />
	<Point X="98" Y="421" T="undefined" />
	<Point X="99" Y="419" T="undefined" />
	<Point X="100" Y="415" T="undefined" />
	<Point X="102" Y="412" T="undefined" />
	<Point X="103" Y="409" T="undefined" />
	<Point X="106" Y="405" T="undefined" />
	<Point X="110" Y="399" T="undefined" />
	<Point X="113" Y="394" T="undefined" />
	<Point X="118" Y="388" T="undefined" />
	<Point X="123" Y="381" T="undefined" />
	<Point X="131" Y="370" T="undefined" />
	<Point X="138" Y="361" T="undefined" />
	<Point X="149" Y="348" T="undefined" />
	<Point X="159" Y="334" T="undefined" />
	<Point X="171" Y="318" T="undefined" />
	<Point X="180" Y="305" T="undefined" />
	<Point X="190" Y="290" T="undefined" />
	<Point X="197" Y="278" T="undefined" />
	<Point X="203" Y="265" T="undefined" />
	<Point X="209" Y="253" T="undefined" />
	<Point X="215" Y="240" T="undefined" />
	<Point X="219" Y="231" T="undefined" />
	<Point X="222" Y="221" T="undefined" />
	<Point X="226" Y="211" T="undefined" />
	<Point X="229" Y="198" T="undefined" />
	<Point X="232" Y="190" T="undefined" />
	<Point X="234" Y="181" T="undefined" />
	<Point X="237" Y="172" T="undefined" />
	<Point X="240" Y="163" T="undefined" />
	<Point X="241" Y="157" T="undefined" />
	<Point X="244" Y="150" T="undefined" />
	<Point X="245" Y="145" T="undefined" />
	<Point X="247" Y="140" T="undefined" />
	<Point X="248" Y="136" T="undefined" />
	<Point X="249" Y="133" T="undefined" />
	<Point X="250" Y="130" T="undefined" />
	<Point X="251" Y="127" T="undefined" />
	<Point X="252" Y="124" T="undefined" />
	<Point X="252" Y="123" T="undefined" />
	<Point X="253" Y="120" T="undefined" />
	<Point X="254" Y="119" T="undefined" />
	<Point X="255" Y="118" T="undefined" />
	<Point X="255" Y="116" T="undefined" />
	<Point X="256" Y="117" T="undefined" />
	<Point X="256" Y="118" T="undefined" />
	<Point X="256" Y="119" T="undefined" />
	<Point X="258" Y="123" T="undefined" />
	<Point X="259" Y="127" T="undefined" />
	<Point X="260" Y="131" T="undefined" />
	<Point X="262" Y="137" T="undefined" />
	<Point X="264" Y="145" T="undefined" />
	<Point X="266" Y="152" T="undefined" />
	<Point X="269" Y="162" T="undefined" />
	<Point X="271" Y="171" T="undefined" />
	<Point X="274" Y="187" T="undefined" />
	<Point X="277" Y="198" T="undefined" />
	<Point X="281" Y="216" T="undefined" />
	<Point X="284" Y="228" T="undefined" />
	<Point X="288" Y="246" T="undefined" />
	<Point X="293" Y="263" T="undefined" />
	<Point X="297" Y="278" T="undefined" />
	<Point X="302" Y="294" T="undefined" />
	<Point X="306" Y="309" T="undefined" />
	<Point X="311" Y="323" T="undefined" />
	<Point X="316" Y="338" T="undefined" />
	<Point X="318" Y="348" T="undefined" />
	<Point X="321" Y="358" T="undefined" />
	<Point X="324" Y="368" T="undefined" />
	<Point X="327" Y="380" T="undefined" />
	<Point X="329" Y="386" T="undefined" />
	<Point X="331" Y="393" T="undefined" />
	<Point X="332" Y="400" T="undefined" />
	<Point X="332" Y="405" T="undefined" />
	<Point X="333" Y="409" T="undefined" />
	<Point X="334" Y="414" T="undefined" />
	<Point X="334" Y="417" T="undefined" />
	<Point X="334" Y="421" T="undefined" />
	<Point X="335" Y="424" T="undefined" />
	<Point X="335" Y="426" T="undefined" />
	<Point X="335" Y="428" T="undefined" />
	<Point X="335" Y="429" T="undefined" />
	<Point X="335" Y="428" T="undefined" />
	<Point X="335" Y="427" T="undefined" />
	<Point X="335" Y="426" T="undefined" />
	<Point X="334" Y="423" T="undefined" />
	<Point X="332" Y="421" T="undefined" />
	<Point X="331" Y="418" T="undefined" />
	<Point X="329" Y="415" T="undefined" />
	<Point X="325" Y="411" T="undefined" />
	<Point X="321" Y="406" T="undefined" />
	<Point X="317" Y="402" T="undefined" />
	<Point X="310" Y="395" T="undefined" />
	<Point X="301" Y="387" T="undefined" />
	<Point X="290" Y="379" T="undefined" />
	<Point X="279" Y="369" T="undefined" />
	<Point X="270" Y="363" T="undefined" />
	<Point X="252" Y="350" T="undefined" />
	<Point X="237" Y="340" T="undefined" />
	<Point X="222" Y="332" T="undefined" />
	<Point X="205" Y="322" T="undefined" />
	<Point X="191" Y="315" T="undefined" />
	<Point X="176" Y="307" T="undefined" />
	<Point X="164" Y="302" T="undefined" />
	<Point X="151" Y="296" T="undefined" />
	<Point X="143" Y="292" T="undefined" />
	<Point X="138" Y="289" T="undefined" />
	<Point X="130" Y="285" T="undefined" />
	<Point X="126" Y="282" T="undefined" />
	<Point X="121" Y="279" T="undefined" />
	<Point X="118" Y="278" T="undefined" />
	<Point X="115" Y="275" T="undefined" />
	<Point X="112" Y="274" T="undefined" />
	<Point X="109" Y="273" T="undefined" />
	<Point X="108" Y="271" T="undefined" />
	<Point X="107" Y="271" T="undefined" />
	<Point X="106" Y="270" T="undefined" />
	<Point X="104" Y="270" T="undefined" />
	<Point X="104" Y="269" T="undefined" />
	<Point X="103" Y="269" T="undefined" />
	<Point X="103" Y="268" T="undefined" />
	<Point X="103" Y="267" T="undefined" />
	<Point X="103" Y="266" T="undefined" />
	<Point X="105" Y="266" T="undefined" />
	<Point X="108" Y="265" T="undefined" />
	<Point X="111" Y="263" T="undefined" />
	<Point X="118" Y="262" T="undefined" />
	<Point X="126" Y="260" T="undefined" />
	<Point X="133" Y="258" T="undefined" />
	<Point X="146" Y="255" T="undefined" />
	<Point X="158" Y="253" T="undefined" />
	<Point X="169" Y="251" T="undefined" />
	<Point X="187" Y="249" T="undefined" />
	<Point X="201" Y="247" T="undefined" />
	<Point X="218" Y="247" T="undefined" />
	<Point X="233" Y="245" T="undefined" />
	<Point X="252" Y="244" T="undefined" />
	<Point X="270" Y="241" T="undefined" />
	<Point X="283" Y="240" T="undefined" />
	<Point X="301" Y="238" T="undefined" />
	<Point X="315" Y="236" T="undefined" />
	<Point X="327" Y="235" T="undefined" />
	<Point X="338" Y="233" T="undefined" />
	<Point X="347" Y="233" T="undefined" />
	<Point X="353" Y="231" T="undefined" />
	<Point X="358" Y="231" T="undefined" />
	<Point X="361" Y="230" T="undefined" />
	<Point X="363" Y="230" T="undefined" />
	<Point X="364" Y="230" T="undefined" />
	<Point X="364" Y="231" T="undefined" />
	<Point X="363" Y="232" T="undefined" />
	<Point X="363" Y="233" T="undefined" />
	<Point X="362" Y="234" T="undefined" />
	<Point X="361" Y="235" T="undefined" />
	<Point X="359" Y="237" T="undefined" />
	<Point X="357" Y="239" T="undefined" />
	<Point X="354" Y="241" T="undefined" />
	<Point X="351" Y="244" T="undefined" />
	<Point X="347" Y="247" T="undefined" />
	<Point X="342" Y="251" T="undefined" />
	<Point X="336" Y="256" T="undefined" />
	<Point X="329" Y="261" T="undefined" />
	<Point X="322" Y="267" T="undefined" />
	<Point X="314" Y="273" T="undefined" />
	<Point X="305" Y="281" T="undefined" />
	<Point X="296" Y="288" T="undefined" />
	<Point X="285" Y="297" T="undefined" />
	<Point X="273" Y="306" T="undefined" />
	<Point X="263" Y="314" T="undefined" />
	<Point X="254" Y="320" T="undefined" />
	<Point X="241" Y="330" T="undefined" />
	<Point X="231" Y="337" T="undefined" />
	<Point X="223" Y="344" T="undefined" />
	<Point X="214" Y="349" T="undefined" />
	<Point X="206" Y="355" T="undefined" />
	<Point X="200" Y="359" T="undefined" />
	<Point X="193" Y="363" T="undefined" />
	<Point X="186" Y="367" T="undefined" />
	<Point X="179" Y="371" T="undefined" />
	<Point X="174" Y="373" T="undefined" />
	<Point X="167" Y="376" T="undefined" />
	<Point X="161" Y="379" T="undefined" />
	<Point X="155" Y="380" T="undefined" />
	<Point X="149" Y="383" T="undefined" />
	<Point X="142" Y="385" T="undefined" />
	<Point X="136" Y="388" T="undefined" />
	<Point X="131" Y="390" T="undefined" />
	<Point X="125" Y="391" T="undefined" />
	<Point X="120" Y="394" T="undefined" />
	<Point X="115" Y="395" T="undefined" />
	<Point X="111" Y="396" T="undefined" />
	<Point X="107" Y="397" T="undefined" />
	<Point X="102" Y="398" T="undefined" />
	<Point X="99" Y="399" T="undefined" />
	<Point X="95" Y="399" T="undefined" />
	<Point X="92" Y="400" T="undefined" />
	<Point X="90" Y="401" T="undefined" />
	<Point X="87" Y="401" T="undefined" />
	<Point X="86" Y="402" T="undefined" />
	<Point X="84" Y="403" T="undefined" />
	<Point X="83" Y="403" T="undefined" />
	<Point X="83" Y="404" T="undefined" />
	<Point X="84" Y="404" T="undefined" />
	<Point X="85" Y="404" T="undefined" />
</Gesture>