<?xml version="1.0" encoding="utf-8" standalone="yes"?>
<Gesture Name="Star8" NumPts="153">
	<Point X="152" Y="389" T="undefined" />
	<Point X="152" Y="388" T="undefined" />
	<Point X="153" Y="386" T="undefined" />
	<Point X="155" Y="383" T="undefined" />
	<Point X="157" Y="381" T="undefined" />
	<Point X="160" Y="377" T="undefined" />
	<Point X="163" Y="373" T="undefined" />
	<Point X="168" Y="368" T="undefined" />
	<Point X="174" Y="362" T="undefined" />
	<Point X="180" Y="354" T="undefined" />
	<Point X="186" Y="348" T="undefined" />
	<Point X="195" Y="337" T="undefined" />
	<Point X="203" Y="328" T="undefined" />
	<Point X="212" Y="314" T="undefined" />
	<Point X="221" Y="302" T="undefined" />
	<Point X="228" Y="292" T="undefined" />
	<Point X="237" Y="275" T="undefined" />
	<Point X="246" Y="259" T="undefined" />
	<Point X="254" Y="243" T="undefined" />
	<Point X="262" Y="225" T="undefined" />
	<Point X="268" Y="211" T="undefined" />
	<Point X="274" Y="199" T="undefined" />
	<Point X="279" Y="187" T="undefined" />
	<Point X="284" Y="175" T="undefined" />
	<Point X="288" Y="166" T="undefined" />
	<Point X="292" Y="157" T="undefined" />
	<Point X="295" Y="150" T="undefined" />
	<Point X="298" Y="144" T="undefined" />
	<Point X="300" Y="138" T="undefined" />
	<Point X="302" Y="134" T="undefined" />
	<Point X="303" Y="130" T="undefined" />
	<Point X="305" Y="126" T="undefined" />
	<Point X="306" Y="124" T="undefined" />
	<Point X="307" Y="121" T="undefined" />
	<Point X="308" Y="119" T="undefined" />
	<Point X="309" Y="117" T="undefined" />
	<Point X="310" Y="114" T="undefined" />
	<Point X="311" Y="113" T="undefined" />
	<Point X="311" Y="111" T="undefined" />
	<Point X="311" Y="110" T="undefined" />
	<Point X="312" Y="109" T="undefined" />
	<Point X="312" Y="108" T="undefined" />
	<Point X="312" Y="109" T="undefined" />
	<Point X="313" Y="109" T="undefined" />
	<Point X="314" Y="113" T="undefined" />
	<Point X="315" Y="117" T="undefined" />
	<Point X="317" Y="123" T="undefined" />
	<Point X="319" Y="130" T="undefined" />
	<Point X="322" Y="141" T="undefined" />
	<Point X="325" Y="151" T="undefined" />
	<Point X="330" Y="167" T="undefined" />
	<Point X="335" Y="181" T="undefined" />
	<Point X="341" Y="203" T="undefined" />
	<Point X="345" Y="218" T="undefined" />
	<Point X="351" Y="242" T="undefined" />
	<Point X="356" Y="258" T="undefined" />
	<Point X="363" Y="286" T="undefined" />
	<Point X="369" Y="305" T="undefined" />
	<Point X="375" Y="325" T="undefined" />
	<Point X="380" Y="340" T="undefined" />
	<Point X="384" Y="353" T="undefined" />
	<Point X="388" Y="363" T="undefined" />
	<Point X="391" Y="371" T="undefined" />
	<Point X="394" Y="377" T="undefined" />
	<Point X="396" Y="383" T="undefined" />
	<Point X="398" Y="386" T="undefined" />
	<Point X="400" Y="388" T="undefined" />
	<Point X="400" Y="390" T="undefined" />
	<Point X="401" Y="391" T="undefined" />
	<Point X="401" Y="390" T="undefined" />
	<Point X="400" Y="390" T="undefined" />
	<Point X="399" Y="389" T="undefined" />
	<Point X="397" Y="388" T="undefined" />
	<Point X="393" Y="385" T="undefined" />
	<Point X="390" Y="384" T="undefined" />
	<Point X="384" Y="381" T="undefined" />
	<Point X="375" Y="378" T="undefined" />
	<Point X="365" Y="374" T="undefined" />
	<Point X="351" Y="368" T="undefined" />
	<Point X="337" Y="362" T="undefined" />
	<Point X="322" Y="356" T="undefined" />
	<Point X="305" Y="348" T="undefined" />
	<Point X="285" Y="341" T="undefined" />
	<Point X="269" Y="334" T="undefined" />
	<Point X="247" Y="326" T="undefined" />
	<Point X="227" Y="320" T="undefined" />
	<Point X="212" Y="313" T="undefined" />
	<Point X="194" Y="307" T="undefined" />
	<Point X="180" Y="304" T="undefined" />
	<Point X="164" Y="299" T="undefined" />
	<Point X="153" Y="296" T="undefined" />
	<Point X="145" Y="293" T="undefined" />
	<Point X="137" Y="291" T="undefined" />
	<Point X="132" Y="289" T="undefined" />
	<Point X="128" Y="288" T="undefined" />
	<Point X="126" Y="287" T="undefined" />
	<Point X="125" Y="286" T="undefined" />
	<Point X="125" Y="285" T="undefined" />
	<Point X="125" Y="284" T="undefined" />
	<Point X="125" Y="283" T="undefined" />
	<Point X="127" Y="282" T="undefined" />
	<Point X="129" Y="281" T="undefined" />
	<Point X="132" Y="279" T="undefined" />
	<Point X="136" Y="277" T="undefined" />
	<Point X="140" Y="276" T="undefined" />
	<Point X="148" Y="274" T="undefined" />
	<Point X="155" Y="272" T="undefined" />
	<Point X="164" Y="270" T="undefined" />
	<Point X="177" Y="268" T="undefined" />
	<Point X="192" Y="265" T="undefined" />
	<Point X="209" Y="262" T="undefined" />
	<Point X="226" Y="259" T="undefined" />
	<Point X="244" Y="256" T="undefined" />
	<Point X="263" Y="254" T="undefined" />
	<Point X="282" Y="252" T="undefined" />
	<Point X="299" Y="249" T="undefined" />
	<Point X="318" Y="248" T="undefined" />
	<Point X="336" Y="246" T="undefined" />
	<Point X="348" Y="246" T="undefined" />
	<Point X="362" Y="245" T="undefined" />
	<Point X="376" Y="244" T="undefined" />
	<Point X="384" Y="243" T="undefined" />
	<Point X="390" Y="243" T="undefined" />
	<Point X="396" Y="243" T="undefined" />
	<Point X="399" Y="243" T="undefined" />
	<Point X="401" Y="243" T="undefined" />
	<Point X="401" Y="244" T="undefined" />
	<Point X="400" Y="246" T="undefined" />
	<Point X="398" Y="248" T="undefined" />
	<Point X="394" Y="250" T="undefined" />
	<Point X="390" Y="253" T="undefined" />
	<Point X="385" Y="257" T="undefined" />
	<Point X="377" Y="263" T="undefined" />
	<Point X="367" Y="269" T="undefined" />
	<Point X="356" Y="277" T="undefined" />
	<Point X="343" Y="285" T="undefined" />
	<Point X="325" Y="296" T="undefined" />
	<Point X="308" Y="306" T="undefined" />
	<Point X="292" Y="316" T="undefined" />
	<Point X="274" Y="327" T="undefined" />
	<Point X="257" Y="337" T="undefined" />
	<Point X="239" Y="348" T="undefined" />
	<Point X="226" Y="355" T="undefined" />
	<Point X="215" Y="363" T="undefined" />
	<Point X="207" Y="367" T="undefined" />
	<Point X="199" Y="371" T="undefined" />
	<Point X="192" Y="375" T="undefined" />
	<Point X="187" Y="378" T="undefined" />
	<Point X="183" Y="380" T="undefined" />
	<Point X="179" Y="382" T="undefined" />
	<Point X="176" Y="384" T="undefined" />
	<Point X="174" Y="385" T="undefined" />
	<Point X="172" Y="386" T="undefined" />
</Gesture>