<?xml version="1.0" encoding="utf-8" standalone="yes"?>
<Gesture Name="Star1" NumPts="360">
	<Point X="173" Y="447" T="undefined" />
	<Point X="173" Y="446" T="undefined" />
	<Point X="174" Y="445" T="undefined" />
	<Point X="176" Y="442" T="undefined" />
	<Point X="178" Y="438" T="undefined" />
	<Point X="180" Y="435" T="undefined" />
	<Point X="183" Y="430" T="undefined" />
	<Point X="185" Y="425" T="undefined" />
	<Point X="189" Y="419" T="undefined" />
	<Point X="192" Y="411" T="undefined" />
	<Point X="196" Y="403" T="undefined" />
	<Point X="199" Y="396" T="undefined" />
	<Point X="204" Y="385" T="undefined" />
	<Point X="207" Y="377" T="undefined" />
	<Point X="211" Y="366" T="undefined" />
	<Point X="215" Y="355" T="undefined" />
	<Point X="217" Y="346" T="undefined" />
	<Point X="221" Y="335" T="undefined" />
	<Point X="223" Y="325" T="undefined" />
	<Point X="227" Y="312" T="undefined" />
	<Point X="229" Y="305" T="undefined" />
	<Point X="232" Y="294" T="undefined" />
	<Point X="234" Y="287" T="undefined" />
	<Point X="237" Y="280" T="undefined" />
	<Point X="238" Y="275" T="undefined" />
	<Point X="240" Y="269" T="undefined" />
	<Point X="243" Y="264" T="undefined" />
	<Point X="245" Y="256" T="undefined" />
	<Point X="247" Y="251" T="undefined" />
	<Point X="249" Y="246" T="undefined" />
	<Point X="251" Y="240" T="undefined" />
	<Point X="253" Y="235" T="undefined" />
	<Point X="255" Y="230" T="undefined" />
	<Point X="257" Y="225" T="undefined" />
	<Point X="258" Y="222" T="undefined" />
	<Point X="260" Y="217" T="undefined" />
	<Point X="262" Y="213" T="undefined" />
	<Point X="264" Y="209" T="undefined" />
	<Point X="266" Y="206" T="undefined" />
	<Point X="267" Y="202" T="undefined" />
	<Point X="268" Y="199" T="undefined" />
	<Point X="269" Y="197" T="undefined" />
	<Point X="270" Y="194" T="undefined" />
	<Point X="272" Y="192" T="undefined" />
	<Point X="273" Y="190" T="undefined" />
	<Point X="273" Y="188" T="undefined" />
	<Point X="274" Y="186" T="undefined" />
	<Point X="275" Y="184" T="undefined" />
	<Point X="276" Y="182" T="undefined" />
	<Point X="277" Y="180" T="undefined" />
	<Point X="277" Y="178" T="undefined" />
	<Point X="278" Y="176" T="undefined" />
	<Point X="278" Y="174" T="undefined" />
	<Point X="280" Y="173" T="undefined" />
	<Point X="280" Y="171" T="undefined" />
	<Point X="281" Y="169" T="undefined" />
	<Point X="282" Y="167" T="undefined" />
	<Point X="282" Y="165" T="undefined" />
	<Point X="283" Y="164" T="undefined" />
	<Point X="284" Y="162" T="undefined" />
	<Point X="285" Y="161" T="undefined" />
	<Point X="285" Y="159" T="undefined" />
	<Point X="286" Y="158" T="undefined" />
	<Point X="286" Y="157" T="undefined" />
	<Point X="286" Y="156" T="undefined" />
	<Point X="287" Y="154" T="undefined" />
	<Point X="288" Y="153" T="undefined" />
	<Point X="288" Y="152" T="undefined" />
	<Point X="289" Y="152" T="undefined" />
	<Point X="289" Y="151" T="undefined" />
	<Point X="289" Y="152" T="undefined" />
	<Point X="289" Y="153" T="undefined" />
	<Point X="289" Y="155" T="undefined" />
	<Point X="289" Y="158" T="undefined" />
	<Point X="290" Y="163" T="undefined" />
	<Point X="292" Y="169" T="undefined" />
	<Point X="292" Y="174" T="undefined" />
	<Point X="294" Y="181" T="undefined" />
	<Point X="295" Y="189" T="undefined" />
	<Point X="297" Y="199" T="undefined" />
	<Point X="299" Y="209" T="undefined" />
	<Point X="301" Y="220" T="undefined" />
	<Point X="304" Y="232" T="undefined" />
	<Point X="307" Y="244" T="undefined" />
	<Point X="309" Y="256" T="undefined" />
	<Point X="312" Y="268" T="undefined" />
	<Point X="315" Y="282" T="undefined" />
	<Point X="318" Y="294" T="undefined" />
	<Point X="321" Y="310" T="undefined" />
	<Point X="323" Y="322" T="undefined" />
	<Point X="325" Y="331" T="undefined" />
	<Point X="328" Y="341" T="undefined" />
	<Point X="330" Y="353" T="undefined" />
	<Point X="332" Y="363" T="undefined" />
	<Point X="334" Y="371" T="undefined" />
	<Point X="336" Y="380" T="undefined" />
	<Point X="337" Y="387" T="undefined" />
	<Point X="338" Y="394" T="undefined" />
	<Point X="340" Y="401" T="undefined" />
	<Point X="341" Y="407" T="undefined" />
	<Point X="342" Y="413" T="undefined" />
	<Point X="343" Y="419" T="undefined" />
	<Point X="344" Y="423" T="undefined" />
	<Point X="344" Y="428" T="undefined" />
	<Point X="345" Y="433" T="undefined" />
	<Point X="346" Y="437" T="undefined" />
	<Point X="346" Y="442" T="undefined" />
	<Point X="348" Y="446" T="undefined" />
	<Point X="348" Y="450" T="undefined" />
	<Point X="349" Y="453" T="undefined" />
	<Point X="349" Y="455" T="undefined" />
	<Point X="350" Y="457" T="undefined" />
	<Point X="350" Y="458" T="undefined" />
	<Point X="351" Y="459" T="undefined" />
	<Point X="351" Y="461" T="undefined" />
	<Point X="351" Y="462" T="undefined" />
	<Point X="351" Y="463" T="undefined" />
	<Point X="352" Y="463" T="undefined" />
	<Point X="352" Y="464" T="undefined" />
	<Point X="352" Y="465" T="undefined" />
	<Point X="352" Y="464" T="undefined" />
	<Point X="352" Y="463" T="undefined" />
	<Point X="351" Y="462" T="undefined" />
	<Point X="350" Y="461" T="undefined" />
	<Point X="349" Y="460" T="undefined" />
	<Point X="348" Y="458" T="undefined" />
	<Point X="345" Y="455" T="undefined" />
	<Point X="343" Y="453" T="undefined" />
	<Point X="340" Y="450" T="undefined" />
	<Point X="336" Y="447" T="undefined" />
	<Point X="331" Y="443" T="undefined" />
	<Point X="325" Y="438" T="undefined" />
	<Point X="318" Y="433" T="undefined" />
	<Point X="310" Y="428" T="undefined" />
	<Point X="302" Y="422" T="undefined" />
	<Point X="293" Y="416" T="undefined" />
	<Point X="283" Y="408" T="undefined" />
	<Point X="272" Y="400" T="undefined" />
	<Point X="261" Y="392" T="undefined" />
	<Point X="249" Y="384" T="undefined" />
	<Point X="238" Y="377" T="undefined" />
	<Point X="224" Y="366" T="undefined" />
	<Point X="215" Y="360" T="undefined" />
	<Point X="202" Y="351" T="undefined" />
	<Point X="192" Y="343" T="undefined" />
	<Point X="183" Y="337" T="undefined" />
	<Point X="173" Y="330" T="undefined" />
	<Point X="164" Y="324" T="undefined" />
	<Point X="156" Y="318" T="undefined" />
	<Point X="147" Y="312" T="undefined" />
	<Point X="141" Y="308" T="undefined" />
	<Point X="135" Y="305" T="undefined" />
	<Point X="128" Y="300" T="undefined" />
	<Point X="123" Y="297" T="undefined" />
	<Point X="119" Y="294" T="undefined" />
	<Point X="114" Y="291" T="undefined" />
	<Point X="112" Y="290" T="undefined" />
	<Point X="109" Y="287" T="undefined" />
	<Point X="106" Y="286" T="undefined" />
	<Point X="105" Y="285" T="undefined" />
	<Point X="103" Y="284" T="undefined" />
	<Point X="102" Y="282" T="undefined" />
	<Point X="101" Y="282" T="undefined" />
	<Point X="101" Y="281" T="undefined" />
	<Point X="100" Y="281" T="undefined" />
	<Point X="100" Y="280" T="undefined" />
	<Point X="100" Y="279" T="undefined" />
	<Point X="101" Y="279" T="undefined" />
	<Point X="103" Y="278" T="undefined" />
	<Point X="105" Y="278" T="undefined" />
	<Point X="108" Y="277" T="undefined" />
	<Point X="112" Y="277" T="undefined" />
	<Point X="117" Y="277" T="undefined" />
	<Point X="122" Y="276" T="undefined" />
	<Point X="129" Y="275" T="undefined" />
	<Point X="136" Y="275" T="undefined" />
	<Point X="144" Y="275" T="undefined" />
	<Point X="155" Y="275" T="undefined" />
	<Point X="166" Y="274" T="undefined" />
	<Point X="180" Y="274" T="undefined" />
	<Point X="192" Y="273" T="undefined" />
	<Point X="204" Y="273" T="undefined" />
	<Point X="219" Y="273" T="undefined" />
	<Point X="229" Y="273" T="undefined" />
	<Point X="241" Y="273" T="undefined" />
	<Point X="256" Y="273" T="undefined" />
	<Point X="267" Y="273" T="undefined" />
	<Point X="279" Y="273" T="undefined" />
	<Point X="289" Y="273" T="undefined" />
	<Point X="298" Y="273" T="undefined" />
	<Point X="308" Y="273" T="undefined" />
	<Point X="314" Y="273" T="undefined" />
	<Point X="322" Y="273" T="undefined" />
	<Point X="328" Y="273" T="undefined" />
	<Point X="332" Y="273" T="undefined" />
	<Point X="338" Y="273" T="undefined" />
	<Point X="342" Y="273" T="undefined" />
	<Point X="345" Y="273" T="undefined" />
	<Point X="349" Y="273" T="undefined" />
	<Point X="351" Y="273" T="undefined" />
	<Point X="353" Y="273" T="undefined" />
	<Point X="354" Y="273" T="undefined" />
	<Point X="356" Y="273" T="undefined" />
	<Point X="358" Y="273" T="undefined" />
	<Point X="359" Y="273" T="undefined" />
	<Point X="360" Y="273" T="undefined" />
	<Point X="361" Y="273" T="undefined" />
	<Point X="361" Y="274" T="undefined" />
	<Point X="362" Y="274" T="undefined" />
	<Point X="363" Y="274" T="undefined" />
	<Point X="364" Y="274" T="undefined" />
	<Point X="366" Y="274" T="undefined" />
	<Point X="368" Y="274" T="undefined" />
	<Point X="370" Y="274" T="undefined" />
	<Point X="372" Y="275" T="undefined" />
	<Point X="374" Y="275" T="undefined" />
	<Point X="376" Y="276" T="undefined" />
	<Point X="378" Y="276" T="undefined" />
	<Point X="380" Y="276" T="undefined" />
	<Point X="382" Y="276" T="undefined" />
	<Point X="383" Y="276" T="undefined" />
	<Point X="384" Y="276" T="undefined" />
	<Point X="385" Y="276" T="undefined" />
	<Point X="386" Y="277" T="undefined" />
	<Point X="388" Y="277" T="undefined" />
	<Point X="389" Y="277" T="undefined" />
	<Point X="391" Y="277" T="undefined" />
	<Point X="392" Y="277" T="undefined" />
	<Point X="394" Y="277" T="undefined" />
	<Point X="395" Y="277" T="undefined" />
	<Point X="396" Y="277" T="undefined" />
	<Point X="398" Y="277" T="undefined" />
	<Point X="399" Y="277" T="undefined" />
	<Point X="399" Y="278" T="undefined" />
	<Point X="399" Y="279" T="undefined" />
	<Point X="398" Y="280" T="undefined" />
	<Point X="397" Y="281" T="undefined" />
	<Point X="396" Y="283" T="undefined" />
	<Point X="394" Y="285" T="undefined" />
	<Point X="392" Y="287" T="undefined" />
	<Point X="391" Y="289" T="undefined" />
	<Point X="388" Y="292" T="undefined" />
	<Point X="386" Y="294" T="undefined" />
	<Point X="383" Y="297" T="undefined" />
	<Point X="381" Y="299" T="undefined" />
	<Point X="378" Y="302" T="undefined" />
	<Point X="375" Y="306" T="undefined" />
	<Point X="371" Y="309" T="undefined" />
	<Point X="368" Y="312" T="undefined" />
	<Point X="365" Y="315" T="undefined" />
	<Point X="362" Y="318" T="undefined" />
	<Point X="357" Y="322" T="undefined" />
	<Point X="354" Y="325" T="undefined" />
	<Point X="350" Y="327" T="undefined" />
	<Point X="347" Y="330" T="undefined" />
	<Point X="343" Y="333" T="undefined" />
	<Point X="339" Y="335" T="undefined" />
	<Point X="336" Y="338" T="undefined" />
	<Point X="333" Y="340" T="undefined" />
	<Point X="330" Y="343" T="undefined" />
	<Point X="327" Y="345" T="undefined" />
	<Point X="324" Y="347" T="undefined" />
	<Point X="322" Y="349" T="undefined" />
	<Point X="319" Y="351" T="undefined" />
	<Point X="317" Y="353" T="undefined" />
	<Point X="314" Y="354" T="undefined" />
	<Point X="311" Y="356" T="undefined" />
	<Point X="310" Y="358" T="undefined" />
	<Point X="307" Y="359" T="undefined" />
	<Point X="304" Y="361" T="undefined" />
	<Point X="302" Y="362" T="undefined" />
	<Point X="299" Y="364" T="undefined" />
	<Point X="297" Y="366" T="undefined" />
	<Point X="295" Y="367" T="undefined" />
	<Point X="293" Y="368" T="undefined" />
	<Point X="290" Y="369" T="undefined" />
	<Point X="288" Y="371" T="undefined" />
	<Point X="286" Y="372" T="undefined" />
	<Point X="285" Y="373" T="undefined" />
	<Point X="283" Y="374" T="undefined" />
	<Point X="281" Y="375" T="undefined" />
	<Point X="279" Y="376" T="undefined" />
	<Point X="277" Y="378" T="undefined" />
	<Point X="274" Y="379" T="undefined" />
	<Point X="272" Y="380" T="undefined" />
	<Point X="270" Y="382" T="undefined" />
	<Point X="268" Y="383" T="undefined" />
	<Point X="266" Y="384" T="undefined" />
	<Point X="264" Y="386" T="undefined" />
	<Point X="261" Y="387" T="undefined" />
	<Point X="259" Y="388" T="undefined" />
	<Point X="257" Y="390" T="undefined" />
	<Point X="256" Y="391" T="undefined" />
	<Point X="254" Y="392" T="undefined" />
	<Point X="252" Y="394" T="undefined" />
	<Point X="250" Y="395" T="undefined" />
	<Point X="248" Y="396" T="undefined" />
	<Point X="246" Y="398" T="undefined" />
	<Point X="244" Y="399" T="undefined" />
	<Point X="243" Y="400" T="undefined" />
	<Point X="240" Y="401" T="undefined" />
	<Point X="239" Y="402" T="undefined" />
	<Point X="237" Y="403" T="undefined" />
	<Point X="236" Y="404" T="undefined" />
	<Point X="235" Y="405" T="undefined" />
	<Point X="233" Y="406" T="undefined" />
	<Point X="231" Y="407" T="undefined" />
	<Point X="229" Y="408" T="undefined" />
	<Point X="228" Y="409" T="undefined" />
	<Point X="226" Y="410" T="undefined" />
	<Point X="224" Y="411" T="undefined" />
	<Point X="223" Y="412" T="undefined" />
	<Point X="221" Y="413" T="undefined" />
	<Point X="219" Y="415" T="undefined" />
	<Point X="217" Y="416" T="undefined" />
	<Point X="216" Y="416" T="undefined" />
	<Point X="215" Y="417" T="undefined" />
	<Point X="213" Y="419" T="undefined" />
	<Point X="211" Y="420" T="undefined" />
	<Point X="210" Y="420" T="undefined" />
	<Point X="208" Y="421" T="undefined" />
	<Point X="206" Y="423" T="undefined" />
	<Point X="204" Y="423" T="undefined" />
	<Point X="203" Y="424" T="undefined" />
	<Point X="200" Y="425" T="undefined" />
	<Point X="199" Y="427" T="undefined" />
	<Point X="196" Y="428" T="undefined" />
	<Point X="195" Y="429" T="undefined" />
	<Point X="194" Y="429" T="undefined" />
	<Point X="192" Y="431" T="undefined" />
	<Point X="191" Y="431" T="undefined" />
	<Point X="189" Y="432" T="undefined" />
	<Point X="188" Y="433" T="undefined" />
	<Point X="187" Y="434" T="undefined" />
	<Point X="186" Y="435" T="undefined" />
	<Point X="184" Y="436" T="undefined" />
	<Point X="183" Y="436" T="undefined" />
	<Point X="182" Y="437" T="undefined" />
	<Point X="180" Y="438" T="undefined" />
	<Point X="179" Y="438" T="undefined" />
	<Point X="178" Y="440" T="undefined" />
	<Point X="177" Y="440" T="undefined" />
	<Point X="177" Y="441" T="undefined" />
	<Point X="176" Y="441" T="undefined" />
	<Point X="175" Y="442" T="undefined" />
	<Point X="174" Y="442" T="undefined" />
	<Point X="174" Y="443" T="undefined" />
	<Point X="174" Y="444" T="undefined" />
	<Point X="173" Y="444" T="undefined" />
	<Point X="173" Y="445" T="undefined" />
	<Point X="171" Y="445" T="undefined" />
	<Point X="170" Y="446" T="undefined" />
	<Point X="170" Y="447" T="undefined" />
	<Point X="169" Y="448" T="undefined" />
	<Point X="168" Y="448" T="undefined" />
	<Point X="167" Y="448" T="undefined" />
	<Point X="167" Y="449" T="undefined" />
	<Point X="168" Y="449" T="undefined" />
	<Point X="169" Y="449" T="undefined" />
	<Point X="173" Y="449" T="undefined" />
</Gesture>