<?xml version="1.0" encoding="utf-8" standalone="yes"?>
<Gesture Name="Star5" NumPts="191">
	<Point X="161" Y="400" T="undefined" />
	<Point X="161" Y="400" T="undefined" />
	<Point X="161" Y="399" T="undefined" />
	<Point X="161" Y="399" T="undefined" />
	<Point X="161" Y="398" T="undefined" />
	<Point X="161" Y="397" T="undefined" />
	<Point X="163" Y="395" T="undefined" />
	<Point X="164" Y="394" T="undefined" />
	<Point X="166" Y="391" T="undefined" />
	<Point X="167" Y="388" T="undefined" />
	<Point X="169" Y="384" T="undefined" />
	<Point X="171" Y="380" T="undefined" />
	<Point X="173" Y="375" T="undefined" />
	<Point X="177" Y="367" T="undefined" />
	<Point X="182" Y="358" T="undefined" />
	<Point X="186" Y="348" T="undefined" />
	<Point X="192" Y="336" T="undefined" />
	<Point X="197" Y="326" T="undefined" />
	<Point X="206" Y="306" T="undefined" />
	<Point X="209" Y="298" T="undefined" />
	<Point X="215" Y="284" T="undefined" />
	<Point X="223" Y="267" T="undefined" />
	<Point X="230" Y="251" T="undefined" />
	<Point X="236" Y="237" T="undefined" />
	<Point X="244" Y="220" T="undefined" />
	<Point X="250" Y="205" T="undefined" />
	<Point X="256" Y="193" T="undefined" />
	<Point X="266" Y="176" T="undefined" />
	<Point X="270" Y="169" T="undefined" />
	<Point X="275" Y="160" T="undefined" />
	<Point X="281" Y="150" T="undefined" />
	<Point X="286" Y="143" T="undefined" />
	<Point X="290" Y="135" T="undefined" />
	<Point X="293" Y="129" T="undefined" />
	<Point X="296" Y="124" T="undefined" />
	<Point X="298" Y="119" T="undefined" />
	<Point X="300" Y="115" T="undefined" />
	<Point X="301" Y="113" T="undefined" />
	<Point X="302" Y="110" T="undefined" />
	<Point X="303" Y="108" T="undefined" />
	<Point X="303" Y="107" T="undefined" />
	<Point X="304" Y="106" T="undefined" />
	<Point X="304" Y="105" T="undefined" />
	<Point X="304" Y="105" T="undefined" />
	<Point X="304" Y="106" T="undefined" />
	<Point X="305" Y="106" T="undefined" />
	<Point X="305" Y="109" T="undefined" />
	<Point X="307" Y="113" T="undefined" />
	<Point X="308" Y="118" T="undefined" />
	<Point X="309" Y="124" T="undefined" />
	<Point X="312" Y="137" T="undefined" />
	<Point X="313" Y="146" T="undefined" />
	<Point X="316" Y="162" T="undefined" />
	<Point X="319" Y="178" T="undefined" />
	<Point X="322" Y="196" T="undefined" />
	<Point X="325" Y="211" T="undefined" />
	<Point X="330" Y="236" T="undefined" />
	<Point X="333" Y="252" T="undefined" />
	<Point X="337" Y="270" T="undefined" />
	<Point X="341" Y="288" T="undefined" />
	<Point X="344" Y="301" T="undefined" />
	<Point X="349" Y="316" T="undefined" />
	<Point X="353" Y="330" T="undefined" />
	<Point X="356" Y="340" T="undefined" />
	<Point X="359" Y="349" T="undefined" />
	<Point X="362" Y="356" T="undefined" />
	<Point X="364" Y="362" T="undefined" />
	<Point X="366" Y="368" T="undefined" />
	<Point X="367" Y="372" T="undefined" />
	<Point X="369" Y="376" T="undefined" />
	<Point X="369" Y="378" T="undefined" />
	<Point X="370" Y="380" T="undefined" />
	<Point X="371" Y="381" T="undefined" />
	<Point X="371" Y="383" T="undefined" />
	<Point X="372" Y="384" T="undefined" />
	<Point X="372" Y="385" T="undefined" />
	<Point X="372" Y="386" T="undefined" />
	<Point X="373" Y="387" T="undefined" />
	<Point X="373" Y="388" T="undefined" />
	<Point X="373" Y="387" T="undefined" />
	<Point X="373" Y="385" T="undefined" />
	<Point X="372" Y="382" T="undefined" />
	<Point X="370" Y="380" T="undefined" />
	<Point X="366" Y="375" T="undefined" />
	<Point X="362" Y="370" T="undefined" />
	<Point X="356" Y="364" T="undefined" />
	<Point X="349" Y="357" T="undefined" />
	<Point X="337" Y="346" T="undefined" />
	<Point X="326" Y="337" T="undefined" />
	<Point X="315" Y="329" T="undefined" />
	<Point X="301" Y="318" T="undefined" />
	<Point X="286" Y="308" T="undefined" />
	<Point X="268" Y="296" T="undefined" />
	<Point X="250" Y="285" T="undefined" />
	<Point X="235" Y="275" T="undefined" />
	<Point X="215" Y="263" T="undefined" />
	<Point X="200" Y="254" T="undefined" />
	<Point X="187" Y="248" T="undefined" />
	<Point X="173" Y="239" T="undefined" />
	<Point X="163" Y="233" T="undefined" />
	<Point X="152" Y="227" T="undefined" />
	<Point X="145" Y="223" T="undefined" />
	<Point X="139" Y="220" T="undefined" />
	<Point X="134" Y="217" T="undefined" />
	<Point X="131" Y="215" T="undefined" />
	<Point X="129" Y="213" T="undefined" />
	<Point X="127" Y="213" T="undefined" />
	<Point X="126" Y="212" T="undefined" />
	<Point X="127" Y="212" T="undefined" />
	<Point X="128" Y="212" T="undefined" />
	<Point X="131" Y="212" T="undefined" />
	<Point X="134" Y="212" T="undefined" />
	<Point X="141" Y="211" T="undefined" />
	<Point X="145" Y="211" T="undefined" />
	<Point X="155" Y="210" T="undefined" />
	<Point X="166" Y="210" T="undefined" />
	<Point X="177" Y="209" T="undefined" />
	<Point X="189" Y="208" T="undefined" />
	<Point X="205" Y="208" T="undefined" />
	<Point X="220" Y="208" T="undefined" />
	<Point X="236" Y="207" T="undefined" />
	<Point X="250" Y="207" T="undefined" />
	<Point X="265" Y="207" T="undefined" />
	<Point X="282" Y="207" T="undefined" />
	<Point X="296" Y="207" T="undefined" />
	<Point X="313" Y="207" T="undefined" />
	<Point X="326" Y="207" T="undefined" />
	<Point X="340" Y="207" T="undefined" />
	<Point X="349" Y="207" T="undefined" />
	<Point X="359" Y="207" T="undefined" />
	<Point X="367" Y="207" T="undefined" />
	<Point X="372" Y="207" T="undefined" />
	<Point X="376" Y="207" T="undefined" />
	<Point X="379" Y="207" T="undefined" />
	<Point X="380" Y="207" T="undefined" />
	<Point X="380" Y="208" T="undefined" />
	<Point X="380" Y="209" T="undefined" />
	<Point X="378" Y="212" T="undefined" />
	<Point X="376" Y="214" T="undefined" />
	<Point X="371" Y="219" T="undefined" />
	<Point X="365" Y="225" T="undefined" />
	<Point X="358" Y="232" T="undefined" />
	<Point X="350" Y="239" T="undefined" />
	<Point X="340" Y="248" T="undefined" />
	<Point X="330" Y="257" T="undefined" />
	<Point X="317" Y="266" T="undefined" />
	<Point X="305" Y="276" T="undefined" />
	<Point X="289" Y="286" T="undefined" />
	<Point X="277" Y="295" T="undefined" />
	<Point X="264" Y="304" T="undefined" />
	<Point X="253" Y="312" T="undefined" />
	<Point X="242" Y="321" T="undefined" />
	<Point X="236" Y="326" T="undefined" />
	<Point X="226" Y="333" T="undefined" />
	<Point X="220" Y="338" T="undefined" />
	<Point X="214" Y="342" T="undefined" />
	<Point X="209" Y="345" T="undefined" />
	<Point X="205" Y="349" T="undefined" />
	<Point X="202" Y="351" T="undefined" />
	<Point X="200" Y="353" T="undefined" />
	<Point X="197" Y="355" T="undefined" />
	<Point X="196" Y="356" T="undefined" />
	<Point X="194" Y="357" T="undefined" />
	<Point X="193" Y="358" T="undefined" />
	<Point X="192" Y="359" T="undefined" />
	<Point X="192" Y="360" T="undefined" />
	<Point X="191" Y="360" T="undefined" />
	<Point X="190" Y="360" T="undefined" />
	<Point X="190" Y="361" T="undefined" />
	<Point X="189" Y="361" T="undefined" />
	<Point X="188" Y="362" T="undefined" />
	<Point X="188" Y="363" T="undefined" />
	<Point X="186" Y="364" T="undefined" />
	<Point X="185" Y="365" T="undefined" />
	<Point X="184" Y="366" T="undefined" />
	<Point X="184" Y="367" T="undefined" />
	<Point X="183" Y="367" T="undefined" />
	<Point X="183" Y="368" T="undefined" />
	<Point X="182" Y="368" T="undefined" />
	<Point X="182" Y="369" T="undefined" />
	<Point X="181" Y="369" T="undefined" />
	<Point X="181" Y="370" T="undefined" />
	<Point X="180" Y="370" T="undefined" />
	<Point X="180" Y="371" T="undefined" />
	<Point X="179" Y="371" T="undefined" />
	<Point X="179" Y="372" T="undefined" />
	<Point X="178" Y="372" T="undefined" />
	<Point X="177" Y="372" T="undefined" />
	<Point X="177" Y="373" T="undefined" />
	<Point X="178" Y="373" T="undefined" />
	<Point X="179" Y="373" T="undefined" />
</Gesture>