<?xml version="1.0" encoding="utf-8" standalone="yes"?>
<Gesture Name="Star7" NumPts="185">
	<Point X="172" Y="383" T="undefined" />
	<Point X="173" Y="380" T="undefined" />
	<Point X="173" Y="379" T="undefined" />
	<Point X="175" Y="373" T="undefined" />
	<Point X="177" Y="368" T="undefined" />
	<Point X="177" Y="366" T="undefined" />
	<Point X="179" Y="359" T="undefined" />
	<Point X="180" Y="355" T="undefined" />
	<Point X="184" Y="344" T="undefined" />
	<Point X="187" Y="334" T="undefined" />
	<Point X="191" Y="322" T="undefined" />
	<Point X="194" Y="313" T="undefined" />
	<Point X="201" Y="294" T="undefined" />
	<Point X="207" Y="278" T="undefined" />
	<Point X="212" Y="266" T="undefined" />
	<Point X="221" Y="243" T="undefined" />
	<Point X="227" Y="228" T="undefined" />
	<Point X="233" Y="214" T="undefined" />
	<Point X="242" Y="191" T="undefined" />
	<Point X="248" Y="178" T="undefined" />
	<Point X="251" Y="170" T="undefined" />
	<Point X="258" Y="152" T="undefined" />
	<Point X="262" Y="141" T="undefined" />
	<Point X="265" Y="132" T="undefined" />
	<Point X="270" Y="120" T="undefined" />
	<Point X="271" Y="114" T="undefined" />
	<Point X="274" Y="108" T="undefined" />
	<Point X="276" Y="101" T="undefined" />
	<Point X="279" Y="95" T="undefined" />
	<Point X="280" Y="92" T="undefined" />
	<Point X="282" Y="87" T="undefined" />
	<Point X="283" Y="84" T="undefined" />
	<Point X="283" Y="82" T="undefined" />
	<Point X="284" Y="79" T="undefined" />
	<Point X="285" Y="77" T="undefined" />
	<Point X="286" Y="76" T="undefined" />
	<Point X="287" Y="74" T="undefined" />
	<Point X="287" Y="73" T="undefined" />
	<Point X="288" Y="72" T="undefined" />
	<Point X="289" Y="71" T="undefined" />
	<Point X="289" Y="69" T="undefined" />
	<Point X="290" Y="69" T="undefined" />
	<Point X="290" Y="68" T="undefined" />
	<Point X="290" Y="68" T="undefined" />
	<Point X="290" Y="68" T="undefined" />
	<Point X="291" Y="68" T="undefined" />
	<Point X="291" Y="68" T="undefined" />
	<Point X="292" Y="70" T="undefined" />
	<Point X="293" Y="73" T="undefined" />
	<Point X="295" Y="78" T="undefined" />
	<Point X="297" Y="82" T="undefined" />
	<Point X="300" Y="92" T="undefined" />
	<Point X="303" Y="101" T="undefined" />
	<Point X="307" Y="113" T="undefined" />
	<Point X="311" Y="126" T="undefined" />
	<Point X="316" Y="142" T="undefined" />
	<Point X="321" Y="158" T="undefined" />
	<Point X="326" Y="174" T="undefined" />
	<Point X="334" Y="201" T="undefined" />
	<Point X="336" Y="211" T="undefined" />
	<Point X="342" Y="231" T="undefined" />
	<Point X="349" Y="252" T="undefined" />
	<Point X="353" Y="265" T="undefined" />
	<Point X="359" Y="280" T="undefined" />
	<Point X="364" Y="294" T="undefined" />
	<Point X="368" Y="304" T="undefined" />
	<Point X="371" Y="313" T="undefined" />
	<Point X="375" Y="323" T="undefined" />
	<Point X="377" Y="329" T="undefined" />
	<Point X="380" Y="334" T="undefined" />
	<Point X="381" Y="338" T="undefined" />
	<Point X="383" Y="342" T="undefined" />
	<Point X="384" Y="344" T="undefined" />
	<Point X="385" Y="347" T="undefined" />
	<Point X="385" Y="348" T="undefined" />
	<Point X="385" Y="348" T="undefined" />
	<Point X="385" Y="348" T="undefined" />
	<Point X="385" Y="348" T="undefined" />
	<Point X="385" Y="347" T="undefined" />
	<Point X="383" Y="345" T="undefined" />
	<Point X="381" Y="343" T="undefined" />
	<Point X="380" Y="340" T="undefined" />
	<Point X="377" Y="337" T="undefined" />
	<Point X="373" Y="333" T="undefined" />
	<Point X="368" Y="329" T="undefined" />
	<Point X="363" Y="325" T="undefined" />
	<Point X="356" Y="319" T="undefined" />
	<Point X="344" Y="311" T="undefined" />
	<Point X="330" Y="301" T="undefined" />
	<Point X="319" Y="294" T="undefined" />
	<Point X="303" Y="284" T="undefined" />
	<Point X="286" Y="275" T="undefined" />
	<Point X="268" Y="266" T="undefined" />
	<Point X="251" Y="258" T="undefined" />
	<Point X="229" Y="250" T="undefined" />
	<Point X="209" Y="242" T="undefined" />
	<Point X="193" Y="237" T="undefined" />
	<Point X="177" Y="233" T="undefined" />
	<Point X="160" Y="228" T="undefined" />
	<Point X="147" Y="225" T="undefined" />
	<Point X="138" Y="223" T="undefined" />
	<Point X="129" Y="221" T="undefined" />
	<Point X="123" Y="219" T="undefined" />
	<Point X="120" Y="219" T="undefined" />
	<Point X="117" Y="218" T="undefined" />
	<Point X="117" Y="217" T="undefined" />
	<Point X="118" Y="217" T="undefined" />
	<Point X="119" Y="216" T="undefined" />
	<Point X="120" Y="215" T="undefined" />
	<Point X="122" Y="214" T="undefined" />
	<Point X="126" Y="213" T="undefined" />
	<Point X="129" Y="212" T="undefined" />
	<Point X="134" Y="211" T="undefined" />
	<Point X="140" Y="209" T="undefined" />
	<Point X="147" Y="208" T="undefined" />
	<Point X="155" Y="206" T="undefined" />
	<Point X="164" Y="204" T="undefined" />
	<Point X="175" Y="202" T="undefined" />
	<Point X="187" Y="199" T="undefined" />
	<Point X="199" Y="196" T="undefined" />
	<Point X="213" Y="193" T="undefined" />
	<Point X="226" Y="191" T="undefined" />
	<Point X="240" Y="189" T="undefined" />
	<Point X="255" Y="187" T="undefined" />
	<Point X="267" Y="187" T="undefined" />
	<Point X="281" Y="186" T="undefined" />
	<Point X="294" Y="185" T="undefined" />
	<Point X="311" Y="184" T="undefined" />
	<Point X="322" Y="184" T="undefined" />
	<Point X="334" Y="184" T="undefined" />
	<Point X="343" Y="184" T="undefined" />
	<Point X="352" Y="184" T="undefined" />
	<Point X="359" Y="184" T="undefined" />
	<Point X="364" Y="184" T="undefined" />
	<Point X="368" Y="184" T="undefined" />
	<Point X="371" Y="184" T="undefined" />
	<Point X="375" Y="184" T="undefined" />
	<Point X="376" Y="184" T="undefined" />
	<Point X="378" Y="184" T="undefined" />
	<Point X="379" Y="184" T="undefined" />
	<Point X="380" Y="184" T="undefined" />
	<Point X="380" Y="185" T="undefined" />
	<Point X="379" Y="186" T="undefined" />
	<Point X="378" Y="187" T="undefined" />
	<Point X="377" Y="188" T="undefined" />
	<Point X="374" Y="191" T="undefined" />
	<Point X="371" Y="194" T="undefined" />
	<Point X="367" Y="198" T="undefined" />
	<Point X="361" Y="202" T="undefined" />
	<Point X="353" Y="207" T="undefined" />
	<Point X="344" Y="215" T="undefined" />
	<Point X="336" Y="221" T="undefined" />
	<Point X="325" Y="230" T="undefined" />
	<Point X="312" Y="241" T="undefined" />
	<Point X="301" Y="250" T="undefined" />
	<Point X="286" Y="263" T="undefined" />
	<Point X="276" Y="273" T="undefined" />
	<Point X="266" Y="282" T="undefined" />
	<Point X="255" Y="293" T="undefined" />
	<Point X="245" Y="303" T="undefined" />
	<Point X="238" Y="309" T="undefined" />
	<Point X="230" Y="317" T="undefined" />
	<Point X="224" Y="322" T="undefined" />
	<Point X="218" Y="328" T="undefined" />
	<Point X="213" Y="332" T="undefined" />
	<Point X="207" Y="336" T="undefined" />
	<Point X="204" Y="339" T="undefined" />
	<Point X="201" Y="341" T="undefined" />
	<Point X="198" Y="343" T="undefined" />
	<Point X="195" Y="345" T="undefined" />
	<Point X="193" Y="347" T="undefined" />
	<Point X="191" Y="348" T="undefined" />
	<Point X="189" Y="349" T="undefined" />
	<Point X="188" Y="350" T="undefined" />
	<Point X="187" Y="351" T="undefined" />
	<Point X="186" Y="352" T="undefined" />
	<Point X="184" Y="353" T="undefined" />
	<Point X="183" Y="354" T="undefined" />
	<Point X="182" Y="355" T="undefined" />
	<Point X="181" Y="356" T="undefined" />
	<Point X="180" Y="356" T="undefined" />
	<Point X="179" Y="357" T="undefined" />
	<Point X="178" Y="357" T="undefined" />
	<Point X="178" Y="358" T="undefined" />
	<Point X="179" Y="358" T="undefined" />
</Gesture>