<?xml version="1.0" encoding="utf-8" standalone="yes"?>
<Gesture Name="Star2" NumPts="262">
	<Point X="147" Y="415" T="undefined" />
	<Point X="148" Y="415" T="undefined" />
	<Point X="148" Y="414" T="undefined" />
	<Point X="149" Y="413" T="undefined" />
	<Point X="149" Y="412" T="undefined" />
	<Point X="149" Y="410" T="undefined" />
	<Point X="151" Y="408" T="undefined" />
	<Point X="151" Y="406" T="undefined" />
	<Point X="152" Y="404" T="undefined" />
	<Point X="153" Y="401" T="undefined" />
	<Point X="155" Y="398" T="undefined" />
	<Point X="157" Y="394" T="undefined" />
	<Point X="162" Y="388" T="undefined" />
	<Point X="165" Y="382" T="undefined" />
	<Point X="168" Y="376" T="undefined" />
	<Point X="174" Y="365" T="undefined" />
	<Point X="178" Y="358" T="undefined" />
	<Point X="184" Y="349" T="undefined" />
	<Point X="190" Y="338" T="undefined" />
	<Point X="196" Y="328" T="undefined" />
	<Point X="200" Y="320" T="undefined" />
	<Point X="207" Y="310" T="undefined" />
	<Point X="213" Y="300" T="undefined" />
	<Point X="219" Y="291" T="undefined" />
	<Point X="226" Y="281" T="undefined" />
	<Point X="233" Y="273" T="undefined" />
	<Point X="239" Y="263" T="undefined" />
	<Point X="245" Y="255" T="undefined" />
	<Point X="252" Y="245" T="undefined" />
	<Point X="256" Y="238" T="undefined" />
	<Point X="262" Y="230" T="undefined" />
	<Point X="268" Y="222" T="undefined" />
	<Point X="273" Y="214" T="undefined" />
	<Point X="278" Y="207" T="undefined" />
	<Point X="281" Y="202" T="undefined" />
	<Point X="285" Y="196" T="undefined" />
	<Point X="290" Y="190" T="undefined" />
	<Point X="294" Y="184" T="undefined" />
	<Point X="296" Y="179" T="undefined" />
	<Point X="299" Y="175" T="undefined" />
	<Point X="302" Y="170" T="undefined" />
	<Point X="305" Y="165" T="undefined" />
	<Point X="307" Y="161" T="undefined" />
	<Point X="309" Y="157" T="undefined" />
	<Point X="311" Y="153" T="undefined" />
	<Point X="313" Y="150" T="undefined" />
	<Point X="315" Y="146" T="undefined" />
	<Point X="316" Y="144" T="undefined" />
	<Point X="318" Y="140" T="undefined" />
	<Point X="319" Y="138" T="undefined" />
	<Point X="321" Y="135" T="undefined" />
	<Point X="322" Y="133" T="undefined" />
	<Point X="323" Y="132" T="undefined" />
	<Point X="325" Y="129" T="undefined" />
	<Point X="325" Y="128" T="undefined" />
	<Point X="326" Y="127" T="undefined" />
	<Point X="327" Y="125" T="undefined" />
	<Point X="327" Y="124" T="undefined" />
	<Point X="328" Y="124" T="undefined" />
	<Point X="328" Y="123" T="undefined" />
	<Point X="328" Y="124" T="undefined" />
	<Point X="328" Y="126" T="undefined" />
	<Point X="328" Y="129" T="undefined" />
	<Point X="329" Y="132" T="undefined" />
	<Point X="329" Y="137" T="undefined" />
	<Point X="330" Y="142" T="undefined" />
	<Point X="330" Y="150" T="undefined" />
	<Point X="330" Y="159" T="undefined" />
	<Point X="332" Y="170" T="undefined" />
	<Point X="333" Y="183" T="undefined" />
	<Point X="333" Y="193" T="undefined" />
	<Point X="335" Y="212" T="undefined" />
	<Point X="336" Y="227" T="undefined" />
	<Point X="338" Y="247" T="undefined" />
	<Point X="340" Y="262" T="undefined" />
	<Point X="342" Y="281" T="undefined" />
	<Point X="344" Y="301" T="undefined" />
	<Point X="346" Y="315" T="undefined" />
	<Point X="349" Y="331" T="undefined" />
	<Point X="352" Y="345" T="undefined" />
	<Point X="354" Y="357" T="undefined" />
	<Point X="356" Y="368" T="undefined" />
	<Point X="358" Y="376" T="undefined" />
	<Point X="359" Y="384" T="undefined" />
	<Point X="361" Y="391" T="undefined" />
	<Point X="362" Y="396" T="undefined" />
	<Point X="363" Y="400" T="undefined" />
	<Point X="363" Y="404" T="undefined" />
	<Point X="364" Y="408" T="undefined" />
	<Point X="364" Y="411" T="undefined" />
	<Point X="364" Y="413" T="undefined" />
	<Point X="365" Y="416" T="undefined" />
	<Point X="365" Y="417" T="undefined" />
	<Point X="365" Y="419" T="undefined" />
	<Point X="365" Y="420" T="undefined" />
	<Point X="366" Y="420" T="undefined" />
	<Point X="366" Y="421" T="undefined" />
	<Point X="366" Y="420" T="undefined" />
	<Point X="366" Y="418" T="undefined" />
	<Point X="364" Y="416" T="undefined" />
	<Point X="362" Y="414" T="undefined" />
	<Point X="359" Y="411" T="undefined" />
	<Point X="355" Y="407" T="undefined" />
	<Point X="349" Y="402" T="undefined" />
	<Point X="343" Y="398" T="undefined" />
	<Point X="335" Y="393" T="undefined" />
	<Point X="321" Y="384" T="undefined" />
	<Point X="311" Y="378" T="undefined" />
	<Point X="300" Y="372" T="undefined" />
	<Point X="282" Y="362" T="undefined" />
	<Point X="269" Y="355" T="undefined" />
	<Point X="252" Y="347" T="undefined" />
	<Point X="238" Y="340" T="undefined" />
	<Point X="220" Y="331" T="undefined" />
	<Point X="206" Y="324" T="undefined" />
	<Point X="189" Y="316" T="undefined" />
	<Point X="174" Y="309" T="undefined" />
	<Point X="163" Y="304" T="undefined" />
	<Point X="155" Y="299" T="undefined" />
	<Point X="146" Y="294" T="undefined" />
	<Point X="139" Y="291" T="undefined" />
	<Point X="134" Y="289" T="undefined" />
	<Point X="130" Y="286" T="undefined" />
	<Point X="127" Y="285" T="undefined" />
	<Point X="125" Y="283" T="undefined" />
	<Point X="125" Y="282" T="undefined" />
	<Point X="124" Y="282" T="undefined" />
	<Point X="124" Y="281" T="undefined" />
	<Point X="125" Y="280" T="undefined" />
	<Point X="127" Y="279" T="undefined" />
	<Point X="129" Y="278" T="undefined" />
	<Point X="132" Y="276" T="undefined" />
	<Point X="135" Y="274" T="undefined" />
	<Point X="142" Y="272" T="undefined" />
	<Point X="147" Y="270" T="undefined" />
	<Point X="157" Y="267" T="undefined" />
	<Point X="166" Y="265" T="undefined" />
	<Point X="176" Y="263" T="undefined" />
	<Point X="191" Y="260" T="undefined" />
	<Point X="203" Y="258" T="undefined" />
	<Point X="219" Y="257" T="undefined" />
	<Point X="234" Y="256" T="undefined" />
	<Point X="247" Y="255" T="undefined" />
	<Point X="263" Y="254" T="undefined" />
	<Point X="275" Y="254" T="undefined" />
	<Point X="289" Y="254" T="undefined" />
	<Point X="303" Y="253" T="undefined" />
	<Point X="312" Y="253" T="undefined" />
	<Point X="324" Y="253" T="undefined" />
	<Point X="334" Y="253" T="undefined" />
	<Point X="345" Y="253" T="undefined" />
	<Point X="351" Y="253" T="undefined" />
	<Point X="358" Y="253" T="undefined" />
	<Point X="364" Y="254" T="undefined" />
	<Point X="369" Y="254" T="undefined" />
	<Point X="373" Y="255" T="undefined" />
	<Point X="377" Y="255" T="undefined" />
	<Point X="380" Y="255" T="undefined" />
	<Point X="383" Y="255" T="undefined" />
	<Point X="385" Y="256" T="undefined" />
	<Point X="386" Y="256" T="undefined" />
	<Point X="388" Y="256" T="undefined" />
	<Point X="389" Y="256" T="undefined" />
	<Point X="390" Y="256" T="undefined" />
	<Point X="391" Y="256" T="undefined" />
	<Point X="392" Y="256" T="undefined" />
	<Point X="393" Y="256" T="undefined" />
	<Point X="394" Y="256" T="undefined" />
	<Point X="395" Y="256" T="undefined" />
	<Point X="396" Y="256" T="undefined" />
	<Point X="397" Y="256" T="undefined" />
	<Point X="398" Y="256" T="undefined" />
	<Point X="399" Y="256" T="undefined" />
	<Point X="400" Y="257" T="undefined" />
	<Point X="401" Y="257" T="undefined" />
	<Point X="403" Y="257" T="undefined" />
	<Point X="404" Y="257" T="undefined" />
	<Point X="406" Y="257" T="undefined" />
	<Point X="408" Y="257" T="undefined" />
	<Point X="411" Y="257" T="undefined" />
	<Point X="413" Y="257" T="undefined" />
	<Point X="415" Y="257" T="undefined" />
	<Point X="418" Y="257" T="undefined" />
	<Point X="420" Y="257" T="undefined" />
	<Point X="422" Y="257" T="undefined" />
	<Point X="423" Y="257" T="undefined" />
	<Point X="424" Y="257" T="undefined" />
	<Point X="425" Y="257" T="undefined" />
	<Point X="425" Y="258" T="undefined" />
	<Point X="424" Y="259" T="undefined" />
	<Point X="422" Y="260" T="undefined" />
	<Point X="420" Y="262" T="undefined" />
	<Point X="418" Y="263" T="undefined" />
	<Point X="415" Y="266" T="undefined" />
	<Point X="412" Y="268" T="undefined" />
	<Point X="408" Y="271" T="undefined" />
	<Point X="404" Y="275" T="undefined" />
	<Point X="398" Y="280" T="undefined" />
	<Point X="392" Y="285" T="undefined" />
	<Point X="385" Y="290" T="undefined" />
	<Point X="379" Y="295" T="undefined" />
	<Point X="372" Y="300" T="undefined" />
	<Point X="365" Y="305" T="undefined" />
	<Point X="357" Y="311" T="undefined" />
	<Point X="349" Y="316" T="undefined" />
	<Point X="339" Y="322" T="undefined" />
	<Point X="329" Y="327" T="undefined" />
	<Point X="319" Y="332" T="undefined" />
	<Point X="311" Y="337" T="undefined" />
	<Point X="301" Y="343" T="undefined" />
	<Point X="292" Y="348" T="undefined" />
	<Point X="284" Y="352" T="undefined" />
	<Point X="277" Y="357" T="undefined" />
	<Point X="269" Y="361" T="undefined" />
	<Point X="262" Y="365" T="undefined" />
	<Point X="255" Y="368" T="undefined" />
	<Point X="249" Y="371" T="undefined" />
	<Point X="244" Y="374" T="undefined" />
	<Point X="238" Y="376" T="undefined" />
	<Point X="234" Y="378" T="undefined" />
	<Point X="230" Y="381" T="undefined" />
	<Point X="225" Y="382" T="undefined" />
	<Point X="221" Y="385" T="undefined" />
	<Point X="217" Y="387" T="undefined" />
	<Point X="214" Y="389" T="undefined" />
	<Point X="210" Y="391" T="undefined" />
	<Point X="207" Y="393" T="undefined" />
	<Point X="204" Y="394" T="undefined" />
	<Point X="201" Y="396" T="undefined" />
	<Point X="198" Y="398" T="undefined" />
	<Point X="196" Y="399" T="undefined" />
	<Point X="194" Y="400" T="undefined" />
	<Point X="191" Y="401" T="undefined" />
	<Point X="188" Y="402" T="undefined" />
	<Point X="187" Y="403" T="undefined" />
	<Point X="184" Y="404" T="undefined" />
	<Point X="183" Y="404" T="undefined" />
	<Point X="180" Y="405" T="undefined" />
	<Point X="179" Y="406" T="undefined" />
	<Point X="177" Y="406" T="undefined" />
	<Point X="175" Y="407" T="undefined" />
	<Point X="174" Y="408" T="undefined" />
	<Point X="172" Y="408" T="undefined" />
	<Point X="170" Y="409" T="undefined" />
	<Point X="169" Y="410" T="undefined" />
	<Point X="168" Y="410" T="undefined" />
	<Point X="167" Y="411" T="undefined" />
	<Point X="166" Y="411" T="undefined" />
	<Point X="165" Y="412" T="undefined" />
	<Point X="163" Y="412" T="undefined" />
	<Point X="162" Y="412" T="undefined" />
	<Point X="161" Y="413" T="undefined" />
	<Point X="159" Y="413" T="undefined" />
	<Point X="158" Y="414" T="undefined" />
	<Point X="157" Y="414" T="undefined" />
	<Point X="156" Y="414" T="undefined" />
	<Point X="155" Y="415" T="undefined" />
	<Point X="154" Y="415" T="undefined" />
	<Point X="153" Y="415" T="undefined" />
	<Point X="154" Y="415" T="undefined" />
	<Point X="156" Y="415" T="undefined" />
	<Point X="160" Y="415" T="undefined" />
</Gesture>