<?xml version="1.0" encoding="utf-8" standalone="yes"?>
<Gesture Name="Star4" NumPts="194">
	<Point X="139" Y="393" T="undefined" />
	<Point X="139" Y="391" T="undefined" />
	<Point X="139" Y="389" T="undefined" />
	<Point X="139" Y="386" T="undefined" />
	<Point X="139" Y="383" T="undefined" />
	<Point X="140" Y="379" T="undefined" />
	<Point X="142" Y="374" T="undefined" />
	<Point X="144" Y="370" T="undefined" />
	<Point X="146" Y="366" T="undefined" />
	<Point X="149" Y="359" T="undefined" />
	<Point X="154" Y="349" T="undefined" />
	<Point X="160" Y="338" T="undefined" />
	<Point X="167" Y="324" T="undefined" />
	<Point X="172" Y="313" T="undefined" />
	<Point X="179" Y="299" T="undefined" />
	<Point X="186" Y="284" T="undefined" />
	<Point X="192" Y="270" T="undefined" />
	<Point X="199" Y="256" T="undefined" />
	<Point X="207" Y="242" T="undefined" />
	<Point X="212" Y="227" T="undefined" />
	<Point X="218" Y="213" T="undefined" />
	<Point X="223" Y="200" T="undefined" />
	<Point X="227" Y="188" T="undefined" />
	<Point X="232" Y="177" T="undefined" />
	<Point X="235" Y="166" T="undefined" />
	<Point X="238" Y="156" T="undefined" />
	<Point X="241" Y="145" T="undefined" />
	<Point X="243" Y="137" T="undefined" />
	<Point X="246" Y="130" T="undefined" />
	<Point X="247" Y="123" T="undefined" />
	<Point X="249" Y="116" T="undefined" />
	<Point X="250" Y="111" T="undefined" />
	<Point X="252" Y="106" T="undefined" />
	<Point X="252" Y="102" T="undefined" />
	<Point X="253" Y="97" T="undefined" />
	<Point X="254" Y="94" T="undefined" />
	<Point X="255" Y="91" T="undefined" />
	<Point X="255" Y="89" T="undefined" />
	<Point X="255" Y="86" T="undefined" />
	<Point X="256" Y="85" T="undefined" />
	<Point X="256" Y="84" T="undefined" />
	<Point X="256" Y="83" T="undefined" />
	<Point X="257" Y="83" T="undefined" />
	<Point X="258" Y="84" T="undefined" />
	<Point X="260" Y="86" T="undefined" />
	<Point X="262" Y="90" T="undefined" />
	<Point X="265" Y="94" T="undefined" />
	<Point X="268" Y="99" T="undefined" />
	<Point X="271" Y="106" T="undefined" />
	<Point X="275" Y="115" T="undefined" />
	<Point X="279" Y="125" T="undefined" />
	<Point X="284" Y="138" T="undefined" />
	<Point X="287" Y="147" T="undefined" />
	<Point X="294" Y="165" T="undefined" />
	<Point X="301" Y="183" T="undefined" />
	<Point X="306" Y="198" T="undefined" />
	<Point X="314" Y="220" T="undefined" />
	<Point X="319" Y="236" T="undefined" />
	<Point X="327" Y="261" T="undefined" />
	<Point X="335" Y="284" T="undefined" />
	<Point X="342" Y="303" T="undefined" />
	<Point X="349" Y="321" T="undefined" />
	<Point X="356" Y="339" T="undefined" />
	<Point X="361" Y="352" T="undefined" />
	<Point X="366" Y="366" T="undefined" />
	<Point X="369" Y="374" T="undefined" />
	<Point X="373" Y="385" T="undefined" />
	<Point X="377" Y="396" T="undefined" />
	<Point X="379" Y="402" T="undefined" />
	<Point X="381" Y="407" T="undefined" />
	<Point X="382" Y="412" T="undefined" />
	<Point X="384" Y="416" T="undefined" />
	<Point X="385" Y="420" T="undefined" />
	<Point X="386" Y="422" T="undefined" />
	<Point X="386" Y="424" T="undefined" />
	<Point X="387" Y="425" T="undefined" />
	<Point X="387" Y="427" T="undefined" />
	<Point X="387" Y="426" T="undefined" />
	<Point X="387" Y="425" T="undefined" />
	<Point X="387" Y="423" T="undefined" />
	<Point X="386" Y="420" T="undefined" />
	<Point X="384" Y="417" T="undefined" />
	<Point X="382" Y="413" T="undefined" />
	<Point X="379" Y="410" T="undefined" />
	<Point X="375" Y="404" T="undefined" />
	<Point X="370" Y="398" T="undefined" />
	<Point X="364" Y="392" T="undefined" />
	<Point X="355" Y="383" T="undefined" />
	<Point X="346" Y="375" T="undefined" />
	<Point X="332" Y="363" T="undefined" />
	<Point X="317" Y="350" T="undefined" />
	<Point X="302" Y="340" T="undefined" />
	<Point X="286" Y="329" T="undefined" />
	<Point X="267" Y="317" T="undefined" />
	<Point X="245" Y="305" T="undefined" />
	<Point X="229" Y="297" T="undefined" />
	<Point X="208" Y="287" T="undefined" />
	<Point X="188" Y="277" T="undefined" />
	<Point X="170" Y="270" T="undefined" />
	<Point X="151" Y="263" T="undefined" />
	<Point X="130" Y="255" T="undefined" />
	<Point X="117" Y="250" T="undefined" />
	<Point X="107" Y="247" T="undefined" />
	<Point X="97" Y="243" T="undefined" />
	<Point X="88" Y="241" T="undefined" />
	<Point X="82" Y="240" T="undefined" />
	<Point X="77" Y="238" T="undefined" />
	<Point X="74" Y="236" T="undefined" />
	<Point X="71" Y="236" T="undefined" />
	<Point X="70" Y="235" T="undefined" />
	<Point X="70" Y="234" T="undefined" />
	<Point X="71" Y="233" T="undefined" />
	<Point X="73" Y="232" T="undefined" />
	<Point X="75" Y="230" T="undefined" />
	<Point X="78" Y="229" T="undefined" />
	<Point X="82" Y="228" T="undefined" />
	<Point X="88" Y="226" T="undefined" />
	<Point X="93" Y="225" T="undefined" />
	<Point X="102" Y="222" T="undefined" />
	<Point X="110" Y="220" T="undefined" />
	<Point X="122" Y="217" T="undefined" />
	<Point X="136" Y="214" T="undefined" />
	<Point X="149" Y="212" T="undefined" />
	<Point X="166" Y="209" T="undefined" />
	<Point X="183" Y="207" T="undefined" />
	<Point X="199" Y="205" T="undefined" />
	<Point X="223" Y="203" T="undefined" />
	<Point X="242" Y="202" T="undefined" />
	<Point X="263" Y="201" T="undefined" />
	<Point X="283" Y="201" T="undefined" />
	<Point X="302" Y="201" T="undefined" />
	<Point X="326" Y="201" T="undefined" />
	<Point X="344" Y="201" T="undefined" />
	<Point X="356" Y="201" T="undefined" />
	<Point X="371" Y="201" T="undefined" />
	<Point X="384" Y="201" T="undefined" />
	<Point X="395" Y="201" T="undefined" />
	<Point X="404" Y="201" T="undefined" />
	<Point X="411" Y="201" T="undefined" />
	<Point X="416" Y="201" T="undefined" />
	<Point X="418" Y="201" T="undefined" />
	<Point X="420" Y="201" T="undefined" />
	<Point X="420" Y="202" T="undefined" />
	<Point X="419" Y="203" T="undefined" />
	<Point X="418" Y="204" T="undefined" />
	<Point X="417" Y="205" T="undefined" />
	<Point X="414" Y="207" T="undefined" />
	<Point X="411" Y="208" T="undefined" />
	<Point X="408" Y="210" T="undefined" />
	<Point X="404" Y="212" T="undefined" />
	<Point X="398" Y="215" T="undefined" />
	<Point X="394" Y="218" T="undefined" />
	<Point X="388" Y="221" T="undefined" />
	<Point X="381" Y="226" T="undefined" />
	<Point X="376" Y="230" T="undefined" />
	<Point X="369" Y="235" T="undefined" />
	<Point X="358" Y="243" T="undefined" />
	<Point X="349" Y="251" T="undefined" />
	<Point X="338" Y="260" T="undefined" />
	<Point X="324" Y="271" T="undefined" />
	<Point X="311" Y="283" T="undefined" />
	<Point X="296" Y="296" T="undefined" />
	<Point X="283" Y="306" T="undefined" />
	<Point X="269" Y="319" T="undefined" />
	<Point X="256" Y="330" T="undefined" />
	<Point X="245" Y="339" T="undefined" />
	<Point X="235" Y="347" T="undefined" />
	<Point X="227" Y="353" T="undefined" />
	<Point X="217" Y="360" T="undefined" />
	<Point X="211" Y="364" T="undefined" />
	<Point X="206" Y="366" T="undefined" />
	<Point X="201" Y="368" T="undefined" />
	<Point X="197" Y="370" T="undefined" />
	<Point X="194" Y="371" T="undefined" />
	<Point X="191" Y="372" T="undefined" />
	<Point X="188" Y="373" T="undefined" />
	<Point X="186" Y="373" T="undefined" />
	<Point X="182" Y="373" T="undefined" />
	<Point X="180" Y="374" T="undefined" />
	<Point X="178" Y="374" T="undefined" />
	<Point X="176" Y="374" T="undefined" />
	<Point X="174" Y="375" T="undefined" />
	<Point X="172" Y="376" T="undefined" />
	<Point X="170" Y="376" T="undefined" />
	<Point X="168" Y="376" T="undefined" />
	<Point X="166" Y="376" T="undefined" />
	<Point X="165" Y="377" T="undefined" />
	<Point X="163" Y="377" T="undefined" />
	<Point X="161" Y="377" T="undefined" />
	<Point X="160" Y="378" T="undefined" />
	<Point X="159" Y="378" T="undefined" />
	<Point X="158" Y="378" T="undefined" />
	<Point X="158" Y="379" T="undefined" />
	<Point X="159" Y="379" T="undefined" />
</Gesture>