<?xml version="1.0" encoding="utf-8" standalone="yes"?>
<Gesture Name="Star6" NumPts="205">
	<Point X="157" Y="377" T="undefined" />
	<Point X="157" Y="377" T="undefined" />
	<Point X="157" Y="376" T="undefined" />
	<Point X="158" Y="373" T="undefined" />
	<Point X="159" Y="371" T="undefined" />
	<Point X="159" Y="369" T="undefined" />
	<Point X="161" Y="365" T="undefined" />
	<Point X="162" Y="361" T="undefined" />
	<Point X="164" Y="357" T="undefined" />
	<Point X="168" Y="347" T="undefined" />
	<Point X="169" Y="342" T="undefined" />
	<Point X="172" Y="336" T="undefined" />
	<Point X="178" Y="323" T="undefined" />
	<Point X="182" Y="315" T="undefined" />
	<Point X="187" Y="304" T="undefined" />
	<Point X="194" Y="290" T="undefined" />
	<Point X="199" Y="279" T="undefined" />
	<Point X="205" Y="264" T="undefined" />
	<Point X="212" Y="252" T="undefined" />
	<Point X="217" Y="241" T="undefined" />
	<Point X="225" Y="228" T="undefined" />
	<Point X="231" Y="218" T="undefined" />
	<Point X="236" Y="209" T="undefined" />
	<Point X="243" Y="198" T="undefined" />
	<Point X="249" Y="188" T="undefined" />
	<Point X="254" Y="181" T="undefined" />
	<Point X="258" Y="175" T="undefined" />
	<Point X="262" Y="168" T="undefined" />
	<Point X="266" Y="161" T="undefined" />
	<Point X="269" Y="155" T="undefined" />
	<Point X="272" Y="150" T="undefined" />
	<Point X="274" Y="145" T="undefined" />
	<Point X="276" Y="141" T="undefined" />
	<Point X="278" Y="137" T="undefined" />
	<Point X="279" Y="133" T="undefined" />
	<Point X="281" Y="130" T="undefined" />
	<Point X="282" Y="128" T="undefined" />
	<Point X="283" Y="124" T="undefined" />
	<Point X="285" Y="121" T="undefined" />
	<Point X="285" Y="119" T="undefined" />
	<Point X="286" Y="117" T="undefined" />
	<Point X="287" Y="115" T="undefined" />
	<Point X="287" Y="114" T="undefined" />
	<Point X="287" Y="113" T="undefined" />
	<Point X="288" Y="113" T="undefined" />
	<Point X="288" Y="114" T="undefined" />
	<Point X="289" Y="115" T="undefined" />
	<Point X="289" Y="118" T="undefined" />
	<Point X="290" Y="121" T="undefined" />
	<Point X="291" Y="125" T="undefined" />
	<Point X="294" Y="133" T="undefined" />
	<Point X="297" Y="141" T="undefined" />
	<Point X="299" Y="151" T="undefined" />
	<Point X="303" Y="163" T="undefined" />
	<Point X="306" Y="176" T="undefined" />
	<Point X="311" Y="191" T="undefined" />
	<Point X="315" Y="207" T="undefined" />
	<Point X="321" Y="227" T="undefined" />
	<Point X="325" Y="243" T="undefined" />
	<Point X="333" Y="266" T="undefined" />
	<Point X="337" Y="280" T="undefined" />
	<Point X="344" Y="299" T="undefined" />
	<Point X="350" Y="315" T="undefined" />
	<Point X="356" Y="329" T="undefined" />
	<Point X="362" Y="340" T="undefined" />
	<Point X="366" Y="351" T="undefined" />
	<Point X="372" Y="360" T="undefined" />
	<Point X="377" Y="370" T="undefined" />
	<Point X="380" Y="375" T="undefined" />
	<Point X="383" Y="381" T="undefined" />
	<Point X="385" Y="385" T="undefined" />
	<Point X="388" Y="389" T="undefined" />
	<Point X="389" Y="391" T="undefined" />
	<Point X="390" Y="393" T="undefined" />
	<Point X="391" Y="394" T="undefined" />
	<Point X="392" Y="395" T="undefined" />
	<Point X="392" Y="394" T="undefined" />
	<Point X="392" Y="393" T="undefined" />
	<Point X="392" Y="392" T="undefined" />
	<Point X="391" Y="391" T="undefined" />
	<Point X="390" Y="389" T="undefined" />
	<Point X="389" Y="387" T="undefined" />
	<Point X="387" Y="384" T="undefined" />
	<Point X="385" Y="381" T="undefined" />
	<Point X="381" Y="377" T="undefined" />
	<Point X="376" Y="373" T="undefined" />
	<Point X="368" Y="367" T="undefined" />
	<Point X="360" Y="362" T="undefined" />
	<Point X="350" Y="356" T="undefined" />
	<Point X="333" Y="346" T="undefined" />
	<Point X="320" Y="339" T="undefined" />
	<Point X="307" Y="331" T="undefined" />
	<Point X="287" Y="322" T="undefined" />
	<Point X="269" Y="312" T="undefined" />
	<Point X="248" Y="302" T="undefined" />
	<Point X="228" Y="293" T="undefined" />
	<Point X="207" Y="283" T="undefined" />
	<Point X="190" Y="274" T="undefined" />
	<Point X="171" Y="266" T="undefined" />
	<Point X="154" Y="258" T="undefined" />
	<Point X="137" Y="252" T="undefined" />
	<Point X="129" Y="248" T="undefined" />
	<Point X="117" Y="243" T="undefined" />
	<Point X="107" Y="239" T="undefined" />
	<Point X="101" Y="237" T="undefined" />
	<Point X="97" Y="236" T="undefined" />
	<Point X="93" Y="235" T="undefined" />
	<Point X="91" Y="234" T="undefined" />
	<Point X="91" Y="233" T="undefined" />
	<Point X="92" Y="233" T="undefined" />
	<Point X="93" Y="234" T="undefined" />
	<Point X="95" Y="234" T="undefined" />
	<Point X="98" Y="234" T="undefined" />
	<Point X="102" Y="234" T="undefined" />
	<Point X="107" Y="234" T="undefined" />
	<Point X="115" Y="234" T="undefined" />
	<Point X="125" Y="233" T="undefined" />
	<Point X="133" Y="231" T="undefined" />
	<Point X="149" Y="228" T="undefined" />
	<Point X="160" Y="227" T="undefined" />
	<Point X="176" Y="225" T="undefined" />
	<Point X="197" Y="221" T="undefined" />
	<Point X="211" Y="219" T="undefined" />
	<Point X="234" Y="217" T="undefined" />
	<Point X="252" Y="215" T="undefined" />
	<Point X="269" Y="213" T="undefined" />
	<Point X="286" Y="212" T="undefined" />
	<Point X="301" Y="212" T="undefined" />
	<Point X="314" Y="211" T="undefined" />
	<Point X="328" Y="210" T="undefined" />
	<Point X="344" Y="210" T="undefined" />
	<Point X="356" Y="209" T="undefined" />
	<Point X="364" Y="209" T="undefined" />
	<Point X="373" Y="208" T="undefined" />
	<Point X="380" Y="208" T="undefined" />
	<Point X="386" Y="208" T="undefined" />
	<Point X="389" Y="208" T="undefined" />
	<Point X="392" Y="208" T="undefined" />
	<Point X="393" Y="208" T="undefined" />
	<Point X="395" Y="208" T="undefined" />
	<Point X="395" Y="209" T="undefined" />
	<Point X="395" Y="210" T="undefined" />
	<Point X="395" Y="212" T="undefined" />
	<Point X="395" Y="213" T="undefined" />
	<Point X="394" Y="215" T="undefined" />
	<Point X="394" Y="216" T="undefined" />
	<Point X="394" Y="217" T="undefined" />
	<Point X="394" Y="218" T="undefined" />
	<Point X="393" Y="218" T="undefined" />
	<Point X="393" Y="219" T="undefined" />
	<Point X="392" Y="219" T="undefined" />
	<Point X="392" Y="220" T="undefined" />
	<Point X="391" Y="220" T="undefined" />
	<Point X="390" Y="221" T="undefined" />
	<Point X="388" Y="223" T="undefined" />
	<Point X="386" Y="224" T="undefined" />
	<Point X="383" Y="226" T="undefined" />
	<Point X="378" Y="229" T="undefined" />
	<Point X="374" Y="232" T="undefined" />
	<Point X="368" Y="236" T="undefined" />
	<Point X="361" Y="240" T="undefined" />
	<Point X="354" Y="245" T="undefined" />
	<Point X="344" Y="252" T="undefined" />
	<Point X="333" Y="260" T="undefined" />
	<Point X="319" Y="269" T="undefined" />
	<Point X="306" Y="278" T="undefined" />
	<Point X="294" Y="286" T="undefined" />
	<Point X="281" Y="294" T="undefined" />
	<Point X="270" Y="302" T="undefined" />
	<Point X="256" Y="312" T="undefined" />
	<Point X="245" Y="318" T="undefined" />
	<Point X="231" Y="326" T="undefined" />
	<Point X="223" Y="330" T="undefined" />
	<Point X="211" Y="337" T="undefined" />
	<Point X="204" Y="341" T="undefined" />
	<Point X="198" Y="345" T="undefined" />
	<Point X="190" Y="349" T="undefined" />
	<Point X="185" Y="351" T="undefined" />
	<Point X="181" Y="353" T="undefined" />
	<Point X="177" Y="355" T="undefined" />
	<Point X="174" Y="356" T="undefined" />
	<Point X="172" Y="358" T="undefined" />
	<Point X="170" Y="359" T="undefined" />
	<Point X="169" Y="360" T="undefined" />
	<Point X="168" Y="360" T="undefined" />
	<Point X="168" Y="361" T="undefined" />
	<Point X="167" Y="361" T="undefined" />
	<Point X="167" Y="362" T="undefined" />
	<Point X="166" Y="362" T="undefined" />
	<Point X="166" Y="363" T="undefined" />
	<Point X="165" Y="363" T="undefined" />
	<Point X="165" Y="364" T="undefined" />
	<Point X="164" Y="364" T="undefined" />
	<Point X="164" Y="365" T="undefined" />
	<Point X="163" Y="365" T="undefined" />
	<Point X="163" Y="366" T="undefined" />
	<Point X="162" Y="366" T="undefined" />
	<Point X="162" Y="367" T="undefined" />
	<Point X="161" Y="368" T="undefined" />
	<Point X="160" Y="368" T="undefined" />
	<Point X="160" Y="369" T="undefined" />
	<Point X="159" Y="369" T="undefined" />
	<Point X="160" Y="369" T="undefined" />
	<Point X="161" Y="369" T="undefined" />
	<Point X="164" Y="369" T="undefined" />
</Gesture>