<?xml version="1.0" encoding="utf-8" standalone="yes"?>
<Gesture Name="Star3" NumPts="248">
	<Point X="184" Y="432" T="undefined" />
	<Point X="184" Y="432" T="undefined" />
	<Point X="184" Y="432" T="undefined" />
	<Point X="184" Y="432" T="undefined" />
	<Point X="184" Y="431" T="undefined" />
	<Point X="184" Y="431" T="undefined" />
	<Point X="184" Y="430" T="undefined" />
	<Point X="184" Y="428" T="undefined" />
	<Point X="185" Y="425" T="undefined" />
	<Point X="187" Y="422" T="undefined" />
	<Point X="188" Y="419" T="undefined" />
	<Point X="190" Y="414" T="undefined" />
	<Point X="191" Y="410" T="undefined" />
	<Point X="193" Y="404" T="undefined" />
	<Point X="195" Y="397" T="undefined" />
	<Point X="197" Y="391" T="undefined" />
	<Point X="198" Y="384" T="undefined" />
	<Point X="200" Y="375" T="undefined" />
	<Point X="203" Y="366" T="undefined" />
	<Point X="206" Y="357" T="undefined" />
	<Point X="209" Y="347" T="undefined" />
	<Point X="213" Y="337" T="undefined" />
	<Point X="216" Y="325" T="undefined" />
	<Point X="219" Y="316" T="undefined" />
	<Point X="224" Y="304" T="undefined" />
	<Point X="228" Y="294" T="undefined" />
	<Point X="232" Y="283" T="undefined" />
	<Point X="235" Y="274" T="undefined" />
	<Point X="238" Y="266" T="undefined" />
	<Point X="241" Y="258" T="undefined" />
	<Point X="244" Y="250" T="undefined" />
	<Point X="248" Y="241" T="undefined" />
	<Point X="250" Y="233" T="undefined" />
	<Point X="253" Y="225" T="undefined" />
	<Point X="257" Y="217" T="undefined" />
	<Point X="259" Y="211" T="undefined" />
	<Point X="263" Y="200" T="undefined" />
	<Point X="266" Y="193" T="undefined" />
	<Point X="270" Y="184" T="undefined" />
	<Point X="271" Y="178" T="undefined" />
	<Point X="275" Y="170" T="undefined" />
	<Point X="278" Y="163" T="undefined" />
	<Point X="280" Y="157" T="undefined" />
	<Point X="283" Y="151" T="undefined" />
	<Point X="285" Y="145" T="undefined" />
	<Point X="287" Y="140" T="undefined" />
	<Point X="289" Y="136" T="undefined" />
	<Point X="291" Y="130" T="undefined" />
	<Point X="292" Y="126" T="undefined" />
	<Point X="293" Y="122" T="undefined" />
	<Point X="294" Y="120" T="undefined" />
	<Point X="295" Y="116" T="undefined" />
	<Point X="296" Y="114" T="undefined" />
	<Point X="296" Y="113" T="undefined" />
	<Point X="296" Y="112" T="undefined" />
	<Point X="297" Y="112" T="undefined" />
	<Point X="297" Y="112" T="undefined" />
	<Point X="297" Y="113" T="undefined" />
	<Point X="297" Y="115" T="undefined" />
	<Point X="298" Y="118" T="undefined" />
	<Point X="299" Y="121" T="undefined" />
	<Point X="300" Y="126" T="undefined" />
	<Point X="301" Y="132" T="undefined" />
	<Point X="304" Y="140" T="undefined" />
	<Point X="306" Y="147" T="undefined" />
	<Point X="309" Y="159" T="undefined" />
	<Point X="312" Y="171" T="undefined" />
	<Point X="315" Y="185" T="undefined" />
	<Point X="319" Y="198" T="undefined" />
	<Point X="322" Y="209" T="undefined" />
	<Point X="325" Y="224" T="undefined" />
	<Point X="330" Y="242" T="undefined" />
	<Point X="334" Y="258" T="undefined" />
	<Point X="337" Y="273" T="undefined" />
	<Point X="340" Y="286" T="undefined" />
	<Point X="342" Y="301" T="undefined" />
	<Point X="345" Y="316" T="undefined" />
	<Point X="347" Y="328" T="undefined" />
	<Point X="350" Y="340" T="undefined" />
	<Point X="352" Y="349" T="undefined" />
	<Point X="354" Y="359" T="undefined" />
	<Point X="356" Y="366" T="undefined" />
	<Point X="357" Y="372" T="undefined" />
	<Point X="358" Y="377" T="undefined" />
	<Point X="359" Y="381" T="undefined" />
	<Point X="359" Y="385" T="undefined" />
	<Point X="360" Y="388" T="undefined" />
	<Point X="360" Y="391" T="undefined" />
	<Point X="360" Y="393" T="undefined" />
	<Point X="360" Y="396" T="undefined" />
	<Point X="361" Y="398" T="undefined" />
	<Point X="361" Y="400" T="undefined" />
	<Point X="361" Y="401" T="undefined" />
	<Point X="361" Y="403" T="undefined" />
	<Point X="361" Y="405" T="undefined" />
	<Point X="361" Y="407" T="undefined" />
	<Point X="361" Y="409" T="undefined" />
	<Point X="361" Y="410" T="undefined" />
	<Point X="362" Y="411" T="undefined" />
	<Point X="362" Y="412" T="undefined" />
	<Point X="362" Y="413" T="undefined" />
	<Point X="362" Y="414" T="undefined" />
	<Point X="362" Y="415" T="undefined" />
	<Point X="362" Y="416" T="undefined" />
	<Point X="362" Y="415" T="undefined" />
	<Point X="361" Y="414" T="undefined" />
	<Point X="359" Y="411" T="undefined" />
	<Point X="355" Y="407" T="undefined" />
	<Point X="351" Y="404" T="undefined" />
	<Point X="345" Y="399" T="undefined" />
	<Point X="338" Y="392" T="undefined" />
	<Point X="331" Y="386" T="undefined" />
	<Point X="320" Y="377" T="undefined" />
	<Point X="311" Y="370" T="undefined" />
	<Point X="298" Y="361" T="undefined" />
	<Point X="281" Y="349" T="undefined" />
	<Point X="269" Y="341" T="undefined" />
	<Point X="254" Y="331" T="undefined" />
	<Point X="238" Y="319" T="undefined" />
	<Point X="227" Y="311" T="undefined" />
	<Point X="209" Y="299" T="undefined" />
	<Point X="199" Y="293" T="undefined" />
	<Point X="188" Y="285" T="undefined" />
	<Point X="176" Y="278" T="undefined" />
	<Point X="167" Y="272" T="undefined" />
	<Point X="158" Y="266" T="undefined" />
	<Point X="151" Y="263" T="undefined" />
	<Point X="145" Y="259" T="undefined" />
	<Point X="140" Y="256" T="undefined" />
	<Point X="136" Y="254" T="undefined" />
	<Point X="134" Y="253" T="undefined" />
	<Point X="131" Y="251" T="undefined" />
	<Point X="130" Y="250" T="undefined" />
	<Point X="129" Y="250" T="undefined" />
	<Point X="129" Y="249" T="undefined" />
	<Point X="130" Y="249" T="undefined" />
	<Point X="131" Y="249" T="undefined" />
	<Point X="134" Y="249" T="undefined" />
	<Point X="138" Y="249" T="undefined" />
	<Point X="142" Y="248" T="undefined" />
	<Point X="150" Y="247" T="undefined" />
	<Point X="157" Y="246" T="undefined" />
	<Point X="167" Y="246" T="undefined" />
	<Point X="176" Y="245" T="undefined" />
	<Point X="188" Y="244" T="undefined" />
	<Point X="201" Y="243" T="undefined" />
	<Point X="216" Y="242" T="undefined" />
	<Point X="227" Y="241" T="undefined" />
	<Point X="240" Y="241" T="undefined" />
	<Point X="255" Y="240" T="undefined" />
	<Point X="268" Y="240" T="undefined" />
	<Point X="278" Y="239" T="undefined" />
	<Point X="290" Y="239" T="undefined" />
	<Point X="303" Y="239" T="undefined" />
	<Point X="315" Y="239" T="undefined" />
	<Point X="327" Y="238" T="undefined" />
	<Point X="334" Y="238" T="undefined" />
	<Point X="346" Y="237" T="undefined" />
	<Point X="356" Y="236" T="undefined" />
	<Point X="364" Y="236" T="undefined" />
	<Point X="372" Y="236" T="undefined" />
	<Point X="380" Y="236" T="undefined" />
	<Point X="385" Y="236" T="undefined" />
	<Point X="389" Y="236" T="undefined" />
	<Point X="393" Y="236" T="undefined" />
	<Point X="395" Y="236" T="undefined" />
	<Point X="397" Y="236" T="undefined" />
	<Point X="397" Y="237" T="undefined" />
	<Point X="397" Y="238" T="undefined" />
	<Point X="397" Y="239" T="undefined" />
	<Point X="395" Y="242" T="undefined" />
	<Point X="394" Y="245" T="undefined" />
	<Point X="391" Y="249" T="undefined" />
	<Point X="388" Y="252" T="undefined" />
	<Point X="384" Y="257" T="undefined" />
	<Point X="381" Y="261" T="undefined" />
	<Point X="375" Y="267" T="undefined" />
	<Point X="368" Y="276" T="undefined" />
	<Point X="362" Y="281" T="undefined" />
	<Point X="354" Y="290" T="undefined" />
	<Point X="345" Y="297" T="undefined" />
	<Point X="337" Y="304" T="undefined" />
	<Point X="329" Y="311" T="undefined" />
	<Point X="322" Y="318" T="undefined" />
	<Point X="314" Y="324" T="undefined" />
	<Point X="308" Y="329" T="undefined" />
	<Point X="302" Y="334" T="undefined" />
	<Point X="297" Y="338" T="undefined" />
	<Point X="291" Y="343" T="undefined" />
	<Point X="286" Y="346" T="undefined" />
	<Point X="282" Y="350" T="undefined" />
	<Point X="278" Y="352" T="undefined" />
	<Point X="274" Y="356" T="undefined" />
	<Point X="270" Y="358" T="undefined" />
	<Point X="267" Y="360" T="undefined" />
	<Point X="263" Y="362" T="undefined" />
	<Point X="259" Y="364" T="undefined" />
	<Point X="257" Y="365" T="undefined" />
	<Point X="255" Y="367" T="undefined" />
	<Point X="252" Y="368" T="undefined" />
	<Point X="250" Y="370" T="undefined" />
	<Point X="248" Y="371" T="undefined" />
	<Point X="245" Y="372" T="undefined" />
	<Point X="242" Y="374" T="undefined" />
	<Point X="240" Y="376" T="undefined" />
	<Point X="237" Y="377" T="undefined" />
	<Point X="234" Y="378" T="undefined" />
	<Point X="231" Y="380" T="undefined" />
	<Point X="229" Y="381" T="undefined" />
	<Point X="226" Y="382" T="undefined" />
	<Point X="224" Y="384" T="undefined" />
	<Point X="222" Y="385" T="undefined" />
	<Point X="220" Y="387" T="undefined" />
	<Point X="218" Y="389" T="undefined" />
	<Point X="216" Y="390" T="undefined" />
	<Point X="215" Y="390" T="undefined" />
	<Point X="214" Y="391" T="undefined" />
	<Point X="213" Y="393" T="undefined" />
	<Point X="212" Y="393" T="undefined" />
	<Point X="210" Y="394" T="undefined" />
	<Point X="209" Y="395" T="undefined" />
	<Point X="208" Y="397" T="undefined" />
	<Point X="207" Y="397" T="undefined" />
	<Point X="206" Y="398" T="undefined" />
	<Point X="205" Y="399" T="undefined" />
	<Point X="204" Y="399" T="undefined" />
	<Point X="203" Y="400" T="undefined" />
	<Point X="202" Y="401" T="undefined" />
	<Point X="201" Y="401" T="undefined" />
	<Point X="200" Y="401" T="undefined" />
	<Point X="200" Y="402" T="undefined" />
	<Point X="199" Y="402" T="undefined" />
	<Point X="199" Y="403" T="undefined" />
	<Point X="197" Y="403" T="undefined" />
	<Point X="196" Y="404" T="undefined" />
	<Point X="196" Y="405" T="undefined" />
	<Point X="195" Y="405" T="undefined" />
	<Point X="194" Y="405" T="undefined" />
	<Point X="193" Y="406" T="undefined" />
	<Point X="192" Y="406" T="undefined" />
	<Point X="192" Y="407" T="undefined" />
	<Point X="191" Y="407" T="undefined" />
	<Point X="190" Y="407" T="undefined" />
	<Point X="190" Y="408" T="undefined" />
	<Point X="189" Y="408" T="undefined" />
	<Point X="189" Y="409" T="undefined" />
	<Point X="188" Y="409" T="undefined" />
	<Point X="187" Y="409" T="undefined" />
</Gesture>