<?xml version="1.0" encoding="utf-8" standalone="yes"?>
<Gesture Name="Star0" NumPts="457">
	<Point X="161" Y="391" T="undefined" />
	<Point X="161" Y="390" T="undefined" />
	<Point X="161" Y="389" T="undefined" />
	<Point X="161" Y="388" T="undefined" />
	<Point X="162" Y="387" T="undefined" />
	<Point X="163" Y="385" T="undefined" />
	<Point X="164" Y="383" T="undefined" />
	<Point X="164" Y="381" T="undefined" />
	<Point X="166" Y="379" T="undefined" />
	<Point X="167" Y="376" T="undefined" />
	<Point X="169" Y="373" T="undefined" />
	<Point X="171" Y="371" T="undefined" />
	<Point X="173" Y="367" T="undefined" />
	<Point X="175" Y="364" T="undefined" />
	<Point X="176" Y="361" T="undefined" />
	<Point X="178" Y="358" T="undefined" />
	<Point X="180" Y="354" T="undefined" />
	<Point X="182" Y="351" T="undefined" />
	<Point X="184" Y="348" T="undefined" />
	<Point X="186" Y="344" T="undefined" />
	<Point X="188" Y="340" T="undefined" />
	<Point X="190" Y="336" T="undefined" />
	<Point X="192" Y="332" T="undefined" />
	<Point X="194" Y="328" T="undefined" />
	<Point X="196" Y="325" T="undefined" />
	<Point X="198" Y="321" T="undefined" />
	<Point X="200" Y="318" T="undefined" />
	<Point X="201" Y="315" T="undefined" />
	<Point X="203" Y="311" T="undefined" />
	<Point X="204" Y="308" T="undefined" />
	<Point X="206" Y="305" T="undefined" />
	<Point X="208" Y="301" T="undefined" />
	<Point X="209" Y="299" T="undefined" />
	<Point X="212" Y="295" T="undefined" />
	<Point X="213" Y="292" T="undefined" />
	<Point X="215" Y="290" T="undefined" />
	<Point X="217" Y="287" T="undefined" />
	<Point X="219" Y="283" T="undefined" />
	<Point X="220" Y="280" T="undefined" />
	<Point X="223" Y="277" T="undefined" />
	<Point X="224" Y="274" T="undefined" />
	<Point X="227" Y="270" T="undefined" />
	<Point X="228" Y="267" T="undefined" />
	<Point X="231" Y="264" T="undefined" />
	<Point X="232" Y="261" T="undefined" />
	<Point X="234" Y="257" T="undefined" />
	<Point X="236" Y="254" T="undefined" />
	<Point X="238" Y="252" T="undefined" />
	<Point X="240" Y="248" T="undefined" />
	<Point X="242" Y="245" T="undefined" />
	<Point X="243" Y="243" T="undefined" />
	<Point X="245" Y="240" T="undefined" />
	<Point X="248" Y="236" T="undefined" />
	<Point X="249" Y="233" T="undefined" />
	<Point X="251" Y="231" T="undefined" />
	<Point X="253" Y="228" T="undefined" />
	<Point X="254" Y="224" T="undefined" />
	<Point X="256" Y="222" T="undefined" />
	<Point X="258" Y="219" T="undefined" />
	<Point X="259" Y="217" T="undefined" />
	<Point X="261" Y="213" T="undefined" />
	<Point X="262" Y="211" T="undefined" />
	<Point X="264" Y="207" T="undefined" />
	<Point X="265" Y="204" T="undefined" />
	<Point X="267" Y="202" T="undefined" />
	<Point X="268" Y="199" T="undefined" />
	<Point X="270" Y="196" T="undefined" />
	<Point X="271" Y="194" T="undefined" />
	<Point X="272" Y="192" T="undefined" />
	<Point X="273" Y="190" T="undefined" />
	<Point X="275" Y="187" T="undefined" />
	<Point X="276" Y="185" T="undefined" />
	<Point X="277" Y="183" T="undefined" />
	<Point X="278" Y="181" T="undefined" />
	<Point X="279" Y="179" T="undefined" />
	<Point X="280" Y="177" T="undefined" />
	<Point X="281" Y="175" T="undefined" />
	<Point X="282" Y="174" T="undefined" />
	<Point X="283" Y="172" T="undefined" />
	<Point X="283" Y="170" T="undefined" />
	<Point X="285" Y="169" T="undefined" />
	<Point X="285" Y="167" T="undefined" />
	<Point X="286" Y="165" T="undefined" />
	<Point X="287" Y="164" T="undefined" />
	<Point X="287" Y="162" T="undefined" />
	<Point X="289" Y="161" T="undefined" />
	<Point X="289" Y="159" T="undefined" />
	<Point X="290" Y="157" T="undefined" />
	<Point X="291" Y="155" T="undefined" />
	<Point X="291" Y="154" T="undefined" />
	<Point X="293" Y="152" T="undefined" />
	<Point X="293" Y="151" T="undefined" />
	<Point X="294" Y="150" T="undefined" />
	<Point X="294" Y="149" T="undefined" />
	<Point X="295" Y="147" T="undefined" />
	<Point X="295" Y="146" T="undefined" />
	<Point X="295" Y="145" T="undefined" />
	<Point X="296" Y="145" T="undefined" />
	<Point X="296" Y="144" T="undefined" />
	<Point X="297" Y="144" T="undefined" />
	<Point X="297" Y="143" T="undefined" />
	<Point X="297" Y="142" T="undefined" />
	<Point X="297" Y="143" T="undefined" />
	<Point X="297" Y="144" T="undefined" />
	<Point X="297" Y="145" T="undefined" />
	<Point X="297" Y="146" T="undefined" />
	<Point X="297" Y="147" T="undefined" />
	<Point X="297" Y="148" T="undefined" />
	<Point X="297" Y="149" T="undefined" />
	<Point X="297" Y="150" T="undefined" />
	<Point X="297" Y="151" T="undefined" />
	<Point X="297" Y="152" T="undefined" />
	<Point X="297" Y="153" T="undefined" />
	<Point X="297" Y="154" T="undefined" />
	<Point X="297" Y="155" T="undefined" />
	<Point X="297" Y="157" T="undefined" />
	<Point X="297" Y="158" T="undefined" />
	<Point X="298" Y="160" T="undefined" />
	<Point X="298" Y="161" T="undefined" />
	<Point X="298" Y="163" T="undefined" />
	<Point X="298" Y="165" T="undefined" />
	<Point X="299" Y="167" T="undefined" />
	<Point X="299" Y="169" T="undefined" />
	<Point X="300" Y="172" T="undefined" />
	<Point X="300" Y="173" T="undefined" />
	<Point X="301" Y="176" T="undefined" />
	<Point X="301" Y="178" T="undefined" />
	<Point X="301" Y="180" T="undefined" />
	<Point X="302" Y="182" T="undefined" />
	<Point X="302" Y="185" T="undefined" />
	<Point X="303" Y="187" T="undefined" />
	<Point X="303" Y="190" T="undefined" />
	<Point X="304" Y="193" T="undefined" />
	<Point X="305" Y="195" T="undefined" />
	<Point X="305" Y="199" T="undefined" />
	<Point X="306" Y="202" T="undefined" />
	<Point X="307" Y="205" T="undefined" />
	<Point X="307" Y="209" T="undefined" />
	<Point X="309" Y="212" T="undefined" />
	<Point X="309" Y="215" T="undefined" />
	<Point X="310" Y="218" T="undefined" />
	<Point X="311" Y="222" T="undefined" />
	<Point X="311" Y="225" T="undefined" />
	<Point X="313" Y="228" T="undefined" />
	<Point X="313" Y="231" T="undefined" />
	<Point X="314" Y="235" T="undefined" />
	<Point X="315" Y="238" T="undefined" />
	<Point X="316" Y="242" T="undefined" />
	<Point X="317" Y="245" T="undefined" />
	<Point X="318" Y="249" T="undefined" />
	<Point X="318" Y="252" T="undefined" />
	<Point X="319" Y="255" T="undefined" />
	<Point X="320" Y="258" T="undefined" />
	<Point X="321" Y="261" T="undefined" />
	<Point X="322" Y="265" T="undefined" />
	<Point X="323" Y="267" T="undefined" />
	<Point X="325" Y="271" T="undefined" />
	<Point X="325" Y="274" T="undefined" />
	<Point X="326" Y="278" T="undefined" />
	<Point X="327" Y="280" T="undefined" />
	<Point X="329" Y="283" T="undefined" />
	<Point X="329" Y="285" T="undefined" />
	<Point X="330" Y="287" T="undefined" />
	<Point X="331" Y="290" T="undefined" />
	<Point X="332" Y="292" T="undefined" />
	<Point X="333" Y="294" T="undefined" />
	<Point X="333" Y="296" T="undefined" />
	<Point X="334" Y="299" T="undefined" />
	<Point X="335" Y="301" T="undefined" />
	<Point X="336" Y="303" T="undefined" />
	<Point X="336" Y="305" T="undefined" />
	<Point X="337" Y="308" T="undefined" />
	<Point X="338" Y="309" T="undefined" />
	<Point X="339" Y="311" T="undefined" />
	<Point X="339" Y="312" T="undefined" />
	<Point X="340" Y="314" T="undefined" />
	<Point X="340" Y="315" T="undefined" />
	<Point X="341" Y="317" T="undefined" />
	<Point X="342" Y="319" T="undefined" />
	<Point X="342" Y="320" T="undefined" />
	<Point X="342" Y="321" T="undefined" />
	<Point X="343" Y="322" T="undefined" />
	<Point X="343" Y="323" T="undefined" />
	<Point X="344" Y="325" T="undefined" />
	<Point X="344" Y="326" T="undefined" />
	<Point X="344" Y="327" T="undefined" />
	<Point X="345" Y="328" T="undefined" />
	<Point X="345" Y="329" T="undefined" />
	<Point X="346" Y="330" T="undefined" />
	<Point X="346" Y="331" T="undefined" />
	<Point X="346" Y="332" T="undefined" />
	<Point X="346" Y="333" T="undefined" />
	<Point X="347" Y="333" T="undefined" />
	<Point X="347" Y="334" T="undefined" />
	<Point X="347" Y="335" T="undefined" />
	<Point X="347" Y="336" T="undefined" />
	<Point X="348" Y="336" T="undefined" />
	<Point X="348" Y="337" T="undefined" />
	<Point X="348" Y="338" T="undefined" />
	<Point X="348" Y="339" T="undefined" />
	<Point X="348" Y="340" T="undefined" />
	<Point X="349" Y="341" T="undefined" />
	<Point X="349" Y="342" T="undefined" />
	<Point X="350" Y="343" T="undefined" />
	<Point X="350" Y="344" T="undefined" />
	<Point X="350" Y="346" T="undefined" />
	<Point X="350" Y="347" T="undefined" />
	<Point X="351" Y="348" T="undefined" />
	<Point X="351" Y="349" T="undefined" />
	<Point X="351" Y="350" T="undefined" />
	<Point X="351" Y="351" T="undefined" />
	<Point X="351" Y="352" T="undefined" />
	<Point X="351" Y="353" T="undefined" />
	<Point X="352" Y="354" T="undefined" />
	<Point X="352" Y="356" T="undefined" />
	<Point X="352" Y="357" T="undefined" />
	<Point X="352" Y="358" T="undefined" />
	<Point X="352" Y="359" T="undefined" />
	<Point X="352" Y="360" T="undefined" />
	<Point X="352" Y="361" T="undefined" />
	<Point X="352" Y="362" T="undefined" />
	<Point X="352" Y="363" T="undefined" />
	<Point X="353" Y="363" T="undefined" />
	<Point X="353" Y="364" T="undefined" />
	<Point X="353" Y="366" T="undefined" />
	<Point X="353" Y="367" T="undefined" />
	<Point X="353" Y="368" T="undefined" />
	<Point X="353" Y="370" T="undefined" />
	<Point X="353" Y="371" T="undefined" />
	<Point X="353" Y="372" T="undefined" />
	<Point X="353" Y="374" T="undefined" />
	<Point X="353" Y="375" T="undefined" />
	<Point X="353" Y="376" T="undefined" />
	<Point X="353" Y="377" T="undefined" />
	<Point X="354" Y="378" T="undefined" />
	<Point X="354" Y="379" T="undefined" />
	<Point X="354" Y="380" T="undefined" />
	<Point X="354" Y="381" T="undefined" />
	<Point X="354" Y="382" T="undefined" />
	<Point X="354" Y="381" T="undefined" />
	<Point X="353" Y="381" T="undefined" />
	<Point X="351" Y="379" T="undefined" />
	<Point X="349" Y="377" T="undefined" />
	<Point X="345" Y="374" T="undefined" />
	<Point X="341" Y="371" T="undefined" />
	<Point X="337" Y="367" T="undefined" />
	<Point X="329" Y="362" T="undefined" />
	<Point X="322" Y="357" T="undefined" />
	<Point X="318" Y="354" T="undefined" />
	<Point X="311" Y="350" T="undefined" />
	<Point X="305" Y="347" T="undefined" />
	<Point X="299" Y="344" T="undefined" />
	<Point X="293" Y="340" T="undefined" />
	<Point X="287" Y="337" T="undefined" />
	<Point X="283" Y="335" T="undefined" />
	<Point X="277" Y="331" T="undefined" />
	<Point X="272" Y="328" T="undefined" />
	<Point X="267" Y="325" T="undefined" />
	<Point X="263" Y="322" T="undefined" />
	<Point X="259" Y="320" T="undefined" />
	<Point X="254" Y="316" T="undefined" />
	<Point X="250" Y="313" T="undefined" />
	<Point X="245" Y="310" T="undefined" />
	<Point X="241" Y="308" T="undefined" />
	<Point X="237" Y="305" T="undefined" />
	<Point X="233" Y="302" T="undefined" />
	<Point X="229" Y="299" T="undefined" />
	<Point X="225" Y="297" T="undefined" />
	<Point X="220" Y="294" T="undefined" />
	<Point X="216" Y="292" T="undefined" />
	<Point X="213" Y="289" T="undefined" />
	<Point X="208" Y="287" T="undefined" />
	<Point X="204" Y="285" T="undefined" />
	<Point X="202" Y="284" T="undefined" />
	<Point X="198" Y="282" T="undefined" />
	<Point X="195" Y="281" T="undefined" />
	<Point X="192" Y="280" T="undefined" />
	<Point X="190" Y="279" T="undefined" />
	<Point X="188" Y="277" T="undefined" />
	<Point X="186" Y="277" T="undefined" />
	<Point X="184" Y="276" T="undefined" />
	<Point X="182" Y="274" T="undefined" />
	<Point X="179" Y="273" T="undefined" />
	<Point X="177" Y="272" T="undefined" />
	<Point X="175" Y="271" T="undefined" />
	<Point X="173" Y="270" T="undefined" />
	<Point X="170" Y="268" T="undefined" />
	<Point X="167" Y="267" T="undefined" />
	<Point X="165" Y="266" T="undefined" />
	<Point X="163" Y="264" T="undefined" />
	<Point X="161" Y="263" T="undefined" />
	<Point X="159" Y="263" T="undefined" />
	<Point X="157" Y="261" T="undefined" />
	<Point X="155" Y="260" T="undefined" />
	<Point X="153" Y="259" T="undefined" />
	<Point X="150" Y="258" T="undefined" />
	<Point X="148" Y="257" T="undefined" />
	<Point X="146" Y="255" T="undefined" />
	<Point X="144" Y="254" T="undefined" />
	<Point X="141" Y="252" T="undefined" />
	<Point X="138" Y="251" T="undefined" />
	<Point X="136" Y="250" T="undefined" />
	<Point X="135" Y="249" T="undefined" />
	<Point X="134" Y="248" T="undefined" />
	<Point X="133" Y="248" T="undefined" />
	<Point X="132" Y="247" T="undefined" />
	<Point X="131" Y="247" T="undefined" />
	<Point X="130" Y="247" T="undefined" />
	<Point X="130" Y="246" T="undefined" />
	<Point X="130" Y="245" T="undefined" />
	<Point X="129" Y="245" T="undefined" />
	<Point X="128" Y="245" T="undefined" />
	<Point X="128" Y="244" T="undefined" />
	<Point X="127" Y="244" T="undefined" />
	<Point X="126" Y="244" T="undefined" />
	<Point X="126" Y="243" T="undefined" />
	<Point X="125" Y="243" T="undefined" />
	<Point X="125" Y="242" T="undefined" />
	<Point X="124" Y="242" T="undefined" />
	<Point X="124" Y="241" T="undefined" />
	<Point X="125" Y="241" T="undefined" />
	<Point X="127" Y="240" T="undefined" />
	<Point X="128" Y="240" T="undefined" />
	<Point X="130" Y="239" T="undefined" />
	<Point X="132" Y="238" T="undefined" />
	<Point X="135" Y="237" T="undefined" />
	<Point X="139" Y="237" T="undefined" />
	<Point X="142" Y="236" T="undefined" />
	<Point X="146" Y="236" T="undefined" />
	<Point X="150" Y="236" T="undefined" />
	<Point X="156" Y="236" T="undefined" />
	<Point X="161" Y="236" T="undefined" />
	<Point X="168" Y="236" T="undefined" />
	<Point X="175" Y="236" T="undefined" />
	<Point X="181" Y="236" T="undefined" />
	<Point X="189" Y="236" T="undefined" />
	<Point X="195" Y="236" T="undefined" />
	<Point X="201" Y="236" T="undefined" />
	<Point X="208" Y="236" T="undefined" />
	<Point X="215" Y="236" T="undefined" />
	<Point X="222" Y="236" T="undefined" />
	<Point X="228" Y="236" T="undefined" />
	<Point X="235" Y="236" T="undefined" />
	<Point X="241" Y="236" T="undefined" />
	<Point X="248" Y="237" T="undefined" />
	<Point X="254" Y="237" T="undefined" />
	<Point X="261" Y="238" T="undefined" />
	<Point X="267" Y="239" T="undefined" />
	<Point X="273" Y="240" T="undefined" />
	<Point X="279" Y="241" T="undefined" />
	<Point X="283" Y="241" T="undefined" />
	<Point X="289" Y="242" T="undefined" />
	<Point X="295" Y="243" T="undefined" />
	<Point X="299" Y="243" T="undefined" />
	<Point X="303" Y="244" T="undefined" />
	<Point X="307" Y="244" T="undefined" />
	<Point X="312" Y="244" T="undefined" />
	<Point X="317" Y="244" T="undefined" />
	<Point X="321" Y="244" T="undefined" />
	<Point X="325" Y="244" T="undefined" />
	<Point X="329" Y="244" T="undefined" />
	<Point X="333" Y="244" T="undefined" />
	<Point X="337" Y="244" T="undefined" />
	<Point X="341" Y="244" T="undefined" />
	<Point X="345" Y="244" T="undefined" />
	<Point X="349" Y="244" T="undefined" />
	<Point X="352" Y="244" T="undefined" />
	<Point X="355" Y="244" T="undefined" />
	<Point X="358" Y="244" T="undefined" />
	<Point X="362" Y="244" T="undefined" />
	<Point X="365" Y="244" T="undefined" />
	<Point X="368" Y="244" T="undefined" />
	<Point X="370" Y="244" T="undefined" />
	<Point X="373" Y="244" T="undefined" />
	<Point X="374" Y="244" T="undefined" />
	<Point X="377" Y="244" T="undefined" />
	<Point X="378" Y="244" T="undefined" />
	<Point X="379" Y="244" T="undefined" />
	<Point X="381" Y="244" T="undefined" />
	<Point X="382" Y="244" T="undefined" />
	<Point X="383" Y="244" T="undefined" />
	<Point X="384" Y="244" T="undefined" />
	<Point X="385" Y="244" T="undefined" />
	<Point X="385" Y="245" T="undefined" />
	<Point X="383" Y="247" T="undefined" />
	<Point X="382" Y="248" T="undefined" />
	<Point X="379" Y="251" T="undefined" />
	<Point X="377" Y="253" T="undefined" />
	<Point X="373" Y="256" T="undefined" />
	<Point X="368" Y="259" T="undefined" />
	<Point X="365" Y="262" T="undefined" />
	<Point X="360" Y="265" T="undefined" />
	<Point X="356" Y="269" T="undefined" />
	<Point X="349" Y="275" T="undefined" />
	<Point X="343" Y="279" T="undefined" />
	<Point X="337" Y="285" T="undefined" />
	<Point X="329" Y="290" T="undefined" />
	<Point X="322" Y="296" T="undefined" />
	<Point X="316" Y="301" T="undefined" />
	<Point X="310" Y="305" T="undefined" />
	<Point X="303" Y="310" T="undefined" />
	<Point X="296" Y="316" T="undefined" />
	<Point X="290" Y="320" T="undefined" />
	<Point X="285" Y="324" T="undefined" />
	<Point X="279" Y="328" T="undefined" />
	<Point X="273" Y="331" T="undefined" />
	<Point X="270" Y="334" T="undefined" />
	<Point X="266" Y="337" T="undefined" />
	<Point X="263" Y="340" T="undefined" />
	<Point X="260" Y="342" T="undefined" />
	<Point X="257" Y="345" T="undefined" />
	<Point X="254" Y="347" T="undefined" />
	<Point X="251" Y="350" T="undefined" />
	<Point X="249" Y="353" T="undefined" />
	<Point X="247" Y="354" T="undefined" />
	<Point X="245" Y="357" T="undefined" />
	<Point X="242" Y="359" T="undefined" />
	<Point X="240" Y="361" T="undefined" />
	<Point X="238" Y="362" T="undefined" />
	<Point X="236" Y="363" T="undefined" />
	<Point X="234" Y="365" T="undefined" />
	<Point X="231" Y="367" T="undefined" />
	<Point X="228" Y="368" T="undefined" />
	<Point X="227" Y="370" T="undefined" />
	<Point X="225" Y="371" T="undefined" />
	<Point X="223" Y="372" T="undefined" />
	<Point X="222" Y="374" T="undefined" />
	<Point X="219" Y="375" T="undefined" />
	<Point X="218" Y="376" T="undefined" />
	<Point X="216" Y="378" T="undefined" />
	<Point X="214" Y="380" T="undefined" />
	<Point X="212" Y="381" T="undefined" />
	<Point X="210" Y="382" T="undefined" />
	<Point X="207" Y="383" T="undefined" />
	<Point X="206" Y="385" T="undefined" />
	<Point X="203" Y="386" T="undefined" />
	<Point X="202" Y="387" T="undefined" />
	<Point X="199" Y="388" T="undefined" />
	<Point X="198" Y="390" T="undefined" />
	<Point X="196" Y="390" T="undefined" />
	<Point X="194" Y="391" T="undefined" />
	<Point X="193" Y="392" T="undefined" />
	<Point X="191" Y="393" T="undefined" />
	<Point X="190" Y="394" T="undefined" />
	<Point X="187" Y="395" T="undefined" />
	<Point X="186" Y="396" T="undefined" />
	<Point X="183" Y="398" T="undefined" />
	<Point X="182" Y="398" T="undefined" />
	<Point X="180" Y="399" T="undefined" />
	<Point X="179" Y="400" T="undefined" />
	<Point X="177" Y="401" T="undefined" />
	<Point X="176" Y="401" T="undefined" />
	<Point X="174" Y="403" T="undefined" />
	<Point X="173" Y="403" T="undefined" />
	<Point X="171" Y="404" T="undefined" />
	<Point X="170" Y="404" T="undefined" />
	<Point X="169" Y="405" T="undefined" />
</Gesture>