<?xml version="1.0" encoding="utf-8" standalone="yes"?>
<Gesture Name="Triangle1" NumPts="211">
	<Point X="215" Y="106" T="undefined" />
	<Point X="215" Y="106" T="undefined" />
	<Point X="214" Y="106" T="undefined" />
	<Point X="214" Y="108" T="undefined" />
	<Point X="211" Y="109" T="undefined" />
	<Point X="210" Y="112" T="undefined" />
	<Point X="207" Y="114" T="undefined" />
	<Point X="204" Y="117" T="undefined" />
	<Point X="200" Y="121" T="undefined" />
	<Point X="196" Y="126" T="undefined" />
	<Point X="193" Y="129" T="undefined" />
	<Point X="188" Y="134" T="undefined" />
	<Point X="184" Y="138" T="undefined" />
	<Point X="180" Y="143" T="undefined" />
	<Point X="175" Y="149" T="undefined" />
	<Point X="171" Y="153" T="undefined" />
	<Point X="167" Y="159" T="undefined" />
	<Point X="163" Y="164" T="undefined" />
	<Point X="160" Y="168" T="undefined" />
	<Point X="156" Y="174" T="undefined" />
	<Point X="154" Y="178" T="undefined" />
	<Point X="150" Y="184" T="undefined" />
	<Point X="146" Y="190" T="undefined" />
	<Point X="143" Y="194" T="undefined" />
	<Point X="140" Y="200" T="undefined" />
	<Point X="137" Y="205" T="undefined" />
	<Point X="134" Y="210" T="undefined" />
	<Point X="132" Y="214" T="undefined" />
	<Point X="129" Y="219" T="undefined" />
	<Point X="126" Y="223" T="undefined" />
	<Point X="124" Y="228" T="undefined" />
	<Point X="122" Y="232" T="undefined" />
	<Point X="120" Y="237" T="undefined" />
	<Point X="118" Y="239" T="undefined" />
	<Point X="117" Y="243" T="undefined" />
	<Point X="116" Y="247" T="undefined" />
	<Point X="114" Y="250" T="undefined" />
	<Point X="113" Y="253" T="undefined" />
	<Point X="111" Y="256" T="undefined" />
	<Point X="109" Y="259" T="undefined" />
	<Point X="108" Y="262" T="undefined" />
	<Point X="107" Y="264" T="undefined" />
	<Point X="106" Y="267" T="undefined" />
	<Point X="104" Y="269" T="undefined" />
	<Point X="103" Y="271" T="undefined" />
	<Point X="103" Y="274" T="undefined" />
	<Point X="101" Y="275" T="undefined" />
	<Point X="100" Y="278" T="undefined" />
	<Point X="99" Y="279" T="undefined" />
	<Point X="98" Y="282" T="undefined" />
	<Point X="97" Y="284" T="undefined" />
	<Point X="96" Y="286" T="undefined" />
	<Point X="95" Y="287" T="undefined" />
	<Point X="94" Y="289" T="undefined" />
	<Point X="93" Y="291" T="undefined" />
	<Point X="92" Y="292" T="undefined" />
	<Point X="91" Y="294" T="undefined" />
	<Point X="90" Y="295" T="undefined" />
	<Point X="89" Y="297" T="undefined" />
	<Point X="88" Y="298" T="undefined" />
	<Point X="87" Y="300" T="undefined" />
	<Point X="86" Y="301" T="undefined" />
	<Point X="85" Y="303" T="undefined" />
	<Point X="85" Y="304" T="undefined" />
	<Point X="84" Y="305" T="undefined" />
	<Point X="83" Y="306" T="undefined" />
	<Point X="83" Y="307" T="undefined" />
	<Point X="82" Y="308" T="undefined" />
	<Point X="81" Y="308" T="undefined" />
	<Point X="81" Y="309" T="undefined" />
	<Point X="81" Y="310" T="undefined" />
	<Point X="82" Y="310" T="undefined" />
	<Point X="83" Y="311" T="undefined" />
	<Point X="85" Y="311" T="undefined" />
	<Point X="88" Y="311" T="undefined" />
	<Point X="90" Y="312" T="undefined" />
	<Point X="94" Y="312" T="undefined" />
	<Point X="98" Y="312" T="undefined" />
	<Point X="102" Y="313" T="undefined" />
	<Point X="106" Y="313" T="undefined" />
	<Point X="110" Y="313" T="undefined" />
	<Point X="116" Y="313" T="undefined" />
	<Point X="122" Y="313" T="undefined" />
	<Point X="128" Y="314" T="undefined" />
	<Point X="135" Y="314" T="undefined" />
	<Point X="140" Y="314" T="undefined" />
	<Point X="149" Y="315" T="undefined" />
	<Point X="157" Y="315" T="undefined" />
	<Point X="165" Y="315" T="undefined" />
	<Point X="173" Y="315" T="undefined" />
	<Point X="182" Y="316" T="undefined" />
	<Point X="190" Y="316" T="undefined" />
	<Point X="197" Y="316" T="undefined" />
	<Point X="207" Y="317" T="undefined" />
	<Point X="216" Y="317" T="undefined" />
	<Point X="223" Y="317" T="undefined" />
	<Point X="230" Y="317" T="undefined" />
	<Point X="238" Y="317" T="undefined" />
	<Point X="244" Y="317" T="undefined" />
	<Point X="252" Y="317" T="undefined" />
	<Point X="258" Y="317" T="undefined" />
	<Point X="264" Y="317" T="undefined" />
	<Point X="272" Y="317" T="undefined" />
	<Point X="276" Y="317" T="undefined" />
	<Point X="284" Y="317" T="undefined" />
	<Point X="291" Y="317" T="undefined" />
	<Point X="296" Y="317" T="undefined" />
	<Point X="303" Y="317" T="undefined" />
	<Point X="309" Y="317" T="undefined" />
	<Point X="315" Y="317" T="undefined" />
	<Point X="319" Y="317" T="undefined" />
	<Point X="324" Y="317" T="undefined" />
	<Point X="327" Y="317" T="undefined" />
	<Point X="331" Y="317" T="undefined" />
	<Point X="334" Y="317" T="undefined" />
	<Point X="338" Y="317" T="undefined" />
	<Point X="340" Y="317" T="undefined" />
	<Point X="343" Y="317" T="undefined" />
	<Point X="345" Y="317" T="undefined" />
	<Point X="347" Y="317" T="undefined" />
	<Point X="349" Y="317" T="undefined" />
	<Point X="351" Y="317" T="undefined" />
	<Point X="353" Y="317" T="undefined" />
	<Point X="355" Y="317" T="undefined" />
	<Point X="356" Y="317" T="undefined" />
	<Point X="357" Y="317" T="undefined" />
	<Point X="357" Y="316" T="undefined" />
	<Point X="358" Y="316" T="undefined" />
	<Point X="358" Y="313" T="undefined" />
	<Point X="358" Y="311" T="undefined" />
	<Point X="358" Y="309" T="undefined" />
	<Point X="358" Y="305" T="undefined" />
	<Point X="357" Y="302" T="undefined" />
	<Point X="354" Y="298" T="undefined" />
	<Point X="352" Y="295" T="undefined" />
	<Point X="349" Y="290" T="undefined" />
	<Point X="345" Y="287" T="undefined" />
	<Point X="341" Y="282" T="undefined" />
	<Point X="336" Y="278" T="undefined" />
	<Point X="329" Y="272" T="undefined" />
	<Point X="323" Y="268" T="undefined" />
	<Point X="317" Y="262" T="undefined" />
	<Point X="310" Y="257" T="undefined" />
	<Point X="303" Y="252" T="undefined" />
	<Point X="295" Y="246" T="undefined" />
	<Point X="290" Y="241" T="undefined" />
	<Point X="285" Y="237" T="undefined" />
	<Point X="281" Y="232" T="undefined" />
	<Point X="276" Y="227" T="undefined" />
	<Point X="271" Y="221" T="undefined" />
	<Point X="267" Y="216" T="undefined" />
	<Point X="263" Y="211" T="undefined" />
	<Point X="260" Y="206" T="undefined" />
	<Point X="256" Y="202" T="undefined" />
	<Point X="253" Y="197" T="undefined" />
	<Point X="251" Y="194" T="undefined" />
	<Point X="249" Y="190" T="undefined" />
	<Point X="247" Y="187" T="undefined" />
	<Point X="246" Y="184" T="undefined" />
	<Point X="244" Y="182" T="undefined" />
	<Point X="243" Y="179" T="undefined" />
	<Point X="242" Y="176" T="undefined" />
	<Point X="240" Y="173" T="undefined" />
	<Point X="239" Y="171" T="undefined" />
	<Point X="239" Y="167" T="undefined" />
	<Point X="238" Y="164" T="undefined" />
	<Point X="236" Y="161" T="undefined" />
	<Point X="235" Y="158" T="undefined" />
	<Point X="235" Y="155" T="undefined" />
	<Point X="234" Y="153" T="undefined" />
	<Point X="233" Y="151" T="undefined" />
	<Point X="232" Y="149" T="undefined" />
	<Point X="232" Y="147" T="undefined" />
	<Point X="231" Y="145" T="undefined" />
	<Point X="231" Y="143" T="undefined" />
	<Point X="230" Y="142" T="undefined" />
	<Point X="230" Y="139" T="undefined" />
	<Point X="229" Y="138" T="undefined" />
	<Point X="228" Y="136" T="undefined" />
	<Point X="227" Y="134" T="undefined" />
	<Point X="227" Y="132" T="undefined" />
	<Point X="226" Y="130" T="undefined" />
	<Point X="226" Y="129" T="undefined" />
	<Point X="226" Y="127" T="undefined" />
	<Point X="225" Y="126" T="undefined" />
	<Point X="224" Y="126" T="undefined" />
	<Point X="224" Y="125" T="undefined" />
	<Point X="223" Y="124" T="undefined" />
	<Point X="223" Y="123" T="undefined" />
	<Point X="222" Y="123" T="undefined" />
	<Point X="222" Y="122" T="undefined" />
	<Point X="222" Y="121" T="undefined" />
	<Point X="221" Y="121" T="undefined" />
	<Point X="220" Y="120" T="undefined" />
	<Point X="220" Y="119" T="undefined" />
	<Point X="219" Y="118" T="undefined" />
	<Point X="219" Y="117" T="undefined" />
	<Point X="218" Y="116" T="undefined" />
	<Point X="217" Y="115" T="undefined" />
	<Point X="217" Y="114" T="undefined" />
	<Point X="215" Y="113" T="undefined" />
	<Point X="215" Y="112" T="undefined" />
	<Point X="214" Y="111" T="undefined" />
	<Point X="214" Y="110" T="undefined" />
	<Point X="213" Y="110" T="undefined" />
	<Point X="213" Y="109" T="undefined" />
	<Point X="213" Y="108" T="undefined" />
	<Point X="212" Y="108" T="undefined" />
	<Point X="212" Y="107" T="undefined" />
	<Point X="211" Y="107" T="undefined" />
	<Point X="211" Y="106" T="undefined" />
</Gesture>