<?xml version="1.0" encoding="utf-8" standalone="yes"?>
<Gesture Name="Triangle2" NumPts="177">
	<Point X="220" Y="110" T="undefined" />
	<Point X="220" Y="111" T="undefined" />
	<Point X="219" Y="112" T="undefined" />
	<Point X="218" Y="113" T="undefined" />
	<Point X="217" Y="115" T="undefined" />
	<Point X="215" Y="117" T="undefined" />
	<Point X="213" Y="119" T="undefined" />
	<Point X="211" Y="123" T="undefined" />
	<Point X="209" Y="125" T="undefined" />
	<Point X="206" Y="129" T="undefined" />
	<Point X="203" Y="133" T="undefined" />
	<Point X="200" Y="138" T="undefined" />
	<Point X="197" Y="143" T="undefined" />
	<Point X="194" Y="149" T="undefined" />
	<Point X="190" Y="155" T="undefined" />
	<Point X="186" Y="161" T="undefined" />
	<Point X="182" Y="168" T="undefined" />
	<Point X="179" Y="174" T="undefined" />
	<Point X="173" Y="183" T="undefined" />
	<Point X="168" Y="192" T="undefined" />
	<Point X="163" Y="202" T="undefined" />
	<Point X="160" Y="208" T="undefined" />
	<Point X="155" Y="216" T="undefined" />
	<Point X="148" Y="227" T="undefined" />
	<Point X="144" Y="236" T="undefined" />
	<Point X="139" Y="245" T="undefined" />
	<Point X="136" Y="250" T="undefined" />
	<Point X="132" Y="259" T="undefined" />
	<Point X="128" Y="266" T="undefined" />
	<Point X="125" Y="272" T="undefined" />
	<Point X="122" Y="278" T="undefined" />
	<Point X="118" Y="285" T="undefined" />
	<Point X="115" Y="290" T="undefined" />
	<Point X="113" Y="295" T="undefined" />
	<Point X="110" Y="301" T="undefined" />
	<Point X="107" Y="305" T="undefined" />
	<Point X="105" Y="310" T="undefined" />
	<Point X="102" Y="314" T="undefined" />
	<Point X="101" Y="317" T="undefined" />
	<Point X="98" Y="321" T="undefined" />
	<Point X="96" Y="325" T="undefined" />
	<Point X="94" Y="328" T="undefined" />
	<Point X="92" Y="332" T="undefined" />
	<Point X="90" Y="334" T="undefined" />
	<Point X="88" Y="337" T="undefined" />
	<Point X="86" Y="340" T="undefined" />
	<Point X="85" Y="342" T="undefined" />
	<Point X="84" Y="344" T="undefined" />
	<Point X="82" Y="346" T="undefined" />
	<Point X="82" Y="348" T="undefined" />
	<Point X="81" Y="348" T="undefined" />
	<Point X="81" Y="349" T="undefined" />
	<Point X="81" Y="350" T="undefined" />
	<Point X="81" Y="351" T="undefined" />
	<Point X="84" Y="351" T="undefined" />
	<Point X="87" Y="351" T="undefined" />
	<Point X="89" Y="351" T="undefined" />
	<Point X="93" Y="352" T="undefined" />
	<Point X="99" Y="352" T="undefined" />
	<Point X="104" Y="352" T="undefined" />
	<Point X="111" Y="352" T="undefined" />
	<Point X="118" Y="352" T="undefined" />
	<Point X="127" Y="351" T="undefined" />
	<Point X="137" Y="351" T="undefined" />
	<Point X="146" Y="349" T="undefined" />
	<Point X="156" Y="349" T="undefined" />
	<Point X="165" Y="348" T="undefined" />
	<Point X="177" Y="346" T="undefined" />
	<Point X="187" Y="346" T="undefined" />
	<Point X="197" Y="345" T="undefined" />
	<Point X="205" Y="345" T="undefined" />
	<Point X="216" Y="343" T="undefined" />
	<Point X="226" Y="342" T="undefined" />
	<Point X="236" Y="342" T="undefined" />
	<Point X="245" Y="342" T="undefined" />
	<Point X="254" Y="342" T="undefined" />
	<Point X="263" Y="342" T="undefined" />
	<Point X="272" Y="342" T="undefined" />
	<Point X="279" Y="342" T="undefined" />
	<Point X="287" Y="342" T="undefined" />
	<Point X="293" Y="342" T="undefined" />
	<Point X="300" Y="342" T="undefined" />
	<Point X="306" Y="342" T="undefined" />
	<Point X="311" Y="342" T="undefined" />
	<Point X="317" Y="342" T="undefined" />
	<Point X="321" Y="342" T="undefined" />
	<Point X="325" Y="342" T="undefined" />
	<Point X="330" Y="342" T="undefined" />
	<Point X="334" Y="342" T="undefined" />
	<Point X="338" Y="341" T="undefined" />
	<Point X="342" Y="341" T="undefined" />
	<Point X="345" Y="341" T="undefined" />
	<Point X="349" Y="341" T="undefined" />
	<Point X="352" Y="341" T="undefined" />
	<Point X="354" Y="341" T="undefined" />
	<Point X="356" Y="341" T="undefined" />
	<Point X="358" Y="341" T="undefined" />
	<Point X="360" Y="341" T="undefined" />
	<Point X="361" Y="341" T="undefined" />
	<Point X="362" Y="340" T="undefined" />
	<Point X="364" Y="340" T="undefined" />
	<Point X="365" Y="340" T="undefined" />
	<Point X="366" Y="340" T="undefined" />
	<Point X="367" Y="340" T="undefined" />
	<Point X="369" Y="340" T="undefined" />
	<Point X="370" Y="340" T="undefined" />
	<Point X="371" Y="340" T="undefined" />
	<Point X="373" Y="340" T="undefined" />
	<Point X="375" Y="340" T="undefined" />
	<Point X="376" Y="340" T="undefined" />
	<Point X="377" Y="340" T="undefined" />
	<Point X="378" Y="340" T="undefined" />
	<Point X="379" Y="340" T="undefined" />
	<Point X="379" Y="339" T="undefined" />
	<Point X="379" Y="338" T="undefined" />
	<Point X="379" Y="337" T="undefined" />
	<Point X="380" Y="334" T="undefined" />
	<Point X="380" Y="331" T="undefined" />
	<Point X="380" Y="329" T="undefined" />
	<Point X="380" Y="325" T="undefined" />
	<Point X="380" Y="322" T="undefined" />
	<Point X="378" Y="318" T="undefined" />
	<Point X="377" Y="314" T="undefined" />
	<Point X="375" Y="310" T="undefined" />
	<Point X="372" Y="305" T="undefined" />
	<Point X="370" Y="299" T="undefined" />
	<Point X="366" Y="293" T="undefined" />
	<Point X="362" Y="287" T="undefined" />
	<Point X="357" Y="280" T="undefined" />
	<Point X="353" Y="275" T="undefined" />
	<Point X="348" Y="268" T="undefined" />
	<Point X="343" Y="262" T="undefined" />
	<Point X="339" Y="255" T="undefined" />
	<Point X="335" Y="249" T="undefined" />
	<Point X="330" Y="242" T="undefined" />
	<Point X="327" Y="238" T="undefined" />
	<Point X="322" Y="232" T="undefined" />
	<Point X="318" Y="227" T="undefined" />
	<Point X="314" Y="220" T="undefined" />
	<Point X="310" Y="215" T="undefined" />
	<Point X="306" Y="209" T="undefined" />
	<Point X="303" Y="206" T="undefined" />
	<Point X="299" Y="200" T="undefined" />
	<Point X="294" Y="195" T="undefined" />
	<Point X="291" Y="189" T="undefined" />
	<Point X="288" Y="185" T="undefined" />
	<Point X="284" Y="180" T="undefined" />
	<Point X="281" Y="176" T="undefined" />
	<Point X="279" Y="172" T="undefined" />
	<Point X="276" Y="167" T="undefined" />
	<Point X="274" Y="163" T="undefined" />
	<Point X="271" Y="159" T="undefined" />
	<Point X="269" Y="155" T="undefined" />
	<Point X="267" Y="151" T="undefined" />
	<Point X="264" Y="147" T="undefined" />
	<Point X="263" Y="144" T="undefined" />
	<Point X="260" Y="140" T="undefined" />
	<Point X="258" Y="136" T="undefined" />
	<Point X="256" Y="132" T="undefined" />
	<Point X="254" Y="129" T="undefined" />
	<Point X="251" Y="126" T="undefined" />
	<Point X="249" Y="123" T="undefined" />
	<Point X="247" Y="121" T="undefined" />
	<Point X="245" Y="118" T="undefined" />
	<Point X="243" Y="117" T="undefined" />
	<Point X="242" Y="115" T="undefined" />
	<Point X="240" Y="114" T="undefined" />
	<Point X="239" Y="113" T="undefined" />
	<Point X="238" Y="111" T="undefined" />
	<Point X="237" Y="110" T="undefined" />
	<Point X="236" Y="109" T="undefined" />
	<Point X="235" Y="109" T="undefined" />
	<Point X="234" Y="108" T="undefined" />
	<Point X="233" Y="107" T="undefined" />
	<Point X="232" Y="106" T="undefined" />
	<Point X="231" Y="106" T="undefined" />
	<Point X="231" Y="105" T="undefined" />
</Gesture>