<?xml version="1.0" encoding="utf-8" standalone="yes"?>
<Gesture Name="Triangle7" NumPts="146">
	<Point X="207" Y="117" T="undefined" />
	<Point X="207" Y="118" T="undefined" />
	<Point X="206" Y="120" T="undefined" />
	<Point X="205" Y="122" T="undefined" />
	<Point X="202" Y="126" T="undefined" />
	<Point X="199" Y="130" T="undefined" />
	<Point X="195" Y="135" T="undefined" />
	<Point X="190" Y="143" T="undefined" />
	<Point X="184" Y="151" T="undefined" />
	<Point X="177" Y="159" T="undefined" />
	<Point X="167" Y="172" T="undefined" />
	<Point X="158" Y="182" T="undefined" />
	<Point X="150" Y="193" T="undefined" />
	<Point X="140" Y="205" T="undefined" />
	<Point X="132" Y="217" T="undefined" />
	<Point X="123" Y="230" T="undefined" />
	<Point X="112" Y="247" T="undefined" />
	<Point X="105" Y="258" T="undefined" />
	<Point X="97" Y="271" T="undefined" />
	<Point X="89" Y="284" T="undefined" />
	<Point X="83" Y="297" T="undefined" />
	<Point X="74" Y="312" T="undefined" />
	<Point X="70" Y="321" T="undefined" />
	<Point X="65" Y="331" T="undefined" />
	<Point X="60" Y="340" T="undefined" />
	<Point X="57" Y="346" T="undefined" />
	<Point X="54" Y="353" T="undefined" />
	<Point X="53" Y="357" T="undefined" />
	<Point X="51" Y="363" T="undefined" />
	<Point X="49" Y="367" T="undefined" />
	<Point X="47" Y="371" T="undefined" />
	<Point X="46" Y="375" T="undefined" />
	<Point X="45" Y="377" T="undefined" />
	<Point X="43" Y="380" T="undefined" />
	<Point X="42" Y="383" T="undefined" />
	<Point X="41" Y="386" T="undefined" />
	<Point X="40" Y="388" T="undefined" />
	<Point X="39" Y="390" T="undefined" />
	<Point X="38" Y="392" T="undefined" />
	<Point X="37" Y="392" T="undefined" />
	<Point X="37" Y="393" T="undefined" />
	<Point X="38" Y="393" T="undefined" />
	<Point X="39" Y="393" T="undefined" />
	<Point X="41" Y="393" T="undefined" />
	<Point X="44" Y="392" T="undefined" />
	<Point X="48" Y="391" T="undefined" />
	<Point X="53" Y="389" T="undefined" />
	<Point X="60" Y="387" T="undefined" />
	<Point X="69" Y="386" T="undefined" />
	<Point X="79" Y="384" T="undefined" />
	<Point X="91" Y="382" T="undefined" />
	<Point X="103" Y="380" T="undefined" />
	<Point X="117" Y="378" T="undefined" />
	<Point X="128" Y="376" T="undefined" />
	<Point X="144" Y="374" T="undefined" />
	<Point X="159" Y="372" T="undefined" />
	<Point X="172" Y="370" T="undefined" />
	<Point X="188" Y="369" T="undefined" />
	<Point X="200" Y="367" T="undefined" />
	<Point X="214" Y="365" T="undefined" />
	<Point X="229" Y="363" T="undefined" />
	<Point X="240" Y="362" T="undefined" />
	<Point X="250" Y="360" T="undefined" />
	<Point X="261" Y="359" T="undefined" />
	<Point X="270" Y="358" T="undefined" />
	<Point X="277" Y="357" T="undefined" />
	<Point X="284" Y="356" T="undefined" />
	<Point X="291" Y="356" T="undefined" />
	<Point X="296" Y="355" T="undefined" />
	<Point X="302" Y="355" T="undefined" />
	<Point X="308" Y="355" T="undefined" />
	<Point X="312" Y="354" T="undefined" />
	<Point X="316" Y="354" T="undefined" />
	<Point X="321" Y="354" T="undefined" />
	<Point X="326" Y="354" T="undefined" />
	<Point X="328" Y="354" T="undefined" />
	<Point X="332" Y="354" T="undefined" />
	<Point X="336" Y="354" T="undefined" />
	<Point X="340" Y="354" T="undefined" />
	<Point X="343" Y="354" T="undefined" />
	<Point X="346" Y="354" T="undefined" />
	<Point X="348" Y="354" T="undefined" />
	<Point X="351" Y="354" T="undefined" />
	<Point X="353" Y="354" T="undefined" />
	<Point X="355" Y="354" T="undefined" />
	<Point X="357" Y="354" T="undefined" />
	<Point X="358" Y="354" T="undefined" />
	<Point X="360" Y="354" T="undefined" />
	<Point X="361" Y="354" T="undefined" />
	<Point X="363" Y="354" T="undefined" />
	<Point X="364" Y="354" T="undefined" />
	<Point X="365" Y="354" T="undefined" />
	<Point X="365" Y="353" T="undefined" />
	<Point X="365" Y="352" T="undefined" />
	<Point X="365" Y="351" T="undefined" />
	<Point X="365" Y="350" T="undefined" />
	<Point X="365" Y="348" T="undefined" />
	<Point X="365" Y="346" T="undefined" />
	<Point X="364" Y="343" T="undefined" />
	<Point X="363" Y="339" T="undefined" />
	<Point X="362" Y="336" T="undefined" />
	<Point X="360" Y="331" T="undefined" />
	<Point X="358" Y="327" T="undefined" />
	<Point X="356" Y="321" T="undefined" />
	<Point X="352" Y="313" T="undefined" />
	<Point X="349" Y="306" T="undefined" />
	<Point X="345" Y="298" T="undefined" />
	<Point X="340" Y="287" T="undefined" />
	<Point X="336" Y="278" T="undefined" />
	<Point X="331" Y="268" T="undefined" />
	<Point X="325" Y="257" T="undefined" />
	<Point X="320" Y="248" T="undefined" />
	<Point X="313" Y="236" T="undefined" />
	<Point X="309" Y="229" T="undefined" />
	<Point X="303" Y="220" T="undefined" />
	<Point X="297" Y="213" T="undefined" />
	<Point X="292" Y="204" T="undefined" />
	<Point X="287" Y="196" T="undefined" />
	<Point X="282" Y="190" T="undefined" />
	<Point X="277" Y="183" T="undefined" />
	<Point X="274" Y="177" T="undefined" />
	<Point X="270" Y="172" T="undefined" />
	<Point X="267" Y="167" T="undefined" />
	<Point X="262" Y="161" T="undefined" />
	<Point X="259" Y="157" T="undefined" />
	<Point X="255" Y="152" T="undefined" />
	<Point X="252" Y="149" T="undefined" />
	<Point X="249" Y="145" T="undefined" />
	<Point X="246" Y="141" T="undefined" />
	<Point X="243" Y="137" T="undefined" />
	<Point X="241" Y="134" T="undefined" />
	<Point X="239" Y="131" T="undefined" />
	<Point X="236" Y="128" T="undefined" />
	<Point X="235" Y="126" T="undefined" />
	<Point X="233" Y="124" T="undefined" />
	<Point X="231" Y="122" T="undefined" />
	<Point X="230" Y="121" T="undefined" />
	<Point X="229" Y="119" T="undefined" />
	<Point X="228" Y="118" T="undefined" />
	<Point X="227" Y="117" T="undefined" />
	<Point X="227" Y="116" T="undefined" />
	<Point X="226" Y="115" T="undefined" />
	<Point X="225" Y="114" T="undefined" />
	<Point X="224" Y="113" T="undefined" />
	<Point X="224" Y="112" T="undefined" />
	<Point X="223" Y="112" T="undefined" />
</Gesture>