<?xml version="1.0" encoding="utf-8" standalone="yes"?>
<Gesture Name="Triangle8" NumPts="110">
	<Point X="237" Y="104" T="undefined" />
	<Point X="237" Y="105" T="undefined" />
	<Point X="237" Y="106" T="undefined" />
	<Point X="236" Y="107" T="undefined" />
	<Point X="235" Y="109" T="undefined" />
	<Point X="234" Y="111" T="undefined" />
	<Point X="232" Y="115" T="undefined" />
	<Point X="230" Y="119" T="undefined" />
	<Point X="227" Y="123" T="undefined" />
	<Point X="224" Y="128" T="undefined" />
	<Point X="219" Y="135" T="undefined" />
	<Point X="213" Y="143" T="undefined" />
	<Point X="207" Y="152" T="undefined" />
	<Point X="198" Y="163" T="undefined" />
	<Point X="191" Y="173" T="undefined" />
	<Point X="182" Y="186" T="undefined" />
	<Point X="172" Y="199" T="undefined" />
	<Point X="161" Y="213" T="undefined" />
	<Point X="154" Y="222" T="undefined" />
	<Point X="145" Y="235" T="undefined" />
	<Point X="136" Y="248" T="undefined" />
	<Point X="129" Y="257" T="undefined" />
	<Point X="117" Y="272" T="undefined" />
	<Point X="108" Y="284" T="undefined" />
	<Point X="101" Y="295" T="undefined" />
	<Point X="94" Y="305" T="undefined" />
	<Point X="88" Y="314" T="undefined" />
	<Point X="82" Y="322" T="undefined" />
	<Point X="78" Y="329" T="undefined" />
	<Point X="76" Y="333" T="undefined" />
	<Point X="73" Y="338" T="undefined" />
	<Point X="72" Y="342" T="undefined" />
	<Point X="71" Y="344" T="undefined" />
	<Point X="71" Y="345" T="undefined" />
	<Point X="72" Y="345" T="undefined" />
	<Point X="74" Y="345" T="undefined" />
	<Point X="77" Y="345" T="undefined" />
	<Point X="81" Y="345" T="undefined" />
	<Point X="85" Y="345" T="undefined" />
	<Point X="93" Y="345" T="undefined" />
	<Point X="101" Y="345" T="undefined" />
	<Point X="115" Y="344" T="undefined" />
	<Point X="128" Y="343" T="undefined" />
	<Point X="141" Y="343" T="undefined" />
	<Point X="154" Y="343" T="undefined" />
	<Point X="173" Y="343" T="undefined" />
	<Point X="193" Y="342" T="undefined" />
	<Point X="211" Y="342" T="undefined" />
	<Point X="229" Y="342" T="undefined" />
	<Point X="250" Y="342" T="undefined" />
	<Point X="271" Y="342" T="undefined" />
	<Point X="290" Y="341" T="undefined" />
	<Point X="307" Y="341" T="undefined" />
	<Point X="326" Y="340" T="undefined" />
	<Point X="339" Y="339" T="undefined" />
	<Point X="356" Y="338" T="undefined" />
	<Point X="371" Y="337" T="undefined" />
	<Point X="385" Y="336" T="undefined" />
	<Point X="396" Y="335" T="undefined" />
	<Point X="405" Y="334" T="undefined" />
	<Point X="411" Y="334" T="undefined" />
	<Point X="417" Y="333" T="undefined" />
	<Point X="421" Y="333" T="undefined" />
	<Point X="424" Y="333" T="undefined" />
	<Point X="426" Y="333" T="undefined" />
	<Point X="426" Y="332" T="undefined" />
	<Point X="426" Y="331" T="undefined" />
	<Point X="426" Y="330" T="undefined" />
	<Point X="426" Y="329" T="undefined" />
	<Point X="426" Y="327" T="undefined" />
	<Point X="425" Y="325" T="undefined" />
	<Point X="423" Y="322" T="undefined" />
	<Point X="421" Y="319" T="undefined" />
	<Point X="418" Y="314" T="undefined" />
	<Point X="414" Y="309" T="undefined" />
	<Point X="410" Y="302" T="undefined" />
	<Point X="402" Y="291" T="undefined" />
	<Point X="396" Y="281" T="undefined" />
	<Point X="387" Y="270" T="undefined" />
	<Point X="375" Y="253" T="undefined" />
	<Point X="368" Y="242" T="undefined" />
	<Point X="360" Y="229" T="undefined" />
	<Point X="349" Y="211" T="undefined" />
	<Point X="340" Y="198" T="undefined" />
	<Point X="333" Y="184" T="undefined" />
	<Point X="325" Y="172" T="undefined" />
	<Point X="319" Y="160" T="undefined" />
	<Point X="313" Y="149" T="undefined" />
	<Point X="306" Y="137" T="undefined" />
	<Point X="300" Y="128" T="undefined" />
	<Point X="294" Y="118" T="undefined" />
	<Point X="286" Y="110" T="undefined" />
	<Point X="281" Y="104" T="undefined" />
	<Point X="274" Y="98" T="undefined" />
	<Point X="267" Y="92" T="undefined" />
	<Point X="263" Y="89" T="undefined" />
	<Point X="257" Y="85" T="undefined" />
	<Point X="253" Y="83" T="undefined" />
	<Point X="250" Y="81" T="undefined" />
	<Point X="248" Y="79" T="undefined" />
	<Point X="246" Y="79" T="undefined" />
	<Point X="245" Y="78" T="undefined" />
	<Point X="244" Y="77" T="undefined" />
	<Point X="243" Y="76" T="undefined" />
	<Point X="242" Y="76" T="undefined" />
	<Point X="242" Y="75" T="undefined" />
	<Point X="241" Y="75" T="undefined" />
	<Point X="240" Y="75" T="undefined" />
	<Point X="239" Y="75" T="undefined" />
	<Point X="238" Y="75" T="undefined" />
</Gesture>