<?xml version="1.0" encoding="utf-8" standalone="yes"?>
<Gesture Name="Triangle4" NumPts="165">
	<Point X="236" Y="114" T="undefined" />
	<Point X="236" Y="115" T="undefined" />
	<Point X="236" Y="116" T="undefined" />
	<Point X="236" Y="119" T="undefined" />
	<Point X="235" Y="121" T="undefined" />
	<Point X="234" Y="124" T="undefined" />
	<Point X="233" Y="128" T="undefined" />
	<Point X="231" Y="132" T="undefined" />
	<Point X="229" Y="137" T="undefined" />
	<Point X="226" Y="142" T="undefined" />
	<Point X="223" Y="149" T="undefined" />
	<Point X="219" Y="155" T="undefined" />
	<Point X="214" Y="162" T="undefined" />
	<Point X="210" Y="171" T="undefined" />
	<Point X="204" Y="180" T="undefined" />
	<Point X="198" Y="189" T="undefined" />
	<Point X="193" Y="196" T="undefined" />
	<Point X="186" Y="206" T="undefined" />
	<Point X="179" Y="215" T="undefined" />
	<Point X="173" Y="224" T="undefined" />
	<Point X="167" Y="233" T="undefined" />
	<Point X="161" Y="244" T="undefined" />
	<Point X="155" Y="254" T="undefined" />
	<Point X="150" Y="262" T="undefined" />
	<Point X="145" Y="272" T="undefined" />
	<Point X="138" Y="283" T="undefined" />
	<Point X="134" Y="291" T="undefined" />
	<Point X="128" Y="299" T="undefined" />
	<Point X="125" Y="306" T="undefined" />
	<Point X="122" Y="311" T="undefined" />
	<Point X="118" Y="318" T="undefined" />
	<Point X="115" Y="323" T="undefined" />
	<Point X="112" Y="328" T="undefined" />
	<Point X="110" Y="332" T="undefined" />
	<Point X="108" Y="335" T="undefined" />
	<Point X="106" Y="339" T="undefined" />
	<Point X="104" Y="341" T="undefined" />
	<Point X="103" Y="344" T="undefined" />
	<Point X="101" Y="347" T="undefined" />
	<Point X="100" Y="349" T="undefined" />
	<Point X="99" Y="351" T="undefined" />
	<Point X="97" Y="353" T="undefined" />
	<Point X="96" Y="356" T="undefined" />
	<Point X="95" Y="357" T="undefined" />
	<Point X="94" Y="360" T="undefined" />
	<Point X="93" Y="361" T="undefined" />
	<Point X="92" Y="363" T="undefined" />
	<Point X="92" Y="365" T="undefined" />
	<Point X="91" Y="366" T="undefined" />
	<Point X="91" Y="368" T="undefined" />
	<Point X="90" Y="369" T="undefined" />
	<Point X="90" Y="370" T="undefined" />
	<Point X="90" Y="371" T="undefined" />
	<Point X="89" Y="371" T="undefined" />
	<Point X="89" Y="372" T="undefined" />
	<Point X="89" Y="373" T="undefined" />
	<Point X="90" Y="373" T="undefined" />
	<Point X="91" Y="373" T="undefined" />
	<Point X="92" Y="373" T="undefined" />
	<Point X="95" Y="373" T="undefined" />
	<Point X="98" Y="374" T="undefined" />
	<Point X="102" Y="374" T="undefined" />
	<Point X="107" Y="374" T="undefined" />
	<Point X="113" Y="374" T="undefined" />
	<Point X="120" Y="375" T="undefined" />
	<Point X="127" Y="375" T="undefined" />
	<Point X="136" Y="375" T="undefined" />
	<Point X="147" Y="376" T="undefined" />
	<Point X="159" Y="376" T="undefined" />
	<Point X="169" Y="376" T="undefined" />
	<Point X="184" Y="376" T="undefined" />
	<Point X="197" Y="376" T="undefined" />
	<Point X="209" Y="376" T="undefined" />
	<Point X="223" Y="376" T="undefined" />
	<Point X="237" Y="376" T="undefined" />
	<Point X="252" Y="376" T="undefined" />
	<Point X="262" Y="376" T="undefined" />
	<Point X="278" Y="376" T="undefined" />
	<Point X="288" Y="375" T="undefined" />
	<Point X="301" Y="375" T="undefined" />
	<Point X="314" Y="375" T="undefined" />
	<Point X="324" Y="375" T="undefined" />
	<Point X="332" Y="375" T="undefined" />
	<Point X="340" Y="375" T="undefined" />
	<Point X="349" Y="375" T="undefined" />
	<Point X="357" Y="375" T="undefined" />
	<Point X="364" Y="375" T="undefined" />
	<Point X="369" Y="375" T="undefined" />
	<Point X="375" Y="375" T="undefined" />
	<Point X="381" Y="375" T="undefined" />
	<Point X="385" Y="375" T="undefined" />
	<Point X="389" Y="375" T="undefined" />
	<Point X="393" Y="375" T="undefined" />
	<Point X="397" Y="375" T="undefined" />
	<Point X="400" Y="375" T="undefined" />
	<Point X="402" Y="375" T="undefined" />
	<Point X="405" Y="375" T="undefined" />
	<Point X="407" Y="375" T="undefined" />
	<Point X="409" Y="375" T="undefined" />
	<Point X="411" Y="375" T="undefined" />
	<Point X="412" Y="375" T="undefined" />
	<Point X="413" Y="375" T="undefined" />
	<Point X="414" Y="375" T="undefined" />
	<Point X="414" Y="374" T="undefined" />
	<Point X="414" Y="373" T="undefined" />
	<Point X="414" Y="372" T="undefined" />
	<Point X="414" Y="371" T="undefined" />
	<Point X="414" Y="369" T="undefined" />
	<Point X="412" Y="367" T="undefined" />
	<Point X="411" Y="363" T="undefined" />
	<Point X="409" Y="360" T="undefined" />
	<Point X="407" Y="356" T="undefined" />
	<Point X="405" Y="351" T="undefined" />
	<Point X="401" Y="345" T="undefined" />
	<Point X="398" Y="340" T="undefined" />
	<Point X="394" Y="330" T="undefined" />
	<Point X="388" Y="320" T="undefined" />
	<Point X="382" Y="312" T="undefined" />
	<Point X="375" Y="302" T="undefined" />
	<Point X="369" Y="293" T="undefined" />
	<Point X="364" Y="285" T="undefined" />
	<Point X="356" Y="275" T="undefined" />
	<Point X="352" Y="267" T="undefined" />
	<Point X="347" Y="260" T="undefined" />
	<Point X="341" Y="251" T="undefined" />
	<Point X="337" Y="244" T="undefined" />
	<Point X="333" Y="237" T="undefined" />
	<Point X="330" Y="232" T="undefined" />
	<Point X="326" Y="224" T="undefined" />
	<Point X="323" Y="218" T="undefined" />
	<Point X="319" Y="212" T="undefined" />
	<Point X="316" Y="207" T="undefined" />
	<Point X="313" Y="202" T="undefined" />
	<Point X="309" Y="195" T="undefined" />
	<Point X="307" Y="191" T="undefined" />
	<Point X="302" Y="184" T="undefined" />
	<Point X="299" Y="180" T="undefined" />
	<Point X="295" Y="173" T="undefined" />
	<Point X="291" Y="169" T="undefined" />
	<Point X="288" Y="164" T="undefined" />
	<Point X="284" Y="159" T="undefined" />
	<Point X="279" Y="154" T="undefined" />
	<Point X="276" Y="150" T="undefined" />
	<Point X="272" Y="147" T="undefined" />
	<Point X="268" Y="143" T="undefined" />
	<Point X="265" Y="141" T="undefined" />
	<Point X="263" Y="138" T="undefined" />
	<Point X="261" Y="137" T="undefined" />
	<Point X="258" Y="134" T="undefined" />
	<Point X="256" Y="133" T="undefined" />
	<Point X="254" Y="132" T="undefined" />
	<Point X="252" Y="131" T="undefined" />
	<Point X="251" Y="130" T="undefined" />
	<Point X="249" Y="129" T="undefined" />
	<Point X="247" Y="127" T="undefined" />
	<Point X="246" Y="127" T="undefined" />
	<Point X="245" Y="126" T="undefined" />
	<Point X="244" Y="125" T="undefined" />
	<Point X="242" Y="124" T="undefined" />
	<Point X="242" Y="123" T="undefined" />
	<Point X="240" Y="122" T="undefined" />
	<Point X="239" Y="121" T="undefined" />
	<Point X="238" Y="120" T="undefined" />
	<Point X="238" Y="119" T="undefined" />
	<Point X="237" Y="118" T="undefined" />
</Gesture>