<?xml version="1.0" encoding="utf-8" standalone="yes"?>
<Gesture Name="Triangle6" NumPts="145">
	<Point X="212" Y="107" T="undefined" />
	<Point X="212" Y="108" T="undefined" />
	<Point X="212" Y="109" T="undefined" />
	<Point X="212" Y="112" T="undefined" />
	<Point X="212" Y="115" T="undefined" />
	<Point X="212" Y="118" T="undefined" />
	<Point X="211" Y="123" T="undefined" />
	<Point X="211" Y="128" T="undefined" />
	<Point X="209" Y="134" T="undefined" />
	<Point X="207" Y="142" T="undefined" />
	<Point X="205" Y="151" T="undefined" />
	<Point X="201" Y="160" T="undefined" />
	<Point X="198" Y="169" T="undefined" />
	<Point X="193" Y="181" T="undefined" />
	<Point X="189" Y="190" T="undefined" />
	<Point X="185" Y="200" T="undefined" />
	<Point X="179" Y="210" T="undefined" />
	<Point X="174" Y="220" T="undefined" />
	<Point X="170" Y="228" T="undefined" />
	<Point X="164" Y="239" T="undefined" />
	<Point X="159" Y="248" T="undefined" />
	<Point X="155" Y="256" T="undefined" />
	<Point X="149" Y="264" T="undefined" />
	<Point X="145" Y="271" T="undefined" />
	<Point X="138" Y="282" T="undefined" />
	<Point X="134" Y="287" T="undefined" />
	<Point X="130" Y="293" T="undefined" />
	<Point X="126" Y="300" T="undefined" />
	<Point X="122" Y="304" T="undefined" />
	<Point X="119" Y="309" T="undefined" />
	<Point X="115" Y="314" T="undefined" />
	<Point X="112" Y="318" T="undefined" />
	<Point X="109" Y="322" T="undefined" />
	<Point X="107" Y="326" T="undefined" />
	<Point X="104" Y="330" T="undefined" />
	<Point X="102" Y="334" T="undefined" />
	<Point X="100" Y="337" T="undefined" />
	<Point X="98" Y="340" T="undefined" />
	<Point X="96" Y="343" T="undefined" />
	<Point X="94" Y="346" T="undefined" />
	<Point X="93" Y="349" T="undefined" />
	<Point X="92" Y="350" T="undefined" />
	<Point X="90" Y="353" T="undefined" />
	<Point X="90" Y="355" T="undefined" />
	<Point X="88" Y="357" T="undefined" />
	<Point X="88" Y="358" T="undefined" />
	<Point X="87" Y="359" T="undefined" />
	<Point X="87" Y="360" T="undefined" />
	<Point X="87" Y="361" T="undefined" />
	<Point X="86" Y="362" T="undefined" />
	<Point X="86" Y="363" T="undefined" />
	<Point X="86" Y="364" T="undefined" />
	<Point X="86" Y="365" T="undefined" />
	<Point X="86" Y="366" T="undefined" />
	<Point X="87" Y="366" T="undefined" />
	<Point X="88" Y="367" T="undefined" />
	<Point X="90" Y="367" T="undefined" />
	<Point X="94" Y="367" T="undefined" />
	<Point X="98" Y="367" T="undefined" />
	<Point X="104" Y="367" T="undefined" />
	<Point X="111" Y="367" T="undefined" />
	<Point X="121" Y="368" T="undefined" />
	<Point X="131" Y="368" T="undefined" />
	<Point X="144" Y="368" T="undefined" />
	<Point X="156" Y="368" T="undefined" />
	<Point X="172" Y="368" T="undefined" />
	<Point X="187" Y="368" T="undefined" />
	<Point X="203" Y="367" T="undefined" />
	<Point X="223" Y="366" T="undefined" />
	<Point X="237" Y="365" T="undefined" />
	<Point X="254" Y="365" T="undefined" />
	<Point X="269" Y="365" T="undefined" />
	<Point X="282" Y="365" T="undefined" />
	<Point X="298" Y="365" T="undefined" />
	<Point X="308" Y="365" T="undefined" />
	<Point X="319" Y="365" T="undefined" />
	<Point X="328" Y="365" T="undefined" />
	<Point X="337" Y="365" T="undefined" />
	<Point X="346" Y="365" T="undefined" />
	<Point X="353" Y="365" T="undefined" />
	<Point X="359" Y="365" T="undefined" />
	<Point X="364" Y="365" T="undefined" />
	<Point X="369" Y="365" T="undefined" />
	<Point X="374" Y="366" T="undefined" />
	<Point X="377" Y="366" T="undefined" />
	<Point X="380" Y="366" T="undefined" />
	<Point X="382" Y="366" T="undefined" />
	<Point X="383" Y="366" T="undefined" />
	<Point X="385" Y="366" T="undefined" />
	<Point X="385" Y="365" T="undefined" />
	<Point X="385" Y="364" T="undefined" />
	<Point X="384" Y="363" T="undefined" />
	<Point X="384" Y="361" T="undefined" />
	<Point X="383" Y="360" T="undefined" />
	<Point X="382" Y="358" T="undefined" />
	<Point X="381" Y="356" T="undefined" />
	<Point X="379" Y="353" T="undefined" />
	<Point X="378" Y="351" T="undefined" />
	<Point X="375" Y="349" T="undefined" />
	<Point X="373" Y="347" T="undefined" />
	<Point X="370" Y="344" T="undefined" />
	<Point X="367" Y="340" T="undefined" />
	<Point X="364" Y="336" T="undefined" />
	<Point X="359" Y="332" T="undefined" />
	<Point X="356" Y="328" T="undefined" />
	<Point X="351" Y="322" T="undefined" />
	<Point X="345" Y="317" T="undefined" />
	<Point X="339" Y="311" T="undefined" />
	<Point X="332" Y="303" T="undefined" />
	<Point X="325" Y="295" T="undefined" />
	<Point X="317" Y="287" T="undefined" />
	<Point X="309" Y="278" T="undefined" />
	<Point X="300" Y="269" T="undefined" />
	<Point X="293" Y="261" T="undefined" />
	<Point X="283" Y="251" T="undefined" />
	<Point X="276" Y="243" T="undefined" />
	<Point X="268" Y="233" T="undefined" />
	<Point X="261" Y="226" T="undefined" />
	<Point X="254" Y="216" T="undefined" />
	<Point X="248" Y="209" T="undefined" />
	<Point X="242" Y="199" T="undefined" />
	<Point X="237" Y="193" T="undefined" />
	<Point X="232" Y="184" T="undefined" />
	<Point X="228" Y="178" T="undefined" />
	<Point X="223" Y="170" T="undefined" />
	<Point X="219" Y="163" T="undefined" />
	<Point X="216" Y="158" T="undefined" />
	<Point X="212" Y="152" T="undefined" />
	<Point X="209" Y="147" T="undefined" />
	<Point X="205" Y="141" T="undefined" />
	<Point X="201" Y="137" T="undefined" />
	<Point X="198" Y="134" T="undefined" />
	<Point X="196" Y="130" T="undefined" />
	<Point X="194" Y="128" T="undefined" />
	<Point X="193" Y="127" T="undefined" />
	<Point X="191" Y="125" T="undefined" />
	<Point X="191" Y="124" T="undefined" />
	<Point X="191" Y="123" T="undefined" />
	<Point X="190" Y="123" T="undefined" />
	<Point X="190" Y="122" T="undefined" />
	<Point X="189" Y="121" T="undefined" />
	<Point X="189" Y="120" T="undefined" />
	<Point X="189" Y="119" T="undefined" />
	<Point X="188" Y="119" T="undefined" />
	<Point X="187" Y="119" T="undefined" />
</Gesture>