<?xml version="1.0" encoding="utf-8" standalone="yes"?>
<Gesture Name="Triangle9" NumPts="102">
	<Point X="263" Y="135" T="undefined" />
	<Point X="263" Y="136" T="undefined" />
	<Point X="263" Y="137" T="undefined" />
	<Point X="263" Y="138" T="undefined" />
	<Point X="262" Y="140" T="undefined" />
	<Point X="260" Y="142" T="undefined" />
	<Point X="258" Y="145" T="undefined" />
	<Point X="256" Y="149" T="undefined" />
	<Point X="254" Y="153" T="undefined" />
	<Point X="250" Y="159" T="undefined" />
	<Point X="247" Y="163" T="undefined" />
	<Point X="242" Y="169" T="undefined" />
	<Point X="237" Y="176" T="undefined" />
	<Point X="232" Y="183" T="undefined" />
	<Point X="226" Y="190" T="undefined" />
	<Point X="220" Y="198" T="undefined" />
	<Point X="213" Y="208" T="undefined" />
	<Point X="205" Y="217" T="undefined" />
	<Point X="197" Y="228" T="undefined" />
	<Point X="188" Y="239" T="undefined" />
	<Point X="179" Y="251" T="undefined" />
	<Point X="170" Y="263" T="undefined" />
	<Point X="162" Y="273" T="undefined" />
	<Point X="152" Y="285" T="undefined" />
	<Point X="145" Y="292" T="undefined" />
	<Point X="138" Y="299" T="undefined" />
	<Point X="132" Y="306" T="undefined" />
	<Point X="126" Y="311" T="undefined" />
	<Point X="122" Y="315" T="undefined" />
	<Point X="117" Y="319" T="undefined" />
	<Point X="113" Y="323" T="undefined" />
	<Point X="110" Y="326" T="undefined" />
	<Point X="107" Y="328" T="undefined" />
	<Point X="104" Y="331" T="undefined" />
	<Point X="103" Y="332" T="undefined" />
	<Point X="102" Y="334" T="undefined" />
	<Point X="101" Y="335" T="undefined" />
	<Point X="102" Y="335" T="undefined" />
	<Point X="103" Y="336" T="undefined" />
	<Point X="106" Y="336" T="undefined" />
	<Point X="110" Y="336" T="undefined" />
	<Point X="114" Y="336" T="undefined" />
	<Point X="123" Y="336" T="undefined" />
	<Point X="132" Y="336" T="undefined" />
	<Point X="144" Y="336" T="undefined" />
	<Point X="157" Y="336" T="undefined" />
	<Point X="177" Y="336" T="undefined" />
	<Point X="192" Y="336" T="undefined" />
	<Point X="212" Y="336" T="undefined" />
	<Point X="229" Y="336" T="undefined" />
	<Point X="248" Y="336" T="undefined" />
	<Point X="269" Y="334" T="undefined" />
	<Point X="290" Y="334" T="undefined" />
	<Point X="303" Y="333" T="undefined" />
	<Point X="321" Y="332" T="undefined" />
	<Point X="338" Y="331" T="undefined" />
	<Point X="347" Y="331" T="undefined" />
	<Point X="359" Y="330" T="undefined" />
	<Point X="369" Y="330" T="undefined" />
	<Point X="375" Y="330" T="undefined" />
	<Point X="382" Y="329" T="undefined" />
	<Point X="387" Y="329" T="undefined" />
	<Point X="390" Y="329" T="undefined" />
	<Point X="393" Y="329" T="undefined" />
	<Point X="395" Y="329" T="undefined" />
	<Point X="397" Y="329" T="undefined" />
	<Point X="398" Y="329" T="undefined" />
	<Point X="398" Y="328" T="undefined" />
	<Point X="398" Y="327" T="undefined" />
	<Point X="397" Y="326" T="undefined" />
	<Point X="397" Y="325" T="undefined" />
	<Point X="395" Y="323" T="undefined" />
	<Point X="393" Y="321" T="undefined" />
	<Point X="390" Y="318" T="undefined" />
	<Point X="387" Y="314" T="undefined" />
	<Point X="382" Y="308" T="undefined" />
	<Point X="377" Y="302" T="undefined" />
	<Point X="372" Y="297" T="undefined" />
	<Point X="364" Y="288" T="undefined" />
	<Point X="357" Y="281" T="undefined" />
	<Point X="351" Y="273" T="undefined" />
	<Point X="341" Y="263" T="undefined" />
	<Point X="333" Y="253" T="undefined" />
	<Point X="325" Y="246" T="undefined" />
	<Point X="315" Y="235" T="undefined" />
	<Point X="306" Y="226" T="undefined" />
	<Point X="302" Y="220" T="undefined" />
	<Point X="293" Y="211" T="undefined" />
	<Point X="287" Y="204" T="undefined" />
	<Point X="282" Y="199" T="undefined" />
	<Point X="276" Y="192" T="undefined" />
	<Point X="272" Y="188" T="undefined" />
	<Point X="268" Y="183" T="undefined" />
	<Point X="265" Y="179" T="undefined" />
	<Point X="264" Y="177" T="undefined" />
	<Point X="264" Y="176" T="undefined" />
	<Point X="263" Y="175" T="undefined" />
	<Point X="263" Y="174" T="undefined" />
	<Point X="263" Y="173" T="undefined" />
	<Point X="263" Y="172" T="undefined" />
	<Point X="263" Y="171" T="undefined" />
	<Point X="262" Y="171" T="undefined" />
</Gesture>