<?xml version="1.0" encoding="utf-8" standalone="yes"?>
<Gesture Name="Triangle0" NumPts="162">
	<Point X="206" Y="156" T="undefined" />
	<Point X="206" Y="156" T="undefined" />
	<Point X="205" Y="156" T="undefined" />
	<Point X="205" Y="157" T="undefined" />
	<Point X="205" Y="158" T="undefined" />
	<Point X="204" Y="159" T="undefined" />
	<Point X="203" Y="160" T="undefined" />
	<Point X="203" Y="161" T="undefined" />
	<Point X="202" Y="163" T="undefined" />
	<Point X="201" Y="166" T="undefined" />
	<Point X="200" Y="169" T="undefined" />
	<Point X="198" Y="172" T="undefined" />
	<Point X="197" Y="174" T="undefined" />
	<Point X="195" Y="178" T="undefined" />
	<Point X="193" Y="181" T="undefined" />
	<Point X="190" Y="185" T="undefined" />
	<Point X="187" Y="191" T="undefined" />
	<Point X="184" Y="195" T="undefined" />
	<Point X="181" Y="201" T="undefined" />
	<Point X="178" Y="205" T="undefined" />
	<Point X="174" Y="211" T="undefined" />
	<Point X="172" Y="214" T="undefined" />
	<Point X="169" Y="218" T="undefined" />
	<Point X="166" Y="222" T="undefined" />
	<Point X="163" Y="225" T="undefined" />
	<Point X="162" Y="228" T="undefined" />
	<Point X="159" Y="231" T="undefined" />
	<Point X="158" Y="234" T="undefined" />
	<Point X="157" Y="237" T="undefined" />
	<Point X="155" Y="240" T="undefined" />
	<Point X="154" Y="243" T="undefined" />
	<Point X="153" Y="245" T="undefined" />
	<Point X="151" Y="247" T="undefined" />
	<Point X="150" Y="249" T="undefined" />
	<Point X="150" Y="250" T="undefined" />
	<Point X="149" Y="251" T="undefined" />
	<Point X="148" Y="253" T="undefined" />
	<Point X="147" Y="254" T="undefined" />
	<Point X="147" Y="255" T="undefined" />
	<Point X="146" Y="255" T="undefined" />
	<Point X="146" Y="256" T="undefined" />
	<Point X="146" Y="257" T="undefined" />
	<Point X="146" Y="258" T="undefined" />
	<Point X="147" Y="258" T="undefined" />
	<Point X="149" Y="258" T="undefined" />
	<Point X="152" Y="258" T="undefined" />
	<Point X="154" Y="258" T="undefined" />
	<Point X="157" Y="258" T="undefined" />
	<Point X="161" Y="259" T="undefined" />
	<Point X="165" Y="259" T="undefined" />
	<Point X="169" Y="259" T="undefined" />
	<Point X="173" Y="259" T="undefined" />
	<Point X="178" Y="260" T="undefined" />
	<Point X="183" Y="261" T="undefined" />
	<Point X="190" Y="261" T="undefined" />
	<Point X="194" Y="261" T="undefined" />
	<Point X="198" Y="261" T="undefined" />
	<Point X="204" Y="261" T="undefined" />
	<Point X="208" Y="261" T="undefined" />
	<Point X="214" Y="261" T="undefined" />
	<Point X="218" Y="261" T="undefined" />
	<Point X="222" Y="261" T="undefined" />
	<Point X="225" Y="261" T="undefined" />
	<Point X="228" Y="261" T="undefined" />
	<Point X="232" Y="261" T="undefined" />
	<Point X="235" Y="261" T="undefined" />
	<Point X="239" Y="261" T="undefined" />
	<Point X="241" Y="261" T="undefined" />
	<Point X="244" Y="261" T="undefined" />
	<Point X="246" Y="262" T="undefined" />
	<Point X="248" Y="262" T="undefined" />
	<Point X="251" Y="262" T="undefined" />
	<Point X="252" Y="262" T="undefined" />
	<Point X="253" Y="262" T="undefined" />
	<Point X="255" Y="262" T="undefined" />
	<Point X="256" Y="262" T="undefined" />
	<Point X="257" Y="262" T="undefined" />
	<Point X="258" Y="262" T="undefined" />
	<Point X="259" Y="262" T="undefined" />
	<Point X="260" Y="262" T="undefined" />
	<Point X="261" Y="262" T="undefined" />
	<Point X="262" Y="262" T="undefined" />
	<Point X="263" Y="262" T="undefined" />
	<Point X="264" Y="262" T="undefined" />
	<Point X="265" Y="262" T="undefined" />
	<Point X="266" Y="262" T="undefined" />
	<Point X="267" Y="262" T="undefined" />
	<Point X="268" Y="262" T="undefined" />
	<Point X="268" Y="261" T="undefined" />
	<Point X="268" Y="260" T="undefined" />
	<Point X="268" Y="258" T="undefined" />
	<Point X="268" Y="256" T="undefined" />
	<Point X="267" Y="255" T="undefined" />
	<Point X="266" Y="253" T="undefined" />
	<Point X="265" Y="249" T="undefined" />
	<Point X="263" Y="246" T="undefined" />
	<Point X="262" Y="242" T="undefined" />
	<Point X="260" Y="239" T="undefined" />
	<Point X="259" Y="235" T="undefined" />
	<Point X="257" Y="231" T="undefined" />
	<Point X="256" Y="228" T="undefined" />
	<Point X="254" Y="224" T="undefined" />
	<Point X="253" Y="221" T="undefined" />
	<Point X="251" Y="218" T="undefined" />
	<Point X="249" Y="215" T="undefined" />
	<Point X="249" Y="213" T="undefined" />
	<Point X="247" Y="211" T="undefined" />
	<Point X="246" Y="209" T="undefined" />
	<Point X="245" Y="207" T="undefined" />
	<Point X="244" Y="205" T="undefined" />
	<Point X="242" Y="203" T="undefined" />
	<Point X="241" Y="202" T="undefined" />
	<Point X="240" Y="201" T="undefined" />
	<Point X="240" Y="200" T="undefined" />
	<Point X="239" Y="199" T="undefined" />
	<Point X="238" Y="198" T="undefined" />
	<Point X="238" Y="197" T="undefined" />
	<Point X="237" Y="196" T="undefined" />
	<Point X="237" Y="195" T="undefined" />
	<Point X="236" Y="194" T="undefined" />
	<Point X="236" Y="193" T="undefined" />
	<Point X="235" Y="192" T="undefined" />
	<Point X="234" Y="190" T="undefined" />
	<Point X="234" Y="189" T="undefined" />
	<Point X="233" Y="188" T="undefined" />
	<Point X="233" Y="186" T="undefined" />
	<Point X="232" Y="185" T="undefined" />
	<Point X="231" Y="184" T="undefined" />
	<Point X="231" Y="182" T="undefined" />
	<Point X="230" Y="180" T="undefined" />
	<Point X="229" Y="179" T="undefined" />
	<Point X="229" Y="178" T="undefined" />
	<Point X="228" Y="177" T="undefined" />
	<Point X="227" Y="176" T="undefined" />
	<Point X="227" Y="174" T="undefined" />
	<Point X="226" Y="173" T="undefined" />
	<Point X="225" Y="172" T="undefined" />
	<Point X="225" Y="171" T="undefined" />
	<Point X="224" Y="170" T="undefined" />
	<Point X="224" Y="169" T="undefined" />
	<Point X="224" Y="168" T="undefined" />
	<Point X="223" Y="168" T="undefined" />
	<Point X="223" Y="167" T="undefined" />
	<Point X="222" Y="166" T="undefined" />
	<Point X="221" Y="166" T="undefined" />
	<Point X="221" Y="165" T="undefined" />
	<Point X="220" Y="164" T="undefined" />
	<Point X="219" Y="164" T="undefined" />
	<Point X="219" Y="163" T="undefined" />
	<Point X="218" Y="163" T="undefined" />
	<Point X="217" Y="162" T="undefined" />
	<Point X="217" Y="161" T="undefined" />
	<Point X="216" Y="161" T="undefined" />
	<Point X="215" Y="161" T="undefined" />
	<Point X="215" Y="160" T="undefined" />
	<Point X="214" Y="160" T="undefined" />
	<Point X="213" Y="160" T="undefined" />
	<Point X="213" Y="159" T="undefined" />
	<Point X="212" Y="159" T="undefined" />
	<Point X="211" Y="159" T="undefined" />
	<Point X="211" Y="158" T="undefined" />
	<Point X="211" Y="157" T="undefined" />
</Gesture>