<?xml version="1.0" encoding="utf-8" standalone="yes"?>
<Gesture Name="V0" NumPts="58">
	<Point X="174" Y="178" T="undefined" />
	<Point X="175" Y="178" T="undefined" />
	<Point X="175" Y="179" T="undefined" />
	<Point X="178" Y="181" T="undefined" />
	<Point X="179" Y="182" T="undefined" />
	<Point X="181" Y="185" T="undefined" />
	<Point X="183" Y="187" T="undefined" />
	<Point X="185" Y="190" T="undefined" />
	<Point X="188" Y="194" T="undefined" />
	<Point X="190" Y="198" T="undefined" />
	<Point X="193" Y="204" T="undefined" />
	<Point X="196" Y="211" T="undefined" />
	<Point X="198" Y="219" T="undefined" />
	<Point X="200" Y="227" T="undefined" />
	<Point X="202" Y="239" T="undefined" />
	<Point X="204" Y="249" T="undefined" />
	<Point X="207" Y="264" T="undefined" />
	<Point X="209" Y="276" T="undefined" />
	<Point X="212" Y="293" T="undefined" />
	<Point X="214" Y="307" T="undefined" />
	<Point X="217" Y="322" T="undefined" />
	<Point X="219" Y="331" T="undefined" />
	<Point X="224" Y="341" T="undefined" />
	<Point X="227" Y="348" T="undefined" />
	<Point X="231" Y="354" T="undefined" />
	<Point X="233" Y="357" T="undefined" />
	<Point X="235" Y="359" T="undefined" />
	<Point X="237" Y="362" T="undefined" />
	<Point X="238" Y="363" T="undefined" />
	<Point X="239" Y="363" T="undefined" />
	<Point X="240" Y="363" T="undefined" />
	<Point X="242" Y="360" T="undefined" />
	<Point X="245" Y="356" T="undefined" />
	<Point X="248" Y="352" T="undefined" />
	<Point X="253" Y="342" T="undefined" />
	<Point X="257" Y="333" T="undefined" />
	<Point X="262" Y="324" T="undefined" />
	<Point X="269" Y="308" T="undefined" />
	<Point X="274" Y="297" T="undefined" />
	<Point X="281" Y="282" T="undefined" />
	<Point X="291" Y="263" T="undefined" />
	<Point X="298" Y="250" T="undefined" />
	<Point X="308" Y="234" T="undefined" />
	<Point X="316" Y="222" T="undefined" />
	<Point X="326" Y="209" T="undefined" />
	<Point X="335" Y="196" T="undefined" />
	<Point X="343" Y="185" T="undefined" />
	<Point X="352" Y="172" T="undefined" />
	<Point X="359" Y="165" T="undefined" />
	<Point X="366" Y="154" T="undefined" />
	<Point X="370" Y="149" T="undefined" />
	<Point X="375" Y="144" T="undefined" />
	<Point X="377" Y="141" T="undefined" />
	<Point X="380" Y="138" T="undefined" />
	<Point X="381" Y="136" T="undefined" />
	<Point X="382" Y="135" T="undefined" />
	<Point X="383" Y="134" T="undefined" />
	<Point X="383" Y="135" T="undefined" />
</Gesture>