<?xml version="1.0" encoding="utf-8" standalone="yes"?>
<Gesture Name="V1" NumPts="82">
	<Point X="151" Y="131" T="undefined" />
	<Point X="151" Y="131" T="undefined" />
	<Point X="152" Y="132" T="undefined" />
	<Point X="152" Y="133" T="undefined" />
	<Point X="154" Y="134" T="undefined" />
	<Point X="156" Y="137" T="undefined" />
	<Point X="157" Y="140" T="undefined" />
	<Point X="160" Y="144" T="undefined" />
	<Point X="163" Y="149" T="undefined" />
	<Point X="165" Y="152" T="undefined" />
	<Point X="168" Y="157" T="undefined" />
	<Point X="172" Y="165" T="undefined" />
	<Point X="175" Y="173" T="undefined" />
	<Point X="179" Y="183" T="undefined" />
	<Point X="182" Y="193" T="undefined" />
	<Point X="187" Y="203" T="undefined" />
	<Point X="190" Y="215" T="undefined" />
	<Point X="194" Y="227" T="undefined" />
	<Point X="199" Y="243" T="undefined" />
	<Point X="202" Y="254" T="undefined" />
	<Point X="206" Y="266" T="undefined" />
	<Point X="210" Y="278" T="undefined" />
	<Point X="213" Y="288" T="undefined" />
	<Point X="216" Y="297" T="undefined" />
	<Point X="219" Y="306" T="undefined" />
	<Point X="223" Y="314" T="undefined" />
	<Point X="225" Y="322" T="undefined" />
	<Point X="228" Y="328" T="undefined" />
	<Point X="230" Y="332" T="undefined" />
	<Point X="232" Y="336" T="undefined" />
	<Point X="233" Y="339" T="undefined" />
	<Point X="235" Y="342" T="undefined" />
	<Point X="236" Y="344" T="undefined" />
	<Point X="237" Y="347" T="undefined" />
	<Point X="238" Y="348" T="undefined" />
	<Point X="238" Y="349" T="undefined" />
	<Point X="239" Y="349" T="undefined" />
	<Point X="239" Y="350" T="undefined" />
	<Point X="240" Y="350" T="undefined" />
	<Point X="241" Y="350" T="undefined" />
	<Point X="242" Y="348" T="undefined" />
	<Point X="244" Y="346" T="undefined" />
	<Point X="246" Y="343" T="undefined" />
	<Point X="248" Y="339" T="undefined" />
	<Point X="251" Y="335" T="undefined" />
	<Point X="254" Y="329" T="undefined" />
	<Point X="257" Y="323" T="undefined" />
	<Point X="262" Y="313" T="undefined" />
	<Point X="266" Y="305" T="undefined" />
	<Point X="270" Y="293" T="undefined" />
	<Point X="275" Y="281" T="undefined" />
	<Point X="279" Y="270" T="undefined" />
	<Point X="282" Y="258" T="undefined" />
	<Point X="287" Y="245" T="undefined" />
	<Point X="290" Y="230" T="undefined" />
	<Point X="292" Y="217" T="undefined" />
	<Point X="295" Y="204" T="undefined" />
	<Point X="297" Y="196" T="undefined" />
	<Point X="301" Y="185" T="undefined" />
	<Point X="304" Y="178" T="undefined" />
	<Point X="307" Y="172" T="undefined" />
	<Point X="310" Y="167" T="undefined" />
	<Point X="312" Y="162" T="undefined" />
	<Point X="314" Y="158" T="undefined" />
	<Point X="315" Y="154" T="undefined" />
	<Point X="317" Y="151" T="undefined" />
	<Point X="318" Y="148" T="undefined" />
	<Point X="318" Y="146" T="undefined" />
	<Point X="319" Y="143" T="undefined" />
	<Point X="320" Y="141" T="undefined" />
	<Point X="320" Y="137" T="undefined" />
	<Point X="322" Y="134" T="undefined" />
	<Point X="322" Y="131" T="undefined" />
	<Point X="323" Y="129" T="undefined" />
	<Point X="323" Y="126" T="undefined" />
	<Point X="324" Y="123" T="undefined" />
	<Point X="325" Y="121" T="undefined" />
	<Point X="326" Y="119" T="undefined" />
	<Point X="326" Y="117" T="undefined" />
	<Point X="327" Y="116" T="undefined" />
	<Point X="327" Y="114" T="undefined" />
	<Point X="328" Y="114" T="undefined" />
</Gesture>