<?xml version="1.0" encoding="utf-8" standalone="yes"?>
<Gesture Name="V2" NumPts="93">
	<Point X="157" Y="169" T="undefined" />
	<Point X="157" Y="169" T="undefined" />
	<Point X="157" Y="170" T="undefined" />
	<Point X="157" Y="171" T="undefined" />
	<Point X="157" Y="173" T="undefined" />
	<Point X="157" Y="175" T="undefined" />
	<Point X="159" Y="178" T="undefined" />
	<Point X="160" Y="183" T="undefined" />
	<Point X="163" Y="187" T="undefined" />
	<Point X="166" Y="193" T="undefined" />
	<Point X="168" Y="199" T="undefined" />
	<Point X="171" Y="205" T="undefined" />
	<Point X="176" Y="215" T="undefined" />
	<Point X="181" Y="224" T="undefined" />
	<Point X="184" Y="230" T="undefined" />
	<Point X="191" Y="243" T="undefined" />
	<Point X="198" Y="255" T="undefined" />
	<Point X="204" Y="266" T="undefined" />
	<Point X="212" Y="279" T="undefined" />
	<Point X="219" Y="291" T="undefined" />
	<Point X="224" Y="298" T="undefined" />
	<Point X="230" Y="309" T="undefined" />
	<Point X="237" Y="319" T="undefined" />
	<Point X="242" Y="328" T="undefined" />
	<Point X="246" Y="335" T="undefined" />
	<Point X="252" Y="344" T="undefined" />
	<Point X="255" Y="349" T="undefined" />
	<Point X="259" Y="358" T="undefined" />
	<Point X="263" Y="364" T="undefined" />
	<Point X="266" Y="368" T="undefined" />
	<Point X="270" Y="376" T="undefined" />
	<Point X="272" Y="380" T="undefined" />
	<Point X="275" Y="384" T="undefined" />
	<Point X="276" Y="388" T="undefined" />
	<Point X="277" Y="391" T="undefined" />
	<Point X="278" Y="394" T="undefined" />
	<Point X="280" Y="397" T="undefined" />
	<Point X="281" Y="400" T="undefined" />
	<Point X="281" Y="402" T="undefined" />
	<Point X="282" Y="403" T="undefined" />
	<Point X="283" Y="406" T="undefined" />
	<Point X="284" Y="408" T="undefined" />
	<Point X="285" Y="410" T="undefined" />
	<Point X="286" Y="412" T="undefined" />
	<Point X="286" Y="413" T="undefined" />
	<Point X="287" Y="415" T="undefined" />
	<Point X="288" Y="416" T="undefined" />
	<Point X="288" Y="417" T="undefined" />
	<Point X="289" Y="417" T="undefined" />
	<Point X="290" Y="417" T="undefined" />
	<Point X="290" Y="416" T="undefined" />
	<Point X="292" Y="414" T="undefined" />
	<Point X="293" Y="412" T="undefined" />
	<Point X="296" Y="409" T="undefined" />
	<Point X="298" Y="405" T="undefined" />
	<Point X="301" Y="399" T="undefined" />
	<Point X="304" Y="393" T="undefined" />
	<Point X="309" Y="386" T="undefined" />
	<Point X="314" Y="376" T="undefined" />
	<Point X="318" Y="367" T="undefined" />
	<Point X="324" Y="356" T="undefined" />
	<Point X="329" Y="346" T="undefined" />
	<Point X="335" Y="332" T="undefined" />
	<Point X="340" Y="317" T="undefined" />
	<Point X="344" Y="306" T="undefined" />
	<Point X="350" Y="292" T="undefined" />
	<Point X="356" Y="275" T="undefined" />
	<Point X="361" Y="262" T="undefined" />
	<Point X="366" Y="252" T="undefined" />
	<Point X="370" Y="241" T="undefined" />
	<Point X="374" Y="233" T="undefined" />
	<Point X="380" Y="222" T="undefined" />
	<Point X="384" Y="215" T="undefined" />
	<Point X="388" Y="208" T="undefined" />
	<Point X="392" Y="202" T="undefined" />
	<Point X="395" Y="196" T="undefined" />
	<Point X="397" Y="192" T="undefined" />
	<Point X="398" Y="189" T="undefined" />
	<Point X="400" Y="185" T="undefined" />
	<Point X="401" Y="182" T="undefined" />
	<Point X="402" Y="178" T="undefined" />
	<Point X="403" Y="174" T="undefined" />
	<Point X="405" Y="170" T="undefined" />
	<Point X="405" Y="168" T="undefined" />
	<Point X="407" Y="165" T="undefined" />
	<Point X="408" Y="162" T="undefined" />
	<Point X="409" Y="160" T="undefined" />
	<Point X="409" Y="157" T="undefined" />
	<Point X="411" Y="155" T="undefined" />
	<Point X="411" Y="153" T="undefined" />
	<Point X="412" Y="152" T="undefined" />
	<Point X="412" Y="151" T="undefined" />
	<Point X="413" Y="150" T="undefined" />
</Gesture>