<?xml version="1.0" encoding="utf-8" standalone="yes"?>
<Gesture Name="V3" NumPts="74">
	<Point X="127" Y="170" T="undefined" />
	<Point X="127" Y="170" T="undefined" />
	<Point X="127" Y="170" T="undefined" />
	<Point X="127" Y="170" T="undefined" />
	<Point X="127" Y="171" T="undefined" />
	<Point X="128" Y="172" T="undefined" />
	<Point X="130" Y="174" T="undefined" />
	<Point X="132" Y="177" T="undefined" />
	<Point X="134" Y="179" T="undefined" />
	<Point X="136" Y="183" T="undefined" />
	<Point X="141" Y="189" T="undefined" />
	<Point X="144" Y="194" T="undefined" />
	<Point X="147" Y="199" T="undefined" />
	<Point X="154" Y="209" T="undefined" />
	<Point X="158" Y="215" T="undefined" />
	<Point X="164" Y="224" T="undefined" />
	<Point X="172" Y="239" T="undefined" />
	<Point X="179" Y="248" T="undefined" />
	<Point X="187" Y="260" T="undefined" />
	<Point X="197" Y="275" T="undefined" />
	<Point X="207" Y="291" T="undefined" />
	<Point X="213" Y="301" T="undefined" />
	<Point X="219" Y="311" T="undefined" />
	<Point X="226" Y="323" T="undefined" />
	<Point X="232" Y="335" T="undefined" />
	<Point X="238" Y="347" T="undefined" />
	<Point X="242" Y="355" T="undefined" />
	<Point X="246" Y="362" T="undefined" />
	<Point X="251" Y="373" T="undefined" />
	<Point X="254" Y="378" T="undefined" />
	<Point X="255" Y="382" T="undefined" />
	<Point X="258" Y="387" T="undefined" />
	<Point X="260" Y="390" T="undefined" />
	<Point X="261" Y="394" T="undefined" />
	<Point X="262" Y="396" T="undefined" />
	<Point X="262" Y="398" T="undefined" />
	<Point X="263" Y="400" T="undefined" />
	<Point X="263" Y="400" T="undefined" />
	<Point X="263" Y="400" T="undefined" />
	<Point X="264" Y="400" T="undefined" />
	<Point X="264" Y="400" T="undefined" />
	<Point X="265" Y="399" T="undefined" />
	<Point X="265" Y="398" T="undefined" />
	<Point X="267" Y="395" T="undefined" />
	<Point X="269" Y="392" T="undefined" />
	<Point X="273" Y="387" T="undefined" />
	<Point X="277" Y="381" T="undefined" />
	<Point X="281" Y="376" T="undefined" />
	<Point X="285" Y="370" T="undefined" />
	<Point X="291" Y="361" T="undefined" />
	<Point X="297" Y="351" T="undefined" />
	<Point X="305" Y="340" T="undefined" />
	<Point X="312" Y="329" T="undefined" />
	<Point X="319" Y="316" T="undefined" />
	<Point X="326" Y="302" T="undefined" />
	<Point X="333" Y="287" T="undefined" />
	<Point X="339" Y="274" T="undefined" />
	<Point X="348" Y="257" T="undefined" />
	<Point X="356" Y="243" T="undefined" />
	<Point X="363" Y="231" T="undefined" />
	<Point X="371" Y="219" T="undefined" />
	<Point X="376" Y="211" T="undefined" />
	<Point X="385" Y="200" T="undefined" />
	<Point X="390" Y="194" T="undefined" />
	<Point X="394" Y="189" T="undefined" />
	<Point X="398" Y="183" T="undefined" />
	<Point X="400" Y="180" T="undefined" />
	<Point X="402" Y="177" T="undefined" />
	<Point X="403" Y="175" T="undefined" />
	<Point X="404" Y="173" T="undefined" />
	<Point X="405" Y="172" T="undefined" />
	<Point X="405" Y="170" T="undefined" />
	<Point X="406" Y="170" T="undefined" />
	<Point X="406" Y="169" T="undefined" />
</Gesture>