<?xml version="1.0" encoding="utf-8" standalone="yes"?>
<Gesture Name="V4" NumPts="65">
	<Point X="110" Y="160" T="undefined" />
	<Point X="111" Y="160" T="undefined" />
	<Point X="112" Y="160" T="undefined" />
	<Point X="113" Y="160" T="undefined" />
	<Point X="113" Y="160" T="undefined" />
	<Point X="114" Y="160" T="undefined" />
	<Point X="116" Y="160" T="undefined" />
	<Point X="118" Y="162" T="undefined" />
	<Point X="123" Y="165" T="undefined" />
	<Point X="128" Y="170" T="undefined" />
	<Point X="131" Y="173" T="undefined" />
	<Point X="137" Y="178" T="undefined" />
	<Point X="143" Y="184" T="undefined" />
	<Point X="149" Y="190" T="undefined" />
	<Point X="157" Y="199" T="undefined" />
	<Point X="164" Y="207" T="undefined" />
	<Point X="171" Y="217" T="undefined" />
	<Point X="178" Y="228" T="undefined" />
	<Point X="183" Y="238" T="undefined" />
	<Point X="190" Y="251" T="undefined" />
	<Point X="195" Y="263" T="undefined" />
	<Point X="200" Y="273" T="undefined" />
	<Point X="208" Y="289" T="undefined" />
	<Point X="213" Y="301" T="undefined" />
	<Point X="219" Y="311" T="undefined" />
	<Point X="224" Y="321" T="undefined" />
	<Point X="229" Y="331" T="undefined" />
	<Point X="233" Y="339" T="undefined" />
	<Point X="235" Y="344" T="undefined" />
	<Point X="238" Y="351" T="undefined" />
	<Point X="241" Y="356" T="undefined" />
	<Point X="242" Y="360" T="undefined" />
	<Point X="244" Y="363" T="undefined" />
	<Point X="245" Y="365" T="undefined" />
	<Point X="246" Y="367" T="undefined" />
	<Point X="247" Y="369" T="undefined" />
	<Point X="248" Y="370" T="undefined" />
	<Point X="248" Y="371" T="undefined" />
	<Point X="249" Y="371" T="undefined" />
	<Point X="249" Y="370" T="undefined" />
	<Point X="249" Y="369" T="undefined" />
	<Point X="251" Y="366" T="undefined" />
	<Point X="253" Y="362" T="undefined" />
	<Point X="256" Y="357" T="undefined" />
	<Point X="260" Y="348" T="undefined" />
	<Point X="265" Y="339" T="undefined" />
	<Point X="268" Y="331" T="undefined" />
	<Point X="276" Y="315" T="undefined" />
	<Point X="282" Y="301" T="undefined" />
	<Point X="288" Y="287" T="undefined" />
	<Point X="296" Y="267" T="undefined" />
	<Point X="304" Y="250" T="undefined" />
	<Point X="309" Y="236" T="undefined" />
	<Point X="317" Y="219" T="undefined" />
	<Point X="325" Y="198" T="undefined" />
	<Point X="329" Y="187" T="undefined" />
	<Point X="336" Y="173" T="undefined" />
	<Point X="343" Y="161" T="undefined" />
	<Point X="349" Y="152" T="undefined" />
	<Point X="354" Y="145" T="undefined" />
	<Point X="358" Y="140" T="undefined" />
	<Point X="362" Y="135" T="undefined" />
	<Point X="364" Y="131" T="undefined" />
	<Point X="366" Y="129" T="undefined" />
	<Point X="366" Y="128" T="undefined" />
</Gesture>