<?xml version="1.0" encoding="utf-8" standalone="yes"?>
<Gesture Name="V5" NumPts="57">
	<Point X="112" Y="123" T="undefined" />
	<Point X="113" Y="123" T="undefined" />
	<Point X="114" Y="125" T="undefined" />
	<Point X="117" Y="127" T="undefined" />
	<Point X="120" Y="130" T="undefined" />
	<Point X="124" Y="135" T="undefined" />
	<Point X="128" Y="140" T="undefined" />
	<Point X="133" Y="149" T="undefined" />
	<Point X="139" Y="158" T="undefined" />
	<Point X="144" Y="170" T="undefined" />
	<Point X="149" Y="182" T="undefined" />
	<Point X="154" Y="197" T="undefined" />
	<Point X="158" Y="211" T="undefined" />
	<Point X="164" Y="227" T="undefined" />
	<Point X="170" Y="249" T="undefined" />
	<Point X="178" Y="270" T="undefined" />
	<Point X="185" Y="290" T="undefined" />
	<Point X="192" Y="308" T="undefined" />
	<Point X="198" Y="325" T="undefined" />
	<Point X="205" Y="342" T="undefined" />
	<Point X="210" Y="353" T="undefined" />
	<Point X="216" Y="365" T="undefined" />
	<Point X="221" Y="374" T="undefined" />
	<Point X="225" Y="379" T="undefined" />
	<Point X="228" Y="383" T="undefined" />
	<Point X="231" Y="387" T="undefined" />
	<Point X="233" Y="388" T="undefined" />
	<Point X="235" Y="389" T="undefined" />
	<Point X="236" Y="389" T="undefined" />
	<Point X="238" Y="389" T="undefined" />
	<Point X="239" Y="389" T="undefined" />
	<Point X="241" Y="387" T="undefined" />
	<Point X="243" Y="383" T="undefined" />
	<Point X="246" Y="378" T="undefined" />
	<Point X="250" Y="372" T="undefined" />
	<Point X="254" Y="365" T="undefined" />
	<Point X="258" Y="358" T="undefined" />
	<Point X="266" Y="345" T="undefined" />
	<Point X="273" Y="331" T="undefined" />
	<Point X="279" Y="318" T="undefined" />
	<Point X="289" Y="297" T="undefined" />
	<Point X="295" Y="280" T="undefined" />
	<Point X="305" Y="255" T="undefined" />
	<Point X="312" Y="236" T="undefined" />
	<Point X="321" Y="212" T="undefined" />
	<Point X="328" Y="195" T="undefined" />
	<Point X="332" Y="183" T="undefined" />
	<Point X="339" Y="168" T="undefined" />
	<Point X="345" Y="155" T="undefined" />
	<Point X="351" Y="143" T="undefined" />
	<Point X="357" Y="133" T="undefined" />
	<Point X="360" Y="126" T="undefined" />
	<Point X="364" Y="121" T="undefined" />
	<Point X="367" Y="116" T="undefined" />
	<Point X="369" Y="113" T="undefined" />
	<Point X="371" Y="111" T="undefined" />
	<Point X="372" Y="110" T="undefined" />
</Gesture>