<?xml version="1.0" encoding="utf-8" standalone="yes"?>
<Gesture Name="V6" NumPts="63">
	<Point X="169" Y="179" T="undefined" />
	<Point X="169" Y="180" T="undefined" />
	<Point X="170" Y="181" T="undefined" />
	<Point X="172" Y="185" T="undefined" />
	<Point X="174" Y="189" T="undefined" />
	<Point X="177" Y="196" T="undefined" />
	<Point X="180" Y="202" T="undefined" />
	<Point X="184" Y="211" T="undefined" />
	<Point X="188" Y="223" T="undefined" />
	<Point X="192" Y="233" T="undefined" />
	<Point X="197" Y="246" T="undefined" />
	<Point X="200" Y="258" T="undefined" />
	<Point X="205" Y="274" T="undefined" />
	<Point X="208" Y="286" T="undefined" />
	<Point X="212" Y="301" T="undefined" />
	<Point X="215" Y="316" T="undefined" />
	<Point X="219" Y="331" T="undefined" />
	<Point X="222" Y="344" T="undefined" />
	<Point X="225" Y="356" T="undefined" />
	<Point X="228" Y="369" T="undefined" />
	<Point X="230" Y="378" T="undefined" />
	<Point X="232" Y="388" T="undefined" />
	<Point X="233" Y="394" T="undefined" />
	<Point X="234" Y="399" T="undefined" />
	<Point X="235" Y="403" T="undefined" />
	<Point X="235" Y="406" T="undefined" />
	<Point X="235" Y="409" T="undefined" />
	<Point X="235" Y="410" T="undefined" />
	<Point X="235" Y="412" T="undefined" />
	<Point X="235" Y="413" T="undefined" />
	<Point X="235" Y="414" T="undefined" />
	<Point X="235" Y="413" T="undefined" />
	<Point X="236" Y="413" T="undefined" />
	<Point X="237" Y="409" T="undefined" />
	<Point X="239" Y="405" T="undefined" />
	<Point X="242" Y="400" T="undefined" />
	<Point X="246" Y="393" T="undefined" />
	<Point X="251" Y="385" T="undefined" />
	<Point X="256" Y="376" T="undefined" />
	<Point X="261" Y="369" T="undefined" />
	<Point X="268" Y="357" T="undefined" />
	<Point X="276" Y="343" T="undefined" />
	<Point X="282" Y="331" T="undefined" />
	<Point X="291" Y="315" T="undefined" />
	<Point X="297" Y="303" T="undefined" />
	<Point X="306" Y="284" T="undefined" />
	<Point X="314" Y="268" T="undefined" />
	<Point X="323" Y="250" T="undefined" />
	<Point X="330" Y="236" T="undefined" />
	<Point X="337" Y="224" T="undefined" />
	<Point X="343" Y="213" T="undefined" />
	<Point X="350" Y="203" T="undefined" />
	<Point X="356" Y="195" T="undefined" />
	<Point X="360" Y="189" T="undefined" />
	<Point X="363" Y="185" T="undefined" />
	<Point X="366" Y="181" T="undefined" />
	<Point X="367" Y="178" T="undefined" />
	<Point X="369" Y="176" T="undefined" />
	<Point X="370" Y="174" T="undefined" />
	<Point X="371" Y="173" T="undefined" />
	<Point X="371" Y="172" T="undefined" />
	<Point X="372" Y="172" T="undefined" />
	<Point X="372" Y="171" T="undefined" />
</Gesture>