<?xml version="1.0" encoding="utf-8" standalone="yes"?>
<Gesture Name="V7" NumPts="54">
	<Point X="120" Y="103" T="undefined" />
	<Point X="120" Y="103" T="undefined" />
	<Point X="122" Y="106" T="undefined" />
	<Point X="123" Y="109" T="undefined" />
	<Point X="125" Y="113" T="undefined" />
	<Point X="129" Y="120" T="undefined" />
	<Point X="132" Y="126" T="undefined" />
	<Point X="138" Y="137" T="undefined" />
	<Point X="144" Y="147" T="undefined" />
	<Point X="150" Y="158" T="undefined" />
	<Point X="159" Y="173" T="undefined" />
	<Point X="168" Y="193" T="undefined" />
	<Point X="179" Y="213" T="undefined" />
	<Point X="183" Y="224" T="undefined" />
	<Point X="193" Y="244" T="undefined" />
	<Point X="204" Y="267" T="undefined" />
	<Point X="212" Y="285" T="undefined" />
	<Point X="221" Y="304" T="undefined" />
	<Point X="228" Y="321" T="undefined" />
	<Point X="234" Y="331" T="undefined" />
	<Point X="241" Y="344" T="undefined" />
	<Point X="246" Y="354" T="undefined" />
	<Point X="253" Y="366" T="undefined" />
	<Point X="256" Y="370" T="undefined" />
	<Point X="259" Y="375" T="undefined" />
	<Point X="261" Y="378" T="undefined" />
	<Point X="262" Y="380" T="undefined" />
	<Point X="264" Y="381" T="undefined" />
	<Point X="265" Y="381" T="undefined" />
	<Point X="266" Y="380" T="undefined" />
	<Point X="267" Y="378" T="undefined" />
	<Point X="269" Y="374" T="undefined" />
	<Point X="272" Y="369" T="undefined" />
	<Point X="276" Y="362" T="undefined" />
	<Point X="281" Y="352" T="undefined" />
	<Point X="286" Y="343" T="undefined" />
	<Point X="293" Y="330" T="undefined" />
	<Point X="303" Y="314" T="undefined" />
	<Point X="312" Y="298" T="undefined" />
	<Point X="320" Y="282" T="undefined" />
	<Point X="333" Y="260" T="undefined" />
	<Point X="339" Y="249" T="undefined" />
	<Point X="347" Y="232" T="undefined" />
	<Point X="356" Y="211" T="undefined" />
	<Point X="364" Y="192" T="undefined" />
	<Point X="370" Y="175" T="undefined" />
	<Point X="376" Y="159" T="undefined" />
	<Point X="383" Y="140" T="undefined" />
	<Point X="387" Y="130" T="undefined" />
	<Point X="392" Y="119" T="undefined" />
	<Point X="394" Y="113" T="undefined" />
	<Point X="396" Y="108" T="undefined" />
	<Point X="398" Y="105" T="undefined" />
	<Point X="399" Y="103" T="undefined" />
</Gesture>