<?xml version="1.0" encoding="utf-8" standalone="yes"?>
<Gesture Name="V8" NumPts="72">
	<Point X="176" Y="219" T="undefined" />
	<Point X="176" Y="220" T="undefined" />
	<Point X="177" Y="220" T="undefined" />
	<Point X="179" Y="223" T="undefined" />
	<Point X="181" Y="226" T="undefined" />
	<Point X="183" Y="229" T="undefined" />
	<Point X="188" Y="236" T="undefined" />
	<Point X="192" Y="242" T="undefined" />
	<Point X="197" Y="249" T="undefined" />
	<Point X="204" Y="261" T="undefined" />
	<Point X="211" Y="275" T="undefined" />
	<Point X="217" Y="287" T="undefined" />
	<Point X="224" Y="300" T="undefined" />
	<Point X="230" Y="315" T="undefined" />
	<Point X="236" Y="328" T="undefined" />
	<Point X="241" Y="343" T="undefined" />
	<Point X="248" Y="361" T="undefined" />
	<Point X="253" Y="374" T="undefined" />
	<Point X="259" Y="388" T="undefined" />
	<Point X="263" Y="397" T="undefined" />
	<Point X="269" Y="410" T="undefined" />
	<Point X="275" Y="419" T="undefined" />
	<Point X="278" Y="426" T="undefined" />
	<Point X="281" Y="430" T="undefined" />
	<Point X="285" Y="435" T="undefined" />
	<Point X="288" Y="437" T="undefined" />
	<Point X="290" Y="439" T="undefined" />
	<Point X="292" Y="441" T="undefined" />
	<Point X="294" Y="441" T="undefined" />
	<Point X="295" Y="442" T="undefined" />
	<Point X="296" Y="442" T="undefined" />
	<Point X="297" Y="442" T="undefined" />
	<Point X="298" Y="442" T="undefined" />
	<Point X="299" Y="442" T="undefined" />
	<Point X="299" Y="441" T="undefined" />
	<Point X="301" Y="440" T="undefined" />
	<Point X="302" Y="437" T="undefined" />
	<Point X="303" Y="434" T="undefined" />
	<Point X="305" Y="431" T="undefined" />
	<Point X="308" Y="423" T="undefined" />
	<Point X="311" Y="417" T="undefined" />
	<Point X="314" Y="410" T="undefined" />
	<Point X="318" Y="399" T="undefined" />
	<Point X="322" Y="388" T="undefined" />
	<Point X="326" Y="376" T="undefined" />
	<Point X="330" Y="364" T="undefined" />
	<Point X="333" Y="355" T="undefined" />
	<Point X="338" Y="343" T="undefined" />
	<Point X="343" Y="331" T="undefined" />
	<Point X="347" Y="322" T="undefined" />
	<Point X="352" Y="311" T="undefined" />
	<Point X="357" Y="299" T="undefined" />
	<Point X="361" Y="289" T="undefined" />
	<Point X="366" Y="279" T="undefined" />
	<Point X="370" Y="269" T="undefined" />
	<Point X="373" Y="263" T="undefined" />
	<Point X="376" Y="257" T="undefined" />
	<Point X="378" Y="252" T="undefined" />
	<Point X="380" Y="249" T="undefined" />
	<Point X="381" Y="246" T="undefined" />
	<Point X="382" Y="244" T="undefined" />
	<Point X="384" Y="242" T="undefined" />
	<Point X="384" Y="241" T="undefined" />
	<Point X="385" Y="240" T="undefined" />
	<Point X="385" Y="239" T="undefined" />
	<Point X="385" Y="238" T="undefined" />
	<Point X="386" Y="238" T="undefined" />
	<Point X="386" Y="237" T="undefined" />
	<Point X="386" Y="236" T="undefined" />
	<Point X="387" Y="236" T="undefined" />
	<Point X="387" Y="235" T="undefined" />
	<Point X="388" Y="235" T="undefined" />
</Gesture>