<?xml version="1.0" encoding="utf-8" standalone="yes"?>
<Gesture Name="V9" NumPts="57">
	<Point X="133" Y="186" T="undefined" />
	<Point X="134" Y="186" T="undefined" />
	<Point X="135" Y="186" T="undefined" />
	<Point X="136" Y="187" T="undefined" />
	<Point X="138" Y="189" T="undefined" />
	<Point X="139" Y="192" T="undefined" />
	<Point X="142" Y="196" T="undefined" />
	<Point X="144" Y="200" T="undefined" />
	<Point X="148" Y="206" T="undefined" />
	<Point X="151" Y="212" T="undefined" />
	<Point X="155" Y="219" T="undefined" />
	<Point X="159" Y="228" T="undefined" />
	<Point X="163" Y="237" T="undefined" />
	<Point X="167" Y="246" T="undefined" />
	<Point X="172" Y="259" T="undefined" />
	<Point X="178" Y="271" T="undefined" />
	<Point X="183" Y="285" T="undefined" />
	<Point X="188" Y="295" T="undefined" />
	<Point X="195" Y="308" T="undefined" />
	<Point X="201" Y="319" T="undefined" />
	<Point X="206" Y="326" T="undefined" />
	<Point X="212" Y="336" T="undefined" />
	<Point X="215" Y="341" T="undefined" />
	<Point X="220" Y="348" T="undefined" />
	<Point X="224" Y="354" T="undefined" />
	<Point X="227" Y="358" T="undefined" />
	<Point X="229" Y="362" T="undefined" />
	<Point X="231" Y="365" T="undefined" />
	<Point X="232" Y="367" T="undefined" />
	<Point X="233" Y="368" T="undefined" />
	<Point X="233" Y="369" T="undefined" />
	<Point X="234" Y="369" T="undefined" />
	<Point X="235" Y="368" T="undefined" />
	<Point X="236" Y="365" T="undefined" />
	<Point X="238" Y="362" T="undefined" />
	<Point X="240" Y="357" T="undefined" />
	<Point X="244" Y="351" T="undefined" />
	<Point X="249" Y="343" T="undefined" />
	<Point X="255" Y="335" T="undefined" />
	<Point X="264" Y="323" T="undefined" />
	<Point X="270" Y="314" T="undefined" />
	<Point X="280" Y="301" T="undefined" />
	<Point X="291" Y="289" T="undefined" />
	<Point X="305" Y="270" T="undefined" />
	<Point X="318" Y="252" T="undefined" />
	<Point X="334" Y="230" T="undefined" />
	<Point X="354" Y="203" T="undefined" />
	<Point X="366" Y="187" T="undefined" />
	<Point X="384" Y="164" T="undefined" />
	<Point X="398" Y="147" T="undefined" />
	<Point X="409" Y="135" T="undefined" />
	<Point X="418" Y="125" T="undefined" />
	<Point X="425" Y="118" T="undefined" />
	<Point X="429" Y="114" T="undefined" />
	<Point X="430" Y="111" T="undefined" />
	<Point X="431" Y="110" T="undefined" />
	<Point X="431" Y="111" T="undefined" />
</Gesture>