<?xml version="1.0" encoding="utf-8" standalone="yes"?>
<Gesture Name="X0" NumPts="204">
	<Point X="169" Y="195" T="undefined" />
	<Point X="169" Y="196" T="undefined" />
	<Point X="170" Y="196" T="undefined" />
	<Point X="171" Y="197" T="undefined" />
	<Point X="173" Y="199" T="undefined" />
	<Point X="175" Y="201" T="undefined" />
	<Point X="177" Y="203" T="undefined" />
	<Point X="179" Y="205" T="undefined" />
	<Point X="183" Y="209" T="undefined" />
	<Point X="186" Y="212" T="undefined" />
	<Point X="190" Y="217" T="undefined" />
	<Point X="194" Y="221" T="undefined" />
	<Point X="199" Y="227" T="undefined" />
	<Point X="203" Y="231" T="undefined" />
	<Point X="208" Y="236" T="undefined" />
	<Point X="213" Y="242" T="undefined" />
	<Point X="218" Y="247" T="undefined" />
	<Point X="224" Y="253" T="undefined" />
	<Point X="228" Y="258" T="undefined" />
	<Point X="235" Y="264" T="undefined" />
	<Point X="239" Y="268" T="undefined" />
	<Point X="245" Y="272" T="undefined" />
	<Point X="251" Y="278" T="undefined" />
	<Point X="256" Y="282" T="undefined" />
	<Point X="261" Y="286" T="undefined" />
	<Point X="265" Y="289" T="undefined" />
	<Point X="269" Y="292" T="undefined" />
	<Point X="272" Y="295" T="undefined" />
	<Point X="276" Y="298" T="undefined" />
	<Point X="278" Y="300" T="undefined" />
	<Point X="281" Y="302" T="undefined" />
	<Point X="283" Y="304" T="undefined" />
	<Point X="284" Y="305" T="undefined" />
	<Point X="286" Y="307" T="undefined" />
	<Point X="287" Y="308" T="undefined" />
	<Point X="289" Y="309" T="undefined" />
	<Point X="290" Y="310" T="undefined" />
	<Point X="291" Y="311" T="undefined" />
	<Point X="292" Y="312" T="undefined" />
	<Point X="293" Y="312" T="undefined" />
	<Point X="293" Y="313" T="undefined" />
	<Point X="294" Y="314" T="undefined" />
	<Point X="295" Y="315" T="undefined" />
	<Point X="296" Y="316" T="undefined" />
	<Point X="297" Y="317" T="undefined" />
	<Point X="297" Y="318" T="undefined" />
	<Point X="298" Y="318" T="undefined" />
	<Point X="298" Y="319" T="undefined" />
	<Point X="299" Y="319" T="undefined" />
	<Point X="299" Y="320" T="undefined" />
	<Point X="300" Y="320" T="undefined" />
	<Point X="300" Y="321" T="undefined" />
	<Point X="301" Y="321" T="undefined" />
	<Point X="301" Y="320" T="undefined" />
	<Point X="301" Y="319" T="undefined" />
	<Point X="302" Y="319" T="undefined" />
	<Point X="302" Y="317" T="undefined" />
	<Point X="303" Y="316" T="undefined" />
	<Point X="303" Y="314" T="undefined" />
	<Point X="304" Y="312" T="undefined" />
	<Point X="304" Y="311" T="undefined" />
	<Point X="304" Y="309" T="undefined" />
	<Point X="304" Y="307" T="undefined" />
	<Point X="305" Y="305" T="undefined" />
	<Point X="305" Y="303" T="undefined" />
	<Point X="305" Y="300" T="undefined" />
	<Point X="306" Y="298" T="undefined" />
	<Point X="307" Y="295" T="undefined" />
	<Point X="307" Y="292" T="undefined" />
	<Point X="307" Y="290" T="undefined" />
	<Point X="308" Y="288" T="undefined" />
	<Point X="308" Y="286" T="undefined" />
	<Point X="308" Y="283" T="undefined" />
	<Point X="309" Y="281" T="undefined" />
	<Point X="309" Y="279" T="undefined" />
	<Point X="309" Y="276" T="undefined" />
	<Point X="309" Y="274" T="undefined" />
	<Point X="310" Y="271" T="undefined" />
	<Point X="310" Y="269" T="undefined" />
	<Point X="310" Y="266" T="undefined" />
	<Point X="310" Y="263" T="undefined" />
	<Point X="310" Y="262" T="undefined" />
	<Point X="310" Y="259" T="undefined" />
	<Point X="310" Y="256" T="undefined" />
	<Point X="310" Y="253" T="undefined" />
	<Point X="310" Y="251" T="undefined" />
	<Point X="310" Y="249" T="undefined" />
	<Point X="310" Y="247" T="undefined" />
	<Point X="310" Y="245" T="undefined" />
	<Point X="310" Y="242" T="undefined" />
	<Point X="310" Y="240" T="undefined" />
	<Point X="310" Y="238" T="undefined" />
	<Point X="310" Y="236" T="undefined" />
	<Point X="310" Y="234" T="undefined" />
	<Point X="310" Y="233" T="undefined" />
	<Point X="310" Y="230" T="undefined" />
	<Point X="310" Y="229" T="undefined" />
	<Point X="310" Y="227" T="undefined" />
	<Point X="310" Y="225" T="undefined" />
	<Point X="310" Y="223" T="undefined" />
	<Point X="310" Y="221" T="undefined" />
	<Point X="310" Y="220" T="undefined" />
	<Point X="310" Y="217" T="undefined" />
	<Point X="310" Y="215" T="undefined" />
	<Point X="310" Y="213" T="undefined" />
	<Point X="310" Y="212" T="undefined" />
	<Point X="310" Y="210" T="undefined" />
	<Point X="310" Y="208" T="undefined" />
	<Point X="310" Y="205" T="undefined" />
	<Point X="310" Y="204" T="undefined" />
	<Point X="310" Y="201" T="undefined" />
	<Point X="310" Y="199" T="undefined" />
	<Point X="310" Y="197" T="undefined" />
	<Point X="310" Y="196" T="undefined" />
	<Point X="310" Y="195" T="undefined" />
	<Point X="309" Y="195" T="undefined" />
	<Point X="308" Y="195" T="undefined" />
	<Point X="306" Y="197" T="undefined" />
	<Point X="304" Y="199" T="undefined" />
	<Point X="302" Y="200" T="undefined" />
	<Point X="300" Y="201" T="undefined" />
	<Point X="298" Y="203" T="undefined" />
	<Point X="296" Y="205" T="undefined" />
	<Point X="293" Y="207" T="undefined" />
	<Point X="290" Y="210" T="undefined" />
	<Point X="287" Y="212" T="undefined" />
	<Point X="285" Y="214" T="undefined" />
	<Point X="282" Y="216" T="undefined" />
	<Point X="278" Y="219" T="undefined" />
	<Point X="276" Y="221" T="undefined" />
	<Point X="272" Y="224" T="undefined" />
	<Point X="269" Y="227" T="undefined" />
	<Point X="266" Y="229" T="undefined" />
	<Point X="263" Y="232" T="undefined" />
	<Point X="260" Y="234" T="undefined" />
	<Point X="257" Y="236" T="undefined" />
	<Point X="254" Y="239" T="undefined" />
	<Point X="251" Y="243" T="undefined" />
	<Point X="248" Y="246" T="undefined" />
	<Point X="245" Y="249" T="undefined" />
	<Point X="242" Y="252" T="undefined" />
	<Point X="239" Y="254" T="undefined" />
	<Point X="236" Y="257" T="undefined" />
	<Point X="233" Y="259" T="undefined" />
	<Point X="230" Y="261" T="undefined" />
	<Point X="228" Y="263" T="undefined" />
	<Point X="225" Y="265" T="undefined" />
	<Point X="222" Y="268" T="undefined" />
	<Point X="219" Y="270" T="undefined" />
	<Point X="216" Y="272" T="undefined" />
	<Point X="214" Y="274" T="undefined" />
	<Point X="211" Y="277" T="undefined" />
	<Point X="209" Y="279" T="undefined" />
	<Point X="207" Y="281" T="undefined" />
	<Point X="205" Y="283" T="undefined" />
	<Point X="204" Y="284" T="undefined" />
	<Point X="202" Y="285" T="undefined" />
	<Point X="201" Y="286" T="undefined" />
	<Point X="199" Y="288" T="undefined" />
	<Point X="197" Y="289" T="undefined" />
	<Point X="196" Y="290" T="undefined" />
	<Point X="195" Y="291" T="undefined" />
	<Point X="193" Y="293" T="undefined" />
	<Point X="192" Y="294" T="undefined" />
	<Point X="191" Y="295" T="undefined" />
	<Point X="189" Y="297" T="undefined" />
	<Point X="188" Y="298" T="undefined" />
	<Point X="187" Y="299" T="undefined" />
	<Point X="185" Y="300" T="undefined" />
	<Point X="184" Y="301" T="undefined" />
	<Point X="183" Y="302" T="undefined" />
	<Point X="182" Y="303" T="undefined" />
	<Point X="181" Y="303" T="undefined" />
	<Point X="180" Y="305" T="undefined" />
	<Point X="179" Y="306" T="undefined" />
	<Point X="178" Y="307" T="undefined" />
	<Point X="177" Y="307" T="undefined" />
	<Point X="176" Y="309" T="undefined" />
	<Point X="175" Y="309" T="undefined" />
	<Point X="174" Y="310" T="undefined" />
	<Point X="174" Y="311" T="undefined" />
	<Point X="173" Y="311" T="undefined" />
	<Point X="172" Y="312" T="undefined" />
	<Point X="172" Y="313" T="undefined" />
	<Point X="171" Y="313" T="undefined" />
	<Point X="171" Y="314" T="undefined" />
	<Point X="170" Y="314" T="undefined" />
	<Point X="170" Y="315" T="undefined" />
	<Point X="169" Y="315" T="undefined" />
	<Point X="168" Y="316" T="undefined" />
	<Point X="168" Y="317" T="undefined" />
	<Point X="167" Y="317" T="undefined" />
	<Point X="167" Y="318" T="undefined" />
	<Point X="166" Y="318" T="undefined" />
	<Point X="165" Y="319" T="undefined" />
	<Point X="164" Y="319" T="undefined" />
	<Point X="164" Y="320" T="undefined" />
	<Point X="163" Y="320" T="undefined" />
	<Point X="163" Y="321" T="undefined" />
	<Point X="162" Y="321" T="undefined" />
	<Point X="162" Y="322" T="undefined" />
	<Point X="161" Y="322" T="undefined" />
	<Point X="160" Y="322" T="undefined" />
	<Point X="160" Y="323" T="undefined" />
</Gesture>