<?xml version="1.0" encoding="utf-8" standalone="yes"?>
<Gesture Name="X1" NumPts="158">
	<Point X="115" Y="142" T="undefined" />
	<Point X="115" Y="143" T="undefined" />
	<Point X="115" Y="144" T="undefined" />
	<Point X="115" Y="145" T="undefined" />
	<Point X="115" Y="146" T="undefined" />
	<Point X="116" Y="148" T="undefined" />
	<Point X="118" Y="150" T="undefined" />
	<Point X="120" Y="153" T="undefined" />
	<Point X="122" Y="156" T="undefined" />
	<Point X="124" Y="159" T="undefined" />
	<Point X="127" Y="162" T="undefined" />
	<Point X="131" Y="166" T="undefined" />
	<Point X="135" Y="171" T="undefined" />
	<Point X="138" Y="174" T="undefined" />
	<Point X="143" Y="180" T="undefined" />
	<Point X="148" Y="186" T="undefined" />
	<Point X="153" Y="191" T="undefined" />
	<Point X="158" Y="197" T="undefined" />
	<Point X="162" Y="202" T="undefined" />
	<Point X="167" Y="208" T="undefined" />
	<Point X="171" Y="214" T="undefined" />
	<Point X="175" Y="218" T="undefined" />
	<Point X="179" Y="223" T="undefined" />
	<Point X="184" Y="229" T="undefined" />
	<Point X="188" Y="233" T="undefined" />
	<Point X="192" Y="238" T="undefined" />
	<Point X="196" Y="242" T="undefined" />
	<Point X="200" Y="246" T="undefined" />
	<Point X="203" Y="250" T="undefined" />
	<Point X="207" Y="254" T="undefined" />
	<Point X="211" Y="259" T="undefined" />
	<Point X="215" Y="263" T="undefined" />
	<Point X="218" Y="267" T="undefined" />
	<Point X="221" Y="271" T="undefined" />
	<Point X="224" Y="275" T="undefined" />
	<Point X="227" Y="279" T="undefined" />
	<Point X="230" Y="282" T="undefined" />
	<Point X="233" Y="286" T="undefined" />
	<Point X="235" Y="289" T="undefined" />
	<Point X="238" Y="293" T="undefined" />
	<Point X="242" Y="298" T="undefined" />
	<Point X="244" Y="301" T="undefined" />
	<Point X="247" Y="305" T="undefined" />
	<Point X="250" Y="308" T="undefined" />
	<Point X="253" Y="311" T="undefined" />
	<Point X="255" Y="315" T="undefined" />
	<Point X="257" Y="318" T="undefined" />
	<Point X="260" Y="321" T="undefined" />
	<Point X="262" Y="324" T="undefined" />
	<Point X="265" Y="327" T="undefined" />
	<Point X="266" Y="329" T="undefined" />
	<Point X="269" Y="331" T="undefined" />
	<Point X="271" Y="335" T="undefined" />
	<Point X="273" Y="338" T="undefined" />
	<Point X="275" Y="340" T="undefined" />
	<Point X="277" Y="343" T="undefined" />
	<Point X="279" Y="346" T="undefined" />
	<Point X="281" Y="348" T="undefined" />
	<Point X="283" Y="351" T="undefined" />
	<Point X="284" Y="353" T="undefined" />
	<Point X="286" Y="355" T="undefined" />
	<Point X="288" Y="358" T="undefined" />
	<Point X="289" Y="359" T="undefined" />
	<Point X="290" Y="361" T="undefined" />
	<Point X="292" Y="363" T="undefined" />
	<Point X="293" Y="365" T="undefined" />
	<Point X="295" Y="367" T="undefined" />
	<Point X="296" Y="369" T="undefined" />
	<Point X="298" Y="371" T="undefined" />
	<Point X="299" Y="372" T="undefined" />
	<Point X="301" Y="374" T="undefined" />
	<Point X="301" Y="375" T="undefined" />
	<Point X="302" Y="376" T="undefined" />
	<Point X="303" Y="378" T="undefined" />
	<Point X="304" Y="378" T="undefined" />
	<Point X="305" Y="379" T="undefined" />
	<Point X="305" Y="380" T="undefined" />
	<Point X="306" Y="380" T="undefined" />
	<Point X="306" Y="379" T="undefined" />
	<Point X="307" Y="377" T="undefined" />
	<Point X="307" Y="375" T="undefined" />
	<Point X="309" Y="372" T="undefined" />
	<Point X="309" Y="369" T="undefined" />
	<Point X="310" Y="365" T="undefined" />
	<Point X="311" Y="360" T="undefined" />
	<Point X="312" Y="355" T="undefined" />
	<Point X="313" Y="349" T="undefined" />
	<Point X="314" Y="340" T="undefined" />
	<Point X="316" Y="330" T="undefined" />
	<Point X="317" Y="319" T="undefined" />
	<Point X="318" Y="308" T="undefined" />
	<Point X="320" Y="296" T="undefined" />
	<Point X="322" Y="283" T="undefined" />
	<Point X="323" Y="267" T="undefined" />
	<Point X="325" Y="254" T="undefined" />
	<Point X="327" Y="240" T="undefined" />
	<Point X="328" Y="228" T="undefined" />
	<Point X="330" Y="218" T="undefined" />
	<Point X="332" Y="207" T="undefined" />
	<Point X="332" Y="199" T="undefined" />
	<Point X="334" Y="191" T="undefined" />
	<Point X="335" Y="182" T="undefined" />
	<Point X="337" Y="176" T="undefined" />
	<Point X="337" Y="169" T="undefined" />
	<Point X="337" Y="163" T="undefined" />
	<Point X="338" Y="158" T="undefined" />
	<Point X="338" Y="153" T="undefined" />
	<Point X="338" Y="148" T="undefined" />
	<Point X="338" Y="145" T="undefined" />
	<Point X="338" Y="141" T="undefined" />
	<Point X="338" Y="139" T="undefined" />
	<Point X="338" Y="136" T="undefined" />
	<Point X="338" Y="135" T="undefined" />
	<Point X="338" Y="134" T="undefined" />
	<Point X="338" Y="133" T="undefined" />
	<Point X="338" Y="132" T="undefined" />
	<Point X="338" Y="133" T="undefined" />
	<Point X="336" Y="134" T="undefined" />
	<Point X="335" Y="135" T="undefined" />
	<Point X="333" Y="137" T="undefined" />
	<Point X="330" Y="140" T="undefined" />
	<Point X="326" Y="144" T="undefined" />
	<Point X="323" Y="147" T="undefined" />
	<Point X="317" Y="153" T="undefined" />
	<Point X="312" Y="158" T="undefined" />
	<Point X="305" Y="165" T="undefined" />
	<Point X="298" Y="172" T="undefined" />
	<Point X="290" Y="180" T="undefined" />
	<Point X="281" Y="190" T="undefined" />
	<Point X="273" Y="199" T="undefined" />
	<Point X="265" Y="208" T="undefined" />
	<Point X="255" Y="219" T="undefined" />
	<Point X="245" Y="231" T="undefined" />
	<Point X="236" Y="240" T="undefined" />
	<Point X="228" Y="249" T="undefined" />
	<Point X="217" Y="261" T="undefined" />
	<Point X="209" Y="269" T="undefined" />
	<Point X="200" Y="278" T="undefined" />
	<Point X="193" Y="287" T="undefined" />
	<Point X="186" Y="293" T="undefined" />
	<Point X="181" Y="298" T="undefined" />
	<Point X="174" Y="305" T="undefined" />
	<Point X="168" Y="310" T="undefined" />
	<Point X="163" Y="314" T="undefined" />
	<Point X="158" Y="320" T="undefined" />
	<Point X="153" Y="325" T="undefined" />
	<Point X="149" Y="329" T="undefined" />
	<Point X="145" Y="333" T="undefined" />
	<Point X="142" Y="336" T="undefined" />
	<Point X="139" Y="340" T="undefined" />
	<Point X="136" Y="342" T="undefined" />
	<Point X="134" Y="345" T="undefined" />
	<Point X="131" Y="347" T="undefined" />
	<Point X="130" Y="349" T="undefined" />
	<Point X="129" Y="350" T="undefined" />
	<Point X="127" Y="352" T="undefined" />
	<Point X="127" Y="353" T="undefined" />
	<Point X="126" Y="353" T="undefined" />
</Gesture>