<?xml version="1.0" encoding="utf-8" standalone="yes"?>
<Gesture Name="X2" NumPts="252">
	<Point X="132" Y="125" T="undefined" />
	<Point X="133" Y="125" T="undefined" />
	<Point X="135" Y="126" T="undefined" />
	<Point X="137" Y="127" T="undefined" />
	<Point X="139" Y="129" T="undefined" />
	<Point X="141" Y="132" T="undefined" />
	<Point X="144" Y="135" T="undefined" />
	<Point X="148" Y="139" T="undefined" />
	<Point X="152" Y="143" T="undefined" />
	<Point X="156" Y="148" T="undefined" />
	<Point X="160" Y="153" T="undefined" />
	<Point X="166" Y="159" T="undefined" />
	<Point X="172" Y="166" T="undefined" />
	<Point X="177" Y="173" T="undefined" />
	<Point X="183" Y="180" T="undefined" />
	<Point X="191" Y="189" T="undefined" />
	<Point X="197" Y="198" T="undefined" />
	<Point X="204" Y="208" T="undefined" />
	<Point X="212" Y="218" T="undefined" />
	<Point X="220" Y="228" T="undefined" />
	<Point X="228" Y="241" T="undefined" />
	<Point X="236" Y="251" T="undefined" />
	<Point X="245" Y="262" T="undefined" />
	<Point X="254" Y="274" T="undefined" />
	<Point X="263" Y="285" T="undefined" />
	<Point X="271" Y="295" T="undefined" />
	<Point X="279" Y="304" T="undefined" />
	<Point X="285" Y="310" T="undefined" />
	<Point X="292" Y="318" T="undefined" />
	<Point X="299" Y="325" T="undefined" />
	<Point X="305" Y="331" T="undefined" />
	<Point X="309" Y="336" T="undefined" />
	<Point X="314" Y="340" T="undefined" />
	<Point X="318" Y="344" T="undefined" />
	<Point X="322" Y="348" T="undefined" />
	<Point X="325" Y="352" T="undefined" />
	<Point X="328" Y="355" T="undefined" />
	<Point X="330" Y="357" T="undefined" />
	<Point X="332" Y="360" T="undefined" />
	<Point X="335" Y="363" T="undefined" />
	<Point X="337" Y="365" T="undefined" />
	<Point X="339" Y="367" T="undefined" />
	<Point X="340" Y="368" T="undefined" />
	<Point X="342" Y="369" T="undefined" />
	<Point X="343" Y="371" T="undefined" />
	<Point X="344" Y="372" T="undefined" />
	<Point X="344" Y="373" T="undefined" />
	<Point X="345" Y="374" T="undefined" />
	<Point X="347" Y="376" T="undefined" />
	<Point X="347" Y="377" T="undefined" />
	<Point X="348" Y="378" T="undefined" />
	<Point X="349" Y="379" T="undefined" />
	<Point X="351" Y="381" T="undefined" />
	<Point X="352" Y="382" T="undefined" />
	<Point X="353" Y="384" T="undefined" />
	<Point X="354" Y="386" T="undefined" />
	<Point X="356" Y="388" T="undefined" />
	<Point X="357" Y="390" T="undefined" />
	<Point X="359" Y="392" T="undefined" />
	<Point X="360" Y="393" T="undefined" />
	<Point X="361" Y="394" T="undefined" />
	<Point X="362" Y="396" T="undefined" />
	<Point X="363" Y="397" T="undefined" />
	<Point X="364" Y="398" T="undefined" />
	<Point X="364" Y="399" T="undefined" />
	<Point X="365" Y="400" T="undefined" />
	<Point X="366" Y="400" T="undefined" />
	<Point X="366" Y="399" T="undefined" />
	<Point X="366" Y="398" T="undefined" />
	<Point X="367" Y="395" T="undefined" />
	<Point X="367" Y="393" T="undefined" />
	<Point X="368" Y="390" T="undefined" />
	<Point X="368" Y="387" T="undefined" />
	<Point X="369" Y="382" T="undefined" />
	<Point X="369" Y="376" T="undefined" />
	<Point X="370" Y="367" T="undefined" />
	<Point X="370" Y="360" T="undefined" />
	<Point X="370" Y="351" T="undefined" />
	<Point X="370" Y="342" T="undefined" />
	<Point X="370" Y="334" T="undefined" />
	<Point X="370" Y="326" T="undefined" />
	<Point X="370" Y="318" T="undefined" />
	<Point X="370" Y="310" T="undefined" />
	<Point X="370" Y="303" T="undefined" />
	<Point X="370" Y="296" T="undefined" />
	<Point X="370" Y="288" T="undefined" />
	<Point X="370" Y="282" T="undefined" />
	<Point X="370" Y="276" T="undefined" />
	<Point X="371" Y="268" T="undefined" />
	<Point X="371" Y="262" T="undefined" />
	<Point X="371" Y="256" T="undefined" />
	<Point X="371" Y="250" T="undefined" />
	<Point X="372" Y="245" T="undefined" />
	<Point X="372" Y="239" T="undefined" />
	<Point X="372" Y="233" T="undefined" />
	<Point X="372" Y="228" T="undefined" />
	<Point X="372" Y="223" T="undefined" />
	<Point X="372" Y="219" T="undefined" />
	<Point X="372" Y="214" T="undefined" />
	<Point X="372" Y="209" T="undefined" />
	<Point X="372" Y="204" T="undefined" />
	<Point X="372" Y="200" T="undefined" />
	<Point X="372" Y="196" T="undefined" />
	<Point X="372" Y="192" T="undefined" />
	<Point X="372" Y="188" T="undefined" />
	<Point X="373" Y="184" T="undefined" />
	<Point X="373" Y="180" T="undefined" />
	<Point X="373" Y="177" T="undefined" />
	<Point X="373" Y="173" T="undefined" />
	<Point X="373" Y="169" T="undefined" />
	<Point X="373" Y="166" T="undefined" />
	<Point X="373" Y="163" T="undefined" />
	<Point X="373" Y="161" T="undefined" />
	<Point X="373" Y="159" T="undefined" />
	<Point X="373" Y="157" T="undefined" />
	<Point X="373" Y="155" T="undefined" />
	<Point X="373" Y="153" T="undefined" />
	<Point X="373" Y="152" T="undefined" />
	<Point X="373" Y="151" T="undefined" />
	<Point X="373" Y="149" T="undefined" />
	<Point X="373" Y="148" T="undefined" />
	<Point X="373" Y="147" T="undefined" />
	<Point X="373" Y="145" T="undefined" />
	<Point X="373" Y="144" T="undefined" />
	<Point X="373" Y="143" T="undefined" />
	<Point X="373" Y="141" T="undefined" />
	<Point X="373" Y="140" T="undefined" />
	<Point X="373" Y="139" T="undefined" />
	<Point X="373" Y="138" T="undefined" />
	<Point X="373" Y="137" T="undefined" />
	<Point X="373" Y="136" T="undefined" />
	<Point X="373" Y="135" T="undefined" />
	<Point X="373" Y="134" T="undefined" />
	<Point X="373" Y="133" T="undefined" />
	<Point X="373" Y="132" T="undefined" />
	<Point X="373" Y="133" T="undefined" />
	<Point X="373" Y="134" T="undefined" />
	<Point X="373" Y="135" T="undefined" />
	<Point X="372" Y="136" T="undefined" />
	<Point X="371" Y="138" T="undefined" />
	<Point X="369" Y="140" T="undefined" />
	<Point X="367" Y="143" T="undefined" />
	<Point X="365" Y="147" T="undefined" />
	<Point X="362" Y="150" T="undefined" />
	<Point X="360" Y="154" T="undefined" />
	<Point X="357" Y="158" T="undefined" />
	<Point X="353" Y="162" T="undefined" />
	<Point X="350" Y="166" T="undefined" />
	<Point X="346" Y="171" T="undefined" />
	<Point X="343" Y="174" T="undefined" />
	<Point X="340" Y="178" T="undefined" />
	<Point X="336" Y="183" T="undefined" />
	<Point X="332" Y="187" T="undefined" />
	<Point X="328" Y="192" T="undefined" />
	<Point X="324" Y="196" T="undefined" />
	<Point X="320" Y="200" T="undefined" />
	<Point X="316" Y="204" T="undefined" />
	<Point X="310" Y="209" T="undefined" />
	<Point X="306" Y="213" T="undefined" />
	<Point X="300" Y="217" T="undefined" />
	<Point X="296" Y="222" T="undefined" />
	<Point X="291" Y="226" T="undefined" />
	<Point X="287" Y="230" T="undefined" />
	<Point X="282" Y="234" T="undefined" />
	<Point X="277" Y="238" T="undefined" />
	<Point X="271" Y="244" T="undefined" />
	<Point X="267" Y="248" T="undefined" />
	<Point X="263" Y="252" T="undefined" />
	<Point X="258" Y="258" T="undefined" />
	<Point X="254" Y="262" T="undefined" />
	<Point X="250" Y="265" T="undefined" />
	<Point X="246" Y="269" T="undefined" />
	<Point X="241" Y="274" T="undefined" />
	<Point X="238" Y="278" T="undefined" />
	<Point X="233" Y="283" T="undefined" />
	<Point X="231" Y="286" T="undefined" />
	<Point X="228" Y="289" T="undefined" />
	<Point X="225" Y="291" T="undefined" />
	<Point X="221" Y="295" T="undefined" />
	<Point X="218" Y="298" T="undefined" />
	<Point X="216" Y="300" T="undefined" />
	<Point X="213" Y="303" T="undefined" />
	<Point X="210" Y="305" T="undefined" />
	<Point X="208" Y="307" T="undefined" />
	<Point X="206" Y="310" T="undefined" />
	<Point X="203" Y="312" T="undefined" />
	<Point X="201" Y="315" T="undefined" />
	<Point X="199" Y="316" T="undefined" />
	<Point X="198" Y="318" T="undefined" />
	<Point X="196" Y="320" T="undefined" />
	<Point X="194" Y="322" T="undefined" />
	<Point X="192" Y="323" T="undefined" />
	<Point X="191" Y="325" T="undefined" />
	<Point X="189" Y="326" T="undefined" />
	<Point X="187" Y="327" T="undefined" />
	<Point X="186" Y="328" T="undefined" />
	<Point X="184" Y="330" T="undefined" />
	<Point X="183" Y="331" T="undefined" />
	<Point X="183" Y="332" T="undefined" />
	<Point X="182" Y="332" T="undefined" />
	<Point X="180" Y="334" T="undefined" />
	<Point X="179" Y="334" T="undefined" />
	<Point X="179" Y="335" T="undefined" />
	<Point X="178" Y="336" T="undefined" />
	<Point X="177" Y="336" T="undefined" />
	<Point X="177" Y="337" T="undefined" />
	<Point X="176" Y="337" T="undefined" />
	<Point X="175" Y="338" T="undefined" />
	<Point X="174" Y="339" T="undefined" />
	<Point X="174" Y="340" T="undefined" />
	<Point X="173" Y="340" T="undefined" />
	<Point X="173" Y="341" T="undefined" />
	<Point X="172" Y="341" T="undefined" />
	<Point X="171" Y="343" T="undefined" />
	<Point X="170" Y="343" T="undefined" />
	<Point X="169" Y="344" T="undefined" />
	<Point X="168" Y="345" T="undefined" />
	<Point X="167" Y="346" T="undefined" />
	<Point X="166" Y="347" T="undefined" />
	<Point X="165" Y="348" T="undefined" />
	<Point X="164" Y="348" T="undefined" />
	<Point X="164" Y="349" T="undefined" />
	<Point X="163" Y="349" T="undefined" />
	<Point X="162" Y="350" T="undefined" />
	<Point X="162" Y="351" T="undefined" />
	<Point X="161" Y="352" T="undefined" />
	<Point X="160" Y="352" T="undefined" />
	<Point X="159" Y="353" T="undefined" />
	<Point X="158" Y="353" T="undefined" />
	<Point X="157" Y="355" T="undefined" />
	<Point X="156" Y="355" T="undefined" />
	<Point X="156" Y="356" T="undefined" />
	<Point X="155" Y="357" T="undefined" />
	<Point X="154" Y="357" T="undefined" />
	<Point X="153" Y="358" T="undefined" />
	<Point X="152" Y="359" T="undefined" />
	<Point X="151" Y="360" T="undefined" />
	<Point X="150" Y="360" T="undefined" />
	<Point X="150" Y="361" T="undefined" />
	<Point X="149" Y="361" T="undefined" />
	<Point X="148" Y="362" T="undefined" />
	<Point X="147" Y="363" T="undefined" />
	<Point X="146" Y="363" T="undefined" />
	<Point X="146" Y="364" T="undefined" />
	<Point X="145" Y="364" T="undefined" />
	<Point X="145" Y="365" T="undefined" />
	<Point X="144" Y="365" T="undefined" />
	<Point X="144" Y="366" T="undefined" />
	<Point X="143" Y="366" T="undefined" />
	<Point X="142" Y="367" T="undefined" />
	<Point X="142" Y="368" T="undefined" />
	<Point X="141" Y="368" T="undefined" />
</Gesture>