<?xml version="1.0" encoding="utf-8" standalone="yes"?>
<Gesture Name="X3" NumPts="135">
	<Point X="129" Y="132" T="undefined" />
	<Point X="130" Y="132" T="undefined" />
	<Point X="131" Y="132" T="undefined" />
	<Point X="131" Y="133" T="undefined" />
	<Point X="132" Y="134" T="undefined" />
	<Point X="134" Y="135" T="undefined" />
	<Point X="137" Y="137" T="undefined" />
	<Point X="139" Y="139" T="undefined" />
	<Point X="142" Y="142" T="undefined" />
	<Point X="146" Y="145" T="undefined" />
	<Point X="152" Y="149" T="undefined" />
	<Point X="159" Y="155" T="undefined" />
	<Point X="164" Y="161" T="undefined" />
	<Point X="172" Y="168" T="undefined" />
	<Point X="178" Y="175" T="undefined" />
	<Point X="187" Y="185" T="undefined" />
	<Point X="196" Y="194" T="undefined" />
	<Point X="207" Y="206" T="undefined" />
	<Point X="218" Y="219" T="undefined" />
	<Point X="230" Y="233" T="undefined" />
	<Point X="243" Y="247" T="undefined" />
	<Point X="255" Y="261" T="undefined" />
	<Point X="265" Y="272" T="undefined" />
	<Point X="278" Y="285" T="undefined" />
	<Point X="289" Y="298" T="undefined" />
	<Point X="299" Y="308" T="undefined" />
	<Point X="313" Y="321" T="undefined" />
	<Point X="324" Y="332" T="undefined" />
	<Point X="333" Y="339" T="undefined" />
	<Point X="343" Y="348" T="undefined" />
	<Point X="354" Y="357" T="undefined" />
	<Point X="363" Y="364" T="undefined" />
	<Point X="374" Y="374" T="undefined" />
	<Point X="380" Y="379" T="undefined" />
	<Point X="387" Y="385" T="undefined" />
	<Point X="394" Y="391" T="undefined" />
	<Point X="401" Y="396" T="undefined" />
	<Point X="404" Y="399" T="undefined" />
	<Point X="409" Y="404" T="undefined" />
	<Point X="413" Y="407" T="undefined" />
	<Point X="416" Y="410" T="undefined" />
	<Point X="419" Y="412" T="undefined" />
	<Point X="422" Y="415" T="undefined" />
	<Point X="423" Y="416" T="undefined" />
	<Point X="425" Y="417" T="undefined" />
	<Point X="427" Y="419" T="undefined" />
	<Point X="428" Y="420" T="undefined" />
	<Point X="429" Y="421" T="undefined" />
	<Point X="429" Y="422" T="undefined" />
	<Point X="431" Y="423" T="undefined" />
	<Point X="431" Y="424" T="undefined" />
	<Point X="432" Y="424" T="undefined" />
	<Point X="432" Y="423" T="undefined" />
	<Point X="432" Y="422" T="undefined" />
	<Point X="432" Y="420" T="undefined" />
	<Point X="432" Y="417" T="undefined" />
	<Point X="432" Y="411" T="undefined" />
	<Point X="432" Y="407" T="undefined" />
	<Point X="431" Y="399" T="undefined" />
	<Point X="429" Y="392" T="undefined" />
	<Point X="427" Y="381" T="undefined" />
	<Point X="425" Y="371" T="undefined" />
	<Point X="423" Y="360" T="undefined" />
	<Point X="421" Y="348" T="undefined" />
	<Point X="418" Y="337" T="undefined" />
	<Point X="416" Y="326" T="undefined" />
	<Point X="415" Y="313" T="undefined" />
	<Point X="414" Y="303" T="undefined" />
	<Point X="413" Y="290" T="undefined" />
	<Point X="413" Y="281" T="undefined" />
	<Point X="413" Y="269" T="undefined" />
	<Point X="413" Y="260" T="undefined" />
	<Point X="414" Y="249" T="undefined" />
	<Point X="414" Y="239" T="undefined" />
	<Point X="415" Y="230" T="undefined" />
	<Point X="415" Y="222" T="undefined" />
	<Point X="415" Y="214" T="undefined" />
	<Point X="415" Y="208" T="undefined" />
	<Point X="415" Y="202" T="undefined" />
	<Point X="415" Y="195" T="undefined" />
	<Point X="415" Y="190" T="undefined" />
	<Point X="415" Y="185" T="undefined" />
	<Point X="414" Y="180" T="undefined" />
	<Point X="414" Y="175" T="undefined" />
	<Point X="413" Y="172" T="undefined" />
	<Point X="413" Y="168" T="undefined" />
	<Point X="413" Y="165" T="undefined" />
	<Point X="412" Y="163" T="undefined" />
	<Point X="412" Y="161" T="undefined" />
	<Point X="412" Y="160" T="undefined" />
	<Point X="412" Y="159" T="undefined" />
	<Point X="411" Y="159" T="undefined" />
	<Point X="410" Y="159" T="undefined" />
	<Point X="409" Y="161" T="undefined" />
	<Point X="407" Y="163" T="undefined" />
	<Point X="405" Y="165" T="undefined" />
	<Point X="403" Y="168" T="undefined" />
	<Point X="399" Y="173" T="undefined" />
	<Point X="395" Y="179" T="undefined" />
	<Point X="389" Y="185" T="undefined" />
	<Point X="383" Y="193" T="undefined" />
	<Point X="377" Y="201" T="undefined" />
	<Point X="369" Y="210" T="undefined" />
	<Point X="361" Y="221" T="undefined" />
	<Point X="355" Y="230" T="undefined" />
	<Point X="347" Y="241" T="undefined" />
	<Point X="337" Y="254" T="undefined" />
	<Point X="329" Y="266" T="undefined" />
	<Point X="320" Y="280" T="undefined" />
	<Point X="310" Y="292" T="undefined" />
	<Point X="301" Y="305" T="undefined" />
	<Point X="293" Y="316" T="undefined" />
	<Point X="285" Y="327" T="undefined" />
	<Point X="276" Y="337" T="undefined" />
	<Point X="270" Y="346" T="undefined" />
	<Point X="265" Y="352" T="undefined" />
	<Point X="259" Y="360" T="undefined" />
	<Point X="254" Y="367" T="undefined" />
	<Point X="250" Y="373" T="undefined" />
	<Point X="245" Y="379" T="undefined" />
	<Point X="241" Y="383" T="undefined" />
	<Point X="237" Y="388" T="undefined" />
	<Point X="234" Y="391" T="undefined" />
	<Point X="232" Y="394" T="undefined" />
	<Point X="229" Y="397" T="undefined" />
	<Point X="227" Y="400" T="undefined" />
	<Point X="225" Y="402" T="undefined" />
	<Point X="224" Y="404" T="undefined" />
	<Point X="222" Y="406" T="undefined" />
	<Point X="221" Y="408" T="undefined" />
	<Point X="220" Y="409" T="undefined" />
	<Point X="219" Y="410" T="undefined" />
	<Point X="218" Y="411" T="undefined" />
	<Point X="218" Y="412" T="undefined" />
	<Point X="219" Y="412" T="undefined" />
</Gesture>