<?xml version="1.0" encoding="utf-8" standalone="yes"?>
<Gesture Name="X4" NumPts="133">
	<Point X="137" Y="118" T="undefined" />
	<Point X="137" Y="118" T="undefined" />
	<Point X="137" Y="118" T="undefined" />
	<Point X="137" Y="119" T="undefined" />
	<Point X="137" Y="120" T="undefined" />
	<Point X="138" Y="121" T="undefined" />
	<Point X="140" Y="124" T="undefined" />
	<Point X="141" Y="125" T="undefined" />
	<Point X="145" Y="130" T="undefined" />
	<Point X="149" Y="135" T="undefined" />
	<Point X="153" Y="140" T="undefined" />
	<Point X="159" Y="148" T="undefined" />
	<Point X="166" Y="157" T="undefined" />
	<Point X="170" Y="163" T="undefined" />
	<Point X="177" Y="172" T="undefined" />
	<Point X="184" Y="180" T="undefined" />
	<Point X="191" Y="188" T="undefined" />
	<Point X="199" Y="198" T="undefined" />
	<Point X="210" Y="210" T="undefined" />
	<Point X="216" Y="219" T="undefined" />
	<Point X="227" Y="230" T="undefined" />
	<Point X="237" Y="243" T="undefined" />
	<Point X="246" Y="254" T="undefined" />
	<Point X="256" Y="265" T="undefined" />
	<Point X="267" Y="278" T="undefined" />
	<Point X="277" Y="288" T="undefined" />
	<Point X="286" Y="299" T="undefined" />
	<Point X="293" Y="309" T="undefined" />
	<Point X="300" Y="316" T="undefined" />
	<Point X="310" Y="327" T="undefined" />
	<Point X="316" Y="335" T="undefined" />
	<Point X="323" Y="343" T="undefined" />
	<Point X="329" Y="350" T="undefined" />
	<Point X="335" Y="356" T="undefined" />
	<Point X="341" Y="363" T="undefined" />
	<Point X="346" Y="368" T="undefined" />
	<Point X="350" Y="373" T="undefined" />
	<Point X="354" Y="378" T="undefined" />
	<Point X="359" Y="383" T="undefined" />
	<Point X="363" Y="387" T="undefined" />
	<Point X="366" Y="392" T="undefined" />
	<Point X="371" Y="397" T="undefined" />
	<Point X="375" Y="401" T="undefined" />
	<Point X="377" Y="404" T="undefined" />
	<Point X="380" Y="407" T="undefined" />
	<Point X="383" Y="410" T="undefined" />
	<Point X="385" Y="412" T="undefined" />
	<Point X="387" Y="414" T="undefined" />
	<Point X="389" Y="416" T="undefined" />
	<Point X="390" Y="417" T="undefined" />
	<Point X="391" Y="418" T="undefined" />
	<Point X="392" Y="418" T="undefined" />
	<Point X="392" Y="417" T="undefined" />
	<Point X="392" Y="415" T="undefined" />
	<Point X="393" Y="413" T="undefined" />
	<Point X="393" Y="410" T="undefined" />
	<Point X="395" Y="405" T="undefined" />
	<Point X="396" Y="399" T="undefined" />
	<Point X="397" Y="393" T="undefined" />
	<Point X="399" Y="383" T="undefined" />
	<Point X="402" Y="375" T="undefined" />
	<Point X="406" Y="361" T="undefined" />
	<Point X="408" Y="350" T="undefined" />
	<Point X="411" Y="339" T="undefined" />
	<Point X="415" Y="325" T="undefined" />
	<Point X="419" Y="309" T="undefined" />
	<Point X="423" Y="296" T="undefined" />
	<Point X="426" Y="285" T="undefined" />
	<Point X="430" Y="273" T="undefined" />
	<Point X="434" Y="261" T="undefined" />
	<Point X="438" Y="251" T="undefined" />
	<Point X="442" Y="239" T="undefined" />
	<Point X="445" Y="231" T="undefined" />
	<Point X="448" Y="224" T="undefined" />
	<Point X="450" Y="217" T="undefined" />
	<Point X="451" Y="211" T="undefined" />
	<Point X="452" Y="205" T="undefined" />
	<Point X="453" Y="201" T="undefined" />
	<Point X="454" Y="197" T="undefined" />
	<Point X="454" Y="193" T="undefined" />
	<Point X="455" Y="190" T="undefined" />
	<Point X="455" Y="187" T="undefined" />
	<Point X="455" Y="183" T="undefined" />
	<Point X="455" Y="180" T="undefined" />
	<Point X="455" Y="177" T="undefined" />
	<Point X="455" Y="174" T="undefined" />
	<Point X="455" Y="171" T="undefined" />
	<Point X="455" Y="169" T="undefined" />
	<Point X="455" Y="166" T="undefined" />
	<Point X="455" Y="164" T="undefined" />
	<Point X="455" Y="163" T="undefined" />
	<Point X="455" Y="162" T="undefined" />
	<Point X="455" Y="160" T="undefined" />
	<Point X="455" Y="159" T="undefined" />
	<Point X="455" Y="158" T="undefined" />
	<Point X="455" Y="157" T="undefined" />
	<Point X="455" Y="158" T="undefined" />
	<Point X="454" Y="159" T="undefined" />
	<Point X="452" Y="161" T="undefined" />
	<Point X="449" Y="163" T="undefined" />
	<Point X="444" Y="169" T="undefined" />
	<Point X="439" Y="174" T="undefined" />
	<Point X="432" Y="181" T="undefined" />
	<Point X="423" Y="189" T="undefined" />
	<Point X="413" Y="199" T="undefined" />
	<Point X="403" Y="210" T="undefined" />
	<Point X="394" Y="220" T="undefined" />
	<Point X="382" Y="233" T="undefined" />
	<Point X="367" Y="249" T="undefined" />
	<Point X="353" Y="265" T="undefined" />
	<Point X="338" Y="281" T="undefined" />
	<Point X="325" Y="296" T="undefined" />
	<Point X="309" Y="312" T="undefined" />
	<Point X="296" Y="325" T="undefined" />
	<Point X="279" Y="342" T="undefined" />
	<Point X="261" Y="358" T="undefined" />
	<Point X="249" Y="369" T="undefined" />
	<Point X="232" Y="384" T="undefined" />
	<Point X="222" Y="393" T="undefined" />
	<Point X="211" Y="402" T="undefined" />
	<Point X="202" Y="409" T="undefined" />
	<Point X="193" Y="417" T="undefined" />
	<Point X="185" Y="422" T="undefined" />
	<Point X="179" Y="427" T="undefined" />
	<Point X="175" Y="430" T="undefined" />
	<Point X="171" Y="433" T="undefined" />
	<Point X="168" Y="435" T="undefined" />
	<Point X="165" Y="437" T="undefined" />
	<Point X="163" Y="439" T="undefined" />
	<Point X="162" Y="440" T="undefined" />
	<Point X="160" Y="441" T="undefined" />
	<Point X="159" Y="442" T="undefined" />
	<Point X="158" Y="443" T="undefined" />
</Gesture>