<?xml version="1.0" encoding="utf-8" standalone="yes"?>
<Gesture Name="X5" NumPts="116">
	<Point X="193" Y="108" T="undefined" />
	<Point X="193" Y="109" T="undefined" />
	<Point X="193" Y="110" T="undefined" />
	<Point X="194" Y="111" T="undefined" />
	<Point X="195" Y="114" T="undefined" />
	<Point X="196" Y="117" T="undefined" />
	<Point X="198" Y="119" T="undefined" />
	<Point X="201" Y="124" T="undefined" />
	<Point X="204" Y="128" T="undefined" />
	<Point X="206" Y="132" T="undefined" />
	<Point X="210" Y="137" T="undefined" />
	<Point X="214" Y="144" T="undefined" />
	<Point X="219" Y="151" T="undefined" />
	<Point X="224" Y="158" T="undefined" />
	<Point X="231" Y="168" T="undefined" />
	<Point X="237" Y="176" T="undefined" />
	<Point X="246" Y="189" T="undefined" />
	<Point X="255" Y="203" T="undefined" />
	<Point X="263" Y="214" T="undefined" />
	<Point X="271" Y="226" T="undefined" />
	<Point X="279" Y="238" T="undefined" />
	<Point X="288" Y="250" T="undefined" />
	<Point X="299" Y="264" T="undefined" />
	<Point X="308" Y="276" T="undefined" />
	<Point X="316" Y="285" T="undefined" />
	<Point X="325" Y="294" T="undefined" />
	<Point X="332" Y="302" T="undefined" />
	<Point X="339" Y="309" T="undefined" />
	<Point X="344" Y="314" T="undefined" />
	<Point X="350" Y="320" T="undefined" />
	<Point X="356" Y="325" T="undefined" />
	<Point X="359" Y="329" T="undefined" />
	<Point X="362" Y="332" T="undefined" />
	<Point X="365" Y="336" T="undefined" />
	<Point X="368" Y="339" T="undefined" />
	<Point X="371" Y="341" T="undefined" />
	<Point X="372" Y="344" T="undefined" />
	<Point X="374" Y="346" T="undefined" />
	<Point X="375" Y="348" T="undefined" />
	<Point X="377" Y="350" T="undefined" />
	<Point X="377" Y="352" T="undefined" />
	<Point X="379" Y="354" T="undefined" />
	<Point X="380" Y="355" T="undefined" />
	<Point X="380" Y="357" T="undefined" />
	<Point X="381" Y="358" T="undefined" />
	<Point X="382" Y="359" T="undefined" />
	<Point X="383" Y="360" T="undefined" />
	<Point X="383" Y="361" T="undefined" />
	<Point X="384" Y="361" T="undefined" />
	<Point X="384" Y="362" T="undefined" />
	<Point X="385" Y="361" T="undefined" />
	<Point X="386" Y="358" T="undefined" />
	<Point X="387" Y="354" T="undefined" />
	<Point X="388" Y="348" T="undefined" />
	<Point X="390" Y="342" T="undefined" />
	<Point X="392" Y="333" T="undefined" />
	<Point X="394" Y="325" T="undefined" />
	<Point X="396" Y="312" T="undefined" />
	<Point X="398" Y="303" T="undefined" />
	<Point X="399" Y="290" T="undefined" />
	<Point X="400" Y="275" T="undefined" />
	<Point X="400" Y="261" T="undefined" />
	<Point X="401" Y="246" T="undefined" />
	<Point X="401" Y="231" T="undefined" />
	<Point X="401" Y="216" T="undefined" />
	<Point X="402" Y="200" T="undefined" />
	<Point X="402" Y="187" T="undefined" />
	<Point X="402" Y="175" T="undefined" />
	<Point X="403" Y="164" T="undefined" />
	<Point X="403" Y="156" T="undefined" />
	<Point X="404" Y="147" T="undefined" />
	<Point X="405" Y="141" T="undefined" />
	<Point X="405" Y="133" T="undefined" />
	<Point X="406" Y="128" T="undefined" />
	<Point X="406" Y="123" T="undefined" />
	<Point X="407" Y="119" T="undefined" />
	<Point X="408" Y="115" T="undefined" />
	<Point X="408" Y="111" T="undefined" />
	<Point X="408" Y="108" T="undefined" />
	<Point X="408" Y="106" T="undefined" />
	<Point X="408" Y="105" T="undefined" />
	<Point X="407" Y="105" T="undefined" />
	<Point X="406" Y="107" T="undefined" />
	<Point X="403" Y="109" T="undefined" />
	<Point X="401" Y="112" T="undefined" />
	<Point X="395" Y="117" T="undefined" />
	<Point X="389" Y="122" T="undefined" />
	<Point X="383" Y="128" T="undefined" />
	<Point X="374" Y="137" T="undefined" />
	<Point X="365" Y="146" T="undefined" />
	<Point X="353" Y="156" T="undefined" />
	<Point X="340" Y="171" T="undefined" />
	<Point X="328" Y="184" T="undefined" />
	<Point X="315" Y="199" T="undefined" />
	<Point X="302" Y="214" T="undefined" />
	<Point X="290" Y="228" T="undefined" />
	<Point X="274" Y="247" T="undefined" />
	<Point X="261" Y="264" T="undefined" />
	<Point X="249" Y="277" T="undefined" />
	<Point X="237" Y="292" T="undefined" />
	<Point X="227" Y="302" T="undefined" />
	<Point X="221" Y="311" T="undefined" />
	<Point X="213" Y="322" T="undefined" />
	<Point X="208" Y="327" T="undefined" />
	<Point X="204" Y="332" T="undefined" />
	<Point X="201" Y="337" T="undefined" />
	<Point X="198" Y="341" T="undefined" />
	<Point X="197" Y="344" T="undefined" />
	<Point X="195" Y="346" T="undefined" />
	<Point X="194" Y="348" T="undefined" />
	<Point X="193" Y="350" T="undefined" />
	<Point X="193" Y="352" T="undefined" />
	<Point X="192" Y="353" T="undefined" />
	<Point X="191" Y="353" T="undefined" />
	<Point X="191" Y="354" T="undefined" />
	<Point X="192" Y="354" T="undefined" />
</Gesture>