<?xml version="1.0" encoding="utf-8" standalone="yes"?>
<Gesture Name="X7" NumPts="135">
	<Point X="150" Y="158" T="undefined" />
	<Point X="150" Y="158" T="undefined" />
	<Point X="151" Y="158" T="undefined" />
	<Point X="151" Y="158" T="undefined" />
	<Point X="155" Y="159" T="undefined" />
	<Point X="157" Y="160" T="undefined" />
	<Point X="161" Y="163" T="undefined" />
	<Point X="165" Y="166" T="undefined" />
	<Point X="170" Y="170" T="undefined" />
	<Point X="175" Y="174" T="undefined" />
	<Point X="183" Y="180" T="undefined" />
	<Point X="191" Y="187" T="undefined" />
	<Point X="200" Y="196" T="undefined" />
	<Point X="209" Y="205" T="undefined" />
	<Point X="220" Y="215" T="undefined" />
	<Point X="232" Y="229" T="undefined" />
	<Point X="249" Y="249" T="undefined" />
	<Point X="256" Y="257" T="undefined" />
	<Point X="268" Y="270" T="undefined" />
	<Point X="285" Y="290" T="undefined" />
	<Point X="299" Y="307" T="undefined" />
	<Point X="313" Y="323" T="undefined" />
	<Point X="330" Y="342" T="undefined" />
	<Point X="339" Y="353" T="undefined" />
	<Point X="353" Y="367" T="undefined" />
	<Point X="367" Y="381" T="undefined" />
	<Point X="376" Y="390" T="undefined" />
	<Point X="386" Y="399" T="undefined" />
	<Point X="396" Y="407" T="undefined" />
	<Point X="401" Y="410" T="undefined" />
	<Point X="406" Y="414" T="undefined" />
	<Point X="410" Y="416" T="undefined" />
	<Point X="413" Y="418" T="undefined" />
	<Point X="415" Y="419" T="undefined" />
	<Point X="416" Y="420" T="undefined" />
	<Point X="417" Y="421" T="undefined" />
	<Point X="418" Y="420" T="undefined" />
	<Point X="418" Y="419" T="undefined" />
	<Point X="418" Y="416" T="undefined" />
	<Point X="419" Y="413" T="undefined" />
	<Point X="420" Y="409" T="undefined" />
	<Point X="420" Y="402" T="undefined" />
	<Point X="421" Y="398" T="undefined" />
	<Point X="421" Y="393" T="undefined" />
	<Point X="421" Y="386" T="undefined" />
	<Point X="421" Y="376" T="undefined" />
	<Point X="422" Y="365" T="undefined" />
	<Point X="422" Y="354" T="undefined" />
	<Point X="423" Y="344" T="undefined" />
	<Point X="423" Y="331" T="undefined" />
	<Point X="425" Y="322" T="undefined" />
	<Point X="425" Y="312" T="undefined" />
	<Point X="428" Y="300" T="undefined" />
	<Point X="429" Y="291" T="undefined" />
	<Point X="430" Y="282" T="undefined" />
	<Point X="432" Y="273" T="undefined" />
	<Point X="433" Y="265" T="undefined" />
	<Point X="434" Y="257" T="undefined" />
	<Point X="435" Y="251" T="undefined" />
	<Point X="436" Y="245" T="undefined" />
	<Point X="437" Y="240" T="undefined" />
	<Point X="438" Y="234" T="undefined" />
	<Point X="438" Y="230" T="undefined" />
	<Point X="438" Y="226" T="undefined" />
	<Point X="439" Y="223" T="undefined" />
	<Point X="439" Y="221" T="undefined" />
	<Point X="439" Y="219" T="undefined" />
	<Point X="439" Y="218" T="undefined" />
	<Point X="439" Y="217" T="undefined" />
	<Point X="439" Y="216" T="undefined" />
	<Point X="439" Y="215" T="undefined" />
	<Point X="439" Y="214" T="undefined" />
	<Point X="439" Y="213" T="undefined" />
	<Point X="439" Y="212" T="undefined" />
	<Point X="439" Y="211" T="undefined" />
	<Point X="439" Y="210" T="undefined" />
	<Point X="439" Y="209" T="undefined" />
	<Point X="439" Y="208" T="undefined" />
	<Point X="439" Y="207" T="undefined" />
	<Point X="439" Y="206" T="undefined" />
	<Point X="439" Y="205" T="undefined" />
	<Point X="439" Y="204" T="undefined" />
	<Point X="439" Y="203" T="undefined" />
	<Point X="439" Y="202" T="undefined" />
	<Point X="439" Y="200" T="undefined" />
	<Point X="439" Y="199" T="undefined" />
	<Point X="439" Y="198" T="undefined" />
	<Point X="439" Y="197" T="undefined" />
	<Point X="439" Y="195" T="undefined" />
	<Point X="439" Y="194" T="undefined" />
	<Point X="439" Y="193" T="undefined" />
	<Point X="439" Y="192" T="undefined" />
	<Point X="439" Y="191" T="undefined" />
	<Point X="439" Y="190" T="undefined" />
	<Point X="438" Y="190" T="undefined" />
	<Point X="437" Y="190" T="undefined" />
	<Point X="436" Y="192" T="undefined" />
	<Point X="434" Y="194" T="undefined" />
	<Point X="433" Y="196" T="undefined" />
	<Point X="431" Y="198" T="undefined" />
	<Point X="427" Y="202" T="undefined" />
	<Point X="424" Y="206" T="undefined" />
	<Point X="419" Y="211" T="undefined" />
	<Point X="413" Y="220" T="undefined" />
	<Point X="406" Y="226" T="undefined" />
	<Point X="399" Y="234" T="undefined" />
	<Point X="389" Y="245" T="undefined" />
	<Point X="379" Y="255" T="undefined" />
	<Point X="368" Y="266" T="undefined" />
	<Point X="356" Y="277" T="undefined" />
	<Point X="345" Y="288" T="undefined" />
	<Point X="331" Y="301" T="undefined" />
	<Point X="322" Y="310" T="undefined" />
	<Point X="307" Y="324" T="undefined" />
	<Point X="294" Y="336" T="undefined" />
	<Point X="284" Y="345" T="undefined" />
	<Point X="274" Y="354" T="undefined" />
	<Point X="260" Y="368" T="undefined" />
	<Point X="252" Y="375" T="undefined" />
	<Point X="241" Y="385" T="undefined" />
	<Point X="231" Y="394" T="undefined" />
	<Point X="223" Y="401" T="undefined" />
	<Point X="216" Y="406" T="undefined" />
	<Point X="210" Y="412" T="undefined" />
	<Point X="205" Y="416" T="undefined" />
	<Point X="201" Y="420" T="undefined" />
	<Point X="197" Y="423" T="undefined" />
	<Point X="193" Y="425" T="undefined" />
	<Point X="190" Y="427" T="undefined" />
	<Point X="188" Y="428" T="undefined" />
	<Point X="185" Y="429" T="undefined" />
	<Point X="183" Y="431" T="undefined" />
	<Point X="182" Y="432" T="undefined" />
	<Point X="181" Y="432" T="undefined" />
	<Point X="180" Y="432" T="undefined" />
</Gesture>