<?xml version="1.0" encoding="utf-8" standalone="yes"?>
<Gesture Name="X8" NumPts="100">
	<Point X="152" Y="143" T="undefined" />
	<Point X="152" Y="143" T="undefined" />
	<Point X="153" Y="143" T="undefined" />
	<Point X="153" Y="144" T="undefined" />
	<Point X="154" Y="146" T="undefined" />
	<Point X="157" Y="149" T="undefined" />
	<Point X="161" Y="155" T="undefined" />
	<Point X="164" Y="160" T="undefined" />
	<Point X="168" Y="164" T="undefined" />
	<Point X="179" Y="180" T="undefined" />
	<Point X="183" Y="185" T="undefined" />
	<Point X="192" Y="197" T="undefined" />
	<Point X="204" Y="214" T="undefined" />
	<Point X="210" Y="223" T="undefined" />
	<Point X="221" Y="238" T="undefined" />
	<Point X="233" Y="254" T="undefined" />
	<Point X="243" Y="268" T="undefined" />
	<Point X="256" Y="285" T="undefined" />
	<Point X="268" Y="304" T="undefined" />
	<Point X="278" Y="317" T="undefined" />
	<Point X="287" Y="331" T="undefined" />
	<Point X="298" Y="346" T="undefined" />
	<Point X="306" Y="357" T="undefined" />
	<Point X="314" Y="367" T="undefined" />
	<Point X="322" Y="379" T="undefined" />
	<Point X="327" Y="386" T="undefined" />
	<Point X="333" Y="394" T="undefined" />
	<Point X="337" Y="399" T="undefined" />
	<Point X="340" Y="404" T="undefined" />
	<Point X="342" Y="407" T="undefined" />
	<Point X="343" Y="410" T="undefined" />
	<Point X="345" Y="412" T="undefined" />
	<Point X="345" Y="413" T="undefined" />
	<Point X="345" Y="414" T="undefined" />
	<Point X="345" Y="413" T="undefined" />
	<Point X="346" Y="411" T="undefined" />
	<Point X="346" Y="410" T="undefined" />
	<Point X="346" Y="405" T="undefined" />
	<Point X="347" Y="401" T="undefined" />
	<Point X="348" Y="394" T="undefined" />
	<Point X="349" Y="389" T="undefined" />
	<Point X="350" Y="380" T="undefined" />
	<Point X="350" Y="373" T="undefined" />
	<Point X="350" Y="363" T="undefined" />
	<Point X="350" Y="353" T="undefined" />
	<Point X="350" Y="343" T="undefined" />
	<Point X="350" Y="332" T="undefined" />
	<Point X="350" Y="321" T="undefined" />
	<Point X="349" Y="308" T="undefined" />
	<Point X="348" Y="296" T="undefined" />
	<Point X="348" Y="283" T="undefined" />
	<Point X="348" Y="275" T="undefined" />
	<Point X="348" Y="264" T="undefined" />
	<Point X="348" Y="255" T="undefined" />
	<Point X="348" Y="247" T="undefined" />
	<Point X="349" Y="239" T="undefined" />
	<Point X="350" Y="231" T="undefined" />
	<Point X="351" Y="225" T="undefined" />
	<Point X="352" Y="219" T="undefined" />
	<Point X="352" Y="214" T="undefined" />
	<Point X="352" Y="210" T="undefined" />
	<Point X="353" Y="206" T="undefined" />
	<Point X="353" Y="203" T="undefined" />
	<Point X="353" Y="201" T="undefined" />
	<Point X="353" Y="198" T="undefined" />
	<Point X="353" Y="196" T="undefined" />
	<Point X="353" Y="194" T="undefined" />
	<Point X="353" Y="193" T="undefined" />
	<Point X="353" Y="192" T="undefined" />
	<Point X="353" Y="191" T="undefined" />
	<Point X="353" Y="192" T="undefined" />
	<Point X="351" Y="194" T="undefined" />
	<Point X="349" Y="196" T="undefined" />
	<Point X="347" Y="198" T="undefined" />
	<Point X="344" Y="202" T="undefined" />
	<Point X="339" Y="208" T="undefined" />
	<Point X="334" Y="213" T="undefined" />
	<Point X="326" Y="222" T="undefined" />
	<Point X="319" Y="230" T="undefined" />
	<Point X="311" Y="240" T="undefined" />
	<Point X="299" Y="253" T="undefined" />
	<Point X="290" Y="263" T="undefined" />
	<Point X="279" Y="275" T="undefined" />
	<Point X="268" Y="290" T="undefined" />
	<Point X="256" Y="303" T="undefined" />
	<Point X="244" Y="319" T="undefined" />
	<Point X="234" Y="331" T="undefined" />
	<Point X="222" Y="347" T="undefined" />
	<Point X="213" Y="357" T="undefined" />
	<Point X="207" Y="365" T="undefined" />
	<Point X="200" Y="374" T="undefined" />
	<Point X="195" Y="380" T="undefined" />
	<Point X="191" Y="384" T="undefined" />
	<Point X="187" Y="388" T="undefined" />
	<Point X="185" Y="391" T="undefined" />
	<Point X="181" Y="395" T="undefined" />
	<Point X="179" Y="396" T="undefined" />
	<Point X="177" Y="399" T="undefined" />
	<Point X="175" Y="400" T="undefined" />
	<Point X="174" Y="402" T="undefined" />
</Gesture>