<?xml version="1.0" encoding="utf-8" standalone="yes"?>
<Gesture Name="X9" NumPts="96">
	<Point X="123" Y="125" T="undefined" />
	<Point X="124" Y="125" T="undefined" />
	<Point X="125" Y="127" T="undefined" />
	<Point X="128" Y="130" T="undefined" />
	<Point X="130" Y="132" T="undefined" />
	<Point X="135" Y="136" T="undefined" />
	<Point X="139" Y="140" T="undefined" />
	<Point X="145" Y="145" T="undefined" />
	<Point X="152" Y="152" T="undefined" />
	<Point X="161" Y="161" T="undefined" />
	<Point X="171" Y="171" T="undefined" />
	<Point X="182" Y="182" T="undefined" />
	<Point X="197" Y="197" T="undefined" />
	<Point X="211" Y="211" T="undefined" />
	<Point X="224" Y="226" T="undefined" />
	<Point X="241" Y="243" T="undefined" />
	<Point X="261" Y="261" T="undefined" />
	<Point X="275" Y="275" T="undefined" />
	<Point X="290" Y="288" T="undefined" />
	<Point X="309" Y="304" T="undefined" />
	<Point X="324" Y="315" T="undefined" />
	<Point X="336" Y="323" T="undefined" />
	<Point X="352" Y="335" T="undefined" />
	<Point X="366" Y="343" T="undefined" />
	<Point X="375" Y="348" T="undefined" />
	<Point X="384" Y="354" T="undefined" />
	<Point X="391" Y="358" T="undefined" />
	<Point X="398" Y="361" T="undefined" />
	<Point X="402" Y="364" T="undefined" />
	<Point X="407" Y="365" T="undefined" />
	<Point X="410" Y="367" T="undefined" />
	<Point X="413" Y="368" T="undefined" />
	<Point X="416" Y="368" T="undefined" />
	<Point X="417" Y="368" T="undefined" />
	<Point X="418" Y="368" T="undefined" />
	<Point X="419" Y="366" T="undefined" />
	<Point X="420" Y="363" T="undefined" />
	<Point X="421" Y="359" T="undefined" />
	<Point X="422" Y="354" T="undefined" />
	<Point X="424" Y="349" T="undefined" />
	<Point X="425" Y="344" T="undefined" />
	<Point X="426" Y="338" T="undefined" />
	<Point X="426" Y="332" T="undefined" />
	<Point X="426" Y="325" T="undefined" />
	<Point X="427" Y="314" T="undefined" />
	<Point X="427" Y="305" T="undefined" />
	<Point X="427" Y="292" T="undefined" />
	<Point X="427" Y="281" T="undefined" />
	<Point X="425" Y="266" T="undefined" />
	<Point X="424" Y="252" T="undefined" />
	<Point X="422" Y="240" T="undefined" />
	<Point X="422" Y="227" T="undefined" />
	<Point X="421" Y="211" T="undefined" />
	<Point X="421" Y="201" T="undefined" />
	<Point X="421" Y="192" T="undefined" />
	<Point X="423" Y="181" T="undefined" />
	<Point X="425" Y="170" T="undefined" />
	<Point X="427" Y="163" T="undefined" />
	<Point X="428" Y="157" T="undefined" />
	<Point X="430" Y="152" T="undefined" />
	<Point X="431" Y="148" T="undefined" />
	<Point X="431" Y="145" T="undefined" />
	<Point X="431" Y="143" T="undefined" />
	<Point X="431" Y="141" T="undefined" />
	<Point X="431" Y="140" T="undefined" />
	<Point X="431" Y="139" T="undefined" />
	<Point X="430" Y="139" T="undefined" />
	<Point X="429" Y="139" T="undefined" />
	<Point X="427" Y="140" T="undefined" />
	<Point X="424" Y="143" T="undefined" />
	<Point X="420" Y="146" T="undefined" />
	<Point X="416" Y="149" T="undefined" />
	<Point X="409" Y="154" T="undefined" />
	<Point X="400" Y="160" T="undefined" />
	<Point X="386" Y="171" T="undefined" />
	<Point X="374" Y="180" T="undefined" />
	<Point X="358" Y="192" T="undefined" />
	<Point X="342" Y="205" T="undefined" />
	<Point X="321" Y="222" T="undefined" />
	<Point X="302" Y="237" T="undefined" />
	<Point X="278" Y="257" T="undefined" />
	<Point X="255" Y="275" T="undefined" />
	<Point X="232" Y="295" T="undefined" />
	<Point X="214" Y="310" T="undefined" />
	<Point X="196" Y="327" T="undefined" />
	<Point X="179" Y="343" T="undefined" />
	<Point X="165" Y="356" T="undefined" />
	<Point X="153" Y="370" T="undefined" />
	<Point X="144" Y="380" T="undefined" />
	<Point X="137" Y="388" T="undefined" />
	<Point X="133" Y="393" T="undefined" />
	<Point X="130" Y="396" T="undefined" />
	<Point X="129" Y="398" T="undefined" />
	<Point X="128" Y="400" T="undefined" />
	<Point X="127" Y="400" T="undefined" />
	<Point X="128" Y="400" T="undefined" />
</Gesture>