<?xml version="1.0" encoding="utf-8" standalone="yes"?>
<Gesture Name="Zigzag1" NumPts="190">
	<Point X="225" Y="105" T="undefined" />
	<Point X="225" Y="106" T="undefined" />
	<Point X="226" Y="106" T="undefined" />
	<Point X="226" Y="107" T="undefined" />
	<Point X="227" Y="107" T="undefined" />
	<Point X="227" Y="108" T="undefined" />
	<Point X="228" Y="108" T="undefined" />
	<Point X="229" Y="109" T="undefined" />
	<Point X="230" Y="110" T="undefined" />
	<Point X="232" Y="111" T="undefined" />
	<Point X="234" Y="112" T="undefined" />
	<Point X="236" Y="114" T="undefined" />
	<Point X="238" Y="115" T="undefined" />
	<Point X="240" Y="116" T="undefined" />
	<Point X="243" Y="118" T="undefined" />
	<Point X="246" Y="120" T="undefined" />
	<Point X="248" Y="122" T="undefined" />
	<Point X="251" Y="124" T="undefined" />
	<Point X="254" Y="126" T="undefined" />
	<Point X="257" Y="128" T="undefined" />
	<Point X="260" Y="130" T="undefined" />
	<Point X="263" Y="132" T="undefined" />
	<Point X="267" Y="133" T="undefined" />
	<Point X="270" Y="135" T="undefined" />
	<Point X="273" Y="138" T="undefined" />
	<Point X="277" Y="139" T="undefined" />
	<Point X="281" Y="141" T="undefined" />
	<Point X="284" Y="143" T="undefined" />
	<Point X="287" Y="144" T="undefined" />
	<Point X="289" Y="145" T="undefined" />
	<Point X="291" Y="146" T="undefined" />
	<Point X="293" Y="147" T="undefined" />
	<Point X="295" Y="148" T="undefined" />
	<Point X="296" Y="148" T="undefined" />
	<Point X="297" Y="148" T="undefined" />
	<Point X="297" Y="149" T="undefined" />
	<Point X="297" Y="150" T="undefined" />
	<Point X="297" Y="151" T="undefined" />
	<Point X="297" Y="152" T="undefined" />
	<Point X="296" Y="153" T="undefined" />
	<Point X="294" Y="154" T="undefined" />
	<Point X="292" Y="156" T="undefined" />
	<Point X="290" Y="158" T="undefined" />
	<Point X="287" Y="159" T="undefined" />
	<Point X="285" Y="161" T="undefined" />
	<Point X="283" Y="163" T="undefined" />
	<Point X="279" Y="166" T="undefined" />
	<Point X="275" Y="167" T="undefined" />
	<Point X="271" Y="170" T="undefined" />
	<Point X="267" Y="172" T="undefined" />
	<Point X="263" Y="174" T="undefined" />
	<Point X="258" Y="176" T="undefined" />
	<Point X="253" Y="179" T="undefined" />
	<Point X="248" Y="181" T="undefined" />
	<Point X="243" Y="184" T="undefined" />
	<Point X="239" Y="186" T="undefined" />
	<Point X="235" Y="188" T="undefined" />
	<Point X="231" Y="190" T="undefined" />
	<Point X="227" Y="191" T="undefined" />
	<Point X="224" Y="193" T="undefined" />
	<Point X="220" Y="194" T="undefined" />
	<Point X="218" Y="195" T="undefined" />
	<Point X="215" Y="196" T="undefined" />
	<Point X="213" Y="197" T="undefined" />
	<Point X="211" Y="198" T="undefined" />
	<Point X="209" Y="199" T="undefined" />
	<Point X="208" Y="200" T="undefined" />
	<Point X="207" Y="200" T="undefined" />
	<Point X="205" Y="200" T="undefined" />
	<Point X="205" Y="201" T="undefined" />
	<Point X="204" Y="201" T="undefined" />
	<Point X="205" Y="201" T="undefined" />
	<Point X="206" Y="201" T="undefined" />
	<Point X="208" Y="201" T="undefined" />
	<Point X="211" Y="201" T="undefined" />
	<Point X="213" Y="202" T="undefined" />
	<Point X="216" Y="202" T="undefined" />
	<Point X="219" Y="202" T="undefined" />
	<Point X="223" Y="203" T="undefined" />
	<Point X="227" Y="204" T="undefined" />
	<Point X="231" Y="204" T="undefined" />
	<Point X="235" Y="205" T="undefined" />
	<Point X="240" Y="205" T="undefined" />
	<Point X="245" Y="206" T="undefined" />
	<Point X="249" Y="207" T="undefined" />
	<Point X="254" Y="208" T="undefined" />
	<Point X="258" Y="209" T="undefined" />
	<Point X="262" Y="209" T="undefined" />
	<Point X="267" Y="210" T="undefined" />
	<Point X="271" Y="211" T="undefined" />
	<Point X="276" Y="212" T="undefined" />
	<Point X="281" Y="213" T="undefined" />
	<Point X="285" Y="214" T="undefined" />
	<Point X="289" Y="214" T="undefined" />
	<Point X="292" Y="215" T="undefined" />
	<Point X="295" Y="216" T="undefined" />
	<Point X="299" Y="217" T="undefined" />
	<Point X="301" Y="217" T="undefined" />
	<Point X="303" Y="218" T="undefined" />
	<Point X="305" Y="218" T="undefined" />
	<Point X="307" Y="218" T="undefined" />
	<Point X="308" Y="219" T="undefined" />
	<Point X="309" Y="219" T="undefined" />
	<Point X="311" Y="219" T="undefined" />
	<Point X="312" Y="219" T="undefined" />
	<Point X="312" Y="220" T="undefined" />
	<Point X="313" Y="220" T="undefined" />
	<Point X="313" Y="221" T="undefined" />
	<Point X="313" Y="222" T="undefined" />
	<Point X="312" Y="222" T="undefined" />
	<Point X="310" Y="224" T="undefined" />
	<Point X="308" Y="225" T="undefined" />
	<Point X="304" Y="227" T="undefined" />
	<Point X="301" Y="229" T="undefined" />
	<Point X="296" Y="232" T="undefined" />
	<Point X="291" Y="234" T="undefined" />
	<Point X="287" Y="237" T="undefined" />
	<Point X="281" Y="239" T="undefined" />
	<Point X="275" Y="242" T="undefined" />
	<Point X="269" Y="244" T="undefined" />
	<Point X="264" Y="247" T="undefined" />
	<Point X="257" Y="250" T="undefined" />
	<Point X="252" Y="252" T="undefined" />
	<Point X="245" Y="255" T="undefined" />
	<Point X="240" Y="257" T="undefined" />
	<Point X="235" Y="259" T="undefined" />
	<Point X="232" Y="261" T="undefined" />
	<Point X="229" Y="262" T="undefined" />
	<Point X="227" Y="263" T="undefined" />
	<Point X="225" Y="264" T="undefined" />
	<Point X="226" Y="264" T="undefined" />
	<Point X="227" Y="264" T="undefined" />
	<Point X="228" Y="265" T="undefined" />
	<Point X="230" Y="265" T="undefined" />
	<Point X="233" Y="265" T="undefined" />
	<Point X="236" Y="267" T="undefined" />
	<Point X="241" Y="267" T="undefined" />
	<Point X="246" Y="268" T="undefined" />
	<Point X="250" Y="269" T="undefined" />
	<Point X="256" Y="270" T="undefined" />
	<Point X="261" Y="271" T="undefined" />
	<Point X="265" Y="271" T="undefined" />
	<Point X="270" Y="272" T="undefined" />
	<Point X="274" Y="273" T="undefined" />
	<Point X="277" Y="274" T="undefined" />
	<Point X="279" Y="274" T="undefined" />
	<Point X="281" Y="274" T="undefined" />
	<Point X="284" Y="275" T="undefined" />
	<Point X="286" Y="275" T="undefined" />
	<Point X="288" Y="276" T="undefined" />
	<Point X="289" Y="276" T="undefined" />
	<Point X="290" Y="277" T="undefined" />
	<Point X="291" Y="277" T="undefined" />
	<Point X="293" Y="278" T="undefined" />
	<Point X="294" Y="278" T="undefined" />
	<Point X="295" Y="279" T="undefined" />
	<Point X="297" Y="279" T="undefined" />
	<Point X="298" Y="279" T="undefined" />
	<Point X="298" Y="280" T="undefined" />
	<Point X="298" Y="281" T="undefined" />
	<Point X="298" Y="282" T="undefined" />
	<Point X="298" Y="283" T="undefined" />
	<Point X="296" Y="284" T="undefined" />
	<Point X="294" Y="286" T="undefined" />
	<Point X="290" Y="288" T="undefined" />
	<Point X="286" Y="291" T="undefined" />
	<Point X="281" Y="294" T="undefined" />
	<Point X="275" Y="298" T="undefined" />
	<Point X="269" Y="302" T="undefined" />
	<Point X="263" Y="306" T="undefined" />
	<Point X="258" Y="310" T="undefined" />
	<Point X="252" Y="314" T="undefined" />
	<Point X="247" Y="318" T="undefined" />
	<Point X="241" Y="322" T="undefined" />
	<Point X="236" Y="326" T="undefined" />
	<Point X="232" Y="329" T="undefined" />
	<Point X="228" Y="332" T="undefined" />
	<Point X="224" Y="335" T="undefined" />
	<Point X="220" Y="338" T="undefined" />
	<Point X="216" Y="340" T="undefined" />
	<Point X="213" Y="343" T="undefined" />
	<Point X="209" Y="345" T="undefined" />
	<Point X="206" Y="348" T="undefined" />
	<Point X="202" Y="350" T="undefined" />
	<Point X="200" Y="352" T="undefined" />
	<Point X="197" Y="353" T="undefined" />
	<Point X="195" Y="355" T="undefined" />
	<Point X="193" Y="356" T="undefined" />
	<Point X="192" Y="357" T="undefined" />
	<Point X="191" Y="358" T="undefined" />
</Gesture>