<?xml version="1.0" encoding="utf-8" standalone="yes"?>
<Gesture Name="Zigzag5" NumPts="222">
	<Point X="168" Y="108" T="undefined" />
	<Point X="169" Y="108" T="undefined" />
	<Point X="170" Y="108" T="undefined" />
	<Point X="171" Y="108" T="undefined" />
	<Point X="172" Y="109" T="undefined" />
	<Point X="175" Y="110" T="undefined" />
	<Point X="177" Y="111" T="undefined" />
	<Point X="181" Y="114" T="undefined" />
	<Point X="186" Y="116" T="undefined" />
	<Point X="190" Y="120" T="undefined" />
	<Point X="195" Y="123" T="undefined" />
	<Point X="201" Y="127" T="undefined" />
	<Point X="209" Y="132" T="undefined" />
	<Point X="216" Y="137" T="undefined" />
	<Point X="222" Y="142" T="undefined" />
	<Point X="229" Y="147" T="undefined" />
	<Point X="238" Y="154" T="undefined" />
	<Point X="245" Y="160" T="undefined" />
	<Point X="253" Y="167" T="undefined" />
	<Point X="261" Y="173" T="undefined" />
	<Point X="268" Y="178" T="undefined" />
	<Point X="276" Y="184" T="undefined" />
	<Point X="283" Y="189" T="undefined" />
	<Point X="289" Y="193" T="undefined" />
	<Point X="293" Y="197" T="undefined" />
	<Point X="297" Y="200" T="undefined" />
	<Point X="300" Y="203" T="undefined" />
	<Point X="301" Y="204" T="undefined" />
	<Point X="303" Y="206" T="undefined" />
	<Point X="303" Y="207" T="undefined" />
	<Point X="303" Y="208" T="undefined" />
	<Point X="303" Y="209" T="undefined" />
	<Point X="303" Y="210" T="undefined" />
	<Point X="303" Y="211" T="undefined" />
	<Point X="302" Y="212" T="undefined" />
	<Point X="300" Y="214" T="undefined" />
	<Point X="298" Y="215" T="undefined" />
	<Point X="294" Y="218" T="undefined" />
	<Point X="290" Y="220" T="undefined" />
	<Point X="285" Y="223" T="undefined" />
	<Point X="280" Y="226" T="undefined" />
	<Point X="273" Y="229" T="undefined" />
	<Point X="266" Y="231" T="undefined" />
	<Point X="255" Y="235" T="undefined" />
	<Point X="244" Y="238" T="undefined" />
	<Point X="233" Y="240" T="undefined" />
	<Point X="225" Y="243" T="undefined" />
	<Point X="215" Y="245" T="undefined" />
	<Point X="204" Y="248" T="undefined" />
	<Point X="194" Y="250" T="undefined" />
	<Point X="185" Y="252" T="undefined" />
	<Point X="177" Y="254" T="undefined" />
	<Point X="169" Y="255" T="undefined" />
	<Point X="163" Y="257" T="undefined" />
	<Point X="157" Y="258" T="undefined" />
	<Point X="154" Y="258" T="undefined" />
	<Point X="151" Y="259" T="undefined" />
	<Point X="149" Y="260" T="undefined" />
	<Point X="148" Y="260" T="undefined" />
	<Point X="149" Y="260" T="undefined" />
	<Point X="150" Y="260" T="undefined" />
	<Point X="151" Y="260" T="undefined" />
	<Point X="152" Y="260" T="undefined" />
	<Point X="155" Y="260" T="undefined" />
	<Point X="160" Y="260" T="undefined" />
	<Point X="165" Y="260" T="undefined" />
	<Point X="170" Y="260" T="undefined" />
	<Point X="179" Y="260" T="undefined" />
	<Point X="187" Y="260" T="undefined" />
	<Point X="195" Y="260" T="undefined" />
	<Point X="207" Y="261" T="undefined" />
	<Point X="217" Y="261" T="undefined" />
	<Point X="228" Y="261" T="undefined" />
	<Point X="241" Y="262" T="undefined" />
	<Point X="253" Y="263" T="undefined" />
	<Point X="265" Y="264" T="undefined" />
	<Point X="275" Y="265" T="undefined" />
	<Point X="285" Y="266" T="undefined" />
	<Point X="295" Y="268" T="undefined" />
	<Point X="304" Y="269" T="undefined" />
	<Point X="311" Y="270" T="undefined" />
	<Point X="317" Y="272" T="undefined" />
	<Point X="323" Y="273" T="undefined" />
	<Point X="329" Y="274" T="undefined" />
	<Point X="333" Y="275" T="undefined" />
	<Point X="337" Y="276" T="undefined" />
	<Point X="340" Y="277" T="undefined" />
	<Point X="343" Y="278" T="undefined" />
	<Point X="345" Y="279" T="undefined" />
	<Point X="346" Y="279" T="undefined" />
	<Point X="347" Y="280" T="undefined" />
	<Point X="347" Y="281" T="undefined" />
	<Point X="347" Y="282" T="undefined" />
	<Point X="346" Y="282" T="undefined" />
	<Point X="345" Y="284" T="undefined" />
	<Point X="343" Y="286" T="undefined" />
	<Point X="340" Y="288" T="undefined" />
	<Point X="337" Y="290" T="undefined" />
	<Point X="333" Y="293" T="undefined" />
	<Point X="327" Y="297" T="undefined" />
	<Point X="321" Y="301" T="undefined" />
	<Point X="311" Y="307" T="undefined" />
	<Point X="300" Y="313" T="undefined" />
	<Point X="289" Y="318" T="undefined" />
	<Point X="277" Y="324" T="undefined" />
	<Point X="268" Y="330" T="undefined" />
	<Point X="256" Y="336" T="undefined" />
	<Point X="244" Y="342" T="undefined" />
	<Point X="233" Y="347" T="undefined" />
	<Point X="224" Y="352" T="undefined" />
	<Point X="216" Y="356" T="undefined" />
	<Point X="208" Y="360" T="undefined" />
	<Point X="202" Y="363" T="undefined" />
	<Point X="197" Y="365" T="undefined" />
	<Point X="193" Y="367" T="undefined" />
	<Point X="190" Y="368" T="undefined" />
	<Point X="187" Y="370" T="undefined" />
	<Point X="185" Y="370" T="undefined" />
	<Point X="184" Y="371" T="undefined" />
	<Point X="183" Y="371" T="undefined" />
	<Point X="183" Y="372" T="undefined" />
	<Point X="184" Y="372" T="undefined" />
	<Point X="185" Y="372" T="undefined" />
	<Point X="187" Y="372" T="undefined" />
	<Point X="189" Y="372" T="undefined" />
	<Point X="192" Y="373" T="undefined" />
	<Point X="196" Y="373" T="undefined" />
	<Point X="200" Y="373" T="undefined" />
	<Point X="205" Y="374" T="undefined" />
	<Point X="210" Y="375" T="undefined" />
	<Point X="215" Y="375" T="undefined" />
	<Point X="221" Y="377" T="undefined" />
	<Point X="226" Y="378" T="undefined" />
	<Point X="232" Y="379" T="undefined" />
	<Point X="236" Y="381" T="undefined" />
	<Point X="243" Y="383" T="undefined" />
	<Point X="249" Y="385" T="undefined" />
	<Point X="254" Y="387" T="undefined" />
	<Point X="260" Y="390" T="undefined" />
	<Point X="265" Y="392" T="undefined" />
	<Point X="270" Y="394" T="undefined" />
	<Point X="274" Y="395" T="undefined" />
	<Point X="280" Y="398" T="undefined" />
	<Point X="284" Y="400" T="undefined" />
	<Point X="288" Y="401" T="undefined" />
	<Point X="292" Y="402" T="undefined" />
	<Point X="295" Y="404" T="undefined" />
	<Point X="298" Y="405" T="undefined" />
	<Point X="300" Y="406" T="undefined" />
	<Point X="303" Y="406" T="undefined" />
	<Point X="305" Y="408" T="undefined" />
	<Point X="307" Y="408" T="undefined" />
	<Point X="308" Y="409" T="undefined" />
	<Point X="310" Y="409" T="undefined" />
	<Point X="312" Y="410" T="undefined" />
	<Point X="313" Y="410" T="undefined" />
	<Point X="314" Y="410" T="undefined" />
	<Point X="314" Y="411" T="undefined" />
	<Point X="313" Y="411" T="undefined" />
	<Point X="311" Y="412" T="undefined" />
	<Point X="308" Y="413" T="undefined" />
	<Point X="304" Y="415" T="undefined" />
	<Point X="298" Y="417" T="undefined" />
	<Point X="294" Y="418" T="undefined" />
	<Point X="288" Y="420" T="undefined" />
	<Point X="281" Y="423" T="undefined" />
	<Point X="275" Y="425" T="undefined" />
	<Point X="269" Y="428" T="undefined" />
	<Point X="261" Y="430" T="undefined" />
	<Point X="255" Y="432" T="undefined" />
	<Point X="249" Y="434" T="undefined" />
	<Point X="245" Y="435" T="undefined" />
	<Point X="238" Y="437" T="undefined" />
	<Point X="234" Y="438" T="undefined" />
	<Point X="230" Y="439" T="undefined" />
	<Point X="227" Y="440" T="undefined" />
	<Point X="224" Y="441" T="undefined" />
	<Point X="222" Y="442" T="undefined" />
	<Point X="220" Y="442" T="undefined" />
	<Point X="219" Y="443" T="undefined" />
	<Point X="217" Y="443" T="undefined" />
	<Point X="216" Y="444" T="undefined" />
	<Point X="215" Y="444" T="undefined" />
	<Point X="214" Y="445" T="undefined" />
	<Point X="213" Y="445" T="undefined" />
	<Point X="212" Y="445" T="undefined" />
	<Point X="211" Y="445" T="undefined" />
	<Point X="211" Y="446" T="undefined" />
	<Point X="210" Y="446" T="undefined" />
	<Point X="209" Y="446" T="undefined" />
	<Point X="208" Y="446" T="undefined" />
	<Point X="208" Y="447" T="undefined" />
	<Point X="207" Y="447" T="undefined" />
	<Point X="206" Y="447" T="undefined" />
	<Point X="206" Y="448" T="undefined" />
	<Point X="205" Y="448" T="undefined" />
	<Point X="204" Y="449" T="undefined" />
	<Point X="203" Y="449" T="undefined" />
	<Point X="202" Y="449" T="undefined" />
	<Point X="202" Y="450" T="undefined" />
	<Point X="200" Y="450" T="undefined" />
	<Point X="199" Y="450" T="undefined" />
	<Point X="198" Y="451" T="undefined" />
	<Point X="196" Y="451" T="undefined" />
	<Point X="195" Y="451" T="undefined" />
	<Point X="192" Y="452" T="undefined" />
	<Point X="191" Y="453" T="undefined" />
	<Point X="190" Y="453" T="undefined" />
	<Point X="188" Y="453" T="undefined" />
	<Point X="186" Y="453" T="undefined" />
	<Point X="185" Y="454" T="undefined" />
	<Point X="183" Y="454" T="undefined" />
	<Point X="182" Y="454" T="undefined" />
	<Point X="181" Y="454" T="undefined" />
	<Point X="180" Y="454" T="undefined" />
	<Point X="180" Y="455" T="undefined" />
	<Point X="179" Y="455" T="undefined" />
	<Point X="178" Y="455" T="undefined" />
	<Point X="179" Y="455" T="undefined" />
	<Point X="181" Y="455" T="undefined" />
	<Point X="183" Y="455" T="undefined" />
	<Point X="189" Y="455" T="undefined" />
</Gesture>