<?xml version="1.0" encoding="utf-8" standalone="yes"?>
<Gesture Name="Zigzag2" NumPts="223">
	<Point X="204" Y="117" T="undefined" />
	<Point X="205" Y="117" T="undefined" />
	<Point X="206" Y="117" T="undefined" />
	<Point X="208" Y="117" T="undefined" />
	<Point X="210" Y="119" T="undefined" />
	<Point X="213" Y="120" T="undefined" />
	<Point X="216" Y="121" T="undefined" />
	<Point X="220" Y="123" T="undefined" />
	<Point X="223" Y="124" T="undefined" />
	<Point X="227" Y="127" T="undefined" />
	<Point X="232" Y="130" T="undefined" />
	<Point X="237" Y="132" T="undefined" />
	<Point X="241" Y="134" T="undefined" />
	<Point X="247" Y="135" T="undefined" />
	<Point X="251" Y="137" T="undefined" />
	<Point X="256" Y="139" T="undefined" />
	<Point X="262" Y="141" T="undefined" />
	<Point X="267" Y="143" T="undefined" />
	<Point X="272" Y="145" T="undefined" />
	<Point X="276" Y="147" T="undefined" />
	<Point X="280" Y="148" T="undefined" />
	<Point X="284" Y="150" T="undefined" />
	<Point X="288" Y="152" T="undefined" />
	<Point X="291" Y="153" T="undefined" />
	<Point X="294" Y="154" T="undefined" />
	<Point X="296" Y="155" T="undefined" />
	<Point X="298" Y="156" T="undefined" />
	<Point X="299" Y="158" T="undefined" />
	<Point X="301" Y="159" T="undefined" />
	<Point X="303" Y="160" T="undefined" />
	<Point X="305" Y="161" T="undefined" />
	<Point X="306" Y="163" T="undefined" />
	<Point X="308" Y="164" T="undefined" />
	<Point X="309" Y="165" T="undefined" />
	<Point X="311" Y="165" T="undefined" />
	<Point X="313" Y="166" T="undefined" />
	<Point X="313" Y="167" T="undefined" />
	<Point X="314" Y="168" T="undefined" />
	<Point X="315" Y="168" T="undefined" />
	<Point X="315" Y="169" T="undefined" />
	<Point X="315" Y="170" T="undefined" />
	<Point X="315" Y="171" T="undefined" />
	<Point X="314" Y="172" T="undefined" />
	<Point X="312" Y="173" T="undefined" />
	<Point X="310" Y="174" T="undefined" />
	<Point X="308" Y="175" T="undefined" />
	<Point X="305" Y="177" T="undefined" />
	<Point X="302" Y="178" T="undefined" />
	<Point X="299" Y="180" T="undefined" />
	<Point X="295" Y="182" T="undefined" />
	<Point X="291" Y="184" T="undefined" />
	<Point X="288" Y="185" T="undefined" />
	<Point X="283" Y="188" T="undefined" />
	<Point X="280" Y="189" T="undefined" />
	<Point X="275" Y="191" T="undefined" />
	<Point X="270" Y="193" T="undefined" />
	<Point X="266" Y="194" T="undefined" />
	<Point X="261" Y="196" T="undefined" />
	<Point X="257" Y="198" T="undefined" />
	<Point X="253" Y="200" T="undefined" />
	<Point X="249" Y="201" T="undefined" />
	<Point X="245" Y="203" T="undefined" />
	<Point X="241" Y="204" T="undefined" />
	<Point X="237" Y="206" T="undefined" />
	<Point X="232" Y="208" T="undefined" />
	<Point X="228" Y="209" T="undefined" />
	<Point X="225" Y="210" T="undefined" />
	<Point X="221" Y="212" T="undefined" />
	<Point X="218" Y="212" T="undefined" />
	<Point X="215" Y="214" T="undefined" />
	<Point X="213" Y="214" T="undefined" />
	<Point X="211" Y="216" T="undefined" />
	<Point X="209" Y="216" T="undefined" />
	<Point X="209" Y="217" T="undefined" />
	<Point X="208" Y="217" T="undefined" />
	<Point X="208" Y="218" T="undefined" />
	<Point X="210" Y="218" T="undefined" />
	<Point X="213" Y="218" T="undefined" />
	<Point X="216" Y="219" T="undefined" />
	<Point X="221" Y="220" T="undefined" />
	<Point X="227" Y="221" T="undefined" />
	<Point X="232" Y="222" T="undefined" />
	<Point X="239" Y="223" T="undefined" />
	<Point X="246" Y="224" T="undefined" />
	<Point X="252" Y="226" T="undefined" />
	<Point X="260" Y="227" T="undefined" />
	<Point X="268" Y="229" T="undefined" />
	<Point X="275" Y="230" T="undefined" />
	<Point X="282" Y="231" T="undefined" />
	<Point X="289" Y="233" T="undefined" />
	<Point X="296" Y="234" T="undefined" />
	<Point X="301" Y="235" T="undefined" />
	<Point X="307" Y="237" T="undefined" />
	<Point X="313" Y="238" T="undefined" />
	<Point X="316" Y="238" T="undefined" />
	<Point X="321" Y="239" T="undefined" />
	<Point X="324" Y="239" T="undefined" />
	<Point X="327" Y="241" T="undefined" />
	<Point X="330" Y="241" T="undefined" />
	<Point X="332" Y="241" T="undefined" />
	<Point X="333" Y="242" T="undefined" />
	<Point X="335" Y="242" T="undefined" />
	<Point X="336" Y="242" T="undefined" />
	<Point X="336" Y="243" T="undefined" />
	<Point X="336" Y="244" T="undefined" />
	<Point X="336" Y="245" T="undefined" />
	<Point X="335" Y="246" T="undefined" />
	<Point X="333" Y="248" T="undefined" />
	<Point X="331" Y="250" T="undefined" />
	<Point X="329" Y="251" T="undefined" />
	<Point X="327" Y="254" T="undefined" />
	<Point X="323" Y="256" T="undefined" />
	<Point X="320" Y="258" T="undefined" />
	<Point X="316" Y="261" T="undefined" />
	<Point X="311" Y="263" T="undefined" />
	<Point X="306" Y="266" T="undefined" />
	<Point X="302" Y="269" T="undefined" />
	<Point X="298" Y="270" T="undefined" />
	<Point X="291" Y="273" T="undefined" />
	<Point X="285" Y="276" T="undefined" />
	<Point X="281" Y="278" T="undefined" />
	<Point X="272" Y="281" T="undefined" />
	<Point X="267" Y="284" T="undefined" />
	<Point X="260" Y="286" T="undefined" />
	<Point X="253" Y="289" T="undefined" />
	<Point X="246" Y="291" T="undefined" />
	<Point X="240" Y="293" T="undefined" />
	<Point X="236" Y="294" T="undefined" />
	<Point X="230" Y="296" T="undefined" />
	<Point X="226" Y="297" T="undefined" />
	<Point X="222" Y="299" T="undefined" />
	<Point X="219" Y="300" T="undefined" />
	<Point X="216" Y="301" T="undefined" />
	<Point X="214" Y="301" T="undefined" />
	<Point X="213" Y="302" T="undefined" />
	<Point X="211" Y="303" T="undefined" />
	<Point X="210" Y="303" T="undefined" />
	<Point X="210" Y="304" T="undefined" />
	<Point X="209" Y="304" T="undefined" />
	<Point X="210" Y="304" T="undefined" />
	<Point X="212" Y="304" T="undefined" />
	<Point X="214" Y="304" T="undefined" />
	<Point X="217" Y="304" T="undefined" />
	<Point X="221" Y="304" T="undefined" />
	<Point X="225" Y="304" T="undefined" />
	<Point X="230" Y="305" T="undefined" />
	<Point X="234" Y="305" T="undefined" />
	<Point X="239" Y="305" T="undefined" />
	<Point X="246" Y="306" T="undefined" />
	<Point X="252" Y="306" T="undefined" />
	<Point X="257" Y="307" T="undefined" />
	<Point X="263" Y="307" T="undefined" />
	<Point X="269" Y="308" T="undefined" />
	<Point X="274" Y="308" T="undefined" />
	<Point X="279" Y="310" T="undefined" />
	<Point X="284" Y="310" T="undefined" />
	<Point X="289" Y="311" T="undefined" />
	<Point X="294" Y="312" T="undefined" />
	<Point X="298" Y="312" T="undefined" />
	<Point X="302" Y="313" T="undefined" />
	<Point X="305" Y="314" T="undefined" />
	<Point X="309" Y="314" T="undefined" />
	<Point X="312" Y="315" T="undefined" />
	<Point X="314" Y="315" T="undefined" />
	<Point X="316" Y="316" T="undefined" />
	<Point X="317" Y="316" T="undefined" />
	<Point X="318" Y="316" T="undefined" />
	<Point X="319" Y="316" T="undefined" />
	<Point X="320" Y="316" T="undefined" />
	<Point X="320" Y="317" T="undefined" />
	<Point X="320" Y="318" T="undefined" />
	<Point X="319" Y="319" T="undefined" />
	<Point X="318" Y="320" T="undefined" />
	<Point X="317" Y="321" T="undefined" />
	<Point X="315" Y="323" T="undefined" />
	<Point X="313" Y="325" T="undefined" />
	<Point X="310" Y="327" T="undefined" />
	<Point X="308" Y="330" T="undefined" />
	<Point X="306" Y="332" T="undefined" />
	<Point X="303" Y="335" T="undefined" />
	<Point X="300" Y="338" T="undefined" />
	<Point X="297" Y="341" T="undefined" />
	<Point X="293" Y="344" T="undefined" />
	<Point X="290" Y="348" T="undefined" />
	<Point X="286" Y="351" T="undefined" />
	<Point X="282" Y="354" T="undefined" />
	<Point X="279" Y="357" T="undefined" />
	<Point X="274" Y="361" T="undefined" />
	<Point X="270" Y="364" T="undefined" />
	<Point X="266" Y="367" T="undefined" />
	<Point X="263" Y="371" T="undefined" />
	<Point X="258" Y="375" T="undefined" />
	<Point X="255" Y="378" T="undefined" />
	<Point X="249" Y="382" T="undefined" />
	<Point X="245" Y="386" T="undefined" />
	<Point X="243" Y="389" T="undefined" />
	<Point X="240" Y="391" T="undefined" />
	<Point X="236" Y="394" T="undefined" />
	<Point X="234" Y="397" T="undefined" />
	<Point X="232" Y="399" T="undefined" />
	<Point X="229" Y="401" T="undefined" />
	<Point X="228" Y="402" T="undefined" />
	<Point X="227" Y="404" T="undefined" />
	<Point X="226" Y="405" T="undefined" />
	<Point X="225" Y="406" T="undefined" />
	<Point X="224" Y="407" T="undefined" />
	<Point X="224" Y="408" T="undefined" />
	<Point X="223" Y="408" T="undefined" />
	<Point X="223" Y="409" T="undefined" />
	<Point X="222" Y="410" T="undefined" />
	<Point X="221" Y="410" T="undefined" />
	<Point X="221" Y="411" T="undefined" />
	<Point X="220" Y="411" T="undefined" />
	<Point X="220" Y="412" T="undefined" />
	<Point X="219" Y="412" T="undefined" />
	<Point X="219" Y="413" T="undefined" />
	<Point X="218" Y="414" T="undefined" />
	<Point X="217" Y="414" T="undefined" />
	<Point X="217" Y="415" T="undefined" />
	<Point X="216" Y="415" T="undefined" />
	<Point X="215" Y="416" T="undefined" />
	<Point X="214" Y="417" T="undefined" />
	<Point X="213" Y="417" T="undefined" />
</Gesture>