<?xml version="1.0" encoding="utf-8" standalone="yes"?>
<Gesture Name="Zigzag9" NumPts="161">
	<Point X="143" Y="90" T="undefined" />
	<Point X="144" Y="90" T="undefined" />
	<Point X="145" Y="90" T="undefined" />
	<Point X="147" Y="90" T="undefined" />
	<Point X="151" Y="92" T="undefined" />
	<Point X="156" Y="94" T="undefined" />
	<Point X="161" Y="96" T="undefined" />
	<Point X="171" Y="100" T="undefined" />
	<Point X="179" Y="103" T="undefined" />
	<Point X="188" Y="108" T="undefined" />
	<Point X="199" Y="113" T="undefined" />
	<Point X="213" Y="120" T="undefined" />
	<Point X="227" Y="126" T="undefined" />
	<Point X="240" Y="133" T="undefined" />
	<Point X="253" Y="138" T="undefined" />
	<Point X="260" Y="142" T="undefined" />
	<Point X="272" Y="148" T="undefined" />
	<Point X="277" Y="150" T="undefined" />
	<Point X="284" Y="154" T="undefined" />
	<Point X="289" Y="156" T="undefined" />
	<Point X="293" Y="158" T="undefined" />
	<Point X="296" Y="160" T="undefined" />
	<Point X="299" Y="163" T="undefined" />
	<Point X="301" Y="164" T="undefined" />
	<Point X="302" Y="165" T="undefined" />
	<Point X="302" Y="166" T="undefined" />
	<Point X="302" Y="167" T="undefined" />
	<Point X="302" Y="168" T="undefined" />
	<Point X="302" Y="169" T="undefined" />
	<Point X="302" Y="171" T="undefined" />
	<Point X="301" Y="172" T="undefined" />
	<Point X="299" Y="173" T="undefined" />
	<Point X="296" Y="176" T="undefined" />
	<Point X="293" Y="177" T="undefined" />
	<Point X="289" Y="180" T="undefined" />
	<Point X="284" Y="181" T="undefined" />
	<Point X="277" Y="184" T="undefined" />
	<Point X="270" Y="186" T="undefined" />
	<Point X="261" Y="188" T="undefined" />
	<Point X="252" Y="190" T="undefined" />
	<Point X="240" Y="192" T="undefined" />
	<Point X="230" Y="194" T="undefined" />
	<Point X="219" Y="196" T="undefined" />
	<Point X="207" Y="198" T="undefined" />
	<Point X="195" Y="200" T="undefined" />
	<Point X="187" Y="202" T="undefined" />
	<Point X="177" Y="204" T="undefined" />
	<Point X="169" Y="206" T="undefined" />
	<Point X="162" Y="208" T="undefined" />
	<Point X="155" Y="209" T="undefined" />
	<Point X="150" Y="211" T="undefined" />
	<Point X="146" Y="211" T="undefined" />
	<Point X="142" Y="212" T="undefined" />
	<Point X="139" Y="212" T="undefined" />
	<Point X="137" Y="212" T="undefined" />
	<Point X="136" Y="212" T="undefined" />
	<Point X="135" Y="212" T="undefined" />
	<Point X="135" Y="213" T="undefined" />
	<Point X="138" Y="213" T="undefined" />
	<Point X="141" Y="215" T="undefined" />
	<Point X="145" Y="215" T="undefined" />
	<Point X="150" Y="216" T="undefined" />
	<Point X="156" Y="217" T="undefined" />
	<Point X="163" Y="219" T="undefined" />
	<Point X="173" Y="221" T="undefined" />
	<Point X="182" Y="223" T="undefined" />
	<Point X="194" Y="225" T="undefined" />
	<Point X="206" Y="228" T="undefined" />
	<Point X="221" Y="231" T="undefined" />
	<Point X="232" Y="234" T="undefined" />
	<Point X="245" Y="236" T="undefined" />
	<Point X="256" Y="239" T="undefined" />
	<Point X="266" Y="242" T="undefined" />
	<Point X="277" Y="245" T="undefined" />
	<Point X="285" Y="248" T="undefined" />
	<Point X="295" Y="252" T="undefined" />
	<Point X="302" Y="255" T="undefined" />
	<Point X="308" Y="257" T="undefined" />
	<Point X="313" Y="259" T="undefined" />
	<Point X="318" Y="262" T="undefined" />
	<Point X="321" Y="263" T="undefined" />
	<Point X="324" Y="265" T="undefined" />
	<Point X="327" Y="266" T="undefined" />
	<Point X="328" Y="266" T="undefined" />
	<Point X="330" Y="267" T="undefined" />
	<Point X="331" Y="268" T="undefined" />
	<Point X="331" Y="269" T="undefined" />
	<Point X="330" Y="269" T="undefined" />
	<Point X="328" Y="270" T="undefined" />
	<Point X="324" Y="271" T="undefined" />
	<Point X="319" Y="274" T="undefined" />
	<Point X="313" Y="276" T="undefined" />
	<Point X="304" Y="279" T="undefined" />
	<Point X="292" Y="282" T="undefined" />
	<Point X="281" Y="286" T="undefined" />
	<Point X="267" Y="289" T="undefined" />
	<Point X="248" Y="294" T="undefined" />
	<Point X="232" Y="298" T="undefined" />
	<Point X="217" Y="302" T="undefined" />
	<Point X="199" Y="307" T="undefined" />
	<Point X="188" Y="310" T="undefined" />
	<Point X="177" Y="313" T="undefined" />
	<Point X="169" Y="315" T="undefined" />
	<Point X="163" Y="316" T="undefined" />
	<Point X="160" Y="317" T="undefined" />
	<Point X="158" Y="317" T="undefined" />
	<Point X="157" Y="317" T="undefined" />
	<Point X="157" Y="318" T="undefined" />
	<Point X="159" Y="318" T="undefined" />
	<Point X="162" Y="318" T="undefined" />
	<Point X="165" Y="319" T="undefined" />
	<Point X="171" Y="320" T="undefined" />
	<Point X="178" Y="321" T="undefined" />
	<Point X="188" Y="323" T="undefined" />
	<Point X="195" Y="325" T="undefined" />
	<Point X="207" Y="327" T="undefined" />
	<Point X="218" Y="330" T="undefined" />
	<Point X="230" Y="332" T="undefined" />
	<Point X="241" Y="335" T="undefined" />
	<Point X="257" Y="339" T="undefined" />
	<Point X="265" Y="341" T="undefined" />
	<Point X="274" Y="343" T="undefined" />
	<Point X="284" Y="345" T="undefined" />
	<Point X="293" Y="347" T="undefined" />
	<Point X="301" Y="349" T="undefined" />
	<Point X="306" Y="351" T="undefined" />
	<Point X="314" Y="353" T="undefined" />
	<Point X="320" Y="354" T="undefined" />
	<Point X="326" Y="355" T="undefined" />
	<Point X="330" Y="356" T="undefined" />
	<Point X="335" Y="357" T="undefined" />
	<Point X="338" Y="357" T="undefined" />
	<Point X="340" Y="358" T="undefined" />
	<Point X="342" Y="358" T="undefined" />
	<Point X="343" Y="358" T="undefined" />
	<Point X="344" Y="358" T="undefined" />
	<Point X="344" Y="359" T="undefined" />
	<Point X="344" Y="360" T="undefined" />
	<Point X="343" Y="360" T="undefined" />
	<Point X="341" Y="361" T="undefined" />
	<Point X="339" Y="364" T="undefined" />
	<Point X="335" Y="366" T="undefined" />
	<Point X="330" Y="370" T="undefined" />
	<Point X="323" Y="373" T="undefined" />
	<Point X="314" Y="379" T="undefined" />
	<Point X="304" Y="385" T="undefined" />
	<Point X="291" Y="391" T="undefined" />
	<Point X="280" Y="397" T="undefined" />
	<Point X="261" Y="406" T="undefined" />
	<Point X="248" Y="413" T="undefined" />
	<Point X="233" Y="419" T="undefined" />
	<Point X="217" Y="426" T="undefined" />
	<Point X="201" Y="434" T="undefined" />
	<Point X="191" Y="439" T="undefined" />
	<Point X="183" Y="443" T="undefined" />
	<Point X="177" Y="446" T="undefined" />
	<Point X="173" Y="449" T="undefined" />
	<Point X="171" Y="450" T="undefined" />
	<Point X="170" Y="450" T="undefined" />
	<Point X="170" Y="451" T="undefined" />
	<Point X="172" Y="451" T="undefined" />
</Gesture>