<?xml version="1.0" encoding="utf-8" standalone="yes"?>
<Gesture Name="Zigzag6" NumPts="167">
	<Point X="227" Y="50" T="undefined" />
	<Point X="227" Y="51" T="undefined" />
	<Point X="228" Y="51" T="undefined" />
	<Point X="229" Y="53" T="undefined" />
	<Point X="230" Y="54" T="undefined" />
	<Point X="232" Y="55" T="undefined" />
	<Point X="234" Y="57" T="undefined" />
	<Point X="238" Y="59" T="undefined" />
	<Point X="241" Y="61" T="undefined" />
	<Point X="246" Y="64" T="undefined" />
	<Point X="251" Y="67" T="undefined" />
	<Point X="256" Y="70" T="undefined" />
	<Point X="265" Y="76" T="undefined" />
	<Point X="272" Y="82" T="undefined" />
	<Point X="280" Y="88" T="undefined" />
	<Point X="286" Y="92" T="undefined" />
	<Point X="296" Y="100" T="undefined" />
	<Point X="303" Y="107" T="undefined" />
	<Point X="311" Y="116" T="undefined" />
	<Point X="320" Y="125" T="undefined" />
	<Point X="327" Y="134" T="undefined" />
	<Point X="335" Y="144" T="undefined" />
	<Point X="341" Y="154" T="undefined" />
	<Point X="346" Y="161" T="undefined" />
	<Point X="352" Y="171" T="undefined" />
	<Point X="356" Y="178" T="undefined" />
	<Point X="359" Y="184" T="undefined" />
	<Point X="362" Y="189" T="undefined" />
	<Point X="364" Y="194" T="undefined" />
	<Point X="365" Y="198" T="undefined" />
	<Point X="366" Y="201" T="undefined" />
	<Point X="367" Y="204" T="undefined" />
	<Point X="367" Y="206" T="undefined" />
	<Point X="367" Y="207" T="undefined" />
	<Point X="367" Y="209" T="undefined" />
	<Point X="367" Y="210" T="undefined" />
	<Point X="367" Y="211" T="undefined" />
	<Point X="367" Y="212" T="undefined" />
	<Point X="366" Y="213" T="undefined" />
	<Point X="366" Y="214" T="undefined" />
	<Point X="364" Y="215" T="undefined" />
	<Point X="362" Y="217" T="undefined" />
	<Point X="360" Y="218" T="undefined" />
	<Point X="357" Y="220" T="undefined" />
	<Point X="354" Y="222" T="undefined" />
	<Point X="350" Y="224" T="undefined" />
	<Point X="345" Y="226" T="undefined" />
	<Point X="339" Y="229" T="undefined" />
	<Point X="334" Y="232" T="undefined" />
	<Point X="327" Y="234" T="undefined" />
	<Point X="319" Y="238" T="undefined" />
	<Point X="312" Y="241" T="undefined" />
	<Point X="299" Y="246" T="undefined" />
	<Point X="292" Y="249" T="undefined" />
	<Point X="283" Y="252" T="undefined" />
	<Point X="273" Y="256" T="undefined" />
	<Point X="266" Y="258" T="undefined" />
	<Point X="258" Y="261" T="undefined" />
	<Point X="251" Y="263" T="undefined" />
	<Point X="246" Y="265" T="undefined" />
	<Point X="242" Y="266" T="undefined" />
	<Point X="238" Y="267" T="undefined" />
	<Point X="237" Y="267" T="undefined" />
	<Point X="236" Y="268" T="undefined" />
	<Point X="235" Y="268" T="undefined" />
	<Point X="235" Y="269" T="undefined" />
	<Point X="236" Y="270" T="undefined" />
	<Point X="238" Y="270" T="undefined" />
	<Point X="240" Y="271" T="undefined" />
	<Point X="243" Y="273" T="undefined" />
	<Point X="245" Y="273" T="undefined" />
	<Point X="249" Y="275" T="undefined" />
	<Point X="253" Y="276" T="undefined" />
	<Point X="257" Y="278" T="undefined" />
	<Point X="263" Y="280" T="undefined" />
	<Point X="268" Y="282" T="undefined" />
	<Point X="275" Y="285" T="undefined" />
	<Point X="282" Y="288" T="undefined" />
	<Point X="289" Y="291" T="undefined" />
	<Point X="296" Y="294" T="undefined" />
	<Point X="304" Y="298" T="undefined" />
	<Point X="310" Y="301" T="undefined" />
	<Point X="318" Y="304" T="undefined" />
	<Point X="323" Y="307" T="undefined" />
	<Point X="328" Y="309" T="undefined" />
	<Point X="333" Y="312" T="undefined" />
	<Point X="339" Y="314" T="undefined" />
	<Point X="342" Y="316" T="undefined" />
	<Point X="347" Y="318" T="undefined" />
	<Point X="350" Y="320" T="undefined" />
	<Point X="353" Y="321" T="undefined" />
	<Point X="355" Y="322" T="undefined" />
	<Point X="357" Y="322" T="undefined" />
	<Point X="358" Y="323" T="undefined" />
	<Point X="358" Y="324" T="undefined" />
	<Point X="358" Y="325" T="undefined" />
	<Point X="357" Y="326" T="undefined" />
	<Point X="354" Y="328" T="undefined" />
	<Point X="350" Y="329" T="undefined" />
	<Point X="344" Y="331" T="undefined" />
	<Point X="339" Y="333" T="undefined" />
	<Point X="330" Y="336" T="undefined" />
	<Point X="319" Y="338" T="undefined" />
	<Point X="309" Y="340" T="undefined" />
	<Point X="298" Y="343" T="undefined" />
	<Point X="289" Y="346" T="undefined" />
	<Point X="280" Y="348" T="undefined" />
	<Point X="272" Y="350" T="undefined" />
	<Point X="264" Y="352" T="undefined" />
	<Point X="258" Y="354" T="undefined" />
	<Point X="253" Y="355" T="undefined" />
	<Point X="249" Y="356" T="undefined" />
	<Point X="246" Y="357" T="undefined" />
	<Point X="244" Y="357" T="undefined" />
	<Point X="242" Y="357" T="undefined" />
	<Point X="241" Y="357" T="undefined" />
	<Point X="241" Y="358" T="undefined" />
	<Point X="241" Y="359" T="undefined" />
	<Point X="242" Y="360" T="undefined" />
	<Point X="244" Y="361" T="undefined" />
	<Point X="247" Y="362" T="undefined" />
	<Point X="252" Y="364" T="undefined" />
	<Point X="257" Y="367" T="undefined" />
	<Point X="263" Y="368" T="undefined" />
	<Point X="270" Y="371" T="undefined" />
	<Point X="277" Y="375" T="undefined" />
	<Point X="286" Y="378" T="undefined" />
	<Point X="296" Y="382" T="undefined" />
	<Point X="304" Y="385" T="undefined" />
	<Point X="315" Y="390" T="undefined" />
	<Point X="322" Y="394" T="undefined" />
	<Point X="331" Y="398" T="undefined" />
	<Point X="342" Y="402" T="undefined" />
	<Point X="352" Y="407" T="undefined" />
	<Point X="360" Y="411" T="undefined" />
	<Point X="366" Y="414" T="undefined" />
	<Point X="374" Y="418" T="undefined" />
	<Point X="380" Y="420" T="undefined" />
	<Point X="385" Y="422" T="undefined" />
	<Point X="389" Y="424" T="undefined" />
	<Point X="392" Y="425" T="undefined" />
	<Point X="395" Y="426" T="undefined" />
	<Point X="396" Y="427" T="undefined" />
	<Point X="397" Y="427" T="undefined" />
	<Point X="397" Y="428" T="undefined" />
	<Point X="396" Y="428" T="undefined" />
	<Point X="392" Y="430" T="undefined" />
	<Point X="388" Y="432" T="undefined" />
	<Point X="383" Y="434" T="undefined" />
	<Point X="376" Y="436" T="undefined" />
	<Point X="367" Y="438" T="undefined" />
	<Point X="360" Y="440" T="undefined" />
	<Point X="348" Y="444" T="undefined" />
	<Point X="337" Y="446" T="undefined" />
	<Point X="326" Y="450" T="undefined" />
	<Point X="314" Y="454" T="undefined" />
	<Point X="303" Y="458" T="undefined" />
	<Point X="295" Y="461" T="undefined" />
	<Point X="285" Y="466" T="undefined" />
	<Point X="277" Y="469" T="undefined" />
	<Point X="271" Y="472" T="undefined" />
	<Point X="264" Y="475" T="undefined" />
	<Point X="259" Y="478" T="undefined" />
	<Point X="256" Y="480" T="undefined" />
	<Point X="252" Y="481" T="undefined" />
	<Point X="249" Y="483" T="undefined" />
	<Point X="248" Y="484" T="undefined" />
</Gesture>