<?xml version="1.0" encoding="utf-8" standalone="yes"?>
<Gesture Name="Zigzag8" NumPts="153">
	<Point X="202" Y="100" T="undefined" />
	<Point X="203" Y="100" T="undefined" />
	<Point X="204" Y="100" T="undefined" />
	<Point X="205" Y="101" T="undefined" />
	<Point X="207" Y="102" T="undefined" />
	<Point X="210" Y="105" T="undefined" />
	<Point X="214" Y="108" T="undefined" />
	<Point X="218" Y="111" T="undefined" />
	<Point X="223" Y="116" T="undefined" />
	<Point X="228" Y="120" T="undefined" />
	<Point X="234" Y="126" T="undefined" />
	<Point X="240" Y="131" T="undefined" />
	<Point X="248" Y="137" T="undefined" />
	<Point X="257" Y="143" T="undefined" />
	<Point X="264" Y="147" T="undefined" />
	<Point X="275" Y="153" T="undefined" />
	<Point X="284" Y="157" T="undefined" />
	<Point X="294" Y="162" T="undefined" />
	<Point X="299" Y="165" T="undefined" />
	<Point X="307" Y="168" T="undefined" />
	<Point X="311" Y="170" T="undefined" />
	<Point X="315" Y="172" T="undefined" />
	<Point X="318" Y="174" T="undefined" />
	<Point X="321" Y="175" T="undefined" />
	<Point X="322" Y="176" T="undefined" />
	<Point X="322" Y="177" T="undefined" />
	<Point X="322" Y="178" T="undefined" />
	<Point X="321" Y="179" T="undefined" />
	<Point X="320" Y="180" T="undefined" />
	<Point X="318" Y="182" T="undefined" />
	<Point X="315" Y="184" T="undefined" />
	<Point X="311" Y="187" T="undefined" />
	<Point X="306" Y="190" T="undefined" />
	<Point X="298" Y="195" T="undefined" />
	<Point X="290" Y="200" T="undefined" />
	<Point X="276" Y="209" T="undefined" />
	<Point X="264" Y="216" T="undefined" />
	<Point X="253" Y="223" T="undefined" />
	<Point X="241" Y="231" T="undefined" />
	<Point X="232" Y="236" T="undefined" />
	<Point X="225" Y="240" T="undefined" />
	<Point X="220" Y="244" T="undefined" />
	<Point X="215" Y="246" T="undefined" />
	<Point X="212" Y="248" T="undefined" />
	<Point X="210" Y="249" T="undefined" />
	<Point X="209" Y="250" T="undefined" />
	<Point X="208" Y="250" T="undefined" />
	<Point X="207" Y="251" T="undefined" />
	<Point X="208" Y="251" T="undefined" />
	<Point X="209" Y="251" T="undefined" />
	<Point X="211" Y="251" T="undefined" />
	<Point X="213" Y="252" T="undefined" />
	<Point X="216" Y="253" T="undefined" />
	<Point X="221" Y="253" T="undefined" />
	<Point X="225" Y="254" T="undefined" />
	<Point X="232" Y="255" T="undefined" />
	<Point X="239" Y="257" T="undefined" />
	<Point X="246" Y="258" T="undefined" />
	<Point X="255" Y="260" T="undefined" />
	<Point X="264" Y="261" T="undefined" />
	<Point X="274" Y="263" T="undefined" />
	<Point X="284" Y="266" T="undefined" />
	<Point X="291" Y="267" T="undefined" />
	<Point X="299" Y="269" T="undefined" />
	<Point X="305" Y="271" T="undefined" />
	<Point X="312" Y="273" T="undefined" />
	<Point X="317" Y="274" T="undefined" />
	<Point X="321" Y="276" T="undefined" />
	<Point X="324" Y="277" T="undefined" />
	<Point X="327" Y="278" T="undefined" />
	<Point X="329" Y="279" T="undefined" />
	<Point X="330" Y="279" T="undefined" />
	<Point X="332" Y="281" T="undefined" />
	<Point X="333" Y="281" T="undefined" />
	<Point X="333" Y="282" T="undefined" />
	<Point X="332" Y="282" T="undefined" />
	<Point X="331" Y="283" T="undefined" />
	<Point X="329" Y="283" T="undefined" />
	<Point X="325" Y="285" T="undefined" />
	<Point X="319" Y="287" T="undefined" />
	<Point X="312" Y="289" T="undefined" />
	<Point X="302" Y="293" T="undefined" />
	<Point X="291" Y="296" T="undefined" />
	<Point X="277" Y="300" T="undefined" />
	<Point X="263" Y="304" T="undefined" />
	<Point X="248" Y="308" T="undefined" />
	<Point X="236" Y="311" T="undefined" />
	<Point X="224" Y="314" T="undefined" />
	<Point X="212" Y="318" T="undefined" />
	<Point X="205" Y="319" T="undefined" />
	<Point X="199" Y="321" T="undefined" />
	<Point X="194" Y="322" T="undefined" />
	<Point X="190" Y="323" T="undefined" />
	<Point X="187" Y="324" T="undefined" />
	<Point X="185" Y="325" T="undefined" />
	<Point X="184" Y="325" T="undefined" />
	<Point X="185" Y="326" T="undefined" />
	<Point X="186" Y="326" T="undefined" />
	<Point X="188" Y="326" T="undefined" />
	<Point X="191" Y="326" T="undefined" />
	<Point X="198" Y="327" T="undefined" />
	<Point X="203" Y="328" T="undefined" />
	<Point X="210" Y="328" T="undefined" />
	<Point X="219" Y="330" T="undefined" />
	<Point X="226" Y="330" T="undefined" />
	<Point X="240" Y="332" T="undefined" />
	<Point X="251" Y="335" T="undefined" />
	<Point X="262" Y="337" T="undefined" />
	<Point X="274" Y="339" T="undefined" />
	<Point X="286" Y="342" T="undefined" />
	<Point X="301" Y="345" T="undefined" />
	<Point X="311" Y="348" T="undefined" />
	<Point X="324" Y="352" T="undefined" />
	<Point X="333" Y="354" T="undefined" />
	<Point X="345" Y="357" T="undefined" />
	<Point X="355" Y="360" T="undefined" />
	<Point X="363" Y="362" T="undefined" />
	<Point X="369" Y="363" T="undefined" />
	<Point X="375" Y="364" T="undefined" />
	<Point X="378" Y="365" T="undefined" />
	<Point X="382" Y="366" T="undefined" />
	<Point X="384" Y="367" T="undefined" />
	<Point X="385" Y="368" T="undefined" />
	<Point X="386" Y="368" T="undefined" />
	<Point X="386" Y="369" T="undefined" />
	<Point X="386" Y="370" T="undefined" />
	<Point X="384" Y="372" T="undefined" />
	<Point X="382" Y="373" T="undefined" />
	<Point X="378" Y="375" T="undefined" />
	<Point X="374" Y="378" T="undefined" />
	<Point X="367" Y="381" T="undefined" />
	<Point X="360" Y="385" T="undefined" />
	<Point X="351" Y="389" T="undefined" />
	<Point X="339" Y="394" T="undefined" />
	<Point X="329" Y="399" T="undefined" />
	<Point X="315" Y="405" T="undefined" />
	<Point X="301" Y="413" T="undefined" />
	<Point X="288" Y="420" T="undefined" />
	<Point X="276" Y="427" T="undefined" />
	<Point X="266" Y="432" T="undefined" />
	<Point X="255" Y="438" T="undefined" />
	<Point X="245" Y="443" T="undefined" />
	<Point X="235" Y="449" T="undefined" />
	<Point X="230" Y="452" T="undefined" />
	<Point X="224" Y="454" T="undefined" />
	<Point X="221" Y="456" T="undefined" />
	<Point X="218" Y="458" T="undefined" />
	<Point X="219" Y="458" T="undefined" />
	<Point X="221" Y="458" T="undefined" />
	<Point X="224" Y="458" T="undefined" />
	<Point X="228" Y="458" T="undefined" />
	<Point X="238" Y="458" T="undefined" />
	<Point X="246" Y="458" T="undefined" />
</Gesture>