<?xml version="1.0" encoding="utf-8" standalone="yes"?>
<Gesture Name="Zigzag7" NumPts="170">
	<Point X="143" Y="90" T="undefined" />
	<Point X="144" Y="90" T="undefined" />
	<Point X="145" Y="90" T="undefined" />
	<Point X="148" Y="92" T="undefined" />
	<Point X="153" Y="93" T="undefined" />
	<Point X="159" Y="96" T="undefined" />
	<Point X="166" Y="99" T="undefined" />
	<Point X="177" Y="104" T="undefined" />
	<Point X="188" Y="109" T="undefined" />
	<Point X="199" Y="114" T="undefined" />
	<Point X="214" Y="121" T="undefined" />
	<Point X="228" Y="127" T="undefined" />
	<Point X="243" Y="134" T="undefined" />
	<Point X="254" Y="139" T="undefined" />
	<Point X="268" Y="146" T="undefined" />
	<Point X="284" Y="154" T="undefined" />
	<Point X="297" Y="161" T="undefined" />
	<Point X="310" Y="169" T="undefined" />
	<Point X="319" Y="174" T="undefined" />
	<Point X="328" Y="181" T="undefined" />
	<Point X="337" Y="186" T="undefined" />
	<Point X="343" Y="190" T="undefined" />
	<Point X="349" Y="195" T="undefined" />
	<Point X="352" Y="198" T="undefined" />
	<Point X="356" Y="201" T="undefined" />
	<Point X="358" Y="203" T="undefined" />
	<Point X="360" Y="206" T="undefined" />
	<Point X="360" Y="207" T="undefined" />
	<Point X="361" Y="208" T="undefined" />
	<Point X="361" Y="209" T="undefined" />
	<Point X="361" Y="210" T="undefined" />
	<Point X="361" Y="211" T="undefined" />
	<Point X="358" Y="211" T="undefined" />
	<Point X="356" Y="212" T="undefined" />
	<Point X="353" Y="214" T="undefined" />
	<Point X="348" Y="215" T="undefined" />
	<Point X="343" Y="217" T="undefined" />
	<Point X="336" Y="219" T="undefined" />
	<Point X="326" Y="222" T="undefined" />
	<Point X="316" Y="225" T="undefined" />
	<Point X="303" Y="228" T="undefined" />
	<Point X="290" Y="231" T="undefined" />
	<Point X="278" Y="235" T="undefined" />
	<Point X="266" Y="238" T="undefined" />
	<Point X="252" Y="242" T="undefined" />
	<Point X="242" Y="245" T="undefined" />
	<Point X="234" Y="247" T="undefined" />
	<Point X="227" Y="249" T="undefined" />
	<Point X="222" Y="251" T="undefined" />
	<Point X="218" Y="252" T="undefined" />
	<Point X="215" Y="253" T="undefined" />
	<Point X="212" Y="254" T="undefined" />
	<Point X="211" Y="255" T="undefined" />
	<Point X="210" Y="256" T="undefined" />
	<Point X="209" Y="256" T="undefined" />
	<Point X="208" Y="256" T="undefined" />
	<Point X="208" Y="257" T="undefined" />
	<Point X="207" Y="257" T="undefined" />
	<Point X="207" Y="258" T="undefined" />
	<Point X="207" Y="259" T="undefined" />
	<Point X="207" Y="260" T="undefined" />
	<Point X="208" Y="260" T="undefined" />
	<Point X="210" Y="261" T="undefined" />
	<Point X="213" Y="262" T="undefined" />
	<Point X="217" Y="262" T="undefined" />
	<Point X="222" Y="264" T="undefined" />
	<Point X="228" Y="265" T="undefined" />
	<Point X="237" Y="266" T="undefined" />
	<Point X="246" Y="267" T="undefined" />
	<Point X="257" Y="268" T="undefined" />
	<Point X="267" Y="268" T="undefined" />
	<Point X="281" Y="270" T="undefined" />
	<Point X="292" Y="270" T="undefined" />
	<Point X="306" Y="271" T="undefined" />
	<Point X="317" Y="271" T="undefined" />
	<Point X="332" Y="272" T="undefined" />
	<Point X="343" Y="273" T="undefined" />
	<Point X="353" Y="274" T="undefined" />
	<Point X="363" Y="275" T="undefined" />
	<Point X="369" Y="275" T="undefined" />
	<Point X="377" Y="277" T="undefined" />
	<Point X="382" Y="277" T="undefined" />
	<Point X="385" Y="278" T="undefined" />
	<Point X="389" Y="278" T="undefined" />
	<Point X="390" Y="278" T="undefined" />
	<Point X="391" Y="279" T="undefined" />
	<Point X="391" Y="280" T="undefined" />
	<Point X="391" Y="281" T="undefined" />
	<Point X="390" Y="281" T="undefined" />
	<Point X="389" Y="282" T="undefined" />
	<Point X="386" Y="283" T="undefined" />
	<Point X="383" Y="285" T="undefined" />
	<Point X="380" Y="287" T="undefined" />
	<Point X="377" Y="289" T="undefined" />
	<Point X="371" Y="292" T="undefined" />
	<Point X="366" Y="294" T="undefined" />
	<Point X="360" Y="297" T="undefined" />
	<Point X="354" Y="300" T="undefined" />
	<Point X="344" Y="304" T="undefined" />
	<Point X="336" Y="308" T="undefined" />
	<Point X="325" Y="312" T="undefined" />
	<Point X="315" Y="316" T="undefined" />
	<Point X="302" Y="320" T="undefined" />
	<Point X="290" Y="324" T="undefined" />
	<Point X="279" Y="329" T="undefined" />
	<Point X="269" Y="333" T="undefined" />
	<Point X="254" Y="338" T="undefined" />
	<Point X="246" Y="341" T="undefined" />
	<Point X="235" Y="346" T="undefined" />
	<Point X="227" Y="348" T="undefined" />
	<Point X="218" Y="352" T="undefined" />
	<Point X="212" Y="354" T="undefined" />
	<Point X="207" Y="355" T="undefined" />
	<Point X="203" Y="356" T="undefined" />
	<Point X="201" Y="358" T="undefined" />
	<Point X="199" Y="358" T="undefined" />
	<Point X="198" Y="358" T="undefined" />
	<Point X="199" Y="358" T="undefined" />
	<Point X="202" Y="358" T="undefined" />
	<Point X="207" Y="358" T="undefined" />
	<Point X="212" Y="358" T="undefined" />
	<Point X="217" Y="358" T="undefined" />
	<Point X="223" Y="358" T="undefined" />
	<Point X="232" Y="359" T="undefined" />
	<Point X="239" Y="359" T="undefined" />
	<Point X="248" Y="359" T="undefined" />
	<Point X="258" Y="359" T="undefined" />
	<Point X="270" Y="360" T="undefined" />
	<Point X="280" Y="361" T="undefined" />
	<Point X="288" Y="362" T="undefined" />
	<Point X="299" Y="362" T="undefined" />
	<Point X="308" Y="363" T="undefined" />
	<Point X="314" Y="363" T="undefined" />
	<Point X="322" Y="364" T="undefined" />
	<Point X="330" Y="365" T="undefined" />
	<Point X="336" Y="365" T="undefined" />
	<Point X="341" Y="365" T="undefined" />
	<Point X="345" Y="366" T="undefined" />
	<Point X="348" Y="366" T="undefined" />
	<Point X="351" Y="367" T="undefined" />
	<Point X="354" Y="367" T="undefined" />
	<Point X="356" Y="368" T="undefined" />
	<Point X="357" Y="368" T="undefined" />
	<Point X="358" Y="368" T="undefined" />
	<Point X="358" Y="369" T="undefined" />
	<Point X="358" Y="370" T="undefined" />
	<Point X="356" Y="372" T="undefined" />
	<Point X="354" Y="373" T="undefined" />
	<Point X="351" Y="376" T="undefined" />
	<Point X="347" Y="379" T="undefined" />
	<Point X="343" Y="382" T="undefined" />
	<Point X="336" Y="387" T="undefined" />
	<Point X="328" Y="392" T="undefined" />
	<Point X="316" Y="398" T="undefined" />
	<Point X="305" Y="404" T="undefined" />
	<Point X="291" Y="411" T="undefined" />
	<Point X="278" Y="417" T="undefined" />
	<Point X="265" Y="424" T="undefined" />
	<Point X="256" Y="430" T="undefined" />
	<Point X="248" Y="436" T="undefined" />
	<Point X="242" Y="440" T="undefined" />
	<Point X="235" Y="444" T="undefined" />
	<Point X="232" Y="446" T="undefined" />
	<Point X="229" Y="449" T="undefined" />
	<Point X="225" Y="451" T="undefined" />
	<Point X="224" Y="452" T="undefined" />
	<Point X="225" Y="452" T="undefined" />
	<Point X="227" Y="452" T="undefined" />
	<Point X="230" Y="452" T="undefined" />
	<Point X="235" Y="453" T="undefined" />
</Gesture>