<?xml version="1.0" encoding="utf-8" standalone="yes"?>
<Gesture Name="Zigzag4" NumPts="165">
	<Point X="179" Y="149" T="undefined" />
	<Point X="179" Y="150" T="undefined" />
	<Point X="180" Y="152" T="undefined" />
	<Point X="181" Y="154" T="undefined" />
	<Point X="184" Y="156" T="undefined" />
	<Point X="185" Y="157" T="undefined" />
	<Point X="189" Y="162" T="undefined" />
	<Point X="193" Y="165" T="undefined" />
	<Point X="198" Y="168" T="undefined" />
	<Point X="203" Y="173" T="undefined" />
	<Point X="209" Y="178" T="undefined" />
	<Point X="214" Y="181" T="undefined" />
	<Point X="221" Y="188" T="undefined" />
	<Point X="228" Y="192" T="undefined" />
	<Point X="236" Y="199" T="undefined" />
	<Point X="243" Y="204" T="undefined" />
	<Point X="252" Y="209" T="undefined" />
	<Point X="258" Y="213" T="undefined" />
	<Point X="265" Y="219" T="undefined" />
	<Point X="271" Y="222" T="undefined" />
	<Point X="277" Y="226" T="undefined" />
	<Point X="280" Y="229" T="undefined" />
	<Point X="284" Y="232" T="undefined" />
	<Point X="287" Y="233" T="undefined" />
	<Point X="289" Y="235" T="undefined" />
	<Point X="290" Y="236" T="undefined" />
	<Point X="291" Y="236" T="undefined" />
	<Point X="291" Y="237" T="undefined" />
	<Point X="291" Y="238" T="undefined" />
	<Point X="291" Y="239" T="undefined" />
	<Point X="291" Y="240" T="undefined" />
	<Point X="290" Y="241" T="undefined" />
	<Point X="288" Y="242" T="undefined" />
	<Point X="287" Y="244" T="undefined" />
	<Point X="284" Y="245" T="undefined" />
	<Point X="281" Y="248" T="undefined" />
	<Point X="277" Y="250" T="undefined" />
	<Point X="271" Y="253" T="undefined" />
	<Point X="265" Y="256" T="undefined" />
	<Point X="257" Y="260" T="undefined" />
	<Point X="251" Y="263" T="undefined" />
	<Point X="241" Y="267" T="undefined" />
	<Point X="231" Y="271" T="undefined" />
	<Point X="221" Y="276" T="undefined" />
	<Point X="211" Y="280" T="undefined" />
	<Point X="202" Y="284" T="undefined" />
	<Point X="193" Y="288" T="undefined" />
	<Point X="183" Y="292" T="undefined" />
	<Point X="176" Y="295" T="undefined" />
	<Point X="170" Y="298" T="undefined" />
	<Point X="165" Y="300" T="undefined" />
	<Point X="162" Y="301" T="undefined" />
	<Point X="160" Y="302" T="undefined" />
	<Point X="159" Y="303" T="undefined" />
	<Point X="160" Y="303" T="undefined" />
	<Point X="160" Y="304" T="undefined" />
	<Point X="162" Y="304" T="undefined" />
	<Point X="165" Y="304" T="undefined" />
	<Point X="168" Y="305" T="undefined" />
	<Point X="172" Y="305" T="undefined" />
	<Point X="177" Y="306" T="undefined" />
	<Point X="183" Y="306" T="undefined" />
	<Point X="190" Y="306" T="undefined" />
	<Point X="196" Y="306" T="undefined" />
	<Point X="205" Y="306" T="undefined" />
	<Point X="214" Y="307" T="undefined" />
	<Point X="225" Y="308" T="undefined" />
	<Point X="234" Y="308" T="undefined" />
	<Point X="243" Y="309" T="undefined" />
	<Point X="251" Y="310" T="undefined" />
	<Point X="258" Y="312" T="undefined" />
	<Point X="266" Y="313" T="undefined" />
	<Point X="273" Y="314" T="undefined" />
	<Point X="279" Y="315" T="undefined" />
	<Point X="284" Y="316" T="undefined" />
	<Point X="288" Y="316" T="undefined" />
	<Point X="292" Y="317" T="undefined" />
	<Point X="295" Y="318" T="undefined" />
	<Point X="298" Y="319" T="undefined" />
	<Point X="300" Y="319" T="undefined" />
	<Point X="302" Y="320" T="undefined" />
	<Point X="303" Y="320" T="undefined" />
	<Point X="304" Y="320" T="undefined" />
	<Point X="304" Y="321" T="undefined" />
	<Point X="303" Y="321" T="undefined" />
	<Point X="303" Y="322" T="undefined" />
	<Point X="300" Y="324" T="undefined" />
	<Point X="297" Y="325" T="undefined" />
	<Point X="295" Y="327" T="undefined" />
	<Point X="289" Y="330" T="undefined" />
	<Point X="283" Y="334" T="undefined" />
	<Point X="276" Y="338" T="undefined" />
	<Point X="270" Y="342" T="undefined" />
	<Point X="261" Y="347" T="undefined" />
	<Point X="250" Y="354" T="undefined" />
	<Point X="243" Y="358" T="undefined" />
	<Point X="234" Y="365" T="undefined" />
	<Point X="225" Y="370" T="undefined" />
	<Point X="214" Y="376" T="undefined" />
	<Point X="208" Y="380" T="undefined" />
	<Point X="200" Y="385" T="undefined" />
	<Point X="193" Y="388" T="undefined" />
	<Point X="187" Y="392" T="undefined" />
	<Point X="183" Y="394" T="undefined" />
	<Point X="179" Y="396" T="undefined" />
	<Point X="175" Y="398" T="undefined" />
	<Point X="173" Y="400" T="undefined" />
	<Point X="170" Y="401" T="undefined" />
	<Point X="169" Y="402" T="undefined" />
	<Point X="167" Y="403" T="undefined" />
	<Point X="167" Y="404" T="undefined" />
	<Point X="168" Y="404" T="undefined" />
	<Point X="172" Y="404" T="undefined" />
	<Point X="175" Y="404" T="undefined" />
	<Point X="180" Y="404" T="undefined" />
	<Point X="186" Y="405" T="undefined" />
	<Point X="193" Y="405" T="undefined" />
	<Point X="200" Y="405" T="undefined" />
	<Point X="208" Y="406" T="undefined" />
	<Point X="216" Y="406" T="undefined" />
	<Point X="224" Y="406" T="undefined" />
	<Point X="234" Y="406" T="undefined" />
	<Point X="243" Y="406" T="undefined" />
	<Point X="254" Y="406" T="undefined" />
	<Point X="262" Y="406" T="undefined" />
	<Point X="274" Y="407" T="undefined" />
	<Point X="283" Y="407" T="undefined" />
	<Point X="290" Y="407" T="undefined" />
	<Point X="296" Y="408" T="undefined" />
	<Point X="302" Y="408" T="undefined" />
	<Point X="305" Y="408" T="undefined" />
	<Point X="309" Y="409" T="undefined" />
	<Point X="312" Y="409" T="undefined" />
	<Point X="313" Y="409" T="undefined" />
	<Point X="314" Y="410" T="undefined" />
	<Point X="315" Y="410" T="undefined" />
	<Point X="315" Y="411" T="undefined" />
	<Point X="316" Y="411" T="undefined" />
	<Point X="316" Y="412" T="undefined" />
	<Point X="317" Y="412" T="undefined" />
	<Point X="317" Y="413" T="undefined" />
	<Point X="317" Y="415" T="undefined" />
	<Point X="314" Y="416" T="undefined" />
	<Point X="311" Y="418" T="undefined" />
	<Point X="307" Y="420" T="undefined" />
	<Point X="300" Y="423" T="undefined" />
	<Point X="293" Y="426" T="undefined" />
	<Point X="281" Y="431" T="undefined" />
	<Point X="270" Y="435" T="undefined" />
	<Point X="257" Y="439" T="undefined" />
	<Point X="246" Y="444" T="undefined" />
	<Point X="233" Y="450" T="undefined" />
	<Point X="219" Y="456" T="undefined" />
	<Point X="208" Y="461" T="undefined" />
	<Point X="198" Y="465" T="undefined" />
	<Point X="189" Y="469" T="undefined" />
	<Point X="183" Y="472" T="undefined" />
	<Point X="177" Y="475" T="undefined" />
	<Point X="173" Y="477" T="undefined" />
	<Point X="169" Y="478" T="undefined" />
	<Point X="168" Y="479" T="undefined" />
	<Point X="167" Y="480" T="undefined" />
	<Point X="168" Y="480" T="undefined" />
	<Point X="169" Y="480" T="undefined" />
	<Point X="171" Y="479" T="undefined" />
</Gesture>