<?xml version="1.0" encoding="utf-8" standalone="yes"?>
<Gesture Name="Zigzag0" NumPts="177">
	<Point X="144" Y="105" T="undefined" />
	<Point X="145" Y="105" T="undefined" />
	<Point X="147" Y="105" T="undefined" />
	<Point X="148" Y="105" T="undefined" />
	<Point X="150" Y="106" T="undefined" />
	<Point X="152" Y="107" T="undefined" />
	<Point X="155" Y="107" T="undefined" />
	<Point X="158" Y="108" T="undefined" />
	<Point X="161" Y="110" T="undefined" />
	<Point X="165" Y="111" T="undefined" />
	<Point X="170" Y="113" T="undefined" />
	<Point X="175" Y="115" T="undefined" />
	<Point X="180" Y="117" T="undefined" />
	<Point X="187" Y="120" T="undefined" />
	<Point X="192" Y="122" T="undefined" />
	<Point X="200" Y="126" T="undefined" />
	<Point X="207" Y="129" T="undefined" />
	<Point X="216" Y="133" T="undefined" />
	<Point X="224" Y="137" T="undefined" />
	<Point X="231" Y="141" T="undefined" />
	<Point X="240" Y="145" T="undefined" />
	<Point X="248" Y="149" T="undefined" />
	<Point X="256" Y="153" T="undefined" />
	<Point X="264" Y="157" T="undefined" />
	<Point X="270" Y="160" T="undefined" />
	<Point X="276" Y="163" T="undefined" />
	<Point X="280" Y="165" T="undefined" />
	<Point X="284" Y="167" T="undefined" />
	<Point X="288" Y="169" T="undefined" />
	<Point X="290" Y="170" T="undefined" />
	<Point X="292" Y="172" T="undefined" />
	<Point X="293" Y="173" T="undefined" />
	<Point X="293" Y="174" T="undefined" />
	<Point X="293" Y="175" T="undefined" />
	<Point X="292" Y="177" T="undefined" />
	<Point X="290" Y="178" T="undefined" />
	<Point X="289" Y="179" T="undefined" />
	<Point X="286" Y="180" T="undefined" />
	<Point X="285" Y="181" T="undefined" />
	<Point X="282" Y="183" T="undefined" />
	<Point X="279" Y="184" T="undefined" />
	<Point X="275" Y="185" T="undefined" />
	<Point X="270" Y="187" T="undefined" />
	<Point X="265" Y="189" T="undefined" />
	<Point X="258" Y="192" T="undefined" />
	<Point X="251" Y="195" T="undefined" />
	<Point X="242" Y="198" T="undefined" />
	<Point X="232" Y="201" T="undefined" />
	<Point X="223" Y="205" T="undefined" />
	<Point X="211" Y="209" T="undefined" />
	<Point X="203" Y="212" T="undefined" />
	<Point X="190" Y="216" T="undefined" />
	<Point X="179" Y="220" T="undefined" />
	<Point X="168" Y="224" T="undefined" />
	<Point X="158" Y="227" T="undefined" />
	<Point X="149" Y="231" T="undefined" />
	<Point X="141" Y="233" T="undefined" />
	<Point X="135" Y="236" T="undefined" />
	<Point X="129" Y="238" T="undefined" />
	<Point X="125" Y="240" T="undefined" />
	<Point X="120" Y="242" T="undefined" />
	<Point X="118" Y="243" T="undefined" />
	<Point X="116" Y="243" T="undefined" />
	<Point X="115" Y="244" T="undefined" />
	<Point X="116" Y="244" T="undefined" />
	<Point X="118" Y="244" T="undefined" />
	<Point X="121" Y="245" T="undefined" />
	<Point X="123" Y="245" T="undefined" />
	<Point X="126" Y="245" T="undefined" />
	<Point X="129" Y="246" T="undefined" />
	<Point X="135" Y="246" T="undefined" />
	<Point X="140" Y="246" T="undefined" />
	<Point X="148" Y="247" T="undefined" />
	<Point X="155" Y="248" T="undefined" />
	<Point X="162" Y="248" T="undefined" />
	<Point X="169" Y="249" T="undefined" />
	<Point X="178" Y="250" T="undefined" />
	<Point X="187" Y="251" T="undefined" />
	<Point X="195" Y="252" T="undefined" />
	<Point X="205" Y="254" T="undefined" />
	<Point X="213" Y="254" T="undefined" />
	<Point X="221" Y="256" T="undefined" />
	<Point X="229" Y="258" T="undefined" />
	<Point X="235" Y="259" T="undefined" />
	<Point X="242" Y="260" T="undefined" />
	<Point X="248" Y="261" T="undefined" />
	<Point X="253" Y="262" T="undefined" />
	<Point X="257" Y="263" T="undefined" />
	<Point X="261" Y="264" T="undefined" />
	<Point X="264" Y="264" T="undefined" />
	<Point X="266" Y="265" T="undefined" />
	<Point X="268" Y="265" T="undefined" />
	<Point X="269" Y="266" T="undefined" />
	<Point X="270" Y="266" T="undefined" />
	<Point X="270" Y="267" T="undefined" />
	<Point X="268" Y="268" T="undefined" />
	<Point X="267" Y="268" T="undefined" />
	<Point X="265" Y="269" T="undefined" />
	<Point X="262" Y="272" T="undefined" />
	<Point X="258" Y="274" T="undefined" />
	<Point X="250" Y="279" T="undefined" />
	<Point X="246" Y="282" T="undefined" />
	<Point X="238" Y="287" T="undefined" />
	<Point X="232" Y="291" T="undefined" />
	<Point X="224" Y="297" T="undefined" />
	<Point X="216" Y="303" T="undefined" />
	<Point X="206" Y="309" T="undefined" />
	<Point X="197" Y="315" T="undefined" />
	<Point X="189" Y="320" T="undefined" />
	<Point X="180" Y="326" T="undefined" />
	<Point X="171" Y="331" T="undefined" />
	<Point X="165" Y="335" T="undefined" />
	<Point X="156" Y="340" T="undefined" />
	<Point X="151" Y="343" T="undefined" />
	<Point X="145" Y="347" T="undefined" />
	<Point X="140" Y="351" T="undefined" />
	<Point X="136" Y="353" T="undefined" />
	<Point X="132" Y="356" T="undefined" />
	<Point X="128" Y="359" T="undefined" />
	<Point X="126" Y="360" T="undefined" />
	<Point X="124" Y="361" T="undefined" />
	<Point X="122" Y="363" T="undefined" />
	<Point X="121" Y="364" T="undefined" />
	<Point X="120" Y="364" T="undefined" />
	<Point X="120" Y="365" T="undefined" />
	<Point X="119" Y="365" T="undefined" />
	<Point X="120" Y="365" T="undefined" />
	<Point X="121" Y="365" T="undefined" />
	<Point X="122" Y="365" T="undefined" />
	<Point X="126" Y="365" T="undefined" />
	<Point X="130" Y="365" T="undefined" />
	<Point X="134" Y="365" T="undefined" />
	<Point X="139" Y="365" T="undefined" />
	<Point X="144" Y="365" T="undefined" />
	<Point X="152" Y="365" T="undefined" />
	<Point X="158" Y="365" T="undefined" />
	<Point X="166" Y="365" T="undefined" />
	<Point X="173" Y="365" T="undefined" />
	<Point X="181" Y="365" T="undefined" />
	<Point X="190" Y="365" T="undefined" />
	<Point X="199" Y="365" T="undefined" />
	<Point X="206" Y="365" T="undefined" />
	<Point X="214" Y="365" T="undefined" />
	<Point X="219" Y="365" T="undefined" />
	<Point X="224" Y="365" T="undefined" />
	<Point X="230" Y="365" T="undefined" />
	<Point X="235" Y="365" T="undefined" />
	<Point X="239" Y="365" T="undefined" />
	<Point X="242" Y="365" T="undefined" />
	<Point X="245" Y="365" T="undefined" />
	<Point X="246" Y="365" T="undefined" />
	<Point X="247" Y="365" T="undefined" />
	<Point X="248" Y="365" T="undefined" />
	<Point X="247" Y="365" T="undefined" />
	<Point X="247" Y="366" T="undefined" />
	<Point X="246" Y="367" T="undefined" />
	<Point X="245" Y="368" T="undefined" />
	<Point X="242" Y="369" T="undefined" />
	<Point X="239" Y="372" T="undefined" />
	<Point X="235" Y="375" T="undefined" />
	<Point X="228" Y="378" T="undefined" />
	<Point X="221" Y="383" T="undefined" />
	<Point X="212" Y="389" T="undefined" />
	<Point X="204" Y="394" T="undefined" />
	<Point X="196" Y="400" T="undefined" />
	<Point X="186" Y="408" T="undefined" />
	<Point X="178" Y="414" T="undefined" />
	<Point X="170" Y="420" T="undefined" />
	<Point X="162" Y="426" T="undefined" />
	<Point X="156" Y="430" T="undefined" />
	<Point X="151" Y="433" T="undefined" />
	<Point X="146" Y="436" T="undefined" />
	<Point X="142" Y="439" T="undefined" />
	<Point X="139" Y="442" T="undefined" />
	<Point X="137" Y="443" T="undefined" />
	<Point X="136" Y="444" T="undefined" />
	<Point X="135" Y="445" T="undefined" />
</Gesture>