<?xml version="1.0" encoding="utf-8" standalone="yes"?>
<Gesture Name="Zigzag3" NumPts="218">
	<Point X="180" Y="134" T="undefined" />
	<Point X="180" Y="135" T="undefined" />
	<Point X="181" Y="136" T="undefined" />
	<Point X="182" Y="137" T="undefined" />
	<Point X="184" Y="139" T="undefined" />
	<Point X="186" Y="141" T="undefined" />
	<Point X="190" Y="144" T="undefined" />
	<Point X="194" Y="147" T="undefined" />
	<Point X="197" Y="150" T="undefined" />
	<Point X="202" Y="154" T="undefined" />
	<Point X="208" Y="159" T="undefined" />
	<Point X="214" Y="164" T="undefined" />
	<Point X="220" Y="168" T="undefined" />
	<Point X="226" Y="173" T="undefined" />
	<Point X="232" Y="177" T="undefined" />
	<Point X="238" Y="181" T="undefined" />
	<Point X="246" Y="186" T="undefined" />
	<Point X="251" Y="189" T="undefined" />
	<Point X="258" Y="192" T="undefined" />
	<Point X="264" Y="195" T="undefined" />
	<Point X="270" Y="198" T="undefined" />
	<Point X="275" Y="201" T="undefined" />
	<Point X="280" Y="202" T="undefined" />
	<Point X="283" Y="204" T="undefined" />
	<Point X="287" Y="206" T="undefined" />
	<Point X="289" Y="207" T="undefined" />
	<Point X="292" Y="209" T="undefined" />
	<Point X="294" Y="210" T="undefined" />
	<Point X="296" Y="210" T="undefined" />
	<Point X="298" Y="212" T="undefined" />
	<Point X="299" Y="212" T="undefined" />
	<Point X="300" Y="213" T="undefined" />
	<Point X="301" Y="213" T="undefined" />
	<Point X="301" Y="214" T="undefined" />
	<Point X="302" Y="214" T="undefined" />
	<Point X="302" Y="215" T="undefined" />
	<Point X="302" Y="216" T="undefined" />
	<Point X="302" Y="217" T="undefined" />
	<Point X="302" Y="218" T="undefined" />
	<Point X="301" Y="218" T="undefined" />
	<Point X="300" Y="219" T="undefined" />
	<Point X="298" Y="221" T="undefined" />
	<Point X="296" Y="222" T="undefined" />
	<Point X="293" Y="223" T="undefined" />
	<Point X="289" Y="225" T="undefined" />
	<Point X="285" Y="227" T="undefined" />
	<Point X="279" Y="229" T="undefined" />
	<Point X="272" Y="232" T="undefined" />
	<Point X="263" Y="234" T="undefined" />
	<Point X="256" Y="236" T="undefined" />
	<Point X="246" Y="240" T="undefined" />
	<Point X="237" Y="242" T="undefined" />
	<Point X="229" Y="245" T="undefined" />
	<Point X="220" Y="248" T="undefined" />
	<Point X="210" Y="252" T="undefined" />
	<Point X="202" Y="254" T="undefined" />
	<Point X="196" Y="256" T="undefined" />
	<Point X="190" Y="258" T="undefined" />
	<Point X="185" Y="259" T="undefined" />
	<Point X="182" Y="259" T="undefined" />
	<Point X="179" Y="260" T="undefined" />
	<Point X="177" Y="260" T="undefined" />
	<Point X="175" Y="260" T="undefined" />
	<Point X="174" Y="260" T="undefined" />
	<Point X="174" Y="261" T="undefined" />
	<Point X="173" Y="261" T="undefined" />
	<Point X="174" Y="261" T="undefined" />
	<Point X="176" Y="261" T="undefined" />
	<Point X="178" Y="261" T="undefined" />
	<Point X="180" Y="262" T="undefined" />
	<Point X="184" Y="262" T="undefined" />
	<Point X="187" Y="262" T="undefined" />
	<Point X="192" Y="263" T="undefined" />
	<Point X="198" Y="264" T="undefined" />
	<Point X="204" Y="265" T="undefined" />
	<Point X="210" Y="266" T="undefined" />
	<Point X="217" Y="267" T="undefined" />
	<Point X="226" Y="269" T="undefined" />
	<Point X="234" Y="271" T="undefined" />
	<Point X="239" Y="272" T="undefined" />
	<Point X="247" Y="274" T="undefined" />
	<Point X="254" Y="275" T="undefined" />
	<Point X="262" Y="277" T="undefined" />
	<Point X="267" Y="278" T="undefined" />
	<Point X="274" Y="280" T="undefined" />
	<Point X="280" Y="281" T="undefined" />
	<Point X="285" Y="283" T="undefined" />
	<Point X="289" Y="284" T="undefined" />
	<Point X="294" Y="285" T="undefined" />
	<Point X="298" Y="286" T="undefined" />
	<Point X="302" Y="288" T="undefined" />
	<Point X="305" Y="288" T="undefined" />
	<Point X="308" Y="290" T="undefined" />
	<Point X="311" Y="291" T="undefined" />
	<Point X="313" Y="291" T="undefined" />
	<Point X="315" Y="292" T="undefined" />
	<Point X="316" Y="293" T="undefined" />
	<Point X="318" Y="294" T="undefined" />
	<Point X="320" Y="295" T="undefined" />
	<Point X="322" Y="295" T="undefined" />
	<Point X="323" Y="296" T="undefined" />
	<Point X="324" Y="297" T="undefined" />
	<Point X="326" Y="298" T="undefined" />
	<Point X="327" Y="298" T="undefined" />
	<Point X="328" Y="299" T="undefined" />
	<Point X="329" Y="299" T="undefined" />
	<Point X="330" Y="299" T="undefined" />
	<Point X="330" Y="300" T="undefined" />
	<Point X="329" Y="300" T="undefined" />
	<Point X="327" Y="300" T="undefined" />
	<Point X="324" Y="302" T="undefined" />
	<Point X="321" Y="302" T="undefined" />
	<Point X="317" Y="304" T="undefined" />
	<Point X="312" Y="306" T="undefined" />
	<Point X="306" Y="308" T="undefined" />
	<Point X="300" Y="310" T="undefined" />
	<Point X="292" Y="313" T="undefined" />
	<Point X="282" Y="317" T="undefined" />
	<Point X="274" Y="320" T="undefined" />
	<Point X="263" Y="325" T="undefined" />
	<Point X="256" Y="328" T="undefined" />
	<Point X="245" Y="332" T="undefined" />
	<Point X="238" Y="335" T="undefined" />
	<Point X="229" Y="339" T="undefined" />
	<Point X="223" Y="342" T="undefined" />
	<Point X="217" Y="344" T="undefined" />
	<Point X="211" Y="347" T="undefined" />
	<Point X="206" Y="349" T="undefined" />
	<Point X="201" Y="352" T="undefined" />
	<Point X="197" Y="354" T="undefined" />
	<Point X="193" Y="356" T="undefined" />
	<Point X="188" Y="358" T="undefined" />
	<Point X="185" Y="359" T="undefined" />
	<Point X="182" Y="361" T="undefined" />
	<Point X="179" Y="362" T="undefined" />
	<Point X="178" Y="363" T="undefined" />
	<Point X="177" Y="364" T="undefined" />
	<Point X="176" Y="364" T="undefined" />
	<Point X="177" Y="364" T="undefined" />
	<Point X="178" Y="364" T="undefined" />
	<Point X="181" Y="364" T="undefined" />
	<Point X="183" Y="364" T="undefined" />
	<Point X="189" Y="364" T="undefined" />
	<Point X="193" Y="364" T="undefined" />
	<Point X="198" Y="364" T="undefined" />
	<Point X="205" Y="364" T="undefined" />
	<Point X="211" Y="365" T="undefined" />
	<Point X="219" Y="365" T="undefined" />
	<Point X="226" Y="366" T="undefined" />
	<Point X="234" Y="367" T="undefined" />
	<Point X="242" Y="367" T="undefined" />
	<Point X="248" Y="368" T="undefined" />
	<Point X="257" Y="370" T="undefined" />
	<Point X="265" Y="371" T="undefined" />
	<Point X="273" Y="372" T="undefined" />
	<Point X="279" Y="374" T="undefined" />
	<Point X="288" Y="376" T="undefined" />
	<Point X="295" Y="377" T="undefined" />
	<Point X="302" Y="379" T="undefined" />
	<Point X="310" Y="380" T="undefined" />
	<Point X="316" Y="382" T="undefined" />
	<Point X="322" Y="383" T="undefined" />
	<Point X="329" Y="385" T="undefined" />
	<Point X="335" Y="387" T="undefined" />
	<Point X="340" Y="388" T="undefined" />
	<Point X="345" Y="389" T="undefined" />
	<Point X="350" Y="390" T="undefined" />
	<Point X="354" Y="391" T="undefined" />
	<Point X="358" Y="392" T="undefined" />
	<Point X="361" Y="393" T="undefined" />
	<Point X="364" Y="393" T="undefined" />
	<Point X="366" Y="394" T="undefined" />
	<Point X="368" Y="394" T="undefined" />
	<Point X="370" Y="395" T="undefined" />
	<Point X="371" Y="395" T="undefined" />
	<Point X="372" Y="395" T="undefined" />
	<Point X="373" Y="395" T="undefined" />
	<Point X="374" Y="395" T="undefined" />
	<Point X="375" Y="396" T="undefined" />
	<Point X="375" Y="397" T="undefined" />
	<Point X="374" Y="397" T="undefined" />
	<Point X="372" Y="399" T="undefined" />
	<Point X="370" Y="401" T="undefined" />
	<Point X="367" Y="403" T="undefined" />
	<Point X="363" Y="405" T="undefined" />
	<Point X="358" Y="409" T="undefined" />
	<Point X="352" Y="412" T="undefined" />
	<Point X="345" Y="416" T="undefined" />
	<Point X="338" Y="421" T="undefined" />
	<Point X="331" Y="425" T="undefined" />
	<Point X="325" Y="430" T="undefined" />
	<Point X="317" Y="435" T="undefined" />
	<Point X="311" Y="439" T="undefined" />
	<Point X="306" Y="443" T="undefined" />
	<Point X="301" Y="446" T="undefined" />
	<Point X="294" Y="451" T="undefined" />
	<Point X="289" Y="455" T="undefined" />
	<Point X="285" Y="458" T="undefined" />
	<Point X="280" Y="461" T="undefined" />
	<Point X="275" Y="465" T="undefined" />
	<Point X="271" Y="467" T="undefined" />
	<Point X="269" Y="469" T="undefined" />
	<Point X="266" Y="471" T="undefined" />
	<Point X="262" Y="473" T="undefined" />
	<Point X="260" Y="475" T="undefined" />
	<Point X="257" Y="477" T="undefined" />
	<Point X="255" Y="478" T="undefined" />
	<Point X="254" Y="479" T="undefined" />
	<Point X="253" Y="480" T="undefined" />
	<Point X="252" Y="481" T="undefined" />
	<Point X="251" Y="481" T="undefined" />
	<Point X="250" Y="482" T="undefined" />
	<Point X="250" Y="483" T="undefined" />
	<Point X="251" Y="483" T="undefined" />
	<Point X="253" Y="483" T="undefined" />
	<Point X="258" Y="484" T="undefined" />
	<Point X="264" Y="485" T="undefined" />
	<Point X="274" Y="487" T="undefined" />
</Gesture>