<?xml version="1.0" encoding="utf-8" standalone="yes"?>
<Gesture Name="arrow02" NumPts="72">
	<Point X="110" Y="341" T="0" />
	<Point X="110" Y="341" T="0" />
	<Point X="111" Y="341" T="0" />
	<Point X="114" Y="341" T="0" />
	<Point X="118" Y="341" T="0" />
	<Point X="128" Y="337" T="0" />
	<Point X="147" Y="330" T="0" />
	<Point X="174" Y="318" T="0" />
	<Point X="209" Y="302" T="0" />
	<Point X="241" Y="289" T="0" />
	<Point X="269" Y="277" T="0" />
	<Point X="292" Y="265" T="0" />
	<Point X="303" Y="258" T="0" />
	<Point X="310" Y="253" T="0" />
	<Point X="312" Y="251" T="0" />
	<Point X="312" Y="251" T="0" />
	<Point X="311" Y="251" T="0" />
	<Point X="311" Y="250" T="0" />
	<Point X="308" Y="250" T="0" />
	<Point X="298" Y="248" T="0" />
	<Point X="285" Y="246" T="0" />
	<Point X="264" Y="240" T="0" />
	<Point X="241" Y="235" T="0" />
	<Point X="224" Y="232" T="0" />
	<Point X="211" Y="231" T="0" />
	<Point X="208" Y="230" T="0" />
	<Point X="205" Y="229" T="0" />
	<Point X="197" Y="228" T="0" />
	<Point X="188" Y="225" T="0" />
	<Point X="181" Y="222" T="0" />
	<Point X="176" Y="219" T="0" />
	<Point X="172" Y="216" T="0" />
	<Point X="170" Y="214" T="0" />
	<Point X="168" Y="214" T="0" />
	<Point X="169" Y="214" T="0" />
	<Point X="170" Y="214" T="0" />
	<Point X="183" Y="217" T="0" />
	<Point X="184" Y="217" T="0" />
	<Point X="192" Y="220" T="0" />
	<Point X="206" Y="223" T="0" />
	<Point X="222" Y="227" T="0" />
	<Point X="238" Y="233" T="0" />
	<Point X="248" Y="237" T="0" />
	<Point X="258" Y="241" T="0" />
	<Point X="268" Y="244" T="0" />
	<Point X="278" Y="248" T="0" />
	<Point X="285" Y="249" T="0" />
	<Point X="290" Y="251" T="0" />
	<Point X="293" Y="253" T="0" />
	<Point X="300" Y="256" T="0" />
	<Point X="305" Y="257" T="0" />
	<Point X="313" Y="261" T="0" />
	<Point X="324" Y="267" T="0" />
	<Point X="333" Y="272" T="0" />
	<Point X="338" Y="275" T="0" />
	<Point X="340" Y="276" T="0" />
	<Point X="342" Y="277" T="0" />
	<Point X="344" Y="277" T="0" />
	<Point X="346" Y="278" T="0" />
	<Point X="347" Y="278" T="0" />
	<Point X="348" Y="278" T="0" />
	<Point X="347" Y="278" T="0" />
	<Point X="347" Y="279" T="0" />
	<Point X="345" Y="280" T="0" />
	<Point X="341" Y="285" T="0" />
	<Point X="333" Y="295" T="0" />
	<Point X="320" Y="312" T="0" />
	<Point X="296" Y="342" T="0" />
	<Point X="268" Y="377" T="0" />
	<Point X="243" Y="414" T="0" />
	<Point X="229" Y="436" T="0" />
	<Point X="228" Y="442" T="0" />
</Gesture>