<?xml version="1.0" encoding="utf-8" standalone="yes"?>
<Gesture Name="arrow07" NumPts="47">
	<Point X="119" Y="226" T="0" />
	<Point X="119" Y="226" T="0" />
	<Point X="120" Y="226" T="0" />
	<Point X="126" Y="226" T="0" />
	<Point X="137" Y="231" T="0" />
	<Point X="150" Y="235" T="0" />
	<Point X="162" Y="239" T="0" />
	<Point X="168" Y="240" T="0" />
	<Point X="172" Y="241" T="0" />
	<Point X="172" Y="241" T="0" />
	<Point X="172" Y="242" T="0" />
	<Point X="173" Y="242" T="0" />
	<Point X="174" Y="243" T="0" />
	<Point X="175" Y="244" T="0" />
	<Point X="176" Y="244" T="0" />
	<Point X="176" Y="245" T="0" />
	<Point X="176" Y="244" T="0" />
	<Point X="176" Y="243" T="0" />
	<Point X="175" Y="241" T="0" />
	<Point X="173" Y="238" T="0" />
	<Point X="171" Y="234" T="0" />
	<Point X="169" Y="231" T="0" />
	<Point X="168" Y="227" T="0" />
	<Point X="165" Y="222" T="0" />
	<Point X="164" Y="219" T="0" />
	<Point X="163" Y="218" T="0" />
	<Point X="164" Y="219" T="0" />
	<Point X="164" Y="220" T="0" />
	<Point X="168" Y="225" T="0" />
	<Point X="172" Y="231" T="0" />
	<Point X="176" Y="237" T="0" />
	<Point X="179" Y="244" T="0" />
	<Point X="184" Y="250" T="0" />
	<Point X="186" Y="254" T="0" />
	<Point X="188" Y="255" T="0" />
	<Point X="188" Y="256" T="0" />
	<Point X="189" Y="257" T="0" />
	<Point X="190" Y="257" T="0" />
	<Point X="189" Y="258" T="0" />
	<Point X="188" Y="258" T="0" />
	<Point X="184" Y="260" T="0" />
	<Point X="174" Y="266" T="0" />
	<Point X="162" Y="273" T="0" />
	<Point X="154" Y="282" T="0" />
	<Point X="148" Y="286" T="0" />
	<Point X="147" Y="288" T="0" />
	<Point X="147" Y="289" T="0" />
</Gesture>