<?xml version="1.0" encoding="utf-8" standalone="yes"?>
<Gesture Name="arrow05" NumPts="59">
	<Point X="145" Y="277" T="0" />
	<Point X="153" Y="279" T="0" />
	<Point X="164" Y="280" T="0" />
	<Point X="176" Y="281" T="0" />
	<Point X="191" Y="280" T="0" />
	<Point X="207" Y="276" T="0" />
	<Point X="220" Y="271" T="0" />
	<Point X="228" Y="269" T="0" />
	<Point X="232" Y="268" T="0" />
	<Point X="237" Y="267" T="0" />
	<Point X="240" Y="266" T="0" />
	<Point X="243" Y="265" T="0" />
	<Point X="245" Y="265" T="0" />
	<Point X="247" Y="264" T="0" />
	<Point X="250" Y="263" T="0" />
	<Point X="253" Y="262" T="0" />
	<Point X="255" Y="261" T="0" />
	<Point X="256" Y="261" T="0" />
	<Point X="256" Y="260" T="0" />
	<Point X="255" Y="260" T="0" />
	<Point X="249" Y="256" T="0" />
	<Point X="238" Y="250" T="0" />
	<Point X="231" Y="245" T="0" />
	<Point X="226" Y="243" T="0" />
	<Point X="222" Y="240" T="0" />
	<Point X="218" Y="238" T="0" />
	<Point X="214" Y="234" T="0" />
	<Point X="211" Y="232" T="0" />
	<Point X="210" Y="232" T="0" />
	<Point X="211" Y="232" T="0" />
	<Point X="213" Y="235" T="0" />
	<Point X="218" Y="241" T="0" />
	<Point X="228" Y="249" T="0" />
	<Point X="243" Y="259" T="0" />
	<Point X="254" Y="266" T="0" />
	<Point X="259" Y="269" T="0" />
	<Point X="261" Y="270" T="0" />
	<Point X="266" Y="273" T="0" />
	<Point X="272" Y="274" T="0" />
	<Point X="275" Y="276" T="0" />
	<Point X="278" Y="277" T="0" />
	<Point X="279" Y="277" T="0" />
	<Point X="279" Y="278" T="0" />
	<Point X="279" Y="279" T="0" />
	<Point X="279" Y="280" T="0" />
	<Point X="280" Y="281" T="0" />
	<Point X="280" Y="282" T="0" />
	<Point X="280" Y="283" T="0" />
	<Point X="280" Y="285" T="0" />
	<Point X="280" Y="286" T="0" />
	<Point X="280" Y="287" T="0" />
	<Point X="279" Y="287" T="0" />
	<Point X="277" Y="288" T="0" />
	<Point X="271" Y="291" T="0" />
	<Point X="263" Y="297" T="0" />
	<Point X="253" Y="308" T="0" />
	<Point X="243" Y="321" T="0" />
	<Point X="237" Y="333" T="0" />
	<Point X="233" Y="342" T="0" />
</Gesture>