<?xml version="1.0" encoding="utf-8" standalone="yes"?>
<Gesture Name="arrow10" NumPts="69">
	<Point X="141" Y="395" T="0" />
	<Point X="141" Y="395" T="0" />
	<Point X="142" Y="395" T="0" />
	<Point X="146" Y="394" T="0" />
	<Point X="153" Y="393" T="0" />
	<Point X="159" Y="390" T="0" />
	<Point X="176" Y="384" T="0" />
	<Point X="195" Y="376" T="0" />
	<Point X="213" Y="366" T="0" />
	<Point X="232" Y="355" T="0" />
	<Point X="247" Y="345" T="0" />
	<Point X="255" Y="341" T="0" />
	<Point X="256" Y="341" T="0" />
	<Point X="255" Y="341" T="0" />
	<Point X="255" Y="340" T="0" />
	<Point X="250" Y="338" T="0" />
	<Point X="243" Y="334" T="0" />
	<Point X="237" Y="330" T="0" />
	<Point X="230" Y="326" T="0" />
	<Point X="226" Y="324" T="0" />
	<Point X="222" Y="323" T="0" />
	<Point X="219" Y="321" T="0" />
	<Point X="216" Y="320" T="0" />
	<Point X="215" Y="320" T="0" />
	<Point X="216" Y="320" T="0" />
	<Point X="217" Y="320" T="0" />
	<Point X="223" Y="323" T="0" />
	<Point X="228" Y="327" T="0" />
	<Point X="233" Y="330" T="0" />
	<Point X="237" Y="333" T="0" />
	<Point X="238" Y="334" T="0" />
	<Point X="239" Y="335" T="0" />
	<Point X="240" Y="337" T="0" />
	<Point X="243" Y="339" T="0" />
	<Point X="245" Y="342" T="0" />
	<Point X="247" Y="344" T="0" />
	<Point X="248" Y="345" T="0" />
	<Point X="248" Y="346" T="0" />
	<Point X="249" Y="346" T="0" />
	<Point X="248" Y="347" T="0" />
	<Point X="248" Y="348" T="0" />
	<Point X="247" Y="353" T="0" />
	<Point X="243" Y="361" T="0" />
	<Point X="241" Y="366" T="0" />
	<Point X="240" Y="370" T="0" />
	<Point X="239" Y="372" T="0" />
	<Point X="239" Y="373" T="0" />
	<Point X="239" Y="374" T="0" />
	<Point X="238" Y="375" T="0" />
	<Point X="238" Y="376" T="0" />
	<Point X="238" Y="377" T="0" />
	<Point X="238" Y="378" T="0" />
	<Point X="237" Y="381" T="0" />
	<Point X="237" Y="382" T="0" />
	<Point X="237" Y="383" T="0" />
	<Point X="237" Y="384" T="0" />
	<Point X="236" Y="386" T="0" />
	<Point X="236" Y="389" T="0" />
	<Point X="236" Y="391" T="0" />
	<Point X="236" Y="392" T="0" />
	<Point X="236" Y="394" T="0" />
	<Point X="236" Y="395" T="0" />
	<Point X="236" Y="396" T="0" />
	<Point X="235" Y="396" T="0" />
	<Point X="235" Y="397" T="0" />
	<Point X="235" Y="398" T="0" />
	<Point X="235" Y="400" T="0" />
	<Point X="235" Y="402" T="0" />
	<Point X="235" Y="404" T="0" />
</Gesture>