<?xml version="1.0" encoding="utf-8" standalone="yes"?>
<Gesture Name="arrow01" NumPts="80">
	<Point X="119" Y="313" T="0" />
	<Point X="120" Y="313" T="0" />
	<Point X="120" Y="313" T="0" />
	<Point X="122" Y="313" T="0" />
	<Point X="125" Y="314" T="0" />
	<Point X="129" Y="314" T="0" />
	<Point X="134" Y="315" T="0" />
	<Point X="140" Y="316" T="0" />
	<Point X="152" Y="317" T="0" />
	<Point X="167" Y="317" T="0" />
	<Point X="182" Y="316" T="0" />
	<Point X="196" Y="314" T="0" />
	<Point X="210" Y="311" T="0" />
	<Point X="216" Y="308" T="0" />
	<Point X="247" Y="296" T="0" />
	<Point X="270" Y="288" T="0" />
	<Point X="289" Y="282" T="0" />
	<Point X="295" Y="278" T="0" />
	<Point X="299" Y="275" T="0" />
	<Point X="301" Y="273" T="0" />
	<Point X="303" Y="272" T="0" />
	<Point X="303" Y="271" T="0" />
	<Point X="302" Y="271" T="0" />
	<Point X="300" Y="270" T="0" />
	<Point X="292" Y="265" T="0" />
	<Point X="283" Y="259" T="0" />
	<Point X="275" Y="255" T="0" />
	<Point X="267" Y="252" T="0" />
	<Point X="256" Y="247" T="0" />
	<Point X="249" Y="245" T="0" />
	<Point X="246" Y="243" T="0" />
	<Point X="244" Y="242" T="0" />
	<Point X="241" Y="241" T="0" />
	<Point X="237" Y="240" T="0" />
	<Point X="233" Y="238" T="0" />
	<Point X="231" Y="238" T="0" />
	<Point X="230" Y="238" T="0" />
	<Point X="229" Y="238" T="0" />
	<Point X="228" Y="238" T="0" />
	<Point X="227" Y="238" T="0" />
	<Point X="226" Y="239" T="0" />
	<Point X="227" Y="239" T="0" />
	<Point X="228" Y="239" T="0" />
	<Point X="231" Y="240" T="0" />
	<Point X="234" Y="242" T="0" />
	<Point X="241" Y="245" T="0" />
	<Point X="247" Y="248" T="0" />
	<Point X="254" Y="251" T="0" />
	<Point X="258" Y="254" T="0" />
	<Point X="261" Y="257" T="0" />
	<Point X="264" Y="258" T="0" />
	<Point X="267" Y="259" T="0" />
	<Point X="268" Y="259" T="0" />
	<Point X="270" Y="259" T="0" />
	<Point X="271" Y="260" T="0" />
	<Point X="272" Y="260" T="0" />
	<Point X="275" Y="260" T="0" />
	<Point X="276" Y="260" T="0" />
	<Point X="277" Y="260" T="0" />
	<Point X="277" Y="261" T="0" />
	<Point X="280" Y="263" T="0" />
	<Point X="285" Y="267" T="0" />
	<Point X="290" Y="269" T="0" />
	<Point X="296" Y="273" T="0" />
	<Point X="301" Y="276" T="0" />
	<Point X="304" Y="278" T="0" />
	<Point X="307" Y="279" T="0" />
	<Point X="310" Y="281" T="0" />
	<Point X="315" Y="284" T="0" />
	<Point X="317" Y="285" T="0" />
	<Point X="317" Y="286" T="0" />
	<Point X="317" Y="287" T="0" />
	<Point X="317" Y="288" T="0" />
	<Point X="314" Y="293" T="0" />
	<Point X="308" Y="306" T="0" />
	<Point X="299" Y="325" T="0" />
	<Point X="287" Y="350" T="0" />
	<Point X="275" Y="374" T="0" />
	<Point X="266" Y="390" T="0" />
	<Point X="260" Y="403" T="0" />
</Gesture>