<?xml version="1.0" encoding="utf-8" standalone="yes"?>
<Gesture Name="arrow09" NumPts="55">
	<Point X="119" Y="248" T="0" />
	<Point X="120" Y="248" T="0" />
	<Point X="121" Y="249" T="0" />
	<Point X="124" Y="249" T="0" />
	<Point X="127" Y="248" T="0" />
	<Point X="131" Y="246" T="0" />
	<Point X="137" Y="241" T="0" />
	<Point X="140" Y="238" T="0" />
	<Point X="148" Y="230" T="0" />
	<Point X="155" Y="222" T="0" />
	<Point X="166" Y="210" T="0" />
	<Point X="178" Y="200" T="0" />
	<Point X="183" Y="196" T="0" />
	<Point X="191" Y="191" T="0" />
	<Point X="198" Y="188" T="0" />
	<Point X="205" Y="184" T="0" />
	<Point X="211" Y="183" T="0" />
	<Point X="215" Y="181" T="0" />
	<Point X="218" Y="180" T="0" />
	<Point X="220" Y="179" T="0" />
	<Point X="220" Y="178" T="0" />
	<Point X="220" Y="177" T="0" />
	<Point X="217" Y="173" T="0" />
	<Point X="211" Y="166" T="0" />
	<Point X="205" Y="162" T="0" />
	<Point X="195" Y="157" T="0" />
	<Point X="186" Y="153" T="0" />
	<Point X="177" Y="150" T="0" />
	<Point X="170" Y="148" T="0" />
	<Point X="167" Y="147" T="0" />
	<Point X="168" Y="147" T="0" />
	<Point X="169" Y="147" T="0" />
	<Point X="171" Y="147" T="0" />
	<Point X="176" Y="148" T="0" />
	<Point X="183" Y="150" T="0" />
	<Point X="195" Y="155" T="0" />
	<Point X="209" Y="161" T="0" />
	<Point X="217" Y="164" T="0" />
	<Point X="219" Y="166" T="0" />
	<Point X="219" Y="167" T="0" />
	<Point X="220" Y="168" T="0" />
	<Point X="223" Y="170" T="0" />
	<Point X="224" Y="171" T="0" />
	<Point X="224" Y="172" T="0" />
	<Point X="224" Y="173" T="0" />
	<Point X="224" Y="175" T="0" />
	<Point X="224" Y="176" T="0" />
	<Point X="223" Y="177" T="0" />
	<Point X="223" Y="178" T="0" />
	<Point X="222" Y="179" T="0" />
	<Point X="218" Y="187" T="0" />
	<Point X="209" Y="200" T="0" />
	<Point X="194" Y="219" T="0" />
	<Point X="179" Y="237" T="0" />
	<Point X="174" Y="246" T="0" />
</Gesture>