<?xml version="1.0" encoding="utf-8" standalone="yes"?>
<Gesture Name="arrow06" NumPts="54">
	<Point X="184" Y="243" T="0" />
	<Point X="184" Y="243" T="0" />
	<Point X="185" Y="243" T="0" />
	<Point X="190" Y="241" T="0" />
	<Point X="195" Y="238" T="0" />
	<Point X="203" Y="235" T="0" />
	<Point X="205" Y="233" T="0" />
	<Point X="206" Y="233" T="0" />
	<Point X="207" Y="232" T="0" />
	<Point X="219" Y="225" T="0" />
	<Point X="226" Y="221" T="0" />
	<Point X="239" Y="216" T="0" />
	<Point X="245" Y="213" T="0" />
	<Point X="250" Y="210" T="0" />
	<Point X="252" Y="210" T="0" />
	<Point X="260" Y="207" T="0" />
	<Point X="262" Y="206" T="0" />
	<Point X="263" Y="206" T="0" />
	<Point X="263" Y="205" T="0" />
	<Point X="262" Y="205" T="0" />
	<Point X="256" Y="202" T="0" />
	<Point X="252" Y="200" T="0" />
	<Point X="249" Y="199" T="0" />
	<Point X="245" Y="196" T="0" />
	<Point X="239" Y="191" T="0" />
	<Point X="232" Y="184" T="0" />
	<Point X="228" Y="181" T="0" />
	<Point X="226" Y="180" T="0" />
	<Point X="223" Y="178" T="0" />
	<Point X="221" Y="177" T="0" />
	<Point X="220" Y="176" T="0" />
	<Point X="219" Y="176" T="0" />
	<Point X="220" Y="176" T="0" />
	<Point X="221" Y="176" T="0" />
	<Point X="226" Y="178" T="0" />
	<Point X="234" Y="182" T="0" />
	<Point X="243" Y="186" T="0" />
	<Point X="254" Y="192" T="0" />
	<Point X="264" Y="198" T="0" />
	<Point X="271" Y="201" T="0" />
	<Point X="279" Y="207" T="0" />
	<Point X="285" Y="210" T="0" />
	<Point X="290" Y="214" T="0" />
	<Point X="292" Y="216" T="0" />
	<Point X="292" Y="217" T="0" />
	<Point X="291" Y="218" T="0" />
	<Point X="290" Y="219" T="0" />
	<Point X="284" Y="226" T="0" />
	<Point X="271" Y="242" T="0" />
	<Point X="256" Y="263" T="0" />
	<Point X="237" Y="287" T="0" />
	<Point X="221" Y="303" T="0" />
	<Point X="201" Y="316" T="0" />
	<Point X="187" Y="322" T="0" />
</Gesture>