<?xml version="1.0" encoding="utf-8" standalone="yes"?>
<Gesture Name="caret07" NumPts="21">
	<Point X="215" Y="354" T="0" />
	<Point X="215" Y="354" T="0" />
	<Point X="215" Y="353" T="0" />
	<Point X="218" Y="348" T="0" />
	<Point X="224" Y="338" T="0" />
	<Point X="235" Y="322" T="0" />
	<Point X="250" Y="301" T="0" />
	<Point X="267" Y="275" T="0" />
	<Point X="286" Y="246" T="0" />
	<Point X="301" Y="226" T="0" />
	<Point X="311" Y="213" T="0" />
	<Point X="313" Y="211" T="0" />
	<Point X="313" Y="211" T="0" />
	<Point X="314" Y="214" T="0" />
	<Point X="319" Y="226" T="0" />
	<Point X="328" Y="253" T="0" />
	<Point X="340" Y="289" T="0" />
	<Point X="353" Y="327" T="0" />
	<Point X="367" Y="361" T="0" />
	<Point X="372" Y="372" T="0" />
	<Point X="373" Y="374" T="0" />
</Gesture>