<?xml version="1.0" encoding="utf-8" standalone="yes"?>
<Gesture Name="caret08" NumPts="21">
	<Point X="184" Y="391" T="0" />
	<Point X="184" Y="391" T="0" />
	<Point X="184" Y="390" T="0" />
	<Point X="184" Y="389" T="0" />
	<Point X="188" Y="384" T="0" />
	<Point X="197" Y="373" T="0" />
	<Point X="212" Y="358" T="0" />
	<Point X="232" Y="335" T="0" />
	<Point X="256" Y="305" T="0" />
	<Point X="262" Y="299" T="0" />
	<Point X="269" Y="290" T="0" />
	<Point X="272" Y="287" T="0" />
	<Point X="272" Y="287" T="0" />
	<Point X="272" Y="287" T="0" />
	<Point X="273" Y="293" T="0" />
	<Point X="276" Y="304" T="0" />
	<Point X="280" Y="322" T="0" />
	<Point X="284" Y="348" T="0" />
	<Point X="288" Y="375" T="0" />
	<Point X="293" Y="395" T="0" />
	<Point X="295" Y="401" T="0" />
</Gesture>