<?xml version="1.0" encoding="utf-8" standalone="yes"?>
<Gesture Name="caret02" NumPts="30">
	<Point X="171" Y="407" T="0" />
	<Point X="171" Y="407" T="0" />
	<Point X="172" Y="406" T="0" />
	<Point X="176" Y="404" T="0" />
	<Point X="186" Y="396" T="0" />
	<Point X="201" Y="380" T="0" />
	<Point X="232" Y="343" T="0" />
	<Point X="269" Y="304" T="0" />
	<Point X="295" Y="278" T="0" />
	<Point X="328" Y="246" T="0" />
	<Point X="349" Y="224" T="0" />
	<Point X="361" Y="210" T="0" />
	<Point X="367" Y="201" T="0" />
	<Point X="368" Y="200" T="0" />
	<Point X="368" Y="200" T="0" />
	<Point X="368" Y="201" T="0" />
	<Point X="367" Y="207" T="0" />
	<Point X="362" Y="229" T="0" />
	<Point X="355" Y="265" T="0" />
	<Point X="349" Y="302" T="0" />
	<Point X="350" Y="331" T="0" />
	<Point X="356" Y="347" T="0" />
	<Point X="361" Y="357" T="0" />
	<Point X="364" Y="364" T="0" />
	<Point X="366" Y="369" T="0" />
	<Point X="367" Y="375" T="0" />
	<Point X="370" Y="387" T="0" />
	<Point X="375" Y="404" T="0" />
	<Point X="378" Y="420" T="0" />
	<Point X="380" Y="429" T="0" />
</Gesture>