<?xml version="1.0" encoding="utf-8" standalone="yes"?>
<Gesture Name="caret01" NumPts="26">
	<Point X="110" Y="373" T="0" />
	<Point X="110" Y="373" T="0" />
	<Point X="112" Y="370" T="0" />
	<Point X="118" Y="357" T="0" />
	<Point X="129" Y="335" T="0" />
	<Point X="145" Y="312" T="0" />
	<Point X="168" Y="283" T="0" />
	<Point X="195" Y="255" T="0" />
	<Point X="219" Y="233" T="0" />
	<Point X="239" Y="218" T="0" />
	<Point X="246" Y="211" T="0" />
	<Point X="247" Y="210" T="0" />
	<Point X="247" Y="210" T="0" />
	<Point X="248" Y="210" T="0" />
	<Point X="252" Y="215" T="0" />
	<Point X="257" Y="226" T="0" />
	<Point X="265" Y="246" T="0" />
	<Point X="277" Y="278" T="0" />
	<Point X="288" Y="309" T="0" />
	<Point X="298" Y="329" T="0" />
	<Point X="303" Y="339" T="0" />
	<Point X="304" Y="341" T="0" />
	<Point X="304" Y="342" T="0" />
	<Point X="305" Y="343" T="0" />
	<Point X="305" Y="345" T="0" />
	<Point X="305" Y="346" T="0" />
</Gesture>