<?xml version="1.0" encoding="utf-8" standalone="yes"?>
<Gesture Name="caret06" NumPts="22">
	<Point X="102" Y="321" T="0" />
	<Point X="103" Y="321" T="0" />
	<Point X="106" Y="320" T="0" />
	<Point X="112" Y="316" T="0" />
	<Point X="120" Y="307" T="0" />
	<Point X="130" Y="291" T="0" />
	<Point X="143" Y="271" T="0" />
	<Point X="158" Y="245" T="0" />
	<Point X="172" Y="224" T="0" />
	<Point X="183" Y="207" T="0" />
	<Point X="192" Y="197" T="0" />
	<Point X="193" Y="196" T="0" />
	<Point X="193" Y="196" T="0" />
	<Point X="194" Y="196" T="0" />
	<Point X="198" Y="204" T="0" />
	<Point X="203" Y="221" T="0" />
	<Point X="208" Y="252" T="0" />
	<Point X="217" Y="295" T="0" />
	<Point X="223" Y="336" T="0" />
	<Point X="230" Y="358" T="0" />
	<Point X="234" Y="365" T="0" />
	<Point X="235" Y="367" T="0" />
</Gesture>