<?xml version="1.0" encoding="utf-8" standalone="yes"?>
<Gesture Name="caret05" NumPts="28">
	<Point X="116" Y="328" T="0" />
	<Point X="116" Y="328" T="0" />
	<Point X="117" Y="327" T="0" />
	<Point X="124" Y="324" T="0" />
	<Point X="132" Y="316" T="0" />
	<Point X="144" Y="299" T="0" />
	<Point X="159" Y="277" T="0" />
	<Point X="172" Y="252" T="0" />
	<Point X="185" Y="226" T="0" />
	<Point X="195" Y="210" T="0" />
	<Point X="199" Y="204" T="0" />
	<Point X="199" Y="203" T="0" />
	<Point X="199" Y="203" T="0" />
	<Point X="199" Y="204" T="0" />
	<Point X="200" Y="205" T="0" />
	<Point X="206" Y="218" T="0" />
	<Point X="212" Y="239" T="0" />
	<Point X="224" Y="269" T="0" />
	<Point X="237" Y="299" T="0" />
	<Point X="250" Y="320" T="0" />
	<Point X="257" Y="332" T="0" />
	<Point X="261" Y="336" T="0" />
	<Point X="261" Y="337" T="0" />
	<Point X="261" Y="338" T="0" />
	<Point X="261" Y="339" T="0" />
	<Point X="262" Y="341" T="0" />
	<Point X="262" Y="343" T="0" />
	<Point X="262" Y="345" T="0" />
</Gesture>