<?xml version="1.0" encoding="utf-8" standalone="yes"?>
<Gesture Name="caret09" NumPts="26">
	<Point X="165" Y="315" T="0" />
	<Point X="167" Y="314" T="0" />
	<Point X="174" Y="310" T="0" />
	<Point X="186" Y="302" T="0" />
	<Point X="199" Y="290" T="0" />
	<Point X="216" Y="270" T="0" />
	<Point X="239" Y="244" T="0" />
	<Point X="261" Y="218" T="0" />
	<Point X="279" Y="197" T="0" />
	<Point X="293" Y="182" T="0" />
	<Point X="300" Y="174" T="0" />
	<Point X="302" Y="171" T="0" />
	<Point X="302" Y="171" T="0" />
	<Point X="302" Y="176" T="0" />
	<Point X="304" Y="190" T="0" />
	<Point X="308" Y="216" T="0" />
	<Point X="314" Y="252" T="0" />
	<Point X="324" Y="288" T="0" />
	<Point X="335" Y="317" T="0" />
	<Point X="343" Y="334" T="0" />
	<Point X="347" Y="339" T="0" />
	<Point X="349" Y="344" T="0" />
	<Point X="350" Y="348" T="0" />
	<Point X="352" Y="353" T="0" />
	<Point X="354" Y="360" T="0" />
	<Point X="355" Y="368" T="0" />
</Gesture>