<?xml version="1.0" encoding="utf-8" standalone="yes"?>
<Gesture Name="caret03" NumPts="32">
	<Point X="178" Y="353" T="0" />
	<Point X="179" Y="351" T="0" />
	<Point X="182" Y="348" T="0" />
	<Point X="190" Y="340" T="0" />
	<Point X="201" Y="328" T="0" />
	<Point X="217" Y="309" T="0" />
	<Point X="236" Y="285" T="0" />
	<Point X="256" Y="259" T="0" />
	<Point X="276" Y="235" T="0" />
	<Point X="297" Y="210" T="0" />
	<Point X="309" Y="194" T="0" />
	<Point X="313" Y="187" T="0" />
	<Point X="314" Y="183" T="0" />
	<Point X="314" Y="182" T="0" />
	<Point X="316" Y="179" T="0" />
	<Point X="316" Y="179" T="0" />
	<Point X="316" Y="180" T="0" />
	<Point X="316" Y="182" T="0" />
	<Point X="315" Y="194" T="0" />
	<Point X="315" Y="220" T="0" />
	<Point X="317" Y="255" T="0" />
	<Point X="321" Y="295" T="0" />
	<Point X="327" Y="326" T="0" />
	<Point X="335" Y="348" T="0" />
	<Point X="342" Y="360" T="0" />
	<Point X="342" Y="361" T="0" />
	<Point X="342" Y="362" T="0" />
	<Point X="342" Y="363" T="0" />
	<Point X="343" Y="363" T="0" />
	<Point X="344" Y="369" T="0" />
	<Point X="346" Y="375" T="0" />
	<Point X="347" Y="380" T="0" />
</Gesture>