<?xml version="1.0" encoding="utf-8" standalone="yes"?>
<Gesture Name="Pigtail6" NumPts="27">
	<Point X="72" Y="206" T="undefined" />
	<Point X="72" Y="206" T="undefined" />
	<Point X="92" Y="211" T="undefined" />
	<Point X="190" Y="238" T="undefined" />
	<Point X="276" Y="258" T="undefined" />
	<Point X="345" Y="270" T="undefined" />
	<Point X="358" Y="268" T="undefined" />
	<Point X="364" Y="263" T="undefined" />
	<Point X="368" Y="244" T="undefined" />
	<Point X="368" Y="210" T="undefined" />
	<Point X="362" Y="149" T="undefined" />
	<Point X="342" Y="77" T="undefined" />
	<Point X="327" Y="54" T="undefined" />
	<Point X="318" Y="48" T="undefined" />
	<Point X="303" Y="50" T="undefined" />
	<Point X="287" Y="64" T="undefined" />
	<Point X="254" Y="122" T="undefined" />
	<Point X="245" Y="160" T="undefined" />
	<Point X="244" Y="195" T="undefined" />
	<Point X="268" Y="249" T="undefined" />
	<Point X="296" Y="284" T="undefined" />
	<Point X="342" Y="316" T="undefined" />
	<Point X="411" Y="352" T="undefined" />
	<Point X="434" Y="358" T="undefined" />
	<Point X="440" Y="360" T="undefined" />
	<Point X="443" Y="360" T="undefined" />
	<Point X="443" Y="358" T="undefined" />
</Gesture>