<?xml version="1.0" encoding="utf-8" standalone="yes"?>
<Gesture Name="Pigtail8" NumPts="29">
	<Point X="133" Y="269" T="undefined" />
	<Point X="149" Y="269" T="undefined" />
	<Point X="177" Y="266" T="undefined" />
	<Point X="208" Y="261" T="undefined" />
	<Point X="276" Y="247" T="undefined" />
	<Point X="292" Y="240" T="undefined" />
	<Point X="300" Y="222" T="undefined" />
	<Point X="302" Y="200" T="undefined" />
	<Point X="302" Y="169" T="undefined" />
	<Point X="299" Y="133" T="undefined" />
	<Point X="296" Y="121" T="undefined" />
	<Point X="291" Y="112" T="undefined" />
	<Point X="287" Y="108" T="undefined" />
	<Point X="284" Y="107" T="undefined" />
	<Point X="278" Y="106" T="undefined" />
	<Point X="276" Y="107" T="undefined" />
	<Point X="273" Y="111" T="undefined" />
	<Point X="265" Y="132" T="undefined" />
	<Point X="262" Y="162" T="undefined" />
	<Point X="268" Y="196" T="undefined" />
	<Point X="296" Y="244" T="undefined" />
	<Point X="320" Y="266" T="undefined" />
	<Point X="348" Y="281" T="undefined" />
	<Point X="384" Y="294" T="undefined" />
	<Point X="396" Y="295" T="undefined" />
	<Point X="401" Y="296" T="undefined" />
	<Point X="402" Y="296" T="undefined" />
	<Point X="403" Y="296" T="undefined" />
	<Point X="403" Y="295" T="undefined" />
</Gesture>