<?xml version="1.0" encoding="utf-8" standalone="yes"?>
<Gesture Name="Pigtail7" NumPts="27">
	<Point X="68" Y="241" T="undefined" />
	<Point X="95" Y="241" T="undefined" />
	<Point X="154" Y="241" T="undefined" />
	<Point X="242" Y="239" T="undefined" />
	<Point X="312" Y="233" T="undefined" />
	<Point X="324" Y="228" T="undefined" />
	<Point X="330" Y="222" T="undefined" />
	<Point X="338" Y="190" T="undefined" />
	<Point X="338" Y="140" T="undefined" />
	<Point X="332" Y="76" T="undefined" />
	<Point X="325" Y="63" T="undefined" />
	<Point X="321" Y="58" T="undefined" />
	<Point X="316" Y="58" T="undefined" />
	<Point X="310" Y="59" T="undefined" />
	<Point X="296" Y="68" T="undefined" />
	<Point X="240" Y="136" T="undefined" />
	<Point X="196" Y="206" T="undefined" />
	<Point X="176" Y="257" T="undefined" />
	<Point X="177" Y="294" T="undefined" />
	<Point X="190" Y="312" T="undefined" />
	<Point X="224" Y="333" T="undefined" />
	<Point X="261" Y="342" T="undefined" />
	<Point X="303" Y="346" T="undefined" />
	<Point X="365" Y="351" T="undefined" />
	<Point X="390" Y="353" T="undefined" />
	<Point X="401" Y="353" T="undefined" />
	<Point X="406" Y="353" T="undefined" />
</Gesture>