<?xml version="1.0" encoding="utf-8" standalone="yes"?>
<Gesture Name="Pigtail0" NumPts="31">
	<Point X="61" Y="284" T="undefined" />
	<Point X="70" Y="284" T="undefined" />
	<Point X="84" Y="284" T="undefined" />
	<Point X="148" Y="284" T="undefined" />
	<Point X="200" Y="279" T="undefined" />
	<Point X="237" Y="272" T="undefined" />
	<Point X="264" Y="262" T="undefined" />
	<Point X="272" Y="256" T="undefined" />
	<Point X="276" Y="249" T="undefined" />
	<Point X="277" Y="236" T="undefined" />
	<Point X="273" Y="216" T="undefined" />
	<Point X="262" Y="186" T="undefined" />
	<Point X="234" Y="147" T="undefined" />
	<Point X="212" Y="131" T="undefined" />
	<Point X="194" Y="127" T="undefined" />
	<Point X="186" Y="129" T="undefined" />
	<Point X="182" Y="132" T="undefined" />
	<Point X="176" Y="144" T="undefined" />
	<Point X="174" Y="161" T="undefined" />
	<Point X="178" Y="190" T="undefined" />
	<Point X="200" Y="248" T="undefined" />
	<Point X="218" Y="273" T="undefined" />
	<Point X="236" Y="290" T="undefined" />
	<Point X="267" Y="304" T="undefined" />
	<Point X="293" Y="310" T="undefined" />
	<Point X="336" Y="313" T="undefined" />
	<Point X="356" Y="312" T="undefined" />
	<Point X="366" Y="311" T="undefined" />
	<Point X="370" Y="310" T="undefined" />
	<Point X="372" Y="310" T="undefined" />
	<Point X="373" Y="309" T="undefined" />
</Gesture>