<?xml version="1.0" encoding="utf-8" standalone="yes"?>
<Gesture Name="Pigtail5" NumPts="25">
	<Point X="172" Y="334" T="undefined" />
	<Point X="186" Y="328" T="undefined" />
	<Point X="186" Y="328" T="undefined" />
	<Point X="232" Y="305" T="undefined" />
	<Point X="290" Y="275" T="undefined" />
	<Point X="304" Y="263" T="undefined" />
	<Point X="313" Y="248" T="undefined" />
	<Point X="313" Y="236" T="undefined" />
	<Point X="305" Y="223" T="undefined" />
	<Point X="282" Y="204" T="undefined" />
	<Point X="267" Y="195" T="undefined" />
	<Point X="249" Y="187" T="undefined" />
	<Point X="240" Y="186" T="undefined" />
	<Point X="228" Y="189" T="undefined" />
	<Point X="207" Y="210" T="undefined" />
	<Point X="196" Y="236" T="undefined" />
	<Point X="194" Y="266" T="undefined" />
	<Point X="202" Y="315" T="undefined" />
	<Point X="222" Y="341" T="undefined" />
	<Point X="260" Y="372" T="undefined" />
	<Point X="295" Y="382" T="undefined" />
	<Point X="324" Y="385" T="undefined" />
	<Point X="347" Y="380" T="undefined" />
	<Point X="370" Y="367" T="undefined" />
	<Point X="378" Y="360" T="undefined" />
</Gesture>