<?xml version="1.0" encoding="utf-8" standalone="yes"?>
<Gesture Name="Circle9" NumPts="31">
	<Point X="241" Y="190" T="undefined" />
	<Point X="241" Y="190" T="undefined" />
	<Point X="217" Y="199" T="undefined" />
	<Point X="154" Y="228" T="undefined" />
	<Point X="122" Y="246" T="undefined" />
	<Point X="96" Y="268" T="undefined" />
	<Point X="88" Y="278" T="undefined" />
	<Point X="82" Y="288" T="undefined" />
	<Point X="76" Y="302" T="undefined" />
	<Point X="76" Y="312" T="undefined" />
	<Point X="80" Y="330" T="undefined" />
	<Point X="91" Y="344" T="undefined" />
	<Point X="112" Y="362" T="undefined" />
	<Point X="191" Y="397" T="undefined" />
	<Point X="250" Y="404" T="undefined" />
	<Point X="290" Y="404" T="undefined" />
	<Point X="342" Y="390" T="undefined" />
	<Point X="361" Y="378" T="undefined" />
	<Point X="372" Y="362" T="undefined" />
	<Point X="383" Y="332" T="undefined" />
	<Point X="384" Y="310" T="undefined" />
	<Point X="380" Y="276" T="undefined" />
	<Point X="371" Y="258" T="undefined" />
	<Point X="359" Y="243" T="undefined" />
	<Point X="328" Y="222" T="undefined" />
	<Point X="304" Y="213" T="undefined" />
	<Point X="282" Y="210" T="undefined" />
	<Point X="254" Y="211" T="undefined" />
	<Point X="236" Y="215" T="undefined" />
	<Point X="218" Y="220" T="undefined" />
	<Point X="216" Y="222" T="undefined" />
</Gesture>