<?xml version="1.0" encoding="utf-8" standalone="yes"?>
<Gesture Name="Circle8" NumPts="39">
	<Point X="187" Y="197" T="undefined" />
	<Point X="184" Y="199" T="undefined" />
	<Point X="174" Y="206" T="undefined" />
	<Point X="166" Y="210" T="undefined" />
	<Point X="136" Y="234" T="undefined" />
	<Point X="120" Y="250" T="undefined" />
	<Point X="100" Y="274" T="undefined" />
	<Point X="88" Y="290" T="undefined" />
	<Point X="83" Y="302" T="undefined" />
	<Point X="78" Y="314" T="undefined" />
	<Point X="78" Y="328" T="undefined" />
	<Point X="78" Y="340" T="undefined" />
	<Point X="86" Y="356" T="undefined" />
	<Point X="98" Y="370" T="undefined" />
	<Point X="116" Y="384" T="undefined" />
	<Point X="156" Y="405" T="undefined" />
	<Point X="189" Y="416" T="undefined" />
	<Point X="221" Y="420" T="undefined" />
	<Point X="260" Y="418" T="undefined" />
	<Point X="278" Y="410" T="undefined" />
	<Point X="292" Y="401" T="undefined" />
	<Point X="307" Y="380" T="undefined" />
	<Point X="312" Y="362" T="undefined" />
	<Point X="314" Y="335" T="undefined" />
	<Point X="314" Y="317" T="undefined" />
	<Point X="311" Y="296" T="undefined" />
	<Point X="302" Y="268" T="undefined" />
	<Point X="294" Y="252" T="undefined" />
	<Point X="279" Y="236" T="undefined" />
	<Point X="265" Y="226" T="undefined" />
	<Point X="248" Y="218" T="undefined" />
	<Point X="219" Y="206" T="undefined" />
	<Point X="205" Y="202" T="undefined" />
	<Point X="193" Y="198" T="undefined" />
	<Point X="180" Y="196" T="undefined" />
	<Point X="175" Y="196" T="undefined" />
	<Point X="172" Y="196" T="undefined" />
	<Point X="167" Y="200" T="undefined" />
	<Point X="166" Y="202" T="undefined" />
</Gesture>