<?xml version="1.0" encoding="utf-8" standalone="yes"?>
<Gesture Name="Circle6" NumPts="46">
	<Point X="167" Y="146" T="undefined" />
	<Point X="167" Y="146" T="undefined" />
	<Point X="158" Y="151" T="undefined" />
	<Point X="146" Y="160" T="undefined" />
	<Point X="125" Y="180" T="undefined" />
	<Point X="111" Y="198" T="undefined" />
	<Point X="102" Y="216" T="undefined" />
	<Point X="100" Y="225" T="undefined" />
	<Point X="101" Y="232" T="undefined" />
	<Point X="108" Y="246" T="undefined" />
	<Point X="122" Y="260" T="undefined" />
	<Point X="174" Y="290" T="undefined" />
	<Point X="215" Y="306" T="undefined" />
	<Point X="241" Y="312" T="undefined" />
	<Point X="256" Y="313" T="undefined" />
	<Point X="271" Y="313" T="undefined" />
	<Point X="280" Y="309" T="undefined" />
	<Point X="294" Y="298" T="undefined" />
	<Point X="306" Y="284" T="undefined" />
	<Point X="316" Y="266" T="undefined" />
	<Point X="325" Y="226" T="undefined" />
	<Point X="325" Y="202" T="undefined" />
	<Point X="322" Y="181" T="undefined" />
	<Point X="311" Y="156" T="undefined" />
	<Point X="303" Y="148" T="undefined" />
	<Point X="283" Y="137" T="undefined" />
	<Point X="269" Y="132" T="undefined" />
	<Point X="252" Y="130" T="undefined" />
	<Point X="229" Y="127" T="undefined" />
	<Point X="219" Y="126" T="undefined" />
	<Point X="213" Y="126" T="undefined" />
	<Point X="205" Y="126" T="undefined" />
	<Point X="200" Y="127" T="undefined" />
	<Point X="195" Y="129" T="undefined" />
	<Point X="187" Y="132" T="undefined" />
	<Point X="184" Y="135" T="undefined" />
	<Point X="180" Y="136" T="undefined" />
	<Point X="178" Y="137" T="undefined" />
	<Point X="175" Y="137" T="undefined" />
	<Point X="172" Y="137" T="undefined" />
	<Point X="170" Y="137" T="undefined" />
	<Point X="167" Y="137" T="undefined" />
	<Point X="164" Y="137" T="undefined" />
	<Point X="162" Y="137" T="undefined" />
	<Point X="162" Y="137" T="undefined" />
	<Point X="161" Y="137" T="undefined" />
</Gesture>