<?xml version="1.0" encoding="utf-8" standalone="yes"?>
<Gesture Name="Circle2" NumPts="41">
	<Point X="240" Y="134" T="undefined" />
	<Point X="240" Y="134" T="undefined" />
	<Point X="237" Y="136" T="undefined" />
	<Point X="232" Y="138" T="undefined" />
	<Point X="210" Y="150" T="undefined" />
	<Point X="184" Y="166" T="undefined" />
	<Point X="165" Y="182" T="undefined" />
	<Point X="149" Y="194" T="undefined" />
	<Point X="140" Y="206" T="undefined" />
	<Point X="130" Y="222" T="undefined" />
	<Point X="126" Y="233" T="undefined" />
	<Point X="126" Y="240" T="undefined" />
	<Point X="130" Y="251" T="undefined" />
	<Point X="140" Y="265" T="undefined" />
	<Point X="158" Y="285" T="undefined" />
	<Point X="177" Y="303" T="undefined" />
	<Point X="196" Y="316" T="undefined" />
	<Point X="218" Y="322" T="undefined" />
	<Point X="239" Y="323" T="undefined" />
	<Point X="276" Y="318" T="undefined" />
	<Point X="300" Y="308" T="undefined" />
	<Point X="317" Y="300" T="undefined" />
	<Point X="328" Y="291" T="undefined" />
	<Point X="334" Y="282" T="undefined" />
	<Point X="339" Y="273" T="undefined" />
	<Point X="341" Y="260" T="undefined" />
	<Point X="340" Y="240" T="undefined" />
	<Point X="334" Y="220" T="undefined" />
	<Point X="322" Y="196" T="undefined" />
	<Point X="299" Y="170" T="undefined" />
	<Point X="282" Y="158" T="undefined" />
	<Point X="266" Y="150" T="undefined" />
	<Point X="254" Y="146" T="undefined" />
	<Point X="244" Y="144" T="undefined" />
	<Point X="232" Y="144" T="undefined" />
	<Point X="223" Y="145" T="undefined" />
	<Point X="217" Y="146" T="undefined" />
	<Point X="213" Y="146" T="undefined" />
	<Point X="210" Y="146" T="undefined" />
	<Point X="208" Y="146" T="undefined" />
	<Point X="206" Y="146" T="undefined" />
</Gesture>