<?xml version="1.0" encoding="utf-8" standalone="yes"?>
<Gesture Name="Circle4" NumPts="37">
	<Point X="227" Y="173" T="undefined" />
	<Point X="227" Y="173" T="undefined" />
	<Point X="222" Y="174" T="undefined" />
	<Point X="207" Y="182" T="undefined" />
	<Point X="186" Y="198" T="undefined" />
	<Point X="168" Y="214" T="undefined" />
	<Point X="154" Y="232" T="undefined" />
	<Point X="146" Y="250" T="undefined" />
	<Point X="142" Y="263" T="undefined" />
	<Point X="144" Y="274" T="undefined" />
	<Point X="152" Y="286" T="undefined" />
	<Point X="179" Y="312" T="undefined" />
	<Point X="210" Y="330" T="undefined" />
	<Point X="243" Y="346" T="undefined" />
	<Point X="273" Y="356" T="undefined" />
	<Point X="297" Y="361" T="undefined" />
	<Point X="316" Y="361" T="undefined" />
	<Point X="330" Y="359" T="undefined" />
	<Point X="344" Y="352" T="undefined" />
	<Point X="358" Y="336" T="undefined" />
	<Point X="364" Y="320" T="undefined" />
	<Point X="367" Y="302" T="undefined" />
	<Point X="370" Y="286" T="undefined" />
	<Point X="368" Y="271" T="undefined" />
	<Point X="364" Y="257" T="undefined" />
	<Point X="355" Y="244" T="undefined" />
	<Point X="346" Y="234" T="undefined" />
	<Point X="331" Y="218" T="undefined" />
	<Point X="322" Y="208" T="undefined" />
	<Point X="310" Y="197" T="undefined" />
	<Point X="296" Y="188" T="undefined" />
	<Point X="276" Y="180" T="undefined" />
	<Point X="255" Y="176" T="undefined" />
	<Point X="238" Y="174" T="undefined" />
	<Point X="227" Y="174" T="undefined" />
	<Point X="222" Y="174" T="undefined" />
	<Point X="219" Y="174" T="undefined" />
</Gesture>