<?xml version="1.0" encoding="utf-8" standalone="yes"?>
<Gesture Name="Circle5" NumPts="31">
	<Point X="136" Y="136" T="undefined" />
	<Point X="133" Y="137" T="undefined" />
	<Point X="120" Y="144" T="undefined" />
	<Point X="111" Y="149" T="undefined" />
	<Point X="68" Y="186" T="undefined" />
	<Point X="54" Y="201" T="undefined" />
	<Point X="28" Y="244" T="undefined" />
	<Point X="20" Y="269" T="undefined" />
	<Point X="20" Y="290" T="undefined" />
	<Point X="24" Y="316" T="undefined" />
	<Point X="35" Y="339" T="undefined" />
	<Point X="53" Y="360" T="undefined" />
	<Point X="76" Y="383" T="undefined" />
	<Point X="115" Y="403" T="undefined" />
	<Point X="154" Y="414" T="undefined" />
	<Point X="206" Y="416" T="undefined" />
	<Point X="262" Y="405" T="undefined" />
	<Point X="288" Y="389" T="undefined" />
	<Point X="305" Y="369" T="undefined" />
	<Point X="314" Y="338" T="undefined" />
	<Point X="320" Y="286" T="undefined" />
	<Point X="316" Y="226" T="undefined" />
	<Point X="304" Y="174" T="undefined" />
	<Point X="288" Y="146" T="undefined" />
	<Point X="266" Y="124" T="undefined" />
	<Point X="239" Y="114" T="undefined" />
	<Point X="182" Y="106" T="undefined" />
	<Point X="150" Y="110" T="undefined" />
	<Point X="130" Y="114" T="undefined" />
	<Point X="124" Y="116" T="undefined" />
	<Point X="122" Y="116" T="undefined" />
</Gesture>