<?xml version="1.0" encoding="utf-8" standalone="yes"?>
<Gesture Name="Circle3" NumPts="49">
	<Point X="220" Y="124" T="undefined" />
	<Point X="220" Y="124" T="undefined" />
	<Point X="212" Y="128" T="undefined" />
	<Point X="195" Y="136" T="undefined" />
	<Point X="145" Y="163" T="undefined" />
	<Point X="96" Y="194" T="undefined" />
	<Point X="75" Y="212" T="undefined" />
	<Point X="62" Y="226" T="undefined" />
	<Point X="52" Y="244" T="undefined" />
	<Point X="50" Y="254" T="undefined" />
	<Point X="52" Y="261" T="undefined" />
	<Point X="56" Y="277" T="undefined" />
	<Point X="67" Y="293" T="undefined" />
	<Point X="81" Y="308" T="undefined" />
	<Point X="104" Y="330" T="undefined" />
	<Point X="122" Y="342" T="undefined" />
	<Point X="145" Y="352" T="undefined" />
	<Point X="161" Y="355" T="undefined" />
	<Point X="184" Y="355" T="undefined" />
	<Point X="209" Y="347" T="undefined" />
	<Point X="228" Y="336" T="undefined" />
	<Point X="247" Y="323" T="undefined" />
	<Point X="266" Y="304" T="undefined" />
	<Point X="273" Y="294" T="undefined" />
	<Point X="280" Y="282" T="undefined" />
	<Point X="284" Y="274" T="undefined" />
	<Point X="284" Y="270" T="undefined" />
	<Point X="284" Y="260" T="undefined" />
	<Point X="283" Y="254" T="undefined" />
	<Point X="280" Y="247" T="undefined" />
	<Point X="277" Y="236" T="undefined" />
	<Point X="270" Y="221" T="undefined" />
	<Point X="267" Y="215" T="undefined" />
	<Point X="260" Y="204" T="undefined" />
	<Point X="256" Y="198" T="undefined" />
	<Point X="248" Y="188" T="undefined" />
	<Point X="242" Y="181" T="undefined" />
	<Point X="237" Y="176" T="undefined" />
	<Point X="232" Y="170" T="undefined" />
	<Point X="228" Y="164" T="undefined" />
	<Point X="224" Y="160" T="undefined" />
	<Point X="218" Y="151" T="undefined" />
	<Point X="214" Y="147" T="undefined" />
	<Point X="212" Y="143" T="undefined" />
	<Point X="210" Y="142" T="undefined" />
	<Point X="209" Y="140" T="undefined" />
	<Point X="208" Y="139" T="undefined" />
	<Point X="207" Y="137" T="undefined" />
	<Point X="206" Y="136" T="undefined" />
</Gesture>