<?xml version="1.0" encoding="utf-8" standalone="yes"?>
<Gesture Name="arrowhead02">
	<Stroke>
		<Point X="192" Y="224" T="0" />
		<Point X="199" Y="225" T="0" />
		<Point X="207" Y="226" T="0" />
		<Point X="228" Y="229" T="0" />
		<Point X="271" Y="238" T="0" />
		<Point X="318" Y="249" T="0" />
		<Point X="364" Y="267" T="0" />
		<Point X="395" Y="280" T="0" />
		<Point X="408" Y="287" T="0" />
		<Point X="411" Y="289" T="0" />
		<Point X="411" Y="290" T="0" />
		<Point X="410" Y="291" T="0" />
		<Point X="408" Y="294" T="0" />
		<Point X="404" Y="302" T="0" />
		<Point X="393" Y="317" T="0" />
		<Point X="371" Y="342" T="0" />
		<Point X="347" Y="371" T="0" />
		<Point X="329" Y="387" T="0" />
		<Point X="320" Y="392" T="0" />
		<Point X="316" Y="393" T="0" />
		<Point X="311" Y="393" T="0" />
		<Point X="302" Y="393" T="0" />
		<Point X="294" Y="393" T="0" />
		<Point X="287" Y="393" T="0" />
		<Point X="278" Y="395" T="0" />
		<Point X="260" Y="398" T="0" />
		<Point X="240" Y="402" T="0" />
		<Point X="224" Y="406" T="0" />
		<Point X="219" Y="408" T="0" />
	</Stroke>
	<Stroke>
		<Point X="76" Y="376" T="0" />
		<Point X="77" Y="374" T="0" />
		<Point X="79" Y="371" T="0" />
		<Point X="85" Y="366" T="0" />
		<Point X="97" Y="362" T="0" />
		<Point X="121" Y="358" T="0" />
		<Point X="157" Y="354" T="0" />
		<Point X="202" Y="349" T="0" />
		<Point X="242" Y="346" T="0" />
		<Point X="273" Y="345" T="0" />
		<Point X="299" Y="345" T="0" />
		<Point X="323" Y="348" T="0" />
		<Point X="344" Y="349" T="0" />
		<Point X="359" Y="350" T="0" />
		<Point X="369" Y="349" T="0" />
		<Point X="374" Y="346" T="0" />
		<Point X="375" Y="345" T="0" />
		<Point X="376" Y="344" T="0" />
		<Point X="377" Y="343" T="0" />
	</Stroke>
</Gesture> 
