<?xml version="1.0" encoding="utf-8" standalone="yes"?>
<Gesture Name="arrowhead04">
	<Stroke>
		<Point X="136" Y="259" T="0" />
		<Point X="144" Y="257" T="0" />
		<Point X="159" Y="257" T="0" />
		<Point X="188" Y="255" T="0" />
		<Point X="228" Y="251" T="0" />
		<Point X="255" Y="247" T="0" />
		<Point X="273" Y="246" T="0" />
		<Point X="284" Y="246" T="0" />
		<Point X="290" Y="246" T="0" />
	</Stroke>
	<Stroke>
		<Point X="265" Y="180" T="0" />
		<Point X="265" Y="181" T="0" />
		<Point X="267" Y="188" T="0" />
		<Point X="271" Y="197" T="0" />
		<Point X="281" Y="211" T="0" />
		<Point X="294" Y="223" T="0" />
		<Point X="305" Y="232" T="0" />
		<Point X="311" Y="235" T="0" />
		<Point X="311" Y="236" T="0" />
		<Point X="311" Y="237" T="0" />
		<Point X="306" Y="242" T="0" />
		<Point X="292" Y="253" T="0" />
		<Point X="274" Y="266" T="0" />
		<Point X="251" Y="280" T="0" />
		<Point X="229" Y="290" T="0" />
	</Stroke>
</Gesture> 
