<?xml version="1.0" encoding="utf-8" standalone="yes"?>
<Gesture Name="arrowhead06">
	<Stroke>
		<Point X="93" Y="250" T="0" />
		<Point X="95" Y="250" T="0" />
		<Point X="102" Y="248" T="0" />
		<Point X="124" Y="246" T="0" />
		<Point X="158" Y="245" T="0" />
		<Point X="195" Y="245" T="0" />
		<Point X="229" Y="246" T="0" />
		<Point X="253" Y="248" T="0" />
		<Point X="263" Y="249" T="0" />
	</Stroke>
	<Stroke>
		<Point X="232" Y="205" T="0" />
		<Point X="232" Y="204" T="0" />
		<Point X="236" Y="209" T="0" />
		<Point X="249" Y="222" T="0" />
		<Point X="265" Y="236" T="0" />
		<Point X="279" Y="246" T="0" />
		<Point X="287" Y="253" T="0" />
		<Point X="290" Y="255" T="0" />
		<Point X="288" Y="257" T="0" />
		<Point X="281" Y="259" T="0" />
		<Point X="251" Y="268" T="0" />
		<Point X="208" Y="279" T="0" />
		<Point X="162" Y="293" T="0" />
		<Point X="128" Y="307" T="0" />
		<Point X="113" Y="314" T="0" />
	</Stroke>
</Gesture> 
