<?xml version="1.0" encoding="utf-8" standalone="yes"?>
<Gesture Name="arrowhead09">
	<Stroke>
		<Point X="114" Y="242" T="0" />
		<Point X="114" Y="242" T="0" />
		<Point X="114" Y="242" T="0" />
		<Point X="121" Y="244" T="0" />
		<Point X="137" Y="245" T="0" />
		<Point X="171" Y="247" T="0" />
		<Point X="216" Y="247" T="0" />
		<Point X="260" Y="247" T="0" />
		<Point X="284" Y="247" T="0" />
	</Stroke>
	<Stroke>
		<Point X="259" Y="188" T="0" />
		<Point X="263" Y="188" T="0" />
		<Point X="271" Y="195" T="0" />
		<Point X="284" Y="206" T="0" />
		<Point X="297" Y="219" T="0" />
		<Point X="307" Y="231" T="0" />
		<Point X="314" Y="238" T="0" />
		<Point X="317" Y="241" T="0" />
		<Point X="317" Y="242" T="0" />
		<Point X="315" Y="243" T="0" />
		<Point X="306" Y="248" T="0" />
		<Point X="294" Y="253" T="0" />
		<Point X="279" Y="259" T="0" />
		<Point X="262" Y="265" T="0" />
		<Point X="250" Y="271" T="0" />
		<Point X="244" Y="275" T="0" />
	</Stroke>
</Gesture> 
