<?xml version="1.0" encoding="utf-8" standalone="yes"?>
<Gesture Name="arrowhead05">
	<Stroke>
		<Point X="94" Y="275" T="0" />
		<Point X="94" Y="274" T="0" />
		<Point X="100" Y="271" T="0" />
		<Point X="123" Y="268" T="0" />
		<Point X="163" Y="267" T="0" />
		<Point X="207" Y="267" T="0" />
		<Point X="245" Y="270" T="0" />
		<Point X="270" Y="273" T="0" />
		<Point X="283" Y="274" T="0" />
		<Point X="288" Y="275" T="0" />
		<Point X="290" Y="275" T="0" />
	</Stroke>
	<Stroke>
		<Point X="250" Y="209" T="0" />
		<Point X="250" Y="210" T="0" />
		<Point X="253" Y="214" T="0" />
		<Point X="267" Y="230" T="0" />
		<Point X="285" Y="253" T="0" />
		<Point X="306" Y="277" T="0" />
		<Point X="321" Y="291" T="0" />
		<Point X="329" Y="298" T="0" />
		<Point X="330" Y="298" T="0" />
		<Point X="329" Y="298" T="0" />
		<Point X="313" Y="300" T="0" />
		<Point X="285" Y="301" T="0" />
		<Point X="253" Y="304" T="0" />
		<Point X="225" Y="309" T="0" />
	</Stroke>
</Gesture> 
