<?xml version="1.0" encoding="utf-8" standalone="yes"?>
<Gesture Name="arrowhead07">
	<Stroke>
		<Point X="154" Y="247" T="0" />
		<Point X="154" Y="248" T="0" />
		<Point X="153" Y="249" T="0" />
		<Point X="156" Y="251" T="0" />
		<Point X="167" Y="254" T="0" />
		<Point X="189" Y="256" T="0" />
		<Point X="219" Y="256" T="0" />
		<Point X="251" Y="256" T="0" />
		<Point X="277" Y="258" T="0" />
	</Stroke>
	<Stroke>
		<Point X="275" Y="210" T="0" />
		<Point X="275" Y="211" T="0" />
		<Point X="275" Y="215" T="0" />
		<Point X="278" Y="226" T="0" />
		<Point X="286" Y="240" T="0" />
		<Point X="295" Y="254" T="0" />
		<Point X="302" Y="263" T="0" />
		<Point X="305" Y="266" T="0" />
		<Point X="305" Y="267" T="0" />
		<Point X="303" Y="267" T="0" />
		<Point X="295" Y="271" T="0" />
		<Point X="280" Y="277" T="0" />
		<Point X="253" Y="284" T="0" />
		<Point X="227" Y="292" T="0" />
		<Point X="211" Y="298" T="0" />
	</Stroke>
</Gesture> 
