<?xml version="1.0" encoding="utf-8" standalone="yes"?>
<Gesture Name="arrowhead01">
	<Stroke>
		<Point X="254" Y="161" T="0" />
		<Point X="255" Y="166" T="0" />
		<Point X="264" Y="176" T="0" />
		<Point X="292" Y="197" T="0" />
		<Point X="332" Y="223" T="0" />
		<Point X="393" Y="257" T="0" />
		<Point X="445" Y="283" T="0" />
		<Point X="484" Y="300" T="0" />
		<Point X="490" Y="321" T="0" />
		<Point X="472" Y="328" T="0" />
		<Point X="443" Y="338" T="0" />
		<Point X="406" Y="346" T="0" />
		<Point X="373" Y="353" T="0" />
		<Point X="341" Y="359" T="0" />
		<Point X="314" Y="366" T="0" />
		<Point X="293" Y="372" T="0" />
		<Point X="282" Y="375" T="0" />
		<Point X="281" Y="375" T="0" />
		<Point X="280" Y="375" T="0" />
		<Point X="279" Y="376" T="0" />
		<Point X="275" Y="379" T="0" />
		<Point X="271" Y="380" T="0" />
	</Stroke>
	<Stroke>
		<Point X="117" Y="284" T="0" />
		<Point X="117" Y="285" T="0" />
		<Point X="117" Y="286" T="0" />
		<Point X="122" Y="287" T="0" />
		<Point X="129" Y="289" T="0" />
		<Point X="143" Y="289" T="0" />
		<Point X="173" Y="289" T="0" />
		<Point X="219" Y="286" T="0" />
		<Point X="271" Y="282" T="0" />
		<Point X="324" Y="278" T="0" />
		<Point X="363" Y="276" T="0" />
		<Point X="390" Y="274" T="0" />
		<Point X="406" Y="274" T="0" />
		<Point X="413" Y="274" T="0" />
		<Point X="415" Y="274" T="0" />
	</Stroke>
</Gesture> 
