<?xml version="1.0" encoding="utf-8" standalone="yes"?>
<Gesture Name="arrowhead03">
	<Stroke>
		<Point X="131" Y="252" T="0" />
		<Point X="132" Y="252" T="0" />
		<Point X="137" Y="252" T="0" />
		<Point X="157" Y="252" T="0" />
		<Point X="194" Y="253" T="0" />
		<Point X="249" Y="258" T="0" />
		<Point X="310" Y="264" T="0" />
		<Point X="353" Y="267" T="0" />
		<Point X="376" Y="267" T="0" />
		<Point X="382" Y="267" T="0" />
	</Stroke>
	<Stroke>
		<Point X="327" Y="199" T="0" />
		<Point X="329" Y="201" T="0" />
		<Point X="336" Y="209" T="0" />
		<Point X="349" Y="222" T="0" />
		<Point X="367" Y="236" T="0" />
		<Point X="387" Y="250" T="0" />
		<Point X="404" Y="260" T="0" />
		<Point X="412" Y="263" T="0" />
		<Point X="413" Y="264" T="0" />
		<Point X="412" Y="264" T="0" />
		<Point X="410" Y="264" T="0" />
		<Point X="396" Y="265" T="0" />
		<Point X="361" Y="272" T="0" />
		<Point X="323" Y="280" T="0" />
		<Point X="291" Y="293" T="0" />
		<Point X="264" Y="304" T="0" />
		<Point X="250" Y="310" T="0" />
	</Stroke>
</Gesture> 
