<?xml version="1.0" encoding="utf-8" standalone="yes"?>
<Gesture Name="arrowhead08">
	<Stroke>
		<Point X="118" Y="278" T="0" />
		<Point X="124" Y="277" T="0" />
		<Point X="136" Y="275" T="0" />
		<Point X="162" Y="274" T="0" />
		<Point X="204" Y="271" T="0" />
		<Point X="250" Y="269" T="0" />
		<Point X="283" Y="268" T="0" />
		<Point X="300" Y="268" T="0" />
		<Point X="307" Y="268" T="0" />
	</Stroke>
	<Stroke>
		<Point X="286" Y="220" T="0" />
		<Point X="286" Y="221" T="0" />
		<Point X="287" Y="223" T="0" />
		<Point X="298" Y="234" T="0" />
		<Point X="310" Y="246" T="0" />
		<Point X="321" Y="254" T="0" />
		<Point X="328" Y="259" T="0" />
		<Point X="331" Y="261" T="0" />
		<Point X="331" Y="262" T="0" />
		<Point X="317" Y="273" T="0" />
		<Point X="308" Y="278" T="0" />
		<Point X="288" Y="290" T="0" />
		<Point X="271" Y="306" T="0" />
		<Point X="261" Y="314" T="0" />
	</Stroke>
</Gesture> 
