<?xml version="1.0" encoding="utf-8" standalone="yes"?>
<Gesture Name="arrowhead10">
	<Stroke>
		<Point X="147" Y="237" T="0" />
		<Point X="147" Y="237" T="0" />
		<Point X="147" Y="238" T="0" />
		<Point X="152" Y="240" T="0" />
		<Point X="174" Y="246" T="0" />
		<Point X="211" Y="248" T="0" />
		<Point X="262" Y="252" T="0" />
		<Point X="285" Y="253" T="0" />
		<Point X="309" Y="256" T="0" />
		<Point X="319" Y="259" T="0" />
	</Stroke>
	<Stroke>
		<Point X="302" Y="190" T="0" />
		<Point X="305" Y="190" T="0" />
		<Point X="316" Y="198" T="0" />
		<Point X="332" Y="216" T="0" />
		<Point X="354" Y="240" T="0" />
		<Point X="367" Y="254" T="0" />
		<Point X="377" Y="265" T="0" />
		<Point X="381" Y="271" T="0" />
		<Point X="382" Y="273" T="0" />
		<Point X="382" Y="274" T="0" />
		<Point X="381" Y="275" T="0" />
		<Point X="375" Y="278" T="0" />
		<Point X="359" Y="283" T="0" />
		<Point X="328" Y="288" T="0" />
		<Point X="294" Y="293" T="0" />
		<Point X="269" Y="298" T="0" />
		<Point X="256" Y="302" T="0" />
	</Stroke>
</Gesture> 
