<?xml version="1.0" encoding="utf-8" standalone="yes"?>
<Gesture Name="asterisk01">
	<Stroke>
		<Point X="337" Y="179" T="0" />
		<Point X="336" Y="180" T="0" />
		<Point X="335" Y="182" T="0" />
		<Point X="329" Y="185" T="0" />
		<Point X="313" Y="194" T="0" />
		<Point X="274" Y="210" T="0" />
		<Point X="221" Y="231" T="0" />
		<Point X="178" Y="249" T="0" />
		<Point X="140" Y="269" T="0" />
		<Point X="114" Y="283" T="0" />
		<Point X="97" Y="293" T="0" />
		<Point X="90" Y="300" T="0" />
	</Stroke>
	<Stroke>
		<Point X="132" Y="124" T="0" />
		<Point X="132" Y="125" T="0" />
		<Point X="136" Y="138" T="0" />
		<Point X="143" Y="155" T="0" />
		<Point X="156" Y="178" T="0" />
		<Point X="183" Y="212" T="0" />
		<Point X="227" Y="257" T="0" />
		<Point X="269" Y="295" T="0" />
		<Point X="299" Y="320" T="0" />
		<Point X="315" Y="332" T="0" />
		<Point X="321" Y="338" T="0" />
	</Stroke>
	<Stroke>
		<Point X="255" Y="103" T="0" />
		<Point X="253" Y="109" T="0" />
		<Point X="245" Y="127" T="0" />
		<Point X="239" Y="144" T="0" />
		<Point X="234" Y="160" T="0" />
		<Point X="231" Y="177" T="0" />
		<Point X="229" Y="199" T="0" />
		<Point X="229" Y="233" T="0" />
		<Point X="236" Y="274" T="0" />
		<Point X="243" Y="312" T="0" />
		<Point X="251" Y="343" T="0" />
		<Point X="255" Y="360" T="0" />
		<Point X="257" Y="369" T="0" />
		<Point X="257" Y="371" T="0" />
		<Point X="257" Y="372" T="0" />
		<Point X="257" Y="373" T="0" />
		<Point X="255" Y="377" T="0" />
	</Stroke>
</Gesture> 
