<?xml version="1.0" encoding="utf-8" standalone="yes"?>
<Gesture Name="asterisk04">
	<Stroke>
		<Point X="358" Y="270" T="0" />
		<Point X="357" Y="270" T="0" />
		<Point X="350" Y="274" T="0" />
		<Point X="340" Y="278" T="0" />
		<Point X="326" Y="285" T="0" />
		<Point X="304" Y="296" T="0" />
		<Point X="284" Y="308" T="0" />
		<Point X="266" Y="323" T="0" />
		<Point X="247" Y="340" T="0" />
		<Point X="232" Y="354" T="0" />
		<Point X="219" Y="365" T="0" />
	</Stroke>
	<Stroke>
		<Point X="237" Y="272" T="0" />
		<Point X="238" Y="273" T="0" />
		<Point X="249" Y="290" T="0" />
		<Point X="262" Y="314" T="0" />
		<Point X="279" Y="346" T="0" />
		<Point X="293" Y="371" T="0" />
		<Point X="305" Y="391" T="0" />
		<Point X="311" Y="399" T="0" />
	</Stroke>
	<Stroke>
		<Point X="211" Y="323" T="0" />
		<Point X="214" Y="323" T="0" />
		<Point X="218" Y="323" T="0" />
		<Point X="226" Y="323" T="0" />
		<Point X="241" Y="324" T="0" />
		<Point X="266" Y="325" T="0" />
		<Point X="299" Y="326" T="0" />
		<Point X="338" Y="328" T="0" />
		<Point X="362" Y="328" T="0" />
		<Point X="377" Y="330" T="0" />
		<Point X="383" Y="330" T="0" />
		<Point X="388" Y="330" T="0" />
		<Point X="392" Y="331" T="0" />
		<Point X="396" Y="331" T="0" />
	</Stroke>
</Gesture> 
