<?xml version="1.0" encoding="utf-8" standalone="yes"?>
<Gesture Name="asterisk10">
	<Stroke>
		<Point X="288" Y="199" T="0" />
		<Point X="287" Y="199" T="0" />
		<Point X="272" Y="205" T="0" />
		<Point X="233" Y="221" T="0" />
		<Point X="183" Y="246" T="0" />
		<Point X="135" Y="276" T="0" />
		<Point X="96" Y="307" T="0" />
		<Point X="73" Y="326" T="0" />
		<Point X="69" Y="331" T="0" />
	</Stroke>
	<Stroke>
		<Point X="149" Y="152" T="0" />
		<Point X="158" Y="166" T="0" />
		<Point X="174" Y="190" T="0" />
		<Point X="189" Y="219" T="0" />
		<Point X="205" Y="253" T="0" />
		<Point X="215" Y="280" T="0" />
		<Point X="223" Y="300" T="0" />
		<Point X="227" Y="311" T="0" />
		<Point X="228" Y="314" T="0" />
	</Stroke>
	<Stroke>
		<Point X="50" Y="216" T="0" />
		<Point X="51" Y="216" T="0" />
		<Point X="56" Y="218" T="0" />
		<Point X="70" Y="220" T="0" />
		<Point X="101" Y="224" T="0" />
		<Point X="150" Y="228" T="0" />
		<Point X="203" Y="229" T="0" />
		<Point X="258" Y="233" T="0" />
		<Point X="298" Y="235" T="0" />
		<Point X="317" Y="236" T="0" />
	</Stroke>
</Gesture> 
