<?xml version="1.0" encoding="utf-8" standalone="yes"?>
<Gesture Name="asterisk02">
	<Stroke>
		<Point X="290" Y="214" T="0" />
		<Point X="265" Y="241" T="0" />
		<Point X="233" Y="269" T="0" />
		<Point X="192" Y="299" T="0" />
		<Point X="154" Y="325" T="0" />
		<Point X="128" Y="344" T="0" />
		<Point X="118" Y="353" T="0" />
	</Stroke>
	<Stroke>
		<Point X="146" Y="193" T="0" />
		<Point X="153" Y="199" T="0" />
		<Point X="174" Y="221" T="0" />
		<Point X="213" Y="265" T="0" />
		<Point X="260" Y="322" T="0" />
		<Point X="307" Y="383" T="0" />
		<Point X="341" Y="426" T="0" />
		<Point X="352" Y="440" T="0" />
	</Stroke>
	<Stroke>
		<Point X="231" Y="169" T="0" />
		<Point X="231" Y="172" T="0" />
		<Point X="231" Y="180" T="0" />
		<Point X="231" Y="197" T="0" />
		<Point X="230" Y="224" T="0" />
		<Point X="227" Y="264" T="0" />
		<Point X="219" Y="309" T="0" />
		<Point X="211" Y="351" T="0" />
		<Point X="204" Y="389" T="0" />
		<Point X="202" Y="416" T="0" />
		<Point X="201" Y="429" T="0" />
	</Stroke>
</Gesture> 
