<?xml version="1.0" encoding="utf-8" standalone="yes"?>
<Gesture Name="asterisk07">
	<Stroke>
		<Point X="317" Y="198" T="0" />
		<Point X="317" Y="198" T="0" />
		<Point X="310" Y="201" T="0" />
		<Point X="288" Y="211" T="0" />
		<Point X="248" Y="227" T="0" />
		<Point X="204" Y="244" T="0" />
		<Point X="168" Y="260" T="0" />
		<Point X="146" Y="274" T="0" />
		<Point X="138" Y="282" T="0" />
		<Point X="136" Y="286" T="0" />
	</Stroke>
	<Stroke>
		<Point X="168" Y="170" T="0" />
		<Point X="175" Y="175" T="0" />
		<Point X="194" Y="193" T="0" />
		<Point X="223" Y="222" T="0" />
		<Point X="252" Y="254" T="0" />
		<Point X="277" Y="285" T="0" />
		<Point X="290" Y="304" T="0" />
		<Point X="294" Y="313" T="0" />
		<Point X="296" Y="318" T="0" />
	</Stroke>
	<Stroke>
		<Point X="133" Y="226" T="0" />
		<Point X="133" Y="227" T="0" />
		<Point X="133" Y="228" T="0" />
		<Point X="135" Y="228" T="0" />
		<Point X="144" Y="230" T="0" />
		<Point X="170" Y="232" T="0" />
		<Point X="213" Y="235" T="0" />
		<Point X="264" Y="235" T="0" />
		<Point X="307" Y="233" T="0" />
		<Point X="333" Y="230" T="0" />
		<Point X="347" Y="230" T="0" />
		<Point X="353" Y="230" T="0" />
		<Point X="356" Y="230" T="0" />
	</Stroke>
</Gesture> 
