<?xml version="1.0" encoding="utf-8" standalone="yes"?>
<Gesture Name="asterisk09">
	<Stroke>
		<Point X="411" Y="146" T="0" />
		<Point X="409" Y="148" T="0" />
		<Point X="405" Y="153" T="0" />
		<Point X="396" Y="162" T="0" />
		<Point X="375" Y="178" T="0" />
		<Point X="345" Y="198" T="0" />
		<Point X="313" Y="219" T="0" />
		<Point X="286" Y="237" T="0" />
		<Point X="265" Y="249" T="0" />
		<Point X="248" Y="260" T="0" />
		<Point X="237" Y="269" T="0" />
		<Point X="232" Y="274" T="0" />
	</Stroke>
	<Stroke>
		<Point X="297" Y="129" T="0" />
		<Point X="298" Y="132" T="0" />
		<Point X="307" Y="148" T="0" />
		<Point X="321" Y="176" T="0" />
		<Point X="337" Y="215" T="0" />
		<Point X="348" Y="245" T="0" />
		<Point X="356" Y="271" T="0" />
		<Point X="359" Y="285" T="0" />
		<Point X="360" Y="293" T="0" />
		<Point X="361" Y="299" T="0" />
		<Point X="361" Y="302" T="0" />
		<Point X="361" Y="305" T="0" />
		<Point X="361" Y="308" T="0" />
	</Stroke>
	<Stroke>
		<Point X="248" Y="193" T="0" />
		<Point X="250" Y="193" T="0" />
		<Point X="254" Y="195" T="0" />
		<Point X="268" Y="199" T="0" />
		<Point X="292" Y="203" T="0" />
		<Point X="328" Y="206" T="0" />
		<Point X="363" Y="209" T="0" />
		<Point X="389" Y="212" T="0" />
		<Point X="405" Y="213" T="0" />
		<Point X="413" Y="215" T="0" />
	</Stroke>
</Gesture> 
