<?xml version="1.0" encoding="utf-8" standalone="yes"?>
<Gesture Name="asterisk05">
	<Stroke>
		<Point X="356" Y="228" T="0" />
		<Point X="356" Y="228" T="0" />
		<Point X="355" Y="228" T="0" />
		<Point X="347" Y="232" T="0" />
		<Point X="319" Y="246" T="0" />
		<Point X="283" Y="265" T="0" />
		<Point X="246" Y="287" T="0" />
		<Point X="217" Y="307" T="0" />
		<Point X="197" Y="324" T="0" />
		<Point X="189" Y="332" T="0" />
		<Point X="186" Y="339" T="0" />
		<Point X="185" Y="341" T="0" />
	</Stroke>
	<Stroke>
		<Point X="227" Y="207" T="0" />
		<Point X="245" Y="226" T="0" />
		<Point X="270" Y="259" T="0" />
		<Point X="298" Y="307" T="0" />
		<Point X="323" Y="358" T="0" />
		<Point X="338" Y="397" T="0" />
		<Point X="344" Y="418" T="0" />
	</Stroke>
	<Stroke>
		<Point X="139" Y="287" T="0" />
		<Point X="139" Y="286" T="0" />
		<Point X="141" Y="286" T="0" />
		<Point X="147" Y="285" T="0" />
		<Point X="164" Y="284" T="0" />
		<Point X="197" Y="284" T="0" />
		<Point X="242" Y="283" T="0" />
		<Point X="300" Y="280" T="0" />
		<Point X="355" Y="279" T="0" />
		<Point X="398" Y="279" T="0" />
		<Point X="427" Y="279" T="0" />
		<Point X="449" Y="279" T="0" />
		<Point X="460" Y="279" T="0" />
	</Stroke>
</Gesture> 
