<?xml version="1.0" encoding="utf-8" standalone="yes"?>
<Gesture Name="asterisk08">
	<Stroke>
		<Point X="334" Y="235" T="0" />
		<Point X="333" Y="235" T="0" />
		<Point X="323" Y="242" T="0" />
		<Point X="299" Y="256" T="0" />
		<Point X="263" Y="277" T="0" />
		<Point X="225" Y="299" T="0" />
		<Point X="191" Y="319" T="0" />
		<Point X="168" Y="332" T="0" />
		<Point X="158" Y="337" T="0" />
	</Stroke>
	<Stroke>
		<Point X="170" Y="222" T="0" />
		<Point X="174" Y="235" T="0" />
		<Point X="194" Y="275" T="0" />
		<Point X="222" Y="326" T="0" />
		<Point X="254" Y="377" T="0" />
		<Point X="282" Y="415" T="0" />
		<Point X="302" Y="434" T="0" />
	</Stroke>
	<Stroke>
		<Point X="143" Y="298" T="0" />
		<Point X="144" Y="298" T="0" />
		<Point X="156" Y="301" T="0" />
		<Point X="183" Y="305" T="0" />
		<Point X="218" Y="308" T="0" />
		<Point X="258" Y="310" T="0" />
		<Point X="288" Y="313" T="0" />
		<Point X="308" Y="319" T="0" />
		<Point X="320" Y="324" T="0" />
		<Point X="325" Y="326" T="0" />
		<Point X="326" Y="326" T="0" />
	</Stroke>
</Gesture> 
