<?xml version="1.0" encoding="utf-8" standalone="yes"?>
<Gesture Name="asterisk06">
	<Stroke>
		<Point X="323" Y="243" T="0" />
		<Point X="322" Y="243" T="0" />
		<Point X="313" Y="248" T="0" />
		<Point X="292" Y="259" T="0" />
		<Point X="261" Y="277" T="0" />
		<Point X="227" Y="296" T="0" />
		<Point X="193" Y="318" T="0" />
		<Point X="169" Y="336" T="0" />
		<Point X="155" Y="349" T="0" />
		<Point X="145" Y="357" T="0" />
		<Point X="139" Y="362" T="0" />
	</Stroke>
	<Stroke>
		<Point X="186" Y="223" T="0" />
		<Point X="198" Y="235" T="0" />
		<Point X="219" Y="257" T="0" />
		<Point X="245" Y="289" T="0" />
		<Point X="265" Y="323" T="0" />
		<Point X="279" Y="353" T="0" />
		<Point X="289" Y="376" T="0" />
		<Point X="294" Y="390" T="0" />
		<Point X="296" Y="398" T="0" />
	</Stroke>
	<Stroke>
		<Point X="126" Y="286" T="0" />
		<Point X="128" Y="286" T="0" />
		<Point X="129" Y="286" T="0" />
		<Point X="132" Y="287" T="0" />
		<Point X="143" Y="289" T="0" />
		<Point X="173" Y="292" T="0" />
		<Point X="217" Y="294" T="0" />
		<Point X="261" Y="297" T="0" />
		<Point X="295" Y="299" T="0" />
		<Point X="317" Y="301" T="0" />
		<Point X="329" Y="302" T="0" />
		<Point X="338" Y="302" T="0" />
		<Point X="347" Y="303" T="0" />
		<Point X="359" Y="304" T="0" />
		<Point X="371" Y="305" T="0" />
		<Point X="379" Y="307" T="0" />
		<Point X="384" Y="308" T="0" />
	</Stroke>
</Gesture> 
