<?xml version="1.0" encoding="utf-8" standalone="yes"?>
<Gesture Name="asterisk03">
	<Stroke>
		<Point X="359" Y="275" T="0" />
		<Point X="359" Y="275" T="0" />
		<Point X="358" Y="275" T="0" />
		<Point X="357" Y="276" T="0" />
		<Point X="345" Y="285" T="0" />
		<Point X="335" Y="292" T="0" />
		<Point X="316" Y="303" T="0" />
		<Point X="295" Y="318" T="0" />
		<Point X="274" Y="335" T="0" />
		<Point X="255" Y="348" T="0" />
		<Point X="239" Y="359" T="0" />
		<Point X="228" Y="368" T="0" />
		<Point X="220" Y="374" T="0" />
		<Point X="218" Y="375" T="0" />
		<Point X="215" Y="378" T="0" />
	</Stroke>
	<Stroke>
		<Point X="237" Y="266" T="0" />
		<Point X="251" Y="284" T="0" />
		<Point X="271" Y="312" T="0" />
		<Point X="297" Y="350" T="0" />
		<Point X="316" Y="383" T="0" />
		<Point X="327" Y="405" T="0" />
		<Point X="333" Y="415" T="0" />
	</Stroke>
	<Stroke>
		<Point X="206" Y="327" T="0" />
		<Point X="207" Y="327" T="0" />
		<Point X="217" Y="328" T="0" />
		<Point X="235" Y="328" T="0" />
		<Point X="260" Y="328" T="0" />
		<Point X="289" Y="330" T="0" />
		<Point X="322" Y="332" T="0" />
		<Point X="350" Y="335" T="0" />
		<Point X="366" Y="337" T="0" />
		<Point X="372" Y="337" T="0" />
	</Stroke>
</Gesture> 
