<?xml version="1.0" encoding="utf-8" standalone="yes"?>
<Gesture Name="D01">
	<Stroke>
		<Point X="158" Y="194" T="0" />
		<Point X="158" Y="197" T="0" />
		<Point X="158" Y="200" T="0" />
		<Point X="158" Y="209" T="0" />
		<Point X="156" Y="227" T="0" />
		<Point X="152" Y="258" T="0" />
		<Point X="150" Y="290" T="0" />
		<Point X="147" Y="328" T="0" />
		<Point X="147" Y="356" T="0" />
		<Point X="147" Y="369" T="0" />
	</Stroke>
	<Stroke>
		<Point X="167" Y="195" T="0" />
		<Point X="168" Y="195" T="0" />
		<Point X="172" Y="198" T="0" />
		<Point X="184" Y="202" T="0" />
		<Point X="197" Y="204" T="0" />
		<Point X="211" Y="206" T="0" />
		<Point X="225" Y="209" T="0" />
		<Point X="234" Y="212" T="0" />
		<Point X="240" Y="216" T="0" />
		<Point X="247" Y="223" T="0" />
		<Point X="254" Y="233" T="0" />
		<Point X="260" Y="243" T="0" />
		<Point X="266" Y="253" T="0" />
		<Point X="269" Y="262" T="0" />
		<Point X="272" Y="271" T="0" />
		<Point X="272" Y="281" T="0" />
		<Point X="272" Y="290" T="0" />
		<Point X="271" Y="300" T="0" />
		<Point X="268" Y="312" T="0" />
		<Point X="263" Y="322" T="0" />
		<Point X="258" Y="329" T="0" />
		<Point X="254" Y="333" T="0" />
		<Point X="250" Y="336" T="0" />
		<Point X="245" Y="339" T="0" />
		<Point X="234" Y="344" T="0" />
		<Point X="230" Y="346" T="0" />
		<Point X="221" Y="350" T="0" />
		<Point X="209" Y="354" T="0" />
		<Point X="196" Y="357" T="0" />
		<Point X="188" Y="359" T="0" />
		<Point X="186" Y="359" T="0" />
		<Point X="185" Y="359" T="0" />
		<Point X="184" Y="360" T="0" />
		<Point X="180" Y="362" T="0" />
		<Point X="177" Y="362" T="0" />
		<Point X="175" Y="363" T="0" />
		<Point X="174" Y="363" T="0" />
		<Point X="173" Y="364" T="0" />
		<Point X="169" Y="364" T="0" />
		<Point X="167" Y="366" T="0" />
		<Point X="162" Y="367" T="0" />
	</Stroke>
</Gesture> 
