<?xml version="1.0" encoding="utf-8" standalone="yes"?>
<Gesture Name="D02">
	<Stroke>
		<Point X="169" Y="219" T="0" />
		<Point X="170" Y="219" T="0" />
		<Point X="170" Y="223" T="0" />
		<Point X="171" Y="237" T="0" />
		<Point X="171" Y="262" T="0" />
		<Point X="171" Y="296" T="0" />
		<Point X="171" Y="336" T="0" />
		<Point X="166" Y="378" T="0" />
		<Point X="160" Y="408" T="0" />
		<Point X="156" Y="424" T="0" />
		<Point X="156" Y="427" T="0" />
	</Stroke>
	<Stroke>
		<Point X="181" Y="232" T="0" />
		<Point X="182" Y="231" T="0" />
		<Point X="193" Y="231" T="0" />
		<Point X="206" Y="231" T="0" />
		<Point X="220" Y="233" T="0" />
		<Point X="237" Y="238" T="0" />
		<Point X="258" Y="246" T="0" />
		<Point X="276" Y="257" T="0" />
		<Point X="292" Y="272" T="0" />
		<Point X="306" Y="290" T="0" />
		<Point X="317" Y="309" T="0" />
		<Point X="323" Y="323" T="0" />
		<Point X="324" Y="334" T="0" />
		<Point X="324" Y="343" T="0" />
		<Point X="319" Y="351" T="0" />
		<Point X="313" Y="360" T="0" />
		<Point X="302" Y="371" T="0" />
		<Point X="288" Y="383" T="0" />
		<Point X="269" Y="394" T="0" />
		<Point X="253" Y="399" T="0" />
		<Point X="238" Y="399" T="0" />
		<Point X="222" Y="398" T="0" />
		<Point X="204" Y="396" T="0" />
		<Point X="185" Y="394" T="0" />
		<Point X="174" Y="394" T="0" />
	</Stroke>
</Gesture> 
