<?xml version="1.0" encoding="utf-8" standalone="yes"?>
<Gesture Name="D03">
	<Stroke>
		<Point X="138" Y="157" T="0" />
		<Point X="138" Y="157" T="0" />
		<Point X="138" Y="158" T="0" />
		<Point X="136" Y="162" T="0" />
		<Point X="133" Y="175" T="0" />
		<Point X="128" Y="206" T="0" />
		<Point X="124" Y="245" T="0" />
		<Point X="120" Y="282" T="0" />
		<Point X="117" Y="322" T="0" />
		<Point X="114" Y="353" T="0" />
		<Point X="114" Y="369" T="0" />
		<Point X="114" Y="374" T="0" />
	</Stroke>
	<Stroke>
		<Point X="136" Y="150" T="0" />
		<Point X="137" Y="150" T="0" />
		<Point X="138" Y="150" T="0" />
		<Point X="140" Y="151" T="0" />
		<Point X="143" Y="153" T="0" />
		<Point X="148" Y="155" T="0" />
		<Point X="156" Y="159" T="0" />
		<Point X="166" Y="165" T="0" />
		<Point X="177" Y="174" T="0" />
		<Point X="190" Y="185" T="0" />
		<Point X="205" Y="198" T="0" />
		<Point X="221" Y="210" T="0" />
		<Point X="234" Y="221" T="0" />
		<Point X="242" Y="229" T="0" />
		<Point X="244" Y="233" T="0" />
		<Point X="244" Y="237" T="0" />
		<Point X="244" Y="246" T="0" />
		<Point X="240" Y="262" T="0" />
		<Point X="229" Y="285" T="0" />
		<Point X="214" Y="312" T="0" />
		<Point X="186" Y="349" T="0" />
		<Point X="154" Y="383" T="0" />
		<Point X="119" Y="412" T="0" />
		<Point X="91" Y="432" T="0" />
		<Point X="78" Y="441" T="0" />
	</Stroke>
</Gesture> 
