<?xml version="1.0" encoding="utf-8" standalone="yes"?>
<Gesture Name="D04">
	<Stroke>
		<Point X="229" Y="199" T="0" />
		<Point X="228" Y="202" T="0" />
		<Point X="227" Y="213" T="0" />
		<Point X="223" Y="249" T="0" />
		<Point X="220" Y="295" T="0" />
		<Point X="220" Y="343" T="0" />
		<Point X="220" Y="392" T="0" />
		<Point X="222" Y="432" T="0" />
		<Point X="222" Y="458" T="0" />
		<Point X="222" Y="466" T="0" />
	</Stroke>
	<Stroke>
		<Point X="227" Y="211" T="0" />
		<Point X="229" Y="210" T="0" />
		<Point X="232" Y="207" T="0" />
		<Point X="236" Y="203" T="0" />
		<Point X="239" Y="201" T="0" />
		<Point X="243" Y="199" T="0" />
		<Point X="249" Y="199" T="0" />
		<Point X="262" Y="200" T="0" />
		<Point X="278" Y="206" T="0" />
		<Point X="297" Y="213" T="0" />
		<Point X="316" Y="224" T="0" />
		<Point X="333" Y="237" T="0" />
		<Point X="343" Y="249" T="0" />
		<Point X="349" Y="264" T="0" />
		<Point X="354" Y="283" T="0" />
		<Point X="356" Y="304" T="0" />
		<Point X="356" Y="326" T="0" />
		<Point X="351" Y="346" T="0" />
		<Point X="342" Y="364" T="0" />
		<Point X="325" Y="382" T="0" />
		<Point X="304" Y="395" T="0" />
		<Point X="286" Y="402" T="0" />
		<Point X="270" Y="403" T="0" />
		<Point X="252" Y="404" T="0" />
		<Point X="235" Y="406" T="0" />
		<Point X="223" Y="408" T="0" />
		<Point X="213" Y="411" T="0" />
		<Point X="208" Y="412" T="0" />
		<Point X="206" Y="413" T="0" />
		<Point X="205" Y="413" T="0" />
	</Stroke>
</Gesture> 
