<?xml version="1.0" encoding="utf-8" standalone="yes"?>
<Gesture Name="D05">
	<Stroke>
		<Point X="147" Y="189" T="0" />
		<Point X="148" Y="204" T="0" />
		<Point X="147" Y="230" T="0" />
		<Point X="146" Y="267" T="0" />
		<Point X="146" Y="316" T="0" />
		<Point X="150" Y="364" T="0" />
		<Point X="156" Y="405" T="0" />
		<Point X="159" Y="420" T="0" />
	</Stroke>
	<Stroke>
		<Point X="147" Y="189" T="0" />
		<Point X="148" Y="189" T="0" />
		<Point X="149" Y="189" T="0" />
		<Point X="151" Y="188" T="0" />
		<Point X="157" Y="186" T="0" />
		<Point X="172" Y="186" T="0" />
		<Point X="191" Y="187" T="0" />
		<Point X="210" Y="190" T="0" />
		<Point X="225" Y="195" T="0" />
		<Point X="234" Y="199" T="0" />
		<Point X="240" Y="204" T="0" />
		<Point X="247" Y="212" T="0" />
		<Point X="255" Y="224" T="0" />
		<Point X="265" Y="242" T="0" />
		<Point X="277" Y="262" T="0" />
		<Point X="287" Y="283" T="0" />
		<Point X="291" Y="298" T="0" />
		<Point X="293" Y="310" T="0" />
		<Point X="293" Y="320" T="0" />
		<Point X="288" Y="330" T="0" />
		<Point X="280" Y="343" T="0" />
		<Point X="265" Y="361" T="0" />
		<Point X="244" Y="382" T="0" />
		<Point X="219" Y="407" T="0" />
		<Point X="199" Y="422" T="0" />
		<Point X="187" Y="427" T="0" />
		<Point X="180" Y="427" T="0" />
		<Point X="172" Y="425" T="0" />
		<Point X="163" Y="421" T="0" />
		<Point X="151" Y="418" T="0" />
		<Point X="137" Y="418" T="0" />
		<Point X="127" Y="418" T="0" />
		<Point X="123" Y="421" T="0" />
		<Point X="122" Y="424" T="0" />
		<Point X="122" Y="428" T="0" />
		<Point X="122" Y="432" T="0" />
	</Stroke>
</Gesture> 
