<?xml version="1.0" encoding="utf-8" standalone="yes"?>
<Gesture Name="D06">
	<Stroke>
		<Point X="179" Y="206" T="0" />
		<Point X="179" Y="206" T="0" />
		<Point X="179" Y="216" T="0" />
		<Point X="179" Y="235" T="0" />
		<Point X="179" Y="262" T="0" />
		<Point X="178" Y="290" T="0" />
		<Point X="175" Y="318" T="0" />
		<Point X="174" Y="336" T="0" />
	</Stroke>
	<Stroke>
		<Point X="181" Y="211" T="0" />
		<Point X="182" Y="211" T="0" />
		<Point X="188" Y="211" T="0" />
		<Point X="199" Y="209" T="0" />
		<Point X="211" Y="209" T="0" />
		<Point X="220" Y="209" T="0" />
		<Point X="228" Y="209" T="0" />
		<Point X="236" Y="213" T="0" />
		<Point X="245" Y="220" T="0" />
		<Point X="253" Y="232" T="0" />
		<Point X="260" Y="246" T="0" />
		<Point X="266" Y="262" T="0" />
		<Point X="268" Y="277" T="0" />
		<Point X="268" Y="287" T="0" />
		<Point X="264" Y="295" T="0" />
		<Point X="259" Y="300" T="0" />
		<Point X="248" Y="305" T="0" />
		<Point X="233" Y="309" T="0" />
		<Point X="207" Y="315" T="0" />
		<Point X="176" Y="321" T="0" />
		<Point X="152" Y="328" T="0" />
		<Point X="133" Y="334" T="0" />
		<Point X="127" Y="336" T="0" />
		<Point X="125" Y="336" T="0" />
		<Point X="124" Y="336" T="0" />
		<Point X="123" Y="336" T="0" />
	</Stroke>
</Gesture> 
