<?xml version="1.0" encoding="utf-8" standalone="yes"?>
<Gesture Name="D07">
	<Stroke>
		<Point X="168" Y="123" T="0" />
		<Point X="168" Y="126" T="0" />
		<Point X="167" Y="131" T="0" />
		<Point X="165" Y="144" T="0" />
		<Point X="161" Y="170" T="0" />
		<Point X="158" Y="203" T="0" />
		<Point X="156" Y="239" T="0" />
		<Point X="153" Y="270" T="0" />
		<Point X="150" Y="295" T="0" />
		<Point X="147" Y="314" T="0" />
		<Point X="146" Y="325" T="0" />
		<Point X="145" Y="333" T="0" />
		<Point X="143" Y="338" T="0" />
		<Point X="143" Y="341" T="0" />
	</Stroke>
	<Stroke>
		<Point X="167" Y="133" T="0" />
		<Point X="167" Y="132" T="0" />
		<Point X="169" Y="132" T="0" />
		<Point X="175" Y="133" T="0" />
		<Point X="188" Y="137" T="0" />
		<Point X="204" Y="143" T="0" />
		<Point X="219" Y="151" T="0" />
		<Point X="235" Y="161" T="0" />
		<Point X="248" Y="171" T="0" />
		<Point X="257" Y="178" T="0" />
		<Point X="261" Y="184" T="0" />
		<Point X="263" Y="189" T="0" />
		<Point X="264" Y="194" T="0" />
		<Point X="264" Y="201" T="0" />
		<Point X="263" Y="211" T="0" />
		<Point X="255" Y="228" T="0" />
		<Point X="241" Y="248" T="0" />
		<Point X="220" Y="275" T="0" />
		<Point X="198" Y="299" T="0" />
		<Point X="176" Y="317" T="0" />
		<Point X="158" Y="328" T="0" />
		<Point X="147" Y="331" T="0" />
		<Point X="138" Y="332" T="0" />
		<Point X="132" Y="333" T="0" />
		<Point X="129" Y="334" T="0" />
	</Stroke>
</Gesture> 
