<?xml version="1.0" encoding="utf-8" standalone="yes"?>
<Gesture Name="D08">
	<Stroke>
		<Point X="161" Y="120" T="0" />
		<Point X="161" Y="121" T="0" />
		<Point X="160" Y="129" T="0" />
		<Point X="155" Y="156" T="0" />
		<Point X="149" Y="197" T="0" />
		<Point X="145" Y="255" T="0" />
		<Point X="146" Y="310" T="0" />
		<Point X="151" Y="361" T="0" />
		<Point X="154" Y="398" T="0" />
		<Point X="157" Y="416" T="0" />
		<Point X="157" Y="419" T="0" />
		<Point X="158" Y="417" T="0" />
	</Stroke>
	<Stroke>
		<Point X="166" Y="127" T="0" />
		<Point X="167" Y="127" T="0" />
		<Point X="168" Y="127" T="0" />
		<Point X="175" Y="127" T="0" />
		<Point X="188" Y="127" T="0" />
		<Point X="208" Y="128" T="0" />
		<Point X="236" Y="132" T="0" />
		<Point X="265" Y="140" T="0" />
		<Point X="291" Y="149" T="0" />
		<Point X="315" Y="160" T="0" />
		<Point X="332" Y="170" T="0" />
		<Point X="345" Y="180" T="0" />
		<Point X="353" Y="191" T="0" />
		<Point X="357" Y="204" T="0" />
		<Point X="360" Y="218" T="0" />
		<Point X="360" Y="234" T="0" />
		<Point X="359" Y="248" T="0" />
		<Point X="352" Y="267" T="0" />
		<Point X="341" Y="288" T="0" />
		<Point X="325" Y="308" T="0" />
		<Point X="302" Y="329" T="0" />
		<Point X="281" Y="349" T="0" />
		<Point X="262" Y="365" T="0" />
		<Point X="249" Y="375" T="0" />
		<Point X="239" Y="380" T="0" />
		<Point X="232" Y="383" T="0" />
		<Point X="225" Y="383" T="0" />
		<Point X="217" Y="384" T="0" />
		<Point X="206" Y="385" T="0" />
		<Point X="194" Y="389" T="0" />
		<Point X="185" Y="392" T="0" />
		<Point X="178" Y="396" T="0" />
		<Point X="173" Y="399" T="0" />
		<Point X="171" Y="401" T="0" />
		<Point X="169" Y="402" T="0" />
		<Point X="169" Y="403" T="0" />
		<Point X="167" Y="403" T="0" />
		<Point X="166" Y="403" T="0" />
	</Stroke>
</Gesture> 
