<?xml version="1.0" encoding="utf-8" standalone="yes"?>
<Gesture Name="D09">
	<Stroke>
		<Point X="100" Y="190" T="0" />
		<Point X="100" Y="190" T="0" />
		<Point X="100" Y="191" T="0" />
		<Point X="101" Y="201" T="0" />
		<Point X="102" Y="224" T="0" />
		<Point X="103" Y="259" T="0" />
		<Point X="103" Y="297" T="0" />
		<Point X="102" Y="335" T="0" />
		<Point X="99" Y="367" T="0" />
		<Point X="99" Y="378" T="0" />
	</Stroke>
	<Stroke>
		<Point X="110" Y="202" T="0" />
		<Point X="110" Y="201" T="0" />
		<Point X="110" Y="200" T="0" />
		<Point X="110" Y="199" T="0" />
		<Point X="112" Y="199" T="0" />
		<Point X="116" Y="200" T="0" />
		<Point X="128" Y="203" T="0" />
		<Point X="146" Y="206" T="0" />
		<Point X="167" Y="212" T="0" />
		<Point X="190" Y="220" T="0" />
		<Point X="207" Y="231" T="0" />
		<Point X="221" Y="241" T="0" />
		<Point X="229" Y="251" T="0" />
		<Point X="236" Y="263" T="0" />
		<Point X="239" Y="277" T="0" />
		<Point X="239" Y="293" T="0" />
		<Point X="238" Y="308" T="0" />
		<Point X="234" Y="320" T="0" />
		<Point X="228" Y="332" T="0" />
		<Point X="219" Y="342" T="0" />
		<Point X="205" Y="352" T="0" />
		<Point X="189" Y="359" T="0" />
		<Point X="174" Y="362" T="0" />
		<Point X="158" Y="364" T="0" />
		<Point X="142" Y="365" T="0" />
		<Point X="131" Y="368" T="0" />
		<Point X="122" Y="370" T="0" />
		<Point X="119" Y="371" T="0" />
		<Point X="118" Y="371" T="0" />
		<Point X="117" Y="371" T="0" />
	</Stroke>
</Gesture> 
