<?xml version="1.0" encoding="utf-8" standalone="yes"?>
<Gesture Name="D10">
	<Stroke>
		<Point X="167" Y="204" T="0" />
		<Point X="167" Y="204" T="0" />
		<Point X="167" Y="207" T="0" />
		<Point X="165" Y="224" T="0" />
		<Point X="158" Y="250" T="0" />
		<Point X="149" Y="281" T="0" />
		<Point X="139" Y="316" T="0" />
		<Point X="129" Y="349" T="0" />
		<Point X="123" Y="374" T="0" />
		<Point X="121" Y="385" T="0" />
	</Stroke>
	<Stroke>
		<Point X="176" Y="206" T="0" />
		<Point X="176" Y="205" T="0" />
		<Point X="180" Y="205" T="0" />
		<Point X="189" Y="208" T="0" />
		<Point X="198" Y="214" T="0" />
		<Point X="209" Y="221" T="0" />
		<Point X="221" Y="230" T="0" />
		<Point X="234" Y="240" T="0" />
		<Point X="244" Y="248" T="0" />
		<Point X="249" Y="253" T="0" />
		<Point X="253" Y="259" T="0" />
		<Point X="256" Y="265" T="0" />
		<Point X="258" Y="272" T="0" />
		<Point X="258" Y="280" T="0" />
		<Point X="256" Y="289" T="0" />
		<Point X="252" Y="298" T="0" />
		<Point X="241" Y="311" T="0" />
		<Point X="228" Y="323" T="0" />
		<Point X="208" Y="337" T="0" />
		<Point X="192" Y="348" T="0" />
		<Point X="178" Y="355" T="0" />
		<Point X="166" Y="359" T="0" />
		<Point X="156" Y="362" T="0" />
		<Point X="149" Y="364" T="0" />
		<Point X="141" Y="367" T="0" />
		<Point X="131" Y="371" T="0" />
		<Point X="122" Y="376" T="0" />
		<Point X="113" Y="380" T="0" />
	</Stroke>
</Gesture> 
