<?xml version="1.0" encoding="utf-8" standalone="yes"?>
<Gesture Name="exclamation_point10">
	<Stroke>
		<Point X="227" Y="139" T="0" />
		<Point X="227" Y="140" T="0" />
		<Point X="227" Y="147" T="0" />
		<Point X="226" Y="164" T="0" />
		<Point X="222" Y="187" T="0" />
		<Point X="216" Y="215" T="0" />
		<Point X="212" Y="238" T="0" />
		<Point X="210" Y="256" T="0" />
		<Point X="208" Y="271" T="0" />
		<Point X="206" Y="284" T="0" />
		<Point X="204" Y="296" T="0" />
		<Point X="203" Y="305" T="0" />
		<Point X="203" Y="310" T="0" />
	</Stroke>
	<Stroke>
		<Point X="202" Y="322" T="0" />
		<Point X="202" Y="323" T="0" />
		<Point X="201" Y="323" T="0" />
		<Point X="201" Y="324" T="0" />
		<Point X="200" Y="327" T="0" />
		<Point X="199" Y="329" T="0" />
		<Point X="199" Y="333" T="0" />
		<Point X="199" Y="335" T="0" />
		<Point X="199" Y="337" T="0" />
		<Point X="199" Y="339" T="0" />
		<Point X="199" Y="340" T="0" />
		<Point X="200" Y="340" T="0" />
		<Point X="201" Y="340" T="0" />
		<Point X="202" Y="340" T="0" />
		<Point X="202" Y="339" T="0" />
		<Point X="203" Y="338" T="0" />
		<Point X="203" Y="337" T="0" />
		<Point X="204" Y="336" T="0" />
		<Point X="205" Y="333" T="0" />
		<Point X="205" Y="332" T="0" />
		<Point X="205" Y="329" T="0" />
		<Point X="205" Y="328" T="0" />
		<Point X="205" Y="326" T="0" />
		<Point X="205" Y="325" T="0" />
		<Point X="205" Y="324" T="0" />
		<Point X="204" Y="324" T="0" />
		<Point X="203" Y="324" T="0" />
		<Point X="202" Y="324" T="0" />
		<Point X="202" Y="325" T="0" />
		<Point X="200" Y="327" T="0" />
	</Stroke>
</Gesture> 
