<?xml version="1.0" encoding="utf-8" standalone="yes"?>
<Gesture Name="exclamation_point03">
	<Stroke>
		<Point X="221" Y="165" T="0" />
		<Point X="221" Y="165" T="0" />
		<Point X="221" Y="173" T="0" />
		<Point X="219" Y="197" T="0" />
		<Point X="217" Y="234" T="0" />
		<Point X="213" Y="272" T="0" />
		<Point X="210" Y="301" T="0" />
		<Point X="209" Y="323" T="0" />
		<Point X="209" Y="331" T="0" />
	</Stroke>
	<Stroke>
		<Point X="198" Y="358" T="0" />
		<Point X="198" Y="359" T="0" />
		<Point X="198" Y="361" T="0" />
		<Point X="199" Y="367" T="0" />
		<Point X="201" Y="371" T="0" />
		<Point X="203" Y="376" T="0" />
		<Point X="205" Y="377" T="0" />
		<Point X="206" Y="377" T="0" />
		<Point X="207" Y="377" T="0" />
		<Point X="208" Y="375" T="0" />
		<Point X="209" Y="372" T="0" />
		<Point X="209" Y="368" T="0" />
		<Point X="208" Y="363" T="0" />
		<Point X="204" Y="360" T="0" />
		<Point X="202" Y="358" T="0" />
		<Point X="201" Y="358" T="0" />
		<Point X="201" Y="359" T="0" />
		<Point X="199" Y="365" T="0" />
		<Point X="199" Y="373" T="0" />
		<Point X="198" Y="377" T="0" />
		<Point X="198" Y="381" T="0" />
		<Point X="199" Y="381" T="0" />
	</Stroke>
</Gesture> 
