<?xml version="1.0" encoding="utf-8" standalone="yes"?>
<Gesture Name="exclamation_point02">
	<Stroke>
		<Point X="232" Y="154" T="0" />
		<Point X="232" Y="156" T="0" />
		<Point X="232" Y="157" T="0" />
		<Point X="232" Y="161" T="0" />
		<Point X="231" Y="172" T="0" />
		<Point X="230" Y="190" T="0" />
		<Point X="228" Y="215" T="0" />
		<Point X="225" Y="249" T="0" />
		<Point X="224" Y="278" T="0" />
		<Point X="224" Y="301" T="0" />
		<Point X="224" Y="318" T="0" />
		<Point X="224" Y="328" T="0" />
		<Point X="224" Y="335" T="0" />
		<Point X="224" Y="338" T="0" />
		<Point X="224" Y="341" T="0" />
		<Point X="224" Y="341" T="0" />
		<Point X="224" Y="342" T="0" />
	</Stroke>
	<Stroke>
		<Point X="202" Y="363" T="0" />
		<Point X="203" Y="363" T="0" />
		<Point X="204" Y="362" T="0" />
		<Point X="206" Y="362" T="0" />
		<Point X="210" Y="362" T="0" />
		<Point X="215" Y="362" T="0" />
		<Point X="220" Y="362" T="0" />
		<Point X="227" Y="362" T="0" />
		<Point X="230" Y="362" T="0" />
		<Point X="230" Y="361" T="0" />
		<Point X="230" Y="360" T="0" />
		<Point X="230" Y="359" T="0" />
		<Point X="229" Y="359" T="0" />
		<Point X="227" Y="357" T="0" />
		<Point X="224" Y="356" T="0" />
		<Point X="220" Y="355" T="0" />
		<Point X="216" Y="356" T="0" />
		<Point X="212" Y="361" T="0" />
		<Point X="207" Y="367" T="0" />
		<Point X="203" Y="373" T="0" />
		<Point X="201" Y="376" T="0" />
	</Stroke>
</Gesture> 
