<?xml version="1.0" encoding="utf-8" standalone="yes"?>
<Gesture Name="exclamation_point09">
	<Stroke>
		<Point X="241" Y="132" T="0" />
		<Point X="240" Y="137" T="0" />
		<Point X="239" Y="154" T="0" />
		<Point X="236" Y="183" T="0" />
		<Point X="233" Y="223" T="0" />
		<Point X="229" Y="259" T="0" />
		<Point X="227" Y="281" T="0" />
		<Point X="226" Y="295" T="0" />
		<Point X="226" Y="301" T="0" />
	</Stroke>
	<Stroke>
		<Point X="227" Y="321" T="0" />
		<Point X="228" Y="320" T="0" />
		<Point X="228" Y="316" T="0" />
		<Point X="228" Y="315" T="0" />
		<Point X="228" Y="314" T="0" />
		<Point X="227" Y="314" T="0" />
		<Point X="227" Y="315" T="0" />
		<Point X="226" Y="318" T="0" />
		<Point X="226" Y="321" T="0" />
		<Point X="226" Y="322" T="0" />
		<Point X="226" Y="323" T="0" />
		<Point X="226" Y="324" T="0" />
		<Point X="227" Y="324" T="0" />
		<Point X="228" Y="324" T="0" />
		<Point X="229" Y="324" T="0" />
		<Point X="230" Y="324" T="0" />
		<Point X="232" Y="322" T="0" />
		<Point X="234" Y="320" T="0" />
		<Point X="236" Y="318" T="0" />
		<Point X="238" Y="314" T="0" />
		<Point X="239" Y="312" T="0" />
		<Point X="240" Y="311" T="0" />
		<Point X="240" Y="309" T="0" />
		<Point X="240" Y="307" T="0" />
		<Point X="239" Y="307" T="0" />
		<Point X="238" Y="306" T="0" />
		<Point X="237" Y="306" T="0" />
		<Point X="236" Y="306" T="0" />
		<Point X="235" Y="306" T="0" />
		<Point X="233" Y="309" T="0" />
	</Stroke>
</Gesture> 
