<?xml version="1.0" encoding="utf-8" standalone="yes"?>
<Gesture Name="exclamation_point05">
	<Stroke>
		<Point X="244" Y="88" T="0" />
		<Point X="244" Y="98" T="0" />
		<Point X="244" Y="130" T="0" />
		<Point X="246" Y="164" T="0" />
		<Point X="250" Y="205" T="0" />
		<Point X="252" Y="231" T="0" />
		<Point X="254" Y="243" T="0" />
		<Point X="254" Y="247" T="0" />
		<Point X="255" Y="248" T="0" />
		<Point X="255" Y="250" T="0" />
		<Point X="255" Y="256" T="0" />
		<Point X="256" Y="265" T="0" />
	</Stroke>
	<Stroke>
		<Point X="271" Y="296" T="0" />
		<Point X="271" Y="294" T="0" />
		<Point X="271" Y="288" T="0" />
		<Point X="270" Y="285" T="0" />
		<Point X="267" Y="282" T="0" />
		<Point X="264" Y="279" T="0" />
		<Point X="262" Y="278" T="0" />
		<Point X="260" Y="278" T="0" />
		<Point X="258" Y="278" T="0" />
		<Point X="257" Y="278" T="0" />
		<Point X="255" Y="280" T="0" />
		<Point X="254" Y="287" T="0" />
		<Point X="252" Y="294" T="0" />
		<Point X="252" Y="301" T="0" />
		<Point X="252" Y="305" T="0" />
		<Point X="253" Y="307" T="0" />
		<Point X="254" Y="309" T="0" />
		<Point X="255" Y="309" T="0" />
		<Point X="256" Y="310" T="0" />
		<Point X="257" Y="310" T="0" />
		<Point X="258" Y="309" T="0" />
		<Point X="259" Y="306" T="0" />
		<Point X="262" Y="300" T="0" />
		<Point X="263" Y="297" T="0" />
		<Point X="263" Y="294" T="0" />
		<Point X="262" Y="289" T="0" />
		<Point X="259" Y="284" T="0" />
		<Point X="257" Y="282" T="0" />
		<Point X="256" Y="281" T="0" />
	</Stroke>
</Gesture> 
