<?xml version="1.0" encoding="utf-8" standalone="yes"?>
<Gesture Name="exclamation_point08">
	<Stroke>
		<Point X="278" Y="133" T="0" />
		<Point X="278" Y="133" T="0" />
		<Point X="278" Y="134" T="0" />
		<Point X="278" Y="138" T="0" />
		<Point X="276" Y="155" T="0" />
		<Point X="273" Y="185" T="0" />
		<Point X="271" Y="219" T="0" />
		<Point X="271" Y="250" T="0" />
		<Point X="272" Y="276" T="0" />
		<Point X="273" Y="284" T="0" />
		<Point X="274" Y="287" T="0" />
		<Point X="275" Y="287" T="0" />
	</Stroke>
	<Stroke>
		<Point X="281" Y="316" T="0" />
		<Point X="280" Y="316" T="0" />
		<Point X="279" Y="316" T="0" />
		<Point X="278" Y="316" T="0" />
		<Point X="276" Y="317" T="0" />
		<Point X="272" Y="319" T="0" />
		<Point X="270" Y="321" T="0" />
		<Point X="268" Y="324" T="0" />
		<Point X="267" Y="325" T="0" />
		<Point X="267" Y="328" T="0" />
		<Point X="267" Y="331" T="0" />
		<Point X="268" Y="333" T="0" />
		<Point X="269" Y="334" T="0" />
		<Point X="270" Y="334" T="0" />
		<Point X="272" Y="334" T="0" />
		<Point X="273" Y="334" T="0" />
		<Point X="274" Y="334" T="0" />
		<Point X="274" Y="333" T="0" />
		<Point X="275" Y="332" T="0" />
		<Point X="275" Y="328" T="0" />
		<Point X="275" Y="324" T="0" />
		<Point X="275" Y="321" T="0" />
		<Point X="275" Y="320" T="0" />
		<Point X="273" Y="320" T="0" />
		<Point X="272" Y="320" T="0" />
		<Point X="271" Y="320" T="0" />
	</Stroke>
</Gesture> 
