<?xml version="1.0" encoding="utf-8" standalone="yes"?>
<Gesture Name="exclamation_point06">
	<Stroke>
		<Point X="262" Y="143" T="0" />
		<Point X="262" Y="143" T="0" />
		<Point X="263" Y="152" T="0" />
		<Point X="265" Y="168" T="0" />
		<Point X="266" Y="197" T="0" />
		<Point X="266" Y="227" T="0" />
		<Point X="264" Y="257" T="0" />
		<Point X="262" Y="274" T="0" />
	</Stroke>
	<Stroke>
		<Point X="273" Y="312" T="0" />
		<Point X="273" Y="311" T="0" />
		<Point X="272" Y="306" T="0" />
		<Point X="269" Y="301" T="0" />
		<Point X="266" Y="297" T="0" />
		<Point X="263" Y="295" T="0" />
		<Point X="261" Y="295" T="0" />
		<Point X="259" Y="295" T="0" />
		<Point X="258" Y="296" T="0" />
		<Point X="256" Y="300" T="0" />
		<Point X="255" Y="304" T="0" />
		<Point X="255" Y="307" T="0" />
		<Point X="255" Y="310" T="0" />
		<Point X="257" Y="311" T="0" />
		<Point X="258" Y="312" T="0" />
		<Point X="259" Y="312" T="0" />
		<Point X="260" Y="312" T="0" />
		<Point X="261" Y="312" T="0" />
		<Point X="261" Y="311" T="0" />
		<Point X="262" Y="310" T="0" />
		<Point X="262" Y="305" T="0" />
		<Point X="262" Y="301" T="0" />
		<Point X="261" Y="297" T="0" />
		<Point X="258" Y="295" T="0" />
		<Point X="257" Y="295" T="0" />
	</Stroke>
</Gesture> 
