<?xml version="1.0" encoding="utf-8" standalone="yes"?>
<Gesture Name="exclamation_point07">
	<Stroke>
		<Point X="249" Y="165" T="0" />
		<Point X="249" Y="165" T="0" />
		<Point X="249" Y="165" T="0" />
		<Point X="248" Y="166" T="0" />
		<Point X="248" Y="179" T="0" />
		<Point X="246" Y="204" T="0" />
		<Point X="242" Y="241" T="0" />
		<Point X="238" Y="280" T="0" />
		<Point X="235" Y="321" T="0" />
		<Point X="234" Y="343" T="0" />
	</Stroke>
	<Stroke>
		<Point X="233" Y="366" T="0" />
		<Point X="232" Y="366" T="0" />
		<Point X="231" Y="366" T="0" />
		<Point X="230" Y="367" T="0" />
		<Point X="229" Y="368" T="0" />
		<Point X="226" Y="368" T="0" />
		<Point X="224" Y="369" T="0" />
		<Point X="218" Y="370" T="0" />
		<Point X="214" Y="372" T="0" />
		<Point X="212" Y="374" T="0" />
		<Point X="211" Y="377" T="0" />
		<Point X="211" Y="381" T="0" />
		<Point X="211" Y="385" T="0" />
		<Point X="213" Y="389" T="0" />
		<Point X="217" Y="391" T="0" />
		<Point X="221" Y="393" T="0" />
		<Point X="223" Y="393" T="0" />
		<Point X="224" Y="393" T="0" />
		<Point X="225" Y="393" T="0" />
		<Point X="225" Y="392" T="0" />
		<Point X="225" Y="391" T="0" />
		<Point X="225" Y="388" T="0" />
		<Point X="224" Y="386" T="0" />
		<Point X="220" Y="384" T="0" />
		<Point X="214" Y="382" T="0" />
		<Point X="210" Y="381" T="0" />
		<Point X="208" Y="379" T="0" />
	</Stroke>
</Gesture> 
