<?xml version="1.0" encoding="utf-8" standalone="yes"?>
<Gesture Name="exclamation_point01">
	<Stroke>
		<Point X="259" Y="125" T="0" />
		<Point X="259" Y="125" T="0" />
		<Point X="259" Y="126" T="0" />
		<Point X="258" Y="134" T="0" />
		<Point X="254" Y="149" T="0" />
		<Point X="250" Y="172" T="0" />
		<Point X="247" Y="204" T="0" />
		<Point X="247" Y="238" T="0" />
		<Point X="247" Y="275" T="0" />
		<Point X="246" Y="315" T="0" />
		<Point X="244" Y="336" T="0" />
		<Point X="244" Y="346" T="0" />
		<Point X="244" Y="348" T="0" />
		<Point X="244" Y="348" T="0" />
	</Stroke>
	<Stroke>
		<Point X="238" Y="361" T="0" />
		<Point X="239" Y="361" T="0" />
		<Point X="241" Y="361" T="0" />
		<Point X="243" Y="361" T="0" />
		<Point X="247" Y="361" T="0" />
		<Point X="250" Y="361" T="0" />
		<Point X="253" Y="361" T="0" />
		<Point X="254" Y="361" T="0" />
		<Point X="255" Y="361" T="0" />
		<Point X="256" Y="361" T="0" />
		<Point X="255" Y="361" T="0" />
		<Point X="254" Y="360" T="0" />
		<Point X="252" Y="359" T="0" />
		<Point X="249" Y="357" T="0" />
		<Point X="247" Y="357" T="0" />
		<Point X="246" Y="357" T="0" />
		<Point X="245" Y="357" T="0" />
		<Point X="244" Y="357" T="0" />
		<Point X="243" Y="357" T="0" />
		<Point X="242" Y="357" T="0" />
		<Point X="240" Y="357" T="0" />
		<Point X="239" Y="357" T="0" />
		<Point X="238" Y="357" T="0" />
	</Stroke>
</Gesture> 
