<?xml version="1.0" encoding="utf-8" standalone="yes"?>
<Gesture Name="exclamation_point04">
	<Stroke>
		<Point X="201" Y="162" T="0" />
		<Point X="201" Y="162" T="0" />
		<Point X="201" Y="170" T="0" />
		<Point X="200" Y="185" T="0" />
		<Point X="198" Y="212" T="0" />
		<Point X="196" Y="240" T="0" />
		<Point X="194" Y="259" T="0" />
		<Point X="194" Y="270" T="0" />
		<Point X="194" Y="274" T="0" />
		<Point X="194" Y="275" T="0" />
		<Point X="194" Y="278" T="0" />
	</Stroke>
	<Stroke>
		<Point X="207" Y="321" T="0" />
		<Point X="207" Y="320" T="0" />
		<Point X="207" Y="319" T="0" />
		<Point X="206" Y="315" T="0" />
		<Point X="205" Y="312" T="0" />
		<Point X="203" Y="311" T="0" />
		<Point X="202" Y="309" T="0" />
		<Point X="201" Y="309" T="0" />
		<Point X="199" Y="309" T="0" />
		<Point X="198" Y="309" T="0" />
		<Point X="197" Y="309" T="0" />
		<Point X="197" Y="310" T="0" />
		<Point X="195" Y="311" T="0" />
		<Point X="194" Y="315" T="0" />
		<Point X="194" Y="320" T="0" />
		<Point X="197" Y="324" T="0" />
		<Point X="200" Y="327" T="0" />
		<Point X="204" Y="327" T="0" />
		<Point X="206" Y="327" T="0" />
		<Point X="208" Y="327" T="0" />
		<Point X="212" Y="324" T="0" />
		<Point X="214" Y="320" T="0" />
		<Point X="214" Y="310" T="0" />
		<Point X="211" Y="301" T="0" />
		<Point X="206" Y="294" T="0" />
		<Point X="202" Y="291" T="0" />
		<Point X="199" Y="291" T="0" />
	</Stroke>
</Gesture> 
