<?xml version="1.0" encoding="utf-8" standalone="yes"?>
<Gesture Name="five_point_star01">
	<Stroke>
		<Point X="120" Y="250" T="0" />
		<Point X="120" Y="250" T="0" />
		<Point X="135" Y="250" T="0" />
		<Point X="161" Y="248" T="0" />
		<Point X="222" Y="232" T="0" />
		<Point X="296" Y="208" T="0" />
		<Point X="365" Y="184" T="0" />
		<Point X="414" Y="164" T="0" />
		<Point X="445" Y="148" T="0" />
		<Point X="462" Y="138" T="0" />
		<Point X="468" Y="134" T="0" />
		<Point X="468" Y="134" T="0" />
		<Point X="468" Y="134" T="0" />
		<Point X="466" Y="139" T="0" />
		<Point X="456" Y="157" T="0" />
		<Point X="435" Y="191" T="0" />
		<Point X="404" Y="241" T="0" />
		<Point X="368" Y="301" T="0" />
		<Point X="338" Y="353" T="0" />
		<Point X="324" Y="381" T="0" />
		<Point X="320" Y="391" T="0" />
		<Point X="320" Y="392" T="0" />
		<Point X="320" Y="391" T="0" />
		<Point X="319" Y="385" T="0" />
		<Point X="317" Y="366" T="0" />
		<Point X="315" Y="344" T="0" />
		<Point X="312" Y="303" T="0" />
		<Point X="309" Y="253" T="0" />
		<Point X="305" Y="207" T="0" />
		<Point X="302" Y="170" T="0" />
		<Point X="301" Y="149" T="0" />
		<Point X="301" Y="140" T="0" />
		<Point X="301" Y="133" T="0" />
		<Point X="301" Y="130" T="0" />
		<Point X="301" Y="134" T="0" />
		<Point X="303" Y="146" T="0" />
		<Point X="311" Y="175" T="0" />
		<Point X="323" Y="221" T="0" />
		<Point X="341" Y="283" T="0" />
		<Point X="362" Y="344" T="0" />
		<Point X="376" Y="383" T="0" />
		<Point X="383" Y="400" T="0" />
		<Point X="386" Y="405" T="0" />
		<Point X="386" Y="403" T="0" />
		<Point X="386" Y="402" T="0" />
		<Point X="386" Y="394" T="0" />
		<Point X="386" Y="385" T="0" />
		<Point X="385" Y="379" T="0" />
		<Point X="383" Y="371" T="0" />
		<Point X="381" Y="362" T="0" />
		<Point X="377" Y="353" T="0" />
		<Point X="369" Y="340" T="0" />
		<Point X="355" Y="324" T="0" />
		<Point X="336" Y="306" T="0" />
		<Point X="310" Y="285" T="0" />
		<Point X="280" Y="269" T="0" />
		<Point X="250" Y="257" T="0" />
		<Point X="222" Y="249" T="0" />
		<Point X="200" Y="244" T="0" />
		<Point X="186" Y="240" T="0" />
		<Point X="172" Y="237" T="0" />
		<Point X="163" Y="237" T="0" />
		<Point X="153" Y="236" T="0" />
		<Point X="146" Y="236" T="0" />
		<Point X="140" Y="236" T="0" />
		<Point X="134" Y="236" T="0" />
	</Stroke>
</Gesture> 
