<?xml version="1.0" encoding="utf-8" standalone="yes"?>
<Gesture Name="five_point_star02">
	<Stroke>
		<Point X="152" Y="229" T="0" />
		<Point X="152" Y="229" T="0" />
		<Point X="163" Y="228" T="0" />
		<Point X="185" Y="223" T="0" />
		<Point X="220" Y="215" T="0" />
		<Point X="253" Y="208" T="0" />
		<Point X="282" Y="202" T="0" />
		<Point X="303" Y="197" T="0" />
		<Point X="311" Y="196" T="0" />
		<Point X="312" Y="196" T="0" />
		<Point X="311" Y="201" T="0" />
		<Point X="305" Y="210" T="0" />
		<Point X="291" Y="229" T="0" />
		<Point X="270" Y="257" T="0" />
		<Point X="243" Y="297" T="0" />
		<Point X="217" Y="331" T="0" />
		<Point X="200" Y="356" T="0" />
		<Point X="193" Y="367" T="0" />
		<Point X="192" Y="369" T="0" />
		<Point X="193" Y="364" T="0" />
		<Point X="197" Y="348" T="0" />
		<Point X="202" Y="325" T="0" />
		<Point X="204" Y="301" T="0" />
		<Point X="205" Y="269" T="0" />
		<Point X="204" Y="232" T="0" />
		<Point X="196" Y="197" T="0" />
		<Point X="184" Y="167" T="0" />
		<Point X="178" Y="149" T="0" />
		<Point X="176" Y="142" T="0" />
		<Point X="176" Y="140" T="0" />
		<Point X="176" Y="139" T="0" />
		<Point X="176" Y="140" T="0" />
		<Point X="184" Y="155" T="0" />
		<Point X="196" Y="182" T="0" />
		<Point X="214" Y="227" T="0" />
		<Point X="231" Y="279" T="0" />
		<Point X="246" Y="327" T="0" />
		<Point X="257" Y="356" T="0" />
		<Point X="262" Y="370" T="0" />
		<Point X="264" Y="376" T="0" />
		<Point X="263" Y="376" T="0" />
		<Point X="259" Y="363" T="0" />
		<Point X="254" Y="343" T="0" />
		<Point X="244" Y="324" T="0" />
		<Point X="232" Y="305" T="0" />
		<Point X="213" Y="289" T="0" />
		<Point X="191" Y="276" T="0" />
		<Point X="157" Y="266" T="0" />
		<Point X="139" Y="263" T="0" />
	</Stroke>
</Gesture> 
