<?xml version="1.0" encoding="utf-8" standalone="yes"?>
<Gesture Name="five_point_star06">
	<Stroke>
		<Point X="97" Y="241" T="0" />
		<Point X="96" Y="241" T="0" />
		<Point X="96" Y="241" T="0" />
		<Point X="99" Y="240" T="0" />
		<Point X="112" Y="237" T="0" />
		<Point X="142" Y="230" T="0" />
		<Point X="185" Y="221" T="0" />
		<Point X="232" Y="213" T="0" />
		<Point X="272" Y="209" T="0" />
		<Point X="299" Y="207" T="0" />
		<Point X="307" Y="207" T="0" />
		<Point X="307" Y="207" T="0" />
		<Point X="307" Y="208" T="0" />
		<Point X="307" Y="209" T="0" />
		<Point X="300" Y="223" T="0" />
		<Point X="284" Y="243" T="0" />
		<Point X="260" Y="268" T="0" />
		<Point X="225" Y="296" T="0" />
		<Point X="194" Y="322" T="0" />
		<Point X="171" Y="341" T="0" />
		<Point X="161" Y="349" T="0" />
		<Point X="161" Y="348" T="0" />
		<Point X="163" Y="339" T="0" />
		<Point X="167" Y="324" T="0" />
		<Point X="169" Y="308" T="0" />
		<Point X="171" Y="289" T="0" />
		<Point X="171" Y="264" T="0" />
		<Point X="171" Y="235" T="0" />
		<Point X="170" Y="212" T="0" />
		<Point X="168" Y="192" T="0" />
		<Point X="168" Y="177" T="0" />
		<Point X="168" Y="166" T="0" />
		<Point X="170" Y="158" T="0" />
		<Point X="171" Y="154" T="0" />
		<Point X="172" Y="154" T="0" />
		<Point X="173" Y="154" T="0" />
		<Point X="175" Y="154" T="0" />
		<Point X="186" Y="165" T="0" />
		<Point X="206" Y="188" T="0" />
		<Point X="231" Y="221" T="0" />
		<Point X="257" Y="259" T="0" />
		<Point X="280" Y="294" T="0" />
		<Point X="292" Y="316" T="0" />
		<Point X="297" Y="327" T="0" />
		<Point X="298" Y="331" T="0" />
		<Point X="298" Y="332" T="0" />
		<Point X="297" Y="332" T="0" />
		<Point X="295" Y="330" T="0" />
		<Point X="286" Y="321" T="0" />
		<Point X="273" Y="311" T="0" />
		<Point X="249" Y="293" T="0" />
		<Point X="216" Y="275" T="0" />
		<Point X="179" Y="256" T="0" />
		<Point X="145" Y="245" T="0" />
		<Point X="120" Y="239" T="0" />
		<Point X="107" Y="236" T="0" />
		<Point X="103" Y="236" T="0" />
		<Point X="102" Y="236" T="0" />
		<Point X="100" Y="236" T="0" />
		<Point X="99" Y="236" T="0" />
		<Point X="96" Y="235" T="0" />
	</Stroke>
</Gesture> 
