<?xml version="1.0" encoding="utf-8" standalone="yes"?>
<Gesture Name="five_point_star09">
	<Stroke>
		<Point X="148" Y="264" T="0" />
		<Point X="148" Y="264" T="0" />
		<Point X="149" Y="264" T="0" />
		<Point X="151" Y="263" T="0" />
		<Point X="164" Y="263" T="0" />
		<Point X="197" Y="260" T="0" />
		<Point X="240" Y="257" T="0" />
		<Point X="296" Y="252" T="0" />
		<Point X="340" Y="249" T="0" />
		<Point X="367" Y="248" T="0" />
		<Point X="377" Y="246" T="0" />
		<Point X="378" Y="246" T="0" />
		<Point X="378" Y="246" T="0" />
		<Point X="378" Y="246" T="0" />
		<Point X="376" Y="250" T="0" />
		<Point X="365" Y="261" T="0" />
		<Point X="345" Y="278" T="0" />
		<Point X="319" Y="302" T="0" />
		<Point X="292" Y="328" T="0" />
		<Point X="269" Y="355" T="0" />
		<Point X="255" Y="378" T="0" />
		<Point X="249" Y="395" T="0" />
		<Point X="247" Y="400" T="0" />
		<Point X="247" Y="401" T="0" />
		<Point X="247" Y="398" T="0" />
		<Point X="246" Y="382" T="0" />
		<Point X="244" Y="352" T="0" />
		<Point X="242" Y="313" T="0" />
		<Point X="240" Y="270" T="0" />
		<Point X="240" Y="230" T="0" />
		<Point X="244" Y="198" T="0" />
		<Point X="251" Y="172" T="0" />
		<Point X="259" Y="151" T="0" />
		<Point X="262" Y="139" T="0" />
		<Point X="265" Y="131" T="0" />
		<Point X="266" Y="129" T="0" />
		<Point X="266" Y="130" T="0" />
		<Point X="266" Y="131" T="0" />
		<Point X="270" Y="145" T="0" />
		<Point X="278" Y="170" T="0" />
		<Point X="290" Y="213" T="0" />
		<Point X="303" Y="269" T="0" />
		<Point X="316" Y="321" T="0" />
		<Point X="325" Y="361" T="0" />
		<Point X="331" Y="383" T="0" />
		<Point X="334" Y="393" T="0" />
		<Point X="335" Y="398" T="0" />
		<Point X="335" Y="401" T="0" />
		<Point X="335" Y="405" T="0" />
		<Point X="335" Y="409" T="0" />
		<Point X="335" Y="412" T="0" />
		<Point X="335" Y="411" T="0" />
		<Point X="333" Y="406" T="0" />
		<Point X="328" Y="397" T="0" />
		<Point X="314" Y="380" T="0" />
		<Point X="289" Y="355" T="0" />
		<Point X="253" Y="324" T="0" />
		<Point X="219" Y="303" T="0" />
		<Point X="189" Y="289" T="0" />
		<Point X="172" Y="281" T="0" />
		<Point X="165" Y="278" T="0" />
		<Point X="163" Y="278" T="0" />
		<Point X="162" Y="278" T="0" />
	</Stroke>
</Gesture> 
