<?xml version="1.0" encoding="utf-8" standalone="yes"?>
<Gesture Name="five_point_star10">
	<Stroke>
		<Point X="118" Y="235" T="0" />
		<Point X="119" Y="235" T="0" />
		<Point X="124" Y="237" T="0" />
		<Point X="142" Y="238" T="0" />
		<Point X="176" Y="240" T="0" />
		<Point X="231" Y="240" T="0" />
		<Point X="293" Y="240" T="0" />
		<Point X="348" Y="238" T="0" />
		<Point X="388" Y="235" T="0" />
		<Point X="413" Y="235" T="0" />
		<Point X="421" Y="235" T="0" />
		<Point X="423" Y="235" T="0" />
		<Point X="423" Y="235" T="0" />
		<Point X="420" Y="238" T="0" />
		<Point X="409" Y="250" T="0" />
		<Point X="385" Y="270" T="0" />
		<Point X="348" Y="299" T="0" />
		<Point X="311" Y="330" T="0" />
		<Point X="287" Y="352" T="0" />
		<Point X="277" Y="362" T="0" />
		<Point X="275" Y="367" T="0" />
		<Point X="275" Y="368" T="0" />
		<Point X="274" Y="368" T="0" />
		<Point X="274" Y="360" T="0" />
		<Point X="273" Y="350" T="0" />
		<Point X="273" Y="331" T="0" />
		<Point X="273" Y="304" T="0" />
		<Point X="279" Y="266" T="0" />
		<Point X="285" Y="218" T="0" />
		<Point X="296" Y="181" T="0" />
		<Point X="306" Y="157" T="0" />
		<Point X="316" Y="135" T="0" />
		<Point X="323" Y="120" T="0" />
		<Point X="327" Y="113" T="0" />
		<Point X="328" Y="112" T="0" />
		<Point X="328" Y="113" T="0" />
		<Point X="329" Y="116" T="0" />
		<Point X="333" Y="133" T="0" />
		<Point X="337" Y="161" T="0" />
		<Point X="344" Y="203" T="0" />
		<Point X="356" Y="253" T="0" />
		<Point X="370" Y="299" T="0" />
		<Point X="380" Y="328" T="0" />
		<Point X="388" Y="349" T="0" />
		<Point X="391" Y="359" T="0" />
		<Point X="392" Y="362" T="0" />
		<Point X="391" Y="361" T="0" />
		<Point X="382" Y="351" T="0" />
		<Point X="372" Y="341" T="0" />
		<Point X="356" Y="327" T="0" />
		<Point X="331" Y="306" T="0" />
		<Point X="299" Y="285" T="0" />
		<Point X="253" Y="258" T="0" />
		<Point X="198" Y="230" T="0" />
		<Point X="146" Y="208" T="0" />
		<Point X="103" Y="193" T="0" />
		<Point X="82" Y="189" T="0" />
		<Point X="78" Y="189" T="0" />
	</Stroke>
</Gesture> 
