<?xml version="1.0" encoding="utf-8" standalone="yes"?>
<Gesture Name="five_point_star07">
	<Stroke>
		<Point X="115" Y="257" T="0" />
		<Point X="115" Y="257" T="0" />
		<Point X="117" Y="256" T="0" />
		<Point X="133" Y="254" T="0" />
		<Point X="183" Y="249" T="0" />
		<Point X="265" Y="242" T="0" />
		<Point X="342" Y="236" T="0" />
		<Point X="399" Y="236" T="0" />
		<Point X="427" Y="234" T="0" />
		<Point X="432" Y="234" T="0" />
		<Point X="429" Y="235" T="0" />
		<Point X="427" Y="236" T="0" />
		<Point X="399" Y="252" T="0" />
		<Point X="362" Y="269" T="0" />
		<Point X="309" Y="292" T="0" />
		<Point X="252" Y="317" T="0" />
		<Point X="209" Y="334" T="0" />
		<Point X="182" Y="343" T="0" />
		<Point X="175" Y="346" T="0" />
		<Point X="174" Y="346" T="0" />
		<Point X="174" Y="344" T="0" />
		<Point X="176" Y="335" T="0" />
		<Point X="179" Y="319" T="0" />
		<Point X="187" Y="294" T="0" />
		<Point X="197" Y="260" T="0" />
		<Point X="208" Y="224" T="0" />
		<Point X="212" Y="202" T="0" />
		<Point X="215" Y="189" T="0" />
		<Point X="217" Y="184" T="0" />
		<Point X="220" Y="181" T="0" />
		<Point X="222" Y="180" T="0" />
		<Point X="226" Y="180" T="0" />
		<Point X="232" Y="181" T="0" />
		<Point X="244" Y="191" T="0" />
		<Point X="258" Y="211" T="0" />
		<Point X="276" Y="244" T="0" />
		<Point X="295" Y="286" T="0" />
		<Point X="309" Y="323" T="0" />
		<Point X="318" Y="348" T="0" />
		<Point X="322" Y="357" T="0" />
		<Point X="322" Y="358" T="0" />
		<Point X="322" Y="359" T="0" />
		<Point X="318" Y="356" T="0" />
		<Point X="304" Y="343" T="0" />
		<Point X="288" Y="331" T="0" />
		<Point X="261" Y="312" T="0" />
		<Point X="229" Y="290" T="0" />
		<Point X="192" Y="269" T="0" />
		<Point X="160" Y="252" T="0" />
		<Point X="137" Y="243" T="0" />
		<Point X="123" Y="240" T="0" />
		<Point X="116" Y="240" T="0" />
		<Point X="113" Y="240" T="0" />
		<Point X="112" Y="241" T="0" />
	</Stroke>
</Gesture> 
