<?xml version="1.0" encoding="utf-8" standalone="yes"?>
<Gesture Name="five_point_star04">
	<Stroke>
		<Point X="86" Y="186" T="0" />
		<Point X="85" Y="186" T="0" />
		<Point X="85" Y="187" T="0" />
		<Point X="95" Y="187" T="0" />
		<Point X="128" Y="189" T="0" />
		<Point X="184" Y="189" T="0" />
		<Point X="246" Y="186" T="0" />
		<Point X="297" Y="182" T="0" />
		<Point X="323" Y="178" T="0" />
		<Point X="332" Y="174" T="0" />
		<Point X="333" Y="173" T="0" />
		<Point X="333" Y="172" T="0" />
		<Point X="332" Y="172" T="0" />
		<Point X="322" Y="181" T="0" />
		<Point X="298" Y="203" T="0" />
		<Point X="264" Y="236" T="0" />
		<Point X="236" Y="259" T="0" />
		<Point X="211" Y="278" T="0" />
		<Point X="201" Y="284" T="0" />
		<Point X="199" Y="285" T="0" />
		<Point X="199" Y="284" T="0" />
		<Point X="199" Y="282" T="0" />
		<Point X="199" Y="266" T="0" />
		<Point X="202" Y="238" T="0" />
		<Point X="203" Y="210" T="0" />
		<Point X="206" Y="181" T="0" />
		<Point X="210" Y="155" T="0" />
		<Point X="212" Y="140" T="0" />
		<Point X="214" Y="131" T="0" />
		<Point X="215" Y="127" T="0" />
		<Point X="216" Y="126" T="0" />
		<Point X="216" Y="125" T="0" />
		<Point X="217" Y="125" T="0" />
		<Point X="221" Y="127" T="0" />
		<Point X="229" Y="139" T="0" />
		<Point X="243" Y="160" T="0" />
		<Point X="259" Y="195" T="0" />
		<Point X="271" Y="235" T="0" />
		<Point X="279" Y="272" T="0" />
		<Point X="282" Y="288" T="0" />
		<Point X="284" Y="295" T="0" />
		<Point X="284" Y="296" T="0" />
		<Point X="284" Y="292" T="0" />
		<Point X="284" Y="282" T="0" />
		<Point X="280" Y="271" T="0" />
		<Point X="273" Y="258" T="0" />
		<Point X="264" Y="244" T="0" />
		<Point X="249" Y="228" T="0" />
		<Point X="225" Y="212" T="0" />
		<Point X="190" Y="195" T="0" />
		<Point X="158" Y="183" T="0" />
		<Point X="126" Y="176" T="0" />
		<Point X="111" Y="175" T="0" />
	</Stroke>
</Gesture> 
