<?xml version="1.0" encoding="utf-8" standalone="yes"?>
<Gesture Name="five_point_star03">
	<Stroke>
		<Point X="124" Y="221" T="0" />
		<Point X="124" Y="221" T="0" />
		<Point X="124" Y="221" T="0" />
		<Point X="125" Y="221" T="0" />
		<Point X="127" Y="221" T="0" />
		<Point X="139" Y="221" T="0" />
		<Point X="175" Y="214" T="0" />
		<Point X="220" Y="203" T="0" />
		<Point X="273" Y="193" T="0" />
		<Point X="308" Y="184" T="0" />
		<Point X="325" Y="180" T="0" />
		<Point X="328" Y="178" T="0" />
		<Point X="328" Y="179" T="0" />
		<Point X="324" Y="189" T="0" />
		<Point X="314" Y="207" T="0" />
		<Point X="296" Y="236" T="0" />
		<Point X="276" Y="270" T="0" />
		<Point X="252" Y="307" T="0" />
		<Point X="238" Y="329" T="0" />
		<Point X="236" Y="335" T="0" />
		<Point X="236" Y="336" T="0" />
		<Point X="236" Y="328" T="0" />
		<Point X="236" Y="310" T="0" />
		<Point X="234" Y="285" T="0" />
		<Point X="229" Y="251" T="0" />
		<Point X="222" Y="210" T="0" />
		<Point X="215" Y="171" T="0" />
		<Point X="208" Y="140" T="0" />
		<Point X="204" Y="113" T="0" />
		<Point X="203" Y="95" T="0" />
		<Point X="203" Y="88" T="0" />
		<Point X="203" Y="87" T="0" />
		<Point X="206" Y="98" T="0" />
		<Point X="214" Y="121" T="0" />
		<Point X="225" Y="162" T="0" />
		<Point X="239" Y="209" T="0" />
		<Point X="258" Y="263" T="0" />
		<Point X="278" Y="301" T="0" />
		<Point X="292" Y="322" T="0" />
		<Point X="297" Y="328" T="0" />
		<Point X="297" Y="329" T="0" />
		<Point X="297" Y="321" T="0" />
		<Point X="297" Y="312" T="0" />
		<Point X="296" Y="302" T="0" />
		<Point X="293" Y="293" T="0" />
		<Point X="289" Y="283" T="0" />
		<Point X="279" Y="271" T="0" />
		<Point X="260" Y="255" T="0" />
		<Point X="225" Y="230" T="0" />
		<Point X="178" Y="204" T="0" />
		<Point X="132" Y="186" T="0" />
		<Point X="105" Y="181" T="0" />
		<Point X="94" Y="180" T="0" />
		<Point X="93" Y="180" T="0" />
		<Point X="92" Y="180" T="0" />
	</Stroke>
</Gesture> 
