<?xml version="1.0" encoding="utf-8" standalone="yes"?>
<Gesture Name="five_point_star05">
	<Stroke>
		<Point X="122" Y="246" T="0" />
		<Point X="122" Y="247" T="0" />
		<Point X="122" Y="247" T="0" />
		<Point X="137" Y="247" T="0" />
		<Point X="181" Y="247" T="0" />
		<Point X="246" Y="236" T="0" />
		<Point X="317" Y="220" T="0" />
		<Point X="371" Y="207" T="0" />
		<Point X="400" Y="198" T="0" />
		<Point X="410" Y="195" T="0" />
		<Point X="410" Y="194" T="0" />
		<Point X="410" Y="194" T="0" />
		<Point X="410" Y="195" T="0" />
		<Point X="410" Y="201" T="0" />
		<Point X="407" Y="218" T="0" />
		<Point X="400" Y="235" T="0" />
		<Point X="386" Y="261" T="0" />
		<Point X="364" Y="289" T="0" />
		<Point X="340" Y="314" T="0" />
		<Point X="316" Y="335" T="0" />
		<Point X="301" Y="349" T="0" />
		<Point X="296" Y="354" T="0" />
		<Point X="295" Y="355" T="0" />
		<Point X="295" Y="354" T="0" />
		<Point X="295" Y="343" T="0" />
		<Point X="296" Y="320" T="0" />
		<Point X="299" Y="289" T="0" />
		<Point X="299" Y="251" T="0" />
		<Point X="299" Y="210" T="0" />
		<Point X="299" Y="179" T="0" />
		<Point X="299" Y="159" T="0" />
		<Point X="298" Y="149" T="0" />
		<Point X="298" Y="145" T="0" />
		<Point X="298" Y="144" T="0" />
		<Point X="298" Y="143" T="0" />
		<Point X="302" Y="147" T="0" />
		<Point X="313" Y="160" T="0" />
		<Point X="331" Y="184" T="0" />
		<Point X="358" Y="223" T="0" />
		<Point X="389" Y="260" T="0" />
		<Point X="420" Y="291" T="0" />
		<Point X="436" Y="306" T="0" />
		<Point X="443" Y="312" T="0" />
		<Point X="443" Y="313" T="0" />
		<Point X="443" Y="314" T="0" />
		<Point X="440" Y="314" T="0" />
		<Point X="430" Y="307" T="0" />
		<Point X="409" Y="294" T="0" />
		<Point X="370" Y="272" T="0" />
		<Point X="316" Y="243" T="0" />
		<Point X="256" Y="217" T="0" />
		<Point X="190" Y="193" T="0" />
		<Point X="145" Y="181" T="0" />
		<Point X="126" Y="179" T="0" />
		<Point X="125" Y="179" T="0" />
		<Point X="125" Y="180" T="0" />
		<Point X="125" Y="184" T="0" />
	</Stroke>
</Gesture> 
