<?xml version="1.0" encoding="utf-8" standalone="yes"?>
<Gesture Name="five_point_star08">
	<Stroke>
		<Point X="196" Y="260" T="0" />
		<Point X="202" Y="258" T="0" />
		<Point X="225" Y="256" T="0" />
		<Point X="264" Y="250" T="0" />
		<Point X="317" Y="238" T="0" />
		<Point X="369" Y="226" T="0" />
		<Point X="404" Y="220" T="0" />
		<Point X="427" Y="217" T="0" />
		<Point X="434" Y="216" T="0" />
		<Point X="431" Y="219" T="0" />
		<Point X="421" Y="228" T="0" />
		<Point X="397" Y="251" T="0" />
		<Point X="372" Y="282" T="0" />
		<Point X="345" Y="320" T="0" />
		<Point X="328" Y="348" T="0" />
		<Point X="322" Y="363" T="0" />
		<Point X="322" Y="364" T="0" />
		<Point X="322" Y="363" T="0" />
		<Point X="322" Y="357" T="0" />
		<Point X="321" Y="344" T="0" />
		<Point X="320" Y="330" T="0" />
		<Point X="319" Y="314" T="0" />
		<Point X="315" Y="279" T="0" />
		<Point X="310" Y="241" T="0" />
		<Point X="307" Y="204" T="0" />
		<Point X="303" Y="169" T="0" />
		<Point X="302" Y="145" T="0" />
		<Point X="302" Y="134" T="0" />
		<Point X="303" Y="128" T="0" />
		<Point X="303" Y="127" T="0" />
		<Point X="304" Y="127" T="0" />
		<Point X="312" Y="135" T="0" />
		<Point X="324" Y="150" T="0" />
		<Point X="341" Y="170" T="0" />
		<Point X="364" Y="195" T="0" />
		<Point X="388" Y="226" T="0" />
		<Point X="410" Y="256" T="0" />
		<Point X="424" Y="279" T="0" />
		<Point X="431" Y="292" T="0" />
		<Point X="436" Y="301" T="0" />
		<Point X="437" Y="305" T="0" />
		<Point X="437" Y="307" T="0" />
		<Point X="437" Y="308" T="0" />
		<Point X="437" Y="309" T="0" />
		<Point X="437" Y="311" T="0" />
		<Point X="437" Y="315" T="0" />
		<Point X="437" Y="324" T="0" />
		<Point X="437" Y="333" T="0" />
		<Point X="436" Y="343" T="0" />
		<Point X="435" Y="348" T="0" />
		<Point X="435" Y="350" T="0" />
		<Point X="434" Y="350" T="0" />
		<Point X="430" Y="343" T="0" />
		<Point X="419" Y="330" T="0" />
		<Point X="398" Y="311" T="0" />
		<Point X="359" Y="287" T="0" />
		<Point X="300" Y="266" T="0" />
		<Point X="232" Y="246" T="0" />
		<Point X="175" Y="235" T="0" />
		<Point X="127" Y="230" T="0" />
		<Point X="107" Y="230" T="0" />
		<Point X="102" Y="233" T="0" />
		<Point X="101" Y="235" T="0" />
	</Stroke>
</Gesture> 
