<?xml version="1.0" encoding="utf-8" standalone="yes"?>
<Gesture Name="H01">
	<Stroke>
		<Point X="89" Y="172" T="0" />
		<Point X="90" Y="174" T="0" />
		<Point X="91" Y="180" T="0" />
		<Point X="91" Y="192" T="0" />
		<Point X="90" Y="214" T="0" />
		<Point X="87" Y="245" T="0" />
		<Point X="83" Y="282" T="0" />
		<Point X="81" Y="311" T="0" />
		<Point X="79" Y="340" T="0" />
		<Point X="77" Y="363" T="0" />
		<Point X="77" Y="375" T="0" />
		<Point X="77" Y="379" T="0" />
	</Stroke>
	<Stroke>
		<Point X="95" Y="285" T="0" />
		<Point X="96" Y="285" T="0" />
		<Point X="97" Y="285" T="0" />
		<Point X="100" Y="284" T="0" />
		<Point X="106" Y="284" T="0" />
		<Point X="117" Y="284" T="0" />
		<Point X="129" Y="284" T="0" />
		<Point X="141" Y="287" T="0" />
		<Point X="156" Y="288" T="0" />
		<Point X="167" Y="289" T="0" />
		<Point X="176" Y="289" T="0" />
		<Point X="179" Y="289" T="0" />
	</Stroke>
	<Stroke>
		<Point X="201" Y="203" T="0" />
		<Point X="201" Y="204" T="0" />
		<Point X="201" Y="215" T="0" />
		<Point X="201" Y="234" T="0" />
		<Point X="200" Y="260" T="0" />
		<Point X="197" Y="294" T="0" />
		<Point X="193" Y="331" T="0" />
		<Point X="190" Y="360" T="0" />
		<Point X="188" Y="376" T="0" />
		<Point X="187" Y="385" T="0" />
		<Point X="187" Y="390" T="0" />
		<Point X="186" Y="393" T="0" />
		<Point X="186" Y="398" T="0" />
		<Point X="186" Y="404" T="0" />
	</Stroke>
</Gesture> 
