<?xml version="1.0" encoding="utf-8" standalone="yes"?>
<Gesture Name="H02">
	<Stroke>
		<Point X="127" Y="144" T="0" />
		<Point X="128" Y="156" T="0" />
		<Point X="130" Y="178" T="0" />
		<Point X="132" Y="213" T="0" />
		<Point X="132" Y="257" T="0" />
		<Point X="132" Y="302" T="0" />
		<Point X="132" Y="345" T="0" />
		<Point X="130" Y="377" T="0" />
		<Point X="129" Y="391" T="0" />
	</Stroke>
	<Stroke>
		<Point X="126" Y="262" T="0" />
		<Point X="127" Y="262" T="0" />
		<Point X="129" Y="262" T="0" />
		<Point X="141" Y="262" T="0" />
		<Point X="173" Y="262" T="0" />
		<Point X="206" Y="262" T="0" />
		<Point X="238" Y="262" T="0" />
		<Point X="255" Y="262" T="0" />
		<Point X="261" Y="262" T="0" />
	</Stroke>
	<Stroke>
		<Point X="253" Y="144" T="0" />
		<Point X="253" Y="145" T="0" />
		<Point X="253" Y="153" T="0" />
		<Point X="255" Y="179" T="0" />
		<Point X="258" Y="216" T="0" />
		<Point X="260" Y="263" T="0" />
		<Point X="261" Y="317" T="0" />
		<Point X="262" Y="365" T="0" />
		<Point X="264" Y="403" T="0" />
		<Point X="266" Y="422" T="0" />
	</Stroke>
</Gesture> 
