<?xml version="1.0" encoding="utf-8" standalone="yes"?>
<Gesture Name="H03">
	<Stroke>
		<Point X="133" Y="149" T="0" />
		<Point X="134" Y="166" T="0" />
		<Point X="135" Y="193" T="0" />
		<Point X="137" Y="229" T="0" />
		<Point X="139" Y="271" T="0" />
		<Point X="140" Y="309" T="0" />
		<Point X="140" Y="336" T="0" />
		<Point X="140" Y="350" T="0" />
		<Point X="140" Y="357" T="0" />
		<Point X="140" Y="362" T="0" />
	</Stroke>
	<Stroke>
		<Point X="156" Y="251" T="0" />
		<Point X="156" Y="252" T="0" />
		<Point X="157" Y="253" T="0" />
		<Point X="158" Y="254" T="0" />
		<Point X="162" Y="256" T="0" />
		<Point X="173" Y="257" T="0" />
		<Point X="193" Y="259" T="0" />
		<Point X="219" Y="259" T="0" />
		<Point X="246" Y="256" T="0" />
		<Point X="267" Y="254" T="0" />
		<Point X="278" Y="252" T="0" />
	</Stroke>
	<Stroke>
		<Point X="279" Y="133" T="0" />
		<Point X="280" Y="144" T="0" />
		<Point X="284" Y="164" T="0" />
		<Point X="289" Y="189" T="0" />
		<Point X="296" Y="227" T="0" />
		<Point X="300" Y="271" T="0" />
		<Point X="301" Y="314" T="0" />
		<Point X="301" Y="348" T="0" />
		<Point X="301" Y="367" T="0" />
		<Point X="301" Y="379" T="0" />
		<Point X="301" Y="389" T="0" />
		<Point X="301" Y="396" T="0" />
		<Point X="302" Y="401" T="0" />
	</Stroke>
</Gesture> 
