<?xml version="1.0" encoding="utf-8" standalone="yes"?>
<Gesture Name="H04">
	<Stroke>
		<Point X="195" Y="162" T="0" />
		<Point X="193" Y="178" T="0" />
		<Point X="189" Y="206" T="0" />
		<Point X="181" Y="248" T="0" />
		<Point X="175" Y="295" T="0" />
		<Point X="172" Y="334" T="0" />
		<Point X="171" Y="377" T="0" />
		<Point X="174" Y="399" T="0" />
	</Stroke>
	<Stroke>
		<Point X="192" Y="280" T="0" />
		<Point X="193" Y="280" T="0" />
		<Point X="194" Y="280" T="0" />
		<Point X="211" Y="282" T="0" />
		<Point X="244" Y="282" T="0" />
		<Point X="287" Y="282" T="0" />
		<Point X="318" Y="280" T="0" />
		<Point X="333" Y="276" T="0" />
	</Stroke>
	<Stroke>
		<Point X="311" Y="154" T="0" />
		<Point X="311" Y="155" T="0" />
		<Point X="311" Y="156" T="0" />
		<Point X="311" Y="167" T="0" />
		<Point X="311" Y="189" T="0" />
		<Point X="312" Y="227" T="0" />
		<Point X="312" Y="274" T="0" />
		<Point X="312" Y="321" T="0" />
		<Point X="312" Y="376" T="0" />
		<Point X="313" Y="416" T="0" />
		<Point X="314" Y="439" T="0" />
		<Point X="316" Y="451" T="0" />
	</Stroke>
</Gesture> 
