<?xml version="1.0" encoding="utf-8" standalone="yes"?>
<Gesture Name="H05">
	<Stroke>
		<Point X="155" Y="165" T="0" />
		<Point X="155" Y="165" T="0" />
		<Point X="154" Y="168" T="0" />
		<Point X="154" Y="183" T="0" />
		<Point X="153" Y="202" T="0" />
		<Point X="152" Y="233" T="0" />
		<Point X="149" Y="265" T="0" />
		<Point X="145" Y="297" T="0" />
		<Point X="141" Y="321" T="0" />
		<Point X="138" Y="340" T="0" />
		<Point X="135" Y="352" T="0" />
		<Point X="134" Y="359" T="0" />
	</Stroke>
	<Stroke>
		<Point X="139" Y="243" T="0" />
		<Point X="140" Y="243" T="0" />
		<Point X="158" Y="246" T="0" />
		<Point X="185" Y="250" T="0" />
		<Point X="222" Y="252" T="0" />
		<Point X="248" Y="253" T="0" />
		<Point X="260" Y="253" T="0" />
	</Stroke>
	<Stroke>
		<Point X="264" Y="165" T="0" />
		<Point X="264" Y="176" T="0" />
		<Point X="264" Y="199" T="0" />
		<Point X="264" Y="231" T="0" />
		<Point X="259" Y="274" T="0" />
		<Point X="254" Y="320" T="0" />
		<Point X="249" Y="355" T="0" />
		<Point X="247" Y="374" T="0" />
		<Point X="247" Y="383" T="0" />
		<Point X="246" Y="389" T="0" />
		<Point X="246" Y="392" T="0" />
	</Stroke>
</Gesture> 
