<?xml version="1.0" encoding="utf-8" standalone="yes"?>
<Gesture Name="H06">
	<Stroke>
		<Point X="165" Y="216" T="0" />
		<Point X="164" Y="216" T="0" />
		<Point X="162" Y="225" T="0" />
		<Point X="158" Y="244" T="0" />
		<Point X="154" Y="268" T="0" />
		<Point X="151" Y="299" T="0" />
		<Point X="146" Y="332" T="0" />
		<Point X="140" Y="361" T="0" />
		<Point X="139" Y="373" T="0" />
	</Stroke>
	<Stroke>
		<Point X="139" Y="315" T="0" />
		<Point X="140" Y="315" T="0" />
		<Point X="141" Y="315" T="0" />
		<Point X="143" Y="314" T="0" />
		<Point X="147" Y="314" T="0" />
		<Point X="156" Y="314" T="0" />
		<Point X="173" Y="314" T="0" />
		<Point X="194" Y="316" T="0" />
		<Point X="212" Y="316" T="0" />
		<Point X="219" Y="316" T="0" />
	</Stroke>
	<Stroke>
		<Point X="226" Y="227" T="0" />
		<Point X="225" Y="240" T="0" />
		<Point X="224" Y="265" T="0" />
		<Point X="219" Y="298" T="0" />
		<Point X="212" Y="335" T="0" />
		<Point X="202" Y="376" T="0" />
		<Point X="193" Y="411" T="0" />
		<Point X="190" Y="424" T="0" />
		<Point X="190" Y="428" T="0" />
	</Stroke>
</Gesture> 
