<?xml version="1.0" encoding="utf-8" standalone="yes"?>
<Gesture Name="H07">
	<Stroke>
		<Point X="149" Y="148" T="0" />
		<Point X="150" Y="150" T="0" />
		<Point X="151" Y="153" T="0" />
		<Point X="151" Y="164" T="0" />
		<Point X="151" Y="185" T="0" />
		<Point X="149" Y="216" T="0" />
		<Point X="145" Y="249" T="0" />
		<Point X="137" Y="286" T="0" />
		<Point X="127" Y="321" T="0" />
		<Point X="121" Y="352" T="0" />
		<Point X="119" Y="380" T="0" />
		<Point X="119" Y="397" T="0" />
		<Point X="119" Y="406" T="0" />
		<Point X="120" Y="411" T="0" />
		<Point X="120" Y="412" T="0" />
		<Point X="120" Y="412" T="0" />
	</Stroke>
	<Stroke>
		<Point X="150" Y="285" T="0" />
		<Point X="151" Y="286" T="0" />
		<Point X="154" Y="287" T="0" />
		<Point X="168" Y="288" T="0" />
		<Point X="192" Y="289" T="0" />
		<Point X="220" Y="289" T="0" />
		<Point X="246" Y="290" T="0" />
		<Point X="263" Y="291" T="0" />
		<Point X="278" Y="291" T="0" />
		<Point X="285" Y="291" T="0" />
		<Point X="288" Y="291" T="0" />
		<Point X="290" Y="291" T="0" />
		<Point X="293" Y="292" T="0" />
		<Point X="299" Y="292" T="0" />
	</Stroke>
	<Stroke>
		<Point X="324" Y="138" T="0" />
		<Point X="324" Y="141" T="0" />
		<Point X="322" Y="152" T="0" />
		<Point X="321" Y="183" T="0" />
		<Point X="321" Y="220" T="0" />
		<Point X="322" Y="260" T="0" />
		<Point X="324" Y="300" T="0" />
		<Point X="325" Y="336" T="0" />
		<Point X="325" Y="362" T="0" />
		<Point X="325" Y="378" T="0" />
		<Point X="325" Y="388" T="0" />
		<Point X="325" Y="394" T="0" />
		<Point X="325" Y="401" T="0" />
		<Point X="325" Y="408" T="0" />
		<Point X="324" Y="415" T="0" />
		<Point X="324" Y="421" T="0" />
		<Point X="323" Y="426" T="0" />
		<Point X="323" Y="431" T="0" />
		<Point X="323" Y="434" T="0" />
		<Point X="322" Y="434" T="0" />
	</Stroke>
</Gesture> 
