<?xml version="1.0" encoding="utf-8" standalone="yes"?>
<Gesture Name="H08">
	<Stroke>
		<Point X="141" Y="141" T="0" />
		<Point X="141" Y="140" T="0" />
		<Point X="141" Y="140" T="0" />
		<Point X="141" Y="141" T="0" />
		<Point X="139" Y="157" T="0" />
		<Point X="132" Y="190" T="0" />
		<Point X="124" Y="234" T="0" />
		<Point X="121" Y="284" T="0" />
		<Point X="121" Y="319" T="0" />
		<Point X="122" Y="354" T="0" />
		<Point X="125" Y="368" T="0" />
		<Point X="128" Y="370" T="0" />
		<Point X="129" Y="370" T="0" />
	</Stroke>
	<Stroke>
		<Point X="152" Y="232" T="0" />
		<Point X="155" Y="232" T="0" />
		<Point X="179" Y="230" T="0" />
		<Point X="216" Y="226" T="0" />
		<Point X="249" Y="221" T="0" />
		<Point X="272" Y="216" T="0" />
		<Point X="281" Y="214" T="0" />
	</Stroke>
	<Stroke>
		<Point X="304" Y="126" T="0" />
		<Point X="304" Y="129" T="0" />
		<Point X="302" Y="138" T="0" />
		<Point X="298" Y="160" T="0" />
		<Point X="295" Y="190" T="0" />
		<Point X="291" Y="232" T="0" />
		<Point X="289" Y="282" T="0" />
		<Point X="291" Y="317" T="0" />
		<Point X="296" Y="341" T="0" />
		<Point X="301" Y="353" T="0" />
		<Point X="303" Y="360" T="0" />
		<Point X="305" Y="363" T="0" />
	</Stroke>
</Gesture> 
