<?xml version="1.0" encoding="utf-8" standalone="yes"?>
<Gesture Name="H09">
	<Stroke>
		<Point X="107" Y="171" T="0" />
		<Point X="107" Y="170" T="0" />
		<Point X="107" Y="170" T="0" />
		<Point X="107" Y="171" T="0" />
		<Point X="110" Y="180" T="0" />
		<Point X="110" Y="197" T="0" />
		<Point X="112" Y="228" T="0" />
		<Point X="112" Y="267" T="0" />
		<Point X="112" Y="309" T="0" />
		<Point X="115" Y="346" T="0" />
		<Point X="117" Y="370" T="0" />
		<Point X="120" Y="380" T="0" />
		<Point X="120" Y="383" T="0" />
		<Point X="120" Y="384" T="0" />
		<Point X="120" Y="385" T="0" />
	</Stroke>
	<Stroke>
		<Point X="132" Y="297" T="0" />
		<Point X="133" Y="296" T="0" />
		<Point X="141" Y="294" T="0" />
		<Point X="158" Y="289" T="0" />
		<Point X="186" Y="281" T="0" />
		<Point X="217" Y="274" T="0" />
		<Point X="245" Y="267" T="0" />
		<Point X="265" Y="261" T="0" />
		<Point X="276" Y="259" T="0" />
	</Stroke>
	<Stroke>
		<Point X="292" Y="164" T="0" />
		<Point X="292" Y="165" T="0" />
		<Point X="292" Y="180" T="0" />
		<Point X="292" Y="207" T="0" />
		<Point X="295" Y="241" T="0" />
		<Point X="300" Y="290" T="0" />
		<Point X="305" Y="337" T="0" />
		<Point X="311" Y="375" T="0" />
		<Point X="316" Y="396" T="0" />
		<Point X="318" Y="403" T="0" />
	</Stroke>
</Gesture> 
