<?xml version="1.0" encoding="utf-8" standalone="yes"?>
<Gesture Name="H10">
	<Stroke>
		<Point X="81" Y="117" T="0" />
		<Point X="81" Y="121" T="0" />
		<Point X="82" Y="137" T="0" />
		<Point X="81" Y="163" T="0" />
		<Point X="75" Y="201" T="0" />
		<Point X="69" Y="241" T="0" />
		<Point X="61" Y="287" T="0" />
		<Point X="55" Y="326" T="0" />
		<Point X="52" Y="354" T="0" />
		<Point X="52" Y="369" T="0" />
		<Point X="52" Y="377" T="0" />
		<Point X="53" Y="380" T="0" />
	</Stroke>
	<Stroke>
		<Point X="79" Y="252" T="0" />
		<Point X="80" Y="252" T="0" />
		<Point X="86" Y="251" T="0" />
		<Point X="104" Y="250" T="0" />
		<Point X="130" Y="249" T="0" />
		<Point X="158" Y="247" T="0" />
		<Point X="184" Y="244" T="0" />
		<Point X="201" Y="242" T="0" />
		<Point X="207" Y="242" T="0" />
	</Stroke>
	<Stroke>
		<Point X="237" Y="100" T="0" />
		<Point X="235" Y="109" T="0" />
		<Point X="230" Y="130" T="0" />
		<Point X="224" Y="163" T="0" />
		<Point X="218" Y="203" T="0" />
		<Point X="213" Y="251" T="0" />
		<Point X="210" Y="295" T="0" />
		<Point X="209" Y="330" T="0" />
		<Point X="209" Y="350" T="0" />
		<Point X="210" Y="361" T="0" />
		<Point X="211" Y="365" T="0" />
	</Stroke>
</Gesture> 
