<?xml version="1.0" encoding="utf-8" standalone="yes"?>
<Gesture Name="half_note04">
	<Stroke>
		<Point X="289" Y="277" T="0" />
		<Point X="289" Y="277" T="0" />
		<Point X="289" Y="276" T="0" />
		<Point X="286" Y="275" T="0" />
		<Point X="273" Y="275" T="0" />
		<Point X="257" Y="275" T="0" />
		<Point X="233" Y="275" T="0" />
		<Point X="211" Y="276" T="0" />
		<Point X="194" Y="279" T="0" />
		<Point X="175" Y="284" T="0" />
		<Point X="161" Y="289" T="0" />
		<Point X="146" Y="294" T="0" />
		<Point X="136" Y="299" T="0" />
		<Point X="131" Y="302" T="0" />
		<Point X="130" Y="306" T="0" />
		<Point X="130" Y="310" T="0" />
		<Point X="130" Y="311" T="0" />
		<Point X="135" Y="324" T="0" />
		<Point X="140" Y="331" T="0" />
		<Point X="149" Y="339" T="0" />
		<Point X="162" Y="345" T="0" />
		<Point X="177" Y="349" T="0" />
		<Point X="194" Y="351" T="0" />
		<Point X="212" Y="351" T="0" />
		<Point X="229" Y="351" T="0" />
		<Point X="248" Y="349" T="0" />
		<Point X="261" Y="346" T="0" />
		<Point X="272" Y="341" T="0" />
		<Point X="279" Y="337" T="0" />
		<Point X="284" Y="331" T="0" />
		<Point X="287" Y="325" T="0" />
		<Point X="288" Y="321" T="0" />
		<Point X="289" Y="316" T="0" />
		<Point X="289" Y="311" T="0" />
		<Point X="288" Y="307" T="0" />
		<Point X="288" Y="306" T="0" />
		<Point X="288" Y="305" T="0" />
		<Point X="287" Y="304" T="0" />
		<Point X="287" Y="303" T="0" />
		<Point X="287" Y="302" T="0" />
		<Point X="287" Y="300" T="0" />
		<Point X="287" Y="299" T="0" />
		<Point X="287" Y="296" T="0" />
		<Point X="287" Y="291" T="0" />
		<Point X="287" Y="287" T="0" />
	</Stroke>
	<Stroke>
		<Point X="289" Y="212" T="0" />
		<Point X="289" Y="214" T="0" />
		<Point X="289" Y="225" T="0" />
		<Point X="289" Y="239" T="0" />
		<Point X="291" Y="258" T="0" />
		<Point X="292" Y="274" T="0" />
		<Point X="294" Y="286" T="0" />
		<Point X="296" Y="294" T="0" />
		<Point X="296" Y="297" T="0" />
		<Point X="296" Y="298" T="0" />
		<Point X="296" Y="299" T="0" />
		<Point X="296" Y="300" T="0" />
		<Point X="296" Y="303" T="0" />
		<Point X="297" Y="306" T="0" />
		<Point X="298" Y="307" T="0" />
	</Stroke>
</Gesture> 
