<?xml version="1.0" encoding="utf-8" standalone="yes"?>
<Gesture Name="half_note05">
	<Stroke>
		<Point X="293" Y="244" T="0" />
		<Point X="293" Y="244" T="0" />
		<Point X="287" Y="242" T="0" />
		<Point X="271" Y="242" T="0" />
		<Point X="244" Y="241" T="0" />
		<Point X="217" Y="241" T="0" />
		<Point X="189" Y="241" T="0" />
		<Point X="167" Y="245" T="0" />
		<Point X="151" Y="250" T="0" />
		<Point X="137" Y="256" T="0" />
		<Point X="127" Y="262" T="0" />
		<Point X="121" Y="267" T="0" />
		<Point X="119" Y="272" T="0" />
		<Point X="119" Y="280" T="0" />
		<Point X="124" Y="292" T="0" />
		<Point X="131" Y="303" T="0" />
		<Point X="140" Y="313" T="0" />
		<Point X="152" Y="322" T="0" />
		<Point X="173" Y="332" T="0" />
		<Point X="199" Y="339" T="0" />
		<Point X="227" Y="342" T="0" />
		<Point X="252" Y="342" T="0" />
		<Point X="272" Y="342" T="0" />
		<Point X="292" Y="340" T="0" />
		<Point X="311" Y="335" T="0" />
		<Point X="325" Y="329" T="0" />
		<Point X="330" Y="323" T="0" />
		<Point X="333" Y="315" T="0" />
		<Point X="334" Y="307" T="0" />
		<Point X="334" Y="299" T="0" />
		<Point X="333" Y="291" T="0" />
		<Point X="330" Y="282" T="0" />
		<Point X="324" Y="273" T="0" />
		<Point X="320" Y="268" T="0" />
		<Point X="317" Y="265" T="0" />
		<Point X="315" Y="263" T="0" />
		<Point X="314" Y="263" T="0" />
		<Point X="313" Y="262" T="0" />
		<Point X="311" Y="261" T="0" />
	</Stroke>
	<Stroke>
		<Point X="337" Y="130" T="0" />
		<Point X="337" Y="131" T="0" />
		<Point X="337" Y="133" T="0" />
		<Point X="335" Y="147" T="0" />
		<Point X="332" Y="167" T="0" />
		<Point X="328" Y="194" T="0" />
		<Point X="324" Y="227" T="0" />
		<Point X="322" Y="255" T="0" />
		<Point X="322" Y="278" T="0" />
		<Point X="323" Y="288" T="0" />
	</Stroke>
</Gesture> 
