<?xml version="1.0" encoding="utf-8" standalone="yes"?>
<Gesture Name="half_note02">
	<Stroke>
		<Point X="353" Y="287" T="0" />
		<Point X="352" Y="287" T="0" />
		<Point X="349" Y="286" T="0" />
		<Point X="340" Y="283" T="0" />
		<Point X="326" Y="281" T="0" />
		<Point X="304" Y="278" T="0" />
		<Point X="282" Y="277" T="0" />
		<Point X="255" Y="276" T="0" />
		<Point X="231" Y="276" T="0" />
		<Point X="214" Y="279" T="0" />
		<Point X="201" Y="282" T="0" />
		<Point X="190" Y="287" T="0" />
		<Point X="180" Y="293" T="0" />
		<Point X="174" Y="301" T="0" />
		<Point X="171" Y="310" T="0" />
		<Point X="170" Y="320" T="0" />
		<Point X="170" Y="330" T="0" />
		<Point X="172" Y="339" T="0" />
		<Point X="178" Y="347" T="0" />
		<Point X="189" Y="355" T="0" />
		<Point X="202" Y="361" T="0" />
		<Point X="216" Y="366" T="0" />
		<Point X="231" Y="369" T="0" />
		<Point X="246" Y="371" T="0" />
		<Point X="262" Y="371" T="0" />
		<Point X="282" Y="370" T="0" />
		<Point X="300" Y="366" T="0" />
		<Point X="316" Y="361" T="0" />
		<Point X="328" Y="356" T="0" />
		<Point X="335" Y="352" T="0" />
		<Point X="342" Y="346" T="0" />
		<Point X="347" Y="340" T="0" />
		<Point X="352" Y="334" T="0" />
		<Point X="355" Y="328" T="0" />
		<Point X="358" Y="322" T="0" />
		<Point X="360" Y="318" T="0" />
		<Point X="363" Y="316" T="0" />
		<Point X="364" Y="314" T="0" />
	</Stroke>
	<Stroke>
		<Point X="360" Y="172" T="0" />
		<Point X="360" Y="173" T="0" />
		<Point X="359" Y="185" T="0" />
		<Point X="357" Y="207" T="0" />
		<Point X="355" Y="234" T="0" />
		<Point X="354" Y="261" T="0" />
		<Point X="354" Y="282" T="0" />
		<Point X="354" Y="296" T="0" />
		<Point X="354" Y="302" T="0" />
		<Point X="356" Y="307" T="0" />
		<Point X="356" Y="309" T="0" />
		<Point X="356" Y="310" T="0" />
		<Point X="356" Y="311" T="0" />
	</Stroke>
</Gesture> 
