<?xml version="1.0" encoding="utf-8" standalone="yes"?>
<Gesture Name="half_note01">
	<Stroke>
		<Point X="299" Y="320" T="0" />
		<Point X="299" Y="320" T="0" />
		<Point X="296" Y="320" T="0" />
		<Point X="285" Y="319" T="0" />
		<Point X="264" Y="318" T="0" />
		<Point X="225" Y="318" T="0" />
		<Point X="195" Y="318" T="0" />
		<Point X="176" Y="320" T="0" />
		<Point X="165" Y="322" T="0" />
		<Point X="158" Y="326" T="0" />
		<Point X="155" Y="329" T="0" />
		<Point X="152" Y="333" T="0" />
		<Point X="148" Y="340" T="0" />
		<Point X="144" Y="346" T="0" />
		<Point X="140" Y="352" T="0" />
		<Point X="137" Y="357" T="0" />
		<Point X="135" Y="363" T="0" />
		<Point X="135" Y="369" T="0" />
		<Point X="136" Y="375" T="0" />
		<Point X="141" Y="382" T="0" />
		<Point X="148" Y="388" T="0" />
		<Point X="158" Y="394" T="0" />
		<Point X="171" Y="401" T="0" />
		<Point X="187" Y="406" T="0" />
		<Point X="205" Y="411" T="0" />
		<Point X="220" Y="413" T="0" />
		<Point X="233" Y="414" T="0" />
		<Point X="245" Y="414" T="0" />
		<Point X="256" Y="414" T="0" />
		<Point X="264" Y="413" T="0" />
		<Point X="272" Y="406" T="0" />
		<Point X="276" Y="400" T="0" />
		<Point X="279" Y="394" T="0" />
		<Point X="281" Y="386" T="0" />
		<Point X="284" Y="378" T="0" />
		<Point X="286" Y="368" T="0" />
		<Point X="287" Y="361" T="0" />
		<Point X="288" Y="354" T="0" />
		<Point X="290" Y="347" T="0" />
		<Point X="292" Y="342" T="0" />
		<Point X="295" Y="338" T="0" />
	</Stroke>
	<Stroke>
		<Point X="297" Y="201" T="0" />
		<Point X="297" Y="202" T="0" />
		<Point X="296" Y="208" T="0" />
		<Point X="295" Y="216" T="0" />
		<Point X="294" Y="227" T="0" />
		<Point X="294" Y="241" T="0" />
		<Point X="297" Y="257" T="0" />
		<Point X="300" Y="273" T="0" />
		<Point X="302" Y="288" T="0" />
		<Point X="304" Y="301" T="0" />
		<Point X="306" Y="316" T="0" />
		<Point X="307" Y="325" T="0" />
		<Point X="307" Y="330" T="0" />
		<Point X="307" Y="334" T="0" />
		<Point X="307" Y="337" T="0" />
		<Point X="306" Y="344" T="0" />
		<Point X="305" Y="351" T="0" />
		<Point X="304" Y="357" T="0" />
		<Point X="303" Y="364" T="0" />
		<Point X="302" Y="368" T="0" />
		<Point X="301" Y="369" T="0" />
	</Stroke>
</Gesture> 
