<?xml version="1.0" encoding="utf-8" standalone="yes"?>
<Gesture Name="half_note07">
	<Stroke>
		<Point X="303" Y="281" T="0" />
		<Point X="303" Y="280" T="0" />
		<Point X="303" Y="280" T="0" />
		<Point X="299" Y="278" T="0" />
		<Point X="286" Y="276" T="0" />
		<Point X="269" Y="276" T="0" />
		<Point X="244" Y="276" T="0" />
		<Point X="219" Y="276" T="0" />
		<Point X="202" Y="277" T="0" />
		<Point X="192" Y="278" T="0" />
		<Point X="185" Y="280" T="0" />
		<Point X="180" Y="282" T="0" />
		<Point X="175" Y="285" T="0" />
		<Point X="170" Y="290" T="0" />
		<Point X="169" Y="292" T="0" />
		<Point X="167" Y="304" T="0" />
		<Point X="167" Y="312" T="0" />
		<Point X="171" Y="321" T="0" />
		<Point X="177" Y="329" T="0" />
		<Point X="192" Y="342" T="0" />
		<Point X="219" Y="357" T="0" />
		<Point X="248" Y="367" T="0" />
		<Point X="278" Y="372" T="0" />
		<Point X="307" Y="373" T="0" />
		<Point X="333" Y="372" T="0" />
		<Point X="356" Y="367" T="0" />
		<Point X="368" Y="361" T="0" />
		<Point X="375" Y="355" T="0" />
		<Point X="377" Y="347" T="0" />
		<Point X="377" Y="339" T="0" />
		<Point X="376" Y="330" T="0" />
		<Point X="373" Y="324" T="0" />
		<Point X="370" Y="321" T="0" />
		<Point X="369" Y="319" T="0" />
		<Point X="368" Y="319" T="0" />
		<Point X="367" Y="319" T="0" />
		<Point X="365" Y="317" T="0" />
		<Point X="361" Y="313" T="0" />
		<Point X="356" Y="309" T="0" />
		<Point X="353" Y="305" T="0" />
		<Point X="348" Y="300" T="0" />
		<Point X="344" Y="295" T="0" />
		<Point X="341" Y="291" T="0" />
		<Point X="338" Y="288" T="0" />
		<Point X="335" Y="285" T="0" />
		<Point X="332" Y="282" T="0" />
		<Point X="329" Y="278" T="0" />
		<Point X="326" Y="275" T="0" />
		<Point X="323" Y="274" T="0" />
		<Point X="322" Y="273" T="0" />
		<Point X="320" Y="273" T="0" />
		<Point X="319" Y="273" T="0" />
		<Point X="317" Y="273" T="0" />
		<Point X="315" Y="273" T="0" />
		<Point X="314" Y="273" T="0" />
	</Stroke>
	<Stroke>
		<Point X="374" Y="87" T="0" />
		<Point X="374" Y="91" T="0" />
		<Point X="373" Y="107" T="0" />
		<Point X="367" Y="132" T="0" />
		<Point X="360" Y="160" T="0" />
		<Point X="351" Y="193" T="0" />
		<Point X="345" Y="222" T="0" />
		<Point X="341" Y="242" T="0" />
		<Point X="340" Y="255" T="0" />
		<Point X="339" Y="267" T="0" />
		<Point X="339" Y="276" T="0" />
		<Point X="339" Y="281" T="0" />
	</Stroke>
</Gesture> 
