<?xml version="1.0" encoding="utf-8" standalone="yes"?>
<Gesture Name="half_note09">
	<Stroke>
		<Point X="268" Y="286" T="0" />
		<Point X="268" Y="286" T="0" />
		<Point X="267" Y="286" T="0" />
		<Point X="266" Y="286" T="0" />
		<Point X="256" Y="289" T="0" />
		<Point X="244" Y="291" T="0" />
		<Point X="229" Y="294" T="0" />
		<Point X="213" Y="298" T="0" />
		<Point X="200" Y="300" T="0" />
		<Point X="191" Y="302" T="0" />
		<Point X="187" Y="304" T="0" />
		<Point X="186" Y="305" T="0" />
		<Point X="184" Y="306" T="0" />
		<Point X="182" Y="307" T="0" />
		<Point X="179" Y="311" T="0" />
		<Point X="177" Y="316" T="0" />
		<Point X="175" Y="325" T="0" />
		<Point X="175" Y="335" T="0" />
		<Point X="178" Y="343" T="0" />
		<Point X="182" Y="352" T="0" />
		<Point X="190" Y="360" T="0" />
		<Point X="199" Y="365" T="0" />
		<Point X="209" Y="368" T="0" />
		<Point X="220" Y="370" T="0" />
		<Point X="233" Y="370" T="0" />
		<Point X="246" Y="371" T="0" />
		<Point X="257" Y="370" T="0" />
		<Point X="266" Y="367" T="0" />
		<Point X="274" Y="362" T="0" />
		<Point X="280" Y="356" T="0" />
		<Point X="284" Y="349" T="0" />
		<Point X="287" Y="341" T="0" />
		<Point X="287" Y="332" T="0" />
		<Point X="285" Y="323" T="0" />
		<Point X="283" Y="318" T="0" />
		<Point X="281" Y="315" T="0" />
		<Point X="279" Y="313" T="0" />
		<Point X="278" Y="312" T="0" />
		<Point X="277" Y="311" T="0" />
		<Point X="276" Y="310" T="0" />
		<Point X="275" Y="308" T="0" />
		<Point X="275" Y="307" T="0" />
		<Point X="275" Y="306" T="0" />
		<Point X="274" Y="305" T="0" />
		<Point X="273" Y="303" T="0" />
		<Point X="273" Y="302" T="0" />
		<Point X="272" Y="301" T="0" />
	</Stroke>
	<Stroke>
		<Point X="283" Y="190" T="0" />
		<Point X="283" Y="193" T="0" />
		<Point X="281" Y="201" T="0" />
		<Point X="277" Y="218" T="0" />
		<Point X="273" Y="243" T="0" />
		<Point X="271" Y="273" T="0" />
		<Point X="270" Y="300" T="0" />
		<Point X="270" Y="318" T="0" />
		<Point X="270" Y="328" T="0" />
		<Point X="270" Y="334" T="0" />
		<Point X="270" Y="338" T="0" />
		<Point X="270" Y="339" T="0" />
		<Point X="270" Y="341" T="0" />
		<Point X="270" Y="342" T="0" />
		<Point X="270" Y="343" T="0" />
		<Point X="270" Y="344" T="0" />
		<Point X="270" Y="345" T="0" />
		<Point X="269" Y="347" T="0" />
	</Stroke>
</Gesture> 
