<?xml version="1.0" encoding="utf-8" standalone="yes"?>
<Gesture Name="half_note03">
	<Stroke>
		<Point X="302" Y="292" T="0" />
		<Point X="302" Y="292" T="0" />
		<Point X="301" Y="292" T="0" />
		<Point X="298" Y="290" T="0" />
		<Point X="290" Y="288" T="0" />
		<Point X="281" Y="288" T="0" />
		<Point X="266" Y="288" T="0" />
		<Point X="249" Y="288" T="0" />
		<Point X="236" Y="290" T="0" />
		<Point X="226" Y="293" T="0" />
		<Point X="216" Y="296" T="0" />
		<Point X="209" Y="299" T="0" />
		<Point X="203" Y="302" T="0" />
		<Point X="201" Y="303" T="0" />
		<Point X="195" Y="307" T="0" />
		<Point X="192" Y="309" T="0" />
		<Point X="189" Y="313" T="0" />
		<Point X="188" Y="320" T="0" />
		<Point X="187" Y="328" T="0" />
		<Point X="187" Y="336" T="0" />
		<Point X="188" Y="341" T="0" />
		<Point X="192" Y="348" T="0" />
		<Point X="198" Y="352" T="0" />
		<Point X="203" Y="356" T="0" />
		<Point X="212" Y="360" T="0" />
		<Point X="224" Y="362" T="0" />
		<Point X="237" Y="364" T="0" />
		<Point X="250" Y="366" T="0" />
		<Point X="261" Y="367" T="0" />
		<Point X="270" Y="367" T="0" />
		<Point X="278" Y="367" T="0" />
		<Point X="283" Y="365" T="0" />
		<Point X="286" Y="363" T="0" />
		<Point X="290" Y="359" T="0" />
		<Point X="293" Y="354" T="0" />
		<Point X="295" Y="348" T="0" />
		<Point X="298" Y="342" T="0" />
		<Point X="298" Y="338" T="0" />
		<Point X="299" Y="334" T="0" />
		<Point X="300" Y="331" T="0" />
		<Point X="300" Y="327" T="0" />
		<Point X="302" Y="322" T="0" />
		<Point X="302" Y="317" T="0" />
		<Point X="303" Y="312" T="0" />
		<Point X="304" Y="309" T="0" />
		<Point X="304" Y="305" T="0" />
		<Point X="306" Y="301" T="0" />
		<Point X="306" Y="298" T="0" />
	</Stroke>
	<Stroke>
		<Point X="312" Y="219" T="0" />
		<Point X="312" Y="222" T="0" />
		<Point X="311" Y="231" T="0" />
		<Point X="308" Y="249" T="0" />
		<Point X="307" Y="267" T="0" />
		<Point X="306" Y="283" T="0" />
		<Point X="306" Y="298" T="0" />
		<Point X="306" Y="308" T="0" />
		<Point X="306" Y="314" T="0" />
		<Point X="306" Y="318" T="0" />
	</Stroke>
</Gesture> 
