<?xml version="1.0" encoding="utf-8" standalone="yes"?>
<Gesture Name="half_note08">
	<Stroke>
		<Point X="308" Y="271" T="0" />
		<Point X="308" Y="271" T="0" />
		<Point X="307" Y="271" T="0" />
		<Point X="302" Y="271" T="0" />
		<Point X="289" Y="271" T="0" />
		<Point X="273" Y="271" T="0" />
		<Point X="260" Y="270" T="0" />
		<Point X="248" Y="270" T="0" />
		<Point X="239" Y="270" T="0" />
		<Point X="230" Y="271" T="0" />
		<Point X="220" Y="276" T="0" />
		<Point X="213" Y="281" T="0" />
		<Point X="210" Y="283" T="0" />
		<Point X="203" Y="289" T="0" />
		<Point X="201" Y="291" T="0" />
		<Point X="201" Y="292" T="0" />
		<Point X="200" Y="293" T="0" />
		<Point X="200" Y="297" T="0" />
		<Point X="200" Y="302" T="0" />
		<Point X="203" Y="307" T="0" />
		<Point X="208" Y="312" T="0" />
		<Point X="213" Y="316" T="0" />
		<Point X="219" Y="319" T="0" />
		<Point X="226" Y="320" T="0" />
		<Point X="233" Y="321" T="0" />
		<Point X="238" Y="321" T="0" />
		<Point X="243" Y="321" T="0" />
		<Point X="247" Y="321" T="0" />
		<Point X="252" Y="320" T="0" />
		<Point X="259" Y="319" T="0" />
		<Point X="265" Y="317" T="0" />
		<Point X="269" Y="316" T="0" />
		<Point X="271" Y="315" T="0" />
		<Point X="273" Y="313" T="0" />
		<Point X="276" Y="308" T="0" />
		<Point X="279" Y="303" T="0" />
		<Point X="280" Y="298" T="0" />
		<Point X="281" Y="296" T="0" />
		<Point X="281" Y="294" T="0" />
		<Point X="282" Y="292" T="0" />
		<Point X="283" Y="291" T="0" />
		<Point X="285" Y="289" T="0" />
		<Point X="287" Y="286" T="0" />
		<Point X="289" Y="284" T="0" />
		<Point X="290" Y="283" T="0" />
		<Point X="291" Y="282" T="0" />
	</Stroke>
	<Stroke>
		<Point X="313" Y="162" T="0" />
		<Point X="313" Y="163" T="0" />
		<Point X="309" Y="175" T="0" />
		<Point X="304" Y="192" T="0" />
		<Point X="297" Y="212" T="0" />
		<Point X="291" Y="236" T="0" />
		<Point X="287" Y="254" T="0" />
		<Point X="284" Y="267" T="0" />
		<Point X="284" Y="275" T="0" />
		<Point X="284" Y="279" T="0" />
		<Point X="284" Y="283" T="0" />
		<Point X="284" Y="286" T="0" />
		<Point X="284" Y="287" T="0" />
		<Point X="284" Y="288" T="0" />
	</Stroke>
</Gesture> 
