<?xml version="1.0" encoding="utf-8" standalone="yes"?>
<Gesture Name="half_note06">
	<Stroke>
		<Point X="309" Y="266" T="0" />
		<Point X="309" Y="266" T="0" />
		<Point X="309" Y="266" T="0" />
		<Point X="308" Y="265" T="0" />
		<Point X="303" Y="263" T="0" />
		<Point X="292" Y="260" T="0" />
		<Point X="274" Y="258" T="0" />
		<Point X="255" Y="258" T="0" />
		<Point X="236" Y="258" T="0" />
		<Point X="219" Y="261" T="0" />
		<Point X="207" Y="265" T="0" />
		<Point X="194" Y="271" T="0" />
		<Point X="183" Y="277" T="0" />
		<Point X="175" Y="282" T="0" />
		<Point X="169" Y="287" T="0" />
		<Point X="166" Y="291" T="0" />
		<Point X="164" Y="296" T="0" />
		<Point X="163" Y="303" T="0" />
		<Point X="163" Y="309" T="0" />
		<Point X="165" Y="316" T="0" />
		<Point X="170" Y="324" T="0" />
		<Point X="177" Y="332" T="0" />
		<Point X="186" Y="339" T="0" />
		<Point X="197" Y="345" T="0" />
		<Point X="208" Y="348" T="0" />
		<Point X="219" Y="351" T="0" />
		<Point X="232" Y="351" T="0" />
		<Point X="243" Y="351" T="0" />
		<Point X="256" Y="349" T="0" />
		<Point X="267" Y="347" T="0" />
		<Point X="278" Y="343" T="0" />
		<Point X="286" Y="339" T="0" />
		<Point X="292" Y="334" T="0" />
		<Point X="296" Y="329" T="0" />
		<Point X="300" Y="322" T="0" />
		<Point X="303" Y="314" T="0" />
		<Point X="304" Y="306" T="0" />
		<Point X="305" Y="299" T="0" />
		<Point X="305" Y="294" T="0" />
		<Point X="305" Y="288" T="0" />
		<Point X="306" Y="286" T="0" />
		<Point X="307" Y="284" T="0" />
		<Point X="307" Y="283" T="0" />
		<Point X="307" Y="282" T="0" />
		<Point X="307" Y="281" T="0" />
	</Stroke>
	<Stroke>
		<Point X="312" Y="180" T="0" />
		<Point X="312" Y="182" T="0" />
		<Point X="312" Y="183" T="0" />
		<Point X="312" Y="199" T="0" />
		<Point X="312" Y="214" T="0" />
		<Point X="312" Y="233" T="0" />
		<Point X="314" Y="251" T="0" />
		<Point X="314" Y="261" T="0" />
		<Point X="315" Y="266" T="0" />
		<Point X="315" Y="267" T="0" />
		<Point X="315" Y="268" T="0" />
		<Point X="315" Y="271" T="0" />
		<Point X="315" Y="275" T="0" />
	</Stroke>
</Gesture> 
