<?xml version="1.0" encoding="utf-8" standalone="yes"?>
<Gesture Name="half_note10">
	<Stroke>
		<Point X="300" Y="249" T="0" />
		<Point X="300" Y="249" T="0" />
		<Point X="299" Y="248" T="0" />
		<Point X="297" Y="247" T="0" />
		<Point X="288" Y="246" T="0" />
		<Point X="271" Y="245" T="0" />
		<Point X="243" Y="245" T="0" />
		<Point X="205" Y="245" T="0" />
		<Point X="174" Y="245" T="0" />
		<Point X="146" Y="247" T="0" />
		<Point X="130" Y="250" T="0" />
		<Point X="123" Y="253" T="0" />
		<Point X="117" Y="256" T="0" />
		<Point X="113" Y="262" T="0" />
		<Point X="111" Y="270" T="0" />
		<Point X="111" Y="276" T="0" />
		<Point X="113" Y="282" T="0" />
		<Point X="116" Y="287" T="0" />
		<Point X="124" Y="291" T="0" />
		<Point X="136" Y="295" T="0" />
		<Point X="151" Y="297" T="0" />
		<Point X="171" Y="297" T="0" />
		<Point X="194" Y="295" T="0" />
		<Point X="214" Y="292" T="0" />
		<Point X="231" Y="288" T="0" />
		<Point X="240" Y="286" T="0" />
		<Point X="247" Y="282" T="0" />
		<Point X="253" Y="278" T="0" />
		<Point X="258" Y="273" T="0" />
		<Point X="262" Y="269" T="0" />
		<Point X="265" Y="266" T="0" />
		<Point X="268" Y="264" T="0" />
		<Point X="270" Y="261" T="0" />
		<Point X="272" Y="257" T="0" />
		<Point X="275" Y="253" T="0" />
		<Point X="276" Y="250" T="0" />
		<Point X="277" Y="249" T="0" />
		<Point X="278" Y="246" T="0" />
		<Point X="280" Y="244" T="0" />
		<Point X="281" Y="242" T="0" />
		<Point X="283" Y="239" T="0" />
	</Stroke>
	<Stroke>
		<Point X="296" Y="121" T="0" />
		<Point X="296" Y="122" T="0" />
		<Point X="296" Y="123" T="0" />
		<Point X="294" Y="131" T="0" />
		<Point X="294" Y="144" T="0" />
		<Point X="294" Y="161" T="0" />
		<Point X="293" Y="178" T="0" />
		<Point X="292" Y="195" T="0" />
		<Point X="292" Y="210" T="0" />
		<Point X="291" Y="221" T="0" />
		<Point X="290" Y="229" T="0" />
		<Point X="289" Y="233" T="0" />
		<Point X="288" Y="236" T="0" />
		<Point X="288" Y="239" T="0" />
		<Point X="288" Y="243" T="0" />
		<Point X="288" Y="246" T="0" />
	</Stroke>
</Gesture> 
