<?xml version="1.0" encoding="utf-8" standalone="yes"?>
<Gesture Name="I01">
	<Stroke>
		<Point X="175" Y="179" T="0" />
		<Point X="175" Y="179" T="0" />
		<Point X="176" Y="179" T="0" />
		<Point X="183" Y="179" T="0" />
		<Point X="198" Y="178" T="0" />
		<Point X="216" Y="178" T="0" />
		<Point X="232" Y="179" T="0" />
		<Point X="245" Y="180" T="0" />
		<Point X="254" Y="181" T="0" />
		<Point X="259" Y="181" T="0" />
	</Stroke>
	<Stroke>
		<Point X="227" Y="188" T="0" />
		<Point X="227" Y="189" T="0" />
		<Point X="226" Y="193" T="0" />
		<Point X="226" Y="204" T="0" />
		<Point X="226" Y="220" T="0" />
		<Point X="226" Y="238" T="0" />
		<Point X="226" Y="262" T="0" />
		<Point X="226" Y="284" T="0" />
		<Point X="226" Y="298" T="0" />
		<Point X="226" Y="309" T="0" />
		<Point X="226" Y="316" T="0" />
		<Point X="226" Y="322" T="0" />
		<Point X="226" Y="326" T="0" />
		<Point X="226" Y="329" T="0" />
		<Point X="226" Y="331" T="0" />
	</Stroke>
	<Stroke>
		<Point X="213" Y="346" T="0" />
		<Point X="214" Y="346" T="0" />
		<Point X="218" Y="347" T="0" />
		<Point X="232" Y="349" T="0" />
		<Point X="247" Y="349" T="0" />
		<Point X="262" Y="349" T="0" />
		<Point X="273" Y="349" T="0" />
		<Point X="282" Y="349" T="0" />
	</Stroke>
</Gesture> 
