<?xml version="1.0" encoding="utf-8" standalone="yes"?>
<Gesture Name="I02">
	<Stroke>
		<Point X="168" Y="148" T="0" />
		<Point X="168" Y="148" T="0" />
		<Point X="171" Y="148" T="0" />
		<Point X="180" Y="151" T="0" />
		<Point X="189" Y="152" T="0" />
		<Point X="197" Y="154" T="0" />
		<Point X="208" Y="157" T="0" />
		<Point X="217" Y="159" T="0" />
	</Stroke>
	<Stroke>
		<Point X="190" Y="163" T="0" />
		<Point X="190" Y="167" T="0" />
		<Point X="192" Y="179" T="0" />
		<Point X="194" Y="191" T="0" />
		<Point X="197" Y="207" T="0" />
		<Point X="198" Y="229" T="0" />
		<Point X="199" Y="260" T="0" />
		<Point X="199" Y="292" T="0" />
		<Point X="194" Y="330" T="0" />
		<Point X="186" Y="366" T="0" />
		<Point X="179" Y="390" T="0" />
		<Point X="176" Y="404" T="0" />
		<Point X="176" Y="410" T="0" />
		<Point X="176" Y="412" T="0" />
	</Stroke>
	<Stroke>
		<Point X="154" Y="389" T="0" />
		<Point X="154" Y="390" T="0" />
		<Point X="154" Y="391" T="0" />
		<Point X="154" Y="393" T="0" />
		<Point X="156" Y="395" T="0" />
		<Point X="163" Y="397" T="0" />
		<Point X="176" Y="398" T="0" />
		<Point X="193" Y="399" T="0" />
		<Point X="210" Y="400" T="0" />
		<Point X="220" Y="401" T="0" />
	</Stroke>
</Gesture> 
