<?xml version="1.0" encoding="utf-8" standalone="yes"?>
<Gesture Name="I03">
	<Stroke>
		<Point X="136" Y="117" T="0" />
		<Point X="139" Y="117" T="0" />
		<Point X="143" Y="115" T="0" />
		<Point X="149" Y="114" T="0" />
		<Point X="153" Y="113" T="0" />
		<Point X="158" Y="113" T="0" />
		<Point X="161" Y="113" T="0" />
	</Stroke>
	<Stroke>
		<Point X="152" Y="120" T="0" />
		<Point X="152" Y="121" T="0" />
		<Point X="152" Y="123" T="0" />
		<Point X="152" Y="134" T="0" />
		<Point X="154" Y="148" T="0" />
		<Point X="154" Y="169" T="0" />
		<Point X="154" Y="204" T="0" />
		<Point X="155" Y="237" T="0" />
		<Point X="156" Y="266" T="0" />
		<Point X="158" Y="288" T="0" />
		<Point X="159" Y="307" T="0" />
		<Point X="160" Y="324" T="0" />
		<Point X="162" Y="340" T="0" />
		<Point X="163" Y="350" T="0" />
	</Stroke>
	<Stroke>
		<Point X="154" Y="347" T="0" />
		<Point X="156" Y="347" T="0" />
		<Point X="161" Y="348" T="0" />
		<Point X="172" Y="349" T="0" />
		<Point X="183" Y="351" T="0" />
		<Point X="191" Y="351" T="0" />
	</Stroke>
</Gesture> 
