<?xml version="1.0" encoding="utf-8" standalone="yes"?>
<Gesture Name="I04">
	<Stroke>
		<Point X="188" Y="170" T="0" />
		<Point X="188" Y="169" T="0" />
		<Point X="195" Y="167" T="0" />
		<Point X="210" Y="167" T="0" />
		<Point X="226" Y="168" T="0" />
		<Point X="238" Y="168" T="0" />
		<Point X="245" Y="168" T="0" />
	</Stroke>
	<Stroke>
		<Point X="223" Y="161" T="0" />
		<Point X="223" Y="162" T="0" />
		<Point X="221" Y="175" T="0" />
		<Point X="221" Y="194" T="0" />
		<Point X="221" Y="197" T="0" />
		<Point X="221" Y="214" T="0" />
		<Point X="219" Y="231" T="0" />
		<Point X="216" Y="251" T="0" />
		<Point X="212" Y="275" T="0" />
		<Point X="207" Y="298" T="0" />
		<Point X="201" Y="323" T="0" />
		<Point X="198" Y="337" T="0" />
	</Stroke>
	<Stroke>
		<Point X="189" Y="317" T="0" />
		<Point X="190" Y="317" T="0" />
		<Point X="196" Y="320" T="0" />
		<Point X="210" Y="325" T="0" />
		<Point X="229" Y="329" T="0" />
		<Point X="248" Y="333" T="0" />
		<Point X="264" Y="335" T="0" />
		<Point X="281" Y="336" T="0" />
		<Point X="291" Y="337" T="0" />
	</Stroke>
</Gesture> 
