<?xml version="1.0" encoding="utf-8" standalone="yes"?>
<Gesture Name="I05">
	<Stroke>
		<Point X="145" Y="182" T="0" />
		<Point X="145" Y="182" T="0" />
		<Point X="146" Y="182" T="0" />
		<Point X="147" Y="181" T="0" />
		<Point X="158" Y="179" T="0" />
		<Point X="173" Y="177" T="0" />
		<Point X="189" Y="174" T="0" />
		<Point X="199" Y="171" T="0" />
	</Stroke>
	<Stroke>
		<Point X="174" Y="182" T="0" />
		<Point X="173" Y="189" T="0" />
		<Point X="172" Y="204" T="0" />
		<Point X="173" Y="218" T="0" />
		<Point X="176" Y="232" T="0" />
		<Point X="178" Y="246" T="0" />
		<Point X="179" Y="261" T="0" />
		<Point X="179" Y="276" T="0" />
		<Point X="179" Y="293" T="0" />
		<Point X="179" Y="310" T="0" />
		<Point X="178" Y="325" T="0" />
		<Point X="177" Y="336" T="0" />
		<Point X="177" Y="342" T="0" />
		<Point X="176" Y="345" T="0" />
	</Stroke>
	<Stroke>
		<Point X="149" Y="341" T="0" />
		<Point X="149" Y="342" T="0" />
		<Point X="152" Y="342" T="0" />
		<Point X="160" Y="344" T="0" />
		<Point X="174" Y="347" T="0" />
		<Point X="195" Y="350" T="0" />
		<Point X="211" Y="352" T="0" />
		<Point X="219" Y="352" T="0" />
	</Stroke>
</Gesture> 
