<?xml version="1.0" encoding="utf-8" standalone="yes"?>
<Gesture Name="I06">
	<Stroke>
		<Point X="109" Y="149" T="0" />
		<Point X="109" Y="149" T="0" />
		<Point X="110" Y="149" T="0" />
		<Point X="119" Y="149" T="0" />
		<Point X="146" Y="152" T="0" />
		<Point X="170" Y="153" T="0" />
		<Point X="194" Y="154" T="0" />
		<Point X="214" Y="154" T="0" />
	</Stroke>
	<Stroke>
		<Point X="181" Y="160" T="0" />
		<Point X="181" Y="172" T="0" />
		<Point X="181" Y="187" T="0" />
		<Point X="181" Y="204" T="0" />
		<Point X="180" Y="225" T="0" />
		<Point X="180" Y="245" T="0" />
		<Point X="179" Y="263" T="0" />
		<Point X="179" Y="275" T="0" />
		<Point X="179" Y="279" T="0" />
		<Point X="179" Y="281" T="0" />
		<Point X="179" Y="283" T="0" />
		<Point X="179" Y="285" T="0" />
		<Point X="179" Y="288" T="0" />
		<Point X="179" Y="292" T="0" />
		<Point X="179" Y="295" T="0" />
		<Point X="177" Y="300" T="0" />
		<Point X="177" Y="307" T="0" />
		<Point X="176" Y="315" T="0" />
		<Point X="175" Y="323" T="0" />
		<Point X="174" Y="327" T="0" />
	</Stroke>
	<Stroke>
		<Point X="159" Y="324" T="0" />
		<Point X="161" Y="324" T="0" />
		<Point X="162" Y="324" T="0" />
		<Point X="170" Y="324" T="0" />
		<Point X="179" Y="326" T="0" />
		<Point X="188" Y="327" T="0" />
		<Point X="194" Y="327" T="0" />
	</Stroke>
</Gesture> 
