<?xml version="1.0" encoding="utf-8" standalone="yes"?>
<Gesture Name="I07">
	<Stroke>
		<Point X="159" Y="160" T="0" />
		<Point X="159" Y="160" T="0" />
		<Point X="160" Y="160" T="0" />
		<Point X="164" Y="160" T="0" />
		<Point X="174" Y="160" T="0" />
		<Point X="184" Y="160" T="0" />
		<Point X="193" Y="161" T="0" />
		<Point X="201" Y="161" T="0" />
		<Point X="208" Y="162" T="0" />
		<Point X="212" Y="162" T="0" />
		<Point X="215" Y="163" T="0" />
	</Stroke>
	<Stroke>
		<Point X="175" Y="163" T="0" />
		<Point X="175" Y="164" T="0" />
		<Point X="175" Y="166" T="0" />
		<Point X="175" Y="174" T="0" />
		<Point X="175" Y="190" T="0" />
		<Point X="176" Y="212" T="0" />
		<Point X="176" Y="239" T="0" />
		<Point X="175" Y="267" T="0" />
		<Point X="172" Y="293" T="0" />
		<Point X="170" Y="318" T="0" />
		<Point X="167" Y="340" T="0" />
		<Point X="164" Y="360" T="0" />
		<Point X="161" Y="374" T="0" />
		<Point X="159" Y="384" T="0" />
		<Point X="158" Y="391" T="0" />
		<Point X="158" Y="395" T="0" />
		<Point X="158" Y="396" T="0" />
	</Stroke>
	<Stroke>
		<Point X="157" Y="384" T="0" />
		<Point X="157" Y="385" T="0" />
		<Point X="157" Y="388" T="0" />
		<Point X="158" Y="391" T="0" />
		<Point X="163" Y="395" T="0" />
		<Point X="174" Y="397" T="0" />
		<Point X="187" Y="399" T="0" />
		<Point X="202" Y="400" T="0" />
		<Point X="215" Y="400" T="0" />
		<Point X="223" Y="400" T="0" />
		<Point X="228" Y="400" T="0" />
	</Stroke>
</Gesture> 
