<?xml version="1.0" encoding="utf-8" standalone="yes"?>
<Gesture Name="I08">
	<Stroke>
		<Point X="193" Y="143" T="0" />
		<Point X="194" Y="143" T="0" />
		<Point X="194" Y="143" T="0" />
		<Point X="195" Y="142" T="0" />
		<Point X="196" Y="142" T="0" />
		<Point X="199" Y="141" T="0" />
		<Point X="203" Y="140" T="0" />
		<Point X="208" Y="139" T="0" />
		<Point X="212" Y="138" T="0" />
		<Point X="215" Y="137" T="0" />
		<Point X="221" Y="136" T="0" />
		<Point X="230" Y="134" T="0" />
		<Point X="238" Y="133" T="0" />
		<Point X="244" Y="132" T="0" />
		<Point X="245" Y="132" T="0" />
	</Stroke>
	<Stroke>
		<Point X="220" Y="146" T="0" />
		<Point X="220" Y="147" T="0" />
		<Point X="220" Y="151" T="0" />
		<Point X="220" Y="157" T="0" />
		<Point X="221" Y="167" T="0" />
		<Point X="221" Y="186" T="0" />
		<Point X="221" Y="217" T="0" />
		<Point X="222" Y="255" T="0" />
		<Point X="224" Y="294" T="0" />
		<Point X="228" Y="322" T="0" />
		<Point X="230" Y="340" T="0" />
		<Point X="233" Y="351" T="0" />
		<Point X="235" Y="355" T="0" />
		<Point X="235" Y="356" T="0" />
	</Stroke>
	<Stroke>
		<Point X="218" Y="368" T="0" />
		<Point X="219" Y="368" T="0" />
		<Point X="220" Y="367" T="0" />
		<Point X="226" Y="365" T="0" />
		<Point X="237" Y="363" T="0" />
		<Point X="254" Y="362" T="0" />
		<Point X="270" Y="360" T="0" />
		<Point X="281" Y="359" T="0" />
		<Point X="286" Y="358" T="0" />
	</Stroke>
</Gesture> 
