<?xml version="1.0" encoding="utf-8" standalone="yes"?>
<Gesture Name="I09">
	<Stroke>
		<Point X="226" Y="133" T="0" />
		<Point X="227" Y="133" T="0" />
		<Point X="229" Y="133" T="0" />
		<Point X="235" Y="132" T="0" />
		<Point X="246" Y="131" T="0" />
		<Point X="261" Y="130" T="0" />
		<Point X="274" Y="130" T="0" />
		<Point X="286" Y="129" T="0" />
		<Point X="292" Y="129" T="0" />
		<Point X="296" Y="129" T="0" />
		<Point X="297" Y="129" T="0" />
	</Stroke>
	<Stroke>
		<Point X="272" Y="127" T="0" />
		<Point X="272" Y="130" T="0" />
		<Point X="272" Y="138" T="0" />
		<Point X="272" Y="149" T="0" />
		<Point X="271" Y="167" T="0" />
		<Point X="269" Y="191" T="0" />
		<Point X="267" Y="220" T="0" />
		<Point X="264" Y="249" T="0" />
		<Point X="262" Y="273" T="0" />
		<Point X="261" Y="291" T="0" />
		<Point X="261" Y="303" T="0" />
		<Point X="262" Y="311" T="0" />
		<Point X="262" Y="315" T="0" />
		<Point X="263" Y="318" T="0" />
		<Point X="263" Y="321" T="0" />
		<Point X="263" Y="322" T="0" />
	</Stroke>
	<Stroke>
		<Point X="236" Y="314" T="0" />
		<Point X="237" Y="314" T="0" />
		<Point X="241" Y="317" T="0" />
		<Point X="246" Y="318" T="0" />
		<Point X="257" Y="321" T="0" />
		<Point X="269" Y="323" T="0" />
		<Point X="282" Y="324" T="0" />
		<Point X="293" Y="325" T="0" />
		<Point X="299" Y="325" T="0" />
	</Stroke>
</Gesture> 
