<?xml version="1.0" encoding="utf-8" standalone="yes"?>
<Gesture Name="I10">
	<Stroke>
		<Point X="190" Y="171" T="0" />
		<Point X="190" Y="171" T="0" />
		<Point X="199" Y="170" T="0" />
		<Point X="208" Y="169" T="0" />
		<Point X="217" Y="168" T="0" />
		<Point X="226" Y="168" T="0" />
		<Point X="234" Y="168" T="0" />
		<Point X="239" Y="168" T="0" />
	</Stroke>
	<Stroke>
		<Point X="228" Y="170" T="0" />
		<Point X="228" Y="171" T="0" />
		<Point X="228" Y="173" T="0" />
		<Point X="228" Y="178" T="0" />
		<Point X="228" Y="188" T="0" />
		<Point X="228" Y="205" T="0" />
		<Point X="227" Y="228" T="0" />
		<Point X="223" Y="259" T="0" />
		<Point X="218" Y="289" T="0" />
		<Point X="215" Y="316" T="0" />
		<Point X="214" Y="339" T="0" />
		<Point X="213" Y="357" T="0" />
		<Point X="212" Y="369" T="0" />
		<Point X="212" Y="375" T="0" />
	</Stroke>
	<Stroke>
		<Point X="198" Y="368" T="0" />
		<Point X="199" Y="368" T="0" />
		<Point X="200" Y="368" T="0" />
		<Point X="205" Y="370" T="0" />
		<Point X="213" Y="372" T="0" />
		<Point X="223" Y="375" T="0" />
		<Point X="232" Y="377" T="0" />
		<Point X="242" Y="379" T="0" />
		<Point X="250" Y="382" T="0" />
		<Point X="254" Y="383" T="0" />
	</Stroke>
</Gesture> 
