<?xml version="1.0" encoding="utf-8" standalone="yes"?>
<Gesture Name="line10">
	<Stroke>
		<Point X="178" Y="249" T="0" />
		<Point X="178" Y="250" T="0" />
		<Point X="178" Y="250" T="0" />
		<Point X="179" Y="250" T="0" />
		<Point X="189" Y="252" T="0" />
		<Point X="212" Y="255" T="0" />
		<Point X="252" Y="256" T="0" />
		<Point X="309" Y="256" T="0" />
		<Point X="385" Y="255" T="0" />
		<Point X="447" Y="251" T="0" />
		<Point X="481" Y="247" T="0" />
		<Point X="493" Y="246" T="0" />
	</Stroke>
</Gesture> 
