<?xml version="1.0" encoding="utf-8" standalone="yes"?>
<Gesture Name="line06">
	<Stroke>
		<Point X="77" Y="279" T="0" />
		<Point X="90" Y="279" T="0" />
		<Point X="114" Y="279" T="0" />
		<Point X="144" Y="279" T="0" />
		<Point X="183" Y="278" T="0" />
		<Point X="226" Y="275" T="0" />
		<Point X="275" Y="274" T="0" />
		<Point X="316" Y="272" T="0" />
		<Point X="353" Y="272" T="0" />
		<Point X="381" Y="272" T="0" />
		<Point X="404" Y="274" T="0" />
		<Point X="418" Y="275" T="0" />
	</Stroke>
</Gesture> 
