<?xml version="1.0" encoding="utf-8" standalone="yes"?>
<Gesture Name="line03">
	<Stroke>
		<Point X="108" Y="301" T="0" />
		<Point X="110" Y="302" T="0" />
		<Point X="116" Y="302" T="0" />
		<Point X="122" Y="300" T="0" />
		<Point X="135" Y="296" T="0" />
		<Point X="166" Y="290" T="0" />
		<Point X="212" Y="286" T="0" />
		<Point X="259" Y="283" T="0" />
		<Point X="300" Y="281" T="0" />
		<Point X="334" Y="281" T="0" />
		<Point X="356" Y="284" T="0" />
		<Point X="370" Y="287" T="0" />
		<Point X="373" Y="288" T="0" />
	</Stroke>
</Gesture> 
