<?xml version="1.0" encoding="utf-8" standalone="yes"?>
<Gesture Name="N01">
	<Stroke>
		<Point X="143" Y="113" T="0" />
		<Point X="142" Y="115" T="0" />
		<Point X="135" Y="128" T="0" />
		<Point X="126" Y="149" T="0" />
		<Point X="116" Y="174" T="0" />
		<Point X="106" Y="204" T="0" />
		<Point X="98" Y="236" T="0" />
		<Point X="90" Y="269" T="0" />
		<Point X="85" Y="291" T="0" />
	</Stroke>
	<Stroke>
		<Point X="166" Y="125" T="0" />
		<Point X="166" Y="129" T="0" />
		<Point X="166" Y="144" T="0" />
		<Point X="171" Y="169" T="0" />
		<Point X="185" Y="205" T="0" />
		<Point X="203" Y="244" T="0" />
		<Point X="222" Y="274" T="0" />
		<Point X="241" Y="296" T="0" />
		<Point X="253" Y="308" T="0" />
		<Point X="259" Y="313" T="0" />
	</Stroke>
	<Stroke>
		<Point X="265" Y="316" T="0" />
		<Point X="266" Y="316" T="0" />
		<Point X="267" Y="315" T="0" />
		<Point X="270" Y="305" T="0" />
		<Point X="277" Y="287" T="0" />
		<Point X="288" Y="260" T="0" />
		<Point X="298" Y="229" T="0" />
		<Point X="305" Y="203" T="0" />
		<Point X="311" Y="180" T="0" />
		<Point X="315" Y="165" T="0" />
		<Point X="318" Y="155" T="0" />
		<Point X="320" Y="148" T="0" />
		<Point X="321" Y="144" T="0" />
		<Point X="321" Y="141" T="0" />
	</Stroke>
</Gesture> 
