<?xml version="1.0" encoding="utf-8" standalone="yes"?>
<Gesture Name="N02">
	<Stroke>
		<Point X="90" Y="212" T="0" />
		<Point X="91" Y="212" T="0" />
		<Point X="91" Y="212" T="0" />
		<Point X="91" Y="215" T="0" />
		<Point X="90" Y="230" T="0" />
		<Point X="89" Y="262" T="0" />
		<Point X="86" Y="302" T="0" />
		<Point X="80" Y="348" T="0" />
		<Point X="74" Y="389" T="0" />
		<Point X="72" Y="415" T="0" />
		<Point X="72" Y="428" T="0" />
	</Stroke>
	<Stroke>
		<Point X="113" Y="253" T="0" />
		<Point X="113" Y="254" T="0" />
		<Point X="112" Y="272" T="0" />
		<Point X="118" Y="303" T="0" />
		<Point X="125" Y="340" T="0" />
		<Point X="132" Y="380" T="0" />
		<Point X="141" Y="416" T="0" />
		<Point X="146" Y="430" T="0" />
		<Point X="148" Y="436" T="0" />
		<Point X="149" Y="439" T="0" />
	</Stroke>
</Gesture> 
