<?xml version="1.0" encoding="utf-8" standalone="yes"?>
<Gesture Name="N03">
	<Stroke>
		<Point X="184" Y="176" T="0" />
		<Point X="183" Y="176" T="0" />
		<Point X="181" Y="180" T="0" />
		<Point X="176" Y="189" T="0" />
		<Point X="168" Y="209" T="0" />
		<Point X="160" Y="240" T="0" />
		<Point X="152" Y="276" T="0" />
		<Point X="143" Y="322" T="0" />
		<Point X="137" Y="362" T="0" />
		<Point X="134" Y="384" T="0" />
		<Point X="133" Y="391" T="0" />
	</Stroke>
	<Stroke>
		<Point X="171" Y="197" T="0" />
		<Point X="171" Y="198" T="0" />
		<Point X="171" Y="205" T="0" />
		<Point X="173" Y="219" T="0" />
		<Point X="181" Y="241" T="0" />
		<Point X="193" Y="264" T="0" />
		<Point X="208" Y="291" T="0" />
		<Point X="222" Y="315" T="0" />
		<Point X="236" Y="337" T="0" />
		<Point X="245" Y="355" T="0" />
		<Point X="252" Y="369" T="0" />
		<Point X="256" Y="375" T="0" />
	</Stroke>
	<Stroke>
		<Point X="283" Y="169" T="0" />
		<Point X="282" Y="169" T="0" />
		<Point X="281" Y="172" T="0" />
		<Point X="278" Y="183" T="0" />
		<Point X="274" Y="206" T="0" />
		<Point X="269" Y="243" T="0" />
		<Point X="262" Y="282" T="0" />
		<Point X="258" Y="311" T="0" />
		<Point X="254" Y="334" T="0" />
		<Point X="254" Y="343" T="0" />
		<Point X="253" Y="347" T="0" />
		<Point X="253" Y="351" T="0" />
		<Point X="253" Y="354" T="0" />
		<Point X="253" Y="357" T="0" />
		<Point X="253" Y="360" T="0" />
		<Point X="252" Y="363" T="0" />
	</Stroke>
</Gesture> 
