<?xml version="1.0" encoding="utf-8" standalone="yes"?>
<Gesture Name="N04">
	<Stroke>
		<Point X="171" Y="194" T="0" />
		<Point X="171" Y="194" T="0" />
		<Point X="171" Y="195" T="0" />
		<Point X="168" Y="212" T="0" />
		<Point X="160" Y="242" T="0" />
		<Point X="149" Y="281" T="0" />
		<Point X="140" Y="323" T="0" />
		<Point X="137" Y="362" T="0" />
		<Point X="137" Y="380" T="0" />
		<Point X="139" Y="391" T="0" />
		<Point X="140" Y="394" T="0" />
	</Stroke>
	<Stroke>
		<Point X="186" Y="208" T="0" />
		<Point X="186" Y="217" T="0" />
		<Point X="185" Y="236" T="0" />
		<Point X="185" Y="266" T="0" />
		<Point X="188" Y="305" T="0" />
		<Point X="195" Y="345" T="0" />
		<Point X="203" Y="370" T="0" />
		<Point X="207" Y="384" T="0" />
		<Point X="208" Y="388" T="0" />
	</Stroke>
	<Stroke>
		<Point X="271" Y="204" T="0" />
		<Point X="271" Y="206" T="0" />
		<Point X="270" Y="207" T="0" />
		<Point X="263" Y="224" T="0" />
		<Point X="255" Y="247" T="0" />
		<Point X="246" Y="283" T="0" />
		<Point X="240" Y="323" T="0" />
		<Point X="235" Y="353" T="0" />
		<Point X="232" Y="376" T="0" />
		<Point X="232" Y="391" T="0" />
		<Point X="232" Y="399" T="0" />
		<Point X="232" Y="404" T="0" />
		<Point X="231" Y="409" T="0" />
		<Point X="231" Y="413" T="0" />
	</Stroke>
</Gesture> 
