<?xml version="1.0" encoding="utf-8" standalone="yes"?>
<Gesture Name="N05">
	<Stroke>
		<Point X="185" Y="154" T="0" />
		<Point X="185" Y="160" T="0" />
		<Point X="184" Y="182" T="0" />
		<Point X="178" Y="222" T="0" />
		<Point X="172" Y="263" T="0" />
		<Point X="168" Y="313" T="0" />
		<Point X="167" Y="358" T="0" />
		<Point X="167" Y="381" T="0" />
	</Stroke>
	<Stroke>
		<Point X="200" Y="152" T="0" />
		<Point X="200" Y="154" T="0" />
		<Point X="207" Y="168" T="0" />
		<Point X="218" Y="189" T="0" />
		<Point X="231" Y="216" T="0" />
		<Point X="246" Y="248" T="0" />
		<Point X="259" Y="277" T="0" />
		<Point X="273" Y="303" T="0" />
		<Point X="285" Y="322" T="0" />
		<Point X="293" Y="333" T="0" />
		<Point X="300" Y="341" T="0" />
		<Point X="306" Y="348" T="0" />
		<Point X="308" Y="352" T="0" />
	</Stroke>
	<Stroke>
		<Point X="347" Y="133" T="0" />
		<Point X="347" Y="135" T="0" />
		<Point X="346" Y="138" T="0" />
		<Point X="344" Y="154" T="0" />
		<Point X="341" Y="176" T="0" />
		<Point X="338" Y="210" T="0" />
		<Point X="334" Y="250" T="0" />
		<Point X="333" Y="294" T="0" />
		<Point X="335" Y="333" T="0" />
		<Point X="337" Y="360" T="0" />
		<Point X="340" Y="375" T="0" />
		<Point X="340" Y="382" T="0" />
		<Point X="342" Y="388" T="0" />
		<Point X="343" Y="394" T="0" />
		<Point X="343" Y="397" T="0" />
		<Point X="343" Y="399" T="0" />
		<Point X="343" Y="400" T="0" />
		<Point X="343" Y="402" T="0" />
	</Stroke>
</Gesture> 
