<?xml version="1.0" encoding="utf-8" standalone="yes"?>
<Gesture Name="N06">
	<Stroke>
		<Point X="187" Y="180" T="0" />
		<Point X="187" Y="180" T="0" />
		<Point X="186" Y="182" T="0" />
		<Point X="182" Y="188" T="0" />
		<Point X="175" Y="205" T="0" />
		<Point X="162" Y="236" T="0" />
		<Point X="152" Y="269" T="0" />
		<Point X="144" Y="303" T="0" />
		<Point X="136" Y="336" T="0" />
		<Point X="131" Y="361" T="0" />
		<Point X="129" Y="375" T="0" />
	</Stroke>
	<Stroke>
		<Point X="188" Y="203" T="0" />
		<Point X="188" Y="204" T="0" />
		<Point X="189" Y="209" T="0" />
		<Point X="194" Y="225" T="0" />
		<Point X="202" Y="252" T="0" />
		<Point X="213" Y="287" T="0" />
		<Point X="223" Y="322" T="0" />
		<Point X="233" Y="350" T="0" />
		<Point X="238" Y="363" T="0" />
		<Point X="240" Y="367" T="0" />
	</Stroke>
	<Stroke>
		<Point X="263" Y="202" T="0" />
		<Point X="263" Y="203" T="0" />
		<Point X="263" Y="204" T="0" />
		<Point X="263" Y="217" T="0" />
		<Point X="263" Y="235" T="0" />
		<Point X="262" Y="263" T="0" />
		<Point X="257" Y="297" T="0" />
		<Point X="252" Y="325" T="0" />
		<Point X="249" Y="343" T="0" />
		<Point X="247" Y="352" T="0" />
		<Point X="246" Y="359" T="0" />
		<Point X="246" Y="366" T="0" />
		<Point X="246" Y="373" T="0" />
		<Point X="246" Y="379" T="0" />
	</Stroke>
</Gesture> 
