<?xml version="1.0" encoding="utf-8" standalone="yes"?>
<Gesture Name="N07">
	<Stroke>
		<Point X="210" Y="111" T="0" />
		<Point X="209" Y="113" T="0" />
		<Point X="206" Y="123" T="0" />
		<Point X="199" Y="145" T="0" />
		<Point X="187" Y="179" T="0" />
		<Point X="175" Y="218" T="0" />
		<Point X="167" Y="257" T="0" />
		<Point X="163" Y="291" T="0" />
		<Point X="160" Y="324" T="0" />
		<Point X="159" Y="341" T="0" />
	</Stroke>
	<Stroke>
		<Point X="218" Y="103" T="0" />
		<Point X="218" Y="105" T="0" />
		<Point X="219" Y="114" T="0" />
		<Point X="224" Y="142" T="0" />
		<Point X="232" Y="180" T="0" />
		<Point X="246" Y="223" T="0" />
		<Point X="264" Y="264" T="0" />
		<Point X="280" Y="295" T="0" />
		<Point X="290" Y="312" T="0" />
		<Point X="295" Y="320" T="0" />
		<Point X="297" Y="323" T="0" />
		<Point X="297" Y="324" T="0" />
		<Point X="298" Y="325" T="0" />
		<Point X="298" Y="328" T="0" />
		<Point X="299" Y="331" T="0" />
	</Stroke>
	<Stroke>
		<Point X="356" Y="95" T="0" />
		<Point X="356" Y="96" T="0" />
		<Point X="356" Y="100" T="0" />
		<Point X="353" Y="114" T="0" />
		<Point X="349" Y="142" T="0" />
		<Point X="345" Y="178" T="0" />
		<Point X="342" Y="218" T="0" />
		<Point X="342" Y="261" T="0" />
		<Point X="343" Y="292" T="0" />
		<Point X="347" Y="313" T="0" />
		<Point X="350" Y="323" T="0" />
		<Point X="350" Y="327" T="0" />
		<Point X="350" Y="330" T="0" />
		<Point X="350" Y="336" T="0" />
		<Point X="350" Y="344" T="0" />
		<Point X="350" Y="349" T="0" />
	</Stroke>
</Gesture> 
