<?xml version="1.0" encoding="utf-8" standalone="yes"?>
<Gesture Name="N08">
	<Stroke>
		<Point X="143" Y="168" T="0" />
		<Point X="139" Y="176" T="0" />
		<Point X="131" Y="187" T="0" />
		<Point X="113" Y="210" T="0" />
		<Point X="96" Y="240" T="0" />
		<Point X="80" Y="273" T="0" />
		<Point X="70" Y="305" T="0" />
		<Point X="63" Y="327" T="0" />
		<Point X="61" Y="339" T="0" />
	</Stroke>
	<Stroke>
		<Point X="140" Y="181" T="0" />
		<Point X="140" Y="183" T="0" />
		<Point X="140" Y="186" T="0" />
		<Point X="140" Y="188" T="0" />
		<Point X="140" Y="191" T="0" />
		<Point X="142" Y="199" T="0" />
		<Point X="149" Y="218" T="0" />
		<Point X="156" Y="243" T="0" />
		<Point X="165" Y="270" T="0" />
		<Point X="170" Y="293" T="0" />
		<Point X="173" Y="306" T="0" />
		<Point X="174" Y="314" T="0" />
		<Point X="175" Y="320" T="0" />
		<Point X="175" Y="323" T="0" />
		<Point X="175" Y="324" T="0" />
		<Point X="175" Y="325" T="0" />
	</Stroke>
	<Stroke>
		<Point X="223" Y="142" T="0" />
		<Point X="223" Y="146" T="0" />
		<Point X="220" Y="160" T="0" />
		<Point X="213" Y="184" T="0" />
		<Point X="203" Y="218" T="0" />
		<Point X="195" Y="249" T="0" />
		<Point X="189" Y="276" T="0" />
		<Point X="186" Y="290" T="0" />
		<Point X="185" Y="299" T="0" />
		<Point X="183" Y="306" T="0" />
		<Point X="182" Y="314" T="0" />
		<Point X="180" Y="320" T="0" />
		<Point X="179" Y="326" T="0" />
		<Point X="177" Y="330" T="0" />
		<Point X="177" Y="333" T="0" />
		<Point X="176" Y="336" T="0" />
		<Point X="176" Y="338" T="0" />
		<Point X="176" Y="340" T="0" />
	</Stroke>
</Gesture> 
