<?xml version="1.0" encoding="utf-8" standalone="yes"?>
<Gesture Name="N09">
	<Stroke>
		<Point X="149" Y="170" T="0" />
		<Point X="149" Y="170" T="0" />
		<Point X="146" Y="173" T="0" />
		<Point X="140" Y="187" T="0" />
		<Point X="128" Y="219" T="0" />
		<Point X="111" Y="259" T="0" />
		<Point X="98" Y="286" T="0" />
		<Point X="86" Y="314" T="0" />
		<Point X="81" Y="324" T="0" />
	</Stroke>
	<Stroke>
		<Point X="157" Y="182" T="0" />
		<Point X="157" Y="183" T="0" />
		<Point X="158" Y="188" T="0" />
		<Point X="159" Y="196" T="0" />
		<Point X="161" Y="203" T="0" />
		<Point X="165" Y="215" T="0" />
		<Point X="171" Y="232" T="0" />
		<Point X="177" Y="253" T="0" />
		<Point X="184" Y="275" T="0" />
		<Point X="191" Y="293" T="0" />
		<Point X="195" Y="306" T="0" />
		<Point X="198" Y="311" T="0" />
	</Stroke>
	<Stroke>
		<Point X="234" Y="156" T="0" />
		<Point X="234" Y="157" T="0" />
		<Point X="233" Y="160" T="0" />
		<Point X="230" Y="173" T="0" />
		<Point X="223" Y="194" T="0" />
		<Point X="213" Y="226" T="0" />
		<Point X="204" Y="262" T="0" />
		<Point X="197" Y="292" T="0" />
		<Point X="194" Y="308" T="0" />
		<Point X="194" Y="313" T="0" />
	</Stroke>
</Gesture> 
