<?xml version="1.0" encoding="utf-8" standalone="yes"?>
<Gesture Name="N10">
	<Stroke>
		<Point X="195" Y="192" T="0" />
		<Point X="195" Y="195" T="0" />
		<Point X="195" Y="196" T="0" />
		<Point X="191" Y="210" T="0" />
		<Point X="184" Y="240" T="0" />
		<Point X="175" Y="277" T="0" />
		<Point X="166" Y="315" T="0" />
		<Point X="160" Y="344" T="0" />
		<Point X="158" Y="363" T="0" />
		<Point X="157" Y="375" T="0" />
	</Stroke>
	<Stroke>
		<Point X="205" Y="200" T="0" />
		<Point X="205" Y="208" T="0" />
		<Point X="205" Y="223" T="0" />
		<Point X="211" Y="247" T="0" />
		<Point X="221" Y="279" T="0" />
		<Point X="234" Y="315" T="0" />
		<Point X="247" Y="341" T="0" />
		<Point X="257" Y="359" T="0" />
		<Point X="263" Y="369" T="0" />
		<Point X="266" Y="374" T="0" />
	</Stroke>
	<Stroke>
		<Point X="312" Y="192" T="0" />
		<Point X="312" Y="193" T="0" />
		<Point X="309" Y="202" T="0" />
		<Point X="305" Y="219" T="0" />
		<Point X="296" Y="253" T="0" />
		<Point X="288" Y="296" T="0" />
		<Point X="281" Y="337" T="0" />
		<Point X="279" Y="364" T="0" />
		<Point X="279" Y="383" T="0" />
		<Point X="279" Y="391" T="0" />
	</Stroke>
</Gesture> 
