<?xml version="1.0" encoding="utf-8" standalone="yes"?>
<Gesture Name="null09">
	<Stroke>
		<Point X="312" Y="208" T="0" />
		<Point X="302" Y="204" T="0" />
		<Point X="288" Y="203" T="0" />
		<Point X="273" Y="204" T="0" />
		<Point X="256" Y="211" T="0" />
		<Point X="239" Y="229" T="0" />
		<Point X="228" Y="251" T="0" />
		<Point X="225" Y="272" T="0" />
		<Point X="232" Y="289" T="0" />
		<Point X="246" Y="298" T="0" />
		<Point X="267" Y="301" T="0" />
		<Point X="295" Y="301" T="0" />
		<Point X="330" Y="294" T="0" />
		<Point X="368" Y="280" T="0" />
		<Point X="397" Y="265" T="0" />
		<Point X="417" Y="247" T="0" />
		<Point X="425" Y="232" T="0" />
		<Point X="427" Y="217" T="0" />
		<Point X="423" Y="203" T="0" />
		<Point X="412" Y="192" T="0" />
		<Point X="397" Y="186" T="0" />
		<Point X="378" Y="184" T="0" />
		<Point X="354" Y="184" T="0" />
		<Point X="319" Y="187" T="0" />
		<Point X="287" Y="194" T="0" />
		<Point X="260" Y="203" T="0" />
		<Point X="244" Y="209" T="0" />
	</Stroke>
	<Stroke>
		<Point X="420" Y="85" T="0" />
		<Point X="416" Y="91" T="0" />
		<Point X="396" Y="112" T="0" />
		<Point X="369" Y="139" T="0" />
		<Point X="318" Y="189" T="0" />
		<Point X="266" Y="242" T="0" />
		<Point X="212" Y="301" T="0" />
		<Point X="169" Y="353" T="0" />
		<Point X="142" Y="390" T="0" />
		<Point X="130" Y="411" T="0" />
		<Point X="127" Y="422" T="0" />
		<Point X="125" Y="428" T="0" />
	</Stroke>
</Gesture> 
