<?xml version="1.0" encoding="utf-8" standalone="yes"?>
<Gesture Name="null01">
	<Stroke>
		<Point X="249" Y="235" T="0" />
		<Point X="247" Y="233" T="0" />
		<Point X="243" Y="231" T="0" />
		<Point X="236" Y="229" T="0" />
		<Point X="220" Y="227" T="0" />
		<Point X="200" Y="228" T="0" />
		<Point X="184" Y="233" T="0" />
		<Point X="170" Y="242" T="0" />
		<Point X="159" Y="252" T="0" />
		<Point X="151" Y="262" T="0" />
		<Point X="143" Y="276" T="0" />
		<Point X="139" Y="296" T="0" />
		<Point X="139" Y="315" T="0" />
		<Point X="143" Y="334" T="0" />
		<Point X="151" Y="347" T="0" />
		<Point X="162" Y="356" T="0" />
		<Point X="179" Y="365" T="0" />
		<Point X="199" Y="371" T="0" />
		<Point X="220" Y="375" T="0" />
		<Point X="241" Y="374" T="0" />
		<Point X="260" Y="368" T="0" />
		<Point X="276" Y="356" T="0" />
		<Point X="287" Y="341" T="0" />
		<Point X="297" Y="325" T="0" />
		<Point X="305" Y="306" T="0" />
		<Point X="306" Y="288" T="0" />
		<Point X="302" Y="267" T="0" />
		<Point X="286" Y="248" T="0" />
		<Point X="261" Y="232" T="0" />
		<Point X="239" Y="224" T="0" />
		<Point X="222" Y="222" T="0" />
		<Point X="212" Y="222" T="0" />
		<Point X="208" Y="223" T="0" />
		<Point X="205" Y="224" T="0" />
	</Stroke>
	<Stroke>
		<Point X="316" Y="139" T="0" />
		<Point X="311" Y="145" T="0" />
		<Point X="295" Y="163" T="0" />
		<Point X="271" Y="190" T="0" />
		<Point X="246" Y="223" T="0" />
		<Point X="218" Y="262" T="0" />
		<Point X="187" Y="316" T="0" />
		<Point X="155" Y="378" T="0" />
		<Point X="130" Y="427" T="0" />
		<Point X="120" Y="449" T="0" />
		<Point X="116" Y="463" T="0" />
		<Point X="115" Y="471" T="0" />
		<Point X="115" Y="476" T="0" />
		<Point X="115" Y="480" T="0" />
	</Stroke>
</Gesture> 
