<?xml version="1.0" encoding="utf-8" standalone="yes"?>
<Gesture Name="null07">
	<Stroke>
		<Point X="328" Y="227" T="0" />
		<Point X="323" Y="226" T="0" />
		<Point X="312" Y="223" T="0" />
		<Point X="293" Y="220" T="0" />
		<Point X="262" Y="218" T="0" />
		<Point X="230" Y="219" T="0" />
		<Point X="202" Y="226" T="0" />
		<Point X="192" Y="239" T="0" />
		<Point X="192" Y="256" T="0" />
		<Point X="200" Y="273" T="0" />
		<Point X="219" Y="286" T="0" />
		<Point X="246" Y="294" T="0" />
		<Point X="274" Y="296" T="0" />
		<Point X="300" Y="294" T="0" />
		<Point X="323" Y="287" T="0" />
		<Point X="333" Y="281" T="0" />
		<Point X="336" Y="276" T="0" />
		<Point X="337" Y="270" T="0" />
		<Point X="335" Y="260" T="0" />
		<Point X="328" Y="245" T="0" />
		<Point X="316" Y="228" T="0" />
		<Point X="302" Y="214" T="0" />
		<Point X="289" Y="208" T="0" />
	</Stroke>
	<Stroke>
		<Point X="351" Y="138" T="0" />
		<Point X="350" Y="138" T="0" />
		<Point X="341" Y="146" T="0" />
		<Point X="311" Y="169" T="0" />
		<Point X="258" Y="212" T="0" />
		<Point X="196" Y="270" T="0" />
		<Point X="153" Y="321" T="0" />
		<Point X="124" Y="372" T="0" />
		<Point X="102" Y="414" T="0" />
		<Point X="90" Y="440" T="0" />
		<Point X="85" Y="451" T="0" />
	</Stroke>
</Gesture> 
