<?xml version="1.0" encoding="utf-8" standalone="yes"?>
<Gesture Name="null02">
	<Stroke>
		<Point X="222" Y="233" T="0" />
		<Point X="222" Y="233" T="0" />
		<Point X="222" Y="233" T="0" />
		<Point X="218" Y="233" T="0" />
		<Point X="203" Y="235" T="0" />
		<Point X="183" Y="240" T="0" />
		<Point X="164" Y="249" T="0" />
		<Point X="149" Y="260" T="0" />
		<Point X="135" Y="275" T="0" />
		<Point X="128" Y="289" T="0" />
		<Point X="127" Y="298" T="0" />
		<Point X="131" Y="308" T="0" />
		<Point X="145" Y="319" T="0" />
		<Point X="162" Y="327" T="0" />
		<Point X="182" Y="333" T="0" />
		<Point X="214" Y="337" T="0" />
		<Point X="250" Y="339" T="0" />
		<Point X="279" Y="337" T="0" />
		<Point X="295" Y="328" T="0" />
		<Point X="305" Y="313" T="0" />
		<Point X="308" Y="293" T="0" />
		<Point X="306" Y="271" T="0" />
		<Point X="297" Y="248" T="0" />
		<Point X="277" Y="222" T="0" />
		<Point X="251" Y="201" T="0" />
		<Point X="218" Y="189" T="0" />
		<Point X="190" Y="186" T="0" />
		<Point X="173" Y="189" T="0" />
		<Point X="159" Y="199" T="0" />
		<Point X="148" Y="216" T="0" />
		<Point X="137" Y="234" T="0" />
	</Stroke>
	<Stroke>
		<Point X="340" Y="117" T="0" />
		<Point X="338" Y="119" T="0" />
		<Point X="332" Y="131" T="0" />
		<Point X="322" Y="150" T="0" />
		<Point X="304" Y="181" T="0" />
		<Point X="288" Y="215" T="0" />
		<Point X="270" Y="259" T="0" />
		<Point X="251" Y="311" T="0" />
		<Point X="236" Y="352" T="0" />
		<Point X="223" Y="381" T="0" />
		<Point X="209" Y="410" T="0" />
		<Point X="203" Y="422" T="0" />
		<Point X="202" Y="427" T="0" />
	</Stroke>
</Gesture> 
