<?xml version="1.0" encoding="utf-8" standalone="yes"?>
<Gesture Name="null10">
	<Stroke>
		<Point X="292" Y="214" T="0" />
		<Point X="287" Y="213" T="0" />
		<Point X="273" Y="211" T="0" />
		<Point X="247" Y="211" T="0" />
		<Point X="213" Y="213" T="0" />
		<Point X="184" Y="221" T="0" />
		<Point X="169" Y="232" T="0" />
		<Point X="165" Y="243" T="0" />
		<Point X="167" Y="253" T="0" />
		<Point X="178" Y="264" T="0" />
		<Point X="192" Y="274" T="0" />
		<Point X="208" Y="280" T="0" />
		<Point X="227" Y="284" T="0" />
		<Point X="252" Y="287" T="0" />
		<Point X="280" Y="289" T="0" />
		<Point X="310" Y="289" T="0" />
		<Point X="333" Y="286" T="0" />
		<Point X="344" Y="282" T="0" />
		<Point X="348" Y="275" T="0" />
		<Point X="349" Y="270" T="0" />
		<Point X="346" Y="262" T="0" />
		<Point X="337" Y="253" T="0" />
		<Point X="320" Y="242" T="0" />
		<Point X="295" Y="231" T="0" />
	</Stroke>
	<Stroke>
		<Point X="330" Y="150" T="0" />
		<Point X="330" Y="151" T="0" />
		<Point X="329" Y="153" T="0" />
		<Point X="321" Y="168" T="0" />
		<Point X="299" Y="204" T="0" />
		<Point X="263" Y="261" T="0" />
		<Point X="219" Y="334" T="0" />
		<Point X="185" Y="397" T="0" />
		<Point X="161" Y="444" T="0" />
		<Point X="155" Y="468" T="0" />
		<Point X="155" Y="478" T="0" />
		<Point X="156" Y="482" T="0" />
	</Stroke>
</Gesture> 
