<?xml version="1.0" encoding="utf-8" standalone="yes"?>
<Gesture Name="null08">
	<Stroke>
		<Point X="242" Y="218" T="0" />
		<Point X="242" Y="218" T="0" />
		<Point X="240" Y="217" T="0" />
		<Point X="229" Y="211" T="0" />
		<Point X="212" Y="206" T="0" />
		<Point X="190" Y="205" T="0" />
		<Point X="175" Y="206" T="0" />
		<Point X="165" Y="214" T="0" />
		<Point X="160" Y="226" T="0" />
		<Point X="159" Y="239" T="0" />
		<Point X="163" Y="250" T="0" />
		<Point X="174" Y="259" T="0" />
		<Point X="189" Y="265" T="0" />
		<Point X="216" Y="268" T="0" />
		<Point X="244" Y="269" T="0" />
		<Point X="278" Y="266" T="0" />
		<Point X="306" Y="259" T="0" />
		<Point X="323" Y="251" T="0" />
		<Point X="331" Y="241" T="0" />
		<Point X="334" Y="228" T="0" />
		<Point X="331" Y="214" T="0" />
		<Point X="321" Y="203" T="0" />
		<Point X="306" Y="195" T="0" />
		<Point X="291" Y="192" T="0" />
		<Point X="275" Y="191" T="0" />
		<Point X="253" Y="191" T="0" />
		<Point X="224" Y="193" T="0" />
	</Stroke>
	<Stroke>
		<Point X="325" Y="118" T="0" />
		<Point X="325" Y="117" T="0" />
		<Point X="320" Y="117" T="0" />
		<Point X="311" Y="123" T="0" />
		<Point X="292" Y="143" T="0" />
		<Point X="265" Y="176" T="0" />
		<Point X="233" Y="222" T="0" />
		<Point X="202" Y="279" T="0" />
		<Point X="176" Y="341" T="0" />
		<Point X="165" Y="378" T="0" />
		<Point X="163" Y="398" T="0" />
		<Point X="163" Y="406" T="0" />
	</Stroke>
</Gesture> 
