<?xml version="1.0" encoding="utf-8" standalone="yes"?>
<Gesture Name="null05">
	<Stroke>
		<Point X="324" Y="307" T="0" />
		<Point X="324" Y="306" T="0" />
		<Point X="318" Y="301" T="0" />
		<Point X="303" Y="291" T="0" />
		<Point X="274" Y="281" T="0" />
		<Point X="233" Y="273" T="0" />
		<Point X="199" Y="271" T="0" />
		<Point X="181" Y="271" T="0" />
		<Point X="173" Y="279" T="0" />
		<Point X="172" Y="294" T="0" />
		<Point X="178" Y="313" T="0" />
		<Point X="195" Y="335" T="0" />
		<Point X="218" Y="351" T="0" />
		<Point X="242" Y="358" T="0" />
		<Point X="269" Y="360" T="0" />
		<Point X="297" Y="354" T="0" />
		<Point X="320" Y="344" T="0" />
		<Point X="332" Y="331" T="0" />
		<Point X="335" Y="319" T="0" />
		<Point X="335" Y="308" T="0" />
	</Stroke>
</Gesture> 
