<?xml version="1.0" encoding="utf-8" standalone="yes"?>
<Gesture Name="null04">
	<Stroke>
		<Point X="313" Y="189" T="0" />
		<Point X="313" Y="188" T="0" />
		<Point X="308" Y="185" T="0" />
		<Point X="300" Y="184" T="0" />
		<Point X="284" Y="184" T="0" />
		<Point X="254" Y="193" T="0" />
		<Point X="222" Y="207" T="0" />
		<Point X="197" Y="227" T="0" />
		<Point X="183" Y="250" T="0" />
		<Point X="180" Y="273" T="0" />
		<Point X="191" Y="296" T="0" />
		<Point X="216" Y="314" T="0" />
		<Point X="250" Y="324" T="0" />
		<Point X="289" Y="326" T="0" />
		<Point X="330" Y="324" T="0" />
		<Point X="367" Y="309" T="0" />
		<Point X="397" Y="290" T="0" />
		<Point X="419" Y="267" T="0" />
		<Point X="425" Y="252" T="0" />
		<Point X="423" Y="238" T="0" />
		<Point X="412" Y="222" T="0" />
		<Point X="391" Y="208" T="0" />
		<Point X="363" Y="198" T="0" />
		<Point X="338" Y="194" T="0" />
	</Stroke>
	<Stroke>
		<Point X="394" Y="119" T="0" />
		<Point X="384" Y="137" T="0" />
		<Point X="361" Y="171" T="0" />
		<Point X="326" Y="214" T="0" />
		<Point X="285" Y="262" T="0" />
		<Point X="245" Y="317" T="0" />
		<Point X="216" Y="368" T="0" />
		<Point X="198" Y="416" T="0" />
		<Point X="191" Y="445" T="0" />
		<Point X="191" Y="454" T="0" />
	</Stroke>
</Gesture> 
