<?xml version="1.0" encoding="utf-8" standalone="yes"?>
<Gesture Name="null03">
	<Stroke>
		<Point X="327" Y="196" T="0" />
		<Point X="313" Y="190" T="0" />
		<Point X="289" Y="186" T="0" />
		<Point X="252" Y="181" T="0" />
		<Point X="202" Y="179" T="0" />
		<Point X="151" Y="179" T="0" />
		<Point X="112" Y="189" T="0" />
		<Point X="93" Y="204" T="0" />
		<Point X="85" Y="225" T="0" />
		<Point X="85" Y="252" T="0" />
		<Point X="100" Y="276" T="0" />
		<Point X="125" Y="291" T="0" />
		<Point X="158" Y="300" T="0" />
		<Point X="205" Y="304" T="0" />
		<Point X="259" Y="306" T="0" />
		<Point X="310" Y="305" T="0" />
		<Point X="354" Y="297" T="0" />
		<Point X="382" Y="286" T="0" />
		<Point X="398" Y="271" T="0" />
		<Point X="408" Y="255" T="0" />
		<Point X="410" Y="236" T="0" />
		<Point X="404" Y="212" T="0" />
		<Point X="385" Y="181" T="0" />
		<Point X="356" Y="155" T="0" />
		<Point X="324" Y="135" T="0" />
		<Point X="291" Y="126" T="0" />
		<Point X="276" Y="125" T="0" />
	</Stroke>
	<Stroke>
		<Point X="371" Y="75" T="0" />
		<Point X="361" Y="86" T="0" />
		<Point X="328" Y="115" T="0" />
		<Point X="273" Y="158" T="0" />
		<Point X="213" Y="206" T="0" />
		<Point X="158" Y="268" T="0" />
		<Point X="119" Y="320" T="0" />
		<Point X="85" Y="369" T="0" />
		<Point X="56" Y="411" T="0" />
		<Point X="27" Y="447" T="0" />
		<Point X="14" Y="467" T="0" />
		<Point X="12" Y="475" T="0" />
	</Stroke>
</Gesture> 
