<?xml version="1.0" encoding="utf-8" standalone="yes"?>
<Gesture Name="null06">
	<Stroke>
		<Point X="271" Y="224" T="0" />
		<Point X="271" Y="224" T="0" />
		<Point X="268" Y="222" T="0" />
		<Point X="254" Y="217" T="0" />
		<Point X="234" Y="216" T="0" />
		<Point X="212" Y="217" T="0" />
		<Point X="195" Y="226" T="0" />
		<Point X="182" Y="237" T="0" />
		<Point X="173" Y="252" T="0" />
		<Point X="172" Y="268" T="0" />
		<Point X="176" Y="279" T="0" />
		<Point X="190" Y="287" T="0" />
		<Point X="215" Y="291" T="0" />
		<Point X="246" Y="291" T="0" />
		<Point X="285" Y="285" T="0" />
		<Point X="324" Y="273" T="0" />
		<Point X="353" Y="259" T="0" />
		<Point X="366" Y="246" T="0" />
		<Point X="370" Y="233" T="0" />
		<Point X="368" Y="219" T="0" />
		<Point X="360" Y="209" T="0" />
		<Point X="346" Y="201" T="0" />
		<Point X="330" Y="196" T="0" />
	</Stroke>
	<Stroke>
		<Point X="352" Y="150" T="0" />
		<Point X="350" Y="151" T="0" />
		<Point X="346" Y="154" T="0" />
		<Point X="317" Y="173" T="0" />
		<Point X="275" Y="200" T="0" />
		<Point X="222" Y="243" T="0" />
		<Point X="171" Y="297" T="0" />
		<Point X="128" Y="347" T="0" />
		<Point X="97" Y="382" T="0" />
		<Point X="90" Y="393" T="0" />
		<Point X="90" Y="395" T="0" />
	</Stroke>
</Gesture> 
