<?xml version="1.0" encoding="utf-8" standalone="yes"?>
<Gesture Name="P01">
	<Stroke>
		<Point X="95" Y="165" T="0" />
		<Point X="95" Y="165" T="0" />
		<Point X="95" Y="165" T="0" />
		<Point X="99" Y="165" T="0" />
		<Point X="119" Y="169" T="0" />
		<Point X="144" Y="175" T="0" />
		<Point X="176" Y="185" T="0" />
		<Point X="208" Y="196" T="0" />
		<Point X="231" Y="208" T="0" />
		<Point X="245" Y="216" T="0" />
		<Point X="249" Y="221" T="0" />
		<Point X="249" Y="223" T="0" />
		<Point X="249" Y="227" T="0" />
		<Point X="248" Y="229" T="0" />
		<Point X="239" Y="242" T="0" />
		<Point X="227" Y="253" T="0" />
		<Point X="211" Y="264" T="0" />
		<Point X="192" Y="274" T="0" />
		<Point X="176" Y="280" T="0" />
		<Point X="165" Y="282" T="0" />
		<Point X="156" Y="282" T="0" />
		<Point X="147" Y="282" T="0" />
		<Point X="137" Y="281" T="0" />
		<Point X="129" Y="281" T="0" />
		<Point X="119" Y="281" T="0" />
		<Point X="109" Y="282" T="0" />
		<Point X="100" Y="284" T="0" />
		<Point X="95" Y="285" T="0" />
	</Stroke>
	<Stroke>
		<Point X="104" Y="178" T="0" />
		<Point X="104" Y="179" T="0" />
		<Point X="104" Y="182" T="0" />
		<Point X="102" Y="199" T="0" />
		<Point X="97" Y="221" T="0" />
		<Point X="90" Y="249" T="0" />
		<Point X="82" Y="279" T="0" />
		<Point X="78" Y="302" T="0" />
		<Point X="76" Y="323" T="0" />
		<Point X="76" Y="344" T="0" />
		<Point X="76" Y="362" T="0" />
		<Point X="77" Y="376" T="0" />
		<Point X="78" Y="385" T="0" />
		<Point X="80" Y="394" T="0" />
		<Point X="81" Y="402" T="0" />
		<Point X="82" Y="411" T="0" />
		<Point X="83" Y="415" T="0" />
	</Stroke>
</Gesture> 
