<?xml version="1.0" encoding="utf-8" standalone="yes"?>
<Gesture Name="P02">
	<Stroke>
		<Point X="126" Y="173" T="0" />
		<Point X="126" Y="173" T="0" />
		<Point X="127" Y="173" T="0" />
		<Point X="129" Y="173" T="0" />
		<Point X="145" Y="173" T="0" />
		<Point X="170" Y="175" T="0" />
		<Point X="200" Y="180" T="0" />
		<Point X="231" Y="188" T="0" />
		<Point X="254" Y="197" T="0" />
		<Point X="264" Y="204" T="0" />
		<Point X="270" Y="211" T="0" />
		<Point X="272" Y="220" T="0" />
		<Point X="272" Y="232" T="0" />
		<Point X="270" Y="250" T="0" />
		<Point X="262" Y="269" T="0" />
		<Point X="252" Y="283" T="0" />
		<Point X="241" Y="290" T="0" />
		<Point X="229" Y="294" T="0" />
		<Point X="215" Y="296" T="0" />
		<Point X="197" Y="297" T="0" />
		<Point X="186" Y="298" T="0" />
		<Point X="176" Y="300" T="0" />
		<Point X="166" Y="301" T="0" />
		<Point X="159" Y="301" T="0" />
		<Point X="148" Y="302" T="0" />
		<Point X="140" Y="302" T="0" />
	</Stroke>
	<Stroke>
		<Point X="130" Y="197" T="0" />
		<Point X="130" Y="199" T="0" />
		<Point X="130" Y="201" T="0" />
		<Point X="130" Y="207" T="0" />
		<Point X="131" Y="217" T="0" />
		<Point X="131" Y="233" T="0" />
		<Point X="131" Y="255" T="0" />
		<Point X="131" Y="287" T="0" />
		<Point X="130" Y="323" T="0" />
		<Point X="126" Y="361" T="0" />
		<Point X="121" Y="396" T="0" />
		<Point X="117" Y="427" T="0" />
		<Point X="112" Y="451" T="0" />
		<Point X="109" Y="466" T="0" />
		<Point X="107" Y="473" T="0" />
		<Point X="106" Y="476" T="0" />
		<Point X="106" Y="477" T="0" />
		<Point X="106" Y="478" T="0" />
		<Point X="106" Y="479" T="0" />
		<Point X="106" Y="480" T="0" />
		<Point X="106" Y="481" T="0" />
	</Stroke>
</Gesture> 
