<?xml version="1.0" encoding="utf-8" standalone="yes"?>
<Gesture Name="P03">
	<Stroke>
		<Point X="146" Y="140" T="0" />
		<Point X="146" Y="140" T="0" />
		<Point X="153" Y="140" T="0" />
		<Point X="165" Y="142" T="0" />
		<Point X="186" Y="145" T="0" />
		<Point X="215" Y="151" T="0" />
		<Point X="244" Y="159" T="0" />
		<Point X="273" Y="167" T="0" />
		<Point X="294" Y="175" T="0" />
		<Point X="304" Y="182" T="0" />
		<Point X="309" Y="188" T="0" />
		<Point X="311" Y="194" T="0" />
		<Point X="312" Y="203" T="0" />
		<Point X="310" Y="213" T="0" />
		<Point X="299" Y="228" T="0" />
		<Point X="275" Y="248" T="0" />
		<Point X="237" Y="268" T="0" />
		<Point X="197" Y="282" T="0" />
		<Point X="158" Y="289" T="0" />
		<Point X="133" Y="295" T="0" />
		<Point X="118" Y="298" T="0" />
	</Stroke>
	<Stroke>
		<Point X="144" Y="171" T="0" />
		<Point X="144" Y="172" T="0" />
		<Point X="144" Y="179" T="0" />
		<Point X="144" Y="197" T="0" />
		<Point X="145" Y="228" T="0" />
		<Point X="146" Y="265" T="0" />
		<Point X="143" Y="305" T="0" />
		<Point X="139" Y="343" T="0" />
		<Point X="135" Y="378" T="0" />
		<Point X="131" Y="406" T="0" />
		<Point X="129" Y="430" T="0" />
		<Point X="127" Y="446" T="0" />
		<Point X="127" Y="453" T="0" />
	</Stroke>
</Gesture> 
