<?xml version="1.0" encoding="utf-8" standalone="yes"?>
<Gesture Name="P04">
	<Stroke>
		<Point X="111" Y="164" T="0" />
		<Point X="111" Y="164" T="0" />
		<Point X="111" Y="163" T="0" />
		<Point X="115" Y="163" T="0" />
		<Point X="135" Y="161" T="0" />
		<Point X="177" Y="159" T="0" />
		<Point X="233" Y="158" T="0" />
		<Point X="282" Y="156" T="0" />
		<Point X="320" Y="154" T="0" />
		<Point X="341" Y="154" T="0" />
		<Point X="348" Y="154" T="0" />
		<Point X="347" Y="160" T="0" />
		<Point X="342" Y="169" T="0" />
		<Point X="335" Y="177" T="0" />
		<Point X="322" Y="184" T="0" />
		<Point X="306" Y="189" T="0" />
		<Point X="286" Y="194" T="0" />
		<Point X="262" Y="198" T="0" />
		<Point X="244" Y="201" T="0" />
		<Point X="232" Y="205" T="0" />
		<Point X="224" Y="207" T="0" />
		<Point X="219" Y="209" T="0" />
		<Point X="215" Y="211" T="0" />
		<Point X="213" Y="212" T="0" />
		<Point X="211" Y="213" T="0" />
		<Point X="209" Y="213" T="0" />
		<Point X="205" Y="214" T="0" />
		<Point X="198" Y="215" T="0" />
		<Point X="193" Y="215" T="0" />
		<Point X="191" Y="215" T="0" />
		<Point X="188" Y="215" T="0" />
		<Point X="187" Y="216" T="0" />
		<Point X="186" Y="216" T="0" />
	</Stroke>
	<Stroke>
		<Point X="191" Y="164" T="0" />
		<Point X="190" Y="164" T="0" />
		<Point X="189" Y="166" T="0" />
		<Point X="188" Y="173" T="0" />
		<Point X="183" Y="187" T="0" />
		<Point X="177" Y="210" T="0" />
		<Point X="171" Y="245" T="0" />
		<Point X="169" Y="282" T="0" />
		<Point X="167" Y="322" T="0" />
		<Point X="167" Y="353" T="0" />
		<Point X="168" Y="373" T="0" />
		<Point X="170" Y="385" T="0" />
	</Stroke>
</Gesture> 
