<?xml version="1.0" encoding="utf-8" standalone="yes"?>
<Gesture Name="P05">
	<Stroke>
		<Point X="190" Y="164" T="0" />
		<Point X="190" Y="164" T="0" />
		<Point X="194" Y="164" T="0" />
		<Point X="212" Y="164" T="0" />
		<Point X="238" Y="165" T="0" />
		<Point X="260" Y="165" T="0" />
		<Point X="271" Y="164" T="0" />
		<Point X="276" Y="164" T="0" />
		<Point X="277" Y="164" T="0" />
		<Point X="278" Y="165" T="0" />
		<Point X="278" Y="167" T="0" />
		<Point X="282" Y="178" T="0" />
		<Point X="287" Y="194" T="0" />
		<Point X="289" Y="209" T="0" />
		<Point X="288" Y="219" T="0" />
		<Point X="284" Y="225" T="0" />
		<Point X="279" Y="228" T="0" />
		<Point X="266" Y="232" T="0" />
		<Point X="249" Y="234" T="0" />
		<Point X="226" Y="235" T="0" />
		<Point X="204" Y="237" T="0" />
		<Point X="193" Y="238" T="0" />
		<Point X="188" Y="239" T="0" />
		<Point X="187" Y="239" T="0" />
		<Point X="185" Y="239" T="0" />
		<Point X="181" Y="237" T="0" />
		<Point X="177" Y="234" T="0" />
		<Point X="174" Y="232" T="0" />
		<Point X="173" Y="231" T="0" />
		<Point X="173" Y="230" T="0" />
	</Stroke>
	<Stroke>
		<Point X="188" Y="169" T="0" />
		<Point X="188" Y="170" T="0" />
		<Point X="188" Y="171" T="0" />
		<Point X="188" Y="173" T="0" />
		<Point X="185" Y="186" T="0" />
		<Point X="179" Y="207" T="0" />
		<Point X="174" Y="236" T="0" />
		<Point X="168" Y="274" T="0" />
		<Point X="164" Y="312" T="0" />
		<Point X="159" Y="351" T="0" />
		<Point X="156" Y="380" T="0" />
		<Point X="156" Y="394" T="0" />
		<Point X="157" Y="400" T="0" />
	</Stroke>
</Gesture> 
