<?xml version="1.0" encoding="utf-8" standalone="yes"?>
<Gesture Name="P06">
	<Stroke>
		<Point X="163" Y="156" T="0" />
		<Point X="163" Y="156" T="0" />
		<Point X="163" Y="156" T="0" />
		<Point X="164" Y="155" T="0" />
		<Point X="171" Y="154" T="0" />
		<Point X="184" Y="153" T="0" />
		<Point X="201" Y="153" T="0" />
		<Point X="215" Y="154" T="0" />
		<Point X="228" Y="159" T="0" />
		<Point X="239" Y="169" T="0" />
		<Point X="247" Y="179" T="0" />
		<Point X="254" Y="191" T="0" />
		<Point X="257" Y="201" T="0" />
		<Point X="258" Y="208" T="0" />
		<Point X="258" Y="213" T="0" />
		<Point X="257" Y="216" T="0" />
		<Point X="256" Y="218" T="0" />
		<Point X="252" Y="219" T="0" />
		<Point X="244" Y="219" T="0" />
		<Point X="229" Y="219" T="0" />
		<Point X="206" Y="219" T="0" />
		<Point X="181" Y="219" T="0" />
		<Point X="164" Y="219" T="0" />
		<Point X="155" Y="221" T="0" />
	</Stroke>
	<Stroke>
		<Point X="163" Y="151" T="0" />
		<Point X="163" Y="152" T="0" />
		<Point X="162" Y="160" T="0" />
		<Point X="160" Y="174" T="0" />
		<Point X="155" Y="201" T="0" />
		<Point X="150" Y="237" T="0" />
		<Point X="144" Y="276" T="0" />
		<Point X="136" Y="315" T="0" />
		<Point X="130" Y="349" T="0" />
		<Point X="125" Y="378" T="0" />
		<Point X="124" Y="392" T="0" />
		<Point X="124" Y="397" T="0" />
	</Stroke>
</Gesture> 
