<?xml version="1.0" encoding="utf-8" standalone="yes"?>
<Gesture Name="P07">
	<Stroke>
		<Point X="145" Y="168" T="0" />
		<Point X="145" Y="168" T="0" />
		<Point X="145" Y="166" T="0" />
		<Point X="149" Y="164" T="0" />
		<Point X="160" Y="162" T="0" />
		<Point X="178" Y="162" T="0" />
		<Point X="202" Y="165" T="0" />
		<Point X="223" Y="169" T="0" />
		<Point X="241" Y="174" T="0" />
		<Point X="254" Y="180" T="0" />
		<Point X="262" Y="187" T="0" />
		<Point X="268" Y="193" T="0" />
		<Point X="274" Y="202" T="0" />
		<Point X="279" Y="211" T="0" />
		<Point X="281" Y="221" T="0" />
		<Point X="281" Y="231" T="0" />
		<Point X="274" Y="241" T="0" />
		<Point X="265" Y="248" T="0" />
		<Point X="251" Y="255" T="0" />
		<Point X="235" Y="259" T="0" />
		<Point X="213" Y="262" T="0" />
		<Point X="190" Y="266" T="0" />
		<Point X="169" Y="267" T="0" />
		<Point X="158" Y="267" T="0" />
		<Point X="150" Y="267" T="0" />
		<Point X="147" Y="267" T="0" />
		<Point X="146" Y="267" T="0" />
	</Stroke>
	<Stroke>
		<Point X="166" Y="170" T="0" />
		<Point X="166" Y="171" T="0" />
		<Point X="165" Y="172" T="0" />
		<Point X="164" Y="176" T="0" />
		<Point X="161" Y="184" T="0" />
		<Point X="157" Y="195" T="0" />
		<Point X="153" Y="210" T="0" />
		<Point X="151" Y="233" T="0" />
		<Point X="151" Y="255" T="0" />
		<Point X="150" Y="280" T="0" />
		<Point X="150" Y="301" T="0" />
		<Point X="150" Y="320" T="0" />
		<Point X="149" Y="335" T="0" />
		<Point X="148" Y="346" T="0" />
		<Point X="148" Y="353" T="0" />
		<Point X="148" Y="359" T="0" />
		<Point X="148" Y="366" T="0" />
		<Point X="147" Y="370" T="0" />
		<Point X="147" Y="374" T="0" />
		<Point X="147" Y="377" T="0" />
		<Point X="147" Y="382" T="0" />
		<Point X="147" Y="387" T="0" />
		<Point X="147" Y="393" T="0" />
		<Point X="147" Y="397" T="0" />
		<Point X="147" Y="399" T="0" />
		<Point X="147" Y="401" T="0" />
		<Point X="147" Y="402" T="0" />
		<Point X="147" Y="406" T="0" />
		<Point X="149" Y="410" T="0" />
		<Point X="151" Y="414" T="0" />
	</Stroke>
</Gesture> 
