<?xml version="1.0" encoding="utf-8" standalone="yes"?>
<Gesture Name="P08">
	<Stroke>
		<Point X="193" Y="146" T="0" />
		<Point X="193" Y="146" T="0" />
		<Point X="200" Y="146" T="0" />
		<Point X="218" Y="146" T="0" />
		<Point X="243" Y="148" T="0" />
		<Point X="271" Y="152" T="0" />
		<Point X="292" Y="155" T="0" />
		<Point X="306" Y="160" T="0" />
		<Point X="313" Y="164" T="0" />
		<Point X="316" Y="169" T="0" />
		<Point X="318" Y="177" T="0" />
		<Point X="319" Y="185" T="0" />
		<Point X="318" Y="194" T="0" />
		<Point X="314" Y="201" T="0" />
		<Point X="308" Y="208" T="0" />
		<Point X="300" Y="212" T="0" />
		<Point X="288" Y="217" T="0" />
		<Point X="273" Y="218" T="0" />
		<Point X="254" Y="218" T="0" />
		<Point X="234" Y="218" T="0" />
		<Point X="219" Y="218" T="0" />
		<Point X="211" Y="219" T="0" />
		<Point X="207" Y="219" T="0" />
		<Point X="205" Y="220" T="0" />
		<Point X="203" Y="220" T="0" />
		<Point X="202" Y="220" T="0" />
		<Point X="201" Y="220" T="0" />
		<Point X="200" Y="221" T="0" />
		<Point X="199" Y="221" T="0" />
		<Point X="197" Y="221" T="0" />
		<Point X="191" Y="221" T="0" />
		<Point X="184" Y="220" T="0" />
	</Stroke>
	<Stroke>
		<Point X="193" Y="152" T="0" />
		<Point X="192" Y="154" T="0" />
		<Point X="190" Y="165" T="0" />
		<Point X="185" Y="186" T="0" />
		<Point X="181" Y="215" T="0" />
		<Point X="174" Y="250" T="0" />
		<Point X="167" Y="282" T="0" />
		<Point X="160" Y="313" T="0" />
		<Point X="155" Y="334" T="0" />
		<Point X="153" Y="352" T="0" />
		<Point X="152" Y="360" T="0" />
	</Stroke>
</Gesture> 
