<?xml version="1.0" encoding="utf-8" standalone="yes"?>
<Gesture Name="P09">
	<Stroke>
		<Point X="109" Y="165" T="0" />
		<Point X="110" Y="165" T="0" />
		<Point X="116" Y="164" T="0" />
		<Point X="133" Y="165" T="0" />
		<Point X="158" Y="166" T="0" />
		<Point X="190" Y="167" T="0" />
		<Point X="217" Y="171" T="0" />
		<Point X="239" Y="177" T="0" />
		<Point X="251" Y="185" T="0" />
		<Point X="257" Y="197" T="0" />
		<Point X="258" Y="209" T="0" />
		<Point X="259" Y="221" T="0" />
		<Point X="256" Y="232" T="0" />
		<Point X="251" Y="241" T="0" />
		<Point X="243" Y="248" T="0" />
		<Point X="232" Y="252" T="0" />
		<Point X="218" Y="254" T="0" />
		<Point X="202" Y="254" T="0" />
		<Point X="182" Y="254" T="0" />
		<Point X="162" Y="254" T="0" />
		<Point X="146" Y="256" T="0" />
		<Point X="134" Y="256" T="0" />
		<Point X="128" Y="256" T="0" />
		<Point X="125" Y="255" T="0" />
		<Point X="124" Y="254" T="0" />
		<Point X="123" Y="253" T="0" />
		<Point X="123" Y="251" T="0" />
		<Point X="122" Y="250" T="0" />
		<Point X="120" Y="248" T="0" />
		<Point X="118" Y="246" T="0" />
		<Point X="115" Y="245" T="0" />
	</Stroke>
	<Stroke>
		<Point X="133" Y="168" T="0" />
		<Point X="133" Y="169" T="0" />
		<Point X="132" Y="188" T="0" />
		<Point X="129" Y="219" T="0" />
		<Point X="122" Y="265" T="0" />
		<Point X="114" Y="310" T="0" />
		<Point X="108" Y="347" T="0" />
		<Point X="104" Y="375" T="0" />
		<Point X="101" Y="394" T="0" />
		<Point X="100" Y="406" T="0" />
		<Point X="99" Y="414" T="0" />
		<Point X="99" Y="417" T="0" />
		<Point X="99" Y="418" T="0" />
	</Stroke>
</Gesture> 
