<?xml version="1.0" encoding="utf-8" standalone="yes"?>
<Gesture Name="P10">
	<Stroke>
		<Point X="165" Y="183" T="0" />
		<Point X="165" Y="182" T="0" />
		<Point X="165" Y="181" T="0" />
		<Point X="167" Y="178" T="0" />
		<Point X="173" Y="175" T="0" />
		<Point X="182" Y="173" T="0" />
		<Point X="200" Y="172" T="0" />
		<Point X="222" Y="172" T="0" />
		<Point X="245" Y="177" T="0" />
		<Point X="268" Y="188" T="0" />
		<Point X="284" Y="199" T="0" />
		<Point X="297" Y="212" T="0" />
		<Point X="303" Y="224" T="0" />
		<Point X="305" Y="233" T="0" />
		<Point X="305" Y="240" T="0" />
		<Point X="304" Y="245" T="0" />
		<Point X="300" Y="248" T="0" />
		<Point X="294" Y="250" T="0" />
		<Point X="283" Y="253" T="0" />
		<Point X="263" Y="256" T="0" />
		<Point X="244" Y="257" T="0" />
		<Point X="228" Y="259" T="0" />
		<Point X="215" Y="260" T="0" />
		<Point X="207" Y="261" T="0" />
		<Point X="202" Y="261" T="0" />
		<Point X="198" Y="261" T="0" />
		<Point X="193" Y="259" T="0" />
		<Point X="186" Y="257" T="0" />
		<Point X="180" Y="255" T="0" />
	</Stroke>
	<Stroke>
		<Point X="186" Y="184" T="0" />
		<Point X="186" Y="185" T="0" />
		<Point X="186" Y="186" T="0" />
		<Point X="185" Y="197" T="0" />
		<Point X="180" Y="224" T="0" />
		<Point X="174" Y="260" T="0" />
		<Point X="168" Y="305" T="0" />
		<Point X="165" Y="346" T="0" />
		<Point X="163" Y="386" T="0" />
		<Point X="163" Y="412" T="0" />
		<Point X="163" Y="425" T="0" />
		<Point X="165" Y="431" T="0" />
	</Stroke>
</Gesture> 
