<?xml version="1.0" encoding="utf-8" standalone="yes"?>
<Gesture Name="pitchfork02">
	<Stroke>
		<Point X="242" Y="243" T="0" />
		<Point X="241" Y="244" T="0" />
		<Point X="238" Y="254" T="0" />
		<Point X="233" Y="269" T="0" />
		<Point X="230" Y="283" T="0" />
		<Point X="227" Y="298" T="0" />
		<Point X="227" Y="317" T="0" />
		<Point X="230" Y="329" T="0" />
		<Point X="240" Y="343" T="0" />
		<Point X="254" Y="354" T="0" />
		<Point X="269" Y="358" T="0" />
		<Point X="286" Y="359" T="0" />
		<Point X="304" Y="358" T="0" />
		<Point X="326" Y="352" T="0" />
		<Point X="348" Y="342" T="0" />
		<Point X="362" Y="332" T="0" />
		<Point X="369" Y="322" T="0" />
		<Point X="374" Y="313" T="0" />
		<Point X="376" Y="307" T="0" />
		<Point X="378" Y="301" T="0" />
		<Point X="378" Y="298" T="0" />
	</Stroke>
	<Stroke>
		<Point X="320" Y="221" T="0" />
		<Point X="318" Y="224" T="0" />
		<Point X="309" Y="246" T="0" />
		<Point X="296" Y="282" T="0" />
		<Point X="281" Y="322" T="0" />
		<Point X="270" Y="363" T="0" />
		<Point X="264" Y="398" T="0" />
		<Point X="261" Y="427" T="0" />
		<Point X="259" Y="449" T="0" />
		<Point X="259" Y="462" T="0" />
		<Point X="259" Y="468" T="0" />
	</Stroke>
</Gesture> 
