<?xml version="1.0" encoding="utf-8" standalone="yes"?>
<Gesture Name="pitchfork10">
	<Stroke>
		<Point X="222" Y="203" T="0" />
		<Point X="218" Y="203" T="0" />
		<Point X="209" Y="206" T="0" />
		<Point X="197" Y="213" T="0" />
		<Point X="186" Y="223" T="0" />
		<Point X="179" Y="235" T="0" />
		<Point X="177" Y="245" T="0" />
		<Point X="177" Y="254" T="0" />
		<Point X="183" Y="260" T="0" />
		<Point X="188" Y="264" T="0" />
		<Point X="196" Y="267" T="0" />
		<Point X="209" Y="269" T="0" />
		<Point X="229" Y="271" T="0" />
		<Point X="249" Y="272" T="0" />
		<Point X="267" Y="272" T="0" />
		<Point X="279" Y="272" T="0" />
		<Point X="285" Y="270" T="0" />
		<Point X="287" Y="267" T="0" />
		<Point X="288" Y="265" T="0" />
		<Point X="288" Y="263" T="0" />
	</Stroke>
	<Stroke>
		<Point X="258" Y="186" T="0" />
		<Point X="258" Y="187" T="0" />
		<Point X="256" Y="190" T="0" />
		<Point X="250" Y="198" T="0" />
		<Point X="240" Y="212" T="0" />
		<Point X="223" Y="234" T="0" />
		<Point X="203" Y="260" T="0" />
		<Point X="180" Y="290" T="0" />
		<Point X="166" Y="310" T="0" />
		<Point X="161" Y="320" T="0" />
		<Point X="161" Y="324" T="0" />
		<Point X="161" Y="326" T="0" />
		<Point X="161" Y="327" T="0" />
	</Stroke>
</Gesture> 
