<?xml version="1.0" encoding="utf-8" standalone="yes"?>
<Gesture Name="pitchfork06">
	<Stroke>
		<Point X="244" Y="142" T="0" />
		<Point X="244" Y="142" T="0" />
		<Point X="243" Y="144" T="0" />
		<Point X="234" Y="151" T="0" />
		<Point X="217" Y="163" T="0" />
		<Point X="197" Y="179" T="0" />
		<Point X="182" Y="204" T="0" />
		<Point X="174" Y="225" T="0" />
		<Point X="172" Y="240" T="0" />
		<Point X="177" Y="246" T="0" />
		<Point X="188" Y="249" T="0" />
		<Point X="203" Y="250" T="0" />
		<Point X="225" Y="252" T="0" />
		<Point X="257" Y="253" T="0" />
		<Point X="290" Y="253" T="0" />
		<Point X="319" Y="250" T="0" />
		<Point X="345" Y="244" T="0" />
		<Point X="360" Y="238" T="0" />
		<Point X="365" Y="232" T="0" />
		<Point X="368" Y="226" T="0" />
		<Point X="368" Y="222" T="0" />
		<Point X="368" Y="220" T="0" />
		<Point X="368" Y="218" T="0" />
	</Stroke>
	<Stroke>
		<Point X="332" Y="132" T="0" />
		<Point X="332" Y="133" T="0" />
		<Point X="324" Y="141" T="0" />
		<Point X="303" Y="165" T="0" />
		<Point X="271" Y="205" T="0" />
		<Point X="238" Y="248" T="0" />
		<Point X="201" Y="301" T="0" />
		<Point X="168" Y="347" T="0" />
		<Point X="143" Y="381" T="0" />
		<Point X="127" Y="403" T="0" />
		<Point X="122" Y="412" T="0" />
	</Stroke>
</Gesture> 
