<?xml version="1.0" encoding="utf-8" standalone="yes"?>
<Gesture Name="pitchfork09">
	<Stroke>
		<Point X="188" Y="185" T="0" />
		<Point X="186" Y="185" T="0" />
		<Point X="180" Y="191" T="0" />
		<Point X="170" Y="204" T="0" />
		<Point X="161" Y="220" T="0" />
		<Point X="155" Y="240" T="0" />
		<Point X="154" Y="258" T="0" />
		<Point X="158" Y="271" T="0" />
		<Point X="168" Y="279" T="0" />
		<Point X="186" Y="285" T="0" />
		<Point X="212" Y="288" T="0" />
		<Point X="245" Y="289" T="0" />
		<Point X="275" Y="288" T="0" />
		<Point X="294" Y="283" T="0" />
		<Point X="304" Y="279" T="0" />
		<Point X="308" Y="274" T="0" />
		<Point X="311" Y="268" T="0" />
		<Point X="314" Y="260" T="0" />
	</Stroke>
	<Stroke>
		<Point X="305" Y="177" T="0" />
		<Point X="303" Y="179" T="0" />
		<Point X="293" Y="189" T="0" />
		<Point X="268" Y="215" T="0" />
		<Point X="232" Y="256" T="0" />
		<Point X="197" Y="303" T="0" />
		<Point X="170" Y="346" T="0" />
		<Point X="151" Y="379" T="0" />
		<Point X="143" Y="399" T="0" />
		<Point X="140" Y="410" T="0" />
		<Point X="139" Y="414" T="0" />
	</Stroke>
</Gesture> 
