<?xml version="1.0" encoding="utf-8" standalone="yes"?>
<Gesture Name="pitchfork03">
	<Stroke>
		<Point X="201" Y="197" T="0" />
		<Point X="201" Y="197" T="0" />
		<Point X="201" Y="197" T="0" />
		<Point X="192" Y="201" T="0" />
		<Point X="180" Y="210" T="0" />
		<Point X="170" Y="220" T="0" />
		<Point X="164" Y="231" T="0" />
		<Point X="163" Y="245" T="0" />
		<Point X="165" Y="257" T="0" />
		<Point X="177" Y="266" T="0" />
		<Point X="206" Y="277" T="0" />
		<Point X="243" Y="285" T="0" />
		<Point X="287" Y="292" T="0" />
		<Point X="323" Y="295" T="0" />
		<Point X="348" Y="295" T="0" />
		<Point X="360" Y="290" T="0" />
		<Point X="365" Y="283" T="0" />
		<Point X="367" Y="275" T="0" />
	</Stroke>
	<Stroke>
		<Point X="333" Y="197" T="0" />
		<Point X="332" Y="197" T="0" />
		<Point X="328" Y="197" T="0" />
		<Point X="312" Y="206" T="0" />
		<Point X="289" Y="223" T="0" />
		<Point X="265" Y="245" T="0" />
		<Point X="241" Y="274" T="0" />
		<Point X="220" Y="304" T="0" />
		<Point X="200" Y="335" T="0" />
		<Point X="181" Y="364" T="0" />
		<Point X="172" Y="379" T="0" />
		<Point X="170" Y="383" T="0" />
	</Stroke>
</Gesture> 
