<?xml version="1.0" encoding="utf-8" standalone="yes"?>
<Gesture Name="pitchfork01">
	<Stroke>
		<Point X="120" Y="179" T="0" />
		<Point X="120" Y="179" T="0" />
		<Point X="118" Y="184" T="0" />
		<Point X="112" Y="198" T="0" />
		<Point X="105" Y="222" T="0" />
		<Point X="102" Y="246" T="0" />
		<Point X="105" Y="272" T="0" />
		<Point X="115" Y="295" T="0" />
		<Point X="130" Y="314" T="0" />
		<Point X="149" Y="329" T="0" />
		<Point X="167" Y="338" T="0" />
		<Point X="187" Y="341" T="0" />
		<Point X="211" Y="342" T="0" />
		<Point X="232" Y="339" T="0" />
		<Point X="254" Y="330" T="0" />
		<Point X="274" Y="316" T="0" />
		<Point X="287" Y="302" T="0" />
		<Point X="294" Y="286" T="0" />
		<Point X="296" Y="272" T="0" />
		<Point X="296" Y="260" T="0" />
		<Point X="296" Y="255" T="0" />
		<Point X="295" Y="254" T="0" />
		<Point X="293" Y="254" T="0" />
		<Point X="289" Y="254" T="0" />
		<Point X="283" Y="252" T="0" />
		<Point X="277" Y="250" T="0" />
		<Point X="274" Y="250" T="0" />
	</Stroke>
</Gesture> 
