<?xml version="1.0" encoding="utf-8" standalone="yes"?>
<Gesture Name="pitchfork05">
	<Stroke>
		<Point X="195" Y="201" T="0" />
		<Point X="195" Y="201" T="0" />
		<Point X="194" Y="201" T="0" />
		<Point X="193" Y="201" T="0" />
		<Point X="185" Y="205" T="0" />
		<Point X="170" Y="223" T="0" />
		<Point X="156" Y="251" T="0" />
		<Point X="149" Y="282" T="0" />
		<Point X="151" Y="310" T="0" />
		<Point X="168" Y="336" T="0" />
		<Point X="194" Y="352" T="0" />
		<Point X="233" Y="362" T="0" />
		<Point X="267" Y="364" T="0" />
		<Point X="294" Y="364" T="0" />
		<Point X="316" Y="357" T="0" />
		<Point X="330" Y="349" T="0" />
		<Point X="342" Y="338" T="0" />
		<Point X="352" Y="324" T="0" />
		<Point X="359" Y="309" T="0" />
	</Stroke>
	<Stroke>
		<Point X="302" Y="229" T="0" />
		<Point X="301" Y="229" T="0" />
		<Point X="300" Y="230" T="0" />
		<Point X="296" Y="235" T="0" />
		<Point X="282" Y="252" T="0" />
		<Point X="256" Y="286" T="0" />
		<Point X="227" Y="332" T="0" />
		<Point X="201" Y="380" T="0" />
		<Point X="178" Y="427" T="0" />
		<Point X="161" Y="462" T="0" />
		<Point X="153" Y="479" T="0" />
		<Point X="149" Y="486" T="0" />
	</Stroke>
</Gesture> 
