<?xml version="1.0" encoding="utf-8" standalone="yes"?>
<Gesture Name="pitchfork08">
	<Stroke>
		<Point X="266" Y="202" T="0" />
		<Point X="266" Y="202" T="0" />
		<Point X="266" Y="203" T="0" />
		<Point X="264" Y="207" T="0" />
		<Point X="262" Y="212" T="0" />
		<Point X="259" Y="222" T="0" />
		<Point X="256" Y="235" T="0" />
		<Point X="255" Y="247" T="0" />
		<Point X="254" Y="258" T="0" />
		<Point X="255" Y="270" T="0" />
		<Point X="259" Y="278" T="0" />
		<Point X="266" Y="286" T="0" />
		<Point X="277" Y="293" T="0" />
		<Point X="297" Y="299" T="0" />
		<Point X="328" Y="301" T="0" />
		<Point X="359" Y="302" T="0" />
		<Point X="383" Y="300" T="0" />
		<Point X="403" Y="295" T="0" />
		<Point X="414" Y="288" T="0" />
		<Point X="423" Y="278" T="0" />
		<Point X="429" Y="268" T="0" />
		<Point X="433" Y="256" T="0" />
		<Point X="436" Y="247" T="0" />
		<Point X="438" Y="242" T="0" />
		<Point X="439" Y="239" T="0" />
	</Stroke>
	<Stroke>
		<Point X="372" Y="186" T="0" />
		<Point X="372" Y="187" T="0" />
		<Point X="372" Y="188" T="0" />
		<Point X="370" Y="198" T="0" />
		<Point X="364" Y="217" T="0" />
		<Point X="354" Y="247" T="0" />
		<Point X="341" Y="286" T="0" />
		<Point X="328" Y="323" T="0" />
		<Point X="316" Y="361" T="0" />
		<Point X="309" Y="388" T="0" />
		<Point X="305" Y="400" T="0" />
		<Point X="304" Y="406" T="0" />
		<Point X="303" Y="409" T="0" />
		<Point X="303" Y="411" T="0" />
		<Point X="303" Y="412" T="0" />
		<Point X="303" Y="414" T="0" />
		<Point X="302" Y="414" T="0" />
	</Stroke>
</Gesture> 
