<?xml version="1.0" encoding="utf-8" standalone="yes"?>
<Gesture Name="pitchfork04">
	<Stroke>
		<Point X="271" Y="173" T="0" />
		<Point X="271" Y="173" T="0" />
		<Point X="271" Y="173" T="0" />
		<Point X="266" Y="173" T="0" />
		<Point X="256" Y="176" T="0" />
		<Point X="244" Y="186" T="0" />
		<Point X="236" Y="199" T="0" />
		<Point X="233" Y="215" T="0" />
		<Point X="233" Y="226" T="0" />
		<Point X="238" Y="235" T="0" />
		<Point X="245" Y="241" T="0" />
		<Point X="262" Y="247" T="0" />
		<Point X="293" Y="250" T="0" />
		<Point X="332" Y="251" T="0" />
		<Point X="367" Y="251" T="0" />
		<Point X="391" Y="249" T="0" />
		<Point X="404" Y="244" T="0" />
		<Point X="410" Y="237" T="0" />
	</Stroke>
	<Stroke>
		<Point X="398" Y="171" T="0" />
		<Point X="396" Y="174" T="0" />
		<Point X="388" Y="183" T="0" />
		<Point X="367" Y="205" T="0" />
		<Point X="339" Y="235" T="0" />
		<Point X="312" Y="263" T="0" />
		<Point X="287" Y="292" T="0" />
		<Point X="268" Y="315" T="0" />
		<Point X="250" Y="334" T="0" />
		<Point X="236" Y="350" T="0" />
		<Point X="228" Y="357" T="0" />
	</Stroke>
</Gesture> 
