<?xml version="1.0" encoding="utf-8" standalone="yes"?>
<Gesture Name="pitchfork07">
	<Stroke>
		<Point X="214" Y="125" T="0" />
		<Point X="214" Y="125" T="0" />
		<Point X="210" Y="126" T="0" />
		<Point X="189" Y="136" T="0" />
		<Point X="153" Y="156" T="0" />
		<Point X="128" Y="178" T="0" />
		<Point X="116" Y="202" T="0" />
		<Point X="114" Y="223" T="0" />
		<Point X="118" Y="239" T="0" />
		<Point X="131" Y="250" T="0" />
		<Point X="162" Y="260" T="0" />
		<Point X="203" Y="263" T="0" />
		<Point X="248" Y="263" T="0" />
		<Point X="283" Y="258" T="0" />
		<Point X="303" Y="252" T="0" />
		<Point X="308" Y="248" T="0" />
		<Point X="311" Y="244" T="0" />
		<Point X="311" Y="239" T="0" />
		<Point X="312" Y="230" T="0" />
	</Stroke>
	<Stroke>
		<Point X="319" Y="139" T="0" />
		<Point X="318" Y="140" T="0" />
		<Point X="309" Y="147" T="0" />
		<Point X="284" Y="165" T="0" />
		<Point X="231" Y="206" T="0" />
		<Point X="148" Y="270" T="0" />
		<Point X="80" Y="330" T="0" />
		<Point X="29" Y="392" T="0" />
		<Point X="6" Y="435" T="0" />
		<Point X="4" Y="451" T="0" />
		<Point X="11" Y="456" T="0" />
		<Point X="18" Y="458" T="0" />
	</Stroke>
</Gesture> 
