<?xml version="1.0" encoding="utf-8" standalone="yes"?>
<Gesture Name="six_point_star01">
	<Stroke>
		<Point X="146" Y="280" T="0" />
		<Point X="146" Y="280" T="0" />
		<Point X="147" Y="281" T="0" />
		<Point X="154" Y="282" T="0" />
		<Point X="164" Y="282" T="0" />
		<Point X="177" Y="282" T="0" />
		<Point X="191" Y="282" T="0" />
		<Point X="206" Y="280" T="0" />
		<Point X="222" Y="277" T="0" />
		<Point X="233" Y="275" T="0" />
		<Point X="242" Y="275" T="0" />
		<Point X="250" Y="275" T="0" />
		<Point X="257" Y="275" T="0" />
		<Point X="263" Y="275" T="0" />
		<Point X="265" Y="275" T="0" />
		<Point X="277" Y="275" T="0" />
		<Point X="281" Y="275" T="0" />
		<Point X="283" Y="275" T="0" />
		<Point X="284" Y="275" T="0" />
		<Point X="284" Y="274" T="0" />
		<Point X="284" Y="273" T="0" />
		<Point X="285" Y="267" T="0" />
		<Point X="285" Y="259" T="0" />
		<Point X="285" Y="248" T="0" />
		<Point X="284" Y="236" T="0" />
		<Point X="280" Y="224" T="0" />
		<Point X="276" Y="213" T="0" />
		<Point X="272" Y="203" T="0" />
		<Point X="269" Y="195" T="0" />
		<Point X="266" Y="186" T="0" />
		<Point X="263" Y="178" T="0" />
		<Point X="261" Y="171" T="0" />
		<Point X="259" Y="164" T="0" />
		<Point X="256" Y="158" T="0" />
		<Point X="254" Y="153" T="0" />
		<Point X="253" Y="150" T="0" />
		<Point X="252" Y="148" T="0" />
		<Point X="251" Y="147" T="0" />
		<Point X="249" Y="147" T="0" />
		<Point X="242" Y="155" T="0" />
		<Point X="231" Y="165" T="0" />
		<Point X="215" Y="175" T="0" />
		<Point X="197" Y="188" T="0" />
		<Point X="172" Y="207" T="0" />
		<Point X="148" Y="227" T="0" />
		<Point X="138" Y="238" T="0" />
		<Point X="136" Y="242" T="0" />
		<Point X="136" Y="243" T="0" />
		<Point X="136" Y="244" T="0" />
		<Point X="135" Y="244" T="0" />
		<Point X="135" Y="245" T="0" />
		<Point X="135" Y="246" T="0" />
		<Point X="135" Y="247" T="0" />
	</Stroke>
	<Stroke>
		<Point X="143" Y="184" T="0" />
		<Point X="144" Y="184" T="0" />
		<Point X="146" Y="184" T="0" />
		<Point X="152" Y="185" T="0" />
		<Point X="168" Y="189" T="0" />
		<Point X="190" Y="191" T="0" />
		<Point X="212" Y="193" T="0" />
		<Point X="230" Y="193" T="0" />
		<Point X="246" Y="193" T="0" />
		<Point X="258" Y="192" T="0" />
		<Point X="267" Y="191" T="0" />
		<Point X="275" Y="190" T="0" />
		<Point X="281" Y="189" T="0" />
		<Point X="287" Y="189" T="0" />
		<Point X="292" Y="188" T="0" />
		<Point X="297" Y="188" T="0" />
		<Point X="298" Y="188" T="0" />
		<Point X="299" Y="188" T="0" />
		<Point X="300" Y="188" T="0" />
		<Point X="301" Y="188" T="0" />
		<Point X="301" Y="189" T="0" />
		<Point X="301" Y="190" T="0" />
		<Point X="297" Y="196" T="0" />
		<Point X="289" Y="208" T="0" />
		<Point X="280" Y="223" T="0" />
		<Point X="272" Y="239" T="0" />
		<Point X="261" Y="261" T="0" />
		<Point X="252" Y="280" T="0" />
		<Point X="244" Y="296" T="0" />
		<Point X="237" Y="312" T="0" />
		<Point X="232" Y="322" T="0" />
		<Point X="228" Y="329" T="0" />
		<Point X="227" Y="333" T="0" />
		<Point X="225" Y="335" T="0" />
		<Point X="225" Y="336" T="0" />
		<Point X="225" Y="337" T="0" />
		<Point X="225" Y="334" T="0" />
		<Point X="221" Y="322" T="0" />
		<Point X="217" Y="305" T="0" />
		<Point X="210" Y="287" T="0" />
		<Point X="200" Y="268" T="0" />
		<Point X="190" Y="246" T="0" />
		<Point X="184" Y="228" T="0" />
		<Point X="178" Y="214" T="0" />
		<Point X="173" Y="206" T="0" />
		<Point X="170" Y="202" T="0" />
		<Point X="168" Y="198" T="0" />
		<Point X="167" Y="197" T="0" />
		<Point X="166" Y="196" T="0" />
	</Stroke>
</Gesture> 
