<?xml version="1.0" encoding="utf-8" standalone="yes"?>
<Gesture Name="six_point_star07">
	<Stroke>
		<Point X="196" Y="230" T="0" />
		<Point X="197" Y="230" T="0" />
		<Point X="198" Y="230" T="0" />
		<Point X="207" Y="231" T="0" />
		<Point X="230" Y="232" T="0" />
		<Point X="265" Y="234" T="0" />
		<Point X="299" Y="235" T="0" />
		<Point X="324" Y="236" T="0" />
		<Point X="344" Y="236" T="0" />
		<Point X="351" Y="236" T="0" />
		<Point X="351" Y="237" T="0" />
		<Point X="347" Y="243" T="0" />
		<Point X="336" Y="252" T="0" />
		<Point X="320" Y="267" T="0" />
		<Point X="295" Y="285" T="0" />
		<Point X="264" Y="305" T="0" />
		<Point X="238" Y="319" T="0" />
		<Point X="227" Y="323" T="0" />
		<Point X="226" Y="324" T="0" />
		<Point X="226" Y="323" T="0" />
		<Point X="226" Y="322" T="0" />
		<Point X="227" Y="317" T="0" />
		<Point X="228" Y="312" T="0" />
		<Point X="228" Y="307" T="0" />
		<Point X="229" Y="302" T="0" />
		<Point X="230" Y="296" T="0" />
		<Point X="230" Y="293" T="0" />
		<Point X="230" Y="287" T="0" />
		<Point X="229" Y="280" T="0" />
		<Point X="226" Y="271" T="0" />
		<Point X="223" Y="260" T="0" />
		<Point X="220" Y="252" T="0" />
		<Point X="219" Y="248" T="0" />
		<Point X="218" Y="246" T="0" />
		<Point X="218" Y="243" T="0" />
		<Point X="217" Y="240" T="0" />
		<Point X="216" Y="237" T="0" />
		<Point X="216" Y="235" T="0" />
		<Point X="216" Y="233" T="0" />
		<Point X="216" Y="232" T="0" />
		<Point X="215" Y="232" T="0" />
	</Stroke>
	<Stroke>
		<Point X="271" Y="186" T="0" />
		<Point X="271" Y="187" T="0" />
		<Point X="269" Y="190" T="0" />
		<Point X="262" Y="198" T="0" />
		<Point X="252" Y="207" T="0" />
		<Point X="241" Y="215" T="0" />
		<Point X="233" Y="221" T="0" />
		<Point X="227" Y="226" T="0" />
		<Point X="223" Y="231" T="0" />
		<Point X="217" Y="237" T="0" />
		<Point X="210" Y="244" T="0" />
		<Point X="204" Y="251" T="0" />
		<Point X="199" Y="258" T="0" />
		<Point X="196" Y="263" T="0" />
		<Point X="196" Y="266" T="0" />
		<Point X="196" Y="268" T="0" />
		<Point X="198" Y="269" T="0" />
		<Point X="201" Y="271" T="0" />
		<Point X="207" Y="273" T="0" />
		<Point X="217" Y="277" T="0" />
		<Point X="230" Y="281" T="0" />
		<Point X="247" Y="286" T="0" />
		<Point X="265" Y="290" T="0" />
		<Point X="282" Y="295" T="0" />
		<Point X="296" Y="297" T="0" />
		<Point X="304" Y="298" T="0" />
		<Point X="307" Y="298" T="0" />
		<Point X="309" Y="298" T="0" />
		<Point X="313" Y="297" T="0" />
		<Point X="320" Y="295" T="0" />
		<Point X="326" Y="295" T="0" />
		<Point X="330" Y="295" T="0" />
		<Point X="332" Y="294" T="0" />
		<Point X="332" Y="293" T="0" />
		<Point X="332" Y="290" T="0" />
		<Point X="332" Y="284" T="0" />
		<Point X="330" Y="276" T="0" />
		<Point X="324" Y="262" T="0" />
		<Point X="315" Y="245" T="0" />
		<Point X="304" Y="229" T="0" />
		<Point X="292" Y="215" T="0" />
		<Point X="281" Y="204" T="0" />
		<Point X="275" Y="197" T="0" />
		<Point X="270" Y="192" T="0" />
		<Point X="266" Y="189" T="0" />
		<Point X="264" Y="187" T="0" />
		<Point X="263" Y="185" T="0" />
		<Point X="262" Y="185" T="0" />
		<Point X="262" Y="184" T="0" />
		<Point X="262" Y="182" T="0" />
	</Stroke>
</Gesture> 
