<?xml version="1.0" encoding="utf-8" standalone="yes"?>
<Gesture Name="six_point_star08">
	<Stroke>
		<Point X="165" Y="268" T="0" />
		<Point X="165" Y="268" T="0" />
		<Point X="165" Y="267" T="0" />
		<Point X="167" Y="265" T="0" />
		<Point X="176" Y="257" T="0" />
		<Point X="192" Y="242" T="0" />
		<Point X="219" Y="215" T="0" />
		<Point X="247" Y="191" T="0" />
		<Point X="265" Y="174" T="0" />
		<Point X="276" Y="164" T="0" />
		<Point X="279" Y="162" T="0" />
		<Point X="280" Y="164" T="0" />
		<Point X="282" Y="171" T="0" />
		<Point X="287" Y="185" T="0" />
		<Point X="295" Y="200" T="0" />
		<Point X="306" Y="222" T="0" />
		<Point X="318" Y="240" T="0" />
		<Point X="326" Y="255" T="0" />
		<Point X="333" Y="264" T="0" />
		<Point X="335" Y="268" T="0" />
		<Point X="336" Y="268" T="0" />
		<Point X="336" Y="269" T="0" />
		<Point X="335" Y="269" T="0" />
		<Point X="334" Y="270" T="0" />
		<Point X="330" Y="271" T="0" />
		<Point X="319" Y="273" T="0" />
		<Point X="296" Y="274" T="0" />
		<Point X="263" Y="275" T="0" />
		<Point X="224" Y="275" T="0" />
		<Point X="189" Y="273" T="0" />
		<Point X="167" Y="273" T="0" />
	</Stroke>
	<Stroke>
		<Point X="189" Y="204" T="0" />
		<Point X="190" Y="204" T="0" />
		<Point X="198" Y="204" T="0" />
		<Point X="214" Y="204" T="0" />
		<Point X="244" Y="205" T="0" />
		<Point X="282" Y="205" T="0" />
		<Point X="321" Y="207" T="0" />
		<Point X="348" Y="208" T="0" />
		<Point X="363" Y="210" T="0" />
		<Point X="368" Y="210" T="0" />
		<Point X="369" Y="210" T="0" />
		<Point X="369" Y="211" T="0" />
		<Point X="369" Y="213" T="0" />
		<Point X="369" Y="215" T="0" />
		<Point X="367" Y="220" T="0" />
		<Point X="361" Y="228" T="0" />
		<Point X="348" Y="240" T="0" />
		<Point X="329" Y="256" T="0" />
		<Point X="308" Y="277" T="0" />
		<Point X="291" Y="293" T="0" />
		<Point X="282" Y="301" T="0" />
		<Point X="278" Y="305" T="0" />
		<Point X="277" Y="305" T="0" />
		<Point X="276" Y="306" T="0" />
		<Point X="273" Y="309" T="0" />
		<Point X="268" Y="313" T="0" />
		<Point X="261" Y="321" T="0" />
		<Point X="255" Y="328" T="0" />
		<Point X="252" Y="332" T="0" />
		<Point X="251" Y="333" T="0" />
		<Point X="250" Y="331" T="0" />
		<Point X="247" Y="317" T="0" />
		<Point X="243" Y="303" T="0" />
		<Point X="238" Y="285" T="0" />
		<Point X="231" Y="267" T="0" />
		<Point X="223" Y="249" T="0" />
		<Point X="216" Y="232" T="0" />
		<Point X="209" Y="217" T="0" />
		<Point X="206" Y="207" T="0" />
		<Point X="204" Y="201" T="0" />
		<Point X="203" Y="198" T="0" />
		<Point X="201" Y="196" T="0" />
		<Point X="200" Y="195" T="0" />
		<Point X="199" Y="195" T="0" />
	</Stroke>
</Gesture> 
