<?xml version="1.0" encoding="utf-8" standalone="yes"?>
<Gesture Name="six_point_star04">
	<Stroke>
		<Point X="176" Y="280" T="0" />
		<Point X="176" Y="280" T="0" />
		<Point X="180" Y="276" T="0" />
		<Point X="190" Y="266" T="0" />
		<Point X="206" Y="251" T="0" />
		<Point X="220" Y="235" T="0" />
		<Point X="231" Y="220" T="0" />
		<Point X="237" Y="210" T="0" />
		<Point X="239" Y="203" T="0" />
		<Point X="240" Y="200" T="0" />
		<Point X="240" Y="199" T="0" />
		<Point X="241" Y="199" T="0" />
		<Point X="245" Y="200" T="0" />
		<Point X="256" Y="212" T="0" />
		<Point X="274" Y="234" T="0" />
		<Point X="294" Y="258" T="0" />
		<Point X="311" Y="280" T="0" />
		<Point X="321" Y="294" T="0" />
		<Point X="324" Y="298" T="0" />
		<Point X="324" Y="299" T="0" />
		<Point X="323" Y="299" T="0" />
		<Point X="322" Y="299" T="0" />
		<Point X="321" Y="299" T="0" />
		<Point X="316" Y="299" T="0" />
		<Point X="305" Y="296" T="0" />
		<Point X="285" Y="292" T="0" />
		<Point X="258" Y="287" T="0" />
		<Point X="223" Y="280" T="0" />
		<Point X="185" Y="274" T="0" />
		<Point X="150" Y="273" T="0" />
		<Point X="130" Y="273" T="0" />
		<Point X="123" Y="276" T="0" />
	</Stroke>
	<Stroke>
		<Point X="174" Y="230" T="0" />
		<Point X="179" Y="230" T="0" />
		<Point X="197" Y="229" T="0" />
		<Point X="221" Y="229" T="0" />
		<Point X="249" Y="229" T="0" />
		<Point X="277" Y="229" T="0" />
		<Point X="301" Y="229" T="0" />
		<Point X="321" Y="228" T="0" />
		<Point X="332" Y="228" T="0" />
		<Point X="333" Y="228" T="0" />
		<Point X="333" Y="229" T="0" />
		<Point X="330" Y="238" T="0" />
		<Point X="323" Y="249" T="0" />
		<Point X="314" Y="261" T="0" />
		<Point X="299" Y="277" T="0" />
		<Point X="281" Y="299" T="0" />
		<Point X="266" Y="320" T="0" />
		<Point X="255" Y="339" T="0" />
		<Point X="250" Y="347" T="0" />
		<Point X="249" Y="349" T="0" />
		<Point X="249" Y="348" T="0" />
		<Point X="248" Y="342" T="0" />
		<Point X="246" Y="334" T="0" />
		<Point X="243" Y="320" T="0" />
		<Point X="234" Y="305" T="0" />
		<Point X="224" Y="290" T="0" />
		<Point X="213" Y="271" T="0" />
		<Point X="199" Y="251" T="0" />
		<Point X="187" Y="234" T="0" />
		<Point X="181" Y="224" T="0" />
		<Point X="178" Y="219" T="0" />
	</Stroke>
</Gesture> 
