<?xml version="1.0" encoding="utf-8" standalone="yes"?>
<Gesture Name="six_point_star05">
	<Stroke>
		<Point X="161" Y="241" T="0" />
		<Point X="161" Y="241" T="0" />
		<Point X="166" Y="236" T="0" />
		<Point X="177" Y="226" T="0" />
		<Point X="195" Y="211" T="0" />
		<Point X="219" Y="194" T="0" />
		<Point X="236" Y="182" T="0" />
		<Point X="245" Y="174" T="0" />
		<Point X="247" Y="172" T="0" />
		<Point X="250" Y="178" T="0" />
		<Point X="255" Y="187" T="0" />
		<Point X="264" Y="203" T="0" />
		<Point X="276" Y="224" T="0" />
		<Point X="289" Y="242" T="0" />
		<Point X="297" Y="250" T="0" />
		<Point X="301" Y="253" T="0" />
		<Point X="301" Y="254" T="0" />
		<Point X="300" Y="254" T="0" />
		<Point X="297" Y="254" T="0" />
		<Point X="286" Y="251" T="0" />
		<Point X="272" Y="248" T="0" />
		<Point X="252" Y="246" T="0" />
		<Point X="232" Y="245" T="0" />
		<Point X="218" Y="245" T="0" />
		<Point X="209" Y="247" T="0" />
		<Point X="202" Y="249" T="0" />
		<Point X="198" Y="250" T="0" />
		<Point X="195" Y="250" T="0" />
		<Point X="192" Y="251" T="0" />
		<Point X="191" Y="251" T="0" />
		<Point X="190" Y="251" T="0" />
		<Point X="188" Y="251" T="0" />
		<Point X="183" Y="251" T="0" />
		<Point X="175" Y="249" T="0" />
		<Point X="168" Y="248" T="0" />
	</Stroke>
	<Stroke>
		<Point X="172" Y="205" T="0" />
		<Point X="173" Y="205" T="0" />
		<Point X="175" Y="204" T="0" />
		<Point X="191" Y="202" T="0" />
		<Point X="212" Y="200" T="0" />
		<Point X="235" Y="200" T="0" />
		<Point X="254" Y="200" T="0" />
		<Point X="267" Y="201" T="0" />
		<Point X="280" Y="203" T="0" />
		<Point X="289" Y="205" T="0" />
		<Point X="298" Y="207" T="0" />
		<Point X="305" Y="207" T="0" />
		<Point X="310" Y="209" T="0" />
		<Point X="312" Y="209" T="0" />
		<Point X="313" Y="209" T="0" />
		<Point X="314" Y="209" T="0" />
		<Point X="314" Y="210" T="0" />
		<Point X="314" Y="212" T="0" />
		<Point X="312" Y="217" T="0" />
		<Point X="305" Y="226" T="0" />
		<Point X="294" Y="239" T="0" />
		<Point X="278" Y="250" T="0" />
		<Point X="260" Y="261" T="0" />
		<Point X="247" Y="268" T="0" />
		<Point X="237" Y="275" T="0" />
		<Point X="228" Y="282" T="0" />
		<Point X="222" Y="286" T="0" />
		<Point X="217" Y="290" T="0" />
		<Point X="214" Y="293" T="0" />
		<Point X="212" Y="294" T="0" />
		<Point X="211" Y="296" T="0" />
		<Point X="211" Y="294" T="0" />
		<Point X="211" Y="287" T="0" />
		<Point X="213" Y="275" T="0" />
		<Point X="214" Y="260" T="0" />
		<Point X="214" Y="245" T="0" />
		<Point X="211" Y="232" T="0" />
		<Point X="209" Y="224" T="0" />
		<Point X="207" Y="220" T="0" />
		<Point X="206" Y="219" T="0" />
		<Point X="205" Y="218" T="0" />
		<Point X="205" Y="217" T="0" />
		<Point X="204" Y="217" T="0" />
		<Point X="203" Y="217" T="0" />
		<Point X="202" Y="216" T="0" />
		<Point X="201" Y="216" T="0" />
		<Point X="201" Y="215" T="0" />
		<Point X="200" Y="215" T="0" />
		<Point X="200" Y="214" T="0" />
		<Point X="200" Y="213" T="0" />
		<Point X="199" Y="213" T="0" />
		<Point X="199" Y="212" T="0" />
		<Point X="199" Y="211" T="0" />
		<Point X="199" Y="210" T="0" />
		<Point X="199" Y="209" T="0" />
		<Point X="199" Y="208" T="0" />
	</Stroke>
</Gesture> 
