<?xml version="1.0" encoding="utf-8" standalone="yes"?>
<Gesture Name="six_point_star10">
	<Stroke>
		<Point X="124" Y="232" T="0" />
		<Point X="124" Y="231" T="0" />
		<Point X="128" Y="228" T="0" />
		<Point X="133" Y="224" T="0" />
		<Point X="143" Y="218" T="0" />
		<Point X="155" Y="210" T="0" />
		<Point X="168" Y="202" T="0" />
		<Point X="179" Y="194" T="0" />
		<Point X="188" Y="186" T="0" />
		<Point X="194" Y="180" T="0" />
		<Point X="198" Y="177" T="0" />
		<Point X="200" Y="174" T="0" />
		<Point X="201" Y="173" T="0" />
		<Point X="202" Y="173" T="0" />
		<Point X="203" Y="173" T="0" />
		<Point X="205" Y="173" T="0" />
		<Point X="209" Y="173" T="0" />
		<Point X="215" Y="177" T="0" />
		<Point X="221" Y="186" T="0" />
		<Point X="228" Y="198" T="0" />
		<Point X="234" Y="213" T="0" />
		<Point X="238" Y="224" T="0" />
		<Point X="241" Y="231" T="0" />
		<Point X="242" Y="234" T="0" />
		<Point X="242" Y="235" T="0" />
		<Point X="240" Y="235" T="0" />
		<Point X="229" Y="233" T="0" />
		<Point X="212" Y="231" T="0" />
		<Point X="187" Y="227" T="0" />
		<Point X="158" Y="222" T="0" />
		<Point X="135" Y="221" T="0" />
		<Point X="121" Y="220" T="0" />
		<Point X="116" Y="220" T="0" />
	</Stroke>
	<Stroke>
		<Point X="130" Y="195" T="0" />
		<Point X="131" Y="195" T="0" />
		<Point X="135" Y="194" T="0" />
		<Point X="141" Y="194" T="0" />
		<Point X="158" Y="194" T="0" />
		<Point X="182" Y="194" T="0" />
		<Point X="204" Y="197" T="0" />
		<Point X="225" Y="200" T="0" />
		<Point X="239" Y="202" T="0" />
		<Point X="244" Y="204" T="0" />
		<Point X="247" Y="205" T="0" />
		<Point X="247" Y="206" T="0" />
		<Point X="243" Y="211" T="0" />
		<Point X="238" Y="214" T="0" />
		<Point X="227" Y="223" T="0" />
		<Point X="212" Y="236" T="0" />
		<Point X="197" Y="248" T="0" />
		<Point X="189" Y="255" T="0" />
		<Point X="184" Y="260" T="0" />
		<Point X="182" Y="262" T="0" />
		<Point X="182" Y="261" T="0" />
		<Point X="182" Y="256" T="0" />
		<Point X="183" Y="250" T="0" />
		<Point X="183" Y="243" T="0" />
		<Point X="183" Y="236" T="0" />
		<Point X="182" Y="226" T="0" />
		<Point X="178" Y="217" T="0" />
		<Point X="176" Y="211" T="0" />
		<Point X="174" Y="208" T="0" />
		<Point X="173" Y="207" T="0" />
		<Point X="172" Y="207" T="0" />
		<Point X="172" Y="206" T="0" />
		<Point X="172" Y="205" T="0" />
		<Point X="171" Y="204" T="0" />
		<Point X="171" Y="203" T="0" />
		<Point X="171" Y="201" T="0" />
		<Point X="171" Y="199" T="0" />
		<Point X="171" Y="196" T="0" />
		<Point X="171" Y="195" T="0" />
		<Point X="171" Y="194" T="0" />
	</Stroke>
</Gesture> 
