<?xml version="1.0" encoding="utf-8" standalone="yes"?>
<Gesture Name="six_point_star06">
	<Stroke>
		<Point X="160" Y="249" T="0" />
		<Point X="160" Y="247" T="0" />
		<Point X="160" Y="242" T="0" />
		<Point X="163" Y="234" T="0" />
		<Point X="169" Y="221" T="0" />
		<Point X="179" Y="205" T="0" />
		<Point X="189" Y="187" T="0" />
		<Point X="200" Y="173" T="0" />
		<Point X="208" Y="162" T="0" />
		<Point X="214" Y="153" T="0" />
		<Point X="217" Y="149" T="0" />
		<Point X="219" Y="146" T="0" />
		<Point X="219" Y="146" T="0" />
		<Point X="220" Y="146" T="0" />
		<Point X="222" Y="146" T="0" />
		<Point X="227" Y="151" T="0" />
		<Point X="235" Y="165" T="0" />
		<Point X="244" Y="182" T="0" />
		<Point X="253" Y="200" T="0" />
		<Point X="260" Y="217" T="0" />
		<Point X="265" Y="228" T="0" />
		<Point X="267" Y="236" T="0" />
		<Point X="269" Y="240" T="0" />
		<Point X="269" Y="242" T="0" />
		<Point X="270" Y="244" T="0" />
		<Point X="270" Y="247" T="0" />
		<Point X="270" Y="248" T="0" />
		<Point X="270" Y="249" T="0" />
		<Point X="270" Y="250" T="0" />
		<Point X="269" Y="250" T="0" />
		<Point X="266" Y="250" T="0" />
		<Point X="258" Y="250" T="0" />
		<Point X="238" Y="246" T="0" />
		<Point X="214" Y="244" T="0" />
		<Point X="190" Y="244" T="0" />
		<Point X="173" Y="244" T="0" />
		<Point X="164" Y="244" T="0" />
		<Point X="163" Y="244" T="0" />
	</Stroke>
	<Stroke>
		<Point X="167" Y="198" T="0" />
		<Point X="168" Y="198" T="0" />
		<Point X="168" Y="197" T="0" />
		<Point X="170" Y="197" T="0" />
		<Point X="171" Y="197" T="0" />
		<Point X="176" Y="195" T="0" />
		<Point X="189" Y="194" T="0" />
		<Point X="201" Y="194" T="0" />
		<Point X="216" Y="194" T="0" />
		<Point X="233" Y="194" T="0" />
		<Point X="248" Y="193" T="0" />
		<Point X="259" Y="193" T="0" />
		<Point X="269" Y="193" T="0" />
		<Point X="276" Y="193" T="0" />
		<Point X="281" Y="193" T="0" />
		<Point X="284" Y="193" T="0" />
		<Point X="286" Y="193" T="0" />
		<Point X="286" Y="194" T="0" />
		<Point X="283" Y="197" T="0" />
		<Point X="277" Y="203" T="0" />
		<Point X="268" Y="213" T="0" />
		<Point X="258" Y="223" T="0" />
		<Point X="249" Y="235" T="0" />
		<Point X="240" Y="248" T="0" />
		<Point X="235" Y="258" T="0" />
		<Point X="233" Y="262" T="0" />
		<Point X="232" Y="264" T="0" />
		<Point X="232" Y="265" T="0" />
		<Point X="231" Y="267" T="0" />
		<Point X="229" Y="270" T="0" />
		<Point X="228" Y="272" T="0" />
		<Point X="227" Y="274" T="0" />
		<Point X="227" Y="275" T="0" />
		<Point X="225" Y="277" T="0" />
		<Point X="225" Y="278" T="0" />
		<Point X="224" Y="278" T="0" />
		<Point X="223" Y="278" T="0" />
		<Point X="222" Y="278" T="0" />
		<Point X="222" Y="277" T="0" />
		<Point X="220" Y="274" T="0" />
		<Point X="215" Y="264" T="0" />
		<Point X="210" Y="255" T="0" />
		<Point X="204" Y="245" T="0" />
		<Point X="199" Y="234" T="0" />
		<Point X="195" Y="223" T="0" />
		<Point X="193" Y="214" T="0" />
		<Point X="192" Y="208" T="0" />
		<Point X="191" Y="204" T="0" />
		<Point X="191" Y="202" T="0" />
		<Point X="190" Y="201" T="0" />
		<Point X="189" Y="201" T="0" />
		<Point X="188" Y="201" T="0" />
		<Point X="187" Y="201" T="0" />
		<Point X="187" Y="200" T="0" />
		<Point X="186" Y="200" T="0" />
		<Point X="185" Y="200" T="0" />
		<Point X="184" Y="200" T="0" />
		<Point X="183" Y="200" T="0" />
		<Point X="183" Y="199" T="0" />
	</Stroke>
</Gesture> 
