<?xml version="1.0" encoding="utf-8" standalone="yes"?>
<Gesture Name="six_point_star03">
	<Stroke>
		<Point X="158" Y="258" T="0" />
		<Point X="158" Y="258" T="0" />
		<Point X="160" Y="256" T="0" />
		<Point X="165" Y="249" T="0" />
		<Point X="174" Y="240" T="0" />
		<Point X="185" Y="227" T="0" />
		<Point X="193" Y="214" T="0" />
		<Point X="202" Y="199" T="0" />
		<Point X="209" Y="186" T="0" />
		<Point X="214" Y="174" T="0" />
		<Point X="217" Y="167" T="0" />
		<Point X="219" Y="165" T="0" />
		<Point X="220" Y="164" T="0" />
		<Point X="221" Y="164" T="0" />
		<Point X="225" Y="170" T="0" />
		<Point X="232" Y="181" T="0" />
		<Point X="244" Y="198" T="0" />
		<Point X="263" Y="223" T="0" />
		<Point X="281" Y="244" T="0" />
		<Point X="294" Y="258" T="0" />
		<Point X="302" Y="267" T="0" />
		<Point X="304" Y="269" T="0" />
		<Point X="303" Y="270" T="0" />
		<Point X="301" Y="270" T="0" />
		<Point X="298" Y="270" T="0" />
		<Point X="292" Y="269" T="0" />
		<Point X="282" Y="267" T="0" />
		<Point X="269" Y="265" T="0" />
		<Point X="247" Y="262" T="0" />
		<Point X="224" Y="260" T="0" />
		<Point X="200" Y="258" T="0" />
		<Point X="179" Y="257" T="0" />
		<Point X="165" Y="257" T="0" />
	</Stroke>
	<Stroke>
		<Point X="175" Y="203" T="0" />
		<Point X="176" Y="202" T="0" />
		<Point X="180" Y="200" T="0" />
		<Point X="191" Y="199" T="0" />
		<Point X="207" Y="199" T="0" />
		<Point X="232" Y="199" T="0" />
		<Point X="261" Y="200" T="0" />
		<Point X="281" Y="201" T="0" />
		<Point X="296" Y="201" T="0" />
		<Point X="303" Y="200" T="0" />
		<Point X="308" Y="200" T="0" />
		<Point X="309" Y="200" T="0" />
		<Point X="309" Y="201" T="0" />
		<Point X="306" Y="205" T="0" />
		<Point X="295" Y="216" T="0" />
		<Point X="277" Y="231" T="0" />
		<Point X="254" Y="255" T="0" />
		<Point X="231" Y="282" T="0" />
		<Point X="212" Y="301" T="0" />
		<Point X="204" Y="310" T="0" />
		<Point X="202" Y="314" T="0" />
		<Point X="202" Y="313" T="0" />
		<Point X="202" Y="308" T="0" />
		<Point X="202" Y="298" T="0" />
		<Point X="202" Y="284" T="0" />
		<Point X="199" Y="267" T="0" />
		<Point X="195" Y="249" T="0" />
		<Point X="190" Y="230" T="0" />
		<Point X="185" Y="214" T="0" />
		<Point X="180" Y="202" T="0" />
		<Point X="177" Y="192" T="0" />
		<Point X="174" Y="185" T="0" />
		<Point X="172" Y="180" T="0" />
		<Point X="170" Y="176" T="0" />
		<Point X="169" Y="174" T="0" />
		<Point X="169" Y="172" T="0" />
		<Point X="169" Y="171" T="0" />
		<Point X="168" Y="170" T="0" />
		<Point X="168" Y="171" T="0" />
		<Point X="168" Y="172" T="0" />
		<Point X="168" Y="175" T="0" />
		<Point X="168" Y="176" T="0" />
	</Stroke>
</Gesture> 
