<?xml version="1.0" encoding="utf-8" standalone="yes"?>
<Gesture Name="six_point_star02">
	<Stroke>
		<Point X="181" Y="290" T="0" />
		<Point X="181" Y="290" T="0" />
		<Point X="188" Y="285" T="0" />
		<Point X="204" Y="275" T="0" />
		<Point X="235" Y="257" T="0" />
		<Point X="274" Y="235" T="0" />
		<Point X="303" Y="218" T="0" />
		<Point X="319" Y="206" T="0" />
		<Point X="326" Y="200" T="0" />
		<Point X="329" Y="197" T="0" />
		<Point X="329" Y="197" T="0" />
		<Point X="330" Y="204" T="0" />
		<Point X="331" Y="217" T="0" />
		<Point X="334" Y="241" T="0" />
		<Point X="337" Y="267" T="0" />
		<Point X="340" Y="291" T="0" />
		<Point X="343" Y="309" T="0" />
		<Point X="345" Y="319" T="0" />
		<Point X="345" Y="322" T="0" />
		<Point X="345" Y="323" T="0" />
		<Point X="344" Y="323" T="0" />
		<Point X="342" Y="323" T="0" />
		<Point X="336" Y="321" T="0" />
		<Point X="320" Y="316" T="0" />
		<Point X="294" Y="309" T="0" />
		<Point X="262" Y="305" T="0" />
		<Point X="227" Y="304" T="0" />
		<Point X="192" Y="304" T="0" />
		<Point X="171" Y="306" T="0" />
		<Point X="157" Y="307" T="0" />
	</Stroke>
	<Stroke>
		<Point X="210" Y="228" T="0" />
		<Point X="211" Y="228" T="0" />
		<Point X="216" Y="229" T="0" />
		<Point X="243" Y="232" T="0" />
		<Point X="291" Y="236" T="0" />
		<Point X="343" Y="238" T="0" />
		<Point X="389" Y="240" T="0" />
		<Point X="416" Y="240" T="0" />
		<Point X="426" Y="240" T="0" />
		<Point X="429" Y="240" T="0" />
		<Point X="429" Y="241" T="0" />
		<Point X="428" Y="243" T="0" />
		<Point X="424" Y="249" T="0" />
		<Point X="414" Y="259" T="0" />
		<Point X="399" Y="273" T="0" />
		<Point X="375" Y="293" T="0" />
		<Point X="346" Y="316" T="0" />
		<Point X="315" Y="334" T="0" />
		<Point X="296" Y="341" T="0" />
		<Point X="278" Y="345" T="0" />
		<Point X="261" Y="349" T="0" />
		<Point X="248" Y="354" T="0" />
		<Point X="237" Y="360" T="0" />
		<Point X="228" Y="366" T="0" />
		<Point X="222" Y="372" T="0" />
		<Point X="219" Y="375" T="0" />
		<Point X="217" Y="377" T="0" />
		<Point X="216" Y="378" T="0" />
		<Point X="216" Y="375" T="0" />
		<Point X="218" Y="366" T="0" />
		<Point X="223" Y="345" T="0" />
		<Point X="229" Y="317" T="0" />
		<Point X="233" Y="284" T="0" />
		<Point X="234" Y="257" T="0" />
		<Point X="233" Y="238" T="0" />
		<Point X="231" Y="228" T="0" />
		<Point X="229" Y="224" T="0" />
		<Point X="229" Y="222" T="0" />
		<Point X="228" Y="222" T="0" />
	</Stroke>
</Gesture> 
