<?xml version="1.0" encoding="utf-8" standalone="yes"?>
<Gesture Name="six_point_star09">
	<Stroke>
		<Point X="172" Y="258" T="0" />
		<Point X="172" Y="259" T="0" />
		<Point X="172" Y="261" T="0" />
		<Point X="173" Y="262" T="0" />
		<Point X="177" Y="265" T="0" />
		<Point X="184" Y="268" T="0" />
		<Point X="194" Y="270" T="0" />
		<Point X="211" Y="271" T="0" />
		<Point X="232" Y="272" T="0" />
		<Point X="253" Y="272" T="0" />
		<Point X="271" Y="272" T="0" />
		<Point X="284" Y="272" T="0" />
		<Point X="289" Y="272" T="0" />
		<Point X="290" Y="272" T="0" />
		<Point X="290" Y="272" T="0" />
		<Point X="290" Y="272" T="0" />
		<Point X="283" Y="262" T="0" />
		<Point X="280" Y="258" T="0" />
		<Point X="269" Y="249" T="0" />
		<Point X="258" Y="237" T="0" />
		<Point X="246" Y="227" T="0" />
		<Point X="239" Y="219" T="0" />
		<Point X="234" Y="212" T="0" />
		<Point X="230" Y="203" T="0" />
		<Point X="228" Y="198" T="0" />
		<Point X="225" Y="193" T="0" />
		<Point X="225" Y="191" T="0" />
		<Point X="224" Y="190" T="0" />
		<Point X="223" Y="190" T="0" />
		<Point X="217" Y="200" T="0" />
		<Point X="214" Y="204" T="0" />
		<Point X="206" Y="213" T="0" />
		<Point X="197" Y="226" T="0" />
		<Point X="187" Y="239" T="0" />
		<Point X="177" Y="251" T="0" />
		<Point X="169" Y="261" T="0" />
		<Point X="164" Y="266" T="0" />
		<Point X="163" Y="268" T="0" />
		<Point X="162" Y="268" T="0" />
		<Point X="162" Y="269" T="0" />
	</Stroke>
	<Stroke>
		<Point X="157" Y="217" T="0" />
		<Point X="157" Y="218" T="0" />
		<Point X="161" Y="221" T="0" />
		<Point X="167" Y="223" T="0" />
		<Point X="176" Y="225" T="0" />
		<Point X="193" Y="227" T="0" />
		<Point X="216" Y="228" T="0" />
		<Point X="244" Y="229" T="0" />
		<Point X="269" Y="229" T="0" />
		<Point X="290" Y="230" T="0" />
		<Point X="300" Y="231" T="0" />
		<Point X="304" Y="231" T="0" />
		<Point X="305" Y="231" T="0" />
		<Point X="305" Y="232" T="0" />
		<Point X="305" Y="234" T="0" />
		<Point X="302" Y="240" T="0" />
		<Point X="295" Y="249" T="0" />
		<Point X="287" Y="259" T="0" />
		<Point X="276" Y="275" T="0" />
		<Point X="263" Y="290" T="0" />
		<Point X="254" Y="300" T="0" />
		<Point X="249" Y="306" T="0" />
		<Point X="246" Y="308" T="0" />
		<Point X="245" Y="309" T="0" />
		<Point X="244" Y="310" T="0" />
		<Point X="242" Y="312" T="0" />
		<Point X="240" Y="313" T="0" />
		<Point X="239" Y="314" T="0" />
		<Point X="238" Y="315" T="0" />
		<Point X="237" Y="315" T="0" />
		<Point X="237" Y="316" T="0" />
		<Point X="236" Y="315" T="0" />
		<Point X="233" Y="305" T="0" />
		<Point X="227" Y="294" T="0" />
		<Point X="218" Y="279" T="0" />
		<Point X="210" Y="264" T="0" />
		<Point X="201" Y="250" T="0" />
		<Point X="194" Y="242" T="0" />
		<Point X="189" Y="236" T="0" />
		<Point X="187" Y="235" T="0" />
		<Point X="185" Y="234" T="0" />
		<Point X="184" Y="233" T="0" />
		<Point X="183" Y="232" T="0" />
		<Point X="182" Y="232" T="0" />
		<Point X="181" Y="232" T="0" />
		<Point X="180" Y="232" T="0" />
	</Stroke>
</Gesture> 
