<?xml version="1.0" encoding="utf-8" standalone="yes"?>
<Gesture Name="T02">
	<Stroke>
		<Point X="119" Y="150" T="0" />
		<Point X="120" Y="150" T="0" />
		<Point X="124" Y="150" T="0" />
		<Point X="136" Y="150" T="0" />
		<Point X="162" Y="150" T="0" />
		<Point X="191" Y="150" T="0" />
		<Point X="222" Y="151" T="0" />
		<Point X="248" Y="151" T="0" />
		<Point X="263" Y="152" T="0" />
		<Point X="271" Y="153" T="0" />
	</Stroke>
	<Stroke>
		<Point X="210" Y="161" T="0" />
		<Point X="209" Y="161" T="0" />
		<Point X="208" Y="165" T="0" />
		<Point X="204" Y="175" T="0" />
		<Point X="201" Y="189" T="0" />
		<Point X="199" Y="204" T="0" />
		<Point X="196" Y="220" T="0" />
		<Point X="193" Y="235" T="0" />
		<Point X="190" Y="247" T="0" />
		<Point X="187" Y="259" T="0" />
		<Point X="185" Y="270" T="0" />
		<Point X="182" Y="282" T="0" />
		<Point X="180" Y="289" T="0" />
		<Point X="178" Y="296" T="0" />
		<Point X="177" Y="301" T="0" />
		<Point X="176" Y="306" T="0" />
		<Point X="176" Y="309" T="0" />
		<Point X="176" Y="312" T="0" />
		<Point X="176" Y="313" T="0" />
		<Point X="176" Y="314" T="0" />
		<Point X="176" Y="316" T="0" />
		<Point X="175" Y="318" T="0" />
		<Point X="174" Y="321" T="0" />
		<Point X="174" Y="325" T="0" />
		<Point X="173" Y="329" T="0" />
		<Point X="173" Y="333" T="0" />
		<Point X="172" Y="335" T="0" />
	</Stroke>
</Gesture> 
