<?xml version="1.0" encoding="utf-8" standalone="yes"?>
<Gesture Name="T03">
	<Stroke>
		<Point X="93" Y="164" T="0" />
		<Point X="93" Y="164" T="0" />
		<Point X="95" Y="164" T="0" />
		<Point X="108" Y="164" T="0" />
		<Point X="135" Y="163" T="0" />
		<Point X="165" Y="163" T="0" />
		<Point X="192" Y="164" T="0" />
		<Point X="215" Y="166" T="0" />
		<Point X="244" Y="171" T="0" />
		<Point X="271" Y="176" T="0" />
		<Point X="290" Y="179" T="0" />
		<Point X="300" Y="179" T="0" />
	</Stroke>
	<Stroke>
		<Point X="201" Y="182" T="0" />
		<Point X="201" Y="183" T="0" />
		<Point X="201" Y="186" T="0" />
		<Point X="199" Y="195" T="0" />
		<Point X="196" Y="207" T="0" />
		<Point X="194" Y="221" T="0" />
		<Point X="192" Y="239" T="0" />
		<Point X="190" Y="256" T="0" />
		<Point X="187" Y="275" T="0" />
		<Point X="185" Y="291" T="0" />
		<Point X="182" Y="304" T="0" />
		<Point X="179" Y="310" T="0" />
		<Point X="178" Y="315" T="0" />
		<Point X="177" Y="318" T="0" />
		<Point X="177" Y="321" T="0" />
		<Point X="177" Y="323" T="0" />
		<Point X="176" Y="325" T="0" />
		<Point X="175" Y="328" T="0" />
		<Point X="175" Y="331" T="0" />
		<Point X="175" Y="335" T="0" />
		<Point X="174" Y="339" T="0" />
		<Point X="174" Y="342" T="0" />
		<Point X="174" Y="344" T="0" />
		<Point X="173" Y="346" T="0" />
		<Point X="173" Y="347" T="0" />
		<Point X="173" Y="348" T="0" />
		<Point X="173" Y="350" T="0" />
	</Stroke>
</Gesture> 
