<?xml version="1.0" encoding="utf-8" standalone="yes"?>
<Gesture Name="T04">
	<Stroke>
		<Point X="167" Y="172" T="0" />
		<Point X="167" Y="172" T="0" />
		<Point X="173" Y="172" T="0" />
		<Point X="200" Y="174" T="0" />
		<Point X="242" Y="175" T="0" />
		<Point X="296" Y="177" T="0" />
		<Point X="360" Y="179" T="0" />
		<Point X="402" Y="180" T="0" />
		<Point X="428" Y="180" T="0" />
	</Stroke>
	<Stroke>
		<Point X="289" Y="187" T="0" />
		<Point X="290" Y="187" T="0" />
		<Point X="290" Y="191" T="0" />
		<Point X="291" Y="204" T="0" />
		<Point X="293" Y="224" T="0" />
		<Point X="295" Y="248" T="0" />
		<Point X="297" Y="270" T="0" />
		<Point X="297" Y="295" T="0" />
		<Point X="296" Y="315" T="0" />
		<Point X="293" Y="332" T="0" />
		<Point X="291" Y="343" T="0" />
		<Point X="290" Y="350" T="0" />
		<Point X="289" Y="353" T="0" />
		<Point X="289" Y="354" T="0" />
	</Stroke>
</Gesture> 
