<?xml version="1.0" encoding="utf-8" standalone="yes"?>
<Gesture Name="T05">
	<Stroke>
		<Point X="205" Y="187" T="0" />
		<Point X="205" Y="187" T="0" />
		<Point X="205" Y="186" T="0" />
		<Point X="206" Y="186" T="0" />
		<Point X="216" Y="186" T="0" />
		<Point X="256" Y="188" T="0" />
		<Point X="319" Y="190" T="0" />
		<Point X="386" Y="194" T="0" />
		<Point X="437" Y="199" T="0" />
		<Point X="458" Y="201" T="0" />
	</Stroke>
	<Stroke>
		<Point X="333" Y="210" T="0" />
		<Point X="333" Y="211" T="0" />
		<Point X="333" Y="218" T="0" />
		<Point X="333" Y="237" T="0" />
		<Point X="333" Y="274" T="0" />
		<Point X="333" Y="313" T="0" />
		<Point X="337" Y="366" T="0" />
		<Point X="341" Y="410" T="0" />
		<Point X="347" Y="445" T="0" />
		<Point X="350" Y="459" T="0" />
		<Point X="351" Y="462" T="0" />
	</Stroke>
</Gesture> 
