<?xml version="1.0" encoding="utf-8" standalone="yes"?>
<Gesture Name="T06">
	<Stroke>
		<Point X="102" Y="185" T="0" />
		<Point X="102" Y="185" T="0" />
		<Point X="102" Y="185" T="0" />
		<Point X="106" Y="183" T="0" />
		<Point X="126" Y="180" T="0" />
		<Point X="161" Y="179" T="0" />
		<Point X="211" Y="179" T="0" />
		<Point X="252" Y="179" T="0" />
		<Point X="285" Y="178" T="0" />
		<Point X="293" Y="178" T="0" />
	</Stroke>
	<Stroke>
		<Point X="212" Y="190" T="0" />
		<Point X="212" Y="192" T="0" />
		<Point X="212" Y="201" T="0" />
		<Point X="213" Y="217" T="0" />
		<Point X="217" Y="244" T="0" />
		<Point X="220" Y="272" T="0" />
		<Point X="222" Y="303" T="0" />
		<Point X="222" Y="335" T="0" />
		<Point X="222" Y="359" T="0" />
		<Point X="222" Y="391" T="0" />
		<Point X="220" Y="424" T="0" />
		<Point X="218" Y="452" T="0" />
		<Point X="218" Y="469" T="0" />
	</Stroke>
</Gesture> 
