<?xml version="1.0" encoding="utf-8" standalone="yes"?>
<Gesture Name="T07">
	<Stroke>
		<Point X="129" Y="152" T="0" />
		<Point X="129" Y="152" T="0" />
		<Point X="129" Y="151" T="0" />
		<Point X="139" Y="150" T="0" />
		<Point X="172" Y="148" T="0" />
		<Point X="211" Y="146" T="0" />
		<Point X="264" Y="146" T="0" />
		<Point X="306" Y="146" T="0" />
		<Point X="344" Y="148" T="0" />
		<Point X="360" Y="148" T="0" />
		<Point X="367" Y="148" T="0" />
		<Point X="367" Y="148" T="0" />
		<Point X="367" Y="148" T="0" />
	</Stroke>
	<Stroke>
		<Point X="236" Y="145" T="0" />
		<Point X="236" Y="147" T="0" />
		<Point X="236" Y="159" T="0" />
		<Point X="238" Y="180" T="0" />
		<Point X="241" Y="212" T="0" />
		<Point X="245" Y="244" T="0" />
		<Point X="245" Y="278" T="0" />
		<Point X="244" Y="315" T="0" />
		<Point X="240" Y="347" T="0" />
		<Point X="239" Y="375" T="0" />
		<Point X="239" Y="396" T="0" />
		<Point X="239" Y="407" T="0" />
		<Point X="239" Y="413" T="0" />
		<Point X="239" Y="416" T="0" />
	</Stroke>
</Gesture> 
