<?xml version="1.0" encoding="utf-8" standalone="yes"?>
<Gesture Name="T08">
	<Stroke>
		<Point X="97" Y="150" T="0" />
		<Point X="97" Y="150" T="0" />
		<Point X="105" Y="150" T="0" />
		<Point X="130" Y="149" T="0" />
		<Point X="171" Y="148" T="0" />
		<Point X="219" Y="148" T="0" />
		<Point X="254" Y="147" T="0" />
		<Point X="273" Y="147" T="0" />
	</Stroke>
	<Stroke>
		<Point X="195" Y="156" T="0" />
		<Point X="195" Y="157" T="0" />
		<Point X="195" Y="158" T="0" />
		<Point X="195" Y="164" T="0" />
		<Point X="195" Y="176" T="0" />
		<Point X="195" Y="197" T="0" />
		<Point X="195" Y="227" T="0" />
		<Point X="198" Y="259" T="0" />
		<Point X="201" Y="287" T="0" />
		<Point X="202" Y="308" T="0" />
		<Point X="203" Y="322" T="0" />
		<Point X="203" Y="333" T="0" />
		<Point X="203" Y="338" T="0" />
	</Stroke>
</Gesture> 
