<?xml version="1.0" encoding="utf-8" standalone="yes"?>
<Gesture Name="T09">
	<Stroke>
		<Point X="110" Y="173" T="0" />
		<Point X="110" Y="172" T="0" />
		<Point X="111" Y="172" T="0" />
		<Point X="114" Y="172" T="0" />
		<Point X="124" Y="171" T="0" />
		<Point X="160" Y="171" T="0" />
		<Point X="189" Y="171" T="0" />
		<Point X="231" Y="173" T="0" />
		<Point X="259" Y="175" T="0" />
		<Point X="275" Y="176" T="0" />
		<Point X="283" Y="178" T="0" />
		<Point X="292" Y="180" T="0" />
		<Point X="297" Y="182" T="0" />
		<Point X="300" Y="183" T="0" />
	</Stroke>
	<Stroke>
		<Point X="201" Y="180" T="0" />
		<Point X="201" Y="181" T="0" />
		<Point X="195" Y="218" T="0" />
		<Point X="195" Y="222" T="0" />
		<Point X="189" Y="255" T="0" />
		<Point X="184" Y="289" T="0" />
		<Point X="181" Y="321" T="0" />
		<Point X="181" Y="336" T="0" />
		<Point X="181" Y="344" T="0" />
		<Point X="181" Y="346" T="0" />
		<Point X="181" Y="347" T="0" />
		<Point X="181" Y="349" T="0" />
	</Stroke>
</Gesture> 
