<?xml version="1.0" encoding="utf-8" standalone="yes"?>
<Gesture Name="T10">
	<Stroke>
		<Point X="135" Y="178" T="0" />
		<Point X="135" Y="178" T="0" />
		<Point X="141" Y="178" T="0" />
		<Point X="160" Y="176" T="0" />
		<Point X="188" Y="173" T="0" />
		<Point X="224" Y="169" T="0" />
		<Point X="254" Y="166" T="0" />
		<Point X="277" Y="163" T="0" />
		<Point X="285" Y="162" T="0" />
		<Point X="286" Y="162" T="0" />
		<Point X="286" Y="162" T="0" />
	</Stroke>
	<Stroke>
		<Point X="208" Y="180" T="0" />
		<Point X="208" Y="181" T="0" />
		<Point X="207" Y="185" T="0" />
		<Point X="207" Y="202" T="0" />
		<Point X="207" Y="226" T="0" />
		<Point X="207" Y="259" T="0" />
		<Point X="207" Y="305" T="0" />
		<Point X="206" Y="354" T="0" />
		<Point X="204" Y="396" T="0" />
		<Point X="204" Y="428" T="0" />
		<Point X="204" Y="442" T="0" />
		<Point X="204" Y="445" T="0" />
		<Point X="204" Y="446" T="0" />
		<Point X="205" Y="446" T="0" />
	</Stroke>
</Gesture> 
