<?xml version="1.0" encoding="utf-8" standalone="yes"?>
<Gesture Name="X01">
	<Stroke>
		<Point X="289" Y="181" T="0" />
		<Point X="289" Y="182" T="0" />
		<Point X="286" Y="189" T="0" />
		<Point X="277" Y="200" T="0" />
		<Point X="262" Y="219" T="0" />
		<Point X="246" Y="241" T="0" />
		<Point X="230" Y="263" T="0" />
		<Point X="210" Y="291" T="0" />
		<Point X="190" Y="317" T="0" />
		<Point X="177" Y="334" T="0" />
		<Point X="170" Y="342" T="0" />
		<Point X="167" Y="346" T="0" />
		<Point X="164" Y="349" T="0" />
		<Point X="161" Y="351" T="0" />
		<Point X="158" Y="356" T="0" />
		<Point X="154" Y="360" T="0" />
	</Stroke>
	<Stroke>
		<Point X="142" Y="165" T="0" />
		<Point X="142" Y="168" T="0" />
		<Point X="144" Y="177" T="0" />
		<Point X="148" Y="189" T="0" />
		<Point X="156" Y="209" T="0" />
		<Point X="169" Y="235" T="0" />
		<Point X="185" Y="264" T="0" />
		<Point X="202" Y="289" T="0" />
		<Point X="218" Y="309" T="0" />
		<Point X="231" Y="326" T="0" />
		<Point X="243" Y="341" T="0" />
		<Point X="251" Y="353" T="0" />
		<Point X="256" Y="362" T="0" />
		<Point X="260" Y="367" T="0" />
		<Point X="261" Y="370" T="0" />
		<Point X="262" Y="370" T="0" />
	</Stroke>
</Gesture> 
