<?xml version="1.0" encoding="utf-8" standalone="yes"?>
<Gesture Name="X02">
	<Stroke>
		<Point X="275" Y="123" T="0" />
		<Point X="274" Y="126" T="0" />
		<Point X="269" Y="133" T="0" />
		<Point X="250" Y="150" T="0" />
		<Point X="220" Y="175" T="0" />
		<Point X="195" Y="201" T="0" />
		<Point X="172" Y="230" T="0" />
		<Point X="147" Y="264" T="0" />
		<Point X="122" Y="296" T="0" />
		<Point X="97" Y="325" T="0" />
		<Point X="84" Y="340" T="0" />
		<Point X="80" Y="346" T="0" />
		<Point X="79" Y="349" T="0" />
		<Point X="79" Y="350" T="0" />
		<Point X="79" Y="350" T="0" />
	</Stroke>
	<Stroke>
		<Point X="36" Y="109" T="0" />
		<Point X="36" Y="111" T="0" />
		<Point X="39" Y="113" T="0" />
		<Point X="46" Y="122" T="0" />
		<Point X="69" Y="147" T="0" />
		<Point X="118" Y="195" T="0" />
		<Point X="166" Y="251" T="0" />
		<Point X="211" Y="312" T="0" />
		<Point X="250" Y="371" T="0" />
		<Point X="278" Y="412" T="0" />
		<Point X="294" Y="434" T="0" />
		<Point X="300" Y="443" T="0" />
	</Stroke>
</Gesture> 
