<?xml version="1.0" encoding="utf-8" standalone="yes"?>
<Gesture Name="X03">
	<Stroke>
		<Point X="286" Y="174" T="0" />
		<Point X="286" Y="175" T="0" />
		<Point X="284" Y="178" T="0" />
		<Point X="278" Y="183" T="0" />
		<Point X="260" Y="196" T="0" />
		<Point X="226" Y="217" T="0" />
		<Point X="196" Y="237" T="0" />
		<Point X="162" Y="263" T="0" />
		<Point X="133" Y="285" T="0" />
		<Point X="116" Y="299" T="0" />
	</Stroke>
	<Stroke>
		<Point X="103" Y="146" T="0" />
		<Point X="106" Y="146" T="0" />
		<Point X="119" Y="153" T="0" />
		<Point X="140" Y="170" T="0" />
		<Point X="165" Y="194" T="0" />
		<Point X="193" Y="221" T="0" />
		<Point X="225" Y="255" T="0" />
		<Point X="249" Y="283" T="0" />
		<Point X="266" Y="301" T="0" />
		<Point X="276" Y="313" T="0" />
		<Point X="279" Y="318" T="0" />
		<Point X="280" Y="321" T="0" />
		<Point X="281" Y="322" T="0" />
	</Stroke>
</Gesture> 
