<?xml version="1.0" encoding="utf-8" standalone="yes"?>
<Gesture Name="X04">
	<Stroke>
		<Point X="272" Y="174" T="0" />
		<Point X="272" Y="174" T="0" />
		<Point X="268" Y="177" T="0" />
		<Point X="251" Y="192" T="0" />
		<Point X="228" Y="213" T="0" />
		<Point X="199" Y="240" T="0" />
		<Point X="173" Y="269" T="0" />
		<Point X="160" Y="290" T="0" />
		<Point X="154" Y="305" T="0" />
		<Point X="149" Y="314" T="0" />
		<Point X="146" Y="318" T="0" />
		<Point X="146" Y="319" T="0" />
	</Stroke>
	<Stroke>
		<Point X="98" Y="132" T="0" />
		<Point X="108" Y="156" T="0" />
		<Point X="131" Y="192" T="0" />
		<Point X="164" Y="229" T="0" />
		<Point X="203" Y="266" T="0" />
		<Point X="230" Y="289" T="0" />
		<Point X="243" Y="302" T="0" />
		<Point X="250" Y="312" T="0" />
		<Point X="254" Y="319" T="0" />
	</Stroke>
</Gesture> 
