<?xml version="1.0" encoding="utf-8" standalone="yes"?>
<Gesture Name="X05">
	<Stroke>
		<Point X="265" Y="201" T="0" />
		<Point X="265" Y="201" T="0" />
		<Point X="264" Y="202" T="0" />
		<Point X="259" Y="206" T="0" />
		<Point X="240" Y="217" T="0" />
		<Point X="214" Y="234" T="0" />
		<Point X="188" Y="256" T="0" />
		<Point X="163" Y="280" T="0" />
		<Point X="144" Y="300" T="0" />
		<Point X="127" Y="316" T="0" />
		<Point X="118" Y="325" T="0" />
		<Point X="114" Y="329" T="0" />
		<Point X="112" Y="332" T="0" />
		<Point X="111" Y="332" T="0" />
	</Stroke>
	<Stroke>
		<Point X="118" Y="164" T="0" />
		<Point X="120" Y="164" T="0" />
		<Point X="129" Y="166" T="0" />
		<Point X="145" Y="179" T="0" />
		<Point X="168" Y="203" T="0" />
		<Point X="195" Y="235" T="0" />
		<Point X="219" Y="273" T="0" />
		<Point X="239" Y="307" T="0" />
		<Point X="249" Y="326" T="0" />
		<Point X="254" Y="334" T="0" />
		<Point X="256" Y="337" T="0" />
		<Point X="257" Y="339" T="0" />
	</Stroke>
</Gesture> 
