<?xml version="1.0" encoding="utf-8" standalone="yes"?>
<Gesture Name="X06">
	<Stroke>
		<Point X="297" Y="176" T="0" />
		<Point X="297" Y="176" T="0" />
		<Point X="297" Y="177" T="0" />
		<Point X="293" Y="185" T="0" />
		<Point X="278" Y="204" T="0" />
		<Point X="244" Y="229" T="0" />
		<Point X="199" Y="259" T="0" />
		<Point X="165" Y="284" T="0" />
		<Point X="123" Y="314" T="0" />
		<Point X="86" Y="339" T="0" />
		<Point X="57" Y="356" T="0" />
	</Stroke>
	<Stroke>
		<Point X="102" Y="145" T="0" />
		<Point X="103" Y="146" T="0" />
		<Point X="107" Y="155" T="0" />
		<Point X="121" Y="180" T="0" />
		<Point X="146" Y="218" T="0" />
		<Point X="180" Y="267" T="0" />
		<Point X="218" Y="321" T="0" />
		<Point X="252" Y="360" T="0" />
		<Point X="272" Y="377" T="0" />
		<Point X="281" Y="385" T="0" />
		<Point X="285" Y="388" T="0" />
	</Stroke>
</Gesture> 
