<?xml version="1.0" encoding="utf-8" standalone="yes"?>
<Gesture Name="X07">
	<Stroke>
		<Point X="268" Y="170" T="0" />
		<Point X="268" Y="170" T="0" />
		<Point X="268" Y="171" T="0" />
		<Point X="261" Y="179" T="0" />
		<Point X="240" Y="199" T="0" />
		<Point X="213" Y="224" T="0" />
		<Point X="179" Y="253" T="0" />
		<Point X="151" Y="275" T="0" />
		<Point X="126" Y="296" T="0" />
		<Point X="109" Y="309" T="0" />
		<Point X="102" Y="315" T="0" />
		<Point X="101" Y="316" T="0" />
		<Point X="101" Y="316" T="0" />
	</Stroke>
	<Stroke>
		<Point X="127" Y="147" T="0" />
		<Point X="128" Y="147" T="0" />
		<Point X="133" Y="155" T="0" />
		<Point X="146" Y="170" T="0" />
		<Point X="166" Y="193" T="0" />
		<Point X="189" Y="218" T="0" />
		<Point X="211" Y="245" T="0" />
		<Point X="231" Y="270" T="0" />
		<Point X="249" Y="292" T="0" />
		<Point X="262" Y="308" T="0" />
		<Point X="271" Y="321" T="0" />
		<Point X="279" Y="332" T="0" />
		<Point X="288" Y="342" T="0" />
		<Point X="296" Y="350" T="0" />
		<Point X="303" Y="357" T="0" />
	</Stroke>
</Gesture> 
