<?xml version="1.0" encoding="utf-8" standalone="yes"?>
<Gesture Name="X08">
	<Stroke>
		<Point X="371" Y="202" T="0" />
		<Point X="371" Y="202" T="0" />
		<Point X="369" Y="206" T="0" />
		<Point X="358" Y="221" T="0" />
		<Point X="331" Y="246" T="0" />
		<Point X="297" Y="273" T="0" />
		<Point X="253" Y="307" T="0" />
		<Point X="205" Y="344" T="0" />
		<Point X="170" Y="372" T="0" />
		<Point X="150" Y="389" T="0" />
	</Stroke>
	<Stroke>
		<Point X="185" Y="240" T="0" />
		<Point X="185" Y="239" T="0" />
		<Point X="186" Y="239" T="0" />
		<Point X="188" Y="239" T="0" />
		<Point X="201" Y="248" T="0" />
		<Point X="233" Y="273" T="0" />
		<Point X="279" Y="314" T="0" />
		<Point X="335" Y="364" T="0" />
		<Point X="385" Y="410" T="0" />
		<Point X="415" Y="441" T="0" />
		<Point X="431" Y="464" T="0" />
		<Point X="436" Y="474" T="0" />
	</Stroke>
</Gesture> 
