<?xml version="1.0" encoding="utf-8" standalone="yes"?>
<Gesture Name="X09">
	<Stroke>
		<Point X="279" Y="244" T="0" />
		<Point X="279" Y="244" T="0" />
		<Point X="279" Y="245" T="0" />
		<Point X="277" Y="247" T="0" />
		<Point X="260" Y="259" T="0" />
		<Point X="224" Y="282" T="0" />
		<Point X="164" Y="313" T="0" />
		<Point X="95" Y="340" T="0" />
		<Point X="145" Y="186" T="0" />
		<Point X="147" Y="189" T="0" />
		<Point X="152" Y="197" T="0" />
		<Point X="166" Y="224" T="0" />
		<Point X="189" Y="268" T="0" />
		<Point X="215" Y="316" T="0" />
		<Point X="242" Y="362" T="0" />
		<Point X="263" Y="391" T="0" />
		<Point X="276" Y="406" T="0" />
		<Point X="285" Y="414" T="0" />
		<Point X="289" Y="418" T="0" />
		<Point X="291" Y="421" T="0" />
	</Stroke>
</Gesture> 
