<?xml version="1.0" encoding="utf-8" standalone="yes"?>
<Gesture Name="X10">
	<Stroke>
		<Point X="293" Y="187" T="0" />
		<Point X="292" Y="188" T="0" />
		<Point X="281" Y="200" T="0" />
		<Point X="255" Y="223" T="0" />
		<Point X="218" Y="252" T="0" />
		<Point X="170" Y="288" T="0" />
		<Point X="134" Y="315" T="0" />
		<Point X="111" Y="332" T="0" />
		<Point X="104" Y="340" T="0" />
	</Stroke>
	<Stroke>
		<Point X="125" Y="160" T="0" />
		<Point X="126" Y="160" T="0" />
		<Point X="127" Y="163" T="0" />
		<Point X="138" Y="179" T="0" />
		<Point X="159" Y="207" T="0" />
		<Point X="180" Y="240" T="0" />
		<Point X="203" Y="278" T="0" />
		<Point X="220" Y="310" T="0" />
		<Point X="232" Y="335" T="0" />
		<Point X="243" Y="357" T="0" />
		<Point X="250" Y="371" T="0" />
		<Point X="257" Y="382" T="0" />
		<Point X="263" Y="390" T="0" />
	</Stroke>
</Gesture> 
