<?xml version="1.0" encoding="utf-8" standalone="yes"?>
<Gesture Name="arrow02" NumPts="70">
	<Point X="134" Y="239" T="0" />
	<Point X="137" Y="238" T="0" />
	<Point X="142" Y="238" T="0" />
	<Point X="178" Y="226" T="0" />
	<Point X="211" Y="219" T="0" />
	<Point X="242" Y="211" T="0" />
	<Point X="269" Y="204" T="0" />
	<Point X="283" Y="200" T="0" />
	<Point X="295" Y="198" T="0" />
	<Point X="310" Y="196" T="0" />
	<Point X="318" Y="196" T="0" />
	<Point X="325" Y="196" T="0" />
	<Point X="332" Y="196" T="0" />
	<Point X="336" Y="196" T="0" />
	<Point X="340" Y="196" T="0" />
	<Point X="342" Y="196" T="0" />
	<Point X="344" Y="196" T="0" />
	<Point X="345" Y="196" T="0" />
	<Point X="346" Y="196" T="0" />
	<Point X="346" Y="196" T="0" />
	<Point X="345" Y="195" T="0" />
	<Point X="341" Y="192" T="0" />
	<Point X="333" Y="190" T="0" />
	<Point X="309" Y="180" T="0" />
	<Point X="294" Y="173" T="0" />
	<Point X="283" Y="170" T="0" />
	<Point X="271" Y="166" T="0" />
	<Point X="265" Y="164" T="0" />
	<Point X="260" Y="162" T="0" />
	<Point X="252" Y="160" T="0" />
	<Point X="250" Y="160" T="0" />
	<Point X="246" Y="159" T="0" />
	<Point X="244" Y="158" T="0" />
	<Point X="243" Y="158" T="0" />
	<Point X="242" Y="158" T="0" />
	<Point X="244" Y="158" T="0" />
	<Point X="246" Y="158" T="0" />
	<Point X="252" Y="160" T="0" />
	<Point X="266" Y="164" T="0" />
	<Point X="278" Y="168" T="0" />
	<Point X="292" Y="172" T="0" />
	<Point X="312" Y="179" T="0" />
	<Point X="321" Y="182" T="0" />
	<Point X="327" Y="185" T="0" />
	<Point X="336" Y="189" T="0" />
	<Point X="342" Y="192" T="0" />
	<Point X="350" Y="194" T="0" />
	<Point X="354" Y="197" T="0" />
	<Point X="357" Y="198" T="0" />
	<Point X="361" Y="200" T="0" />
	<Point X="364" Y="201" T="0" />
	<Point X="367" Y="202" T="0" />
	<Point X="371" Y="203" T="0" />
	<Point X="372" Y="204" T="0" />
	<Point X="374" Y="204" T="0" />
	<Point X="374" Y="205" T="0" />
	<Point X="374" Y="206" T="0" />
	<Point X="374" Y="206" T="0" />
	<Point X="372" Y="212" T="0" />
	<Point X="364" Y="220" T="0" />
	<Point X="346" Y="240" T="0" />
	<Point X="332" Y="258" T="0" />
	<Point X="323" Y="270" T="0" />
	<Point X="316" Y="278" T="0" />
	<Point X="314" Y="282" T="0" />
	<Point X="312" Y="283" T="0" />
	<Point X="312" Y="284" T="0" />
	<Point X="311" Y="284" T="0" />
	<Point X="310" Y="284" T="0" />
	<Point X="310" Y="284" T="0" />
</Gesture>