<?xml version="1.0" encoding="utf-8" standalone="yes"?>
<Gesture Name="arrow07" NumPts="45">
	<Point X="93" Y="276" T="0" />
	<Point X="105" Y="275" T="0" />
	<Point X="132" Y="266" T="0" />
	<Point X="165" Y="255" T="0" />
	<Point X="275" Y="212" T="0" />
	<Point X="312" Y="194" T="0" />
	<Point X="336" Y="182" T="0" />
	<Point X="342" Y="179" T="0" />
	<Point X="344" Y="178" T="0" />
	<Point X="346" Y="176" T="0" />
	<Point X="347" Y="175" T="0" />
	<Point X="348" Y="175" T="0" />
	<Point X="348" Y="174" T="0" />
	<Point X="349" Y="173" T="0" />
	<Point X="349" Y="172" T="0" />
	<Point X="349" Y="172" T="0" />
	<Point X="348" Y="171" T="0" />
	<Point X="336" Y="168" T="0" />
	<Point X="305" Y="163" T="0" />
	<Point X="244" Y="157" T="0" />
	<Point X="194" Y="152" T="0" />
	<Point X="182" Y="148" T="0" />
	<Point X="174" Y="146" T="0" />
	<Point X="170" Y="145" T="0" />
	<Point X="169" Y="144" T="0" />
	<Point X="168" Y="144" T="0" />
	<Point X="170" Y="144" T="0" />
	<Point X="170" Y="145" T="0" />
	<Point X="178" Y="147" T="0" />
	<Point X="199" Y="150" T="0" />
	<Point X="253" Y="156" T="0" />
	<Point X="350" Y="163" T="0" />
	<Point X="381" Y="164" T="0" />
	<Point X="392" Y="164" T="0" />
	<Point X="397" Y="164" T="0" />
	<Point X="398" Y="164" T="0" />
	<Point X="398" Y="165" T="0" />
	<Point X="398" Y="166" T="0" />
	<Point X="396" Y="170" T="0" />
	<Point X="391" Y="180" T="0" />
	<Point X="362" Y="233" T="0" />
	<Point X="289" Y="358" T="0" />
	<Point X="268" Y="398" T="0" />
	<Point X="258" Y="414" T="0" />
	<Point X="255" Y="420" T="0" />
</Gesture>