<?xml version="1.0" encoding="utf-8" standalone="yes"?>
<Gesture Name="arrow06" NumPts="48">
	<Point X="91" Y="245" T="0" />
	<Point X="104" Y="242" T="0" />
	<Point X="128" Y="236" T="0" />
	<Point X="188" Y="225" T="0" />
	<Point X="256" Y="216" T="0" />
	<Point X="279" Y="212" T="0" />
	<Point X="291" Y="208" T="0" />
	<Point X="302" Y="204" T="0" />
	<Point X="307" Y="202" T="0" />
	<Point X="311" Y="200" T="0" />
	<Point X="317" Y="198" T="0" />
	<Point X="320" Y="198" T="0" />
	<Point X="324" Y="197" T="0" />
	<Point X="324" Y="197" T="0" />
	<Point X="326" Y="197" T="0" />
	<Point X="326" Y="196" T="0" />
	<Point X="324" Y="196" T="0" />
	<Point X="318" Y="192" T="0" />
	<Point X="284" Y="181" T="0" />
	<Point X="260" Y="172" T="0" />
	<Point X="238" Y="162" T="0" />
	<Point X="232" Y="160" T="0" />
	<Point X="228" Y="159" T="0" />
	<Point X="226" Y="158" T="0" />
	<Point X="225" Y="157" T="0" />
	<Point X="224" Y="157" T="0" />
	<Point X="225" Y="157" T="0" />
	<Point X="228" Y="158" T="0" />
	<Point X="236" Y="161" T="0" />
	<Point X="271" Y="178" T="0" />
	<Point X="304" Y="195" T="0" />
	<Point X="334" Y="209" T="0" />
	<Point X="344" Y="214" T="0" />
	<Point X="350" Y="217" T="0" />
	<Point X="356" Y="220" T="0" />
	<Point X="358" Y="220" T="0" />
	<Point X="360" Y="220" T="0" />
	<Point X="361" Y="221" T="0" />
	<Point X="362" Y="221" T="0" />
	<Point X="362" Y="222" T="0" />
	<Point X="360" Y="224" T="0" />
	<Point X="356" Y="230" T="0" />
	<Point X="348" Y="245" T="0" />
	<Point X="329" Y="274" T="0" />
	<Point X="321" Y="286" T="0" />
	<Point X="316" Y="292" T="0" />
	<Point X="316" Y="293" T="0" />
	<Point X="315" Y="294" T="0" />
</Gesture>