<?xml version="1.0" encoding="utf-8" standalone="yes"?>
<Gesture Name="arrow08" NumPts="271">
	<Point X="120" Y="295" T="0" />
	<Point X="124" Y="295" T="0" />
	<Point X="130" Y="291" T="0" />
	<Point X="156" Y="282" T="0" />
	<Point X="172" Y="277" T="0" />
	<Point X="192" Y="268" T="0" />
	<Point X="204" Y="264" T="0" />
	<Point X="217" Y="260" T="0" />
	<Point X="230" Y="256" T="0" />
	<Point X="238" Y="252" T="0" />
	<Point X="246" Y="248" T="0" />
	<Point X="258" Y="242" T="0" />
	<Point X="264" Y="236" T="0" />
	<Point X="271" Y="234" T="0" />
	<Point X="279" Y="230" T="0" />
	<Point X="284" Y="228" T="0" />
	<Point X="288" Y="226" T="0" />
	<Point X="296" Y="223" T="0" />
	<Point X="301" Y="222" T="0" />
	<Point X="306" Y="220" T="0" />
	<Point X="310" Y="218" T="0" />
	<Point X="313" Y="218" T="0" />
	<Point X="316" Y="216" T="0" />
	<Point X="318" Y="215" T="0" />
	<Point X="318" Y="214" T="0" />
	<Point X="319" Y="214" T="0" />
	<Point X="320" Y="214" T="0" />
	<Point X="320" Y="214" T="0" />
	<Point X="320" Y="213" T="0" />
	<Point X="320" Y="212" T="0" />
	<Point X="319" Y="212" T="0" />
	<Point X="319" Y="212" T="0" />
	<Point X="318" Y="211" T="0" />
	<Point X="316" Y="210" T="0" />
	<Point X="315" Y="210" T="0" />
	<Point X="312" Y="209" T="0" />
	<Point X="309" Y="208" T="0" />
	<Point X="306" Y="208" T="0" />
	<Point X="304" Y="207" T="0" />
	<Point X="300" Y="206" T="0" />
	<Point X="298" Y="206" T="0" />
	<Point X="296" Y="204" T="0" />
	<Point X="293" Y="204" T="0" />
	<Point X="291" Y="204" T="0" />
	<Point X="289" Y="203" T="0" />
	<Point X="287" Y="203" T="0" />
	<Point X="285" Y="203" T="0" />
	<Point X="283" Y="202" T="0" />
	<Point X="281" Y="202" T="0" />
	<Point X="279" Y="202" T="0" />
	<Point X="276" Y="201" T="0" />
	<Point X="274" Y="200" T="0" />
	<Point X="271" Y="200" T="0" />
	<Point X="268" Y="200" T="0" />
	<Point X="266" Y="199" T="0" />
	<Point X="260" Y="198" T="0" />
	<Point X="254" Y="197" T="0" />
	<Point X="249" Y="196" T="0" />
	<Point X="242" Y="196" T="0" />
	<Point X="238" Y="194" T="0" />
	<Point X="234" Y="194" T="0" />
	<Point X="230" Y="193" T="0" />
	<Point X="227" Y="192" T="0" />
	<Point X="224" Y="191" T="0" />
	<Point X="222" Y="191" T="0" />
	<Point X="220" Y="190" T="0" />
	<Point X="218" Y="190" T="0" />
	<Point X="216" Y="189" T="0" />
	<Point X="214" Y="189" T="0" />
	<Point X="212" Y="188" T="0" />
	<Point X="210" Y="188" T="0" />
	<Point X="209" Y="188" T="0" />
	<Point X="208" Y="188" T="0" />
	<Point X="206" Y="188" T="0" />
	<Point X="204" Y="188" T="0" />
	<Point X="203" Y="187" T="0" />
	<Point X="202" Y="187" T="0" />
	<Point X="200" Y="187" T="0" />
	<Point X="198" Y="186" T="0" />
	<Point X="196" Y="186" T="0" />
	<Point X="194" Y="186" T="0" />
	<Point X="194" Y="186" T="0" />
	<Point X="192" Y="186" T="0" />
	<Point X="192" Y="186" T="0" />
	<Point X="191" Y="186" T="0" />
	<Point X="190" Y="186" T="0" />
	<Point X="191" Y="186" T="0" />
	<Point X="192" Y="186" T="0" />
	<Point X="193" Y="186" T="0" />
	<Point X="195" Y="186" T="0" />
	<Point X="196" Y="186" T="0" />
	<Point X="198" Y="186" T="0" />
	<Point X="200" Y="187" T="0" />
	<Point X="202" Y="187" T="0" />
	<Point X="202" Y="187" T="0" />
	<Point X="204" Y="187" T="0" />
	<Point X="205" Y="187" T="0" />
	<Point X="206" Y="188" T="0" />
	<Point X="208" Y="188" T="0" />
	<Point X="209" Y="188" T="0" />
	<Point X="210" Y="188" T="0" />
	<Point X="212" Y="188" T="0" />
	<Point X="214" Y="189" T="0" />
	<Point X="215" Y="190" T="0" />
	<Point X="217" Y="190" T="0" />
	<Point X="218" Y="190" T="0" />
	<Point X="221" Y="190" T="0" />
	<Point X="223" Y="192" T="0" />
	<Point X="225" Y="192" T="0" />
	<Point X="228" Y="192" T="0" />
	<Point X="229" Y="193" T="0" />
	<Point X="231" Y="193" T="0" />
	<Point X="234" Y="194" T="0" />
	<Point X="235" Y="194" T="0" />
	<Point X="236" Y="194" T="0" />
	<Point X="238" Y="194" T="0" />
	<Point X="239" Y="194" T="0" />
	<Point X="240" Y="195" T="0" />
	<Point X="242" Y="196" T="0" />
	<Point X="243" Y="196" T="0" />
	<Point X="244" Y="196" T="0" />
	<Point X="246" Y="196" T="0" />
	<Point X="246" Y="196" T="0" />
	<Point X="248" Y="196" T="0" />
	<Point X="249" Y="198" T="0" />
	<Point X="250" Y="198" T="0" />
	<Point X="251" Y="198" T="0" />
	<Point X="252" Y="198" T="0" />
	<Point X="252" Y="199" T="0" />
	<Point X="253" Y="200" T="0" />
	<Point X="254" Y="200" T="0" />
	<Point X="255" Y="200" T="0" />
	<Point X="257" Y="200" T="0" />
	<Point X="258" Y="201" T="0" />
	<Point X="260" Y="202" T="0" />
	<Point X="261" Y="202" T="0" />
	<Point X="262" Y="202" T="0" />
	<Point X="264" Y="203" T="0" />
	<Point X="265" Y="203" T="0" />
	<Point X="267" Y="203" T="0" />
	<Point X="270" Y="204" T="0" />
	<Point X="271" Y="204" T="0" />
	<Point X="272" Y="204" T="0" />
	<Point X="274" Y="205" T="0" />
	<Point X="276" Y="205" T="0" />
	<Point X="277" Y="206" T="0" />
	<Point X="278" Y="206" T="0" />
	<Point X="280" Y="206" T="0" />
	<Point X="282" Y="206" T="0" />
	<Point X="283" Y="206" T="0" />
	<Point X="284" Y="206" T="0" />
	<Point X="284" Y="206" T="0" />
	<Point X="286" Y="206" T="0" />
	<Point X="287" Y="206" T="0" />
	<Point X="288" Y="207" T="0" />
	<Point X="288" Y="207" T="0" />
	<Point X="290" Y="207" T="0" />
	<Point X="290" Y="208" T="0" />
	<Point X="292" Y="208" T="0" />
	<Point X="294" Y="208" T="0" />
	<Point X="294" Y="208" T="0" />
	<Point X="296" Y="208" T="0" />
	<Point X="297" Y="208" T="0" />
	<Point X="298" Y="208" T="0" />
	<Point X="300" Y="208" T="0" />
	<Point X="301" Y="209" T="0" />
	<Point X="302" Y="209" T="0" />
	<Point X="304" Y="210" T="0" />
	<Point X="305" Y="210" T="0" />
	<Point X="306" Y="210" T="0" />
	<Point X="308" Y="210" T="0" />
	<Point X="309" Y="210" T="0" />
	<Point X="311" Y="211" T="0" />
	<Point X="312" Y="211" T="0" />
	<Point X="313" Y="211" T="0" />
	<Point X="314" Y="212" T="0" />
	<Point X="315" Y="212" T="0" />
	<Point X="316" Y="212" T="0" />
	<Point X="316" Y="212" T="0" />
	<Point X="317" Y="212" T="0" />
	<Point X="318" Y="212" T="0" />
	<Point X="318" Y="212" T="0" />
	<Point X="318" Y="213" T="0" />
	<Point X="318" Y="214" T="0" />
	<Point X="318" Y="214" T="0" />
	<Point X="318" Y="215" T="0" />
	<Point X="318" Y="216" T="0" />
	<Point X="318" Y="216" T="0" />
	<Point X="318" Y="217" T="0" />
	<Point X="318" Y="218" T="0" />
	<Point X="318" Y="219" T="0" />
	<Point X="317" Y="220" T="0" />
	<Point X="317" Y="222" T="0" />
	<Point X="316" Y="223" T="0" />
	<Point X="316" Y="224" T="0" />
	<Point X="316" Y="226" T="0" />
	<Point X="316" Y="227" T="0" />
	<Point X="316" Y="228" T="0" />
	<Point X="315" Y="230" T="0" />
	<Point X="315" Y="230" T="0" />
	<Point X="314" Y="232" T="0" />
	<Point X="314" Y="232" T="0" />
	<Point X="314" Y="233" T="0" />
	<Point X="314" Y="234" T="0" />
	<Point X="314" Y="235" T="0" />
	<Point X="314" Y="235" T="0" />
	<Point X="314" Y="236" T="0" />
	<Point X="314" Y="237" T="0" />
	<Point X="314" Y="239" T="0" />
	<Point X="314" Y="240" T="0" />
	<Point X="313" Y="241" T="0" />
	<Point X="313" Y="243" T="0" />
	<Point X="312" Y="244" T="0" />
	<Point X="312" Y="245" T="0" />
	<Point X="312" Y="247" T="0" />
	<Point X="312" Y="248" T="0" />
	<Point X="312" Y="249" T="0" />
	<Point X="311" Y="251" T="0" />
	<Point X="311" Y="252" T="0" />
	<Point X="310" Y="253" T="0" />
	<Point X="310" Y="256" T="0" />
	<Point X="310" Y="257" T="0" />
	<Point X="308" Y="258" T="0" />
	<Point X="308" Y="260" T="0" />
	<Point X="308" Y="261" T="0" />
	<Point X="307" Y="262" T="0" />
	<Point X="307" Y="264" T="0" />
	<Point X="306" Y="265" T="0" />
	<Point X="306" Y="266" T="0" />
	<Point X="306" Y="267" T="0" />
	<Point X="306" Y="268" T="0" />
	<Point X="305" Y="270" T="0" />
	<Point X="304" Y="271" T="0" />
	<Point X="304" Y="272" T="0" />
	<Point X="304" Y="274" T="0" />
	<Point X="304" Y="275" T="0" />
	<Point X="303" Y="276" T="0" />
	<Point X="303" Y="277" T="0" />
	<Point X="302" Y="279" T="0" />
	<Point X="302" Y="280" T="0" />
	<Point X="302" Y="282" T="0" />
	<Point X="302" Y="283" T="0" />
	<Point X="301" Y="285" T="0" />
	<Point X="300" Y="287" T="0" />
	<Point X="300" Y="288" T="0" />
	<Point X="299" Y="291" T="0" />
	<Point X="298" Y="294" T="0" />
	<Point X="298" Y="296" T="0" />
	<Point X="298" Y="298" T="0" />
	<Point X="297" Y="299" T="0" />
	<Point X="296" Y="302" T="0" />
	<Point X="296" Y="304" T="0" />
	<Point X="295" Y="305" T="0" />
	<Point X="294" Y="309" T="0" />
	<Point X="293" Y="310" T="0" />
	<Point X="292" Y="313" T="0" />
	<Point X="292" Y="315" T="0" />
	<Point X="291" Y="316" T="0" />
	<Point X="290" Y="319" T="0" />
	<Point X="290" Y="320" T="0" />
	<Point X="290" Y="321" T="0" />
	<Point X="289" Y="323" T="0" />
	<Point X="288" Y="324" T="0" />
	<Point X="288" Y="324" T="0" />
	<Point X="288" Y="326" T="0" />
	<Point X="287" Y="327" T="0" />
	<Point X="287" Y="328" T="0" />
	<Point X="287" Y="329" T="0" />
	<Point X="286" Y="330" T="0" />
	<Point X="286" Y="330" T="0" />
	<Point X="286" Y="331" T="0" />
</Gesture>