<?xml version="1.0" encoding="utf-8" standalone="yes"?>
<Gesture Name="arrow09" NumPts="43">
	<Point X="111" Y="296" T="0" />
	<Point X="128" Y="290" T="0" />
	<Point X="155" Y="280" T="0" />
	<Point X="212" Y="260" T="0" />
	<Point X="265" Y="242" T="0" />
	<Point X="307" Y="228" T="0" />
	<Point X="321" Y="224" T="0" />
	<Point X="326" Y="222" T="0" />
	<Point X="329" Y="220" T="0" />
	<Point X="330" Y="220" T="0" />
	<Point X="330" Y="219" T="0" />
	<Point X="330" Y="218" T="0" />
	<Point X="327" Y="216" T="0" />
	<Point X="311" Y="212" T="0" />
	<Point X="282" Y="208" T="0" />
	<Point X="245" Y="205" T="0" />
	<Point X="204" Y="205" T="0" />
	<Point X="188" Y="203" T="0" />
	<Point X="180" Y="202" T="0" />
	<Point X="173" Y="199" T="0" />
	<Point X="172" Y="198" T="0" />
	<Point X="170" Y="197" T="0" />
	<Point X="171" Y="197" T="0" />
	<Point X="172" Y="197" T="0" />
	<Point X="182" Y="198" T="0" />
	<Point X="204" Y="200" T="0" />
	<Point X="259" Y="210" T="0" />
	<Point X="326" Y="224" T="0" />
	<Point X="352" Y="232" T="0" />
	<Point X="366" Y="237" T="0" />
	<Point X="370" Y="238" T="0" />
	<Point X="371" Y="238" T="0" />
	<Point X="372" Y="238" T="0" />
	<Point X="372" Y="238" T="0" />
	<Point X="373" Y="238" T="0" />
	<Point X="373" Y="238" T="0" />
	<Point X="373" Y="240" T="0" />
	<Point X="372" Y="244" T="0" />
	<Point X="358" Y="261" T="0" />
	<Point X="344" Y="282" T="0" />
	<Point X="330" Y="298" T="0" />
	<Point X="328" Y="301" T="0" />
	<Point X="326" Y="302" T="0" />
</Gesture>