<?xml version="1.0" encoding="utf-8" standalone="yes"?>
<Gesture Name="caret05" NumPts="21">
	<Point X="102" Y="265" T="0" />
	<Point X="115" Y="253" T="0" />
	<Point X="144" Y="222" T="0" />
	<Point X="219" Y="138" T="0" />
	<Point X="238" Y="114" T="0" />
	<Point X="253" Y="90" T="0" />
	<Point X="256" Y="84" T="0" />
	<Point X="259" Y="82" T="0" />
	<Point X="260" Y="81" T="0" />
	<Point X="261" Y="80" T="0" />
	<Point X="262" Y="80" T="0" />
	<Point X="262" Y="80" T="0" />
	<Point X="264" Y="82" T="0" />
	<Point X="266" Y="90" T="0" />
	<Point X="276" Y="116" T="0" />
	<Point X="304" Y="205" T="0" />
	<Point X="322" Y="262" T="0" />
	<Point X="334" Y="288" T="0" />
	<Point X="344" Y="308" T="0" />
	<Point X="346" Y="313" T="0" />
	<Point X="347" Y="314" T="0" />
</Gesture>