<?xml version="1.0" encoding="utf-8" standalone="yes"?>
<Gesture Name="caret10" NumPts="21">
	<Point X="58" Y="321" T="0" />
	<Point X="58" Y="318" T="0" />
	<Point X="65" Y="294" T="0" />
	<Point X="84" Y="256" T="0" />
	<Point X="106" Y="217" T="0" />
	<Point X="130" Y="186" T="0" />
	<Point X="136" Y="178" T="0" />
	<Point X="140" Y="173" T="0" />
	<Point X="142" Y="171" T="0" />
	<Point X="144" Y="170" T="0" />
	<Point X="145" Y="170" T="0" />
	<Point X="146" Y="170" T="0" />
	<Point X="150" Y="171" T="0" />
	<Point X="156" Y="177" T="0" />
	<Point X="164" Y="184" T="0" />
	<Point X="176" Y="200" T="0" />
	<Point X="200" Y="233" T="0" />
	<Point X="214" Y="257" T="0" />
	<Point X="231" Y="284" T="0" />
	<Point X="236" Y="294" T="0" />
	<Point X="239" Y="300" T="0" />
</Gesture>