<?xml version="1.0" encoding="utf-8" standalone="yes"?>
<Gesture Name="caret07" NumPts="21">
	<Point X="107" Y="271" T="0" />
	<Point X="109" Y="268" T="0" />
	<Point X="116" Y="256" T="0" />
	<Point X="144" Y="202" T="0" />
	<Point X="182" Y="129" T="0" />
	<Point X="212" Y="82" T="0" />
	<Point X="220" Y="72" T="0" />
	<Point X="223" Y="70" T="0" />
	<Point X="227" Y="69" T="0" />
	<Point X="228" Y="69" T="0" />
	<Point X="230" Y="70" T="0" />
	<Point X="232" Y="71" T="0" />
	<Point X="235" Y="74" T="0" />
	<Point X="250" Y="96" T="0" />
	<Point X="277" Y="152" T="0" />
	<Point X="310" Y="224" T="0" />
	<Point X="328" Y="270" T="0" />
	<Point X="336" Y="286" T="0" />
	<Point X="340" Y="292" T="0" />
	<Point X="343" Y="296" T="0" />
	<Point X="343" Y="297" T="0" />
</Gesture>