<?xml version="1.0" encoding="utf-8" standalone="yes"?>
<Gesture Name="caret09" NumPts="19">
	<Point X="100" Y="268" T="0" />
	<Point X="105" Y="256" T="0" />
	<Point X="114" Y="229" T="0" />
	<Point X="132" Y="166" T="0" />
	<Point X="148" Y="120" T="0" />
	<Point X="156" Y="92" T="0" />
	<Point X="159" Y="86" T="0" />
	<Point X="160" Y="84" T="0" />
	<Point X="162" Y="84" T="0" />
	<Point X="163" Y="84" T="0" />
	<Point X="165" Y="86" T="0" />
	<Point X="168" Y="90" T="0" />
	<Point X="176" Y="104" T="0" />
	<Point X="196" Y="150" T="0" />
	<Point X="211" Y="186" T="0" />
	<Point X="226" Y="215" T="0" />
	<Point X="233" Y="223" T="0" />
	<Point X="236" Y="228" T="0" />
	<Point X="239" Y="230" T="0" />
</Gesture>