<?xml version="1.0" encoding="utf-8" standalone="yes"?>
<Gesture Name="caret02" NumPts="17">
	<Point X="189" Y="255" T="0" />
	<Point X="189" Y="255" T="0" />
	<Point X="192" Y="245" T="0" />
	<Point X="198" Y="232" T="0" />
	<Point X="214" Y="195" T="0" />
	<Point X="224" Y="179" T="0" />
	<Point X="229" Y="174" T="0" />
	<Point X="234" Y="169" T="0" />
	<Point X="237" Y="168" T="0" />
	<Point X="242" Y="167" T="0" />
	<Point X="248" Y="172" T="0" />
	<Point X="265" Y="190" T="0" />
	<Point X="321" Y="263" T="0" />
	<Point X="352" Y="301" T="0" />
	<Point X="373" Y="324" T="0" />
	<Point X="386" Y="339" T="0" />
	<Point X="388" Y="342" T="0" />
</Gesture>