<?xml version="1.0" encoding="utf-8" standalone="yes"?>
<Gesture Name="check04" NumPts="17">
	<Point X="136" Y="184" T="0" />
	<Point X="138" Y="185" T="0" />
	<Point X="145" Y="192" T="0" />
	<Point X="168" Y="212" T="0" />
	<Point X="182" Y="224" T="0" />
	<Point X="213" Y="255" T="0" />
	<Point X="225" Y="265" T="0" />
	<Point X="230" Y="271" T="0" />
	<Point X="234" Y="274" T="0" />
	<Point X="236" Y="275" T="0" />
	<Point X="237" Y="276" T="0" />
	<Point X="238" Y="276" T="0" />
	<Point X="239" Y="276" T="0" />
	<Point X="242" Y="270" T="0" />
	<Point X="252" Y="249" T="0" />
	<Point X="288" Y="175" T="0" />
	<Point X="332" Y="90" T="0" />
</Gesture>