<?xml version="1.0" encoding="utf-8" standalone="yes"?>
<Gesture Name="check08" NumPts="13">
	<Point X="142" Y="138" T="0" />
	<Point X="142" Y="138" T="0" />
	<Point X="149" Y="156" T="0" />
	<Point X="162" Y="184" T="0" />
	<Point X="182" Y="230" T="0" />
	<Point X="202" Y="266" T="0" />
	<Point X="210" Y="277" T="0" />
	<Point X="213" Y="282" T="0" />
	<Point X="215" Y="284" T="0" />
	<Point X="216" Y="284" T="0" />
	<Point X="217" Y="282" T="0" />
	<Point X="244" Y="242" T="0" />
	<Point X="311" Y="126" T="0" />
</Gesture>