<?xml version="1.0" encoding="utf-8" standalone="yes"?>
<Gesture Name="check01" NumPts="27">
	<Point X="186" Y="286" T="0" />
	<Point X="189" Y="288" T="0" />
	<Point X="195" Y="296" T="0" />
	<Point X="208" Y="314" T="0" />
	<Point X="226" Y="338" T="0" />
	<Point X="236" Y="353" T="0" />
	<Point X="246" Y="367" T="0" />
	<Point X="250" Y="372" T="0" />
	<Point X="252" Y="374" T="0" />
	<Point X="254" Y="376" T="0" />
	<Point X="254" Y="376" T="0" />
	<Point X="255" Y="377" T="0" />
	<Point X="256" Y="378" T="0" />
	<Point X="256" Y="378" T="0" />
	<Point X="258" Y="377" T="0" />
	<Point X="262" Y="369" T="0" />
	<Point X="289" Y="306" T="0" />
	<Point X="319" Y="220" T="0" />
	<Point X="345" Y="150" T="0" />
	<Point X="365" Y="83" T="0" />
	<Point X="368" Y="66" T="0" />
	<Point X="372" Y="55" T="0" />
	<Point X="374" Y="52" T="0" />
	<Point X="376" Y="48" T="0" />
	<Point X="378" Y="45" T="0" />
	<Point X="378" Y="44" T="0" />
	<Point X="378" Y="44" T="0" />
</Gesture>