<?xml version="1.0" encoding="utf-8" standalone="yes"?>
<Gesture Name="check10" NumPts="19">
	<Point X="110" Y="220" T="0" />
	<Point X="115" Y="230" T="0" />
	<Point X="130" Y="259" T="0" />
	<Point X="146" Y="290" T="0" />
	<Point X="182" Y="352" T="0" />
	<Point X="196" Y="374" T="0" />
	<Point X="204" Y="388" T="0" />
	<Point X="210" Y="396" T="0" />
	<Point X="212" Y="398" T="0" />
	<Point X="214" Y="399" T="0" />
	<Point X="214" Y="399" T="0" />
	<Point X="216" Y="396" T="0" />
	<Point X="252" Y="324" T="0" />
	<Point X="302" Y="208" T="0" />
	<Point X="333" Y="134" T="0" />
	<Point X="350" Y="90" T="0" />
	<Point X="352" Y="84" T="0" />
	<Point X="353" Y="84" T="0" />
	<Point X="353" Y="84" T="0" />
</Gesture>