<?xml version="1.0" encoding="utf-8" standalone="yes"?>
<Gesture Name="check05" NumPts="28">
	<Point X="99" Y="302" T="0" />
	<Point X="105" Y="310" T="0" />
	<Point X="113" Y="322" T="0" />
	<Point X="126" Y="341" T="0" />
	<Point X="134" Y="354" T="0" />
	<Point X="140" Y="362" T="0" />
	<Point X="146" Y="368" T="0" />
	<Point X="149" Y="372" T="0" />
	<Point X="151" Y="373" T="0" />
	<Point X="152" Y="374" T="0" />
	<Point X="154" Y="375" T="0" />
	<Point X="155" Y="375" T="0" />
	<Point X="157" Y="375" T="0" />
	<Point X="163" Y="368" T="0" />
	<Point X="184" Y="344" T="0" />
	<Point X="252" Y="252" T="0" />
	<Point X="286" Y="188" T="0" />
	<Point X="305" Y="146" T="0" />
	<Point X="308" Y="136" T="0" />
	<Point X="312" Y="131" T="0" />
	<Point X="316" Y="124" T="0" />
	<Point X="319" Y="120" T="0" />
	<Point X="320" Y="116" T="0" />
	<Point X="322" Y="114" T="0" />
	<Point X="323" Y="113" T="0" />
	<Point X="324" Y="113" T="0" />
	<Point X="324" Y="113" T="0" />
	<Point X="325" Y="113" T="0" />
</Gesture>