<?xml version="1.0" encoding="utf-8" standalone="yes"?>
<Gesture Name="check06" NumPts="43">
	<Point X="232" Y="293" T="0" />
	<Point X="235" Y="298" T="0" />
	<Point X="240" Y="305" T="0" />
	<Point X="248" Y="321" T="0" />
	<Point X="260" Y="338" T="0" />
	<Point X="268" Y="356" T="0" />
	<Point X="276" Y="368" T="0" />
	<Point X="279" Y="372" T="0" />
	<Point X="280" Y="374" T="0" />
	<Point X="282" Y="376" T="0" />
	<Point X="282" Y="378" T="0" />
	<Point X="283" Y="380" T="0" />
	<Point X="284" Y="382" T="0" />
	<Point X="285" Y="383" T="0" />
	<Point X="286" Y="384" T="0" />
	<Point X="286" Y="386" T="0" />
	<Point X="287" Y="386" T="0" />
	<Point X="288" Y="388" T="0" />
	<Point X="288" Y="388" T="0" />
	<Point X="289" Y="388" T="0" />
	<Point X="290" Y="388" T="0" />
	<Point X="292" Y="386" T="0" />
	<Point X="306" Y="366" T="0" />
	<Point X="336" Y="322" T="0" />
	<Point X="360" Y="272" T="0" />
	<Point X="374" Y="229" T="0" />
	<Point X="378" Y="208" T="0" />
	<Point X="380" Y="197" T="0" />
	<Point X="382" Y="190" T="0" />
	<Point X="382" Y="187" T="0" />
	<Point X="383" Y="186" T="0" />
	<Point X="384" Y="182" T="0" />
	<Point X="385" Y="179" T="0" />
	<Point X="388" Y="174" T="0" />
	<Point X="392" Y="164" T="0" />
	<Point X="394" Y="158" T="0" />
	<Point X="397" Y="148" T="0" />
	<Point X="399" Y="144" T="0" />
	<Point X="400" Y="140" T="0" />
	<Point X="401" Y="138" T="0" />
	<Point X="401" Y="137" T="0" />
	<Point X="401" Y="136" T="0" />
	<Point X="401" Y="136" T="0" />
</Gesture>