<?xml version="1.0" encoding="utf-8" standalone="yes"?>
<Gesture Name="circle07" NumPts="24">
	<Point X="192" Y="132" T="0" />
	<Point X="179" Y="144" T="0" />
	<Point X="158" Y="168" T="0" />
	<Point X="124" Y="215" T="0" />
	<Point X="106" Y="252" T="0" />
	<Point X="99" Y="290" T="0" />
	<Point X="102" Y="307" T="0" />
	<Point X="114" Y="324" T="0" />
	<Point X="166" Y="351" T="0" />
	<Point X="228" Y="360" T="0" />
	<Point X="292" Y="358" T="0" />
	<Point X="368" Y="326" T="0" />
	<Point X="392" Y="301" T="0" />
	<Point X="408" Y="256" T="0" />
	<Point X="409" Y="219" T="0" />
	<Point X="395" Y="170" T="0" />
	<Point X="361" Y="124" T="0" />
	<Point X="338" Y="114" T="0" />
	<Point X="310" Y="114" T="0" />
	<Point X="262" Y="131" T="0" />
	<Point X="237" Y="147" T="0" />
	<Point X="222" Y="158" T="0" />
	<Point X="215" Y="164" T="0" />
	<Point X="215" Y="166" T="0" />
</Gesture>