<?xml version="1.0" encoding="utf-8" standalone="yes"?>
<Gesture Name="circle03" NumPts="44">
	<Point X="225" Y="139" T="0" />
	<Point X="222" Y="139" T="0" />
	<Point X="216" Y="139" T="0" />
	<Point X="195" Y="141" T="0" />
	<Point X="169" Y="146" T="0" />
	<Point X="144" Y="154" T="0" />
	<Point X="122" Y="167" T="0" />
	<Point X="100" Y="187" T="0" />
	<Point X="71" Y="224" T="0" />
	<Point X="65" Y="240" T="0" />
	<Point X="63" Y="252" T="0" />
	<Point X="63" Y="257" T="0" />
	<Point X="66" Y="268" T="0" />
	<Point X="76" Y="286" T="0" />
	<Point X="85" Y="300" T="0" />
	<Point X="99" Y="317" T="0" />
	<Point X="120" Y="338" T="0" />
	<Point X="138" Y="350" T="0" />
	<Point X="155" Y="362" T="0" />
	<Point X="187" Y="373" T="0" />
	<Point X="210" Y="376" T="0" />
	<Point X="242" Y="370" T="0" />
	<Point X="258" Y="363" T="0" />
	<Point X="271" Y="350" T="0" />
	<Point X="292" Y="316" T="0" />
	<Point X="300" Y="296" T="0" />
	<Point X="301" Y="263" T="0" />
	<Point X="300" Y="241" T="0" />
	<Point X="298" Y="221" T="0" />
	<Point X="292" Y="200" T="0" />
	<Point X="288" Y="190" T="0" />
	<Point X="282" Y="181" T="0" />
	<Point X="272" Y="170" T="0" />
	<Point X="267" Y="166" T="0" />
	<Point X="262" Y="162" T="0" />
	<Point X="251" Y="157" T="0" />
	<Point X="246" Y="156" T="0" />
	<Point X="238" Y="150" T="0" />
	<Point X="229" Y="146" T="0" />
	<Point X="224" Y="145" T="0" />
	<Point X="219" Y="143" T="0" />
	<Point X="216" Y="143" T="0" />
	<Point X="213" Y="143" T="0" />
	<Point X="211" Y="144" T="0" />
</Gesture>