<?xml version="1.0" encoding="utf-8" standalone="yes"?>
<Gesture Name="circle01" NumPts="58">
	<Point X="234" Y="163" T="0" />
	<Point X="229" Y="163" T="0" />
	<Point X="221" Y="164" T="0" />
	<Point X="192" Y="174" T="0" />
	<Point X="176" Y="183" T="0" />
	<Point X="164" Y="192" T="0" />
	<Point X="152" Y="204" T="0" />
	<Point X="144" Y="216" T="0" />
	<Point X="136" Y="231" T="0" />
	<Point X="126" Y="260" T="0" />
	<Point X="123" Y="276" T="0" />
	<Point X="122" Y="290" T="0" />
	<Point X="124" Y="308" T="0" />
	<Point X="127" Y="320" T="0" />
	<Point X="134" Y="334" T="0" />
	<Point X="140" Y="344" T="0" />
	<Point X="150" Y="354" T="0" />
	<Point X="168" Y="370" T="0" />
	<Point X="184" Y="380" T="0" />
	<Point X="200" Y="387" T="0" />
	<Point X="224" Y="392" T="0" />
	<Point X="240" Y="392" T="0" />
	<Point X="258" Y="392" T="0" />
	<Point X="283" Y="388" T="0" />
	<Point X="301" Y="383" T="0" />
	<Point X="322" Y="374" T="0" />
	<Point X="332" Y="368" T="0" />
	<Point X="338" Y="364" T="0" />
	<Point X="346" Y="356" T="0" />
	<Point X="349" Y="352" T="0" />
	<Point X="352" Y="346" T="0" />
	<Point X="357" Y="335" T="0" />
	<Point X="358" Y="325" T="0" />
	<Point X="357" Y="305" T="0" />
	<Point X="355" Y="290" T="0" />
	<Point X="352" Y="276" T="0" />
	<Point X="345" Y="257" T="0" />
	<Point X="338" Y="248" T="0" />
	<Point X="334" Y="240" T="0" />
	<Point X="327" Y="231" T="0" />
	<Point X="320" Y="224" T="0" />
	<Point X="311" Y="215" T="0" />
	<Point X="299" Y="202" T="0" />
	<Point X="292" Y="195" T="0" />
	<Point X="284" Y="189" T="0" />
	<Point X="278" Y="184" T="0" />
	<Point X="272" Y="182" T="0" />
	<Point X="262" Y="179" T="0" />
	<Point X="256" Y="177" T="0" />
	<Point X="250" Y="175" T="0" />
	<Point X="247" Y="174" T="0" />
	<Point X="241" Y="172" T="0" />
	<Point X="238" Y="171" T="0" />
	<Point X="234" Y="170" T="0" />
	<Point X="230" Y="168" T="0" />
	<Point X="229" Y="168" T="0" />
	<Point X="226" Y="167" T="0" />
	<Point X="225" Y="167" T="0" />
</Gesture>