<?xml version="1.0" encoding="utf-8" standalone="yes"?>
<Gesture Name="circle04" NumPts="37">
	<Point X="224" Y="144" T="0" />
	<Point X="222" Y="144" T="0" />
	<Point X="216" Y="144" T="0" />
	<Point X="207" Y="147" T="0" />
	<Point X="184" Y="157" T="0" />
	<Point X="134" Y="186" T="0" />
	<Point X="119" Y="197" T="0" />
	<Point X="86" Y="232" T="0" />
	<Point X="72" Y="251" T="0" />
	<Point X="64" Y="267" T="0" />
	<Point X="62" Y="283" T="0" />
	<Point X="62" Y="296" T="0" />
	<Point X="64" Y="313" T="0" />
	<Point X="71" Y="328" T="0" />
	<Point X="85" Y="345" T="0" />
	<Point X="110" Y="364" T="0" />
	<Point X="158" Y="380" T="0" />
	<Point X="178" Y="383" T="0" />
	<Point X="240" Y="379" T="0" />
	<Point X="272" Y="370" T="0" />
	<Point X="294" Y="356" T="0" />
	<Point X="309" Y="337" T="0" />
	<Point X="322" Y="314" T="0" />
	<Point X="330" Y="286" T="0" />
	<Point X="332" Y="258" T="0" />
	<Point X="331" Y="234" T="0" />
	<Point X="318" Y="204" T="0" />
	<Point X="307" Y="190" T="0" />
	<Point X="291" Y="176" T="0" />
	<Point X="270" Y="166" T="0" />
	<Point X="249" Y="158" T="0" />
	<Point X="226" Y="154" T="0" />
	<Point X="205" Y="154" T="0" />
	<Point X="190" Y="154" T="0" />
	<Point X="184" Y="154" T="0" />
	<Point X="179" Y="154" T="0" />
	<Point X="177" Y="154" T="0" />
</Gesture>