<?xml version="1.0" encoding="utf-8" standalone="yes"?>
<Gesture Name="Delete03" NumPts="52">
	<Point X="172" Y="95" T="0" />
	<Point X="172" Y="96" T="0" />
	<Point X="173" Y="98" T="0" />
	<Point X="174" Y="101" T="0" />
	<Point X="178" Y="110" T="0" />
	<Point X="182" Y="118" T="0" />
	<Point X="194" Y="146" T="0" />
	<Point X="204" Y="166" T="0" />
	<Point X="215" Y="186" T="0" />
	<Point X="237" Y="222" T="0" />
	<Point X="250" Y="241" T="0" />
	<Point X="262" Y="262" T="0" />
	<Point X="275" Y="283" T="0" />
	<Point X="280" Y="292" T="0" />
	<Point X="286" Y="300" T="0" />
	<Point X="288" Y="303" T="0" />
	<Point X="290" Y="305" T="0" />
	<Point X="291" Y="306" T="0" />
	<Point X="291" Y="308" T="0" />
	<Point X="292" Y="308" T="0" />
	<Point X="292" Y="309" T="0" />
	<Point X="292" Y="310" T="0" />
	<Point X="292" Y="310" T="0" />
	<Point X="290" Y="310" T="0" />
	<Point X="288" Y="310" T="0" />
	<Point X="275" Y="312" T="0" />
	<Point X="249" Y="317" T="0" />
	<Point X="212" Y="323" T="0" />
	<Point X="166" Y="330" T="0" />
	<Point X="153" Y="332" T="0" />
	<Point X="143" Y="333" T="0" />
	<Point X="133" Y="334" T="0" />
	<Point X="130" Y="335" T="0" />
	<Point X="126" Y="335" T="0" />
	<Point X="124" Y="335" T="0" />
	<Point X="123" Y="335" T="0" />
	<Point X="121" Y="335" T="0" />
	<Point X="120" Y="335" T="0" />
	<Point X="120" Y="335" T="0" />
	<Point X="120" Y="334" T="0" />
	<Point X="118" Y="333" T="0" />
	<Point X="118" Y="332" T="0" />
	<Point X="117" Y="326" T="0" />
	<Point X="118" Y="317" T="0" />
	<Point X="136" Y="268" T="0" />
	<Point X="167" Y="205" T="0" />
	<Point X="204" Y="147" T="0" />
	<Point X="246" Y="84" T="0" />
	<Point X="262" Y="64" T="0" />
	<Point X="271" Y="54" T="0" />
	<Point X="275" Y="50" T="0" />
	<Point X="276" Y="48" T="0" />
</Gesture>