<?xml version="1.0" encoding="utf-8" standalone="yes"?>
<Gesture Name="Delete08" NumPts="30">
	<Point X="265" Y="151" T="0" />
	<Point X="272" Y="176" T="0" />
	<Point X="288" Y="222" T="0" />
	<Point X="316" Y="296" T="0" />
	<Point X="352" Y="370" T="0" />
	<Point X="365" Y="395" T="0" />
	<Point X="377" Y="418" T="0" />
	<Point X="379" Y="422" T="0" />
	<Point X="380" Y="425" T="0" />
	<Point X="381" Y="426" T="0" />
	<Point X="378" Y="424" T="0" />
	<Point X="368" Y="422" T="0" />
	<Point X="326" Y="412" T="0" />
	<Point X="232" Y="397" T="0" />
	<Point X="204" Y="394" T="0" />
	<Point X="181" Y="393" T="0" />
	<Point X="174" Y="393" T="0" />
	<Point X="170" Y="393" T="0" />
	<Point X="167" Y="393" T="0" />
	<Point X="166" Y="393" T="0" />
	<Point X="165" Y="392" T="0" />
	<Point X="165" Y="391" T="0" />
	<Point X="168" Y="387" T="0" />
	<Point X="193" Y="361" T="0" />
	<Point X="298" Y="243" T="0" />
	<Point X="322" Y="210" T="0" />
	<Point X="336" Y="192" T="0" />
	<Point X="340" Y="188" T="0" />
	<Point X="341" Y="188" T="0" />
	<Point X="342" Y="186" T="0" />
</Gesture>