<?xml version="1.0" encoding="utf-8" standalone="yes"?>
<Gesture Name="Delete10" NumPts="42">
	<Point X="120" Y="126" T="0" />
	<Point X="126" Y="136" T="0" />
	<Point X="142" Y="168" T="0" />
	<Point X="177" Y="240" T="0" />
	<Point X="226" Y="334" T="0" />
	<Point X="258" Y="386" T="0" />
	<Point X="277" Y="416" T="0" />
	<Point X="296" Y="445" T="0" />
	<Point X="305" Y="454" T="0" />
	<Point X="310" Y="459" T="0" />
	<Point X="312" Y="461" T="0" />
	<Point X="313" Y="462" T="0" />
	<Point X="314" Y="463" T="0" />
	<Point X="314" Y="464" T="0" />
	<Point X="314" Y="464" T="0" />
	<Point X="313" Y="464" T="0" />
	<Point X="308" Y="464" T="0" />
	<Point X="290" Y="464" T="0" />
	<Point X="238" Y="463" T="0" />
	<Point X="147" Y="458" T="0" />
	<Point X="115" Y="455" T="0" />
	<Point X="76" Y="448" T="0" />
	<Point X="61" Y="446" T="0" />
	<Point X="54" Y="444" T="0" />
	<Point X="50" Y="442" T="0" />
	<Point X="49" Y="442" T="0" />
	<Point X="49" Y="441" T="0" />
	<Point X="48" Y="440" T="0" />
	<Point X="48" Y="440" T="0" />
	<Point X="48" Y="438" T="0" />
	<Point X="54" Y="432" T="0" />
	<Point X="75" Y="412" T="0" />
	<Point X="176" Y="300" T="0" />
	<Point X="224" Y="248" T="0" />
	<Point X="253" Y="213" T="0" />
	<Point X="274" Y="190" T="0" />
	<Point X="281" Y="184" T="0" />
	<Point X="284" Y="181" T="0" />
	<Point X="286" Y="179" T="0" />
	<Point X="286" Y="178" T="0" />
	<Point X="286" Y="178" T="0" />
	<Point X="285" Y="178" T="0" />
</Gesture>