<?xml version="1.0" encoding="utf-8" standalone="yes"?>
<Gesture Name="Delete01" NumPts="88">
	<Point X="154" Y="147" T="0" />
	<Point X="156" Y="148" T="0" />
	<Point X="159" Y="151" T="0" />
	<Point X="168" Y="161" T="0" />
	<Point X="181" Y="173" T="0" />
	<Point X="194" Y="185" T="0" />
	<Point X="218" Y="205" T="0" />
	<Point X="236" Y="223" T="0" />
	<Point X="262" Y="248" T="0" />
	<Point X="277" Y="266" T="0" />
	<Point X="290" Y="281" T="0" />
	<Point X="304" Y="298" T="0" />
	<Point X="308" Y="304" T="0" />
	<Point X="311" Y="306" T="0" />
	<Point X="314" Y="310" T="0" />
	<Point X="315" Y="311" T="0" />
	<Point X="316" Y="312" T="0" />
	<Point X="317" Y="313" T="0" />
	<Point X="317" Y="314" T="0" />
	<Point X="317" Y="314" T="0" />
	<Point X="316" Y="314" T="0" />
	<Point X="312" Y="316" T="0" />
	<Point X="305" Y="317" T="0" />
	<Point X="284" Y="320" T="0" />
	<Point X="264" Y="322" T="0" />
	<Point X="240" Y="322" T="0" />
	<Point X="208" Y="322" T="0" />
	<Point X="188" Y="321" T="0" />
	<Point X="170" Y="320" T="0" />
	<Point X="164" Y="319" T="0" />
	<Point X="161" Y="318" T="0" />
	<Point X="155" Y="317" T="0" />
	<Point X="153" Y="316" T="0" />
	<Point X="152" Y="316" T="0" />
	<Point X="148" Y="316" T="0" />
	<Point X="148" Y="316" T="0" />
	<Point X="147" Y="316" T="0" />
	<Point X="146" Y="316" T="0" />
	<Point X="146" Y="316" T="0" />
	<Point X="146" Y="315" T="0" />
	<Point X="146" Y="314" T="0" />
	<Point X="146" Y="314" T="0" />
	<Point X="146" Y="313" T="0" />
	<Point X="147" Y="312" T="0" />
	<Point X="148" Y="312" T="0" />
	<Point X="148" Y="312" T="0" />
	<Point X="149" Y="310" T="0" />
	<Point X="150" Y="310" T="0" />
	<Point X="152" Y="308" T="0" />
	<Point X="160" Y="299" T="0" />
	<Point X="172" Y="286" T="0" />
	<Point X="204" Y="256" T="0" />
	<Point X="224" Y="237" T="0" />
	<Point X="240" Y="222" T="0" />
	<Point X="254" Y="210" T="0" />
	<Point X="259" Y="206" T="0" />
	<Point X="263" Y="201" T="0" />
	<Point X="268" Y="197" T="0" />
	<Point X="270" Y="194" T="0" />
	<Point X="272" Y="193" T="0" />
	<Point X="274" Y="190" T="0" />
	<Point X="276" Y="188" T="0" />
	<Point X="278" Y="187" T="0" />
	<Point X="278" Y="186" T="0" />
	<Point X="279" Y="186" T="0" />
	<Point X="280" Y="185" T="0" />
	<Point X="280" Y="185" T="0" />
	<Point X="281" Y="185" T="0" />
	<Point X="282" Y="184" T="0" />
	<Point X="284" Y="182" T="0" />
	<Point X="286" Y="178" T="0" />
	<Point X="289" Y="174" T="0" />
	<Point X="291" Y="172" T="0" />
	<Point X="294" Y="168" T="0" />
	<Point X="296" Y="166" T="0" />
	<Point X="297" Y="163" T="0" />
	<Point X="298" Y="162" T="0" />
	<Point X="298" Y="161" T="0" />
	<Point X="300" Y="159" T="0" />
	<Point X="301" Y="158" T="0" />
	<Point X="302" Y="158" T="0" />
	<Point X="302" Y="157" T="0" />
	<Point X="303" Y="156" T="0" />
	<Point X="304" Y="156" T="0" />
	<Point X="305" Y="154" T="0" />
	<Point X="306" Y="154" T="0" />
	<Point X="307" Y="153" T="0" />
	<Point X="307" Y="152" T="0" />
</Gesture>