<?xml version="1.0" encoding="utf-8" standalone="yes"?>
<Gesture Name="Delete04" NumPts="55">
	<Point X="138" Y="90" T="0" />
	<Point X="138" Y="90" T="0" />
	<Point X="140" Y="93" T="0" />
	<Point X="142" Y="95" T="0" />
	<Point X="145" Y="101" T="0" />
	<Point X="148" Y="106" T="0" />
	<Point X="151" Y="112" T="0" />
	<Point X="166" Y="136" T="0" />
	<Point X="181" Y="162" T="0" />
	<Point X="210" Y="198" T="0" />
	<Point X="241" Y="238" T="0" />
	<Point X="256" Y="257" T="0" />
	<Point X="278" Y="290" T="0" />
	<Point X="290" Y="306" T="0" />
	<Point X="298" Y="316" T="0" />
	<Point X="303" Y="325" T="0" />
	<Point X="304" Y="328" T="0" />
	<Point X="305" Y="328" T="0" />
	<Point X="306" Y="330" T="0" />
	<Point X="306" Y="330" T="0" />
	<Point X="306" Y="331" T="0" />
	<Point X="306" Y="332" T="0" />
	<Point X="306" Y="332" T="0" />
	<Point X="306" Y="333" T="0" />
	<Point X="304" Y="334" T="0" />
	<Point X="302" Y="334" T="0" />
	<Point X="288" Y="336" T="0" />
	<Point X="255" Y="337" T="0" />
	<Point X="185" Y="337" T="0" />
	<Point X="156" Y="337" T="0" />
	<Point X="136" Y="337" T="0" />
	<Point X="114" Y="337" T="0" />
	<Point X="106" Y="337" T="0" />
	<Point X="96" Y="337" T="0" />
	<Point X="93" Y="336" T="0" />
	<Point X="91" Y="336" T="0" />
	<Point X="88" Y="335" T="0" />
	<Point X="86" Y="335" T="0" />
	<Point X="84" Y="334" T="0" />
	<Point X="82" Y="333" T="0" />
	<Point X="82" Y="332" T="0" />
	<Point X="80" Y="332" T="0" />
	<Point X="80" Y="331" T="0" />
	<Point X="79" Y="330" T="0" />
	<Point X="79" Y="328" T="0" />
	<Point X="81" Y="322" T="0" />
	<Point X="91" Y="306" T="0" />
	<Point X="144" Y="231" T="0" />
	<Point X="184" Y="186" T="0" />
	<Point X="224" Y="148" T="0" />
	<Point X="250" Y="122" T="0" />
	<Point X="258" Y="115" T="0" />
	<Point X="261" Y="112" T="0" />
	<Point X="262" Y="111" T="0" />
	<Point X="263" Y="110" T="0" />
</Gesture>