<?xml version="1.0" encoding="utf-6" standalone="yes"?>
<Gesture Name="left_curly_brace07" NumPts="46">
	<Point X="197" Y="115" T="0" />
	<Point X="190" Y="115" T="0" />
	<Point X="165" Y="120" T="0" />
	<Point X="139" Y="127" T="0" />
	<Point X="107" Y="140" T="0" />
	<Point X="97" Y="148" T="0" />
	<Point X="90" Y="158" T="0" />
	<Point X="83" Y="175" T="0" />
	<Point X="83" Y="181" T="0" />
	<Point X="86" Y="188" T="0" />
	<Point X="108" Y="194" T="0" />
	<Point X="138" Y="195" T="0" />
	<Point X="188" Y="191" T="0" />
	<Point X="202" Y="188" T="0" />
	<Point X="207" Y="188" T="0" />
	<Point X="209" Y="188" T="0" />
	<Point X="210" Y="188" T="0" />
	<Point X="208" Y="188" T="0" />
	<Point X="194" Y="190" T="0" />
	<Point X="174" Y="196" T="0" />
	<Point X="138" Y="212" T="0" />
	<Point X="120" Y="222" T="0" />
	<Point X="111" Y="228" T="0" />
	<Point X="106" Y="232" T="0" />
	<Point X="106" Y="234" T="0" />
	<Point X="106" Y="235" T="0" />
	<Point X="116" Y="237" T="0" />
	<Point X="130" Y="237" T="0" />
	<Point X="150" Y="236" T="0" />
	<Point X="172" Y="235" T="0" />
	<Point X="180" Y="234" T="0" />
	<Point X="183" Y="234" T="0" />
	<Point X="185" Y="234" T="0" />
	<Point X="183" Y="236" T="0" />
	<Point X="180" Y="238" T="0" />
	<Point X="162" Y="252" T="0" />
	<Point X="127" Y="285" T="0" />
	<Point X="111" Y="306" T="0" />
	<Point X="104" Y="321" T="0" />
	<Point X="103" Y="335" T="0" />
	<Point X="111" Y="345" T="0" />
	<Point X="127" Y="354" T="0" />
	<Point X="169" Y="363" T="0" />
	<Point X="190" Y="364" T="0" />
	<Point X="208" Y="362" T="0" />
	<Point X="222" Y="360" T="0" />
</Gesture>