<?xml version="1.0" encoding="utf-1" standalone="yes"?>
<Gesture Name="left_curly_brace02" NumPts="57">
	<Point X="182" Y="76" T="0" />
	<Point X="181" Y="76" T="0" />
	<Point X="178" Y="76" T="0" />
	<Point X="171" Y="76" T="0" />
	<Point X="162" Y="78" T="0" />
	<Point X="140" Y="86" T="0" />
	<Point X="127" Y="93" T="0" />
	<Point X="118" Y="100" T="0" />
	<Point X="111" Y="108" T="0" />
	<Point X="108" Y="111" T="0" />
	<Point X="108" Y="117" T="0" />
	<Point X="107" Y="120" T="0" />
	<Point X="107" Y="123" T="0" />
	<Point X="108" Y="131" T="0" />
	<Point X="112" Y="135" T="0" />
	<Point X="115" Y="140" T="0" />
	<Point X="125" Y="150" T="0" />
	<Point X="130" Y="154" T="0" />
	<Point X="135" Y="158" T="0" />
	<Point X="142" Y="163" T="0" />
	<Point X="145" Y="164" T="0" />
	<Point X="150" Y="169" T="0" />
	<Point X="152" Y="170" T="0" />
	<Point X="154" Y="173" T="0" />
	<Point X="156" Y="178" T="0" />
	<Point X="156" Y="184" T="0" />
	<Point X="155" Y="194" T="0" />
	<Point X="152" Y="204" T="0" />
	<Point X="148" Y="214" T="0" />
	<Point X="143" Y="220" T="0" />
	<Point X="136" Y="228" T="0" />
	<Point X="134" Y="230" T="0" />
	<Point X="131" Y="232" T="0" />
	<Point X="130" Y="233" T="0" />
	<Point X="128" Y="234" T="0" />
	<Point X="128" Y="234" T="0" />
	<Point X="132" Y="234" T="0" />
	<Point X="136" Y="234" T="0" />
	<Point X="144" Y="234" T="0" />
	<Point X="153" Y="234" T="0" />
	<Point X="157" Y="234" T="0" />
	<Point X="160" Y="237" T="0" />
	<Point X="163" Y="244" T="0" />
	<Point X="162" Y="256" T="0" />
	<Point X="161" Y="272" T="0" />
	<Point X="152" Y="300" T="0" />
	<Point X="148" Y="317" T="0" />
	<Point X="143" Y="336" T="0" />
	<Point X="142" Y="344" T="0" />
	<Point X="142" Y="350" T="0" />
	<Point X="144" Y="360" T="0" />
	<Point X="152" Y="366" T="0" />
	<Point X="160" Y="370" T="0" />
	<Point X="184" Y="374" T="0" />
	<Point X="194" Y="374" T="0" />
	<Point X="203" Y="374" T="0" />
	<Point X="206" Y="374" T="0" />
</Gesture>