<?xml version="1.0" encoding="utf-8" standalone="yes"?>
<Gesture Name="left_square_bracket08" NumPts="16">
	<Point X="162" Y="120" T="0" />
	<Point X="128" Y="120" T="0" />
	<Point X="20" Y="127" T="0" />
	<Point X="12" Y="178" T="0" />
	<Point X="67" Y="336" T="0" />
	<Point X="91" Y="409" T="0" />
	<Point X="112" Y="472" T="0" />
	<Point X="120" Y="490" T="0" />
	<Point X="122" Y="500" T="0" />
	<Point X="165" Y="495" T="0" />
	<Point X="191" Y="488" T="0" />
	<Point X="210" Y="485" T="0" />
	<Point X="214" Y="484" T="0" />
	<Point X="216" Y="484" T="0" />
	<Point X="217" Y="484" T="0" />
	<Point X="217" Y="483" T="0" />
</Gesture>