<?xml version="1.0" encoding="utf-2" standalone="yes"?>
<Gesture Name="left_curly_brace03" NumPts="65">
	<Point X="234" Y="96" T="0" />
	<Point X="232" Y="94" T="0" />
	<Point X="224" Y="90" T="0" />
	<Point X="216" Y="83" T="0" />
	<Point X="191" Y="74" T="0" />
	<Point X="167" Y="74" T="0" />
	<Point X="124" Y="85" T="0" />
	<Point X="114" Y="88" T="0" />
	<Point X="94" Y="97" T="0" />
	<Point X="86" Y="103" T="0" />
	<Point X="83" Y="108" T="0" />
	<Point X="81" Y="115" T="0" />
	<Point X="81" Y="123" T="0" />
	<Point X="82" Y="134" T="0" />
	<Point X="84" Y="142" T="0" />
	<Point X="88" Y="150" T="0" />
	<Point X="104" Y="163" T="0" />
	<Point X="112" Y="166" T="0" />
	<Point X="143" Y="175" T="0" />
	<Point X="163" Y="180" T="0" />
	<Point X="180" Y="185" T="0" />
	<Point X="190" Y="188" T="0" />
	<Point X="197" Y="191" T="0" />
	<Point X="199" Y="192" T="0" />
	<Point X="202" Y="194" T="0" />
	<Point X="202" Y="195" T="0" />
	<Point X="200" Y="198" T="0" />
	<Point X="194" Y="201" T="0" />
	<Point X="178" Y="208" T="0" />
	<Point X="158" Y="216" T="0" />
	<Point X="138" Y="224" T="0" />
	<Point X="124" Y="228" T="0" />
	<Point X="113" Y="232" T="0" />
	<Point X="102" Y="237" T="0" />
	<Point X="97" Y="241" T="0" />
	<Point X="95" Y="242" T="0" />
	<Point X="94" Y="244" T="0" />
	<Point X="94" Y="245" T="0" />
	<Point X="94" Y="247" T="0" />
	<Point X="100" Y="249" T="0" />
	<Point X="112" Y="252" T="0" />
	<Point X="134" Y="255" T="0" />
	<Point X="164" Y="261" T="0" />
	<Point X="176" Y="267" T="0" />
	<Point X="183" Y="270" T="0" />
	<Point X="186" Y="273" T="0" />
	<Point X="188" Y="276" T="0" />
	<Point X="188" Y="282" T="0" />
	<Point X="184" Y="292" T="0" />
	<Point X="175" Y="304" T="0" />
	<Point X="154" Y="327" T="0" />
	<Point X="140" Y="342" T="0" />
	<Point X="131" Y="354" T="0" />
	<Point X="126" Y="366" T="0" />
	<Point X="126" Y="373" T="0" />
	<Point X="130" Y="379" T="0" />
	<Point X="141" Y="388" T="0" />
	<Point X="166" Y="396" T="0" />
	<Point X="204" Y="403" T="0" />
	<Point X="214" Y="403" T="0" />
	<Point X="233" Y="400" T="0" />
	<Point X="238" Y="400" T="0" />
	<Point X="242" Y="398" T="0" />
	<Point X="243" Y="397" T="0" />
	<Point X="244" Y="396" T="0" />
</Gesture>