<?xml version="1.0" encoding="utf-8" standalone="yes"?>
<Gesture Name="left_square_bracket04" NumPts="44">
	<Point X="141" Y="112" T="0" />
	<Point X="140" Y="112" T="0" />
	<Point X="133" Y="113" T="0" />
	<Point X="109" Y="117" T="0" />
	<Point X="75" Y="118" T="0" />
	<Point X="54" Y="120" T="0" />
	<Point X="44" Y="120" T="0" />
	<Point X="38" Y="120" T="0" />
	<Point X="36" Y="120" T="0" />
	<Point X="35" Y="120" T="0" />
	<Point X="34" Y="120" T="0" />
	<Point X="34" Y="120" T="0" />
	<Point X="34" Y="122" T="0" />
	<Point X="34" Y="128" T="0" />
	<Point X="34" Y="144" T="0" />
	<Point X="36" Y="190" T="0" />
	<Point X="37" Y="250" T="0" />
	<Point X="38" Y="291" T="0" />
	<Point X="40" Y="318" T="0" />
	<Point X="42" Y="346" T="0" />
	<Point X="42" Y="354" T="0" />
	<Point X="43" Y="358" T="0" />
	<Point X="44" Y="359" T="0" />
	<Point X="44" Y="360" T="0" />
	<Point X="44" Y="361" T="0" />
	<Point X="44" Y="362" T="0" />
	<Point X="44" Y="362" T="0" />
	<Point X="44" Y="363" T="0" />
	<Point X="44" Y="364" T="0" />
	<Point X="43" Y="364" T="0" />
	<Point X="43" Y="364" T="0" />
	<Point X="42" Y="366" T="0" />
	<Point X="42" Y="366" T="0" />
	<Point X="42" Y="368" T="0" />
	<Point X="42" Y="370" T="0" />
	<Point X="42" Y="371" T="0" />
	<Point X="44" Y="372" T="0" />
	<Point X="53" Y="374" T="0" />
	<Point X="79" Y="376" T="0" />
	<Point X="110" Y="379" T="0" />
	<Point X="130" Y="382" T="0" />
	<Point X="138" Y="382" T="0" />
	<Point X="140" Y="382" T="0" />
	<Point X="142" Y="382" T="0" />
</Gesture>