<?xml version="1.0" encoding="utf-8" standalone="yes"?>
<Gesture Name="left_curly_brace10" NumPts="88">
	<Point X="184" Y="129" T="0" />
	<Point X="180" Y="131" T="0" />
	<Point X="173" Y="135" T="0" />
	<Point X="160" Y="143" T="0" />
	<Point X="150" Y="150" T="0" />
	<Point X="142" Y="157" T="0" />
	<Point X="136" Y="163" T="0" />
	<Point X="133" Y="166" T="0" />
	<Point X="130" Y="172" T="0" />
	<Point X="127" Y="175" T="0" />
	<Point X="126" Y="178" T="0" />
	<Point X="124" Y="184" T="0" />
	<Point X="123" Y="187" T="0" />
	<Point X="122" Y="190" T="0" />
	<Point X="122" Y="195" T="0" />
	<Point X="122" Y="200" T="0" />
	<Point X="122" Y="204" T="0" />
	<Point X="124" Y="210" T="0" />
	<Point X="126" Y="214" T="0" />
	<Point X="128" Y="218" T="0" />
	<Point X="132" Y="224" T="0" />
	<Point X="135" Y="228" T="0" />
	<Point X="140" Y="233" T="0" />
	<Point X="143" Y="236" T="0" />
	<Point X="146" Y="241" T="0" />
	<Point X="149" Y="246" T="0" />
	<Point X="152" Y="250" T="0" />
	<Point X="154" Y="254" T="0" />
	<Point X="158" Y="262" T="0" />
	<Point X="159" Y="265" T="0" />
	<Point X="162" Y="269" T="0" />
	<Point X="164" Y="275" T="0" />
	<Point X="165" Y="278" T="0" />
	<Point X="168" Y="284" T="0" />
	<Point X="168" Y="287" T="0" />
	<Point X="168" Y="290" T="0" />
	<Point X="168" Y="295" T="0" />
	<Point X="168" Y="298" T="0" />
	<Point X="167" Y="300" T="0" />
	<Point X="164" Y="305" T="0" />
	<Point X="162" Y="308" T="0" />
	<Point X="156" Y="312" T="0" />
	<Point X="152" Y="314" T="0" />
	<Point X="150" Y="315" T="0" />
	<Point X="147" Y="317" T="0" />
	<Point X="146" Y="317" T="0" />
	<Point X="146" Y="318" T="0" />
	<Point X="145" Y="318" T="0" />
	<Point X="146" Y="318" T="0" />
	<Point X="146" Y="318" T="0" />
	<Point X="150" Y="318" T="0" />
	<Point X="153" Y="318" T="0" />
	<Point X="158" Y="320" T="0" />
	<Point X="162" Y="322" T="0" />
	<Point X="165" Y="324" T="0" />
	<Point X="169" Y="326" T="0" />
	<Point X="172" Y="328" T="0" />
	<Point X="174" Y="331" T="0" />
	<Point X="176" Y="333" T="0" />
	<Point X="176" Y="334" T="0" />
	<Point X="177" Y="337" T="0" />
	<Point X="177" Y="339" T="0" />
	<Point X="177" Y="342" T="0" />
	<Point X="176" Y="347" T="0" />
	<Point X="173" Y="352" T="0" />
	<Point X="168" Y="360" T="0" />
	<Point X="164" Y="366" T="0" />
	<Point X="156" Y="373" T="0" />
	<Point X="142" Y="386" T="0" />
	<Point X="133" Y="395" T="0" />
	<Point X="128" Y="401" T="0" />
	<Point X="122" Y="407" T="0" />
	<Point X="120" Y="411" T="0" />
	<Point X="118" Y="416" T="0" />
	<Point X="116" Y="424" T="0" />
	<Point X="116" Y="430" T="0" />
	<Point X="120" Y="440" T="0" />
	<Point X="128" Y="448" T="0" />
	<Point X="140" Y="458" T="0" />
	<Point X="164" Y="470" T="0" />
	<Point X="179" Y="474" T="0" />
	<Point X="192" Y="476" T="0" />
	<Point X="203" Y="476" T="0" />
	<Point X="207" Y="476" T="0" />
	<Point X="210" Y="476" T="0" />
	<Point X="212" Y="476" T="0" />
	<Point X="213" Y="476" T="0" />
	<Point X="214" Y="476" T="0" />
</Gesture>