<?xml version="1.0" encoding="utf-8" standalone="yes"?>
<Gesture Name="left_square_bracket02" NumPts="39">
	<Point X="128" Y="124" T="0" />
	<Point X="126" Y="124" T="0" />
	<Point X="121" Y="126" T="0" />
	<Point X="78" Y="135" T="0" />
	<Point X="53" Y="140" T="0" />
	<Point X="40" Y="142" T="0" />
	<Point X="32" Y="142" T="0" />
	<Point X="30" Y="142" T="0" />
	<Point X="28" Y="142" T="0" />
	<Point X="27" Y="142" T="0" />
	<Point X="28" Y="144" T="0" />
	<Point X="28" Y="146" T="0" />
	<Point X="30" Y="149" T="0" />
	<Point X="33" Y="167" T="0" />
	<Point X="38" Y="200" T="0" />
	<Point X="40" Y="230" T="0" />
	<Point X="40" Y="250" T="0" />
	<Point X="40" Y="274" T="0" />
	<Point X="40" Y="287" T="0" />
	<Point X="40" Y="298" T="0" />
	<Point X="40" Y="308" T="0" />
	<Point X="40" Y="312" T="0" />
	<Point X="40" Y="317" T="0" />
	<Point X="40" Y="320" T="0" />
	<Point X="40" Y="324" T="0" />
	<Point X="40" Y="330" T="0" />
	<Point X="40" Y="338" T="0" />
	<Point X="40" Y="345" T="0" />
	<Point X="40" Y="358" T="0" />
	<Point X="42" Y="364" T="0" />
	<Point X="42" Y="370" T="0" />
	<Point X="42" Y="371" T="0" />
	<Point X="44" Y="372" T="0" />
	<Point X="54" Y="372" T="0" />
	<Point X="68" Y="368" T="0" />
	<Point X="84" Y="366" T="0" />
	<Point X="94" Y="365" T="0" />
	<Point X="98" Y="365" T="0" />
	<Point X="99" Y="365" T="0" />
</Gesture>