<?xml version="1.0" encoding="utf-8" standalone="yes"?>
<Gesture Name="left_square_bracket09" NumPts="48">
	<Point X="257" Y="53" T="0" />
	<Point X="241" Y="53" T="0" />
	<Point X="215" Y="53" T="0" />
	<Point X="168" Y="55" T="0" />
	<Point X="131" Y="56" T="0" />
	<Point X="121" Y="55" T="0" />
	<Point X="114" Y="55" T="0" />
	<Point X="112" Y="54" T="0" />
	<Point X="110" Y="54" T="0" />
	<Point X="110" Y="53" T="0" />
	<Point X="109" Y="53" T="0" />
	<Point X="109" Y="54" T="0" />
	<Point X="110" Y="56" T="0" />
	<Point X="111" Y="74" T="0" />
	<Point X="114" Y="130" T="0" />
	<Point X="116" Y="228" T="0" />
	<Point X="116" Y="268" T="0" />
	<Point X="116" Y="308" T="0" />
	<Point X="116" Y="320" T="0" />
	<Point X="116" Y="328" T="0" />
	<Point X="117" Y="332" T="0" />
	<Point X="117" Y="332" T="0" />
	<Point X="117" Y="334" T="0" />
	<Point X="117" Y="334" T="0" />
	<Point X="117" Y="335" T="0" />
	<Point X="117" Y="336" T="0" />
	<Point X="117" Y="336" T="0" />
	<Point X="117" Y="338" T="0" />
	<Point X="117" Y="340" T="0" />
	<Point X="116" Y="344" T="0" />
	<Point X="115" Y="359" T="0" />
	<Point X="114" Y="377" T="0" />
	<Point X="114" Y="390" T="0" />
	<Point X="116" Y="399" T="0" />
	<Point X="116" Y="402" T="0" />
	<Point X="116" Y="403" T="0" />
	<Point X="116" Y="404" T="0" />
	<Point X="116" Y="404" T="0" />
	<Point X="116" Y="405" T="0" />
	<Point X="117" Y="405" T="0" />
	<Point X="118" Y="405" T="0" />
	<Point X="122" Y="405" T="0" />
	<Point X="140" Y="402" T="0" />
	<Point X="192" Y="400" T="0" />
	<Point X="252" Y="401" T="0" />
	<Point X="262" Y="401" T="0" />
	<Point X="265" Y="400" T="0" />
	<Point X="265" Y="398" T="0" />
</Gesture>