<?xml version="1.0" encoding="utf-3" standalone="yes"?>
<Gesture Name="left_curly_brace04" NumPts="57">
	<Point X="132" Y="115" T="0" />
	<Point X="132" Y="114" T="0" />
	<Point X="132" Y="113" T="0" />
	<Point X="130" Y="111" T="0" />
	<Point X="128" Y="110" T="0" />
	<Point X="121" Y="111" T="0" />
	<Point X="110" Y="114" T="0" />
	<Point X="94" Y="122" T="0" />
	<Point X="80" Y="128" T="0" />
	<Point X="66" Y="140" T="0" />
	<Point X="58" Y="150" T="0" />
	<Point X="55" Y="157" T="0" />
	<Point X="54" Y="164" T="0" />
	<Point X="53" Y="172" T="0" />
	<Point X="56" Y="182" T="0" />
	<Point X="63" Y="190" T="0" />
	<Point X="75" Y="196" T="0" />
	<Point X="94" Y="204" T="0" />
	<Point X="110" Y="208" T="0" />
	<Point X="130" Y="212" T="0" />
	<Point X="136" Y="214" T="0" />
	<Point X="138" Y="214" T="0" />
	<Point X="140" Y="216" T="0" />
	<Point X="140" Y="217" T="0" />
	<Point X="140" Y="218" T="0" />
	<Point X="136" Y="220" T="0" />
	<Point X="131" Y="223" T="0" />
	<Point X="112" Y="240" T="0" />
	<Point X="103" Y="247" T="0" />
	<Point X="97" Y="252" T="0" />
	<Point X="92" Y="256" T="0" />
	<Point X="92" Y="257" T="0" />
	<Point X="91" Y="258" T="0" />
	<Point X="90" Y="258" T="0" />
	<Point X="90" Y="259" T="0" />
	<Point X="90" Y="259" T="0" />
	<Point X="92" Y="259" T="0" />
	<Point X="97" Y="258" T="0" />
	<Point X="110" Y="257" T="0" />
	<Point X="118" Y="257" T="0" />
	<Point X="125" Y="258" T="0" />
	<Point X="131" Y="263" T="0" />
	<Point X="135" Y="267" T="0" />
	<Point X="138" Y="276" T="0" />
	<Point X="136" Y="286" T="0" />
	<Point X="133" Y="296" T="0" />
	<Point X="120" Y="320" T="0" />
	<Point X="110" Y="338" T="0" />
	<Point X="103" Y="355" T="0" />
	<Point X="100" Y="372" T="0" />
	<Point X="101" Y="380" T="0" />
	<Point X="107" Y="384" T="0" />
	<Point X="127" Y="390" T="0" />
	<Point X="149" Y="390" T="0" />
	<Point X="174" Y="386" T="0" />
	<Point X="182" Y="384" T="0" />
	<Point X="186" Y="383" T="0" />
</Gesture>