<?xml version="1.0" encoding="utf-4" standalone="yes"?>
<Gesture Name="left_curly_brace05" NumPts="60">
	<Point X="198" Y="89" T="0" />
	<Point X="194" Y="89" T="0" />
	<Point X="186" Y="89" T="0" />
	<Point X="176" Y="92" T="0" />
	<Point X="140" Y="100" T="0" />
	<Point X="124" Y="104" T="0" />
	<Point X="116" Y="108" T="0" />
	<Point X="114" Y="110" T="0" />
	<Point X="112" Y="112" T="0" />
	<Point X="112" Y="116" T="0" />
	<Point X="112" Y="118" T="0" />
	<Point X="113" Y="125" T="0" />
	<Point X="118" Y="132" T="0" />
	<Point X="126" Y="140" T="0" />
	<Point X="148" Y="156" T="0" />
	<Point X="167" Y="165" T="0" />
	<Point X="182" Y="171" T="0" />
	<Point X="199" Y="179" T="0" />
	<Point X="203" Y="182" T="0" />
	<Point X="206" Y="183" T="0" />
	<Point X="208" Y="185" T="0" />
	<Point X="209" Y="186" T="0" />
	<Point X="208" Y="187" T="0" />
	<Point X="204" Y="189" T="0" />
	<Point X="191" Y="193" T="0" />
	<Point X="155" Y="202" T="0" />
	<Point X="134" Y="206" T="0" />
	<Point X="124" Y="208" T="0" />
	<Point X="119" Y="208" T="0" />
	<Point X="116" Y="208" T="0" />
	<Point X="116" Y="208" T="0" />
	<Point X="115" Y="208" T="0" />
	<Point X="116" Y="208" T="0" />
	<Point X="118" Y="208" T="0" />
	<Point X="118" Y="208" T="0" />
	<Point X="123" Y="210" T="0" />
	<Point X="134" Y="212" T="0" />
	<Point X="146" Y="215" T="0" />
	<Point X="157" Y="217" T="0" />
	<Point X="168" Y="221" T="0" />
	<Point X="172" Y="222" T="0" />
	<Point X="175" Y="223" T="0" />
	<Point X="178" Y="226" T="0" />
	<Point X="179" Y="228" T="0" />
	<Point X="178" Y="231" T="0" />
	<Point X="158" Y="251" T="0" />
	<Point X="114" Y="286" T="0" />
	<Point X="79" Y="316" T="0" />
	<Point X="56" Y="342" T="0" />
	<Point X="51" Y="350" T="0" />
	<Point X="49" Y="356" T="0" />
	<Point X="50" Y="361" T="0" />
	<Point X="53" Y="365" T="0" />
	<Point X="74" Y="380" T="0" />
	<Point X="125" Y="391" T="0" />
	<Point X="188" Y="400" T="0" />
	<Point X="223" Y="400" T="0" />
	<Point X="230" Y="398" T="0" />
	<Point X="234" Y="398" T="0" />
	<Point X="235" Y="397" T="0" />
</Gesture>