<?xml version="1.0" encoding="utf-8" standalone="yes"?>
<Gesture Name="left_square_bracket07" NumPts="32">
	<Point X="168" Y="110" T="0" />
	<Point X="159" Y="111" T="0" />
	<Point X="144" Y="114" T="0" />
	<Point X="118" Y="119" T="0" />
	<Point X="103" Y="121" T="0" />
	<Point X="96" Y="121" T="0" />
	<Point X="93" Y="121" T="0" />
	<Point X="92" Y="121" T="0" />
	<Point X="91" Y="121" T="0" />
	<Point X="90" Y="122" T="0" />
	<Point X="90" Y="130" T="0" />
	<Point X="90" Y="156" T="0" />
	<Point X="94" Y="206" T="0" />
	<Point X="102" Y="298" T="0" />
	<Point X="108" Y="339" T="0" />
	<Point X="112" Y="372" T="0" />
	<Point X="113" Y="380" T="0" />
	<Point X="113" Y="386" T="0" />
	<Point X="113" Y="388" T="0" />
	<Point X="113" Y="390" T="0" />
	<Point X="113" Y="392" T="0" />
	<Point X="113" Y="394" T="0" />
	<Point X="112" Y="396" T="0" />
	<Point X="112" Y="398" T="0" />
	<Point X="112" Y="399" T="0" />
	<Point X="113" Y="398" T="0" />
	<Point X="117" Y="398" T="0" />
	<Point X="132" Y="396" T="0" />
	<Point X="154" Y="394" T="0" />
	<Point X="178" Y="394" T="0" />
	<Point X="189" Y="394" T="0" />
	<Point X="193" Y="394" T="0" />
</Gesture>