<?xml version="1.0" encoding="utf-8" standalone="yes"?>
<Gesture Name="Pigtail05" NumPts="24">
	<Point X="87" Y="264" T="0" />
	<Point X="110" Y="264" T="0" />
	<Point X="156" Y="263" T="0" />
	<Point X="214" Y="258" T="0" />
	<Point X="244" Y="252" T="0" />
	<Point X="262" Y="245" T="0" />
	<Point X="274" Y="234" T="0" />
	<Point X="282" Y="220" T="0" />
	<Point X="285" Y="198" T="0" />
	<Point X="286" Y="158" T="0" />
	<Point X="284" Y="140" T="0" />
	<Point X="278" Y="127" T="0" />
	<Point X="268" Y="122" T="0" />
	<Point X="252" Y="124" T="0" />
	<Point X="180" Y="178" T="0" />
	<Point X="135" Y="244" T="0" />
	<Point X="128" Y="275" T="0" />
	<Point X="141" Y="299" T="0" />
	<Point X="164" Y="311" T="0" />
	<Point X="228" Y="324" T="0" />
	<Point X="276" Y="326" T="0" />
	<Point X="308" Y="328" T="0" />
	<Point X="328" Y="326" T="0" />
	<Point X="330" Y="323" T="0" />
</Gesture>