<?xml version="1.0" encoding="utf-8" standalone="yes"?>
<Gesture Name="pigtail10" NumPts="47">
	<Point X="126" Y="219" T="0" />
	<Point X="127" Y="219" T="0" />
	<Point X="130" Y="219" T="0" />
	<Point X="138" Y="222" T="0" />
	<Point X="147" Y="225" T="0" />
	<Point X="164" Y="230" T="0" />
	<Point X="176" Y="232" T="0" />
	<Point X="186" Y="235" T="0" />
	<Point X="200" Y="236" T="0" />
	<Point X="212" Y="235" T="0" />
	<Point X="222" Y="234" T="0" />
	<Point X="236" Y="230" T="0" />
	<Point X="246" Y="225" T="0" />
	<Point X="263" Y="212" T="0" />
	<Point X="276" Y="196" T="0" />
	<Point X="288" Y="172" T="0" />
	<Point X="300" Y="132" T="0" />
	<Point X="302" Y="108" T="0" />
	<Point X="302" Y="84" T="0" />
	<Point X="295" Y="60" T="0" />
	<Point X="292" Y="53" T="0" />
	<Point X="286" Y="47" T="0" />
	<Point X="284" Y="44" T="0" />
	<Point X="281" Y="43" T="0" />
	<Point X="275" Y="43" T="0" />
	<Point X="271" Y="43" T="0" />
	<Point X="264" Y="46" T="0" />
	<Point X="256" Y="52" T="0" />
	<Point X="248" Y="57" T="0" />
	<Point X="241" Y="66" T="0" />
	<Point X="234" Y="82" T="0" />
	<Point X="230" Y="96" T="0" />
	<Point X="228" Y="111" T="0" />
	<Point X="226" Y="138" T="0" />
	<Point X="228" Y="155" T="0" />
	<Point X="230" Y="168" T="0" />
	<Point X="238" Y="191" T="0" />
	<Point X="244" Y="203" T="0" />
	<Point X="255" Y="216" T="0" />
	<Point X="265" Y="226" T="0" />
	<Point X="281" Y="239" T="0" />
	<Point X="324" Y="259" T="0" />
	<Point X="346" Y="267" T="0" />
	<Point X="366" Y="270" T="0" />
	<Point X="386" Y="272" T="0" />
	<Point X="392" Y="272" T="0" />
	<Point X="399" Y="269" T="0" />
</Gesture>