<?xml version="1.0" encoding="utf-8" standalone="yes"?>
<Gesture Name="Pigtail02" NumPts="35">
	<Point X="126" Y="268" T="0" />
	<Point X="129" Y="268" T="0" />
	<Point X="137" Y="264" T="0" />
	<Point X="156" Y="257" T="0" />
	<Point X="220" Y="232" T="0" />
	<Point X="269" Y="214" T="0" />
	<Point X="299" Y="204" T="0" />
	<Point X="326" Y="190" T="0" />
	<Point X="344" Y="179" T="0" />
	<Point X="356" Y="167" T="0" />
	<Point X="365" Y="146" T="0" />
	<Point X="367" Y="130" T="0" />
	<Point X="363" Y="116" T="0" />
	<Point X="352" Y="94" T="0" />
	<Point X="341" Y="84" T="0" />
	<Point X="329" Y="77" T="0" />
	<Point X="319" Y="76" T="0" />
	<Point X="306" Y="80" T="0" />
	<Point X="288" Y="96" T="0" />
	<Point X="272" Y="130" T="0" />
	<Point X="263" Y="183" T="0" />
	<Point X="265" Y="210" T="0" />
	<Point X="276" Y="232" T="0" />
	<Point X="296" Y="255" T="0" />
	<Point X="325" Y="277" T="0" />
	<Point X="342" Y="287" T="0" />
	<Point X="365" Y="296" T="0" />
	<Point X="374" Y="298" T="0" />
	<Point X="379" Y="298" T="0" />
	<Point X="384" Y="297" T="0" />
	<Point X="385" Y="297" T="0" />
	<Point X="387" Y="296" T="0" />
	<Point X="388" Y="296" T="0" />
	<Point X="389" Y="295" T="0" />
	<Point X="390" Y="295" T="0" />
</Gesture>