<?xml version="1.0" encoding="utf-8" standalone="yes"?>
<Gesture Name="Pigtail04" NumPts="28">
	<Point X="85" Y="278" T="0" />
	<Point X="89" Y="277" T="0" />
	<Point X="115" Y="274" T="0" />
	<Point X="179" Y="270" T="0" />
	<Point X="238" Y="270" T="0" />
	<Point X="276" Y="270" T="0" />
	<Point X="299" Y="268" T="0" />
	<Point X="310" Y="265" T="0" />
	<Point X="315" Y="260" T="0" />
	<Point X="320" Y="247" T="0" />
	<Point X="321" Y="231" T="0" />
	<Point X="315" Y="198" T="0" />
	<Point X="308" Y="184" T="0" />
	<Point X="300" Y="176" T="0" />
	<Point X="290" Y="173" T="0" />
	<Point X="280" Y="174" T="0" />
	<Point X="266" Y="182" T="0" />
	<Point X="248" Y="202" T="0" />
	<Point X="231" Y="232" T="0" />
	<Point X="224" Y="262" T="0" />
	<Point X="226" Y="283" T="0" />
	<Point X="236" Y="300" T="0" />
	<Point X="253" Y="318" T="0" />
	<Point X="294" Y="341" T="0" />
	<Point X="310" Y="346" T="0" />
	<Point X="322" Y="346" T="0" />
	<Point X="331" Y="341" T="0" />
	<Point X="338" Y="336" T="0" />
</Gesture>