<?xml version="1.0" encoding="utf-8" standalone="yes"?>
<Gesture Name="Pigtail03" NumPts="32">
	<Point X="94" Y="261" T="0" />
	<Point X="97" Y="261" T="0" />
	<Point X="108" Y="259" T="0" />
	<Point X="151" Y="253" T="0" />
	<Point X="211" Y="242" T="0" />
	<Point X="245" Y="234" T="0" />
	<Point X="267" Y="224" T="0" />
	<Point X="288" Y="209" T="0" />
	<Point X="298" Y="194" T="0" />
	<Point X="304" Y="180" T="0" />
	<Point X="305" Y="169" T="0" />
	<Point X="304" Y="157" T="0" />
	<Point X="298" Y="147" T="0" />
	<Point X="292" Y="140" T="0" />
	<Point X="286" Y="136" T="0" />
	<Point X="280" Y="136" T="0" />
	<Point X="271" Y="137" T="0" />
	<Point X="260" Y="142" T="0" />
	<Point X="248" Y="150" T="0" />
	<Point X="233" Y="171" T="0" />
	<Point X="229" Y="181" T="0" />
	<Point X="224" Y="210" T="0" />
	<Point X="227" Y="227" T="0" />
	<Point X="232" Y="236" T="0" />
	<Point X="245" Y="254" T="0" />
	<Point X="279" Y="276" T="0" />
	<Point X="314" Y="291" T="0" />
	<Point X="364" Y="306" T="0" />
	<Point X="392" Y="314" T="0" />
	<Point X="407" Y="318" T="0" />
	<Point X="414" Y="318" T="0" />
	<Point X="415" Y="318" T="0" />
</Gesture>