<?xml version="1.0" encoding="utf-8" standalone="yes"?>
<Gesture Name="Rectangle10" NumPts="62">
	<Point X="121" Y="178" T="0" />
	<Point X="115" Y="195" T="0" />
	<Point X="105" Y="231" T="0" />
	<Point X="92" Y="288" T="0" />
	<Point X="88" Y="328" T="0" />
	<Point X="85" Y="356" T="0" />
	<Point X="86" Y="382" T="0" />
	<Point X="86" Y="391" T="0" />
	<Point X="86" Y="394" T="0" />
	<Point X="86" Y="396" T="0" />
	<Point X="86" Y="398" T="0" />
	<Point X="86" Y="398" T="0" />
	<Point X="87" Y="398" T="0" />
	<Point X="89" Y="399" T="0" />
	<Point X="94" Y="400" T="0" />
	<Point X="106" Y="400" T="0" />
	<Point X="170" Y="402" T="0" />
	<Point X="234" Y="401" T="0" />
	<Point X="278" Y="400" T="0" />
	<Point X="296" Y="400" T="0" />
	<Point X="305" Y="400" T="0" />
	<Point X="312" Y="400" T="0" />
	<Point X="314" Y="399" T="0" />
	<Point X="315" Y="399" T="0" />
	<Point X="316" Y="399" T="0" />
	<Point X="317" Y="399" T="0" />
	<Point X="318" Y="399" T="0" />
	<Point X="318" Y="398" T="0" />
	<Point X="318" Y="398" T="0" />
	<Point X="318" Y="396" T="0" />
	<Point X="318" Y="393" T="0" />
	<Point X="314" Y="378" T="0" />
	<Point X="309" Y="357" T="0" />
	<Point X="306" Y="333" T="0" />
	<Point X="302" Y="304" T="0" />
	<Point X="299" Y="286" T="0" />
	<Point X="297" Y="256" T="0" />
	<Point X="296" Y="235" T="0" />
	<Point X="296" Y="213" T="0" />
	<Point X="294" Y="189" T="0" />
	<Point X="290" Y="152" T="0" />
	<Point X="288" Y="130" T="0" />
	<Point X="286" Y="122" T="0" />
	<Point X="284" Y="118" T="0" />
	<Point X="283" Y="118" T="0" />
	<Point X="282" Y="119" T="0" />
	<Point X="282" Y="120" T="0" />
	<Point X="282" Y="121" T="0" />
	<Point X="282" Y="122" T="0" />
	<Point X="281" Y="122" T="0" />
	<Point X="280" Y="124" T="0" />
	<Point X="278" Y="125" T="0" />
	<Point X="272" Y="127" T="0" />
	<Point X="256" Y="132" T="0" />
	<Point X="188" Y="146" T="0" />
	<Point X="148" Y="152" T="0" />
	<Point X="114" Y="157" T="0" />
	<Point X="101" Y="158" T="0" />
	<Point X="96" Y="158" T="0" />
	<Point X="92" Y="158" T="0" />
	<Point X="91" Y="158" T="0" />
	<Point X="92" Y="158" T="0" />
</Gesture>