<?xml version="1.0" encoding="utf-8" standalone="yes"?>
<Gesture Name="Rectangle08" NumPts="48">
	<Point X="120" Y="130" T="0" />
	<Point X="120" Y="130" T="0" />
	<Point X="122" Y="156" T="0" />
	<Point X="124" Y="208" T="0" />
	<Point X="130" Y="288" T="0" />
	<Point X="135" Y="337" T="0" />
	<Point X="137" Y="354" T="0" />
	<Point X="139" Y="361" T="0" />
	<Point X="140" Y="365" T="0" />
	<Point X="141" Y="366" T="0" />
	<Point X="141" Y="366" T="0" />
	<Point X="142" Y="366" T="0" />
	<Point X="144" Y="366" T="0" />
	<Point X="150" Y="362" T="0" />
	<Point X="216" Y="340" T="0" />
	<Point X="304" Y="319" T="0" />
	<Point X="384" Y="307" T="0" />
	<Point X="412" Y="306" T="0" />
	<Point X="428" Y="306" T="0" />
	<Point X="441" Y="306" T="0" />
	<Point X="444" Y="306" T="0" />
	<Point X="446" Y="306" T="0" />
	<Point X="448" Y="306" T="0" />
	<Point X="449" Y="306" T="0" />
	<Point X="450" Y="305" T="0" />
	<Point X="450" Y="302" T="0" />
	<Point X="450" Y="296" T="0" />
	<Point X="445" Y="276" T="0" />
	<Point X="428" Y="204" T="0" />
	<Point X="418" Y="162" T="0" />
	<Point X="408" Y="111" T="0" />
	<Point X="405" Y="88" T="0" />
	<Point X="403" Y="76" T="0" />
	<Point X="402" Y="72" T="0" />
	<Point X="402" Y="72" T="0" />
	<Point X="401" Y="72" T="0" />
	<Point X="400" Y="72" T="0" />
	<Point X="400" Y="72" T="0" />
	<Point X="400" Y="72" T="0" />
	<Point X="396" Y="73" T="0" />
	<Point X="387" Y="74" T="0" />
	<Point X="308" Y="84" T="0" />
	<Point X="220" Y="95" T="0" />
	<Point X="170" Y="98" T="0" />
	<Point X="130" Y="101" T="0" />
	<Point X="118" Y="102" T="0" />
	<Point X="114" Y="102" T="0" />
	<Point X="113" Y="102" T="0" />
</Gesture>