<?xml version="1.0" encoding="utf-8" standalone="yes"?>
<Gesture Name="Rectangle09" NumPts="50">
	<Point X="158" Y="113" T="0" />
	<Point X="155" Y="140" T="0" />
	<Point X="140" Y="244" T="0" />
	<Point X="138" Y="310" T="0" />
	<Point X="141" Y="364" T="0" />
	<Point X="146" Y="386" T="0" />
	<Point X="150" Y="400" T="0" />
	<Point X="154" Y="410" T="0" />
	<Point X="155" Y="411" T="0" />
	<Point X="156" Y="412" T="0" />
	<Point X="156" Y="412" T="0" />
	<Point X="156" Y="411" T="0" />
	<Point X="157" Y="410" T="0" />
	<Point X="158" Y="410" T="0" />
	<Point X="163" Y="407" T="0" />
	<Point X="205" Y="394" T="0" />
	<Point X="286" Y="373" T="0" />
	<Point X="377" Y="356" T="0" />
	<Point X="408" Y="354" T="0" />
	<Point X="429" Y="352" T="0" />
	<Point X="440" Y="352" T="0" />
	<Point X="442" Y="352" T="0" />
	<Point X="443" Y="352" T="0" />
	<Point X="444" Y="352" T="0" />
	<Point X="444" Y="352" T="0" />
	<Point X="444" Y="352" T="0" />
	<Point X="444" Y="351" T="0" />
	<Point X="444" Y="349" T="0" />
	<Point X="436" Y="333" T="0" />
	<Point X="422" Y="301" T="0" />
	<Point X="399" Y="234" T="0" />
	<Point X="376" Y="158" T="0" />
	<Point X="373" Y="137" T="0" />
	<Point X="371" Y="130" T="0" />
	<Point X="370" Y="126" T="0" />
	<Point X="370" Y="126" T="0" />
	<Point X="369" Y="126" T="0" />
	<Point X="368" Y="126" T="0" />
	<Point X="366" Y="126" T="0" />
	<Point X="356" Y="125" T="0" />
	<Point X="280" Y="120" T="0" />
	<Point X="201" Y="118" T="0" />
	<Point X="154" Y="117" T="0" />
	<Point X="128" Y="114" T="0" />
	<Point X="120" Y="112" T="0" />
	<Point X="116" Y="111" T="0" />
	<Point X="115" Y="110" T="0" />
	<Point X="116" Y="110" T="0" />
	<Point X="116" Y="111" T="0" />
	<Point X="118" Y="112" T="0" />
</Gesture>