<?xml version="1.0" encoding="utf-8" standalone="yes"?>
<Gesture Name="Rectangle05" NumPts="83">
	<Point X="112" Y="174" T="0" />
	<Point X="112" Y="176" T="0" />
	<Point X="112" Y="182" T="0" />
	<Point X="114" Y="213" T="0" />
	<Point X="118" Y="273" T="0" />
	<Point X="122" Y="328" T="0" />
	<Point X="124" Y="362" T="0" />
	<Point X="126" Y="397" T="0" />
	<Point X="126" Y="408" T="0" />
	<Point X="126" Y="412" T="0" />
	<Point X="126" Y="416" T="0" />
	<Point X="126" Y="418" T="0" />
	<Point X="126" Y="419" T="0" />
	<Point X="127" Y="419" T="0" />
	<Point X="128" Y="420" T="0" />
	<Point X="128" Y="420" T="0" />
	<Point X="129" Y="420" T="0" />
	<Point X="130" Y="420" T="0" />
	<Point X="140" Y="420" T="0" />
	<Point X="160" Y="416" T="0" />
	<Point X="194" Y="408" T="0" />
	<Point X="264" Y="394" T="0" />
	<Point X="308" Y="386" T="0" />
	<Point X="328" Y="382" T="0" />
	<Point X="352" Y="379" T="0" />
	<Point X="359" Y="378" T="0" />
	<Point X="364" Y="378" T="0" />
	<Point X="374" Y="378" T="0" />
	<Point X="379" Y="378" T="0" />
	<Point X="386" Y="378" T="0" />
	<Point X="394" Y="378" T="0" />
	<Point X="398" Y="378" T="0" />
	<Point X="401" Y="378" T="0" />
	<Point X="402" Y="378" T="0" />
	<Point X="404" Y="378" T="0" />
	<Point X="404" Y="377" T="0" />
	<Point X="404" Y="370" T="0" />
	<Point X="401" Y="358" T="0" />
	<Point X="386" Y="304" T="0" />
	<Point X="376" Y="268" T="0" />
	<Point X="368" Y="241" T="0" />
	<Point X="361" Y="214" T="0" />
	<Point X="356" Y="202" T="0" />
	<Point X="354" Y="197" T="0" />
	<Point X="351" Y="192" T="0" />
	<Point X="350" Y="191" T="0" />
	<Point X="350" Y="190" T="0" />
	<Point X="349" Y="189" T="0" />
	<Point X="349" Y="188" T="0" />
	<Point X="348" Y="188" T="0" />
	<Point X="348" Y="187" T="0" />
	<Point X="348" Y="186" T="0" />
	<Point X="347" Y="186" T="0" />
	<Point X="346" Y="184" T="0" />
	<Point X="344" Y="182" T="0" />
	<Point X="341" Y="181" T="0" />
	<Point X="340" Y="179" T="0" />
	<Point X="336" Y="178" T="0" />
	<Point X="334" Y="177" T="0" />
	<Point X="332" Y="176" T="0" />
	<Point X="326" Y="174" T="0" />
	<Point X="323" Y="173" T="0" />
	<Point X="316" Y="171" T="0" />
	<Point X="296" Y="170" T="0" />
	<Point X="280" Y="169" T="0" />
	<Point X="255" Y="168" T="0" />
	<Point X="223" Y="166" T="0" />
	<Point X="198" Y="164" T="0" />
	<Point X="167" Y="163" T="0" />
	<Point X="150" Y="163" T="0" />
	<Point X="138" Y="162" T="0" />
	<Point X="130" Y="161" T="0" />
	<Point X="124" Y="161" T="0" />
	<Point X="120" Y="161" T="0" />
	<Point X="116" Y="161" T="0" />
	<Point X="112" Y="161" T="0" />
	<Point X="107" Y="161" T="0" />
	<Point X="103" Y="161" T="0" />
	<Point X="99" Y="161" T="0" />
	<Point X="97" Y="162" T="0" />
	<Point X="92" Y="162" T="0" />
	<Point X="91" Y="162" T="0" />
	<Point X="90" Y="162" T="0" />
</Gesture>