<?xml version="1.0" encoding="utf-8" standalone="yes"?>
<Gesture Name="right_square_bracket10" NumPts="38">
	<Point X="258" Y="132" T="0" />
	<Point X="258" Y="132" T="0" />
	<Point X="268" Y="134" T="0" />
	<Point X="301" Y="144" T="0" />
	<Point X="327" Y="152" T="0" />
	<Point X="344" Y="156" T="0" />
	<Point X="352" Y="156" T="0" />
	<Point X="353" Y="156" T="0" />
	<Point X="354" Y="156" T="0" />
	<Point X="355" Y="156" T="0" />
	<Point X="355" Y="158" T="0" />
	<Point X="355" Y="161" T="0" />
	<Point X="354" Y="167" T="0" />
	<Point X="350" Y="205" T="0" />
	<Point X="342" Y="267" T="0" />
	<Point X="337" Y="339" T="0" />
	<Point X="336" Y="371" T="0" />
	<Point X="336" Y="398" T="0" />
	<Point X="338" Y="421" T="0" />
	<Point X="338" Y="430" T="0" />
	<Point X="339" Y="434" T="0" />
	<Point X="339" Y="438" T="0" />
	<Point X="340" Y="439" T="0" />
	<Point X="340" Y="440" T="0" />
	<Point X="340" Y="440" T="0" />
	<Point X="340" Y="441" T="0" />
	<Point X="338" Y="441" T="0" />
	<Point X="336" Y="442" T="0" />
	<Point X="325" Y="443" T="0" />
	<Point X="274" Y="446" T="0" />
	<Point X="247" Y="446" T="0" />
	<Point X="235" Y="446" T="0" />
	<Point X="228" Y="446" T="0" />
	<Point X="227" Y="446" T="0" />
	<Point X="226" Y="444" T="0" />
	<Point X="226" Y="442" T="0" />
	<Point X="226" Y="441" T="0" />
	<Point X="226" Y="440" T="0" />
</Gesture>