<?xml version="1.0" encoding="utf-8" standalone="yes"?>
<Gesture Name="right_square_bracket03" NumPts="44">
	<Point X="246" Y="62" T="0" />
	<Point X="248" Y="62" T="0" />
	<Point X="253" Y="62" T="0" />
	<Point X="273" Y="59" T="0" />
	<Point X="290" Y="58" T="0" />
	<Point X="345" Y="57" T="0" />
	<Point X="384" Y="58" T="0" />
	<Point X="406" Y="62" T="0" />
	<Point X="409" Y="63" T="0" />
	<Point X="411" Y="63" T="0" />
	<Point X="412" Y="63" T="0" />
	<Point X="412" Y="63" T="0" />
	<Point X="413" Y="64" T="0" />
	<Point X="413" Y="65" T="0" />
	<Point X="413" Y="70" T="0" />
	<Point X="412" Y="74" T="0" />
	<Point X="409" Y="98" T="0" />
	<Point X="402" Y="150" T="0" />
	<Point X="397" Y="198" T="0" />
	<Point X="390" Y="264" T="0" />
	<Point X="389" Y="293" T="0" />
	<Point X="389" Y="323" T="0" />
	<Point X="389" Y="358" T="0" />
	<Point X="391" Y="375" T="0" />
	<Point X="394" Y="394" T="0" />
	<Point X="395" Y="402" T="0" />
	<Point X="396" Y="408" T="0" />
	<Point X="398" Y="413" T="0" />
	<Point X="398" Y="416" T="0" />
	<Point X="399" Y="418" T="0" />
	<Point X="400" Y="423" T="0" />
	<Point X="400" Y="425" T="0" />
	<Point X="402" Y="427" T="0" />
	<Point X="402" Y="428" T="0" />
	<Point X="402" Y="428" T="0" />
	<Point X="401" Y="428" T="0" />
	<Point X="400" Y="428" T="0" />
	<Point X="396" Y="426" T="0" />
	<Point X="368" Y="421" T="0" />
	<Point X="326" Y="420" T="0" />
	<Point X="284" Y="422" T="0" />
	<Point X="252" Y="427" T="0" />
	<Point X="245" Y="427" T="0" />
	<Point X="242" Y="427" T="0" />
</Gesture>