<?xml version="1.0" encoding="utf-8" standalone="yes"?>
<Gesture Name="right_square_bracket09" NumPts="32">
	<Point X="170" Y="61" T="0" />
	<Point X="170" Y="61" T="0" />
	<Point X="182" Y="61" T="0" />
	<Point X="207" Y="64" T="0" />
	<Point X="252" Y="67" T="0" />
	<Point X="286" Y="70" T="0" />
	<Point X="320" Y="70" T="0" />
	<Point X="330" Y="70" T="0" />
	<Point X="334" Y="70" T="0" />
	<Point X="336" Y="70" T="0" />
	<Point X="336" Y="71" T="0" />
	<Point X="336" Y="72" T="0" />
	<Point X="332" Y="81" T="0" />
	<Point X="324" Y="108" T="0" />
	<Point X="302" Y="195" T="0" />
	<Point X="296" Y="244" T="0" />
	<Point X="292" Y="282" T="0" />
	<Point X="296" Y="331" T="0" />
	<Point X="302" Y="362" T="0" />
	<Point X="309" Y="390" T="0" />
	<Point X="315" Y="413" T="0" />
	<Point X="317" Y="420" T="0" />
	<Point X="318" Y="422" T="0" />
	<Point X="318" Y="424" T="0" />
	<Point X="318" Y="424" T="0" />
	<Point X="317" Y="424" T="0" />
	<Point X="311" Y="424" T="0" />
	<Point X="285" Y="424" T="0" />
	<Point X="169" Y="422" T="0" />
	<Point X="136" Y="422" T="0" />
	<Point X="123" Y="420" T="0" />
	<Point X="118" Y="419" T="0" />
</Gesture>