<?xml version="1.0" encoding="utf-8" standalone="yes"?>
<Gesture Name="right_curly_brace08" NumPts="50">
	<Point X="242" Y="113" T="0" />
	<Point X="242" Y="113" T="0" />
	<Point X="255" Y="111" T="0" />
	<Point X="280" Y="108" T="0" />
	<Point X="313" Y="108" T="0" />
	<Point X="344" Y="114" T="0" />
	<Point X="350" Y="119" T="0" />
	<Point X="353" Y="125" T="0" />
	<Point X="351" Y="130" T="0" />
	<Point X="345" Y="136" T="0" />
	<Point X="329" Y="154" T="0" />
	<Point X="311" Y="173" T="0" />
	<Point X="291" Y="194" T="0" />
	<Point X="277" Y="213" T="0" />
	<Point X="274" Y="218" T="0" />
	<Point X="274" Y="224" T="0" />
	<Point X="275" Y="228" T="0" />
	<Point X="280" Y="231" T="0" />
	<Point X="287" Y="233" T="0" />
	<Point X="306" Y="233" T="0" />
	<Point X="320" Y="232" T="0" />
	<Point X="337" Y="228" T="0" />
	<Point X="342" Y="226" T="0" />
	<Point X="346" Y="226" T="0" />
	<Point X="348" Y="225" T="0" />
	<Point X="348" Y="225" T="0" />
	<Point X="347" Y="225" T="0" />
	<Point X="345" Y="225" T="0" />
	<Point X="342" Y="225" T="0" />
	<Point X="324" Y="228" T="0" />
	<Point X="308" Y="234" T="0" />
	<Point X="294" Y="242" T="0" />
	<Point X="288" Y="245" T="0" />
	<Point X="286" Y="248" T="0" />
	<Point X="286" Y="252" T="0" />
	<Point X="287" Y="256" T="0" />
	<Point X="294" Y="260" T="0" />
	<Point X="324" Y="274" T="0" />
	<Point X="362" Y="291" T="0" />
	<Point X="392" Y="305" T="0" />
	<Point X="418" Y="324" T="0" />
	<Point X="426" Y="334" T="0" />
	<Point X="430" Y="346" T="0" />
	<Point X="430" Y="356" T="0" />
	<Point X="422" Y="368" T="0" />
	<Point X="387" Y="389" T="0" />
	<Point X="356" Y="401" T="0" />
	<Point X="333" Y="404" T="0" />
	<Point X="313" Y="404" T="0" />
	<Point X="304" Y="401" T="0" />
</Gesture>