<?xml version="1.0" encoding="utf-8" standalone="yes"?>
<Gesture Name="right_square_bracket01" NumPts="49">
	<Point X="276" Y="118" T="0" />
	<Point X="276" Y="118" T="0" />
	<Point X="280" Y="118" T="0" />
	<Point X="290" Y="118" T="0" />
	<Point X="309" Y="118" T="0" />
	<Point X="338" Y="118" T="0" />
	<Point X="350" Y="118" T="0" />
	<Point X="360" Y="118" T="0" />
	<Point X="362" Y="118" T="0" />
	<Point X="363" Y="118" T="0" />
	<Point X="365" Y="118" T="0" />
	<Point X="366" Y="118" T="0" />
	<Point X="366" Y="118" T="0" />
	<Point X="367" Y="118" T="0" />
	<Point X="367" Y="119" T="0" />
	<Point X="367" Y="128" T="0" />
	<Point X="370" Y="149" T="0" />
	<Point X="373" Y="193" T="0" />
	<Point X="383" Y="273" T="0" />
	<Point X="389" Y="313" T="0" />
	<Point X="396" Y="345" T="0" />
	<Point X="402" Y="384" T="0" />
	<Point X="406" Y="401" T="0" />
	<Point X="408" Y="412" T="0" />
	<Point X="410" Y="417" T="0" />
	<Point X="410" Y="419" T="0" />
	<Point X="411" Y="421" T="0" />
	<Point X="412" Y="423" T="0" />
	<Point X="413" Y="427" T="0" />
	<Point X="416" Y="435" T="0" />
	<Point X="418" Y="440" T="0" />
	<Point X="419" Y="443" T="0" />
	<Point X="420" Y="446" T="0" />
	<Point X="420" Y="447" T="0" />
	<Point X="420" Y="448" T="0" />
	<Point X="419" Y="448" T="0" />
	<Point X="414" Y="450" T="0" />
	<Point X="402" Y="452" T="0" />
	<Point X="370" Y="459" T="0" />
	<Point X="345" Y="464" T="0" />
	<Point X="328" Y="468" T="0" />
	<Point X="314" Y="470" T="0" />
	<Point X="311" Y="471" T="0" />
	<Point X="309" Y="471" T="0" />
	<Point X="308" Y="471" T="0" />
	<Point X="307" Y="471" T="0" />
	<Point X="306" Y="471" T="0" />
	<Point X="306" Y="470" T="0" />
	<Point X="306" Y="469" T="0" />
</Gesture>