<?xml version="1.0" encoding="utf-8" standalone="yes"?>
<Gesture Name="right_curly_brace04" NumPts="65">
	<Point X="266" Y="103" T="0" />
	<Point X="266" Y="103" T="0" />
	<Point X="266" Y="103" T="0" />
	<Point X="268" Y="102" T="0" />
	<Point X="270" Y="100" T="0" />
	<Point X="275" Y="99" T="0" />
	<Point X="289" Y="96" T="0" />
	<Point X="321" Y="94" T="0" />
	<Point X="344" Y="95" T="0" />
	<Point X="365" Y="102" T="0" />
	<Point X="380" Y="108" T="0" />
	<Point X="388" Y="114" T="0" />
	<Point X="391" Y="118" T="0" />
	<Point X="393" Y="122" T="0" />
	<Point X="394" Y="128" T="0" />
	<Point X="392" Y="135" T="0" />
	<Point X="386" Y="148" T="0" />
	<Point X="372" Y="162" T="0" />
	<Point X="354" Y="179" T="0" />
	<Point X="336" Y="193" T="0" />
	<Point X="322" Y="206" T="0" />
	<Point X="304" Y="224" T="0" />
	<Point X="297" Y="233" T="0" />
	<Point X="294" Y="240" T="0" />
	<Point X="294" Y="247" T="0" />
	<Point X="294" Y="251" T="0" />
	<Point X="296" Y="256" T="0" />
	<Point X="304" Y="258" T="0" />
	<Point X="318" Y="259" T="0" />
	<Point X="332" Y="259" T="0" />
	<Point X="340" Y="259" T="0" />
	<Point X="344" Y="259" T="0" />
	<Point X="346" Y="258" T="0" />
	<Point X="347" Y="258" T="0" />
	<Point X="348" Y="258" T="0" />
	<Point X="350" Y="257" T="0" />
	<Point X="352" Y="257" T="0" />
	<Point X="352" Y="257" T="0" />
	<Point X="353" Y="257" T="0" />
	<Point X="352" Y="257" T="0" />
	<Point X="350" Y="258" T="0" />
	<Point X="344" Y="259" T="0" />
	<Point X="332" Y="262" T="0" />
	<Point X="320" Y="267" T="0" />
	<Point X="308" Y="275" T="0" />
	<Point X="305" Y="277" T="0" />
	<Point X="302" Y="280" T="0" />
	<Point X="303" Y="282" T="0" />
	<Point X="312" Y="282" T="0" />
	<Point X="331" Y="283" T="0" />
	<Point X="354" Y="287" T="0" />
	<Point X="373" Y="294" T="0" />
	<Point X="387" Y="304" T="0" />
	<Point X="400" Y="318" T="0" />
	<Point X="407" Y="336" T="0" />
	<Point X="412" Y="354" T="0" />
	<Point X="412" Y="366" T="0" />
	<Point X="403" Y="384" T="0" />
	<Point X="387" Y="396" T="0" />
	<Point X="362" Y="405" T="0" />
	<Point X="338" Y="410" T="0" />
	<Point X="321" Y="412" T="0" />
	<Point X="314" Y="414" T="0" />
	<Point X="311" Y="414" T="0" />
	<Point X="310" Y="414" T="0" />
</Gesture>