<?xml version="1.0" encoding="utf-8" standalone="yes"?>
<Gesture Name="right_curly_brace09" NumPts="56">
	<Point X="280" Y="96" T="0" />
	<Point X="291" Y="97" T="0" />
	<Point X="320" Y="104" T="0" />
	<Point X="345" Y="113" T="0" />
	<Point X="377" Y="127" T="0" />
	<Point X="390" Y="135" T="0" />
	<Point X="398" Y="142" T="0" />
	<Point X="404" Y="148" T="0" />
	<Point X="407" Y="153" T="0" />
	<Point X="408" Y="159" T="0" />
	<Point X="408" Y="173" T="0" />
	<Point X="404" Y="182" T="0" />
	<Point X="398" Y="194" T="0" />
	<Point X="395" Y="199" T="0" />
	<Point X="390" Y="204" T="0" />
	<Point X="384" Y="210" T="0" />
	<Point X="376" Y="215" T="0" />
	<Point X="365" Y="222" T="0" />
	<Point X="342" Y="232" T="0" />
	<Point X="333" Y="236" T="0" />
	<Point X="326" Y="241" T="0" />
	<Point X="324" Y="242" T="0" />
	<Point X="322" Y="242" T="0" />
	<Point X="322" Y="243" T="0" />
	<Point X="322" Y="244" T="0" />
	<Point X="322" Y="244" T="0" />
	<Point X="324" Y="245" T="0" />
	<Point X="328" Y="246" T="0" />
	<Point X="334" Y="247" T="0" />
	<Point X="343" Y="250" T="0" />
	<Point X="350" Y="252" T="0" />
	<Point X="360" Y="253" T="0" />
	<Point X="368" Y="254" T="0" />
	<Point X="374" Y="255" T="0" />
	<Point X="382" Y="257" T="0" />
	<Point X="384" Y="258" T="0" />
	<Point X="386" Y="258" T="0" />
	<Point X="388" Y="259" T="0" />
	<Point X="388" Y="260" T="0" />
	<Point X="385" Y="261" T="0" />
	<Point X="373" Y="269" T="0" />
	<Point X="362" Y="276" T="0" />
	<Point X="344" Y="288" T="0" />
	<Point X="338" Y="296" T="0" />
	<Point X="334" Y="300" T="0" />
	<Point X="332" Y="306" T="0" />
	<Point X="332" Y="310" T="0" />
	<Point X="332" Y="316" T="0" />
	<Point X="332" Y="330" T="0" />
	<Point X="332" Y="338" T="0" />
	<Point X="331" Y="344" T="0" />
	<Point X="321" Y="353" T="0" />
	<Point X="308" Y="359" T="0" />
	<Point X="293" Y="362" T="0" />
	<Point X="276" Y="362" T="0" />
	<Point X="270" Y="362" T="0" />
</Gesture>