<?xml version="1.0" encoding="utf-8" standalone="yes"?>
<Gesture Name="right_curly_brace02" NumPts="54">
	<Point X="251" Y="63" T="0" />
	<Point X="252" Y="63" T="0" />
	<Point X="255" Y="63" T="0" />
	<Point X="264" Y="62" T="0" />
	<Point X="279" Y="59" T="0" />
	<Point X="300" Y="59" T="0" />
	<Point X="331" Y="64" T="0" />
	<Point X="349" Y="67" T="0" />
	<Point X="360" Y="73" T="0" />
	<Point X="367" Y="79" T="0" />
	<Point X="370" Y="82" T="0" />
	<Point X="370" Y="89" T="0" />
	<Point X="370" Y="94" T="0" />
	<Point X="365" Y="105" T="0" />
	<Point X="351" Y="123" T="0" />
	<Point X="330" Y="145" T="0" />
	<Point X="315" Y="159" T="0" />
	<Point X="309" Y="166" T="0" />
	<Point X="301" Y="174" T="0" />
	<Point X="300" Y="178" T="0" />
	<Point X="300" Y="184" T="0" />
	<Point X="303" Y="188" T="0" />
	<Point X="316" Y="195" T="0" />
	<Point X="329" Y="200" T="0" />
	<Point X="341" Y="202" T="0" />
	<Point X="349" Y="204" T="0" />
	<Point X="354" Y="206" T="0" />
	<Point X="356" Y="206" T="0" />
	<Point X="358" Y="206" T="0" />
	<Point X="358" Y="206" T="0" />
	<Point X="359" Y="206" T="0" />
	<Point X="359" Y="207" T="0" />
	<Point X="358" Y="208" T="0" />
	<Point X="356" Y="209" T="0" />
	<Point X="353" Y="212" T="0" />
	<Point X="348" Y="216" T="0" />
	<Point X="341" Y="224" T="0" />
	<Point X="330" Y="241" T="0" />
	<Point X="325" Y="253" T="0" />
	<Point X="323" Y="269" T="0" />
	<Point X="328" Y="278" T="0" />
	<Point X="343" Y="290" T="0" />
	<Point X="357" Y="298" T="0" />
	<Point X="378" Y="308" T="0" />
	<Point X="396" Y="323" T="0" />
	<Point X="404" Y="333" T="0" />
	<Point X="410" Y="343" T="0" />
	<Point X="412" Y="352" T="0" />
	<Point X="410" Y="364" T="0" />
	<Point X="405" Y="374" T="0" />
	<Point X="386" Y="392" T="0" />
	<Point X="368" Y="403" T="0" />
	<Point X="356" Y="410" T="0" />
	<Point X="345" Y="412" T="0" />
</Gesture>