<?xml version="1.0" encoding="utf-8" standalone="yes"?>
<Gesture Name="right_curly_brace03" NumPts="44">
	<Point X="200" Y="128" T="0" />
	<Point X="202" Y="128" T="0" />
	<Point X="206" Y="128" T="0" />
	<Point X="216" Y="128" T="0" />
	<Point X="232" Y="126" T="0" />
	<Point X="250" Y="127" T="0" />
	<Point X="268" Y="128" T="0" />
	<Point X="286" Y="133" T="0" />
	<Point X="302" Y="140" T="0" />
	<Point X="316" Y="154" T="0" />
	<Point X="324" Y="166" T="0" />
	<Point X="327" Y="178" T="0" />
	<Point X="326" Y="193" T="0" />
	<Point X="322" Y="207" T="0" />
	<Point X="312" Y="220" T="0" />
	<Point X="299" Y="233" T="0" />
	<Point X="287" Y="244" T="0" />
	<Point X="277" Y="253" T="0" />
	<Point X="271" Y="261" T="0" />
	<Point X="266" Y="269" T="0" />
	<Point X="266" Y="273" T="0" />
	<Point X="268" Y="276" T="0" />
	<Point X="274" Y="278" T="0" />
	<Point X="288" Y="280" T="0" />
	<Point X="307" Y="280" T="0" />
	<Point X="320" Y="280" T="0" />
	<Point X="330" Y="280" T="0" />
	<Point X="336" Y="282" T="0" />
	<Point X="340" Y="288" T="0" />
	<Point X="341" Y="294" T="0" />
	<Point X="338" Y="302" T="0" />
	<Point X="332" Y="316" T="0" />
	<Point X="327" Y="331" T="0" />
	<Point X="322" Y="342" T="0" />
	<Point X="320" Y="347" T="0" />
	<Point X="320" Y="351" T="0" />
	<Point X="320" Y="355" T="0" />
	<Point X="324" Y="362" T="0" />
	<Point X="328" Y="368" T="0" />
	<Point X="331" Y="376" T="0" />
	<Point X="332" Y="386" T="0" />
	<Point X="326" Y="399" T="0" />
	<Point X="316" Y="410" T="0" />
	<Point X="306" Y="418" T="0" />
</Gesture>