<?xml version="1.0" encoding="utf-8" standalone="yes"?>
<Gesture Name="right_square_bracket08" NumPts="24">
	<Point X="254" Y="125" T="0" />
	<Point X="264" Y="126" T="0" />
	<Point X="275" Y="130" T="0" />
	<Point X="297" Y="140" T="0" />
	<Point X="312" Y="148" T="0" />
	<Point X="328" Y="155" T="0" />
	<Point X="334" Y="157" T="0" />
	<Point X="340" Y="160" T="0" />
	<Point X="347" Y="166" T="0" />
	<Point X="357" Y="191" T="0" />
	<Point X="365" Y="243" T="0" />
	<Point X="367" Y="309" T="0" />
	<Point X="367" Y="360" T="0" />
	<Point X="368" Y="380" T="0" />
	<Point X="369" Y="390" T="0" />
	<Point X="370" Y="395" T="0" />
	<Point X="371" Y="396" T="0" />
	<Point X="372" Y="397" T="0" />
	<Point X="370" Y="397" T="0" />
	<Point X="360" Y="397" T="0" />
	<Point X="330" Y="396" T="0" />
	<Point X="276" Y="390" T="0" />
	<Point X="264" Y="388" T="0" />
	<Point X="259" Y="386" T="0" />
</Gesture>