<?xml version="1.0" encoding="utf-8" standalone="yes"?>
<Gesture Name="right_curly_brace07" NumPts="40">
	<Point X="276" Y="156" T="0" />
	<Point X="285" Y="156" T="0" />
	<Point X="298" Y="158" T="0" />
	<Point X="322" Y="165" T="0" />
	<Point X="344" Y="174" T="0" />
	<Point X="350" Y="178" T="0" />
	<Point X="353" Y="181" T="0" />
	<Point X="352" Y="189" T="0" />
	<Point X="347" Y="199" T="0" />
	<Point X="336" Y="214" T="0" />
	<Point X="315" Y="238" T="0" />
	<Point X="302" Y="253" T="0" />
	<Point X="293" Y="266" T="0" />
	<Point X="290" Y="271" T="0" />
	<Point X="289" Y="274" T="0" />
	<Point X="289" Y="278" T="0" />
	<Point X="294" Y="283" T="0" />
	<Point X="303" Y="286" T="0" />
	<Point X="331" Y="288" T="0" />
	<Point X="353" Y="288" T="0" />
	<Point X="370" Y="288" T="0" />
	<Point X="381" Y="289" T="0" />
	<Point X="384" Y="290" T="0" />
	<Point X="387" Y="292" T="0" />
	<Point X="387" Y="294" T="0" />
	<Point X="385" Y="299" T="0" />
	<Point X="378" Y="307" T="0" />
	<Point X="367" Y="320" T="0" />
	<Point X="362" Y="324" T="0" />
	<Point X="358" Y="328" T="0" />
	<Point X="358" Y="332" T="0" />
	<Point X="360" Y="335" T="0" />
	<Point X="373" Y="346" T="0" />
	<Point X="388" Y="356" T="0" />
	<Point X="404" Y="373" T="0" />
	<Point X="408" Y="382" T="0" />
	<Point X="408" Y="391" T="0" />
	<Point X="394" Y="408" T="0" />
	<Point X="375" Y="417" T="0" />
	<Point X="354" Y="422" T="0" />
</Gesture>