<?xml version="1.0" encoding="utf-8" standalone="yes"?>
<Gesture Name="right_square_bracket02" NumPts="33">
	<Point X="278" Y="146" T="0" />
	<Point X="280" Y="146" T="0" />
	<Point X="290" Y="147" T="0" />
	<Point X="338" Y="153" T="0" />
	<Point X="374" Y="158" T="0" />
	<Point X="388" Y="160" T="0" />
	<Point X="392" Y="160" T="0" />
	<Point X="394" Y="160" T="0" />
	<Point X="394" Y="160" T="0" />
	<Point X="395" Y="160" T="0" />
	<Point X="396" Y="160" T="0" />
	<Point X="396" Y="161" T="0" />
	<Point X="396" Y="162" T="0" />
	<Point X="394" Y="170" T="0" />
	<Point X="381" Y="240" T="0" />
	<Point X="364" Y="320" T="0" />
	<Point X="362" Y="364" T="0" />
	<Point X="364" Y="392" T="0" />
	<Point X="366" Y="413" T="0" />
	<Point X="368" Y="418" T="0" />
	<Point X="370" Y="425" T="0" />
	<Point X="371" Y="428" T="0" />
	<Point X="372" Y="428" T="0" />
	<Point X="372" Y="430" T="0" />
	<Point X="371" Y="430" T="0" />
	<Point X="370" Y="430" T="0" />
	<Point X="361" Y="428" T="0" />
	<Point X="333" Y="426" T="0" />
	<Point X="310" Y="423" T="0" />
	<Point X="300" Y="421" T="0" />
	<Point X="294" Y="421" T="0" />
	<Point X="292" Y="420" T="0" />
	<Point X="291" Y="420" T="0" />
</Gesture>