<?xml version="1.0" encoding="utf-8" standalone="yes"?>
<Gesture Name="star04" NumPts="84">
	<Point X="71" Y="393" T="0" />
	<Point X="72" Y="390" T="0" />
	<Point X="80" Y="380" T="0" />
	<Point X="122" Y="317" T="0" />
	<Point X="182" Y="235" T="0" />
	<Point X="218" Y="176" T="0" />
	<Point X="236" Y="144" T="0" />
	<Point X="250" Y="119" T="0" />
	<Point X="259" Y="102" T="0" />
	<Point X="266" Y="90" T="0" />
	<Point X="275" Y="80" T="0" />
	<Point X="276" Y="79" T="0" />
	<Point X="281" Y="74" T="0" />
	<Point X="282" Y="72" T="0" />
	<Point X="284" Y="72" T="0" />
	<Point X="286" Y="72" T="0" />
	<Point X="287" Y="72" T="0" />
	<Point X="288" Y="72" T="0" />
	<Point X="289" Y="76" T="0" />
	<Point X="292" Y="90" T="0" />
	<Point X="296" Y="123" T="0" />
	<Point X="301" Y="181" T="0" />
	<Point X="306" Y="226" T="0" />
	<Point X="313" Y="267" T="0" />
	<Point X="318" Y="298" T="0" />
	<Point X="329" Y="334" T="0" />
	<Point X="335" Y="351" T="0" />
	<Point X="342" Y="364" T="0" />
	<Point X="345" Y="374" T="0" />
	<Point X="348" Y="383" T="0" />
	<Point X="350" Y="388" T="0" />
	<Point X="351" Y="391" T="0" />
	<Point X="352" Y="392" T="0" />
	<Point X="352" Y="393" T="0" />
	<Point X="351" Y="393" T="0" />
	<Point X="336" Y="383" T="0" />
	<Point X="302" Y="352" T="0" />
	<Point X="245" Y="312" T="0" />
	<Point X="193" Y="278" T="0" />
	<Point X="146" Y="252" T="0" />
	<Point X="118" Y="237" T="0" />
	<Point X="101" Y="228" T="0" />
	<Point X="88" Y="222" T="0" />
	<Point X="79" Y="218" T="0" />
	<Point X="72" Y="216" T="0" />
	<Point X="67" Y="214" T="0" />
	<Point X="63" Y="212" T="0" />
	<Point X="60" Y="210" T="0" />
	<Point X="58" Y="210" T="0" />
	<Point X="56" Y="210" T="0" />
	<Point X="55" Y="209" T="0" />
	<Point X="55" Y="208" T="0" />
	<Point X="55" Y="208" T="0" />
	<Point X="62" Y="206" T="0" />
	<Point X="82" Y="202" T="0" />
	<Point X="128" Y="194" T="0" />
	<Point X="194" Y="185" T="0" />
	<Point X="263" Y="180" T="0" />
	<Point X="298" Y="178" T="0" />
	<Point X="318" Y="178" T="0" />
	<Point X="323" Y="178" T="0" />
	<Point X="324" Y="178" T="0" />
	<Point X="326" Y="178" T="0" />
	<Point X="328" Y="178" T="0" />
	<Point X="330" Y="178" T="0" />
	<Point X="332" Y="178" T="0" />
	<Point X="334" Y="178" T="0" />
	<Point X="335" Y="178" T="0" />
	<Point X="336" Y="178" T="0" />
	<Point X="337" Y="178" T="0" />
	<Point X="338" Y="179" T="0" />
	<Point X="338" Y="180" T="0" />
	<Point X="338" Y="182" T="0" />
	<Point X="334" Y="189" T="0" />
	<Point X="328" Y="200" T="0" />
	<Point X="302" Y="233" T="0" />
	<Point X="220" Y="328" T="0" />
	<Point X="177" Y="365" T="0" />
	<Point X="148" Y="390" T="0" />
	<Point X="118" Y="415" T="0" />
	<Point X="109" Y="424" T="0" />
	<Point X="103" Y="427" T="0" />
	<Point X="101" Y="429" T="0" />
	<Point X="100" Y="430" T="0" />
</Gesture>