<?xml version="1.0" encoding="utf-8" standalone="yes"?>
<Gesture Name="star09" NumPts="70">
	<Point X="182" Y="336" T="0" />
	<Point X="192" Y="316" T="0" />
	<Point X="211" Y="279" T="0" />
	<Point X="244" Y="216" T="0" />
	<Point X="274" Y="148" T="0" />
	<Point X="285" Y="125" T="0" />
	<Point X="289" Y="113" T="0" />
	<Point X="290" Y="108" T="0" />
	<Point X="291" Y="106" T="0" />
	<Point X="292" Y="106" T="0" />
	<Point X="292" Y="106" T="0" />
	<Point X="293" Y="106" T="0" />
	<Point X="297" Y="110" T="0" />
	<Point X="318" Y="144" T="0" />
	<Point X="351" Y="222" T="0" />
	<Point X="392" Y="329" T="0" />
	<Point X="405" Y="368" T="0" />
	<Point X="416" Y="396" T="0" />
	<Point X="424" Y="415" T="0" />
	<Point X="426" Y="420" T="0" />
	<Point X="426" Y="421" T="0" />
	<Point X="427" Y="422" T="0" />
	<Point X="426" Y="421" T="0" />
	<Point X="422" Y="418" T="0" />
	<Point X="384" Y="393" T="0" />
	<Point X="291" Y="341" T="0" />
	<Point X="213" Y="303" T="0" />
	<Point X="152" Y="270" T="0" />
	<Point X="135" Y="262" T="0" />
	<Point X="126" Y="258" T="0" />
	<Point X="122" Y="255" T="0" />
	<Point X="120" Y="254" T="0" />
	<Point X="120" Y="254" T="0" />
	<Point X="119" Y="254" T="0" />
	<Point X="119" Y="253" T="0" />
	<Point X="119" Y="252" T="0" />
	<Point X="119" Y="252" T="0" />
	<Point X="119" Y="251" T="0" />
	<Point X="119" Y="250" T="0" />
	<Point X="120" Y="250" T="0" />
	<Point X="122" Y="248" T="0" />
	<Point X="130" Y="244" T="0" />
	<Point X="155" Y="238" T="0" />
	<Point X="235" Y="224" T="0" />
	<Point X="352" Y="212" T="0" />
	<Point X="402" Y="212" T="0" />
	<Point X="442" Y="212" T="0" />
	<Point X="455" Y="212" T="0" />
	<Point X="459" Y="212" T="0" />
	<Point X="462" Y="212" T="0" />
	<Point X="462" Y="212" T="0" />
	<Point X="462" Y="213" T="0" />
	<Point X="462" Y="214" T="0" />
	<Point X="460" Y="216" T="0" />
	<Point X="448" Y="224" T="0" />
	<Point X="392" Y="255" T="0" />
	<Point X="306" Y="299" T="0" />
	<Point X="246" Y="323" T="0" />
	<Point X="227" Y="328" T="0" />
	<Point X="216" Y="330" T="0" />
	<Point X="212" Y="332" T="0" />
	<Point X="210" Y="332" T="0" />
	<Point X="209" Y="332" T="0" />
	<Point X="208" Y="332" T="0" />
	<Point X="208" Y="332" T="0" />
	<Point X="204" Y="334" T="0" />
	<Point X="200" Y="335" T="0" />
	<Point X="198" Y="336" T="0" />
	<Point X="195" Y="336" T="0" />
	<Point X="194" Y="336" T="0" />
</Gesture>