<?xml version="1.0" encoding="utf-8" standalone="yes"?>
<Gesture Name="star10" NumPts="83">
	<Point X="121" Y="266" T="0" />
	<Point X="121" Y="266" T="0" />
	<Point X="126" Y="248" T="0" />
	<Point X="144" Y="204" T="0" />
	<Point X="168" Y="132" T="0" />
	<Point X="173" Y="118" T="0" />
	<Point X="174" Y="112" T="0" />
	<Point X="176" Y="108" T="0" />
	<Point X="177" Y="106" T="0" />
	<Point X="178" Y="105" T="0" />
	<Point X="180" Y="101" T="0" />
	<Point X="181" Y="100" T="0" />
	<Point X="182" Y="98" T="0" />
	<Point X="184" Y="98" T="0" />
	<Point X="187" Y="98" T="0" />
	<Point X="194" Y="106" T="0" />
	<Point X="208" Y="127" T="0" />
	<Point X="233" Y="169" T="0" />
	<Point X="270" Y="233" T="0" />
	<Point X="286" Y="262" T="0" />
	<Point X="301" Y="286" T="0" />
	<Point X="306" Y="298" T="0" />
	<Point X="310" Y="304" T="0" />
	<Point X="314" Y="310" T="0" />
	<Point X="314" Y="312" T="0" />
	<Point X="315" Y="313" T="0" />
	<Point X="316" Y="314" T="0" />
	<Point X="315" Y="314" T="0" />
	<Point X="306" Y="310" T="0" />
	<Point X="260" Y="292" T="0" />
	<Point X="119" Y="226" T="0" />
	<Point X="72" Y="202" T="0" />
	<Point X="50" Y="192" T="0" />
	<Point X="35" Y="184" T="0" />
	<Point X="28" Y="180" T="0" />
	<Point X="24" Y="178" T="0" />
	<Point X="18" Y="174" T="0" />
	<Point X="16" Y="173" T="0" />
	<Point X="14" Y="171" T="0" />
	<Point X="14" Y="170" T="0" />
	<Point X="13" Y="170" T="0" />
	<Point X="13" Y="169" T="0" />
	<Point X="13" Y="168" T="0" />
	<Point X="14" Y="168" T="0" />
	<Point X="15" Y="168" T="0" />
	<Point X="19" Y="168" T="0" />
	<Point X="30" Y="168" T="0" />
	<Point X="60" Y="165" T="0" />
	<Point X="143" Y="162" T="0" />
	<Point X="175" Y="162" T="0" />
	<Point X="208" Y="164" T="0" />
	<Point X="222" Y="167" T="0" />
	<Point X="230" Y="169" T="0" />
	<Point X="238" Y="170" T="0" />
	<Point X="242" Y="172" T="0" />
	<Point X="246" Y="173" T="0" />
	<Point X="252" Y="175" T="0" />
	<Point X="254" Y="176" T="0" />
	<Point X="258" Y="177" T="0" />
	<Point X="260" Y="177" T="0" />
	<Point X="261" Y="178" T="0" />
	<Point X="264" Y="178" T="0" />
	<Point X="264" Y="178" T="0" />
	<Point X="265" Y="178" T="0" />
	<Point X="266" Y="178" T="0" />
	<Point X="266" Y="179" T="0" />
	<Point X="266" Y="180" T="0" />
	<Point X="266" Y="180" T="0" />
	<Point X="266" Y="181" T="0" />
	<Point X="264" Y="182" T="0" />
	<Point X="258" Y="188" T="0" />
	<Point X="246" Y="200" T="0" />
	<Point X="222" Y="218" T="0" />
	<Point X="185" Y="247" T="0" />
	<Point X="170" Y="259" T="0" />
	<Point X="160" Y="266" T="0" />
	<Point X="150" Y="274" T="0" />
	<Point X="147" Y="276" T="0" />
	<Point X="146" Y="278" T="0" />
	<Point X="144" Y="278" T="0" />
	<Point X="143" Y="278" T="0" />
	<Point X="142" Y="278" T="0" />
	<Point X="142" Y="278" T="0" />
</Gesture>