<?xml version="1.0" encoding="utf-8" standalone="yes"?>
<Gesture Name="star02" NumPts="73">
	<Point X="133" Y="334" T="0" />
	<Point X="134" Y="330" T="0" />
	<Point X="142" Y="320" T="0" />
	<Point X="169" Y="276" T="0" />
	<Point X="206" Y="220" T="0" />
	<Point X="218" Y="199" T="0" />
	<Point X="227" Y="184" T="0" />
	<Point X="233" Y="168" T="0" />
	<Point X="238" Y="156" T="0" />
	<Point X="241" Y="145" T="0" />
	<Point X="244" Y="137" T="0" />
	<Point X="246" Y="130" T="0" />
	<Point X="248" Y="126" T="0" />
	<Point X="248" Y="120" T="0" />
	<Point X="250" Y="117" T="0" />
	<Point X="252" Y="114" T="0" />
	<Point X="254" Y="114" T="0" />
	<Point X="256" Y="114" T="0" />
	<Point X="262" Y="127" T="0" />
	<Point X="274" Y="158" T="0" />
	<Point X="294" Y="221" T="0" />
	<Point X="314" Y="286" T="0" />
	<Point X="326" Y="329" T="0" />
	<Point X="336" Y="358" T="0" />
	<Point X="344" Y="380" T="0" />
	<Point X="348" Y="391" T="0" />
	<Point X="350" Y="398" T="0" />
	<Point X="351" Y="399" T="0" />
	<Point X="350" Y="399" T="0" />
	<Point X="348" Y="397" T="0" />
	<Point X="334" Y="386" T="0" />
	<Point X="295" Y="356" T="0" />
	<Point X="238" Y="313" T="0" />
	<Point X="196" Y="284" T="0" />
	<Point X="160" Y="261" T="0" />
	<Point X="127" Y="238" T="0" />
	<Point X="114" Y="230" T="0" />
	<Point X="107" Y="226" T="0" />
	<Point X="99" Y="222" T="0" />
	<Point X="94" Y="218" T="0" />
	<Point X="90" Y="216" T="0" />
	<Point X="87" Y="215" T="0" />
	<Point X="85" Y="214" T="0" />
	<Point X="84" Y="213" T="0" />
	<Point X="84" Y="212" T="0" />
	<Point X="84" Y="212" T="0" />
	<Point X="84" Y="211" T="0" />
	<Point X="86" Y="211" T="0" />
	<Point X="104" Y="209" T="0" />
	<Point X="149" Y="204" T="0" />
	<Point X="234" Y="202" T="0" />
	<Point X="300" Y="202" T="0" />
	<Point X="328" Y="202" T="0" />
	<Point X="343" Y="202" T="0" />
	<Point X="346" Y="202" T="0" />
	<Point X="348" Y="202" T="0" />
	<Point X="349" Y="202" T="0" />
	<Point X="350" Y="202" T="0" />
	<Point X="349" Y="202" T="0" />
	<Point X="348" Y="204" T="0" />
	<Point X="342" Y="209" T="0" />
	<Point X="327" Y="223" T="0" />
	<Point X="284" Y="258" T="0" />
	<Point X="234" Y="294" T="0" />
	<Point X="194" Y="321" T="0" />
	<Point X="172" Y="332" T="0" />
	<Point X="157" Y="340" T="0" />
	<Point X="151" Y="342" T="0" />
	<Point X="148" Y="344" T="0" />
	<Point X="148" Y="344" T="0" />
	<Point X="147" Y="345" T="0" />
	<Point X="146" Y="345" T="0" />
	<Point X="146" Y="346" T="0" />
</Gesture>