<?xml version="1.0" encoding="utf-8" standalone="yes"?>
<Gesture Name="triangle04" NumPts="48">
	<Point X="190" Y="100" T="0" />
	<Point X="190" Y="101" T="0" />
	<Point X="186" Y="116" T="0" />
	<Point X="174" Y="159" T="0" />
	<Point X="156" Y="209" T="0" />
	<Point X="146" Y="240" T="0" />
	<Point X="138" Y="268" T="0" />
	<Point X="131" Y="290" T="0" />
	<Point X="129" Y="298" T="0" />
	<Point X="126" Y="320" T="0" />
	<Point X="126" Y="328" T="0" />
	<Point X="126" Y="338" T="0" />
	<Point X="126" Y="344" T="0" />
	<Point X="126" Y="347" T="0" />
	<Point X="126" Y="352" T="0" />
	<Point X="126" Y="354" T="0" />
	<Point X="126" Y="355" T="0" />
	<Point X="127" Y="356" T="0" />
	<Point X="128" Y="356" T="0" />
	<Point X="132" Y="356" T="0" />
	<Point X="144" Y="355" T="0" />
	<Point X="172" Y="348" T="0" />
	<Point X="219" Y="338" T="0" />
	<Point X="244" Y="333" T="0" />
	<Point X="275" Y="325" T="0" />
	<Point X="290" Y="323" T="0" />
	<Point X="297" Y="322" T="0" />
	<Point X="304" Y="320" T="0" />
	<Point X="307" Y="320" T="0" />
	<Point X="309" Y="320" T="0" />
	<Point X="311" Y="319" T="0" />
	<Point X="313" Y="318" T="0" />
	<Point X="313" Y="318" T="0" />
	<Point X="313" Y="313" T="0" />
	<Point X="312" Y="308" T="0" />
	<Point X="297" Y="283" T="0" />
	<Point X="284" Y="262" T="0" />
	<Point X="265" Y="236" T="0" />
	<Point X="245" Y="210" T="0" />
	<Point X="220" Y="173" T="0" />
	<Point X="206" Y="149" T="0" />
	<Point X="191" Y="129" T="0" />
	<Point X="185" Y="122" T="0" />
	<Point X="180" Y="117" T="0" />
	<Point X="178" Y="115" T="0" />
	<Point X="177" Y="114" T="0" />
	<Point X="176" Y="113" T="0" />
	<Point X="176" Y="113" T="0" />
</Gesture>