<?xml version="1.0" encoding="utf-8" standalone="yes"?>
<Gesture Name="triangle09" NumPts="45">
	<Point X="270" Y="84" T="0" />
	<Point X="269" Y="85" T="0" />
	<Point X="258" Y="98" T="0" />
	<Point X="241" Y="119" T="0" />
	<Point X="219" Y="145" T="0" />
	<Point X="191" Y="181" T="0" />
	<Point X="180" Y="199" T="0" />
	<Point X="173" Y="213" T="0" />
	<Point X="168" Y="224" T="0" />
	<Point X="166" Y="227" T="0" />
	<Point X="166" Y="231" T="0" />
	<Point X="165" Y="233" T="0" />
	<Point X="164" Y="234" T="0" />
	<Point X="164" Y="238" T="0" />
	<Point X="164" Y="240" T="0" />
	<Point X="164" Y="242" T="0" />
	<Point X="165" Y="244" T="0" />
	<Point X="170" Y="247" T="0" />
	<Point X="201" Y="248" T="0" />
	<Point X="280" Y="241" T="0" />
	<Point X="360" Y="224" T="0" />
	<Point X="431" Y="210" T="0" />
	<Point X="442" Y="205" T="0" />
	<Point X="444" Y="204" T="0" />
	<Point X="446" Y="203" T="0" />
	<Point X="446" Y="202" T="0" />
	<Point X="446" Y="202" T="0" />
	<Point X="445" Y="201" T="0" />
	<Point X="444" Y="200" T="0" />
	<Point X="440" Y="196" T="0" />
	<Point X="431" Y="188" T="0" />
	<Point X="394" Y="158" T="0" />
	<Point X="354" Y="132" T="0" />
	<Point X="329" Y="118" T="0" />
	<Point X="310" Y="111" T="0" />
	<Point X="291" Y="105" T="0" />
	<Point X="284" Y="102" T="0" />
	<Point X="278" Y="98" T="0" />
	<Point X="275" Y="96" T="0" />
	<Point X="272" Y="91" T="0" />
	<Point X="270" Y="87" T="0" />
	<Point X="269" Y="86" T="0" />
	<Point X="268" Y="85" T="0" />
	<Point X="268" Y="84" T="0" />
	<Point X="266" Y="84" T="0" />
</Gesture>