<?xml version="1.0" encoding="utf-8" standalone="yes"?>
<Gesture Name="triangle05" NumPts="65">
	<Point X="173" Y="136" T="0" />
	<Point X="172" Y="138" T="0" />
	<Point X="170" Y="140" T="0" />
	<Point X="167" Y="147" T="0" />
	<Point X="158" Y="161" T="0" />
	<Point X="151" Y="176" T="0" />
	<Point X="142" Y="196" T="0" />
	<Point X="133" Y="209" T="0" />
	<Point X="126" Y="224" T="0" />
	<Point X="119" Y="238" T="0" />
	<Point X="114" Y="248" T="0" />
	<Point X="108" Y="261" T="0" />
	<Point X="104" Y="272" T="0" />
	<Point X="100" Y="283" T="0" />
	<Point X="94" Y="300" T="0" />
	<Point X="92" Y="306" T="0" />
	<Point X="90" Y="312" T="0" />
	<Point X="88" Y="316" T="0" />
	<Point X="88" Y="317" T="0" />
	<Point X="88" Y="318" T="0" />
	<Point X="88" Y="318" T="0" />
	<Point X="88" Y="319" T="0" />
	<Point X="88" Y="320" T="0" />
	<Point X="90" Y="320" T="0" />
	<Point X="92" Y="321" T="0" />
	<Point X="100" Y="321" T="0" />
	<Point X="118" Y="320" T="0" />
	<Point X="189" Y="314" T="0" />
	<Point X="218" Y="311" T="0" />
	<Point X="254" Y="306" T="0" />
	<Point X="288" Y="299" T="0" />
	<Point X="299" Y="297" T="0" />
	<Point X="306" Y="295" T="0" />
	<Point X="307" Y="294" T="0" />
	<Point X="308" Y="294" T="0" />
	<Point X="310" Y="294" T="0" />
	<Point X="312" Y="294" T="0" />
	<Point X="312" Y="294" T="0" />
	<Point X="314" Y="294" T="0" />
	<Point X="314" Y="294" T="0" />
	<Point X="314" Y="292" T="0" />
	<Point X="309" Y="288" T="0" />
	<Point X="298" Y="278" T="0" />
	<Point X="275" Y="256" T="0" />
	<Point X="246" Y="230" T="0" />
	<Point X="230" Y="214" T="0" />
	<Point X="217" Y="204" T="0" />
	<Point X="206" Y="192" T="0" />
	<Point X="202" Y="188" T="0" />
	<Point X="196" Y="184" T="0" />
	<Point X="194" Y="180" T="0" />
	<Point X="190" Y="179" T="0" />
	<Point X="186" Y="175" T="0" />
	<Point X="182" Y="170" T="0" />
	<Point X="180" Y="167" T="0" />
	<Point X="177" Y="163" T="0" />
	<Point X="175" Y="161" T="0" />
	<Point X="172" Y="158" T="0" />
	<Point X="169" Y="154" T="0" />
	<Point X="168" Y="152" T="0" />
	<Point X="166" Y="150" T="0" />
	<Point X="166" Y="148" T="0" />
	<Point X="165" Y="147" T="0" />
	<Point X="164" Y="146" T="0" />
	<Point X="164" Y="145" T="0" />
</Gesture>