<?xml version="1.0" encoding="utf-8" standalone="yes"?>
<Gesture Name="triangle08" NumPts="38">
	<Point X="143" Y="182" T="0" />
	<Point X="140" Y="185" T="0" />
	<Point X="132" Y="194" T="0" />
	<Point X="112" Y="218" T="0" />
	<Point X="74" Y="263" T="0" />
	<Point X="58" Y="285" T="0" />
	<Point X="46" Y="300" T="0" />
	<Point X="34" Y="314" T="0" />
	<Point X="30" Y="318" T="0" />
	<Point X="28" Y="322" T="0" />
	<Point X="27" Y="324" T="0" />
	<Point X="26" Y="324" T="0" />
	<Point X="26" Y="326" T="0" />
	<Point X="26" Y="328" T="0" />
	<Point X="26" Y="328" T="0" />
	<Point X="26" Y="330" T="0" />
	<Point X="30" Y="332" T="0" />
	<Point X="45" Y="334" T="0" />
	<Point X="146" Y="345" T="0" />
	<Point X="223" Y="353" T="0" />
	<Point X="274" Y="358" T="0" />
	<Point X="314" Y="364" T="0" />
	<Point X="324" Y="366" T="0" />
	<Point X="330" Y="368" T="0" />
	<Point X="330" Y="368" T="0" />
	<Point X="331" Y="368" T="0" />
	<Point X="332" Y="368" T="0" />
	<Point X="332" Y="367" T="0" />
	<Point X="332" Y="366" T="0" />
	<Point X="328" Y="364" T="0" />
	<Point X="321" Y="355" T="0" />
	<Point X="300" Y="337" T="0" />
	<Point X="230" Y="275" T="0" />
	<Point X="177" Y="226" T="0" />
	<Point X="147" Y="194" T="0" />
	<Point X="119" Y="165" T="0" />
	<Point X="111" Y="156" T="0" />
	<Point X="107" Y="152" T="0" />
</Gesture>