<?xml version="1.0" encoding="utf-8" standalone="yes"?>
<Gesture Name="triangle01" NumPts="62">
	<Point X="254" Y="223" T="0" />
	<Point X="250" Y="230" T="0" />
	<Point X="244" Y="238" T="0" />
	<Point X="228" Y="267" T="0" />
	<Point X="198" Y="308" T="0" />
	<Point X="188" Y="321" T="0" />
	<Point X="182" Y="328" T="0" />
	<Point X="178" Y="333" T="0" />
	<Point X="175" Y="336" T="0" />
	<Point X="174" Y="340" T="0" />
	<Point X="170" Y="346" T="0" />
	<Point X="168" Y="348" T="0" />
	<Point X="167" Y="350" T="0" />
	<Point X="166" Y="352" T="0" />
	<Point X="166" Y="354" T="0" />
	<Point X="166" Y="354" T="0" />
	<Point X="167" Y="354" T="0" />
	<Point X="169" Y="354" T="0" />
	<Point X="173" Y="354" T="0" />
	<Point X="186" Y="356" T="0" />
	<Point X="224" Y="356" T="0" />
	<Point X="262" Y="357" T="0" />
	<Point X="294" Y="357" T="0" />
	<Point X="320" Y="356" T="0" />
	<Point X="330" Y="356" T="0" />
	<Point X="336" Y="354" T="0" />
	<Point X="344" Y="353" T="0" />
	<Point X="348" Y="352" T="0" />
	<Point X="351" Y="351" T="0" />
	<Point X="354" Y="350" T="0" />
	<Point X="355" Y="350" T="0" />
	<Point X="356" Y="349" T="0" />
	<Point X="356" Y="348" T="0" />
	<Point X="356" Y="348" T="0" />
	<Point X="356" Y="347" T="0" />
	<Point X="355" Y="346" T="0" />
	<Point X="352" Y="344" T="0" />
	<Point X="348" Y="340" T="0" />
	<Point X="344" Y="334" T="0" />
	<Point X="334" Y="323" T="0" />
	<Point X="316" Y="298" T="0" />
	<Point X="306" Y="282" T="0" />
	<Point X="299" Y="271" T="0" />
	<Point X="294" Y="262" T="0" />
	<Point X="290" Y="256" T="0" />
	<Point X="286" Y="250" T="0" />
	<Point X="281" Y="242" T="0" />
	<Point X="276" Y="236" T="0" />
	<Point X="274" Y="230" T="0" />
	<Point X="269" Y="224" T="0" />
	<Point X="266" Y="220" T="0" />
	<Point X="266" Y="217" T="0" />
	<Point X="264" Y="214" T="0" />
	<Point X="264" Y="212" T="0" />
	<Point X="263" Y="211" T="0" />
	<Point X="262" Y="210" T="0" />
	<Point X="261" Y="210" T="0" />
	<Point X="260" Y="210" T="0" />
	<Point X="258" Y="210" T="0" />
	<Point X="258" Y="210" T="0" />
	<Point X="257" Y="210" T="0" />
	<Point X="257" Y="211" T="0" />
</Gesture>