<?xml version="1.0" encoding="utf-8" standalone="yes"?>
<Gesture Name="triangle06" NumPts="40">
	<Point X="189" Y="146" T="0" />
	<Point X="185" Y="155" T="0" />
	<Point X="176" Y="170" T="0" />
	<Point X="162" Y="194" T="0" />
	<Point X="144" Y="224" T="0" />
	<Point X="136" Y="235" T="0" />
	<Point X="132" Y="240" T="0" />
	<Point X="130" Y="245" T="0" />
	<Point X="130" Y="246" T="0" />
	<Point X="129" Y="247" T="0" />
	<Point X="129" Y="248" T="0" />
	<Point X="128" Y="248" T="0" />
	<Point X="128" Y="250" T="0" />
	<Point X="128" Y="250" T="0" />
	<Point X="130" Y="250" T="0" />
	<Point X="137" Y="251" T="0" />
	<Point X="163" Y="256" T="0" />
	<Point X="228" Y="264" T="0" />
	<Point X="326" Y="271" T="0" />
	<Point X="356" Y="272" T="0" />
	<Point X="378" Y="274" T="0" />
	<Point X="385" Y="274" T="0" />
	<Point X="388" Y="274" T="0" />
	<Point X="390" Y="274" T="0" />
	<Point X="391" Y="274" T="0" />
	<Point X="392" Y="274" T="0" />
	<Point X="393" Y="274" T="0" />
	<Point X="392" Y="274" T="0" />
	<Point X="392" Y="273" T="0" />
	<Point X="391" Y="272" T="0" />
	<Point X="385" Y="268" T="0" />
	<Point X="330" Y="224" T="0" />
	<Point X="264" Y="175" T="0" />
	<Point X="212" Y="134" T="0" />
	<Point X="184" Y="114" T="0" />
	<Point X="175" Y="109" T="0" />
	<Point X="170" Y="106" T="0" />
	<Point X="166" Y="105" T="0" />
	<Point X="165" Y="104" T="0" />
	<Point X="164" Y="104" T="0" />
</Gesture>