<?xml version="1.0" encoding="utf-8" standalone="yes"?>
<Gesture Name="triangle03" NumPts="57">
	<Point X="158" Y="165" T="0" />
	<Point X="158" Y="167" T="0" />
	<Point X="156" Y="170" T="0" />
	<Point X="151" Y="180" T="0" />
	<Point X="141" Y="210" T="0" />
	<Point X="136" Y="229" T="0" />
	<Point X="132" Y="247" T="0" />
	<Point X="126" Y="278" T="0" />
	<Point X="124" Y="298" T="0" />
	<Point X="119" Y="318" T="0" />
	<Point X="113" Y="341" T="0" />
	<Point X="108" Y="355" T="0" />
	<Point X="104" Y="366" T="0" />
	<Point X="104" Y="368" T="0" />
	<Point X="103" Y="370" T="0" />
	<Point X="102" Y="370" T="0" />
	<Point X="102" Y="371" T="0" />
	<Point X="102" Y="372" T="0" />
	<Point X="103" Y="372" T="0" />
	<Point X="107" Y="373" T="0" />
	<Point X="113" Y="373" T="0" />
	<Point X="152" Y="376" T="0" />
	<Point X="192" Y="376" T="0" />
	<Point X="229" Y="377" T="0" />
	<Point X="267" Y="377" T="0" />
	<Point X="284" Y="377" T="0" />
	<Point X="293" Y="377" T="0" />
	<Point X="300" Y="377" T="0" />
	<Point X="303" Y="377" T="0" />
	<Point X="305" Y="377" T="0" />
	<Point X="308" Y="377" T="0" />
	<Point X="310" Y="377" T="0" />
	<Point X="312" Y="377" T="0" />
	<Point X="313" Y="377" T="0" />
	<Point X="314" Y="377" T="0" />
	<Point X="314" Y="376" T="0" />
	<Point X="308" Y="368" T="0" />
	<Point X="296" Y="354" T="0" />
	<Point X="269" Y="328" T="0" />
	<Point X="236" Y="290" T="0" />
	<Point X="218" Y="270" T="0" />
	<Point X="202" Y="248" T="0" />
	<Point X="194" Y="236" T="0" />
	<Point X="186" Y="226" T="0" />
	<Point X="176" Y="211" T="0" />
	<Point X="172" Y="206" T="0" />
	<Point X="170" Y="199" T="0" />
	<Point X="165" Y="192" T="0" />
	<Point X="164" Y="185" T="0" />
	<Point X="160" Y="180" T="0" />
	<Point X="158" Y="178" T="0" />
	<Point X="158" Y="174" T="0" />
	<Point X="158" Y="172" T="0" />
	<Point X="157" Y="171" T="0" />
	<Point X="156" Y="170" T="0" />
	<Point X="156" Y="168" T="0" />
	<Point X="156" Y="167" T="0" />
</Gesture>