<?xml version="1.0" encoding="utf-8" standalone="yes"?>
<Gesture Name="v04" NumPts="64">
	<Point X="108" Y="149" T="0" />
	<Point X="108" Y="149" T="0" />
	<Point X="108" Y="149" T="0" />
	<Point X="113" Y="157" T="0" />
	<Point X="119" Y="169" T="0" />
	<Point X="129" Y="186" T="0" />
	<Point X="140" Y="205" T="0" />
	<Point X="146" Y="216" T="0" />
	<Point X="154" Y="226" T="0" />
	<Point X="161" Y="233" T="0" />
	<Point X="164" Y="236" T="0" />
	<Point X="167" Y="240" T="0" />
	<Point X="170" Y="243" T="0" />
	<Point X="173" Y="248" T="0" />
	<Point X="176" Y="251" T="0" />
	<Point X="178" Y="255" T="0" />
	<Point X="182" Y="260" T="0" />
	<Point X="184" Y="266" T="0" />
	<Point X="187" Y="270" T="0" />
	<Point X="190" Y="276" T="0" />
	<Point X="192" Y="281" T="0" />
	<Point X="194" Y="285" T="0" />
	<Point X="200" Y="296" T="0" />
	<Point X="204" Y="305" T="0" />
	<Point X="212" Y="319" T="0" />
	<Point X="216" Y="324" T="0" />
	<Point X="220" Y="331" T="0" />
	<Point X="224" Y="336" T="0" />
	<Point X="228" Y="345" T="0" />
	<Point X="230" Y="348" T="0" />
	<Point X="232" Y="352" T="0" />
	<Point X="233" Y="352" T="0" />
	<Point X="234" Y="353" T="0" />
	<Point X="234" Y="352" T="0" />
	<Point X="236" Y="350" T="0" />
	<Point X="238" Y="338" T="0" />
	<Point X="248" Y="299" T="0" />
	<Point X="264" Y="248" T="0" />
	<Point X="274" Y="212" T="0" />
	<Point X="277" Y="200" T="0" />
	<Point X="280" Y="195" T="0" />
	<Point X="281" Y="192" T="0" />
	<Point X="281" Y="191" T="0" />
	<Point X="282" Y="190" T="0" />
	<Point X="282" Y="189" T="0" />
	<Point X="282" Y="188" T="0" />
	<Point X="284" Y="187" T="0" />
	<Point X="286" Y="184" T="0" />
	<Point X="287" Y="182" T="0" />
	<Point X="289" Y="178" T="0" />
	<Point X="292" Y="168" T="0" />
	<Point X="294" Y="162" T="0" />
	<Point X="298" Y="148" T="0" />
	<Point X="300" Y="142" T="0" />
	<Point X="302" Y="138" T="0" />
	<Point X="302" Y="136" T="0" />
	<Point X="302" Y="136" T="0" />
	<Point X="303" Y="135" T="0" />
	<Point X="304" Y="134" T="0" />
	<Point X="304" Y="134" T="0" />
	<Point X="304" Y="133" T="0" />
	<Point X="304" Y="132" T="0" />
	<Point X="304" Y="132" T="0" />
	<Point X="304" Y="131" T="0" />
</Gesture>