<?xml version="1.0" encoding="utf-8" standalone="yes"?>
<Gesture Name="v05" NumPts="22">
	<Point X="132" Y="136" T="0" />
	<Point X="140" Y="154" T="0" />
	<Point X="155" Y="190" T="0" />
	<Point X="181" Y="264" T="0" />
	<Point X="202" Y="321" T="0" />
	<Point X="222" Y="366" T="0" />
	<Point X="240" Y="399" T="0" />
	<Point X="246" Y="409" T="0" />
	<Point X="249" Y="412" T="0" />
	<Point X="250" Y="414" T="0" />
	<Point X="251" Y="414" T="0" />
	<Point X="252" Y="414" T="0" />
	<Point X="252" Y="414" T="0" />
	<Point X="252" Y="414" T="0" />
	<Point X="253" Y="412" T="0" />
	<Point X="257" Y="404" T="0" />
	<Point X="273" Y="364" T="0" />
	<Point X="337" Y="230" T="0" />
	<Point X="360" Y="180" T="0" />
	<Point X="369" Y="160" T="0" />
	<Point X="373" Y="152" T="0" />
	<Point X="374" Y="151" T="0" />
</Gesture>