<?xml version="1.0" encoding="utf-8" standalone="yes"?>
<Gesture Name="v06" NumPts="27">
	<Point X="57" Y="77" T="0" />
	<Point X="57" Y="77" T="0" />
	<Point X="62" Y="99" T="0" />
	<Point X="75" Y="138" T="0" />
	<Point X="104" Y="212" T="0" />
	<Point X="135" Y="274" T="0" />
	<Point X="177" Y="353" T="0" />
	<Point X="198" Y="384" T="0" />
	<Point X="211" Y="400" T="0" />
	<Point X="220" Y="411" T="0" />
	<Point X="223" Y="412" T="0" />
	<Point X="224" Y="413" T="0" />
	<Point X="225" Y="413" T="0" />
	<Point X="226" Y="413" T="0" />
	<Point X="226" Y="413" T="0" />
	<Point X="227" Y="413" T="0" />
	<Point X="228" Y="413" T="0" />
	<Point X="233" Y="405" T="0" />
	<Point X="250" Y="373" T="0" />
	<Point X="289" Y="292" T="0" />
	<Point X="322" Y="198" T="0" />
	<Point X="330" Y="168" T="0" />
	<Point X="333" Y="158" T="0" />
	<Point X="335" Y="154" T="0" />
	<Point X="335" Y="152" T="0" />
	<Point X="336" Y="152" T="0" />
	<Point X="337" Y="152" T="0" />
</Gesture>