<?xml version="1.0" encoding="utf-8" standalone="yes"?>
<Gesture Name="v07" NumPts="19">
	<Point X="126" Y="171" T="0" />
	<Point X="126" Y="171" T="0" />
	<Point X="136" Y="198" T="0" />
	<Point X="156" Y="242" T="0" />
	<Point X="192" Y="323" T="0" />
	<Point X="224" Y="380" T="0" />
	<Point X="246" Y="418" T="0" />
	<Point X="254" Y="432" T="0" />
	<Point X="258" Y="438" T="0" />
	<Point X="260" Y="440" T="0" />
	<Point X="261" Y="440" T="0" />
	<Point X="262" Y="440" T="0" />
	<Point X="264" Y="434" T="0" />
	<Point X="280" Y="395" T="0" />
	<Point X="328" Y="291" T="0" />
	<Point X="371" Y="196" T="0" />
	<Point X="382" Y="170" T="0" />
	<Point X="385" Y="162" T="0" />
	<Point X="386" Y="159" T="0" />
</Gesture>