<?xml version="1.0" encoding="utf-8" standalone="yes"?>
<Gesture Name="v09" NumPts="15">
	<Point X="124" Y="136" T="0" />
	<Point X="124" Y="136" T="0" />
	<Point X="134" Y="165" T="0" />
	<Point X="168" Y="261" T="0" />
	<Point X="187" Y="312" T="0" />
	<Point X="198" Y="334" T="0" />
	<Point X="204" Y="346" T="0" />
	<Point X="205" Y="348" T="0" />
	<Point X="206" Y="349" T="0" />
	<Point X="208" Y="349" T="0" />
	<Point X="210" Y="344" T="0" />
	<Point X="232" Y="297" T="0" />
	<Point X="258" Y="230" T="0" />
	<Point X="271" Y="193" T="0" />
	<Point X="282" Y="169" T="0" />
</Gesture>