<?xml version="1.0" encoding="utf-8" standalone="yes"?>
<Gesture Name="v10" NumPts="22">
	<Point X="106" Y="129" T="0" />
	<Point X="106" Y="129" T="0" />
	<Point X="112" Y="140" T="0" />
	<Point X="139" Y="190" T="0" />
	<Point X="162" Y="231" T="0" />
	<Point X="182" Y="264" T="0" />
	<Point X="206" Y="301" T="0" />
	<Point X="218" Y="317" T="0" />
	<Point X="228" Y="332" T="0" />
	<Point X="232" Y="338" T="0" />
	<Point X="234" Y="340" T="0" />
	<Point X="236" Y="344" T="0" />
	<Point X="236" Y="344" T="0" />
	<Point X="237" Y="344" T="0" />
	<Point X="238" Y="342" T="0" />
	<Point X="240" Y="337" T="0" />
	<Point X="244" Y="314" T="0" />
	<Point X="252" Y="166" T="0" />
	<Point X="256" Y="90" T="0" />
	<Point X="258" Y="52" T="0" />
	<Point X="258" Y="38" T="0" />
	<Point X="258" Y="37" T="0" />
</Gesture>