<?xml version="1.0" encoding="utf-8" standalone="yes"?>
<Gesture Name="x01" NumPts="39">
	<Point X="159" Y="172" T="0" />
	<Point X="166" Y="176" T="0" />
	<Point X="178" Y="185" T="0" />
	<Point X="204" Y="204" T="0" />
	<Point X="228" Y="220" T="0" />
	<Point X="256" Y="242" T="0" />
	<Point X="267" Y="250" T="0" />
	<Point X="274" Y="255" T="0" />
	<Point X="280" Y="260" T="0" />
	<Point X="284" Y="262" T="0" />
	<Point X="287" Y="265" T="0" />
	<Point X="290" Y="267" T="0" />
	<Point X="292" Y="269" T="0" />
	<Point X="294" Y="271" T="0" />
	<Point X="296" Y="272" T="0" />
	<Point X="296" Y="273" T="0" />
	<Point X="297" Y="274" T="0" />
	<Point X="297" Y="273" T="0" />
	<Point X="297" Y="270" T="0" />
	<Point X="297" Y="262" T="0" />
	<Point X="295" Y="231" T="0" />
	<Point X="286" Y="180" T="0" />
	<Point X="284" Y="160" T="0" />
	<Point X="282" Y="146" T="0" />
	<Point X="280" Y="135" T="0" />
	<Point X="280" Y="131" T="0" />
	<Point X="280" Y="128" T="0" />
	<Point X="280" Y="126" T="0" />
	<Point X="280" Y="126" T="0" />
	<Point X="280" Y="125" T="0" />
	<Point X="279" Y="126" T="0" />
	<Point X="278" Y="128" T="0" />
	<Point X="266" Y="145" T="0" />
	<Point X="248" Y="174" T="0" />
	<Point X="223" Y="218" T="0" />
	<Point X="207" Y="254" T="0" />
	<Point X="202" Y="266" T="0" />
	<Point X="198" Y="274" T="0" />
	<Point X="197" Y="277" T="0" />
</Gesture>