<?xml version="1.0" encoding="utf-8" standalone="yes"?>
<Gesture Name="x02" NumPts="45">
	<Point X="151" Y="164" T="0" />
	<Point X="152" Y="166" T="0" />
	<Point X="158" Y="171" T="0" />
	<Point X="181" Y="195" T="0" />
	<Point X="199" Y="214" T="0" />
	<Point X="218" Y="236" T="0" />
	<Point X="245" Y="267" T="0" />
	<Point X="259" Y="286" T="0" />
	<Point X="276" Y="307" T="0" />
	<Point X="286" Y="317" T="0" />
	<Point X="292" Y="326" T="0" />
	<Point X="298" Y="330" T="0" />
	<Point X="301" Y="333" T="0" />
	<Point X="302" Y="335" T="0" />
	<Point X="304" Y="336" T="0" />
	<Point X="304" Y="337" T="0" />
	<Point X="305" Y="338" T="0" />
	<Point X="306" Y="337" T="0" />
	<Point X="308" Y="331" T="0" />
	<Point X="309" Y="314" T="0" />
	<Point X="312" Y="287" T="0" />
	<Point X="312" Y="235" T="0" />
	<Point X="310" Y="203" T="0" />
	<Point X="306" Y="169" T="0" />
	<Point X="301" Y="146" T="0" />
	<Point X="300" Y="140" T="0" />
	<Point X="299" Y="136" T="0" />
	<Point X="298" Y="134" T="0" />
	<Point X="297" Y="133" T="0" />
	<Point X="296" Y="131" T="0" />
	<Point X="294" Y="130" T="0" />
	<Point X="293" Y="129" T="0" />
	<Point X="292" Y="128" T="0" />
	<Point X="291" Y="127" T="0" />
	<Point X="290" Y="127" T="0" />
	<Point X="290" Y="127" T="0" />
	<Point X="287" Y="130" T="0" />
	<Point X="273" Y="150" T="0" />
	<Point X="245" Y="200" T="0" />
	<Point X="210" Y="269" T="0" />
	<Point X="184" Y="331" T="0" />
	<Point X="176" Y="348" T="0" />
	<Point X="173" Y="356" T="0" />
	<Point X="172" Y="360" T="0" />
	<Point X="171" Y="361" T="0" />
</Gesture>