<?xml version="1.0" encoding="utf-8" standalone="yes"?>
<Gesture Name="x03" NumPts="44">
	<Point X="150" Y="141" T="0" />
	<Point X="150" Y="142" T="0" />
	<Point X="152" Y="145" T="0" />
	<Point X="156" Y="150" T="0" />
	<Point X="180" Y="180" T="0" />
	<Point X="205" Y="203" T="0" />
	<Point X="243" Y="233" T="0" />
	<Point X="282" Y="263" T="0" />
	<Point X="305" Y="281" T="0" />
	<Point X="338" Y="309" T="0" />
	<Point X="351" Y="321" T="0" />
	<Point X="358" Y="328" T="0" />
	<Point X="364" Y="331" T="0" />
	<Point X="366" Y="332" T="0" />
	<Point X="366" Y="332" T="0" />
	<Point X="367" Y="324" T="0" />
	<Point X="366" Y="305" T="0" />
	<Point X="365" Y="236" T="0" />
	<Point X="363" Y="145" T="0" />
	<Point X="363" Y="89" T="0" />
	<Point X="359" Y="44" T="0" />
	<Point X="356" Y="36" T="0" />
	<Point X="354" Y="33" T="0" />
	<Point X="352" Y="33" T="0" />
	<Point X="348" Y="38" T="0" />
	<Point X="340" Y="48" T="0" />
	<Point X="310" Y="101" T="0" />
	<Point X="272" Y="174" T="0" />
	<Point X="239" Y="234" T="0" />
	<Point X="226" Y="260" T="0" />
	<Point X="220" Y="271" T="0" />
	<Point X="215" Y="280" T="0" />
	<Point X="214" Y="283" T="0" />
	<Point X="213" Y="284" T="0" />
	<Point X="212" Y="286" T="0" />
	<Point X="212" Y="287" T="0" />
	<Point X="212" Y="288" T="0" />
	<Point X="211" Y="289" T="0" />
	<Point X="210" Y="290" T="0" />
	<Point X="209" Y="292" T="0" />
	<Point X="208" Y="293" T="0" />
	<Point X="208" Y="294" T="0" />
	<Point X="207" Y="295" T="0" />
	<Point X="207" Y="296" T="0" />
</Gesture>