<?xml version="1.0" encoding="utf-8" standalone="yes"?>
<Gesture Name="x05" NumPts="39">
	<Point X="134" Y="69" T="0" />
	<Point X="136" Y="70" T="0" />
	<Point X="139" Y="73" T="0" />
	<Point X="154" Y="92" T="0" />
	<Point X="175" Y="122" T="0" />
	<Point X="210" Y="177" T="0" />
	<Point X="232" Y="215" T="0" />
	<Point X="253" Y="256" T="0" />
	<Point X="291" Y="333" T="0" />
	<Point X="306" Y="362" T="0" />
	<Point X="319" Y="384" T="0" />
	<Point X="322" Y="388" T="0" />
	<Point X="322" Y="389" T="0" />
	<Point X="323" Y="389" T="0" />
	<Point X="324" Y="389" T="0" />
	<Point X="325" Y="389" T="0" />
	<Point X="327" Y="385" T="0" />
	<Point X="331" Y="378" T="0" />
	<Point X="337" Y="351" T="0" />
	<Point X="350" Y="301" T="0" />
	<Point X="362" Y="247" T="0" />
	<Point X="371" Y="192" T="0" />
	<Point X="372" Y="168" T="0" />
	<Point X="372" Y="157" T="0" />
	<Point X="372" Y="141" T="0" />
	<Point X="370" Y="136" T="0" />
	<Point X="369" Y="132" T="0" />
	<Point X="368" Y="129" T="0" />
	<Point X="366" Y="128" T="0" />
	<Point X="366" Y="128" T="0" />
	<Point X="364" Y="128" T="0" />
	<Point X="361" Y="130" T="0" />
	<Point X="324" Y="163" T="0" />
	<Point X="258" Y="226" T="0" />
	<Point X="210" Y="276" T="0" />
	<Point X="178" Y="316" T="0" />
	<Point X="168" Y="331" T="0" />
	<Point X="164" Y="337" T="0" />
	<Point X="162" Y="340" T="0" />
</Gesture>