<?xml version="1.0" encoding="utf-8" standalone="yes"?>
<Gesture Name="x06" NumPts="39">
	<Point X="149" Y="114" T="0" />
	<Point X="152" Y="118" T="0" />
	<Point X="166" Y="138" T="0" />
	<Point X="195" Y="185" T="0" />
	<Point X="230" Y="242" T="0" />
	<Point X="260" Y="293" T="0" />
	<Point X="276" Y="317" T="0" />
	<Point X="293" Y="342" T="0" />
	<Point X="300" Y="352" T="0" />
	<Point X="304" Y="357" T="0" />
	<Point X="306" Y="360" T="0" />
	<Point X="308" Y="362" T="0" />
	<Point X="310" Y="362" T="0" />
	<Point X="310" Y="360" T="0" />
	<Point X="313" Y="350" T="0" />
	<Point X="318" Y="313" T="0" />
	<Point X="327" Y="205" T="0" />
	<Point X="329" Y="164" T="0" />
	<Point X="330" Y="136" T="0" />
	<Point X="330" Y="129" T="0" />
	<Point X="330" Y="126" T="0" />
	<Point X="330" Y="124" T="0" />
	<Point X="330" Y="124" T="0" />
	<Point X="330" Y="122" T="0" />
	<Point X="327" Y="121" T="0" />
	<Point X="326" Y="120" T="0" />
	<Point X="324" Y="120" T="0" />
	<Point X="319" Y="122" T="0" />
	<Point X="306" Y="131" T="0" />
	<Point X="248" Y="195" T="0" />
	<Point X="204" Y="247" T="0" />
	<Point X="184" Y="276" T="0" />
	<Point X="174" Y="292" T="0" />
	<Point X="170" Y="298" T="0" />
	<Point X="170" Y="300" T="0" />
	<Point X="169" Y="300" T="0" />
	<Point X="169" Y="300" T="0" />
	<Point X="169" Y="298" T="0" />
	<Point X="169" Y="298" T="0" />
</Gesture>