<?xml version="1.0" encoding="utf-8" standalone="yes"?>
<Gesture Name="x09" NumPts="40">
	<Point X="104" Y="224" T="0" />
	<Point X="115" Y="239" T="0" />
	<Point X="133" Y="263" T="0" />
	<Point X="176" Y="312" T="0" />
	<Point X="218" Y="354" T="0" />
	<Point X="271" Y="400" T="0" />
	<Point X="292" Y="415" T="0" />
	<Point X="302" Y="424" T="0" />
	<Point X="304" Y="426" T="0" />
	<Point X="305" Y="426" T="0" />
	<Point X="306" Y="426" T="0" />
	<Point X="306" Y="426" T="0" />
	<Point X="306" Y="425" T="0" />
	<Point X="307" Y="422" T="0" />
	<Point X="310" Y="410" T="0" />
	<Point X="318" Y="375" T="0" />
	<Point X="337" Y="255" T="0" />
	<Point X="342" Y="204" T="0" />
	<Point X="343" Y="170" T="0" />
	<Point X="343" Y="140" T="0" />
	<Point X="343" Y="131" T="0" />
	<Point X="342" Y="129" T="0" />
	<Point X="342" Y="128" T="0" />
	<Point X="342" Y="128" T="0" />
	<Point X="342" Y="130" T="0" />
	<Point X="341" Y="131" T="0" />
	<Point X="341" Y="132" T="0" />
	<Point X="340" Y="133" T="0" />
	<Point X="340" Y="134" T="0" />
	<Point X="338" Y="136" T="0" />
	<Point X="328" Y="149" T="0" />
	<Point X="276" Y="207" T="0" />
	<Point X="189" Y="301" T="0" />
	<Point X="110" Y="382" T="0" />
	<Point X="92" Y="402" T="0" />
	<Point X="85" Y="410" T="0" />
	<Point X="83" Y="414" T="0" />
	<Point X="83" Y="412" T="0" />
	<Point X="83" Y="412" T="0" />
	<Point X="83" Y="410" T="0" />
</Gesture>