<?xml version="1.0" encoding="utf-8" standalone="yes"?>
<Gesture Name="x10" NumPts="44">
	<Point X="168" Y="159" T="0" />
	<Point X="168" Y="159" T="0" />
	<Point X="174" Y="168" T="0" />
	<Point X="192" Y="207" T="0" />
	<Point X="212" Y="242" T="0" />
	<Point X="228" Y="268" T="0" />
	<Point X="243" Y="293" T="0" />
	<Point X="248" Y="304" T="0" />
	<Point X="252" Y="310" T="0" />
	<Point X="254" Y="314" T="0" />
	<Point X="256" Y="316" T="0" />
	<Point X="257" Y="317" T="0" />
	<Point X="258" Y="318" T="0" />
	<Point X="258" Y="319" T="0" />
	<Point X="258" Y="320" T="0" />
	<Point X="262" Y="299" T="0" />
	<Point X="273" Y="257" T="0" />
	<Point X="281" Y="222" T="0" />
	<Point X="299" Y="150" T="0" />
	<Point X="303" Y="131" T="0" />
	<Point X="305" Y="124" T="0" />
	<Point X="305" Y="122" T="0" />
	<Point X="305" Y="122" T="0" />
	<Point X="305" Y="122" T="0" />
	<Point X="305" Y="123" T="0" />
	<Point X="305" Y="124" T="0" />
	<Point X="304" Y="126" T="0" />
	<Point X="303" Y="128" T="0" />
	<Point X="300" Y="133" T="0" />
	<Point X="275" Y="169" T="0" />
	<Point X="225" Y="228" T="0" />
	<Point X="180" Y="274" T="0" />
	<Point X="155" Y="301" T="0" />
	<Point X="146" Y="308" T="0" />
	<Point X="141" Y="312" T="0" />
	<Point X="140" Y="314" T="0" />
	<Point X="140" Y="314" T="0" />
	<Point X="139" Y="315" T="0" />
	<Point X="138" Y="316" T="0" />
	<Point X="138" Y="316" T="0" />
	<Point X="137" Y="316" T="0" />
	<Point X="136" Y="316" T="0" />
	<Point X="136" Y="315" T="0" />
	<Point X="136" Y="314" T="0" />
</Gesture>