<?xml version="1.0" encoding="utf-8" standalone="yes"?>
<Gesture Name="zigzag09" NumPts="50">
	<Point X="56" Y="300" T="0" />
	<Point X="68" Y="276" T="0" />
	<Point X="95" Y="234" T="0" />
	<Point X="151" Y="154" T="0" />
	<Point X="162" Y="143" T="0" />
	<Point X="168" Y="138" T="0" />
	<Point X="171" Y="138" T="0" />
	<Point X="172" Y="138" T="0" />
	<Point X="174" Y="139" T="0" />
	<Point X="175" Y="140" T="0" />
	<Point X="175" Y="143" T="0" />
	<Point X="172" Y="158" T="0" />
	<Point X="166" Y="186" T="0" />
	<Point X="152" Y="233" T="0" />
	<Point X="146" Y="256" T="0" />
	<Point X="144" Y="274" T="0" />
	<Point X="142" Y="288" T="0" />
	<Point X="143" Y="294" T="0" />
	<Point X="144" Y="298" T="0" />
	<Point X="147" Y="302" T="0" />
	<Point X="149" Y="303" T="0" />
	<Point X="155" Y="300" T="0" />
	<Point X="166" Y="288" T="0" />
	<Point X="193" Y="248" T="0" />
	<Point X="224" Y="202" T="0" />
	<Point X="230" Y="188" T="0" />
	<Point X="235" Y="179" T="0" />
	<Point X="239" Y="172" T="0" />
	<Point X="240" Y="170" T="0" />
	<Point X="241" Y="168" T="0" />
	<Point X="242" Y="167" T="0" />
	<Point X="244" Y="166" T="0" />
	<Point X="244" Y="166" T="0" />
	<Point X="246" Y="168" T="0" />
	<Point X="248" Y="173" T="0" />
	<Point X="248" Y="200" T="0" />
	<Point X="244" Y="234" T="0" />
	<Point X="240" Y="268" T="0" />
	<Point X="236" Y="299" T="0" />
	<Point X="236" Y="311" T="0" />
	<Point X="236" Y="318" T="0" />
	<Point X="238" Y="326" T="0" />
	<Point X="239" Y="328" T="0" />
	<Point X="242" Y="329" T="0" />
	<Point X="250" Y="326" T="0" />
	<Point X="274" Y="306" T="0" />
	<Point X="314" Y="266" T="0" />
	<Point X="352" Y="223" T="0" />
	<Point X="366" Y="206" T="0" />
	<Point X="380" Y="193" T="0" />
</Gesture>