<?xml version="1.0" encoding="utf-8" standalone="yes"?>
<Gesture Name="zigzag07" NumPts="48">
	<Point X="28" Y="288" T="0" />
	<Point X="38" Y="278" T="0" />
	<Point X="56" Y="262" T="0" />
	<Point X="112" Y="194" T="0" />
	<Point X="134" Y="160" T="0" />
	<Point X="154" Y="126" T="0" />
	<Point X="159" Y="118" T="0" />
	<Point X="162" Y="115" T="0" />
	<Point X="165" Y="114" T="0" />
	<Point X="167" Y="115" T="0" />
	<Point X="170" Y="120" T="0" />
	<Point X="179" Y="144" T="0" />
	<Point X="187" Y="190" T="0" />
	<Point X="194" Y="281" T="0" />
	<Point X="196" Y="310" T="0" />
	<Point X="196" Y="334" T="0" />
	<Point X="196" Y="350" T="0" />
	<Point X="196" Y="354" T="0" />
	<Point X="196" Y="356" T="0" />
	<Point X="198" Y="356" T="0" />
	<Point X="203" Y="350" T="0" />
	<Point X="216" Y="331" T="0" />
	<Point X="254" Y="265" T="0" />
	<Point X="275" Y="228" T="0" />
	<Point X="287" Y="202" T="0" />
	<Point X="296" Y="182" T="0" />
	<Point X="298" Y="176" T="0" />
	<Point X="300" Y="172" T="0" />
	<Point X="301" Y="172" T="0" />
	<Point X="302" Y="172" T="0" />
	<Point X="302" Y="175" T="0" />
	<Point X="303" Y="186" T="0" />
	<Point X="302" Y="213" T="0" />
	<Point X="298" Y="280" T="0" />
	<Point X="294" Y="313" T="0" />
	<Point X="294" Y="342" T="0" />
	<Point X="294" Y="349" T="0" />
	<Point X="295" Y="352" T="0" />
	<Point X="297" Y="354" T="0" />
	<Point X="300" Y="353" T="0" />
	<Point X="307" Y="348" T="0" />
	<Point X="337" Y="309" T="0" />
	<Point X="368" Y="258" T="0" />
	<Point X="392" Y="217" T="0" />
	<Point X="412" Y="170" T="0" />
	<Point X="417" Y="160" T="0" />
	<Point X="419" Y="156" T="0" />
	<Point X="420" Y="156" T="0" />
</Gesture>