<?xml version="1.0" encoding="utf-8" standalone="yes"?>
<Gesture Name="zigzag05" NumPts="76">
	<Point X="71" Y="261" T="0" />
	<Point X="72" Y="257" T="0" />
	<Point X="76" Y="248" T="0" />
	<Point X="82" Y="234" T="0" />
	<Point X="112" Y="174" T="0" />
	<Point X="126" Y="148" T="0" />
	<Point X="136" Y="132" T="0" />
	<Point X="142" Y="123" T="0" />
	<Point X="144" Y="120" T="0" />
	<Point X="145" Y="119" T="0" />
	<Point X="146" Y="118" T="0" />
	<Point X="146" Y="118" T="0" />
	<Point X="147" Y="118" T="0" />
	<Point X="148" Y="119" T="0" />
	<Point X="148" Y="120" T="0" />
	<Point X="149" Y="121" T="0" />
	<Point X="152" Y="127" T="0" />
	<Point X="156" Y="138" T="0" />
	<Point X="162" Y="166" T="0" />
	<Point X="166" Y="188" T="0" />
	<Point X="170" Y="212" T="0" />
	<Point X="172" Y="238" T="0" />
	<Point X="174" Y="250" T="0" />
	<Point X="176" Y="260" T="0" />
	<Point X="178" Y="268" T="0" />
	<Point X="178" Y="271" T="0" />
	<Point X="179" Y="273" T="0" />
	<Point X="179" Y="274" T="0" />
	<Point X="179" Y="275" T="0" />
	<Point X="180" Y="275" T="0" />
	<Point X="180" Y="275" T="0" />
	<Point X="182" Y="274" T="0" />
	<Point X="184" Y="270" T="0" />
	<Point X="190" Y="258" T="0" />
	<Point X="202" Y="230" T="0" />
	<Point X="217" Y="190" T="0" />
	<Point X="228" Y="167" T="0" />
	<Point X="238" Y="142" T="0" />
	<Point X="240" Y="136" T="0" />
	<Point X="242" Y="133" T="0" />
	<Point X="243" Y="131" T="0" />
	<Point X="244" Y="130" T="0" />
	<Point X="245" Y="129" T="0" />
	<Point X="246" Y="127" T="0" />
	<Point X="247" Y="126" T="0" />
	<Point X="248" Y="124" T="0" />
	<Point X="248" Y="124" T="0" />
	<Point X="249" Y="124" T="0" />
	<Point X="249" Y="125" T="0" />
	<Point X="250" Y="126" T="0" />
	<Point X="250" Y="130" T="0" />
	<Point X="254" Y="182" T="0" />
	<Point X="259" Y="268" T="0" />
	<Point X="260" Y="307" T="0" />
	<Point X="264" Y="340" T="0" />
	<Point X="266" Y="350" T="0" />
	<Point X="269" Y="363" T="0" />
	<Point X="271" Y="368" T="0" />
	<Point X="273" Y="374" T="0" />
	<Point X="274" Y="378" T="0" />
	<Point X="276" Y="382" T="0" />
	<Point X="276" Y="382" T="0" />
	<Point X="277" Y="383" T="0" />
	<Point X="278" Y="383" T="0" />
	<Point X="278" Y="383" T="0" />
	<Point X="280" Y="382" T="0" />
	<Point X="284" Y="378" T="0" />
	<Point X="304" Y="351" T="0" />
	<Point X="337" Y="299" T="0" />
	<Point X="368" Y="239" T="0" />
	<Point X="386" Y="199" T="0" />
	<Point X="390" Y="188" T="0" />
	<Point X="391" Y="183" T="0" />
	<Point X="392" Y="181" T="0" />
	<Point X="393" Y="180" T="0" />
	<Point X="393" Y="180" T="0" />
</Gesture>