<?xml version="1.0" encoding="utf-8" standalone="yes"?>
<Gesture Name="zigzag10" NumPts="50">
	<Point X="80" Y="274" T="0" />
	<Point X="88" Y="261" T="0" />
	<Point X="128" Y="202" T="0" />
	<Point X="152" Y="158" T="0" />
	<Point X="163" Y="138" T="0" />
	<Point X="166" Y="134" T="0" />
	<Point X="166" Y="133" T="0" />
	<Point X="168" Y="133" T="0" />
	<Point X="168" Y="134" T="0" />
	<Point X="170" Y="138" T="0" />
	<Point X="177" Y="156" T="0" />
	<Point X="184" Y="182" T="0" />
	<Point X="193" Y="220" T="0" />
	<Point X="203" Y="264" T="0" />
	<Point X="206" Y="282" T="0" />
	<Point X="210" Y="292" T="0" />
	<Point X="210" Y="299" T="0" />
	<Point X="211" Y="300" T="0" />
	<Point X="213" Y="302" T="0" />
	<Point X="216" Y="301" T="0" />
	<Point X="221" Y="297" T="0" />
	<Point X="240" Y="276" T="0" />
	<Point X="260" Y="248" T="0" />
	<Point X="281" Y="208" T="0" />
	<Point X="295" Y="172" T="0" />
	<Point X="299" Y="164" T="0" />
	<Point X="302" Y="160" T="0" />
	<Point X="302" Y="158" T="0" />
	<Point X="302" Y="158" T="0" />
	<Point X="303" Y="158" T="0" />
	<Point X="303" Y="159" T="0" />
	<Point X="304" Y="162" T="0" />
	<Point X="306" Y="169" T="0" />
	<Point X="306" Y="186" T="0" />
	<Point X="307" Y="222" T="0" />
	<Point X="306" Y="250" T="0" />
	<Point X="306" Y="274" T="0" />
	<Point X="306" Y="293" T="0" />
	<Point X="308" Y="300" T="0" />
	<Point X="311" Y="306" T="0" />
	<Point X="312" Y="308" T="0" />
	<Point X="314" Y="309" T="0" />
	<Point X="320" Y="308" T="0" />
	<Point X="328" Y="300" T="0" />
	<Point X="346" Y="278" T="0" />
	<Point X="371" Y="238" T="0" />
	<Point X="378" Y="224" T="0" />
	<Point X="380" Y="220" T="0" />
	<Point X="382" Y="216" T="0" />
	<Point X="383" Y="215" T="0" />
</Gesture>