<?xml version="1.0" encoding="utf-8" standalone="yes"?>
<Gesture Name="zigzag04" NumPts="63">
	<Point X="54" Y="260" T="0" />
	<Point X="55" Y="259" T="0" />
	<Point X="58" Y="254" T="0" />
	<Point X="73" Y="230" T="0" />
	<Point X="98" Y="196" T="0" />
	<Point X="116" Y="168" T="0" />
	<Point X="127" Y="149" T="0" />
	<Point X="136" Y="135" T="0" />
	<Point X="140" Y="126" T="0" />
	<Point X="144" Y="121" T="0" />
	<Point X="146" Y="118" T="0" />
	<Point X="148" Y="116" T="0" />
	<Point X="150" Y="115" T="0" />
	<Point X="151" Y="116" T="0" />
	<Point X="152" Y="118" T="0" />
	<Point X="152" Y="126" T="0" />
	<Point X="152" Y="147" T="0" />
	<Point X="154" Y="176" T="0" />
	<Point X="154" Y="204" T="0" />
	<Point X="155" Y="225" T="0" />
	<Point X="156" Y="242" T="0" />
	<Point X="158" Y="254" T="0" />
	<Point X="161" Y="261" T="0" />
	<Point X="162" Y="264" T="0" />
	<Point X="163" Y="266" T="0" />
	<Point X="164" Y="266" T="0" />
	<Point X="169" Y="262" T="0" />
	<Point X="180" Y="248" T="0" />
	<Point X="198" Y="218" T="0" />
	<Point X="212" Y="190" T="0" />
	<Point X="226" Y="161" T="0" />
	<Point X="233" Y="147" T="0" />
	<Point X="238" Y="139" T="0" />
	<Point X="241" Y="134" T="0" />
	<Point X="242" Y="131" T="0" />
	<Point X="244" Y="130" T="0" />
	<Point X="245" Y="128" T="0" />
	<Point X="246" Y="128" T="0" />
	<Point X="246" Y="128" T="0" />
	<Point X="246" Y="134" T="0" />
	<Point X="246" Y="143" T="0" />
	<Point X="244" Y="166" T="0" />
	<Point X="238" Y="195" T="0" />
	<Point X="232" Y="221" T="0" />
	<Point X="230" Y="242" T="0" />
	<Point X="230" Y="254" T="0" />
	<Point X="230" Y="270" T="0" />
	<Point X="231" Y="276" T="0" />
	<Point X="232" Y="280" T="0" />
	<Point X="233" Y="282" T="0" />
	<Point X="236" Y="284" T="0" />
	<Point X="238" Y="284" T="0" />
	<Point X="242" Y="284" T="0" />
	<Point X="252" Y="278" T="0" />
	<Point X="270" Y="261" T="0" />
	<Point X="303" Y="222" T="0" />
	<Point X="318" Y="190" T="0" />
	<Point X="326" Y="172" T="0" />
	<Point X="328" Y="166" T="0" />
	<Point X="330" Y="162" T="0" />
	<Point X="330" Y="161" T="0" />
	<Point X="331" Y="161" T="0" />
	<Point X="331" Y="160" T="0" />
</Gesture>