<?xml version="1.0" encoding="utf-8" standalone="yes"?>
<Gesture Name="zigzag01" NumPts="104">
	<Point X="63" Y="310" T="0" />
	<Point X="64" Y="309" T="0" />
	<Point X="66" Y="306" T="0" />
	<Point X="69" Y="301" T="0" />
	<Point X="74" Y="290" T="0" />
	<Point X="85" Y="266" T="0" />
	<Point X="91" Y="252" T="0" />
	<Point X="98" Y="232" T="0" />
	<Point X="101" Y="224" T="0" />
	<Point X="104" Y="216" T="0" />
	<Point X="107" Y="208" T="0" />
	<Point X="109" Y="204" T="0" />
	<Point X="110" Y="201" T="0" />
	<Point X="112" Y="198" T="0" />
	<Point X="112" Y="197" T="0" />
	<Point X="113" Y="196" T="0" />
	<Point X="114" Y="196" T="0" />
	<Point X="114" Y="195" T="0" />
	<Point X="114" Y="195" T="0" />
	<Point X="115" Y="196" T="0" />
	<Point X="117" Y="198" T="0" />
	<Point X="119" Y="199" T="0" />
	<Point X="122" Y="204" T="0" />
	<Point X="126" Y="208" T="0" />
	<Point X="129" Y="213" T="0" />
	<Point X="137" Y="222" T="0" />
	<Point X="142" Y="230" T="0" />
	<Point X="148" Y="241" T="0" />
	<Point X="154" Y="246" T="0" />
	<Point X="160" Y="254" T="0" />
	<Point X="166" Y="262" T="0" />
	<Point X="171" Y="266" T="0" />
	<Point X="174" Y="270" T="0" />
	<Point X="178" Y="273" T="0" />
	<Point X="178" Y="274" T="0" />
	<Point X="180" Y="275" T="0" />
	<Point X="180" Y="276" T="0" />
	<Point X="181" Y="276" T="0" />
	<Point X="182" Y="276" T="0" />
	<Point X="182" Y="276" T="0" />
	<Point X="183" Y="275" T="0" />
	<Point X="183" Y="274" T="0" />
	<Point X="184" Y="270" T="0" />
	<Point X="186" Y="265" T="0" />
	<Point X="188" Y="259" T="0" />
	<Point X="193" Y="246" T="0" />
	<Point X="196" Y="235" T="0" />
	<Point X="200" Y="226" T="0" />
	<Point X="203" Y="217" T="0" />
	<Point X="205" Y="212" T="0" />
	<Point X="206" Y="208" T="0" />
	<Point X="209" Y="202" T="0" />
	<Point X="210" Y="199" T="0" />
	<Point X="213" Y="196" T="0" />
	<Point X="214" Y="194" T="0" />
	<Point X="214" Y="193" T="0" />
	<Point X="215" Y="192" T="0" />
	<Point X="216" Y="191" T="0" />
	<Point X="216" Y="191" T="0" />
	<Point X="216" Y="190" T="0" />
	<Point X="217" Y="190" T="0" />
	<Point X="218" Y="191" T="0" />
	<Point X="218" Y="192" T="0" />
	<Point X="218" Y="192" T="0" />
	<Point X="219" Y="194" T="0" />
	<Point X="220" Y="197" T="0" />
	<Point X="224" Y="202" T="0" />
	<Point X="232" Y="214" T="0" />
	<Point X="240" Y="225" T="0" />
	<Point X="249" Y="235" T="0" />
	<Point X="260" Y="250" T="0" />
	<Point X="268" Y="259" T="0" />
	<Point X="277" Y="272" T="0" />
	<Point X="282" Y="278" T="0" />
	<Point X="284" Y="283" T="0" />
	<Point X="288" Y="286" T="0" />
	<Point X="288" Y="288" T="0" />
	<Point X="290" Y="289" T="0" />
	<Point X="290" Y="290" T="0" />
	<Point X="291" Y="291" T="0" />
	<Point X="292" Y="292" T="0" />
	<Point X="292" Y="292" T="0" />
	<Point X="292" Y="291" T="0" />
	<Point X="292" Y="290" T="0" />
	<Point X="292" Y="290" T="0" />
	<Point X="292" Y="288" T="0" />
	<Point X="294" Y="282" T="0" />
	<Point X="296" Y="275" T="0" />
	<Point X="300" Y="264" T="0" />
	<Point X="307" Y="244" T="0" />
	<Point X="312" Y="232" T="0" />
	<Point X="314" Y="224" T="0" />
	<Point X="320" Y="213" T="0" />
	<Point X="324" Y="205" T="0" />
	<Point X="327" Y="197" T="0" />
	<Point X="331" Y="189" T="0" />
	<Point X="334" Y="185" T="0" />
	<Point X="336" Y="180" T="0" />
	<Point X="338" Y="178" T="0" />
	<Point X="338" Y="178" T="0" />
	<Point X="339" Y="176" T="0" />
	<Point X="340" Y="176" T="0" />
	<Point X="340" Y="176" T="0" />
	<Point X="339" Y="176" T="0" />
</Gesture>