<?xml version="1.0" encoding="utf-8" standalone="yes"?>
<Gesture Name="zigzag06" NumPts="47">
	<Point X="64" Y="250" T="0" />
	<Point X="66" Y="245" T="0" />
	<Point X="86" Y="222" T="0" />
	<Point X="111" Y="192" T="0" />
	<Point X="129" Y="172" T="0" />
	<Point X="135" Y="165" T="0" />
	<Point X="140" Y="159" T="0" />
	<Point X="142" Y="156" T="0" />
	<Point X="144" Y="154" T="0" />
	<Point X="146" Y="152" T="0" />
	<Point X="148" Y="152" T="0" />
	<Point X="150" Y="156" T="0" />
	<Point X="150" Y="184" T="0" />
	<Point X="142" Y="250" T="0" />
	<Point X="136" Y="294" T="0" />
	<Point X="131" Y="320" T="0" />
	<Point X="131" Y="324" T="0" />
	<Point X="131" Y="326" T="0" />
	<Point X="132" Y="326" T="0" />
	<Point X="133" Y="324" T="0" />
	<Point X="142" Y="310" T="0" />
	<Point X="177" Y="259" T="0" />
	<Point X="220" Y="194" T="0" />
	<Point X="243" Y="160" T="0" />
	<Point X="246" Y="153" T="0" />
	<Point X="249" Y="150" T="0" />
	<Point X="250" Y="150" T="0" />
	<Point X="250" Y="150" T="0" />
	<Point X="250" Y="150" T="0" />
	<Point X="250" Y="151" T="0" />
	<Point X="250" Y="157" T="0" />
	<Point X="250" Y="166" T="0" />
	<Point X="246" Y="194" T="0" />
	<Point X="234" Y="245" T="0" />
	<Point X="231" Y="264" T="0" />
	<Point X="228" Y="275" T="0" />
	<Point X="226" Y="287" T="0" />
	<Point X="226" Y="294" T="0" />
	<Point X="226" Y="300" T="0" />
	<Point X="228" Y="308" T="0" />
	<Point X="228" Y="310" T="0" />
	<Point X="232" Y="310" T="0" />
	<Point X="244" Y="302" T="0" />
	<Point X="285" Y="249" T="0" />
	<Point X="345" Y="158" T="0" />
	<Point X="355" Y="141" T="0" />
	<Point X="358" Y="136" T="0" />
</Gesture>