<?xml version="1.0" encoding="utf-8" standalone="yes"?>
<Gesture Name="ZigZag0" NumPts="84">
	<Point X="40" Y="278" T="undefined" />
	<Point X="40" Y="277" T="undefined" />
	<Point X="41" Y="277" T="undefined" />
	<Point X="42" Y="276" T="undefined" />
	<Point X="43" Y="274" T="undefined" />
	<Point X="45" Y="271" T="undefined" />
	<Point X="48" Y="268" T="undefined" />
	<Point X="51" Y="264" T="undefined" />
	<Point X="55" Y="256" T="undefined" />
	<Point X="58" Y="247" T="undefined" />
	<Point X="62" Y="239" T="undefined" />
	<Point X="65" Y="234" T="undefined" />
	<Point X="69" Y="227" T="undefined" />
	<Point X="72" Y="224" T="undefined" />
	<Point X="75" Y="222" T="undefined" />
	<Point X="78" Y="220" T="undefined" />
	<Point X="80" Y="218" T="undefined" />
	<Point X="82" Y="217" T="undefined" />
	<Point X="85" Y="216" T="undefined" />
	<Point X="85" Y="216" T="undefined" />
	<Point X="86" Y="216" T="undefined" />
	<Point X="88" Y="216" T="undefined" />
	<Point X="90" Y="219" T="undefined" />
	<Point X="92" Y="223" T="undefined" />
	<Point X="95" Y="232" T="undefined" />
	<Point X="102" Y="246" T="undefined" />
	<Point X="108" Y="260" T="undefined" />
	<Point X="117" Y="277" T="undefined" />
	<Point X="122" Y="284" T="undefined" />
	<Point X="124" Y="287" T="undefined" />
	<Point X="125" Y="290" T="undefined" />
	<Point X="125" Y="291" T="undefined" />
	<Point X="125" Y="292" T="undefined" />
	<Point X="126" Y="292" T="undefined" />
	<Point X="126" Y="291" T="undefined" />
	<Point X="128" Y="288" T="undefined" />
	<Point X="130" Y="282" T="undefined" />
	<Point X="133" Y="276" T="undefined" />
	<Point X="137" Y="269" T="undefined" />
	<Point X="140" Y="264" T="undefined" />
	<Point X="143" Y="258" T="undefined" />
	<Point X="146" Y="255" T="undefined" />
	<Point X="149" Y="251" T="undefined" />
	<Point X="152" Y="248" T="undefined" />
	<Point X="154" Y="245" T="undefined" />
	<Point X="158" Y="241" T="undefined" />
	<Point X="160" Y="238" T="undefined" />
	<Point X="163" Y="235" T="undefined" />
	<Point X="167" Y="232" T="undefined" />
	<Point X="170" Y="230" T="undefined" />
	<Point X="172" Y="228" T="undefined" />
	<Point X="173" Y="226" T="undefined" />
	<Point X="174" Y="225" T="undefined" />
	<Point X="175" Y="224" T="undefined" />
	<Point X="176" Y="224" T="undefined" />
	<Point X="176" Y="226" T="undefined" />
	<Point X="177" Y="228" T="undefined" />
	<Point X="180" Y="238" T="undefined" />
	<Point X="186" Y="251" T="undefined" />
	<Point X="191" Y="267" T="undefined" />
	<Point X="198" Y="289" T="undefined" />
	<Point X="202" Y="301" T="undefined" />
	<Point X="205" Y="309" T="undefined" />
	<Point X="207" Y="313" T="undefined" />
	<Point X="209" Y="316" T="undefined" />
	<Point X="210" Y="318" T="undefined" />
	<Point X="211" Y="321" T="undefined" />
	<Point X="212" Y="322" T="undefined" />
	<Point X="212" Y="323" T="undefined" />
	<Point X="212" Y="322" T="undefined" />
	<Point X="214" Y="321" T="undefined" />
	<Point X="217" Y="316" T="undefined" />
	<Point X="232" Y="299" T="undefined" />
	<Point X="246" Y="286" T="undefined" />
	<Point X="258" Y="274" T="undefined" />
	<Point X="268" Y="262" T="undefined" />
	<Point X="274" Y="256" T="undefined" />
	<Point X="277" Y="253" T="undefined" />
	<Point X="280" Y="250" T="undefined" />
	<Point X="281" Y="248" T="undefined" />
	<Point X="282" Y="248" T="undefined" />
	<Point X="282" Y="247" T="undefined" />
	<Point X="283" Y="248" T="undefined" />
	<Point X="284" Y="250" T="undefined" />
</Gesture>