<?xml version="1.0" encoding="utf-8" standalone="yes"?>
<Gesture Name="ZigZag8" NumPts="69">
	<Point X="86" Y="340" T="undefined" />
	<Point X="86" Y="339" T="undefined" />
	<Point X="86" Y="338" T="undefined" />
	<Point X="88" Y="337" T="undefined" />
	<Point X="92" Y="328" T="undefined" />
	<Point X="95" Y="318" T="undefined" />
	<Point X="100" Y="306" T="undefined" />
	<Point X="104" Y="292" T="undefined" />
	<Point X="109" Y="281" T="undefined" />
	<Point X="113" Y="268" T="undefined" />
	<Point X="118" Y="256" T="undefined" />
	<Point X="123" Y="241" T="undefined" />
	<Point X="124" Y="239" T="undefined" />
	<Point X="127" Y="235" T="undefined" />
	<Point X="128" Y="233" T="undefined" />
	<Point X="130" Y="232" T="undefined" />
	<Point X="131" Y="232" T="undefined" />
	<Point X="132" Y="232" T="undefined" />
	<Point X="134" Y="235" T="undefined" />
	<Point X="137" Y="239" T="undefined" />
	<Point X="144" Y="249" T="undefined" />
	<Point X="156" Y="273" T="undefined" />
	<Point X="165" Y="289" T="undefined" />
	<Point X="172" Y="303" T="undefined" />
	<Point X="178" Y="314" T="undefined" />
	<Point X="181" Y="321" T="undefined" />
	<Point X="184" Y="325" T="undefined" />
	<Point X="186" Y="328" T="undefined" />
	<Point X="186" Y="328" T="undefined" />
	<Point X="187" Y="328" T="undefined" />
	<Point X="189" Y="323" T="undefined" />
	<Point X="194" Y="313" T="undefined" />
	<Point X="200" Y="298" T="undefined" />
	<Point X="207" Y="281" T="undefined" />
	<Point X="214" Y="265" T="undefined" />
	<Point X="220" Y="252" T="undefined" />
	<Point X="226" Y="243" T="undefined" />
	<Point X="231" Y="233" T="undefined" />
	<Point X="234" Y="230" T="undefined" />
	<Point X="237" Y="227" T="undefined" />
	<Point X="240" Y="224" T="undefined" />
	<Point X="242" Y="223" T="undefined" />
	<Point X="244" Y="223" T="undefined" />
	<Point X="245" Y="223" T="undefined" />
	<Point X="247" Y="224" T="undefined" />
	<Point X="250" Y="228" T="undefined" />
	<Point X="254" Y="236" T="undefined" />
	<Point X="258" Y="247" T="undefined" />
	<Point X="264" Y="259" T="undefined" />
	<Point X="273" Y="277" T="undefined" />
	<Point X="278" Y="292" T="undefined" />
	<Point X="282" Y="305" T="undefined" />
	<Point X="287" Y="317" T="undefined" />
	<Point X="291" Y="328" T="undefined" />
	<Point X="294" Y="333" T="undefined" />
	<Point X="296" Y="336" T="undefined" />
	<Point X="297" Y="339" T="undefined" />
	<Point X="297" Y="340" T="undefined" />
	<Point X="297" Y="341" T="undefined" />
	<Point X="298" Y="341" T="undefined" />
	<Point X="298" Y="340" T="undefined" />
	<Point X="301" Y="337" T="undefined" />
	<Point X="304" Y="334" T="undefined" />
	<Point X="310" Y="327" T="undefined" />
	<Point X="318" Y="318" T="undefined" />
	<Point X="330" Y="305" T="undefined" />
	<Point X="343" Y="293" T="undefined" />
	<Point X="357" Y="282" T="undefined" />
	<Point X="370" Y="276" T="undefined" />
</Gesture>