<?xml version="1.0" encoding="utf-8" standalone="yes"?>
<Gesture Name="ZigZag1" NumPts="111">
	<Point X="77" Y="269" T="undefined" />
	<Point X="78" Y="269" T="undefined" />
	<Point X="78" Y="269" T="undefined" />
	<Point X="80" Y="267" T="undefined" />
	<Point X="82" Y="264" T="undefined" />
	<Point X="85" Y="261" T="undefined" />
	<Point X="87" Y="258" T="undefined" />
	<Point X="90" Y="254" T="undefined" />
	<Point X="91" Y="250" T="undefined" />
	<Point X="94" Y="245" T="undefined" />
	<Point X="96" Y="240" T="undefined" />
	<Point X="100" Y="235" T="undefined" />
	<Point X="104" Y="225" T="undefined" />
	<Point X="108" Y="221" T="undefined" />
	<Point X="109" Y="218" T="undefined" />
	<Point X="110" Y="214" T="undefined" />
	<Point X="112" Y="211" T="undefined" />
	<Point X="112" Y="208" T="undefined" />
	<Point X="113" Y="205" T="undefined" />
	<Point X="113" Y="204" T="undefined" />
	<Point X="113" Y="203" T="undefined" />
	<Point X="114" Y="203" T="undefined" />
	<Point X="114" Y="203" T="undefined" />
	<Point X="115" Y="204" T="undefined" />
	<Point X="116" Y="205" T="undefined" />
	<Point X="119" Y="208" T="undefined" />
	<Point X="122" Y="211" T="undefined" />
	<Point X="126" Y="215" T="undefined" />
	<Point X="129" Y="221" T="undefined" />
	<Point X="134" Y="230" T="undefined" />
	<Point X="140" Y="238" T="undefined" />
	<Point X="145" Y="246" T="undefined" />
	<Point X="148" Y="251" T="undefined" />
	<Point X="151" Y="256" T="undefined" />
	<Point X="154" Y="260" T="undefined" />
	<Point X="157" Y="263" T="undefined" />
	<Point X="161" Y="267" T="undefined" />
	<Point X="164" Y="271" T="undefined" />
	<Point X="167" Y="274" T="undefined" />
	<Point X="170" Y="277" T="undefined" />
	<Point X="173" Y="280" T="undefined" />
	<Point X="176" Y="283" T="undefined" />
	<Point X="179" Y="285" T="undefined" />
	<Point X="182" Y="289" T="undefined" />
	<Point X="185" Y="293" T="undefined" />
	<Point X="187" Y="295" T="undefined" />
	<Point X="188" Y="298" T="undefined" />
	<Point X="188" Y="301" T="undefined" />
	<Point X="190" Y="303" T="undefined" />
	<Point X="190" Y="306" T="undefined" />
	<Point X="191" Y="309" T="undefined" />
	<Point X="191" Y="310" T="undefined" />
	<Point X="191" Y="311" T="undefined" />
	<Point X="191" Y="310" T="undefined" />
	<Point X="192" Y="306" T="undefined" />
	<Point X="194" Y="297" T="undefined" />
	<Point X="196" Y="286" T="undefined" />
	<Point X="198" Y="276" T="undefined" />
	<Point X="200" Y="265" T="undefined" />
	<Point X="205" Y="248" T="undefined" />
	<Point X="207" Y="237" T="undefined" />
	<Point X="211" Y="226" T="undefined" />
	<Point X="214" Y="218" T="undefined" />
	<Point X="217" Y="213" T="undefined" />
	<Point X="220" Y="208" T="undefined" />
	<Point X="223" Y="205" T="undefined" />
	<Point X="225" Y="203" T="undefined" />
	<Point X="227" Y="201" T="undefined" />
	<Point X="229" Y="199" T="undefined" />
	<Point X="230" Y="198" T="undefined" />
	<Point X="231" Y="197" T="undefined" />
	<Point X="232" Y="197" T="undefined" />
	<Point X="232" Y="198" T="undefined" />
	<Point X="233" Y="199" T="undefined" />
	<Point X="237" Y="205" T="undefined" />
	<Point X="240" Y="213" T="undefined" />
	<Point X="244" Y="225" T="undefined" />
	<Point X="248" Y="236" T="undefined" />
	<Point X="252" Y="249" T="undefined" />
	<Point X="256" Y="260" T="undefined" />
	<Point X="260" Y="272" T="undefined" />
	<Point X="264" Y="283" T="undefined" />
	<Point X="267" Y="291" T="undefined" />
	<Point X="272" Y="300" T="undefined" />
	<Point X="274" Y="304" T="undefined" />
	<Point X="276" Y="307" T="undefined" />
	<Point X="279" Y="309" T="undefined" />
	<Point X="280" Y="312" T="undefined" />
	<Point X="281" Y="314" T="undefined" />
	<Point X="283" Y="316" T="undefined" />
	<Point X="284" Y="319" T="undefined" />
	<Point X="286" Y="322" T="undefined" />
	<Point X="286" Y="322" T="undefined" />
	<Point X="288" Y="324" T="undefined" />
	<Point X="288" Y="325" T="undefined" />
	<Point X="289" Y="325" T="undefined" />
	<Point X="292" Y="325" T="undefined" />
	<Point X="295" Y="321" T="undefined" />
	<Point X="299" Y="312" T="undefined" />
	<Point X="309" Y="295" T="undefined" />
	<Point X="322" Y="268" T="undefined" />
	<Point X="330" Y="250" T="undefined" />
	<Point X="339" Y="233" T="undefined" />
	<Point X="343" Y="219" T="undefined" />
	<Point X="346" Y="208" T="undefined" />
	<Point X="347" Y="199" T="undefined" />
	<Point X="348" Y="195" T="undefined" />
	<Point X="350" Y="191" T="undefined" />
	<Point X="351" Y="188" T="undefined" />
	<Point X="352" Y="185" T="undefined" />
	<Point X="352" Y="184" T="undefined" />
</Gesture>