<?xml version="1.0" encoding="utf-8" standalone="yes"?>
<Gesture Name="ZigZag2" NumPts="81">
	<Point X="62" Y="276" T="undefined" />
	<Point X="62" Y="276" T="undefined" />
	<Point X="65" Y="273" T="undefined" />
	<Point X="70" Y="269" T="undefined" />
	<Point X="74" Y="265" T="undefined" />
	<Point X="79" Y="263" T="undefined" />
	<Point X="82" Y="259" T="undefined" />
	<Point X="84" Y="257" T="undefined" />
	<Point X="86" Y="254" T="undefined" />
	<Point X="91" Y="250" T="undefined" />
	<Point X="99" Y="240" T="undefined" />
	<Point X="104" Y="232" T="undefined" />
	<Point X="108" Y="225" T="undefined" />
	<Point X="111" Y="221" T="undefined" />
	<Point X="114" Y="219" T="undefined" />
	<Point X="115" Y="217" T="undefined" />
	<Point X="116" Y="215" T="undefined" />
	<Point X="116" Y="215" T="undefined" />
	<Point X="117" Y="216" T="undefined" />
	<Point X="118" Y="216" T="undefined" />
	<Point X="124" Y="227" T="undefined" />
	<Point X="135" Y="239" T="undefined" />
	<Point X="148" Y="255" T="undefined" />
	<Point X="161" Y="271" T="undefined" />
	<Point X="176" Y="284" T="undefined" />
	<Point X="188" Y="296" T="undefined" />
	<Point X="201" Y="308" T="undefined" />
	<Point X="208" Y="317" T="undefined" />
	<Point X="213" Y="321" T="undefined" />
	<Point X="218" Y="326" T="undefined" />
	<Point X="220" Y="329" T="undefined" />
	<Point X="222" Y="331" T="undefined" />
	<Point X="223" Y="332" T="undefined" />
	<Point X="223" Y="332" T="undefined" />
	<Point X="223" Y="331" T="undefined" />
	<Point X="224" Y="327" T="undefined" />
	<Point X="228" Y="322" T="undefined" />
	<Point X="231" Y="314" T="undefined" />
	<Point X="235" Y="302" T="undefined" />
	<Point X="239" Y="291" T="undefined" />
	<Point X="243" Y="279" T="undefined" />
	<Point X="246" Y="268" T="undefined" />
	<Point X="250" Y="257" T="undefined" />
	<Point X="256" Y="241" T="undefined" />
	<Point X="260" Y="230" T="undefined" />
	<Point X="263" Y="223" T="undefined" />
	<Point X="266" Y="219" T="undefined" />
	<Point X="268" Y="217" T="undefined" />
	<Point X="269" Y="215" T="undefined" />
	<Point X="270" Y="214" T="undefined" />
	<Point X="270" Y="213" T="undefined" />
	<Point X="272" Y="215" T="undefined" />
	<Point X="276" Y="221" T="undefined" />
	<Point X="282" Y="237" T="undefined" />
	<Point X="288" Y="251" T="undefined" />
	<Point X="297" Y="268" T="undefined" />
	<Point X="307" Y="284" T="undefined" />
	<Point X="317" Y="299" T="undefined" />
	<Point X="323" Y="311" T="undefined" />
	<Point X="326" Y="322" T="undefined" />
	<Point X="330" Y="328" T="undefined" />
	<Point X="334" Y="337" T="undefined" />
	<Point X="338" Y="341" T="undefined" />
	<Point X="340" Y="344" T="undefined" />
	<Point X="343" Y="347" T="undefined" />
	<Point X="346" Y="348" T="undefined" />
	<Point X="346" Y="348" T="undefined" />
	<Point X="347" Y="348" T="undefined" />
	<Point X="350" Y="345" T="undefined" />
	<Point X="353" Y="340" T="undefined" />
	<Point X="358" Y="330" T="undefined" />
	<Point X="364" Y="315" T="undefined" />
	<Point X="372" Y="302" T="undefined" />
	<Point X="380" Y="288" T="undefined" />
	<Point X="388" Y="275" T="undefined" />
	<Point X="394" Y="258" T="undefined" />
	<Point X="398" Y="249" T="undefined" />
	<Point X="400" Y="244" T="undefined" />
	<Point X="402" Y="240" T="undefined" />
	<Point X="402" Y="238" T="undefined" />
	<Point X="403" Y="237" T="undefined" />
</Gesture>