<?xml version="1.0" encoding="utf-8" standalone="yes"?>
<Gesture Name="ZigZag6" NumPts="76">
	<Point X="15" Y="307" T="undefined" />
	<Point X="16" Y="306" T="undefined" />
	<Point X="17" Y="306" T="undefined" />
	<Point X="18" Y="305" T="undefined" />
	<Point X="23" Y="302" T="undefined" />
	<Point X="31" Y="299" T="undefined" />
	<Point X="41" Y="294" T="undefined" />
	<Point X="53" Y="287" T="undefined" />
	<Point X="64" Y="279" T="undefined" />
	<Point X="76" Y="267" T="undefined" />
	<Point X="86" Y="257" T="undefined" />
	<Point X="94" Y="249" T="undefined" />
	<Point X="100" Y="243" T="undefined" />
	<Point X="103" Y="239" T="undefined" />
	<Point X="106" Y="235" T="undefined" />
	<Point X="106" Y="232" T="undefined" />
	<Point X="106" Y="230" T="undefined" />
	<Point X="107" Y="230" T="undefined" />
	<Point X="110" Y="237" T="undefined" />
	<Point X="119" Y="255" T="undefined" />
	<Point X="127" Y="272" T="undefined" />
	<Point X="136" Y="287" T="undefined" />
	<Point X="143" Y="301" T="undefined" />
	<Point X="149" Y="313" T="undefined" />
	<Point X="153" Y="321" T="undefined" />
	<Point X="156" Y="327" T="undefined" />
	<Point X="158" Y="329" T="undefined" />
	<Point X="160" Y="333" T="undefined" />
	<Point X="161" Y="334" T="undefined" />
	<Point X="162" Y="335" T="undefined" />
	<Point X="163" Y="335" T="undefined" />
	<Point X="164" Y="335" T="undefined" />
	<Point X="167" Y="333" T="undefined" />
	<Point X="170" Y="327" T="undefined" />
	<Point X="177" Y="317" T="undefined" />
	<Point X="184" Y="306" T="undefined" />
	<Point X="194" Y="289" T="undefined" />
	<Point X="209" Y="265" T="undefined" />
	<Point X="215" Y="253" T="undefined" />
	<Point X="218" Y="245" T="undefined" />
	<Point X="222" Y="240" T="undefined" />
	<Point X="224" Y="235" T="undefined" />
	<Point X="228" Y="232" T="undefined" />
	<Point X="232" Y="227" T="undefined" />
	<Point X="233" Y="226" T="undefined" />
	<Point X="234" Y="226" T="undefined" />
	<Point X="235" Y="226" T="undefined" />
	<Point X="235" Y="227" T="undefined" />
	<Point X="238" Y="229" T="undefined" />
	<Point X="241" Y="234" T="undefined" />
	<Point X="244" Y="243" T="undefined" />
	<Point X="252" Y="261" T="undefined" />
	<Point X="257" Y="272" T="undefined" />
	<Point X="263" Y="285" T="undefined" />
	<Point X="269" Y="297" T="undefined" />
	<Point X="273" Y="309" T="undefined" />
	<Point X="278" Y="320" T="undefined" />
	<Point X="282" Y="328" T="undefined" />
	<Point X="285" Y="333" T="undefined" />
	<Point X="288" Y="336" T="undefined" />
	<Point X="292" Y="339" T="undefined" />
	<Point X="292" Y="340" T="undefined" />
	<Point X="294" Y="340" T="undefined" />
	<Point X="296" Y="340" T="undefined" />
	<Point X="302" Y="337" T="undefined" />
	<Point X="317" Y="327" T="undefined" />
	<Point X="336" Y="311" T="undefined" />
	<Point X="358" Y="289" T="undefined" />
	<Point X="371" Y="277" T="undefined" />
	<Point X="376" Y="267" T="undefined" />
	<Point X="378" Y="265" T="undefined" />
	<Point X="380" Y="263" T="undefined" />
	<Point X="381" Y="263" T="undefined" />
	<Point X="383" Y="262" T="undefined" />
	<Point X="386" Y="262" T="undefined" />
	<Point X="390" Y="265" T="undefined" />
</Gesture>