<?xml version="1.0" encoding="utf-8" standalone="yes"?>
<Gesture Name="Left Curly Brace6" NumPts="101">
	<Point X="180" Y="108" T="undefined" />
	<Point X="174" Y="109" T="undefined" />
	<Point X="160" Y="113" T="undefined" />
	<Point X="148" Y="116" T="undefined" />
	<Point X="139" Y="121" T="undefined" />
	<Point X="128" Y="126" T="undefined" />
	<Point X="123" Y="129" T="undefined" />
	<Point X="118" Y="134" T="undefined" />
	<Point X="112" Y="140" T="undefined" />
	<Point X="107" Y="144" T="undefined" />
	<Point X="104" Y="150" T="undefined" />
	<Point X="100" Y="156" T="undefined" />
	<Point X="98" Y="160" T="undefined" />
	<Point X="96" Y="167" T="undefined" />
	<Point X="94" Y="172" T="undefined" />
	<Point X="93" Y="176" T="undefined" />
	<Point X="92" Y="183" T="undefined" />
	<Point X="92" Y="187" T="undefined" />
	<Point X="92" Y="192" T="undefined" />
	<Point X="93" Y="197" T="undefined" />
	<Point X="94" Y="200" T="undefined" />
	<Point X="95" Y="204" T="undefined" />
	<Point X="98" Y="208" T="undefined" />
	<Point X="99" Y="212" T="undefined" />
	<Point X="102" Y="216" T="undefined" />
	<Point X="104" Y="219" T="undefined" />
	<Point X="106" Y="221" T="undefined" />
	<Point X="110" Y="226" T="undefined" />
	<Point X="111" Y="228" T="undefined" />
	<Point X="114" Y="231" T="undefined" />
	<Point X="117" Y="236" T="undefined" />
	<Point X="118" Y="238" T="undefined" />
	<Point X="119" Y="240" T="undefined" />
	<Point X="121" Y="243" T="undefined" />
	<Point X="122" Y="244" T="undefined" />
	<Point X="122" Y="246" T="undefined" />
	<Point X="123" Y="248" T="undefined" />
	<Point X="123" Y="249" T="undefined" />
	<Point X="123" Y="251" T="undefined" />
	<Point X="123" Y="253" T="undefined" />
	<Point X="123" Y="256" T="undefined" />
	<Point X="122" Y="257" T="undefined" />
	<Point X="121" Y="258" T="undefined" />
	<Point X="120" Y="259" T="undefined" />
	<Point X="118" Y="261" T="undefined" />
	<Point X="116" Y="262" T="undefined" />
	<Point X="114" Y="262" T="undefined" />
	<Point X="113" Y="263" T="undefined" />
	<Point X="112" Y="264" T="undefined" />
	<Point X="110" Y="264" T="undefined" />
	<Point X="109" Y="265" T="undefined" />
	<Point X="108" Y="265" T="undefined" />
	<Point X="107" Y="265" T="undefined" />
	<Point X="106" Y="265" T="undefined" />
	<Point X="107" Y="265" T="undefined" />
	<Point X="108" Y="265" T="undefined" />
	<Point X="108" Y="265" T="undefined" />
	<Point X="110" Y="265" T="undefined" />
	<Point X="111" Y="265" T="undefined" />
	<Point X="113" Y="265" T="undefined" />
	<Point X="117" Y="265" T="undefined" />
	<Point X="120" Y="265" T="undefined" />
	<Point X="126" Y="267" T="undefined" />
	<Point X="130" Y="268" T="undefined" />
	<Point X="133" Y="269" T="undefined" />
	<Point X="139" Y="272" T="undefined" />
	<Point X="142" Y="274" T="undefined" />
	<Point X="146" Y="278" T="undefined" />
	<Point X="147" Y="279" T="undefined" />
	<Point X="148" Y="280" T="undefined" />
	<Point X="148" Y="281" T="undefined" />
	<Point X="148" Y="283" T="undefined" />
	<Point X="148" Y="284" T="undefined" />
	<Point X="147" Y="287" T="undefined" />
	<Point X="146" Y="289" T="undefined" />
	<Point X="142" Y="292" T="undefined" />
	<Point X="137" Y="297" T="undefined" />
	<Point X="134" Y="300" T="undefined" />
	<Point X="130" Y="304" T="undefined" />
	<Point X="125" Y="309" T="undefined" />
	<Point X="121" Y="314" T="undefined" />
	<Point X="119" Y="317" T="undefined" />
	<Point X="114" Y="322" T="undefined" />
	<Point X="113" Y="325" T="undefined" />
	<Point X="110" Y="331" T="undefined" />
	<Point X="108" Y="335" T="undefined" />
	<Point X="106" Y="340" T="undefined" />
	<Point X="104" Y="346" T="undefined" />
	<Point X="104" Y="350" T="undefined" />
	<Point X="104" Y="355" T="undefined" />
	<Point X="104" Y="359" T="undefined" />
	<Point X="106" Y="364" T="undefined" />
	<Point X="109" Y="368" T="undefined" />
	<Point X="116" Y="374" T="undefined" />
	<Point X="125" Y="378" T="undefined" />
	<Point X="138" Y="381" T="undefined" />
	<Point X="161" Y="381" T="undefined" />
	<Point X="173" Y="379" T="undefined" />
	<Point X="180" Y="378" T="undefined" />
	<Point X="184" Y="375" T="undefined" />
	<Point X="186" Y="374" T="undefined" />
</Gesture>