<?xml version="1.0" encoding="utf-8" standalone="yes"?>
<Gesture Name="Left Curly Brace3" NumPts="58">
	<Point X="200" Y="118" T="undefined" />
	<Point X="200" Y="118" T="undefined" />
	<Point X="197" Y="116" T="undefined" />
	<Point X="190" Y="114" T="undefined" />
	<Point X="179" Y="112" T="undefined" />
	<Point X="164" Y="114" T="undefined" />
	<Point X="140" Y="123" T="undefined" />
	<Point X="118" Y="139" T="undefined" />
	<Point X="102" Y="152" T="undefined" />
	<Point X="92" Y="163" T="undefined" />
	<Point X="83" Y="181" T="undefined" />
	<Point X="80" Y="188" T="undefined" />
	<Point X="79" Y="196" T="undefined" />
	<Point X="78" Y="202" T="undefined" />
	<Point X="78" Y="209" T="undefined" />
	<Point X="80" Y="217" T="undefined" />
	<Point X="86" Y="225" T="undefined" />
	<Point X="95" Y="232" T="undefined" />
	<Point X="106" Y="240" T="undefined" />
	<Point X="116" Y="247" T="undefined" />
	<Point X="123" Y="252" T="undefined" />
	<Point X="128" Y="258" T="undefined" />
	<Point X="130" Y="262" T="undefined" />
	<Point X="131" Y="268" T="undefined" />
	<Point X="131" Y="270" T="undefined" />
	<Point X="130" Y="274" T="undefined" />
	<Point X="126" Y="277" T="undefined" />
	<Point X="120" Y="280" T="undefined" />
	<Point X="114" Y="283" T="undefined" />
	<Point X="108" Y="284" T="undefined" />
	<Point X="103" Y="286" T="undefined" />
	<Point X="99" Y="287" T="undefined" />
	<Point X="97" Y="287" T="undefined" />
	<Point X="96" Y="287" T="undefined" />
	<Point X="96" Y="287" T="undefined" />
	<Point X="95" Y="287" T="undefined" />
	<Point X="96" Y="287" T="undefined" />
	<Point X="98" Y="287" T="undefined" />
	<Point X="102" Y="286" T="undefined" />
	<Point X="108" Y="286" T="undefined" />
	<Point X="114" Y="286" T="undefined" />
	<Point X="120" Y="286" T="undefined" />
	<Point X="128" Y="290" T="undefined" />
	<Point X="131" Y="293" T="undefined" />
	<Point X="133" Y="298" T="undefined" />
	<Point X="134" Y="306" T="undefined" />
	<Point X="129" Y="321" T="undefined" />
	<Point X="120" Y="340" T="undefined" />
	<Point X="108" Y="359" T="undefined" />
	<Point X="100" Y="376" T="undefined" />
	<Point X="96" Y="390" T="undefined" />
	<Point X="98" Y="400" T="undefined" />
	<Point X="110" Y="408" T="undefined" />
	<Point X="133" Y="414" T="undefined" />
	<Point X="170" Y="418" T="undefined" />
	<Point X="202" Y="418" T="undefined" />
	<Point X="228" Y="418" T="undefined" />
	<Point X="240" Y="417" T="undefined" />
</Gesture>