<?xml version="1.0" encoding="utf-8" standalone="yes"?>
<Gesture Name="Left Curly Brace5" NumPts="75">
	<Point X="206" Y="98" T="undefined" />
	<Point X="204" Y="98" T="undefined" />
	<Point X="198" Y="100" T="undefined" />
	<Point X="174" Y="112" T="undefined" />
	<Point X="156" Y="120" T="undefined" />
	<Point X="139" Y="130" T="undefined" />
	<Point X="133" Y="136" T="undefined" />
	<Point X="127" Y="142" T="undefined" />
	<Point X="120" Y="152" T="undefined" />
	<Point X="117" Y="156" T="undefined" />
	<Point X="116" Y="160" T="undefined" />
	<Point X="112" Y="168" T="undefined" />
	<Point X="110" Y="173" T="undefined" />
	<Point X="109" Y="178" T="undefined" />
	<Point X="108" Y="186" T="undefined" />
	<Point X="108" Y="192" T="undefined" />
	<Point X="108" Y="196" T="undefined" />
	<Point X="111" Y="202" T="undefined" />
	<Point X="114" Y="206" T="undefined" />
	<Point X="118" Y="211" T="undefined" />
	<Point X="124" Y="218" T="undefined" />
	<Point X="129" Y="222" T="undefined" />
	<Point X="136" Y="228" T="undefined" />
	<Point X="140" Y="232" T="undefined" />
	<Point X="142" Y="236" T="undefined" />
	<Point X="146" Y="240" T="undefined" />
	<Point X="148" Y="242" T="undefined" />
	<Point X="148" Y="245" T="undefined" />
	<Point X="149" Y="246" T="undefined" />
	<Point X="149" Y="248" T="undefined" />
	<Point X="148" Y="250" T="undefined" />
	<Point X="142" Y="254" T="undefined" />
	<Point X="137" Y="257" T="undefined" />
	<Point X="130" Y="260" T="undefined" />
	<Point X="126" Y="262" T="undefined" />
	<Point X="120" Y="263" T="undefined" />
	<Point X="118" Y="264" T="undefined" />
	<Point X="116" Y="264" T="undefined" />
	<Point X="114" Y="264" T="undefined" />
	<Point X="114" Y="264" T="undefined" />
	<Point X="114" Y="264" T="undefined" />
	<Point X="115" Y="264" T="undefined" />
	<Point X="116" Y="264" T="undefined" />
	<Point X="119" Y="264" T="undefined" />
	<Point X="124" Y="265" T="undefined" />
	<Point X="128" Y="266" T="undefined" />
	<Point X="136" Y="267" T="undefined" />
	<Point X="140" Y="268" T="undefined" />
	<Point X="145" Y="269" T="undefined" />
	<Point X="150" Y="270" T="undefined" />
	<Point X="152" Y="270" T="undefined" />
	<Point X="154" Y="272" T="undefined" />
	<Point X="156" Y="275" T="undefined" />
	<Point X="157" Y="278" T="undefined" />
	<Point X="156" Y="284" T="undefined" />
	<Point X="152" Y="292" T="undefined" />
	<Point X="144" Y="304" T="undefined" />
	<Point X="131" Y="321" T="undefined" />
	<Point X="124" Y="330" T="undefined" />
	<Point X="117" Y="339" T="undefined" />
	<Point X="112" Y="348" T="undefined" />
	<Point X="110" Y="353" T="undefined" />
	<Point X="109" Y="356" T="undefined" />
	<Point X="109" Y="362" T="undefined" />
	<Point X="109" Y="365" T="undefined" />
	<Point X="112" Y="371" T="undefined" />
	<Point X="118" Y="374" T="undefined" />
	<Point X="128" Y="378" T="undefined" />
	<Point X="162" Y="382" T="undefined" />
	<Point X="186" Y="382" T="undefined" />
	<Point X="206" Y="382" T="undefined" />
	<Point X="224" Y="381" T="undefined" />
	<Point X="229" Y="381" T="undefined" />
	<Point X="232" Y="381" T="undefined" />
	<Point X="234" Y="380" T="undefined" />
</Gesture>