<?xml version="1.0" encoding="utf-8" standalone="yes"?>
<Gesture Name="Left Curly Brace1" NumPts="58">
	<Point X="176" Y="106" T="undefined" />
	<Point X="176" Y="106" T="undefined" />
	<Point X="175" Y="106" T="undefined" />
	<Point X="170" Y="106" T="undefined" />
	<Point X="164" Y="108" T="undefined" />
	<Point X="134" Y="117" T="undefined" />
	<Point X="71" Y="152" T="undefined" />
	<Point X="44" Y="173" T="undefined" />
	<Point X="30" Y="187" T="undefined" />
	<Point X="24" Y="196" T="undefined" />
	<Point X="21" Y="204" T="undefined" />
	<Point X="21" Y="210" T="undefined" />
	<Point X="21" Y="216" T="undefined" />
	<Point X="26" Y="221" T="undefined" />
	<Point X="48" Y="229" T="undefined" />
	<Point X="58" Y="232" T="undefined" />
	<Point X="84" Y="235" T="undefined" />
	<Point X="96" Y="238" T="undefined" />
	<Point X="102" Y="241" T="undefined" />
	<Point X="108" Y="245" T="undefined" />
	<Point X="112" Y="252" T="undefined" />
	<Point X="115" Y="263" T="undefined" />
	<Point X="116" Y="275" T="undefined" />
	<Point X="116" Y="285" T="undefined" />
	<Point X="114" Y="294" T="undefined" />
	<Point X="111" Y="300" T="undefined" />
	<Point X="104" Y="307" T="undefined" />
	<Point X="86" Y="316" T="undefined" />
	<Point X="70" Y="318" T="undefined" />
	<Point X="58" Y="321" T="undefined" />
	<Point X="52" Y="322" T="undefined" />
	<Point X="48" Y="322" T="undefined" />
	<Point X="46" Y="322" T="undefined" />
	<Point X="45" Y="322" T="undefined" />
	<Point X="47" Y="321" T="undefined" />
	<Point X="55" Y="319" T="undefined" />
	<Point X="81" Y="316" T="undefined" />
	<Point X="100" Y="316" T="undefined" />
	<Point X="112" Y="318" T="undefined" />
	<Point X="121" Y="321" T="undefined" />
	<Point X="126" Y="326" T="undefined" />
	<Point X="129" Y="330" T="undefined" />
	<Point X="129" Y="337" T="undefined" />
	<Point X="129" Y="344" T="undefined" />
	<Point X="122" Y="358" T="undefined" />
	<Point X="109" Y="378" T="undefined" />
	<Point X="86" Y="406" T="undefined" />
	<Point X="78" Y="417" T="undefined" />
	<Point X="74" Y="423" T="undefined" />
	<Point X="74" Y="427" T="undefined" />
	<Point X="82" Y="433" T="undefined" />
	<Point X="104" Y="436" T="undefined" />
	<Point X="133" Y="439" T="undefined" />
	<Point X="162" Y="440" T="undefined" />
	<Point X="183" Y="440" T="undefined" />
	<Point X="194" Y="442" T="undefined" />
	<Point X="197" Y="442" T="undefined" />
	<Point X="198" Y="441" T="undefined" />
</Gesture>