<?xml version="1.0" encoding="utf-8" standalone="yes"?>
<Gesture Name="Right Curly Brace7" NumPts="80">
	<Point X="179" Y="87" T="undefined" />
	<Point X="181" Y="87" T="undefined" />
	<Point X="194" Y="91" T="undefined" />
	<Point X="208" Y="94" T="undefined" />
	<Point X="224" Y="98" T="undefined" />
	<Point X="238" Y="103" T="undefined" />
	<Point X="254" Y="109" T="undefined" />
	<Point X="266" Y="114" T="undefined" />
	<Point X="276" Y="119" T="undefined" />
	<Point X="282" Y="123" T="undefined" />
	<Point X="287" Y="129" T="undefined" />
	<Point X="288" Y="132" T="undefined" />
	<Point X="289" Y="135" T="undefined" />
	<Point X="290" Y="137" T="undefined" />
	<Point X="291" Y="141" T="undefined" />
	<Point X="292" Y="147" T="undefined" />
	<Point X="292" Y="152" T="undefined" />
	<Point X="292" Y="158" T="undefined" />
	<Point X="292" Y="164" T="undefined" />
	<Point X="288" Y="176" T="undefined" />
	<Point X="285" Y="185" T="undefined" />
	<Point X="282" Y="194" T="undefined" />
	<Point X="278" Y="202" T="undefined" />
	<Point X="275" Y="207" T="undefined" />
	<Point X="272" Y="212" T="undefined" />
	<Point X="269" Y="217" T="undefined" />
	<Point X="263" Y="223" T="undefined" />
	<Point X="259" Y="226" T="undefined" />
	<Point X="255" Y="229" T="undefined" />
	<Point X="252" Y="232" T="undefined" />
	<Point X="250" Y="235" T="undefined" />
	<Point X="248" Y="238" T="undefined" />
	<Point X="247" Y="239" T="undefined" />
	<Point X="246" Y="240" T="undefined" />
	<Point X="246" Y="241" T="undefined" />
	<Point X="246" Y="242" T="undefined" />
	<Point X="249" Y="244" T="undefined" />
	<Point X="254" Y="245" T="undefined" />
	<Point X="266" Y="249" T="undefined" />
	<Point X="272" Y="252" T="undefined" />
	<Point X="276" Y="254" T="undefined" />
	<Point X="277" Y="255" T="undefined" />
	<Point X="276" Y="255" T="undefined" />
	<Point X="275" Y="256" T="undefined" />
	<Point X="270" Y="259" T="undefined" />
	<Point X="263" Y="262" T="undefined" />
	<Point X="252" Y="267" T="undefined" />
	<Point X="248" Y="270" T="undefined" />
	<Point X="245" Y="272" T="undefined" />
	<Point X="244" Y="273" T="undefined" />
	<Point X="243" Y="273" T="undefined" />
	<Point X="243" Y="275" T="undefined" />
	<Point X="243" Y="276" T="undefined" />
	<Point X="244" Y="277" T="undefined" />
	<Point X="247" Y="281" T="undefined" />
	<Point X="257" Y="285" T="undefined" />
	<Point X="269" Y="291" T="undefined" />
	<Point X="282" Y="297" T="undefined" />
	<Point X="295" Y="302" T="undefined" />
	<Point X="304" Y="306" T="undefined" />
	<Point X="307" Y="309" T="undefined" />
	<Point X="311" Y="313" T="undefined" />
	<Point X="314" Y="315" T="undefined" />
	<Point X="316" Y="318" T="undefined" />
	<Point X="319" Y="323" T="undefined" />
	<Point X="322" Y="329" T="undefined" />
	<Point X="325" Y="338" T="undefined" />
	<Point X="325" Y="348" T="undefined" />
	<Point X="324" Y="359" T="undefined" />
	<Point X="322" Y="370" T="undefined" />
	<Point X="315" Y="387" T="undefined" />
	<Point X="310" Y="391" T="undefined" />
	<Point X="298" Y="395" T="undefined" />
	<Point X="287" Y="397" T="undefined" />
	<Point X="272" Y="397" T="undefined" />
	<Point X="256" Y="397" T="undefined" />
	<Point X="241" Y="393" T="undefined" />
	<Point X="229" Y="390" T="undefined" />
	<Point X="228" Y="389" T="undefined" />
	<Point X="228" Y="389" T="undefined" />
</Gesture>