<?xml version="1.0" encoding="utf-8" standalone="yes"?>
<Gesture Name="Right Curly Brace5" NumPts="86">
	<Point X="205" Y="107" T="undefined" />
	<Point X="206" Y="107" T="undefined" />
	<Point X="209" Y="108" T="undefined" />
	<Point X="220" Y="113" T="undefined" />
	<Point X="233" Y="118" T="undefined" />
	<Point X="248" Y="122" T="undefined" />
	<Point X="264" Y="129" T="undefined" />
	<Point X="277" Y="133" T="undefined" />
	<Point X="284" Y="137" T="undefined" />
	<Point X="287" Y="140" T="undefined" />
	<Point X="290" Y="143" T="undefined" />
	<Point X="293" Y="148" T="undefined" />
	<Point X="297" Y="158" T="undefined" />
	<Point X="300" Y="163" T="undefined" />
	<Point X="302" Y="168" T="undefined" />
	<Point X="303" Y="172" T="undefined" />
	<Point X="306" Y="177" T="undefined" />
	<Point X="306" Y="183" T="undefined" />
	<Point X="306" Y="195" T="undefined" />
	<Point X="305" Y="206" T="undefined" />
	<Point X="301" Y="215" T="undefined" />
	<Point X="299" Y="223" T="undefined" />
	<Point X="296" Y="227" T="undefined" />
	<Point X="294" Y="231" T="undefined" />
	<Point X="292" Y="234" T="undefined" />
	<Point X="289" Y="237" T="undefined" />
	<Point X="286" Y="239" T="undefined" />
	<Point X="284" Y="241" T="undefined" />
	<Point X="280" Y="244" T="undefined" />
	<Point X="279" Y="246" T="undefined" />
	<Point X="278" Y="247" T="undefined" />
	<Point X="278" Y="248" T="undefined" />
	<Point X="279" Y="248" T="undefined" />
	<Point X="280" Y="249" T="undefined" />
	<Point X="282" Y="249" T="undefined" />
	<Point X="284" Y="249" T="undefined" />
	<Point X="287" Y="250" T="undefined" />
	<Point X="290" Y="251" T="undefined" />
	<Point X="291" Y="251" T="undefined" />
	<Point X="292" Y="252" T="undefined" />
	<Point X="294" Y="253" T="undefined" />
	<Point X="296" Y="254" T="undefined" />
	<Point X="297" Y="255" T="undefined" />
	<Point X="299" Y="256" T="undefined" />
	<Point X="300" Y="257" T="undefined" />
	<Point X="300" Y="258" T="undefined" />
	<Point X="301" Y="259" T="undefined" />
	<Point X="301" Y="261" T="undefined" />
	<Point X="297" Y="264" T="undefined" />
	<Point X="294" Y="266" T="undefined" />
	<Point X="290" Y="269" T="undefined" />
	<Point X="287" Y="272" T="undefined" />
	<Point X="284" Y="275" T="undefined" />
	<Point X="281" Y="277" T="undefined" />
	<Point X="279" Y="278" T="undefined" />
	<Point X="277" Y="281" T="undefined" />
	<Point X="276" Y="281" T="undefined" />
	<Point X="276" Y="284" T="undefined" />
	<Point X="276" Y="286" T="undefined" />
	<Point X="279" Y="289" T="undefined" />
	<Point X="284" Y="292" T="undefined" />
	<Point X="292" Y="295" T="undefined" />
	<Point X="299" Y="298" T="undefined" />
	<Point X="306" Y="302" T="undefined" />
	<Point X="310" Y="305" T="undefined" />
	<Point X="312" Y="308" T="undefined" />
	<Point X="316" Y="311" T="undefined" />
	<Point X="320" Y="314" T="undefined" />
	<Point X="323" Y="317" T="undefined" />
	<Point X="326" Y="320" T="undefined" />
	<Point X="327" Y="323" T="undefined" />
	<Point X="328" Y="327" T="undefined" />
	<Point X="329" Y="340" T="undefined" />
	<Point X="329" Y="350" T="undefined" />
	<Point X="328" Y="359" T="undefined" />
	<Point X="326" Y="368" T="undefined" />
	<Point X="324" Y="377" T="undefined" />
	<Point X="322" Y="385" T="undefined" />
	<Point X="320" Y="391" T="undefined" />
	<Point X="316" Y="395" T="undefined" />
	<Point X="314" Y="397" T="undefined" />
	<Point X="311" Y="401" T="undefined" />
	<Point X="309" Y="402" T="undefined" />
	<Point X="308" Y="403" T="undefined" />
	<Point X="307" Y="403" T="undefined" />
	<Point X="305" Y="404" T="undefined" />
</Gesture>