<?xml version="1.0" encoding="utf-8" standalone="yes"?>
<Gesture Name="Right Curly Brace3" NumPts="104">
	<Point X="211" Y="92" T="undefined" />
	<Point X="211" Y="93" T="undefined" />
	<Point X="213" Y="95" T="undefined" />
	<Point X="221" Y="99" T="undefined" />
	<Point X="231" Y="103" T="undefined" />
	<Point X="243" Y="109" T="undefined" />
	<Point X="255" Y="113" T="undefined" />
	<Point X="266" Y="119" T="undefined" />
	<Point X="278" Y="124" T="undefined" />
	<Point X="286" Y="128" T="undefined" />
	<Point X="290" Y="131" T="undefined" />
	<Point X="293" Y="134" T="undefined" />
	<Point X="296" Y="138" T="undefined" />
	<Point X="297" Y="141" T="undefined" />
	<Point X="297" Y="142" T="undefined" />
	<Point X="297" Y="145" T="undefined" />
	<Point X="296" Y="147" T="undefined" />
	<Point X="294" Y="150" T="undefined" />
	<Point X="291" Y="157" T="undefined" />
	<Point X="286" Y="163" T="undefined" />
	<Point X="282" Y="169" T="undefined" />
	<Point X="278" Y="174" T="undefined" />
	<Point X="274" Y="179" T="undefined" />
	<Point X="269" Y="185" T="undefined" />
	<Point X="264" Y="189" T="undefined" />
	<Point X="261" Y="192" T="undefined" />
	<Point X="258" Y="195" T="undefined" />
	<Point X="254" Y="199" T="undefined" />
	<Point X="252" Y="200" T="undefined" />
	<Point X="252" Y="201" T="undefined" />
	<Point X="250" Y="203" T="undefined" />
	<Point X="250" Y="203" T="undefined" />
	<Point X="249" Y="205" T="undefined" />
	<Point X="248" Y="207" T="undefined" />
	<Point X="248" Y="209" T="undefined" />
	<Point X="249" Y="211" T="undefined" />
	<Point X="251" Y="214" T="undefined" />
	<Point X="254" Y="217" T="undefined" />
	<Point X="259" Y="220" T="undefined" />
	<Point X="270" Y="225" T="undefined" />
	<Point X="276" Y="228" T="undefined" />
	<Point X="280" Y="230" T="undefined" />
	<Point X="282" Y="230" T="undefined" />
	<Point X="285" Y="232" T="undefined" />
	<Point X="288" Y="233" T="undefined" />
	<Point X="290" Y="234" T="undefined" />
	<Point X="291" Y="235" T="undefined" />
	<Point X="292" Y="235" T="undefined" />
	<Point X="293" Y="237" T="undefined" />
	<Point X="293" Y="239" T="undefined" />
	<Point X="293" Y="240" T="undefined" />
	<Point X="293" Y="241" T="undefined" />
	<Point X="289" Y="244" T="undefined" />
	<Point X="286" Y="245" T="undefined" />
	<Point X="284" Y="247" T="undefined" />
	<Point X="281" Y="247" T="undefined" />
	<Point X="278" Y="247" T="undefined" />
	<Point X="275" Y="247" T="undefined" />
	<Point X="272" Y="247" T="undefined" />
	<Point X="271" Y="247" T="undefined" />
	<Point X="270" Y="247" T="undefined" />
	<Point X="270" Y="247" T="undefined" />
	<Point X="269" Y="247" T="undefined" />
	<Point X="268" Y="251" T="undefined" />
	<Point X="268" Y="252" T="undefined" />
	<Point X="268" Y="253" T="undefined" />
	<Point X="270" Y="255" T="undefined" />
	<Point X="273" Y="257" T="undefined" />
	<Point X="274" Y="259" T="undefined" />
	<Point X="276" Y="261" T="undefined" />
	<Point X="279" Y="263" T="undefined" />
	<Point X="282" Y="266" T="undefined" />
	<Point X="288" Y="269" T="undefined" />
	<Point X="292" Y="272" T="undefined" />
	<Point X="296" Y="275" T="undefined" />
	<Point X="299" Y="278" T="undefined" />
	<Point X="302" Y="282" T="undefined" />
	<Point X="305" Y="285" T="undefined" />
	<Point X="307" Y="289" T="undefined" />
	<Point X="308" Y="293" T="undefined" />
	<Point X="309" Y="297" T="undefined" />
	<Point X="310" Y="301" T="undefined" />
	<Point X="310" Y="304" T="undefined" />
	<Point X="310" Y="307" T="undefined" />
	<Point X="308" Y="313" T="undefined" />
	<Point X="305" Y="315" T="undefined" />
	<Point X="303" Y="319" T="undefined" />
	<Point X="301" Y="323" T="undefined" />
	<Point X="298" Y="326" T="undefined" />
	<Point X="295" Y="330" T="undefined" />
	<Point X="292" Y="333" T="undefined" />
	<Point X="288" Y="337" T="undefined" />
	<Point X="284" Y="341" T="undefined" />
	<Point X="278" Y="345" T="undefined" />
	<Point X="273" Y="348" T="undefined" />
	<Point X="266" Y="351" T="undefined" />
	<Point X="261" Y="352" T="undefined" />
	<Point X="258" Y="353" T="undefined" />
	<Point X="255" Y="353" T="undefined" />
	<Point X="251" Y="353" T="undefined" />
	<Point X="249" Y="353" T="undefined" />
	<Point X="248" Y="354" T="undefined" />
	<Point X="246" Y="355" T="undefined" />
	<Point X="244" Y="355" T="undefined" />
</Gesture>