<?xml version="1.0" encoding="utf-8" standalone="yes"?>
<Gesture Name="Right Curly Brace4" NumPts="69">
	<Point X="154" Y="107" T="undefined" />
	<Point X="155" Y="107" T="undefined" />
	<Point X="160" Y="106" T="undefined" />
	<Point X="168" Y="106" T="undefined" />
	<Point X="178" Y="108" T="undefined" />
	<Point X="189" Y="112" T="undefined" />
	<Point X="202" Y="117" T="undefined" />
	<Point X="217" Y="125" T="undefined" />
	<Point X="234" Y="133" T="undefined" />
	<Point X="256" Y="144" T="undefined" />
	<Point X="265" Y="150" T="undefined" />
	<Point X="269" Y="155" T="undefined" />
	<Point X="272" Y="158" T="undefined" />
	<Point X="275" Y="162" T="undefined" />
	<Point X="278" Y="165" T="undefined" />
	<Point X="280" Y="170" T="undefined" />
	<Point X="280" Y="176" T="undefined" />
	<Point X="281" Y="180" T="undefined" />
	<Point X="280" Y="189" T="undefined" />
	<Point X="276" Y="195" T="undefined" />
	<Point X="272" Y="203" T="undefined" />
	<Point X="267" Y="213" T="undefined" />
	<Point X="264" Y="219" T="undefined" />
	<Point X="260" Y="222" T="undefined" />
	<Point X="258" Y="225" T="undefined" />
	<Point X="257" Y="228" T="undefined" />
	<Point X="256" Y="230" T="undefined" />
	<Point X="256" Y="231" T="undefined" />
	<Point X="256" Y="233" T="undefined" />
	<Point X="257" Y="235" T="undefined" />
	<Point X="260" Y="238" T="undefined" />
	<Point X="262" Y="241" T="undefined" />
	<Point X="268" Y="244" T="undefined" />
	<Point X="274" Y="247" T="undefined" />
	<Point X="277" Y="249" T="undefined" />
	<Point X="278" Y="249" T="undefined" />
	<Point X="279" Y="250" T="undefined" />
	<Point X="279" Y="251" T="undefined" />
	<Point X="279" Y="252" T="undefined" />
	<Point X="279" Y="253" T="undefined" />
	<Point X="276" Y="255" T="undefined" />
	<Point X="272" Y="258" T="undefined" />
	<Point X="269" Y="261" T="undefined" />
	<Point X="264" Y="265" T="undefined" />
	<Point X="261" Y="268" T="undefined" />
	<Point X="258" Y="271" T="undefined" />
	<Point X="258" Y="273" T="undefined" />
	<Point X="258" Y="275" T="undefined" />
	<Point X="260" Y="277" T="undefined" />
	<Point X="266" Y="284" T="undefined" />
	<Point X="274" Y="291" T="undefined" />
	<Point X="281" Y="295" T="undefined" />
	<Point X="286" Y="299" T="undefined" />
	<Point X="290" Y="303" T="undefined" />
	<Point X="293" Y="305" T="undefined" />
	<Point X="294" Y="308" T="undefined" />
	<Point X="294" Y="313" T="undefined" />
	<Point X="294" Y="320" T="undefined" />
	<Point X="293" Y="327" T="undefined" />
	<Point X="290" Y="337" T="undefined" />
	<Point X="285" Y="347" T="undefined" />
	<Point X="278" Y="355" T="undefined" />
	<Point X="268" Y="361" T="undefined" />
	<Point X="256" Y="365" T="undefined" />
	<Point X="248" Y="368" T="undefined" />
	<Point X="243" Y="370" T="undefined" />
	<Point X="240" Y="371" T="undefined" />
	<Point X="236" Y="372" T="undefined" />
	<Point X="233" Y="372" T="undefined" />
</Gesture>