<?xml version="1.0" encoding="utf-8" standalone="yes"?>
<Gesture Name="Right Curly Brace8" NumPts="69">
	<Point X="229" Y="104" T="undefined" />
	<Point X="234" Y="106" T="undefined" />
	<Point X="247" Y="110" T="undefined" />
	<Point X="268" Y="118" T="undefined" />
	<Point X="279" Y="122" T="undefined" />
	<Point X="289" Y="126" T="undefined" />
	<Point X="294" Y="129" T="undefined" />
	<Point X="298" Y="132" T="undefined" />
	<Point X="300" Y="135" T="undefined" />
	<Point X="303" Y="137" T="undefined" />
	<Point X="305" Y="141" T="undefined" />
	<Point X="310" Y="149" T="undefined" />
	<Point X="314" Y="159" T="undefined" />
	<Point X="317" Y="167" T="undefined" />
	<Point X="321" Y="176" T="undefined" />
	<Point X="323" Y="181" T="undefined" />
	<Point X="324" Y="185" T="undefined" />
	<Point X="324" Y="189" T="undefined" />
	<Point X="322" Y="194" T="undefined" />
	<Point X="320" Y="201" T="undefined" />
	<Point X="317" Y="205" T="undefined" />
	<Point X="314" Y="207" T="undefined" />
	<Point X="311" Y="210" T="undefined" />
	<Point X="310" Y="212" T="undefined" />
	<Point X="309" Y="213" T="undefined" />
	<Point X="309" Y="214" T="undefined" />
	<Point X="308" Y="214" T="undefined" />
	<Point X="308" Y="215" T="undefined" />
	<Point X="308" Y="215" T="undefined" />
	<Point X="309" Y="216" T="undefined" />
	<Point X="310" Y="218" T="undefined" />
	<Point X="322" Y="224" T="undefined" />
	<Point X="331" Y="228" T="undefined" />
	<Point X="338" Y="232" T="undefined" />
	<Point X="340" Y="234" T="undefined" />
	<Point X="340" Y="235" T="undefined" />
	<Point X="341" Y="235" T="undefined" />
	<Point X="341" Y="237" T="undefined" />
	<Point X="341" Y="239" T="undefined" />
	<Point X="339" Y="242" T="undefined" />
	<Point X="336" Y="245" T="undefined" />
	<Point X="332" Y="248" T="undefined" />
	<Point X="326" Y="251" T="undefined" />
	<Point X="322" Y="253" T="undefined" />
	<Point X="321" Y="255" T="undefined" />
	<Point X="321" Y="255" T="undefined" />
	<Point X="321" Y="256" T="undefined" />
	<Point X="321" Y="257" T="undefined" />
	<Point X="323" Y="260" T="undefined" />
	<Point X="330" Y="265" T="undefined" />
	<Point X="345" Y="273" T="undefined" />
	<Point X="360" Y="281" T="undefined" />
	<Point X="374" Y="288" T="undefined" />
	<Point X="382" Y="293" T="undefined" />
	<Point X="384" Y="296" T="undefined" />
	<Point X="387" Y="299" T="undefined" />
	<Point X="389" Y="304" T="undefined" />
	<Point X="391" Y="310" T="undefined" />
	<Point X="392" Y="320" T="undefined" />
	<Point X="391" Y="331" T="undefined" />
	<Point X="388" Y="343" T="undefined" />
	<Point X="383" Y="357" T="undefined" />
	<Point X="370" Y="377" T="undefined" />
	<Point X="359" Y="389" T="undefined" />
	<Point X="342" Y="403" T="undefined" />
	<Point X="321" Y="408" T="undefined" />
	<Point X="300" Y="409" T="undefined" />
	<Point X="283" Y="409" T="undefined" />
	<Point X="271" Y="407" T="undefined" />
</Gesture>