<?xml version="1.0" encoding="utf-8" standalone="yes"?>
<Gesture Name="Right Curly Brace1" NumPts="84">
	<Point X="198" Y="89" T="undefined" />
	<Point X="199" Y="89" T="undefined" />
	<Point X="202" Y="89" T="undefined" />
	<Point X="205" Y="89" T="undefined" />
	<Point X="214" Y="91" T="undefined" />
	<Point X="224" Y="94" T="undefined" />
	<Point X="228" Y="96" T="undefined" />
	<Point X="246" Y="102" T="undefined" />
	<Point X="258" Y="105" T="undefined" />
	<Point X="268" Y="109" T="undefined" />
	<Point X="279" Y="113" T="undefined" />
	<Point X="286" Y="117" T="undefined" />
	<Point X="291" Y="119" T="undefined" />
	<Point X="295" Y="124" T="undefined" />
	<Point X="298" Y="127" T="undefined" />
	<Point X="301" Y="130" T="undefined" />
	<Point X="304" Y="133" T="undefined" />
	<Point X="307" Y="137" T="undefined" />
	<Point X="308" Y="140" T="undefined" />
	<Point X="310" Y="145" T="undefined" />
	<Point X="310" Y="151" T="undefined" />
	<Point X="310" Y="156" T="undefined" />
	<Point X="308" Y="164" T="undefined" />
	<Point X="305" Y="170" T="undefined" />
	<Point X="301" Y="175" T="undefined" />
	<Point X="294" Y="181" T="undefined" />
	<Point X="285" Y="188" T="undefined" />
	<Point X="278" Y="193" T="undefined" />
	<Point X="273" Y="197" T="undefined" />
	<Point X="268" Y="200" T="undefined" />
	<Point X="264" Y="203" T="undefined" />
	<Point X="261" Y="205" T="undefined" />
	<Point X="260" Y="206" T="undefined" />
	<Point X="260" Y="207" T="undefined" />
	<Point X="259" Y="208" T="undefined" />
	<Point X="259" Y="209" T="undefined" />
	<Point X="259" Y="211" T="undefined" />
	<Point X="261" Y="214" T="undefined" />
	<Point X="265" Y="217" T="undefined" />
	<Point X="270" Y="220" T="undefined" />
	<Point X="280" Y="223" T="undefined" />
	<Point X="292" Y="227" T="undefined" />
	<Point X="307" Y="233" T="undefined" />
	<Point X="316" Y="236" T="undefined" />
	<Point X="319" Y="239" T="undefined" />
	<Point X="322" Y="240" T="undefined" />
	<Point X="322" Y="241" T="undefined" />
	<Point X="322" Y="241" T="undefined" />
	<Point X="322" Y="241" T="undefined" />
	<Point X="323" Y="243" T="undefined" />
	<Point X="322" Y="246" T="undefined" />
	<Point X="317" Y="248" T="undefined" />
	<Point X="308" Y="252" T="undefined" />
	<Point X="295" Y="256" T="undefined" />
	<Point X="284" Y="259" T="undefined" />
	<Point X="277" Y="263" T="undefined" />
	<Point X="275" Y="264" T="undefined" />
	<Point X="274" Y="265" T="undefined" />
	<Point X="274" Y="266" T="undefined" />
	<Point X="276" Y="268" T="undefined" />
	<Point X="279" Y="271" T="undefined" />
	<Point X="288" Y="277" T="undefined" />
	<Point X="297" Y="280" T="undefined" />
	<Point X="308" Y="284" T="undefined" />
	<Point X="319" Y="289" T="undefined" />
	<Point X="330" Y="293" T="undefined" />
	<Point X="336" Y="298" T="undefined" />
	<Point X="339" Y="301" T="undefined" />
	<Point X="342" Y="304" T="undefined" />
	<Point X="343" Y="307" T="undefined" />
	<Point X="344" Y="311" T="undefined" />
	<Point X="345" Y="315" T="undefined" />
	<Point X="345" Y="320" T="undefined" />
	<Point X="343" Y="329" T="undefined" />
	<Point X="339" Y="338" T="undefined" />
	<Point X="332" Y="343" T="undefined" />
	<Point X="322" Y="347" T="undefined" />
	<Point X="309" Y="351" T="undefined" />
	<Point X="298" Y="355" T="undefined" />
	<Point X="286" Y="359" T="undefined" />
	<Point X="272" Y="363" T="undefined" />
	<Point X="260" Y="367" T="undefined" />
	<Point X="245" Y="372" T="undefined" />
	<Point X="242" Y="373" T="undefined" />
</Gesture>