<?xml version="1.0" encoding="utf-8" standalone="yes"?>
<Gesture Name="Star5" NumPts="50">
	<Point X="109" Y="274" T="undefined" />
	<Point X="120" Y="246" T="undefined" />
	<Point X="166" Y="143" T="undefined" />
	<Point X="201" Y="56" T="undefined" />
	<Point X="220" Y="8" T="undefined" />
	<Point X="234" Y="10" T="undefined" />
	<Point X="242" Y="38" T="undefined" />
	<Point X="266" Y="121" T="undefined" />
	<Point X="280" Y="156" T="undefined" />
	<Point X="290" Y="183" T="undefined" />
	<Point X="304" Y="215" T="undefined" />
	<Point X="312" Y="232" T="undefined" />
	<Point X="320" Y="262" T="undefined" />
	<Point X="323" Y="277" T="undefined" />
	<Point X="324" Y="283" T="undefined" />
	<Point X="324" Y="288" T="undefined" />
	<Point X="323" Y="288" T="undefined" />
	<Point X="320" Y="288" T="undefined" />
	<Point X="288" Y="269" T="undefined" />
	<Point X="216" Y="213" T="undefined" />
	<Point X="120" Y="141" T="undefined" />
	<Point X="75" Y="116" T="undefined" />
	<Point X="48" Y="102" T="undefined" />
	<Point X="30" Y="94" T="undefined" />
	<Point X="21" Y="88" T="undefined" />
	<Point X="20" Y="87" T="undefined" />
	<Point X="20" Y="84" T="undefined" />
	<Point X="20" Y="84" T="undefined" />
	<Point X="24" Y="84" T="undefined" />
	<Point X="38" Y="82" T="undefined" />
	<Point X="75" Y="83" T="undefined" />
	<Point X="207" Y="89" T="undefined" />
	<Point X="265" Y="94" T="undefined" />
	<Point X="302" Y="99" T="undefined" />
	<Point X="322" Y="101" T="undefined" />
	<Point X="326" Y="101" T="undefined" />
	<Point X="328" Y="101" T="undefined" />
	<Point X="328" Y="101" T="undefined" />
	<Point X="329" Y="101" T="undefined" />
	<Point X="329" Y="102" T="undefined" />
	<Point X="328" Y="104" T="undefined" />
	<Point X="320" Y="113" T="undefined" />
	<Point X="267" Y="168" T="undefined" />
	<Point X="145" Y="294" T="undefined" />
	<Point X="113" Y="326" T="undefined" />
	<Point X="100" Y="339" T="undefined" />
	<Point X="98" Y="340" T="undefined" />
	<Point X="97" Y="340" T="undefined" />
	<Point X="97" Y="340" T="undefined" />
	<Point X="99" Y="336" T="undefined" />
</Gesture>