<?xml version="1.0" encoding="utf-8" standalone="yes"?>
<Gesture Name="Star0" NumPts="109">
	<Point X="148" Y="304" T="undefined" />
	<Point X="148" Y="299" T="undefined" />
	<Point X="150" Y="289" T="undefined" />
	<Point X="160" Y="264" T="undefined" />
	<Point X="169" Y="238" T="undefined" />
	<Point X="181" Y="210" T="undefined" />
	<Point X="187" Y="198" T="undefined" />
	<Point X="194" Y="183" T="undefined" />
	<Point X="199" Y="176" T="undefined" />
	<Point X="202" Y="172" T="undefined" />
	<Point X="206" Y="166" T="undefined" />
	<Point X="208" Y="163" T="undefined" />
	<Point X="210" Y="158" T="undefined" />
	<Point X="211" Y="156" T="undefined" />
	<Point X="212" Y="154" T="undefined" />
	<Point X="212" Y="154" T="undefined" />
	<Point X="212" Y="153" T="undefined" />
	<Point X="212" Y="152" T="undefined" />
	<Point X="213" Y="152" T="undefined" />
	<Point X="214" Y="152" T="undefined" />
	<Point X="214" Y="153" T="undefined" />
	<Point X="218" Y="159" T="undefined" />
	<Point X="224" Y="168" T="undefined" />
	<Point X="234" Y="186" T="undefined" />
	<Point X="254" Y="224" T="undefined" />
	<Point X="266" Y="251" T="undefined" />
	<Point X="276" Y="272" T="undefined" />
	<Point X="287" Y="295" T="undefined" />
	<Point X="291" Y="303" T="undefined" />
	<Point X="294" Y="309" T="undefined" />
	<Point X="295" Y="312" T="undefined" />
	<Point X="296" Y="312" T="undefined" />
	<Point X="296" Y="313" T="undefined" />
	<Point X="296" Y="314" T="undefined" />
	<Point X="296" Y="314" T="undefined" />
	<Point X="292" Y="313" T="undefined" />
	<Point X="288" Y="311" T="undefined" />
	<Point X="277" Y="307" T="undefined" />
	<Point X="244" Y="294" T="undefined" />
	<Point X="216" Y="282" T="undefined" />
	<Point X="189" Y="268" T="undefined" />
	<Point X="156" Y="250" T="undefined" />
	<Point X="144" Y="244" T="undefined" />
	<Point X="136" Y="240" T="undefined" />
	<Point X="128" Y="234" T="undefined" />
	<Point X="122" Y="230" T="undefined" />
	<Point X="116" Y="226" T="undefined" />
	<Point X="113" Y="224" T="undefined" />
	<Point X="110" Y="221" T="undefined" />
	<Point X="106" Y="219" T="undefined" />
	<Point X="104" Y="218" T="undefined" />
	<Point X="100" Y="216" T="undefined" />
	<Point X="98" Y="215" T="undefined" />
	<Point X="97" Y="214" T="undefined" />
	<Point X="96" Y="214" T="undefined" />
	<Point X="98" Y="214" T="undefined" />
	<Point X="107" Y="213" T="undefined" />
	<Point X="125" Y="210" T="undefined" />
	<Point X="154" Y="206" T="undefined" />
	<Point X="199" Y="201" T="undefined" />
	<Point X="220" Y="200" T="undefined" />
	<Point X="236" Y="199" T="undefined" />
	<Point X="253" Y="199" T="undefined" />
	<Point X="260" Y="199" T="undefined" />
	<Point X="269" Y="200" T="undefined" />
	<Point X="273" Y="201" T="undefined" />
	<Point X="276" Y="202" T="undefined" />
	<Point X="280" Y="202" T="undefined" />
	<Point X="283" Y="203" T="undefined" />
	<Point X="285" Y="204" T="undefined" />
	<Point X="289" Y="204" T="undefined" />
	<Point X="290" Y="205" T="undefined" />
	<Point X="292" Y="206" T="undefined" />
	<Point X="294" Y="206" T="undefined" />
	<Point X="294" Y="206" T="undefined" />
	<Point X="295" Y="206" T="undefined" />
	<Point X="295" Y="207" T="undefined" />
	<Point X="295" Y="208" T="undefined" />
	<Point X="294" Y="208" T="undefined" />
	<Point X="292" Y="210" T="undefined" />
	<Point X="287" Y="211" T="undefined" />
	<Point X="282" Y="214" T="undefined" />
	<Point X="267" Y="221" T="undefined" />
	<Point X="254" Y="228" T="undefined" />
	<Point X="243" Y="235" T="undefined" />
	<Point X="226" Y="244" T="undefined" />
	<Point X="216" Y="249" T="undefined" />
	<Point X="199" Y="257" T="undefined" />
	<Point X="191" Y="261" T="undefined" />
	<Point X="186" Y="264" T="undefined" />
	<Point X="180" Y="268" T="undefined" />
	<Point X="175" Y="270" T="undefined" />
	<Point X="173" Y="273" T="undefined" />
	<Point X="168" Y="277" T="undefined" />
	<Point X="165" Y="280" T="undefined" />
	<Point X="161" Y="286" T="undefined" />
	<Point X="158" Y="288" T="undefined" />
	<Point X="156" Y="291" T="undefined" />
	<Point X="152" Y="294" T="undefined" />
	<Point X="150" Y="295" T="undefined" />
	<Point X="148" Y="296" T="undefined" />
	<Point X="146" Y="298" T="undefined" />
	<Point X="145" Y="299" T="undefined" />
	<Point X="144" Y="302" T="undefined" />
	<Point X="142" Y="304" T="undefined" />
	<Point X="141" Y="304" T="undefined" />
	<Point X="140" Y="306" T="undefined" />
	<Point X="140" Y="308" T="undefined" />
	<Point X="140" Y="308" T="undefined" />
</Gesture>