<?xml version="1.0" encoding="utf-8" standalone="yes"?>
<Gesture Name="Star6" NumPts="103">
	<Point X="210" Y="345" T="undefined" />
	<Point X="224" Y="325" T="undefined" />
	<Point X="270" Y="265" T="undefined" />
	<Point X="306" Y="210" T="undefined" />
	<Point X="332" Y="173" T="undefined" />
	<Point X="338" Y="166" T="undefined" />
	<Point X="339" Y="164" T="undefined" />
	<Point X="340" Y="163" T="undefined" />
	<Point X="341" Y="163" T="undefined" />
	<Point X="342" Y="163" T="undefined" />
	<Point X="342" Y="163" T="undefined" />
	<Point X="343" Y="163" T="undefined" />
	<Point X="343" Y="164" T="undefined" />
	<Point X="345" Y="166" T="undefined" />
	<Point X="350" Y="181" T="undefined" />
	<Point X="363" Y="232" T="undefined" />
	<Point X="391" Y="339" T="undefined" />
	<Point X="407" Y="392" T="undefined" />
	<Point X="422" Y="433" T="undefined" />
	<Point X="438" Y="465" T="undefined" />
	<Point X="442" Y="474" T="undefined" />
	<Point X="444" Y="478" T="undefined" />
	<Point X="446" Y="478" T="undefined" />
	<Point X="445" Y="478" T="undefined" />
	<Point X="445" Y="477" T="undefined" />
	<Point X="443" Y="474" T="undefined" />
	<Point X="428" Y="460" T="undefined" />
	<Point X="317" Y="373" T="undefined" />
	<Point X="233" Y="320" T="undefined" />
	<Point X="173" Y="287" T="undefined" />
	<Point X="124" Y="254" T="undefined" />
	<Point X="111" Y="243" T="undefined" />
	<Point X="104" Y="236" T="undefined" />
	<Point X="102" Y="234" T="undefined" />
	<Point X="102" Y="234" T="undefined" />
	<Point X="102" Y="233" T="undefined" />
	<Point X="104" Y="232" T="undefined" />
	<Point X="105" Y="232" T="undefined" />
	<Point X="120" Y="231" T="undefined" />
	<Point X="217" Y="224" T="undefined" />
	<Point X="302" Y="224" T="undefined" />
	<Point X="382" Y="228" T="undefined" />
	<Point X="413" Y="231" T="undefined" />
	<Point X="428" Y="232" T="undefined" />
	<Point X="436" Y="233" T="undefined" />
	<Point X="437" Y="233" T="undefined" />
	<Point X="439" Y="233" T="undefined" />
	<Point X="441" Y="234" T="undefined" />
	<Point X="443" Y="234" T="undefined" />
	<Point X="446" Y="234" T="undefined" />
	<Point X="448" Y="236" T="undefined" />
	<Point X="449" Y="236" T="undefined" />
	<Point X="450" Y="236" T="undefined" />
	<Point X="450" Y="237" T="undefined" />
	<Point X="450" Y="238" T="undefined" />
	<Point X="448" Y="240" T="undefined" />
	<Point X="437" Y="248" T="undefined" />
	<Point X="382" Y="283" T="undefined" />
	<Point X="297" Y="331" T="undefined" />
	<Point X="274" Y="342" T="undefined" />
	<Point X="264" Y="348" T="undefined" />
	<Point X="258" Y="351" T="undefined" />
	<Point X="257" Y="352" T="undefined" />
	<Point X="256" Y="352" T="undefined" />
	<Point X="255" Y="352" T="undefined" />
	<Point X="254" Y="352" T="undefined" />
	<Point X="254" Y="352" T="undefined" />
	<Point X="254" Y="352" T="undefined" />
	<Point X="250" Y="354" T="undefined" />
	<Point X="246" Y="357" T="undefined" />
	<Point X="236" Y="364" T="undefined" />
	<Point X="230" Y="368" T="undefined" />
	<Point X="224" Y="372" T="undefined" />
	<Point X="219" Y="375" T="undefined" />
	<Point X="218" Y="376" T="undefined" />
	<Point X="216" Y="376" T="undefined" />
	<Point X="216" Y="376" T="undefined" />
	<Point X="215" Y="376" T="undefined" />
	<Point X="214" Y="376" T="undefined" />
	<Point X="214" Y="376" T="undefined" />
	<Point X="213" Y="376" T="undefined" />
	<Point X="212" Y="376" T="undefined" />
	<Point X="212" Y="377" T="undefined" />
	<Point X="211" Y="377" T="undefined" />
	<Point X="209" Y="378" T="undefined" />
	<Point X="202" Y="381" T="undefined" />
	<Point X="197" Y="384" T="undefined" />
	<Point X="192" Y="386" T="undefined" />
	<Point X="187" Y="386" T="undefined" />
	<Point X="184" Y="387" T="undefined" />
	<Point X="182" Y="387" T="undefined" />
	<Point X="182" Y="387" T="undefined" />
	<Point X="181" Y="387" T="undefined" />
	<Point X="181" Y="386" T="undefined" />
	<Point X="181" Y="386" T="undefined" />
	<Point X="181" Y="385" T="undefined" />
	<Point X="181" Y="384" T="undefined" />
	<Point X="181" Y="384" T="undefined" />
	<Point X="181" Y="383" T="undefined" />
	<Point X="182" Y="383" T="undefined" />
	<Point X="182" Y="383" T="undefined" />
	<Point X="183" Y="383" T="undefined" />
	<Point X="184" Y="383" T="undefined" />
</Gesture>