<?xml version="1.0" encoding="utf-8" standalone="yes"?>
<Gesture Name="Star2" NumPts="72">
	<Point X="137" Y="304" T="undefined" />
	<Point X="138" Y="302" T="undefined" />
	<Point X="144" Y="296" T="undefined" />
	<Point X="152" Y="286" T="undefined" />
	<Point X="182" Y="249" T="undefined" />
	<Point X="223" Y="190" T="undefined" />
	<Point X="234" Y="173" T="undefined" />
	<Point X="254" Y="138" T="undefined" />
	<Point X="266" Y="118" T="undefined" />
	<Point X="276" Y="103" T="undefined" />
	<Point X="282" Y="93" T="undefined" />
	<Point X="286" Y="86" T="undefined" />
	<Point X="288" Y="82" T="undefined" />
	<Point X="290" Y="80" T="undefined" />
	<Point X="291" Y="78" T="undefined" />
	<Point X="292" Y="77" T="undefined" />
	<Point X="294" Y="76" T="undefined" />
	<Point X="295" Y="75" T="undefined" />
	<Point X="296" Y="75" T="undefined" />
	<Point X="297" Y="76" T="undefined" />
	<Point X="297" Y="82" T="undefined" />
	<Point X="296" Y="104" T="undefined" />
	<Point X="293" Y="143" T="undefined" />
	<Point X="292" Y="186" T="undefined" />
	<Point X="292" Y="234" T="undefined" />
	<Point X="294" Y="248" T="undefined" />
	<Point X="302" Y="284" T="undefined" />
	<Point X="306" Y="302" T="undefined" />
	<Point X="310" Y="312" T="undefined" />
	<Point X="314" Y="318" T="undefined" />
	<Point X="315" Y="321" T="undefined" />
	<Point X="316" Y="322" T="undefined" />
	<Point X="316" Y="323" T="undefined" />
	<Point X="316" Y="324" T="undefined" />
	<Point X="316" Y="324" T="undefined" />
	<Point X="312" Y="322" T="undefined" />
	<Point X="300" Y="314" T="undefined" />
	<Point X="270" Y="294" T="undefined" />
	<Point X="226" Y="259" T="undefined" />
	<Point X="191" Y="232" T="undefined" />
	<Point X="168" Y="215" T="undefined" />
	<Point X="150" Y="205" T="undefined" />
	<Point X="142" Y="199" T="undefined" />
	<Point X="138" Y="196" T="undefined" />
	<Point X="135" Y="194" T="undefined" />
	<Point X="134" Y="193" T="undefined" />
	<Point X="133" Y="192" T="undefined" />
	<Point X="133" Y="192" T="undefined" />
	<Point X="134" Y="191" T="undefined" />
	<Point X="138" Y="190" T="undefined" />
	<Point X="150" Y="186" T="undefined" />
	<Point X="180" Y="178" T="undefined" />
	<Point X="237" Y="170" T="undefined" />
	<Point X="279" Y="167" T="undefined" />
	<Point X="309" Y="167" T="undefined" />
	<Point X="328" Y="167" T="undefined" />
	<Point X="338" Y="167" T="undefined" />
	<Point X="340" Y="167" T="undefined" />
	<Point X="342" Y="167" T="undefined" />
	<Point X="342" Y="167" T="undefined" />
	<Point X="343" Y="167" T="undefined" />
	<Point X="342" Y="168" T="undefined" />
	<Point X="334" Y="177" T="undefined" />
	<Point X="306" Y="202" T="undefined" />
	<Point X="251" Y="254" T="undefined" />
	<Point X="198" Y="290" T="undefined" />
	<Point X="176" Y="307" T="undefined" />
	<Point X="162" Y="314" T="undefined" />
	<Point X="156" Y="318" T="undefined" />
	<Point X="154" Y="319" T="undefined" />
	<Point X="152" Y="320" T="undefined" />
	<Point X="152" Y="320" T="undefined" />
</Gesture>