<?xml version="1.0" encoding="utf-8" standalone="yes"?>
<Gesture Name="Star7" NumPts="100">
	<Point X="102" Y="332" T="undefined" />
	<Point X="108" Y="318" T="undefined" />
	<Point X="129" Y="283" T="undefined" />
	<Point X="169" Y="207" T="undefined" />
	<Point X="186" Y="170" T="undefined" />
	<Point X="196" Y="152" T="undefined" />
	<Point X="200" Y="142" T="undefined" />
	<Point X="202" Y="140" T="undefined" />
	<Point X="202" Y="139" T="undefined" />
	<Point X="203" Y="138" T="undefined" />
	<Point X="203" Y="138" T="undefined" />
	<Point X="203" Y="137" T="undefined" />
	<Point X="203" Y="136" T="undefined" />
	<Point X="203" Y="135" T="undefined" />
	<Point X="203" Y="132" T="undefined" />
	<Point X="203" Y="130" T="undefined" />
	<Point X="203" Y="128" T="undefined" />
	<Point X="203" Y="126" T="undefined" />
	<Point X="203" Y="125" T="undefined" />
	<Point X="205" Y="128" T="undefined" />
	<Point X="210" Y="136" T="undefined" />
	<Point X="222" Y="158" T="undefined" />
	<Point X="263" Y="231" T="undefined" />
	<Point X="282" Y="274" T="undefined" />
	<Point X="300" Y="308" T="undefined" />
	<Point X="306" Y="320" T="undefined" />
	<Point X="309" Y="324" T="undefined" />
	<Point X="312" Y="330" T="undefined" />
	<Point X="312" Y="330" T="undefined" />
	<Point X="313" Y="331" T="undefined" />
	<Point X="313" Y="332" T="undefined" />
	<Point X="312" Y="332" T="undefined" />
	<Point X="310" Y="331" T="undefined" />
	<Point X="299" Y="326" T="undefined" />
	<Point X="212" Y="294" T="undefined" />
	<Point X="129" Y="262" T="undefined" />
	<Point X="88" Y="241" T="undefined" />
	<Point X="60" Y="224" T="undefined" />
	<Point X="51" Y="219" T="undefined" />
	<Point X="46" Y="216" T="undefined" />
	<Point X="42" Y="212" T="undefined" />
	<Point X="39" Y="211" T="undefined" />
	<Point X="38" Y="208" T="undefined" />
	<Point X="36" Y="207" T="undefined" />
	<Point X="36" Y="206" T="undefined" />
	<Point X="35" Y="206" T="undefined" />
	<Point X="34" Y="205" T="undefined" />
	<Point X="34" Y="204" T="undefined" />
	<Point X="34" Y="204" T="undefined" />
	<Point X="35" Y="204" T="undefined" />
	<Point X="36" Y="204" T="undefined" />
	<Point X="39" Y="204" T="undefined" />
	<Point X="54" Y="204" T="undefined" />
	<Point X="96" Y="203" T="undefined" />
	<Point X="176" Y="199" T="undefined" />
	<Point X="268" Y="190" T="undefined" />
	<Point X="301" Y="188" T="undefined" />
	<Point X="319" Y="186" T="undefined" />
	<Point X="329" Y="185" T="undefined" />
	<Point X="331" Y="185" T="undefined" />
	<Point X="332" Y="185" T="undefined" />
	<Point X="333" Y="185" T="undefined" />
	<Point X="334" Y="185" T="undefined" />
	<Point X="333" Y="185" T="undefined" />
	<Point X="331" Y="187" T="undefined" />
	<Point X="328" Y="189" T="undefined" />
	<Point X="305" Y="202" T="undefined" />
	<Point X="244" Y="242" T="undefined" />
	<Point X="186" Y="277" T="undefined" />
	<Point X="152" Y="298" T="undefined" />
	<Point X="142" Y="304" T="undefined" />
	<Point X="136" Y="309" T="undefined" />
	<Point X="134" Y="310" T="undefined" />
	<Point X="132" Y="312" T="undefined" />
	<Point X="130" Y="314" T="undefined" />
	<Point X="128" Y="315" T="undefined" />
	<Point X="127" Y="315" T="undefined" />
	<Point X="125" Y="316" T="undefined" />
	<Point X="124" Y="316" T="undefined" />
	<Point X="123" Y="317" T="undefined" />
	<Point X="121" Y="318" T="undefined" />
	<Point X="120" Y="320" T="undefined" />
	<Point X="119" Y="320" T="undefined" />
	<Point X="116" Y="323" T="undefined" />
	<Point X="116" Y="324" T="undefined" />
	<Point X="113" Y="326" T="undefined" />
	<Point X="112" Y="327" T="undefined" />
	<Point X="111" Y="328" T="undefined" />
	<Point X="110" Y="329" T="undefined" />
	<Point X="109" Y="330" T="undefined" />
	<Point X="108" Y="330" T="undefined" />
	<Point X="107" Y="330" T="undefined" />
	<Point X="106" Y="331" T="undefined" />
	<Point X="106" Y="332" T="undefined" />
	<Point X="105" Y="332" T="undefined" />
	<Point X="104" Y="333" T="undefined" />
	<Point X="104" Y="334" T="undefined" />
	<Point X="103" Y="334" T="undefined" />
	<Point X="103" Y="333" T="undefined" />
	<Point X="103" Y="332" T="undefined" />
</Gesture>