<?xml version="1.0" encoding="utf-8" standalone="yes"?>
<Gesture Name="Star4" NumPts="61">
	<Point X="136" Y="308" T="undefined" />
	<Point X="137" Y="303" T="undefined" />
	<Point X="141" Y="292" T="undefined" />
	<Point X="182" Y="172" T="undefined" />
	<Point X="209" Y="93" T="undefined" />
	<Point X="225" Y="52" T="undefined" />
	<Point X="234" Y="28" T="undefined" />
	<Point X="236" Y="24" T="undefined" />
	<Point X="238" Y="24" T="undefined" />
	<Point X="239" Y="24" T="undefined" />
	<Point X="240" Y="24" T="undefined" />
	<Point X="240" Y="24" T="undefined" />
	<Point X="241" Y="26" T="undefined" />
	<Point X="243" Y="29" T="undefined" />
	<Point X="258" Y="58" T="undefined" />
	<Point X="285" Y="132" T="undefined" />
	<Point X="306" Y="210" T="undefined" />
	<Point X="318" Y="269" T="undefined" />
	<Point X="322" Y="290" T="undefined" />
	<Point X="325" Y="307" T="undefined" />
	<Point X="330" Y="328" T="undefined" />
	<Point X="333" Y="337" T="undefined" />
	<Point X="334" Y="344" T="undefined" />
	<Point X="336" Y="346" T="undefined" />
	<Point X="336" Y="346" T="undefined" />
	<Point X="336" Y="348" T="undefined" />
	<Point X="335" Y="347" T="undefined" />
	<Point X="332" Y="346" T="undefined" />
	<Point X="305" Y="330" T="undefined" />
	<Point X="188" Y="272" T="undefined" />
	<Point X="52" Y="210" T="undefined" />
	<Point X="-1" Y="183" T="undefined" />
	<Point X="-2" Y="166" T="undefined" />
	<Point X="15" Y="166" T="undefined" />
	<Point X="121" Y="160" T="undefined" />
	<Point X="205" Y="152" T="undefined" />
	<Point X="285" Y="142" T="undefined" />
	<Point X="308" Y="137" T="undefined" />
	<Point X="319" Y="134" T="undefined" />
	<Point X="325" Y="132" T="undefined" />
	<Point X="327" Y="131" T="undefined" />
	<Point X="329" Y="130" T="undefined" />
	<Point X="333" Y="129" T="undefined" />
	<Point X="336" Y="128" T="undefined" />
	<Point X="339" Y="128" T="undefined" />
	<Point X="341" Y="128" T="undefined" />
	<Point X="342" Y="128" T="undefined" />
	<Point X="344" Y="128" T="undefined" />
	<Point X="345" Y="128" T="undefined" />
	<Point X="346" Y="129" T="undefined" />
	<Point X="348" Y="131" T="undefined" />
	<Point X="348" Y="134" T="undefined" />
	<Point X="348" Y="136" T="undefined" />
	<Point X="341" Y="150" T="undefined" />
	<Point X="298" Y="200" T="undefined" />
	<Point X="238" Y="260" T="undefined" />
	<Point X="197" Y="298" T="undefined" />
	<Point X="184" Y="309" T="undefined" />
	<Point X="176" Y="314" T="undefined" />
	<Point X="176" Y="315" T="undefined" />
	<Point X="175" Y="315" T="undefined" />
</Gesture>