<?xml version="1.0" encoding="utf-8" standalone="yes"?>
<Gesture Name="Left Curly Brace6" NumPts="88">
	<Point X="268" Y="175" T="undefined" />
	<Point X="268" Y="175" T="undefined" />
	<Point X="266" Y="176" T="undefined" />
	<Point X="265" Y="178" T="undefined" />
	<Point X="263" Y="179" T="undefined" />
	<Point X="259" Y="181" T="undefined" />
	<Point X="255" Y="183" T="undefined" />
	<Point X="249" Y="186" T="undefined" />
	<Point X="244" Y="188" T="undefined" />
	<Point X="236" Y="193" T="undefined" />
	<Point X="233" Y="195" T="undefined" />
	<Point X="230" Y="198" T="undefined" />
	<Point X="228" Y="203" T="undefined" />
	<Point X="224" Y="206" T="undefined" />
	<Point X="222" Y="211" T="undefined" />
	<Point X="217" Y="218" T="undefined" />
	<Point X="214" Y="221" T="undefined" />
	<Point X="213" Y="224" T="undefined" />
	<Point X="211" Y="227" T="undefined" />
	<Point X="211" Y="229" T="undefined" />
	<Point X="211" Y="232" T="undefined" />
	<Point X="211" Y="235" T="undefined" />
	<Point X="211" Y="237" T="undefined" />
	<Point X="212" Y="241" T="undefined" />
	<Point X="214" Y="245" T="undefined" />
	<Point X="216" Y="248" T="undefined" />
	<Point X="219" Y="251" T="undefined" />
	<Point X="223" Y="256" T="undefined" />
	<Point X="227" Y="259" T="undefined" />
	<Point X="232" Y="263" T="undefined" />
	<Point X="236" Y="266" T="undefined" />
	<Point X="238" Y="269" T="undefined" />
	<Point X="241" Y="271" T="undefined" />
	<Point X="245" Y="275" T="undefined" />
	<Point X="247" Y="278" T="undefined" />
	<Point X="250" Y="281" T="undefined" />
	<Point X="252" Y="284" T="undefined" />
	<Point X="255" Y="287" T="undefined" />
	<Point X="256" Y="289" T="undefined" />
	<Point X="257" Y="289" T="undefined" />
	<Point X="257" Y="290" T="undefined" />
	<Point X="257" Y="291" T="undefined" />
	<Point X="256" Y="293" T="undefined" />
	<Point X="254" Y="294" T="undefined" />
	<Point X="252" Y="296" T="undefined" />
	<Point X="247" Y="298" T="undefined" />
	<Point X="242" Y="300" T="undefined" />
	<Point X="239" Y="301" T="undefined" />
	<Point X="237" Y="302" T="undefined" />
	<Point X="236" Y="303" T="undefined" />
	<Point X="236" Y="303" T="undefined" />
	<Point X="236" Y="304" T="undefined" />
	<Point X="236" Y="306" T="undefined" />
	<Point X="237" Y="309" T="undefined" />
	<Point X="240" Y="311" T="undefined" />
	<Point X="243" Y="314" T="undefined" />
	<Point X="246" Y="317" T="undefined" />
	<Point X="248" Y="319" T="undefined" />
	<Point X="250" Y="321" T="undefined" />
	<Point X="251" Y="322" T="undefined" />
	<Point X="251" Y="325" T="undefined" />
	<Point X="251" Y="328" T="undefined" />
	<Point X="251" Y="330" T="undefined" />
	<Point X="250" Y="333" T="undefined" />
	<Point X="247" Y="337" T="undefined" />
	<Point X="244" Y="340" T="undefined" />
	<Point X="242" Y="343" T="undefined" />
	<Point X="239" Y="346" T="undefined" />
	<Point X="237" Y="351" T="undefined" />
	<Point X="233" Y="355" T="undefined" />
	<Point X="232" Y="358" T="undefined" />
	<Point X="231" Y="361" T="undefined" />
	<Point X="231" Y="364" T="undefined" />
	<Point X="231" Y="368" T="undefined" />
	<Point X="231" Y="371" T="undefined" />
	<Point X="233" Y="378" T="undefined" />
	<Point X="235" Y="384" T="undefined" />
	<Point X="238" Y="392" T="undefined" />
	<Point X="242" Y="399" T="undefined" />
	<Point X="245" Y="406" T="undefined" />
	<Point X="248" Y="411" T="undefined" />
	<Point X="251" Y="417" T="undefined" />
	<Point X="258" Y="427" T="undefined" />
	<Point X="270" Y="438" T="undefined" />
	<Point X="289" Y="454" T="undefined" />
	<Point X="303" Y="458" T="undefined" />
	<Point X="313" Y="460" T="undefined" />
	<Point X="318" Y="458" T="undefined" />
</Gesture>