<?xml version="1.0" encoding="utf-8" standalone="yes"?>
<Gesture Name="Left Curly Brace8" NumPts="63">
	<Point X="357" Y="147" T="undefined" />
	<Point X="356" Y="147" T="undefined" />
	<Point X="354" Y="147" T="undefined" />
	<Point X="351" Y="147" T="undefined" />
	<Point X="348" Y="148" T="undefined" />
	<Point X="339" Y="149" T="undefined" />
	<Point X="328" Y="149" T="undefined" />
	<Point X="305" Y="149" T="undefined" />
	<Point X="294" Y="149" T="undefined" />
	<Point X="287" Y="152" T="undefined" />
	<Point X="283" Y="154" T="undefined" />
	<Point X="282" Y="157" T="undefined" />
	<Point X="280" Y="160" T="undefined" />
	<Point X="278" Y="163" T="undefined" />
	<Point X="275" Y="165" T="undefined" />
	<Point X="273" Y="170" T="undefined" />
	<Point X="272" Y="175" T="undefined" />
	<Point X="272" Y="180" T="undefined" />
	<Point X="272" Y="184" T="undefined" />
	<Point X="273" Y="189" T="undefined" />
	<Point X="276" Y="197" T="undefined" />
	<Point X="280" Y="205" T="undefined" />
	<Point X="283" Y="214" T="undefined" />
	<Point X="289" Y="225" T="undefined" />
	<Point X="297" Y="237" T="undefined" />
	<Point X="302" Y="242" T="undefined" />
	<Point X="308" Y="247" T="undefined" />
	<Point X="311" Y="250" T="undefined" />
	<Point X="314" Y="253" T="undefined" />
	<Point X="315" Y="254" T="undefined" />
	<Point X="315" Y="254" T="undefined" />
	<Point X="315" Y="255" T="undefined" />
	<Point X="312" Y="257" T="undefined" />
	<Point X="306" Y="260" T="undefined" />
	<Point X="300" Y="262" T="undefined" />
	<Point X="295" Y="265" T="undefined" />
	<Point X="292" Y="267" T="undefined" />
	<Point X="292" Y="267" T="undefined" />
	<Point X="292" Y="268" T="undefined" />
	<Point X="293" Y="270" T="undefined" />
	<Point X="297" Y="273" T="undefined" />
	<Point X="309" Y="281" T="undefined" />
	<Point X="313" Y="284" T="undefined" />
	<Point X="316" Y="287" T="undefined" />
	<Point X="318" Y="289" T="undefined" />
	<Point X="318" Y="291" T="undefined" />
	<Point X="318" Y="293" T="undefined" />
	<Point X="317" Y="296" T="undefined" />
	<Point X="313" Y="301" T="undefined" />
	<Point X="308" Y="311" T="undefined" />
	<Point X="301" Y="321" T="undefined" />
	<Point X="290" Y="331" T="undefined" />
	<Point X="283" Y="343" T="undefined" />
	<Point X="279" Y="353" T="undefined" />
	<Point X="278" Y="364" T="undefined" />
	<Point X="281" Y="378" T="undefined" />
	<Point X="289" Y="395" T="undefined" />
	<Point X="308" Y="417" T="undefined" />
	<Point X="341" Y="448" T="undefined" />
	<Point X="372" Y="471" T="undefined" />
	<Point X="396" Y="485" T="undefined" />
	<Point X="413" Y="495" T="undefined" />
	<Point X="430" Y="500" T="undefined" />
</Gesture>