<?xml version="1.0" encoding="utf-8" standalone="yes"?>
<Gesture Name="Left Curly Brace7" NumPts="92">
	<Point X="310" Y="104" T="undefined" />
	<Point X="308" Y="104" T="undefined" />
	<Point X="300" Y="104" T="undefined" />
	<Point X="293" Y="103" T="undefined" />
	<Point X="286" Y="103" T="undefined" />
	<Point X="279" Y="103" T="undefined" />
	<Point X="273" Y="102" T="undefined" />
	<Point X="268" Y="102" T="undefined" />
	<Point X="263" Y="102" T="undefined" />
	<Point X="253" Y="104" T="undefined" />
	<Point X="237" Y="110" T="undefined" />
	<Point X="228" Y="113" T="undefined" />
	<Point X="220" Y="118" T="undefined" />
	<Point X="217" Y="121" T="undefined" />
	<Point X="214" Y="124" T="undefined" />
	<Point X="211" Y="131" T="undefined" />
	<Point X="211" Y="139" T="undefined" />
	<Point X="211" Y="150" T="undefined" />
	<Point X="215" Y="163" T="undefined" />
	<Point X="221" Y="179" T="undefined" />
	<Point X="225" Y="189" T="undefined" />
	<Point X="227" Y="198" T="undefined" />
	<Point X="231" Y="205" T="undefined" />
	<Point X="234" Y="209" T="undefined" />
	<Point X="237" Y="215" T="undefined" />
	<Point X="240" Y="218" T="undefined" />
	<Point X="244" Y="223" T="undefined" />
	<Point X="247" Y="227" T="undefined" />
	<Point X="250" Y="231" T="undefined" />
	<Point X="253" Y="233" T="undefined" />
	<Point X="256" Y="236" T="undefined" />
	<Point X="258" Y="239" T="undefined" />
	<Point X="261" Y="242" T="undefined" />
	<Point X="264" Y="244" T="undefined" />
	<Point X="266" Y="246" T="undefined" />
	<Point X="267" Y="247" T="undefined" />
	<Point X="267" Y="248" T="undefined" />
	<Point X="266" Y="248" T="undefined" />
	<Point X="264" Y="251" T="undefined" />
	<Point X="261" Y="253" T="undefined" />
	<Point X="256" Y="257" T="undefined" />
	<Point X="253" Y="260" T="undefined" />
	<Point X="250" Y="262" T="undefined" />
	<Point X="247" Y="263" T="undefined" />
	<Point X="245" Y="265" T="undefined" />
	<Point X="242" Y="267" T="undefined" />
	<Point X="239" Y="268" T="undefined" />
	<Point X="236" Y="270" T="undefined" />
	<Point X="235" Y="271" T="undefined" />
	<Point X="234" Y="271" T="undefined" />
	<Point X="235" Y="272" T="undefined" />
	<Point X="237" Y="275" T="undefined" />
	<Point X="240" Y="278" T="undefined" />
	<Point X="243" Y="281" T="undefined" />
	<Point X="246" Y="284" T="undefined" />
	<Point X="249" Y="287" T="undefined" />
	<Point X="253" Y="290" T="undefined" />
	<Point X="255" Y="291" T="undefined" />
	<Point X="257" Y="293" T="undefined" />
	<Point X="258" Y="293" T="undefined" />
	<Point X="259" Y="294" T="undefined" />
	<Point X="262" Y="297" T="undefined" />
	<Point X="264" Y="300" T="undefined" />
	<Point X="267" Y="303" T="undefined" />
	<Point X="270" Y="307" T="undefined" />
	<Point X="270" Y="309" T="undefined" />
	<Point X="270" Y="312" T="undefined" />
	<Point X="270" Y="315" T="undefined" />
	<Point X="268" Y="317" T="undefined" />
	<Point X="266" Y="319" T="undefined" />
	<Point X="264" Y="322" T="undefined" />
	<Point X="261" Y="325" T="undefined" />
	<Point X="258" Y="329" T="undefined" />
	<Point X="254" Y="339" T="undefined" />
	<Point X="251" Y="345" T="undefined" />
	<Point X="248" Y="352" T="undefined" />
	<Point X="246" Y="359" T="undefined" />
	<Point X="245" Y="368" T="undefined" />
	<Point X="244" Y="379" T="undefined" />
	<Point X="244" Y="389" T="undefined" />
	<Point X="243" Y="406" T="undefined" />
	<Point X="244" Y="417" T="undefined" />
	<Point X="248" Y="429" T="undefined" />
	<Point X="254" Y="442" T="undefined" />
	<Point X="266" Y="457" T="undefined" />
	<Point X="279" Y="469" T="undefined" />
	<Point X="295" Y="482" T="undefined" />
	<Point X="313" Y="493" T="undefined" />
	<Point X="344" Y="499" T="undefined" />
	<Point X="360" Y="499" T="undefined" />
	<Point X="376" Y="499" T="undefined" />
	<Point X="389" Y="499" T="undefined" />
</Gesture>