<?xml version="1.0" encoding="utf-8" standalone="yes"?>
<Gesture Name="X1" NumPts="104">
	<Point X="165" Y="136" T="undefined" />
	<Point X="166" Y="136" T="undefined" />
	<Point X="167" Y="137" T="undefined" />
	<Point X="169" Y="139" T="undefined" />
	<Point X="171" Y="141" T="undefined" />
	<Point X="175" Y="145" T="undefined" />
	<Point X="179" Y="150" T="undefined" />
	<Point X="183" Y="156" T="undefined" />
	<Point X="187" Y="162" T="undefined" />
	<Point X="191" Y="168" T="undefined" />
	<Point X="196" Y="177" T="undefined" />
	<Point X="199" Y="183" T="undefined" />
	<Point X="203" Y="190" T="undefined" />
	<Point X="206" Y="195" T="undefined" />
	<Point X="209" Y="201" T="undefined" />
	<Point X="212" Y="206" T="undefined" />
	<Point X="217" Y="214" T="undefined" />
	<Point X="220" Y="221" T="undefined" />
	<Point X="224" Y="227" T="undefined" />
	<Point X="228" Y="234" T="undefined" />
	<Point X="234" Y="245" T="undefined" />
	<Point X="239" Y="255" T="undefined" />
	<Point X="245" Y="264" T="undefined" />
	<Point X="249" Y="273" T="undefined" />
	<Point X="254" Y="281" T="undefined" />
	<Point X="257" Y="288" T="undefined" />
	<Point X="260" Y="292" T="undefined" />
	<Point X="262" Y="295" T="undefined" />
	<Point X="264" Y="297" T="undefined" />
	<Point X="265" Y="299" T="undefined" />
	<Point X="266" Y="299" T="undefined" />
	<Point X="266" Y="300" T="undefined" />
	<Point X="266" Y="300" T="undefined" />
	<Point X="266" Y="299" T="undefined" />
	<Point X="266" Y="292" T="undefined" />
	<Point X="266" Y="283" T="undefined" />
	<Point X="264" Y="273" T="undefined" />
	<Point X="263" Y="260" T="undefined" />
	<Point X="264" Y="245" T="undefined" />
	<Point X="267" Y="230" T="undefined" />
	<Point X="270" Y="218" T="undefined" />
	<Point X="272" Y="207" T="undefined" />
	<Point X="275" Y="191" T="undefined" />
	<Point X="278" Y="184" T="undefined" />
	<Point X="281" Y="178" T="undefined" />
	<Point X="283" Y="173" T="undefined" />
	<Point X="286" Y="169" T="undefined" />
	<Point X="287" Y="166" T="undefined" />
	<Point X="288" Y="163" T="undefined" />
	<Point X="290" Y="159" T="undefined" />
	<Point X="290" Y="157" T="undefined" />
	<Point X="292" Y="154" T="undefined" />
	<Point X="293" Y="151" T="undefined" />
	<Point X="294" Y="149" T="undefined" />
	<Point X="294" Y="149" T="undefined" />
	<Point X="294" Y="147" T="undefined" />
	<Point X="294" Y="145" T="undefined" />
	<Point X="294" Y="144" T="undefined" />
	<Point X="294" Y="142" T="undefined" />
	<Point X="294" Y="141" T="undefined" />
	<Point X="294" Y="140" T="undefined" />
	<Point X="293" Y="140" T="undefined" />
	<Point X="293" Y="140" T="undefined" />
	<Point X="291" Y="140" T="undefined" />
	<Point X="290" Y="141" T="undefined" />
	<Point X="289" Y="141" T="undefined" />
	<Point X="288" Y="142" T="undefined" />
	<Point X="285" Y="143" T="undefined" />
	<Point X="282" Y="144" T="undefined" />
	<Point X="280" Y="146" T="undefined" />
	<Point X="277" Y="149" T="undefined" />
	<Point X="272" Y="151" T="undefined" />
	<Point X="268" Y="154" T="undefined" />
	<Point X="264" Y="157" T="undefined" />
	<Point X="261" Y="160" T="undefined" />
	<Point X="257" Y="163" T="undefined" />
	<Point X="252" Y="166" T="undefined" />
	<Point X="248" Y="169" T="undefined" />
	<Point X="244" Y="172" T="undefined" />
	<Point X="238" Y="176" T="undefined" />
	<Point X="234" Y="179" T="undefined" />
	<Point X="229" Y="182" T="undefined" />
	<Point X="225" Y="185" T="undefined" />
	<Point X="219" Y="189" T="undefined" />
	<Point X="210" Y="192" T="undefined" />
	<Point X="200" Y="196" T="undefined" />
	<Point X="190" Y="199" T="undefined" />
	<Point X="181" Y="204" T="undefined" />
	<Point X="178" Y="207" T="undefined" />
	<Point X="175" Y="210" T="undefined" />
	<Point X="172" Y="213" T="undefined" />
	<Point X="169" Y="216" T="undefined" />
	<Point X="166" Y="219" T="undefined" />
	<Point X="164" Y="221" T="undefined" />
	<Point X="161" Y="224" T="undefined" />
	<Point X="158" Y="227" T="undefined" />
	<Point X="155" Y="230" T="undefined" />
	<Point X="151" Y="234" T="undefined" />
	<Point X="149" Y="237" T="undefined" />
	<Point X="147" Y="240" T="undefined" />
	<Point X="146" Y="243" T="undefined" />
	<Point X="145" Y="243" T="undefined" />
	<Point X="144" Y="245" T="undefined" />
	<Point X="144" Y="247" T="undefined" />
</Gesture>