<?xml version="1.0" encoding="utf-8" standalone="yes"?>
<Gesture Name="X2" NumPts="81">
	<Point X="148" Y="156" T="undefined" />
	<Point X="148" Y="157" T="undefined" />
	<Point X="148" Y="160" T="undefined" />
	<Point X="151" Y="163" T="undefined" />
	<Point X="154" Y="166" T="undefined" />
	<Point X="159" Y="171" T="undefined" />
	<Point X="167" Y="179" T="undefined" />
	<Point X="182" Y="195" T="undefined" />
	<Point X="194" Y="208" T="undefined" />
	<Point X="204" Y="220" T="undefined" />
	<Point X="212" Y="230" T="undefined" />
	<Point X="224" Y="242" T="undefined" />
	<Point X="235" Y="255" T="undefined" />
	<Point X="246" Y="267" T="undefined" />
	<Point X="258" Y="279" T="undefined" />
	<Point X="275" Y="298" T="undefined" />
	<Point X="284" Y="310" T="undefined" />
	<Point X="292" Y="322" T="undefined" />
	<Point X="300" Y="334" T="undefined" />
	<Point X="306" Y="346" T="undefined" />
	<Point X="312" Y="355" T="undefined" />
	<Point X="316" Y="362" T="undefined" />
	<Point X="320" Y="369" T="undefined" />
	<Point X="323" Y="372" T="undefined" />
	<Point X="325" Y="375" T="undefined" />
	<Point X="326" Y="377" T="undefined" />
	<Point X="328" Y="379" T="undefined" />
	<Point X="328" Y="381" T="undefined" />
	<Point X="328" Y="381" T="undefined" />
	<Point X="328" Y="381" T="undefined" />
	<Point X="329" Y="365" T="undefined" />
	<Point X="330" Y="345" T="undefined" />
	<Point X="332" Y="324" T="undefined" />
	<Point X="332" Y="307" T="undefined" />
	<Point X="332" Y="295" T="undefined" />
	<Point X="332" Y="280" T="undefined" />
	<Point X="332" Y="259" T="undefined" />
	<Point X="332" Y="245" T="undefined" />
	<Point X="332" Y="230" T="undefined" />
	<Point X="331" Y="218" T="undefined" />
	<Point X="329" Y="207" T="undefined" />
	<Point X="328" Y="198" T="undefined" />
	<Point X="326" Y="189" T="undefined" />
	<Point X="325" Y="184" T="undefined" />
	<Point X="325" Y="181" T="undefined" />
	<Point X="325" Y="177" T="undefined" />
	<Point X="324" Y="174" T="undefined" />
	<Point X="324" Y="171" T="undefined" />
	<Point X="321" Y="167" T="undefined" />
	<Point X="319" Y="164" T="undefined" />
	<Point X="318" Y="161" T="undefined" />
	<Point X="316" Y="159" T="undefined" />
	<Point X="314" Y="157" T="undefined" />
	<Point X="312" Y="155" T="undefined" />
	<Point X="312" Y="155" T="undefined" />
	<Point X="312" Y="155" T="undefined" />
	<Point X="310" Y="155" T="undefined" />
	<Point X="308" Y="157" T="undefined" />
	<Point X="305" Y="159" T="undefined" />
	<Point X="300" Y="164" T="undefined" />
	<Point X="291" Y="174" T="undefined" />
	<Point X="282" Y="186" T="undefined" />
	<Point X="274" Y="199" T="undefined" />
	<Point X="268" Y="213" T="undefined" />
	<Point X="259" Y="230" T="undefined" />
	<Point X="250" Y="246" T="undefined" />
	<Point X="239" Y="265" T="undefined" />
	<Point X="233" Y="275" T="undefined" />
	<Point X="228" Y="281" T="undefined" />
	<Point X="226" Y="285" T="undefined" />
	<Point X="222" Y="289" T="undefined" />
	<Point X="220" Y="294" T="undefined" />
	<Point X="217" Y="297" T="undefined" />
	<Point X="213" Y="303" T="undefined" />
	<Point X="212" Y="306" T="undefined" />
	<Point X="210" Y="309" T="undefined" />
	<Point X="209" Y="311" T="undefined" />
	<Point X="208" Y="314" T="undefined" />
	<Point X="207" Y="317" T="undefined" />
	<Point X="206" Y="320" T="undefined" />
	<Point X="206" Y="321" T="undefined" />
</Gesture>