<?xml version="1.0" encoding="utf-8" standalone="yes"?>
<Gesture Name="X4" NumPts="68">
	<Point X="138" Y="125" T="undefined" />
	<Point X="138" Y="125" T="undefined" />
	<Point X="141" Y="131" T="undefined" />
	<Point X="144" Y="137" T="undefined" />
	<Point X="154" Y="147" T="undefined" />
	<Point X="170" Y="162" T="undefined" />
	<Point X="188" Y="181" T="undefined" />
	<Point X="208" Y="200" T="undefined" />
	<Point X="225" Y="218" T="undefined" />
	<Point X="245" Y="240" T="undefined" />
	<Point X="259" Y="256" T="undefined" />
	<Point X="272" Y="269" T="undefined" />
	<Point X="283" Y="281" T="undefined" />
	<Point X="292" Y="292" T="undefined" />
	<Point X="298" Y="301" T="undefined" />
	<Point X="302" Y="312" T="undefined" />
	<Point X="306" Y="319" T="undefined" />
	<Point X="309" Y="326" T="undefined" />
	<Point X="312" Y="332" T="undefined" />
	<Point X="317" Y="338" T="undefined" />
	<Point X="320" Y="341" T="undefined" />
	<Point X="322" Y="343" T="undefined" />
	<Point X="324" Y="345" T="undefined" />
	<Point X="325" Y="346" T="undefined" />
	<Point X="325" Y="342" T="undefined" />
	<Point X="324" Y="330" T="undefined" />
	<Point X="321" Y="313" T="undefined" />
	<Point X="320" Y="293" T="undefined" />
	<Point X="321" Y="266" T="undefined" />
	<Point X="320" Y="241" T="undefined" />
	<Point X="316" Y="220" T="undefined" />
	<Point X="315" Y="205" T="undefined" />
	<Point X="314" Y="183" T="undefined" />
	<Point X="312" Y="169" T="undefined" />
	<Point X="312" Y="158" T="undefined" />
	<Point X="312" Y="147" T="undefined" />
	<Point X="312" Y="136" T="undefined" />
	<Point X="316" Y="125" T="undefined" />
	<Point X="317" Y="113" T="undefined" />
	<Point X="318" Y="106" T="undefined" />
	<Point X="318" Y="103" T="undefined" />
	<Point X="318" Y="99" T="undefined" />
	<Point X="318" Y="99" T="undefined" />
	<Point X="316" Y="99" T="undefined" />
	<Point X="315" Y="99" T="undefined" />
	<Point X="314" Y="100" T="undefined" />
	<Point X="311" Y="102" T="undefined" />
	<Point X="308" Y="105" T="undefined" />
	<Point X="306" Y="108" T="undefined" />
	<Point X="302" Y="111" T="undefined" />
	<Point X="298" Y="115" T="undefined" />
	<Point X="292" Y="129" T="undefined" />
	<Point X="280" Y="143" T="undefined" />
	<Point X="268" Y="159" T="undefined" />
	<Point X="254" Y="176" T="undefined" />
	<Point X="243" Y="192" T="undefined" />
	<Point X="230" Y="211" T="undefined" />
	<Point X="217" Y="228" T="undefined" />
	<Point X="201" Y="253" T="undefined" />
	<Point X="192" Y="265" T="undefined" />
	<Point X="184" Y="277" T="undefined" />
	<Point X="180" Y="288" T="undefined" />
	<Point X="173" Y="300" T="undefined" />
	<Point X="168" Y="311" T="undefined" />
	<Point X="164" Y="317" T="undefined" />
	<Point X="161" Y="322" T="undefined" />
	<Point X="156" Y="326" T="undefined" />
	<Point X="154" Y="328" T="undefined" />
</Gesture>