<?xml version="1.0" encoding="utf-8" standalone="yes"?>
<Gesture Name="X5" NumPts="52">
	<Point X="203" Y="178" T="undefined" />
	<Point X="204" Y="180" T="undefined" />
	<Point X="211" Y="193" T="undefined" />
	<Point X="228" Y="213" T="undefined" />
	<Point X="248" Y="233" T="undefined" />
	<Point X="266" Y="252" T="undefined" />
	<Point X="282" Y="270" T="undefined" />
	<Point X="305" Y="293" T="undefined" />
	<Point X="315" Y="305" T="undefined" />
	<Point X="321" Y="313" T="undefined" />
	<Point X="323" Y="316" T="undefined" />
	<Point X="324" Y="318" T="undefined" />
	<Point X="324" Y="318" T="undefined" />
	<Point X="324" Y="318" T="undefined" />
	<Point X="324" Y="317" T="undefined" />
	<Point X="325" Y="311" T="undefined" />
	<Point X="325" Y="304" T="undefined" />
	<Point X="327" Y="277" T="undefined" />
	<Point X="328" Y="259" T="undefined" />
	<Point X="330" Y="243" T="undefined" />
	<Point X="334" Y="224" T="undefined" />
	<Point X="338" Y="207" T="undefined" />
	<Point X="345" Y="192" T="undefined" />
	<Point X="350" Y="180" T="undefined" />
	<Point X="354" Y="171" T="undefined" />
	<Point X="356" Y="167" T="undefined" />
	<Point X="356" Y="163" T="undefined" />
	<Point X="356" Y="161" T="undefined" />
	<Point X="356" Y="161" T="undefined" />
	<Point X="356" Y="161" T="undefined" />
	<Point X="355" Y="161" T="undefined" />
	<Point X="354" Y="161" T="undefined" />
	<Point X="353" Y="161" T="undefined" />
	<Point X="348" Y="161" T="undefined" />
	<Point X="338" Y="165" T="undefined" />
	<Point X="309" Y="177" T="undefined" />
	<Point X="279" Y="192" T="undefined" />
	<Point X="248" Y="207" T="undefined" />
	<Point X="228" Y="219" T="undefined" />
	<Point X="216" Y="232" T="undefined" />
	<Point X="209" Y="244" T="undefined" />
	<Point X="204" Y="257" T="undefined" />
	<Point X="200" Y="264" T="undefined" />
	<Point X="197" Y="272" T="undefined" />
	<Point X="192" Y="279" T="undefined" />
	<Point X="188" Y="283" T="undefined" />
	<Point X="185" Y="285" T="undefined" />
	<Point X="184" Y="287" T="undefined" />
	<Point X="183" Y="287" T="undefined" />
	<Point X="183" Y="288" T="undefined" />
	<Point X="182" Y="289" T="undefined" />
	<Point X="182" Y="291" T="undefined" />
</Gesture>