<?xml version="1.0" encoding="utf-8" standalone="yes"?>
<Gesture Name="X6" NumPts="44">
	<Point X="95" Y="123" T="undefined" />
	<Point X="96" Y="123" T="undefined" />
	<Point X="98" Y="127" T="undefined" />
	<Point X="108" Y="137" T="undefined" />
	<Point X="120" Y="149" T="undefined" />
	<Point X="137" Y="165" T="undefined" />
	<Point X="154" Y="183" T="undefined" />
	<Point X="173" Y="200" T="undefined" />
	<Point X="191" Y="219" T="undefined" />
	<Point X="210" Y="241" T="undefined" />
	<Point X="229" Y="264" T="undefined" />
	<Point X="242" Y="282" T="undefined" />
	<Point X="255" Y="297" T="undefined" />
	<Point X="266" Y="313" T="undefined" />
	<Point X="271" Y="323" T="undefined" />
	<Point X="275" Y="329" T="undefined" />
	<Point X="278" Y="333" T="undefined" />
	<Point X="280" Y="336" T="undefined" />
	<Point X="283" Y="338" T="undefined" />
	<Point X="284" Y="340" T="undefined" />
	<Point X="284" Y="341" T="undefined" />
	<Point X="284" Y="340" T="undefined" />
	<Point X="283" Y="335" T="undefined" />
	<Point X="281" Y="327" T="undefined" />
	<Point X="279" Y="307" T="undefined" />
	<Point X="274" Y="279" T="undefined" />
	<Point X="270" Y="252" T="undefined" />
	<Point X="263" Y="216" T="undefined" />
	<Point X="259" Y="202" T="undefined" />
	<Point X="255" Y="189" T="undefined" />
	<Point X="252" Y="180" T="undefined" />
	<Point X="248" Y="171" T="undefined" />
	<Point X="247" Y="167" T="undefined" />
	<Point X="246" Y="165" T="undefined" />
	<Point X="246" Y="164" T="undefined" />
	<Point X="246" Y="164" T="undefined" />
	<Point X="233" Y="175" T="undefined" />
	<Point X="210" Y="199" T="undefined" />
	<Point X="168" Y="250" T="undefined" />
	<Point X="94" Y="335" T="undefined" />
	<Point X="60" Y="371" T="undefined" />
	<Point X="43" Y="389" T="undefined" />
	<Point X="35" Y="399" T="undefined" />
	<Point X="34" Y="402" T="undefined" />
</Gesture>