<?xml version="1.0" encoding="utf-8" standalone="yes"?>
<Gesture Name="X7" NumPts="72">
	<Point X="127" Y="211" T="undefined" />
	<Point X="128" Y="213" T="undefined" />
	<Point X="132" Y="216" T="undefined" />
	<Point X="134" Y="222" T="undefined" />
	<Point X="138" Y="229" T="undefined" />
	<Point X="145" Y="243" T="undefined" />
	<Point X="159" Y="260" T="undefined" />
	<Point X="178" Y="288" T="undefined" />
	<Point X="191" Y="306" T="undefined" />
	<Point X="204" Y="325" T="undefined" />
	<Point X="216" Y="341" T="undefined" />
	<Point X="227" Y="356" T="undefined" />
	<Point X="235" Y="368" T="undefined" />
	<Point X="241" Y="380" T="undefined" />
	<Point X="244" Y="386" T="undefined" />
	<Point X="247" Y="389" T="undefined" />
	<Point X="249" Y="392" T="undefined" />
	<Point X="252" Y="396" T="undefined" />
	<Point X="254" Y="399" T="undefined" />
	<Point X="254" Y="401" T="undefined" />
	<Point X="255" Y="402" T="undefined" />
	<Point X="255" Y="402" T="undefined" />
	<Point X="255" Y="399" T="undefined" />
	<Point X="255" Y="386" T="undefined" />
	<Point X="253" Y="371" T="undefined" />
	<Point X="253" Y="355" T="undefined" />
	<Point X="255" Y="341" T="undefined" />
	<Point X="256" Y="325" T="undefined" />
	<Point X="256" Y="311" T="undefined" />
	<Point X="257" Y="298" T="undefined" />
	<Point X="257" Y="287" T="undefined" />
	<Point X="258" Y="275" T="undefined" />
	<Point X="258" Y="270" T="undefined" />
	<Point X="259" Y="266" T="undefined" />
	<Point X="260" Y="263" T="undefined" />
	<Point X="261" Y="261" T="undefined" />
	<Point X="261" Y="258" T="undefined" />
	<Point X="262" Y="252" T="undefined" />
	<Point X="263" Y="247" T="undefined" />
	<Point X="264" Y="242" T="undefined" />
	<Point X="265" Y="235" T="undefined" />
	<Point X="265" Y="230" T="undefined" />
	<Point X="265" Y="225" T="undefined" />
	<Point X="264" Y="221" T="undefined" />
	<Point X="264" Y="218" T="undefined" />
	<Point X="263" Y="215" T="undefined" />
	<Point X="262" Y="212" T="undefined" />
	<Point X="262" Y="211" T="undefined" />
	<Point X="262" Y="210" T="undefined" />
	<Point X="262" Y="210" T="undefined" />
	<Point X="261" Y="210" T="undefined" />
	<Point X="258" Y="214" T="undefined" />
	<Point X="255" Y="220" T="undefined" />
	<Point X="248" Y="232" T="undefined" />
	<Point X="229" Y="253" T="undefined" />
	<Point X="219" Y="267" T="undefined" />
	<Point X="209" Y="279" T="undefined" />
	<Point X="198" Y="291" T="undefined" />
	<Point X="190" Y="302" T="undefined" />
	<Point X="184" Y="313" T="undefined" />
	<Point X="180" Y="321" T="undefined" />
	<Point X="177" Y="324" T="undefined" />
	<Point X="172" Y="329" T="undefined" />
	<Point X="169" Y="331" T="undefined" />
	<Point X="166" Y="334" T="undefined" />
	<Point X="163" Y="337" T="undefined" />
	<Point X="161" Y="339" T="undefined" />
	<Point X="159" Y="341" T="undefined" />
	<Point X="156" Y="345" T="undefined" />
	<Point X="152" Y="347" T="undefined" />
	<Point X="150" Y="350" T="undefined" />
	<Point X="148" Y="353" T="undefined" />
</Gesture>