<?xml version="1.0" encoding="utf-8" standalone="yes"?>
<Gesture Name="X8" NumPts="65">
	<Point X="156" Y="197" T="undefined" />
	<Point X="156" Y="197" T="undefined" />
	<Point X="157" Y="197" T="undefined" />
	<Point X="160" Y="199" T="undefined" />
	<Point X="163" Y="202" T="undefined" />
	<Point X="169" Y="206" T="undefined" />
	<Point X="179" Y="213" T="undefined" />
	<Point X="196" Y="225" T="undefined" />
	<Point X="207" Y="235" T="undefined" />
	<Point X="219" Y="246" T="undefined" />
	<Point X="231" Y="259" T="undefined" />
	<Point X="244" Y="271" T="undefined" />
	<Point X="260" Y="284" T="undefined" />
	<Point X="282" Y="305" T="undefined" />
	<Point X="295" Y="318" T="undefined" />
	<Point X="307" Y="330" T="undefined" />
	<Point X="315" Y="338" T="undefined" />
	<Point X="320" Y="346" T="undefined" />
	<Point X="327" Y="355" T="undefined" />
	<Point X="331" Y="363" T="undefined" />
	<Point X="336" Y="369" T="undefined" />
	<Point X="344" Y="375" T="undefined" />
	<Point X="348" Y="377" T="undefined" />
	<Point X="348" Y="377" T="undefined" />
	<Point X="350" Y="377" T="undefined" />
	<Point X="350" Y="376" T="undefined" />
	<Point X="350" Y="366" T="undefined" />
	<Point X="349" Y="354" T="undefined" />
	<Point X="346" Y="335" T="undefined" />
	<Point X="342" Y="311" T="undefined" />
	<Point X="341" Y="284" T="undefined" />
	<Point X="344" Y="259" T="undefined" />
	<Point X="346" Y="236" T="undefined" />
	<Point X="350" Y="218" T="undefined" />
	<Point X="354" Y="199" T="undefined" />
	<Point X="356" Y="190" T="undefined" />
	<Point X="358" Y="185" T="undefined" />
	<Point X="358" Y="181" T="undefined" />
	<Point X="358" Y="179" T="undefined" />
	<Point X="359" Y="176" T="undefined" />
	<Point X="359" Y="173" T="undefined" />
	<Point X="359" Y="171" T="undefined" />
	<Point X="359" Y="170" T="undefined" />
	<Point X="358" Y="169" T="undefined" />
	<Point X="355" Y="169" T="undefined" />
	<Point X="350" Y="170" T="undefined" />
	<Point X="342" Y="175" T="undefined" />
	<Point X="330" Y="184" T="undefined" />
	<Point X="317" Y="197" T="undefined" />
	<Point X="285" Y="224" T="undefined" />
	<Point X="264" Y="241" T="undefined" />
	<Point X="249" Y="254" T="undefined" />
	<Point X="237" Y="266" T="undefined" />
	<Point X="230" Y="277" T="undefined" />
	<Point X="222" Y="289" T="undefined" />
	<Point X="213" Y="299" T="undefined" />
	<Point X="200" Y="310" T="undefined" />
	<Point X="188" Y="320" T="undefined" />
	<Point X="169" Y="337" T="undefined" />
	<Point X="157" Y="349" T="undefined" />
	<Point X="144" Y="360" T="undefined" />
	<Point X="140" Y="365" T="undefined" />
	<Point X="138" Y="367" T="undefined" />
	<Point X="138" Y="369" T="undefined" />
	<Point X="145" Y="371" T="undefined" />
</Gesture>