<?xml version="1.0" encoding="utf-8" standalone="yes"?>
<Gesture Name="X9" NumPts="69">
	<Point X="178" Y="167" T="undefined" />
	<Point X="178" Y="167" T="undefined" />
	<Point X="179" Y="167" T="undefined" />
	<Point X="181" Y="171" T="undefined" />
	<Point X="185" Y="178" T="undefined" />
	<Point X="191" Y="189" T="undefined" />
	<Point X="197" Y="201" T="undefined" />
	<Point X="204" Y="215" T="undefined" />
	<Point X="211" Y="229" T="undefined" />
	<Point X="219" Y="244" T="undefined" />
	<Point X="222" Y="253" T="undefined" />
	<Point X="225" Y="260" T="undefined" />
	<Point X="228" Y="270" T="undefined" />
	<Point X="232" Y="280" T="undefined" />
	<Point X="236" Y="292" T="undefined" />
	<Point X="242" Y="304" T="undefined" />
	<Point X="256" Y="325" T="undefined" />
	<Point X="266" Y="339" T="undefined" />
	<Point X="276" Y="354" T="undefined" />
	<Point X="282" Y="365" T="undefined" />
	<Point X="287" Y="377" T="undefined" />
	<Point X="290" Y="383" T="undefined" />
	<Point X="294" Y="389" T="undefined" />
	<Point X="297" Y="397" T="undefined" />
	<Point X="300" Y="404" T="undefined" />
	<Point X="305" Y="409" T="undefined" />
	<Point X="306" Y="412" T="undefined" />
	<Point X="307" Y="413" T="undefined" />
	<Point X="307" Y="414" T="undefined" />
	<Point X="306" Y="413" T="undefined" />
	<Point X="304" Y="409" T="undefined" />
	<Point X="300" Y="398" T="undefined" />
	<Point X="296" Y="385" T="undefined" />
	<Point X="293" Y="372" T="undefined" />
	<Point X="289" Y="353" T="undefined" />
	<Point X="282" Y="323" T="undefined" />
	<Point X="278" Y="302" T="undefined" />
	<Point X="274" Y="287" T="undefined" />
	<Point X="271" Y="273" T="undefined" />
	<Point X="270" Y="259" T="undefined" />
	<Point X="270" Y="249" T="undefined" />
	<Point X="271" Y="237" T="undefined" />
	<Point X="273" Y="221" T="undefined" />
	<Point X="277" Y="211" T="undefined" />
	<Point X="279" Y="205" T="undefined" />
	<Point X="282" Y="201" T="undefined" />
	<Point X="283" Y="197" T="undefined" />
	<Point X="284" Y="195" T="undefined" />
	<Point X="284" Y="192" T="undefined" />
	<Point X="285" Y="191" T="undefined" />
	<Point X="285" Y="190" T="undefined" />
	<Point X="285" Y="190" T="undefined" />
	<Point X="284" Y="190" T="undefined" />
	<Point X="281" Y="193" T="undefined" />
	<Point X="264" Y="206" T="undefined" />
	<Point X="250" Y="219" T="undefined" />
	<Point X="236" Y="234" T="undefined" />
	<Point X="221" Y="251" T="undefined" />
	<Point X="208" Y="267" T="undefined" />
	<Point X="201" Y="283" T="undefined" />
	<Point X="197" Y="299" T="undefined" />
	<Point X="193" Y="311" T="undefined" />
	<Point X="187" Y="329" T="undefined" />
	<Point X="184" Y="340" T="undefined" />
	<Point X="181" Y="348" T="undefined" />
	<Point X="179" Y="353" T="undefined" />
	<Point X="178" Y="357" T="undefined" />
	<Point X="178" Y="358" T="undefined" />
	<Point X="178" Y="360" T="undefined" />
</Gesture>