<?xml version="1.0" encoding="utf-8" standalone="yes"?>
<Gesture Name="Left Curly Brace8" NumPts="54">
	<Point X="189" Y="116" T="undefined" />
	<Point X="184" Y="118" T="undefined" />
	<Point X="165" Y="128" T="undefined" />
	<Point X="146" Y="140" T="undefined" />
	<Point X="127" Y="160" T="undefined" />
	<Point X="117" Y="172" T="undefined" />
	<Point X="112" Y="184" T="undefined" />
	<Point X="108" Y="196" T="undefined" />
	<Point X="108" Y="205" T="undefined" />
	<Point X="108" Y="212" T="undefined" />
	<Point X="114" Y="222" T="undefined" />
	<Point X="122" Y="230" T="undefined" />
	<Point X="136" Y="238" T="undefined" />
	<Point X="158" Y="248" T="undefined" />
	<Point X="167" Y="251" T="undefined" />
	<Point X="174" Y="254" T="undefined" />
	<Point X="176" Y="256" T="undefined" />
	<Point X="178" Y="258" T="undefined" />
	<Point X="178" Y="261" T="undefined" />
	<Point X="178" Y="265" T="undefined" />
	<Point X="176" Y="272" T="undefined" />
	<Point X="170" Y="280" T="undefined" />
	<Point X="166" Y="284" T="undefined" />
	<Point X="163" Y="286" T="undefined" />
	<Point X="160" Y="288" T="undefined" />
	<Point X="160" Y="289" T="undefined" />
	<Point X="158" Y="290" T="undefined" />
	<Point X="158" Y="290" T="undefined" />
	<Point X="158" Y="290" T="undefined" />
	<Point X="159" Y="288" T="undefined" />
	<Point X="162" Y="287" T="undefined" />
	<Point X="166" Y="284" T="undefined" />
	<Point X="172" Y="282" T="undefined" />
	<Point X="178" Y="280" T="undefined" />
	<Point X="184" Y="280" T="undefined" />
	<Point X="189" Y="280" T="undefined" />
	<Point X="193" Y="280" T="undefined" />
	<Point X="196" Y="281" T="undefined" />
	<Point X="197" Y="282" T="undefined" />
	<Point X="196" Y="285" T="undefined" />
	<Point X="190" Y="293" T="undefined" />
	<Point X="179" Y="308" T="undefined" />
	<Point X="168" Y="324" T="undefined" />
	<Point X="154" Y="347" T="undefined" />
	<Point X="148" Y="361" T="undefined" />
	<Point X="147" Y="374" T="undefined" />
	<Point X="151" Y="384" T="undefined" />
	<Point X="162" Y="393" T="undefined" />
	<Point X="198" Y="402" T="undefined" />
	<Point X="224" Y="402" T="undefined" />
	<Point X="248" Y="398" T="undefined" />
	<Point X="278" Y="389" T="undefined" />
	<Point X="288" Y="386" T="undefined" />
	<Point X="294" Y="382" T="undefined" />
</Gesture>