<?xml version="1.0" encoding="utf-5" standalone="yes"?>
<Gesture Name="Left Curly Brace12" NumPts="46">
	<Point X="154" Y="70" T="undefined" />
	<Point X="143" Y="78" T="undefined" />
	<Point X="128" Y="93" T="undefined" />
	<Point X="108" Y="116" T="undefined" />
	<Point X="95" Y="134" T="undefined" />
	<Point X="90" Y="150" T="undefined" />
	<Point X="90" Y="154" T="undefined" />
	<Point X="94" Y="159" T="undefined" />
	<Point X="109" Y="168" T="undefined" />
	<Point X="130" Y="172" T="undefined" />
	<Point X="164" Y="178" T="undefined" />
	<Point X="206" Y="187" T="undefined" />
	<Point X="222" Y="192" T="undefined" />
	<Point X="233" Y="199" T="undefined" />
	<Point X="236" Y="203" T="undefined" />
	<Point X="236" Y="208" T="undefined" />
	<Point X="230" Y="216" T="undefined" />
	<Point X="216" Y="227" T="undefined" />
	<Point X="196" Y="237" T="undefined" />
	<Point X="159" Y="251" T="undefined" />
	<Point X="142" Y="255" T="undefined" />
	<Point X="132" Y="258" T="undefined" />
	<Point X="130" Y="258" T="undefined" />
	<Point X="129" Y="258" T="undefined" />
	<Point X="128" Y="258" T="undefined" />
	<Point X="130" Y="258" T="undefined" />
	<Point X="136" Y="258" T="undefined" />
	<Point X="159" Y="255" T="undefined" />
	<Point X="176" Y="257" T="undefined" />
	<Point X="188" Y="260" T="undefined" />
	<Point X="192" Y="262" T="undefined" />
	<Point X="194" Y="264" T="undefined" />
	<Point X="195" Y="268" T="undefined" />
	<Point X="190" Y="274" T="undefined" />
	<Point X="171" Y="290" T="undefined" />
	<Point X="122" Y="337" T="undefined" />
	<Point X="103" Y="356" T="undefined" />
	<Point X="95" Y="368" T="undefined" />
	<Point X="91" Y="378" T="undefined" />
	<Point X="94" Y="384" T="undefined" />
	<Point X="116" Y="398" T="undefined" />
	<Point X="153" Y="404" T="undefined" />
	<Point X="194" Y="404" T="undefined" />
	<Point X="228" Y="398" T="undefined" />
	<Point X="236" Y="396" T="undefined" />
	<Point X="240" Y="394" T="undefined" />
</Gesture>