<?xml version="1.0" encoding="utf-7" standalone="yes"?>
<Gesture Name="Left Curly Brace12" NumPts="50">
	<Point X="192" Y="130" T="undefined" />
	<Point X="192" Y="130" T="undefined" />
	<Point X="184" Y="132" T="undefined" />
	<Point X="163" Y="144" T="undefined" />
	<Point X="148" Y="154" T="undefined" />
	<Point X="140" Y="161" T="undefined" />
	<Point X="134" Y="168" T="undefined" />
	<Point X="134" Y="172" T="undefined" />
	<Point X="134" Y="178" T="undefined" />
	<Point X="138" Y="187" T="undefined" />
	<Point X="144" Y="194" T="undefined" />
	<Point X="164" Y="208" T="undefined" />
	<Point X="179" Y="214" T="undefined" />
	<Point X="190" Y="220" T="undefined" />
	<Point X="197" Y="224" T="undefined" />
	<Point X="199" Y="226" T="undefined" />
	<Point X="202" Y="228" T="undefined" />
	<Point X="202" Y="231" T="undefined" />
	<Point X="200" Y="234" T="undefined" />
	<Point X="194" Y="238" T="undefined" />
	<Point X="185" Y="242" T="undefined" />
	<Point X="178" Y="244" T="undefined" />
	<Point X="168" Y="247" T="undefined" />
	<Point X="163" Y="249" T="undefined" />
	<Point X="160" Y="250" T="undefined" />
	<Point X="159" Y="250" T="undefined" />
	<Point X="160" Y="250" T="undefined" />
	<Point X="161" Y="250" T="undefined" />
	<Point X="166" Y="251" T="undefined" />
	<Point X="172" Y="251" T="undefined" />
	<Point X="185" Y="253" T="undefined" />
	<Point X="190" Y="254" T="undefined" />
	<Point X="192" Y="254" T="undefined" />
	<Point X="194" Y="254" T="undefined" />
	<Point X="194" Y="256" T="undefined" />
	<Point X="190" Y="257" T="undefined" />
	<Point X="180" Y="261" T="undefined" />
	<Point X="168" Y="268" T="undefined" />
	<Point X="150" Y="279" T="undefined" />
	<Point X="143" Y="289" T="undefined" />
	<Point X="138" Y="296" T="undefined" />
	<Point X="137" Y="304" T="undefined" />
	<Point X="138" Y="308" T="undefined" />
	<Point X="143" Y="314" T="undefined" />
	<Point X="163" Y="324" T="undefined" />
	<Point X="183" Y="332" T="undefined" />
	<Point X="210" Y="345" T="undefined" />
	<Point X="229" Y="352" T="undefined" />
	<Point X="243" Y="357" T="undefined" />
	<Point X="254" Y="360" T="undefined" />
</Gesture>