<?xml version="1.0" encoding="utf-0" standalone="yes"?>
<Gesture Name="Left Curly Brace12" NumPts="62">
	<Point X="132" Y="99" T="undefined" />
	<Point X="130" Y="101" T="undefined" />
	<Point X="124" Y="104" T="undefined" />
	<Point X="108" Y="116" T="undefined" />
	<Point X="93" Y="132" T="undefined" />
	<Point X="77" Y="152" T="undefined" />
	<Point X="72" Y="162" T="undefined" />
	<Point X="70" Y="168" T="undefined" />
	<Point X="69" Y="176" T="undefined" />
	<Point X="71" Y="182" T="undefined" />
	<Point X="74" Y="186" T="undefined" />
	<Point X="83" Y="194" T="undefined" />
	<Point X="94" Y="200" T="undefined" />
	<Point X="108" Y="206" T="undefined" />
	<Point X="114" Y="210" T="undefined" />
	<Point X="119" Y="213" T="undefined" />
	<Point X="124" Y="218" T="undefined" />
	<Point X="126" Y="222" T="undefined" />
	<Point X="128" Y="226" T="undefined" />
	<Point X="129" Y="234" T="undefined" />
	<Point X="127" Y="240" T="undefined" />
	<Point X="122" Y="249" T="undefined" />
	<Point X="120" Y="253" T="undefined" />
	<Point X="118" Y="256" T="undefined" />
	<Point X="116" Y="258" T="undefined" />
	<Point X="115" Y="258" T="undefined" />
	<Point X="114" Y="259" T="undefined" />
	<Point X="114" Y="260" T="undefined" />
	<Point X="113" Y="260" T="undefined" />
	<Point X="114" Y="260" T="undefined" />
	<Point X="114" Y="260" T="undefined" />
	<Point X="116" Y="259" T="undefined" />
	<Point X="120" Y="258" T="undefined" />
	<Point X="125" Y="255" T="undefined" />
	<Point X="130" Y="254" T="undefined" />
	<Point X="136" Y="252" T="undefined" />
	<Point X="144" Y="251" T="undefined" />
	<Point X="148" Y="251" T="undefined" />
	<Point X="152" Y="251" T="undefined" />
	<Point X="154" Y="252" T="undefined" />
	<Point X="156" Y="254" T="undefined" />
	<Point X="155" Y="265" T="undefined" />
	<Point X="148" Y="280" T="undefined" />
	<Point X="139" Y="298" T="undefined" />
	<Point X="122" Y="326" T="undefined" />
	<Point X="114" Y="338" T="undefined" />
	<Point X="109" Y="348" T="undefined" />
	<Point X="106" Y="358" T="undefined" />
	<Point X="106" Y="364" T="undefined" />
	<Point X="107" Y="373" T="undefined" />
	<Point X="114" Y="381" T="undefined" />
	<Point X="123" Y="388" T="undefined" />
	<Point X="146" Y="396" T="undefined" />
	<Point X="160" Y="397" T="undefined" />
	<Point X="172" Y="398" T="undefined" />
	<Point X="184" Y="398" T="undefined" />
	<Point X="188" Y="398" T="undefined" />
	<Point X="192" Y="398" T="undefined" />
	<Point X="194" Y="398" T="undefined" />
	<Point X="195" Y="398" T="undefined" />
	<Point X="196" Y="398" T="undefined" />
	<Point X="196" Y="397" T="undefined" />
</Gesture>