<?xml version="1.0" encoding="utf-8" standalone="yes"?>
<Gesture Name="arrowhead10">
	<Stroke>
		<Point X="97" Y="230" T="0" />
		<Point X="97" Y="230" T="0" />
		<Point X="97" Y="230" T="0" />
		<Point X="97" Y="229" T="0" />
		<Point X="113" Y="229" T="0" />
		<Point X="148" Y="229" T="0" />
		<Point X="194" Y="228" T="0" />
		<Point X="254" Y="226" T="0" />
		<Point X="289" Y="225" T="0" />
		<Point X="306" Y="224" T="0" />
		<Point X="311" Y="223" T="0" />
		<Point X="312" Y="222" T="0" />
		<Point X="315" Y="220" T="0" />
		<Point X="316" Y="219" T="0" />
		<Point X="321" Y="217" T="0" />
	</Stroke>
	<Stroke>
		<Point X="286" Y="162" T="0" />
		<Point X="286" Y="163" T="0" />
		<Point X="289" Y="167" T="0" />
		<Point X="297" Y="175" T="0" />
		<Point X="306" Y="181" T="0" />
		<Point X="315" Y="187" T="0" />
		<Point X="323" Y="191" T="0" />
		<Point X="328" Y="193" T="0" />
		<Point X="331" Y="194" T="0" />
		<Point X="332" Y="195" T="0" />
		<Point X="333" Y="195" T="0" />
		<Point X="333" Y="196" T="0" />
		<Point X="331" Y="203" T="0" />
		<Point X="327" Y="207" T="0" />
		<Point X="317" Y="217" T="0" />
		<Point X="306" Y="231" T="0" />
		<Point X="287" Y="251" T="0" />
		<Point X="269" Y="269" T="0" />
		<Point X="257" Y="282" T="0" />
		<Point X="254" Y="289" T="0" />
	</Stroke>
</Gesture> 
