<?xml version="1.0" encoding="utf-8" standalone="yes"?>
<Gesture Name="arrowhead08">
	<Stroke>
		<Point X="92" Y="252" T="0" />
		<Point X="92" Y="252" T="0" />
		<Point X="94" Y="252" T="0" />
		<Point X="109" Y="254" T="0" />
		<Point X="139" Y="255" T="0" />
		<Point X="182" Y="255" T="0" />
		<Point X="233" Y="255" T="0" />
		<Point X="271" Y="255" T="0" />
		<Point X="296" Y="253" T="0" />
		<Point X="306" Y="253" T="0" />
	</Stroke>
	<Stroke>
		<Point X="261" Y="195" T="0" />
		<Point X="262" Y="195" T="0" />
		<Point X="273" Y="201" T="0" />
		<Point X="291" Y="209" T="0" />
		<Point X="310" Y="216" T="0" />
		<Point X="326" Y="223" T="0" />
		<Point X="334" Y="226" T="0" />
		<Point X="338" Y="228" T="0" />
		<Point X="340" Y="229" T="0" />
		<Point X="341" Y="229" T="0" />
		<Point X="342" Y="229" T="0" />
		<Point X="342" Y="230" T="0" />
		<Point X="344" Y="231" T="0" />
		<Point X="348" Y="233" T="0" />
		<Point X="352" Y="235" T="0" />
		<Point X="354" Y="237" T="0" />
		<Point X="355" Y="237" T="0" />
		<Point X="355" Y="238" T="0" />
		<Point X="355" Y="239" T="0" />
		<Point X="355" Y="241" T="0" />
		<Point X="352" Y="246" T="0" />
		<Point X="345" Y="253" T="0" />
		<Point X="328" Y="263" T="0" />
		<Point X="307" Y="275" T="0" />
		<Point X="289" Y="287" T="0" />
		<Point X="279" Y="296" T="0" />
		<Point X="275" Y="300" T="0" />
		<Point X="275" Y="301" T="0" />
		<Point X="275" Y="302" T="0" />
	</Stroke>
</Gesture> 
