<?xml version="1.0" encoding="utf-8" standalone="yes"?>
<Gesture Name="arrowhead07">
	<Stroke>
		<Point X="115" Y="313" T="0" />
		<Point X="115" Y="313" T="0" />
		<Point X="115" Y="313" T="0" />
		<Point X="116" Y="313" T="0" />
		<Point X="125" Y="313" T="0" />
		<Point X="156" Y="313" T="0" />
		<Point X="195" Y="314" T="0" />
		<Point X="249" Y="314" T="0" />
		<Point X="311" Y="314" T="0" />
		<Point X="360" Y="313" T="0" />
		<Point X="384" Y="311" T="0" />
	</Stroke>
	<Stroke>
		<Point X="318" Y="257" T="0" />
		<Point X="319" Y="257" T="0" />
		<Point X="330" Y="263" T="0" />
		<Point X="346" Y="271" T="0" />
		<Point X="369" Y="283" T="0" />
		<Point X="387" Y="292" T="0" />
		<Point X="404" Y="299" T="0" />
		<Point X="411" Y="303" T="0" />
		<Point X="413" Y="304" T="0" />
		<Point X="413" Y="305" T="0" />
		<Point X="414" Y="306" T="0" />
		<Point X="415" Y="308" T="0" />
		<Point X="415" Y="309" T="0" />
		<Point X="415" Y="310" T="0" />
		<Point X="415" Y="311" T="0" />
		<Point X="415" Y="312" T="0" />
		<Point X="414" Y="315" T="0" />
		<Point X="408" Y="319" T="0" />
		<Point X="398" Y="325" T="0" />
		<Point X="378" Y="335" T="0" />
		<Point X="358" Y="347" T="0" />
		<Point X="338" Y="360" T="0" />
		<Point X="328" Y="367" T="0" />
	</Stroke>
</Gesture> 
