<?xml version="1.0" encoding="utf-8" standalone="yes"?>
<Gesture Name="arrowhead06">
	<Stroke>
		<Point X="72" Y="259" T="0" />
		<Point X="72" Y="259" T="0" />
		<Point X="73" Y="259" T="0" />
		<Point X="79" Y="259" T="0" />
		<Point X="107" Y="256" T="0" />
		<Point X="137" Y="253" T="0" />
		<Point X="183" Y="250" T="0" />
		<Point X="231" Y="245" T="0" />
		<Point X="273" Y="243" T="0" />
		<Point X="299" Y="243" T="0" />
		<Point X="306" Y="243" T="0" />
		<Point X="308" Y="243" T="0" />
		<Point X="310" Y="243" T="0" />
		<Point X="311" Y="243" T="0" />
		<Point X="318" Y="243" T="0" />
		<Point X="321" Y="243" T="0" />
		<Point X="325" Y="243" T="0" />
	</Stroke>
	<Stroke>
		<Point X="269" Y="191" T="0" />
		<Point X="270" Y="191" T="0" />
		<Point X="273" Y="192" T="0" />
		<Point X="286" Y="198" T="0" />
		<Point X="305" Y="206" T="0" />
		<Point X="323" Y="215" T="0" />
		<Point X="336" Y="221" T="0" />
		<Point X="345" Y="226" T="0" />
		<Point X="349" Y="228" T="0" />
		<Point X="351" Y="230" T="0" />
		<Point X="352" Y="230" T="0" />
		<Point X="352" Y="231" T="0" />
		<Point X="352" Y="232" T="0" />
		<Point X="349" Y="236" T="0" />
		<Point X="342" Y="242" T="0" />
		<Point X="331" Y="248" T="0" />
		<Point X="318" Y="257" T="0" />
		<Point X="301" Y="267" T="0" />
		<Point X="284" Y="279" T="0" />
		<Point X="275" Y="287" T="0" />
		<Point X="272" Y="292" T="0" />
		<Point X="272" Y="293" T="0" />
	</Stroke>
</Gesture> 
