<?xml version="1.0" encoding="utf-8" standalone="yes"?>
<Gesture Name="arrowhead01">
	<Stroke>
		<Point X="89" Y="299" T="0" />
		<Point X="94" Y="299" T="0" />
		<Point X="118" Y="300" T="0" />
		<Point X="170" Y="302" T="0" />
		<Point X="237" Y="304" T="0" />
		<Point X="311" Y="306" T="0" />
		<Point X="361" Y="307" T="0" />
		<Point X="389" Y="307" T="0" />
	</Stroke>
	<Stroke>
		<Point X="352" Y="263" T="0" />
		<Point X="353" Y="263" T="0" />
		<Point X="355" Y="263" T="0" />
		<Point X="375" Y="273" T="0" />
		<Point X="399" Y="285" T="0" />
		<Point X="423" Y="297" T="0" />
		<Point X="437" Y="305" T="0" />
		<Point X="444" Y="311" T="0" />
		<Point X="446" Y="312" T="0" />
		<Point X="446" Y="313" T="0" />
		<Point X="444" Y="315" T="0" />
		<Point X="435" Y="319" T="0" />
		<Point X="420" Y="326" T="0" />
		<Point X="398" Y="336" T="0" />
		<Point X="376" Y="345" T="0" />
		<Point X="349" Y="355" T="0" />
		<Point X="324" Y="360" T="0" />
	</Stroke>
</Gesture> 
