<?xml version="1.0" encoding="utf-8" standalone="yes"?>
<Gesture Name="arrowhead02">
	<Stroke>
		<Point X="139" Y="247" T="0" />
		<Point X="138" Y="247" T="0" />
		<Point X="138" Y="247" T="0" />
		<Point X="140" Y="247" T="0" />
		<Point X="155" Y="247" T="0" />
		<Point X="202" Y="247" T="0" />
		<Point X="268" Y="247" T="0" />
		<Point X="336" Y="245" T="0" />
		<Point X="382" Y="243" T="0" />
		<Point X="403" Y="242" T="0" />
		<Point X="406" Y="241" T="0" />
		<Point X="406" Y="241" T="0" />
	</Stroke>
	<Stroke>
		<Point X="364" Y="203" T="0" />
		<Point X="365" Y="203" T="0" />
		<Point X="374" Y="203" T="0" />
		<Point X="389" Y="210" T="0" />
		<Point X="405" Y="217" T="0" />
		<Point X="418" Y="222" T="0" />
		<Point X="426" Y="225" T="0" />
		<Point X="429" Y="228" T="0" />
		<Point X="430" Y="228" T="0" />
		<Point X="430" Y="229" T="0" />
		<Point X="430" Y="230" T="0" />
		<Point X="419" Y="236" T="0" />
		<Point X="393" Y="246" T="0" />
		<Point X="358" Y="258" T="0" />
		<Point X="321" Y="270" T="0" />
		<Point X="304" Y="279" T="0" />
	</Stroke>
</Gesture> 
