<?xml version="1.0" encoding="utf-8" standalone="yes"?>
<Gesture Name="arrowhead09">
	<Stroke>
		<Point X="104" Y="254" T="0" />
		<Point X="104" Y="254" T="0" />
		<Point X="105" Y="254" T="0" />
		<Point X="116" Y="255" T="0" />
		<Point X="142" Y="256" T="0" />
		<Point X="176" Y="257" T="0" />
		<Point X="217" Y="256" T="0" />
		<Point X="255" Y="253" T="0" />
		<Point X="286" Y="251" T="0" />
		<Point X="310" Y="247" T="0" />
		<Point X="323" Y="246" T="0" />
		<Point X="330" Y="245" T="0" />
		<Point X="333" Y="245" T="0" />
		<Point X="338" Y="245" T="0" />
		<Point X="346" Y="245" T="0" />
		<Point X="354" Y="245" T="0" />
	</Stroke>
	<Stroke>
		<Point X="310" Y="217" T="0" />
		<Point X="311" Y="217" T="0" />
		<Point X="313" Y="217" T="0" />
		<Point X="327" Y="223" T="0" />
		<Point X="343" Y="230" T="0" />
		<Point X="360" Y="236" T="0" />
		<Point X="371" Y="241" T="0" />
		<Point X="378" Y="244" T="0" />
		<Point X="380" Y="246" T="0" />
		<Point X="381" Y="246" T="0" />
		<Point X="381" Y="247" T="0" />
		<Point X="360" Y="261" T="0" />
		<Point X="348" Y="267" T="0" />
		<Point X="322" Y="278" T="0" />
		<Point X="309" Y="284" T="0" />
	</Stroke>
</Gesture> 
