<?xml version="1.0" encoding="utf-8" standalone="yes"?>
<Gesture Name="arrowhead05">
	<Stroke>
		<Point X="126" Y="281" T="0" />
		<Point X="131" Y="284" T="0" />
		<Point X="139" Y="285" T="0" />
		<Point X="157" Y="287" T="0" />
		<Point X="193" Y="287" T="0" />
		<Point X="242" Y="287" T="0" />
		<Point X="294" Y="287" T="0" />
		<Point X="329" Y="285" T="0" />
		<Point X="344" Y="284" T="0" />
	</Stroke>
	<Stroke>
		<Point X="273" Y="249" T="0" />
		<Point X="274" Y="249" T="0" />
		<Point X="282" Y="248" T="0" />
		<Point X="295" Y="250" T="0" />
		<Point X="312" Y="255" T="0" />
		<Point X="334" Y="263" T="0" />
		<Point X="349" Y="270" T="0" />
		<Point X="360" Y="275" T="0" />
		<Point X="363" Y="276" T="0" />
		<Point X="363" Y="277" T="0" />
		<Point X="362" Y="279" T="0" />
		<Point X="346" Y="291" T="0" />
		<Point X="320" Y="308" T="0" />
		<Point X="296" Y="325" T="0" />
		<Point X="282" Y="337" T="0" />
	</Stroke>
</Gesture> 
