<?xml version="1.0" encoding="utf-8" standalone="yes"?>
<Gesture Name="arrowhead04">
	<Stroke>
		<Point X="68" Y="189" T="0" />
		<Point X="75" Y="191" T="0" />
		<Point X="89" Y="193" T="0" />
		<Point X="110" Y="195" T="0" />
		<Point X="138" Y="199" T="0" />
		<Point X="169" Y="204" T="0" />
		<Point X="197" Y="208" T="0" />
		<Point X="223" Y="209" T="0" />
		<Point X="248" Y="210" T="0" />
		<Point X="271" Y="210" T="0" />
		<Point X="287" Y="209" T="0" />
		<Point X="298" Y="207" T="0" />
	</Stroke>
	<Stroke>
		<Point X="261" Y="155" T="0" />
		<Point X="262" Y="155" T="0" />
		<Point X="263" Y="155" T="0" />
		<Point X="276" Y="162" T="0" />
		<Point X="290" Y="171" T="0" />
		<Point X="310" Y="181" T="0" />
		<Point X="326" Y="190" T="0" />
		<Point X="334" Y="194" T="0" />
		<Point X="336" Y="194" T="0" />
		<Point X="336" Y="195" T="0" />
		<Point X="331" Y="198" T="0" />
		<Point X="311" Y="207" T="0" />
		<Point X="277" Y="222" T="0" />
		<Point X="245" Y="238" T="0" />
		<Point X="220" Y="251" T="0" />
		<Point X="211" Y="257" T="0" />
	</Stroke>
</Gesture> 
