<?xml version="1.0" encoding="utf-8" standalone="yes"?>
<Gesture Name="arrowhead03">
	<Stroke>
		<Point X="90" Y="231" T="0" />
		<Point X="94" Y="235" T="0" />
		<Point X="101" Y="238" T="0" />
		<Point X="126" Y="244" T="0" />
		<Point X="159" Y="246" T="0" />
		<Point X="201" Y="246" T="0" />
		<Point X="251" Y="244" T="0" />
		<Point X="296" Y="240" T="0" />
		<Point X="328" Y="238" T="0" />
		<Point X="349" Y="238" T="0" />
		<Point X="358" Y="238" T="0" />
		<Point X="359" Y="238" T="0" />
		<Point X="360" Y="238" T="0" />
		<Point X="361" Y="238" T="0" />
		<Point X="363" Y="238" T="0" />
		<Point X="368" Y="238" T="0" />
		<Point X="376" Y="238" T="0" />
		<Point X="382" Y="238" T="0" />
	</Stroke>
	<Stroke>
		<Point X="294" Y="163" T="0" />
		<Point X="309" Y="169" T="0" />
		<Point X="331" Y="179" T="0" />
		<Point X="367" Y="194" T="0" />
		<Point X="395" Y="207" T="0" />
		<Point X="419" Y="217" T="0" />
		<Point X="433" Y="222" T="0" />
		<Point X="437" Y="224" T="0" />
		<Point X="438" Y="224" T="0" />
		<Point X="439" Y="224" T="0" />
		<Point X="439" Y="225" T="0" />
		<Point X="440" Y="225" T="0" />
		<Point X="440" Y="226" T="0" />
		<Point X="440" Y="227" T="0" />
		<Point X="440" Y="229" T="0" />
		<Point X="440" Y="232" T="0" />
		<Point X="436" Y="236" T="0" />
		<Point X="427" Y="241" T="0" />
		<Point X="409" Y="250" T="0" />
		<Point X="382" Y="264" T="0" />
		<Point X="355" Y="281" T="0" />
		<Point X="331" Y="300" T="0" />
		<Point X="313" Y="314" T="0" />
		<Point X="305" Y="321" T="0" />
	</Stroke>
</Gesture> 
