<?xml version="1.0" encoding="utf-8" standalone="yes"?>
<Gesture Name="asterisk01">
	<Stroke>
		<Point X="79" Y="287" T="0" />
		<Point X="79" Y="287" T="0" />
		<Point X="79" Y="287" T="0" />
		<Point X="94" Y="286" T="0" />
		<Point X="133" Y="286" T="0" />
		<Point X="193" Y="287" T="0" />
		<Point X="255" Y="287" T="0" />
		<Point X="312" Y="287" T="0" />
		<Point X="353" Y="287" T="0" />
		<Point X="374" Y="285" T="0" />
		<Point X="381" Y="283" T="0" />
		<Point X="381" Y="283" T="0" />
	</Stroke>
	<Stroke>
		<Point X="330" Y="204" T="0" />
		<Point X="330" Y="205" T="0" />
		<Point X="320" Y="220" T="0" />
		<Point X="297" Y="246" T="0" />
		<Point X="260" Y="280" T="0" />
		<Point X="220" Y="313" T="0" />
		<Point X="181" Y="348" T="0" />
		<Point X="147" Y="382" T="0" />
		<Point X="127" Y="405" T="0" />
		<Point X="117" Y="417" T="0" />
		<Point X="116" Y="421" T="0" />
		<Point X="115" Y="421" T="0" />
	</Stroke>
	<Stroke>
		<Point X="169" Y="181" T="0" />
		<Point X="170" Y="181" T="0" />
		<Point X="176" Y="190" T="0" />
		<Point X="185" Y="201" T="0" />
		<Point X="201" Y="219" T="0" />
		<Point X="218" Y="240" T="0" />
		<Point X="236" Y="264" T="0" />
		<Point X="254" Y="292" T="0" />
		<Point X="265" Y="317" T="0" />
		<Point X="272" Y="337" T="0" />
		<Point X="277" Y="352" T="0" />
		<Point X="282" Y="365" T="0" />
		<Point X="287" Y="375" T="0" />
		<Point X="292" Y="381" T="0" />
		<Point X="294" Y="385" T="0" />
	</Stroke>
</Gesture> 
