<?xml version="1.0" encoding="utf-8" standalone="yes"?>
<Gesture Name="asterisk06">
	<Stroke>
		<Point X="257" Y="181" T="0" />
		<Point X="257" Y="181" T="0" />
		<Point X="257" Y="181" T="0" />
		<Point X="256" Y="183" T="0" />
		<Point X="253" Y="188" T="0" />
		<Point X="243" Y="201" T="0" />
		<Point X="223" Y="224" T="0" />
		<Point X="195" Y="255" T="0" />
		<Point X="173" Y="280" T="0" />
		<Point X="146" Y="310" T="0" />
		<Point X="129" Y="332" T="0" />
		<Point X="116" Y="352" T="0" />
		<Point X="109" Y="364" T="0" />
		<Point X="107" Y="368" T="0" />
		<Point X="107" Y="369" T="0" />
		<Point X="107" Y="369" T="0" />
	</Stroke>
	<Stroke>
		<Point X="111" Y="117" T="0" />
		<Point X="117" Y="123" T="0" />
		<Point X="132" Y="137" T="0" />
		<Point X="152" Y="160" T="0" />
		<Point X="173" Y="193" T="0" />
		<Point X="192" Y="232" T="0" />
		<Point X="208" Y="273" T="0" />
		<Point X="218" Y="313" T="0" />
		<Point X="225" Y="348" T="0" />
		<Point X="232" Y="374" T="0" />
		<Point X="236" Y="390" T="0" />
		<Point X="238" Y="397" T="0" />
		<Point X="238" Y="399" T="0" />
	</Stroke>
	<Stroke>
		<Point X="81" Y="240" T="0" />
		<Point X="82" Y="240" T="0" />
		<Point X="83" Y="240" T="0" />
		<Point X="90" Y="240" T="0" />
		<Point X="104" Y="243" T="0" />
		<Point X="124" Y="246" T="0" />
		<Point X="148" Y="249" T="0" />
		<Point X="173" Y="251" T="0" />
		<Point X="196" Y="253" T="0" />
		<Point X="220" Y="254" T="0" />
		<Point X="240" Y="255" T="0" />
		<Point X="257" Y="255" T="0" />
		<Point X="271" Y="255" T="0" />
		<Point X="283" Y="256" T="0" />
		<Point X="293" Y="257" T="0" />
		<Point X="299" Y="258" T="0" />
		<Point X="303" Y="259" T="0" />
		<Point X="304" Y="260" T="0" />
		<Point X="305" Y="260" T="0" />
	</Stroke>
</Gesture> 
