<?xml version="1.0" encoding="utf-8" standalone="yes"?>
<Gesture Name="asterisk10">
	<Stroke>
		<Point X="134" Y="255" T="0" />
		<Point X="134" Y="255" T="0" />
		<Point X="135" Y="255" T="0" />
		<Point X="140" Y="255" T="0" />
		<Point X="162" Y="253" T="0" />
		<Point X="210" Y="248" T="0" />
		<Point X="275" Y="243" T="0" />
		<Point X="340" Y="240" T="0" />
		<Point X="378" Y="239" T="0" />
		<Point X="399" Y="238" T="0" />
		<Point X="405" Y="238" T="0" />
		<Point X="406" Y="237" T="0" />
	</Stroke>
	<Stroke>
		<Point X="350" Y="153" T="0" />
		<Point X="349" Y="153" T="0" />
		<Point X="346" Y="156" T="0" />
		<Point X="338" Y="165" T="0" />
		<Point X="321" Y="184" T="0" />
		<Point X="296" Y="209" T="0" />
		<Point X="272" Y="238" T="0" />
		<Point X="252" Y="265" T="0" />
		<Point X="239" Y="284" T="0" />
		<Point X="233" Y="294" T="0" />
		<Point X="230" Y="300" T="0" />
		<Point X="228" Y="303" T="0" />
		<Point X="228" Y="304" T="0" />
		<Point X="227" Y="304" T="0" />
		<Point X="227" Y="305" T="0" />
		<Point X="225" Y="306" T="0" />
	</Stroke>
	<Stroke>
		<Point X="210" Y="187" T="0" />
		<Point X="210" Y="186" T="0" />
		<Point X="211" Y="186" T="0" />
		<Point X="212" Y="186" T="0" />
		<Point X="213" Y="186" T="0" />
		<Point X="219" Y="188" T="0" />
		<Point X="226" Y="195" T="0" />
		<Point X="235" Y="206" T="0" />
		<Point X="245" Y="220" T="0" />
		<Point X="257" Y="235" T="0" />
		<Point X="270" Y="251" T="0" />
		<Point X="284" Y="267" T="0" />
		<Point X="297" Y="280" T="0" />
		<Point X="307" Y="289" T="0" />
		<Point X="312" Y="294" T="0" />
		<Point X="313" Y="296" T="0" />
		<Point X="315" Y="297" T="0" />
	</Stroke>
</Gesture> 
