<?xml version="1.0" encoding="utf-8" standalone="yes"?>
<Gesture Name="asterisk05">
	<Stroke>
		<Point X="359" Y="179" T="0" />
		<Point X="359" Y="179" T="0" />
		<Point X="354" Y="187" T="0" />
		<Point X="336" Y="207" T="0" />
		<Point X="304" Y="236" T="0" />
		<Point X="267" Y="270" T="0" />
		<Point X="233" Y="303" T="0" />
		<Point X="213" Y="325" T="0" />
		<Point X="206" Y="336" T="0" />
	</Stroke>
	<Stroke>
		<Point X="222" Y="183" T="0" />
		<Point X="229" Y="190" T="0" />
		<Point X="240" Y="204" T="0" />
		<Point X="258" Y="228" T="0" />
		<Point X="276" Y="262" T="0" />
		<Point X="297" Y="300" T="0" />
		<Point X="312" Y="328" T="0" />
		<Point X="321" Y="342" T="0" />
		<Point X="325" Y="348" T="0" />
	</Stroke>
	<Stroke>
		<Point X="156" Y="242" T="0" />
		<Point X="156" Y="241" T="0" />
		<Point X="158" Y="241" T="0" />
		<Point X="163" Y="241" T="0" />
		<Point X="177" Y="241" T="0" />
		<Point X="205" Y="241" T="0" />
		<Point X="244" Y="242" T="0" />
		<Point X="286" Y="244" T="0" />
		<Point X="321" Y="246" T="0" />
		<Point X="346" Y="248" T="0" />
		<Point X="365" Y="250" T="0" />
		<Point X="375" Y="250" T="0" />
		<Point X="381" Y="250" T="0" />
	</Stroke>
</Gesture> 
