<?xml version="1.0" encoding="utf-8" standalone="yes"?>
<Gesture Name="asterisk09">
	<Stroke>
		<Point X="95" Y="255" T="0" />
		<Point X="96" Y="255" T="0" />
		<Point X="104" Y="256" T="0" />
		<Point X="123" Y="258" T="0" />
		<Point X="159" Y="262" T="0" />
		<Point X="198" Y="265" T="0" />
		<Point X="244" Y="267" T="0" />
		<Point X="280" Y="267" T="0" />
		<Point X="304" Y="267" T="0" />
		<Point X="318" Y="267" T="0" />
		<Point X="326" Y="267" T="0" />
		<Point X="330" Y="266" T="0" />
		<Point X="333" Y="265" T="0" />
		<Point X="335" Y="265" T="0" />
		<Point X="335" Y="265" T="0" />
	</Stroke>
	<Stroke>
		<Point X="275" Y="202" T="0" />
		<Point X="274" Y="202" T="0" />
		<Point X="273" Y="203" T="0" />
		<Point X="267" Y="210" T="0" />
		<Point X="247" Y="227" T="0" />
		<Point X="217" Y="246" T="0" />
		<Point X="185" Y="267" T="0" />
		<Point X="160" Y="287" T="0" />
		<Point X="143" Y="305" T="0" />
		<Point X="133" Y="317" T="0" />
		<Point X="127" Y="326" T="0" />
		<Point X="122" Y="331" T="0" />
	</Stroke>
	<Stroke>
		<Point X="140" Y="198" T="0" />
		<Point X="144" Y="198" T="0" />
		<Point X="152" Y="203" T="0" />
		<Point X="164" Y="211" T="0" />
		<Point X="175" Y="224" T="0" />
		<Point X="185" Y="237" T="0" />
		<Point X="194" Y="253" T="0" />
		<Point X="204" Y="274" T="0" />
		<Point X="212" Y="292" T="0" />
		<Point X="218" Y="304" T="0" />
		<Point X="222" Y="313" T="0" />
		<Point X="226" Y="317" T="0" />
		<Point X="228" Y="320" T="0" />
	</Stroke>
</Gesture> 
