<?xml version="1.0" encoding="utf-8" standalone="yes"?>
<Gesture Name="asterisk02">
	<Stroke>
		<Point X="191" Y="295" T="0" />
		<Point X="191" Y="295" T="0" />
		<Point X="194" Y="295" T="0" />
		<Point X="206" Y="295" T="0" />
		<Point X="232" Y="292" T="0" />
		<Point X="270" Y="287" T="0" />
		<Point X="311" Y="283" T="0" />
		<Point X="345" Y="280" T="0" />
		<Point X="370" Y="279" T="0" />
		<Point X="383" Y="278" T="0" />
		<Point X="390" Y="277" T="0" />
	</Stroke>
	<Stroke>
		<Point X="349" Y="198" T="0" />
		<Point X="348" Y="198" T="0" />
		<Point X="347" Y="198" T="0" />
		<Point X="344" Y="206" T="0" />
		<Point X="336" Y="223" T="0" />
		<Point X="324" Y="246" T="0" />
		<Point X="308" Y="276" T="0" />
		<Point X="290" Y="308" T="0" />
		<Point X="273" Y="339" T="0" />
		<Point X="263" Y="363" T="0" />
		<Point X="258" Y="379" T="0" />
		<Point X="256" Y="389" T="0" />
		<Point X="255" Y="394" T="0" />
	</Stroke>
	<Stroke>
		<Point X="244" Y="230" T="0" />
		<Point X="245" Y="230" T="0" />
		<Point X="254" Y="238" T="0" />
		<Point X="266" Y="250" T="0" />
		<Point X="277" Y="261" T="0" />
		<Point X="288" Y="272" T="0" />
		<Point X="300" Y="290" T="0" />
		<Point X="310" Y="306" T="0" />
		<Point X="322" Y="323" T="0" />
		<Point X="333" Y="337" T="0" />
		<Point X="343" Y="346" T="0" />
		<Point X="348" Y="351" T="0" />
		<Point X="352" Y="355" T="0" />
		<Point X="353" Y="358" T="0" />
		<Point X="355" Y="359" T="0" />
		<Point X="355" Y="360" T="0" />
		<Point X="355" Y="361" T="0" />
		<Point X="356" Y="361" T="0" />
		<Point X="356" Y="362" T="0" />
		<Point X="356" Y="363" T="0" />
		<Point X="356" Y="364" T="0" />
	</Stroke>
</Gesture> 
