<?xml version="1.0" encoding="utf-8" standalone="yes"?>
<Gesture Name="asterisk08">
	<Stroke>
		<Point X="97" Y="273" T="0" />
		<Point X="97" Y="273" T="0" />
		<Point X="100" Y="273" T="0" />
		<Point X="112" Y="272" T="0" />
		<Point X="131" Y="271" T="0" />
		<Point X="165" Y="268" T="0" />
		<Point X="204" Y="267" T="0" />
		<Point X="236" Y="265" T="0" />
		<Point X="261" Y="264" T="0" />
		<Point X="276" Y="263" T="0" />
		<Point X="285" Y="262" T="0" />
		<Point X="294" Y="261" T="0" />
		<Point X="308" Y="261" T="0" />
		<Point X="327" Y="260" T="0" />
		<Point X="347" Y="260" T="0" />
		<Point X="360" Y="259" T="0" />
	</Stroke>
	<Stroke>
		<Point X="321" Y="169" T="0" />
		<Point X="318" Y="171" T="0" />
		<Point X="310" Y="179" T="0" />
		<Point X="297" Y="191" T="0" />
		<Point X="278" Y="210" T="0" />
		<Point X="259" Y="231" T="0" />
		<Point X="238" Y="257" T="0" />
		<Point X="220" Y="280" T="0" />
		<Point X="204" Y="301" T="0" />
		<Point X="193" Y="317" T="0" />
		<Point X="184" Y="329" T="0" />
		<Point X="181" Y="334" T="0" />
	</Stroke>
	<Stroke>
		<Point X="183" Y="183" T="0" />
		<Point X="186" Y="184" T="0" />
		<Point X="192" Y="190" T="0" />
		<Point X="203" Y="200" T="0" />
		<Point X="216" Y="215" T="0" />
		<Point X="228" Y="232" T="0" />
		<Point X="237" Y="250" T="0" />
		<Point X="245" Y="267" T="0" />
		<Point X="251" Y="284" T="0" />
		<Point X="256" Y="296" T="0" />
		<Point X="260" Y="305" T="0" />
		<Point X="263" Y="311" T="0" />
		<Point X="264" Y="315" T="0" />
		<Point X="265" Y="317" T="0" />
		<Point X="265" Y="318" T="0" />
		<Point X="265" Y="319" T="0" />
		<Point X="266" Y="320" T="0" />
		<Point X="266" Y="321" T="0" />
	</Stroke>
</Gesture> 
