<?xml version="1.0" encoding="utf-8" standalone="yes"?>
<Gesture Name="asterisk04">
	<Stroke>
		<Point X="332" Y="236" T="0" />
		<Point X="330" Y="237" T="0" />
		<Point X="315" Y="244" T="0" />
		<Point X="278" Y="260" T="0" />
		<Point X="234" Y="278" T="0" />
		<Point X="188" Y="299" T="0" />
		<Point X="161" Y="316" T="0" />
		<Point X="148" Y="329" T="0" />
	</Stroke>
	<Stroke>
		<Point X="183" Y="200" T="0" />
		<Point X="192" Y="209" T="0" />
		<Point X="212" Y="231" T="0" />
		<Point X="243" Y="264" T="0" />
		<Point X="276" Y="297" T="0" />
		<Point X="306" Y="325" T="0" />
		<Point X="321" Y="342" T="0" />
		<Point X="325" Y="350" T="0" />
		<Point X="326" Y="354" T="0" />
	</Stroke>
	<Stroke>
		<Point X="168" Y="255" T="0" />
		<Point X="169" Y="255" T="0" />
		<Point X="172" Y="255" T="0" />
		<Point X="176" Y="256" T="0" />
		<Point X="181" Y="259" T="0" />
		<Point X="187" Y="262" T="0" />
		<Point X="202" Y="267" T="0" />
		<Point X="230" Y="271" T="0" />
		<Point X="258" Y="274" T="0" />
		<Point X="286" Y="275" T="0" />
		<Point X="313" Y="275" T="0" />
		<Point X="336" Y="275" T="0" />
		<Point X="350" Y="275" T="0" />
	</Stroke>
</Gesture> 
