<?xml version="1.0" encoding="utf-8" standalone="yes"?>
<Gesture Name="asterisk03">
	<Stroke>
		<Point X="381" Y="228" T="0" />
		<Point X="380" Y="228" T="0" />
		<Point X="379" Y="228" T="0" />
		<Point X="373" Y="229" T="0" />
		<Point X="362" Y="236" T="0" />
		<Point X="347" Y="247" T="0" />
		<Point X="327" Y="261" T="0" />
		<Point X="306" Y="279" T="0" />
		<Point X="282" Y="300" T="0" />
		<Point X="260" Y="318" T="0" />
		<Point X="236" Y="336" T="0" />
		<Point X="216" Y="348" T="0" />
		<Point X="205" Y="352" T="0" />
	</Stroke>
	<Stroke>
		<Point X="225" Y="200" T="0" />
		<Point X="232" Y="208" T="0" />
		<Point X="245" Y="225" T="0" />
		<Point X="262" Y="252" T="0" />
		<Point X="283" Y="287" T="0" />
		<Point X="301" Y="319" T="0" />
		<Point X="314" Y="346" T="0" />
		<Point X="321" Y="361" T="0" />
		<Point X="325" Y="370" T="0" />
		<Point X="326" Y="374" T="0" />
		<Point X="326" Y="376" T="0" />
		<Point X="326" Y="377" T="0" />
		<Point X="327" Y="380" T="0" />
	</Stroke>
	<Stroke>
		<Point X="156" Y="265" T="0" />
		<Point X="159" Y="266" T="0" />
		<Point X="163" Y="267" T="0" />
		<Point X="174" Y="268" T="0" />
		<Point X="195" Y="272" T="0" />
		<Point X="224" Y="276" T="0" />
		<Point X="258" Y="281" T="0" />
		<Point X="294" Y="285" T="0" />
		<Point X="326" Y="285" T="0" />
		<Point X="352" Y="287" T="0" />
		<Point X="372" Y="288" T="0" />
		<Point X="385" Y="289" T="0" />
		<Point X="393" Y="290" T="0" />
	</Stroke>
</Gesture> 
