<?xml version="1.0" encoding="utf-8" standalone="yes"?>
<Gesture Name="asterisk07">
	<Stroke>
		<Point X="134" Y="275" T="0" />
		<Point X="134" Y="275" T="0" />
		<Point X="145" Y="275" T="0" />
		<Point X="170" Y="273" T="0" />
		<Point X="205" Y="271" T="0" />
		<Point X="241" Y="269" T="0" />
		<Point X="269" Y="268" T="0" />
		<Point X="288" Y="267" T="0" />
		<Point X="300" Y="267" T="0" />
		<Point X="307" Y="266" T="0" />
		<Point X="312" Y="266" T="0" />
		<Point X="318" Y="265" T="0" />
		<Point X="328" Y="264" T="0" />
		<Point X="339" Y="263" T="0" />
		<Point X="348" Y="263" T="0" />
	</Stroke>
	<Stroke>
		<Point X="300" Y="196" T="0" />
		<Point X="300" Y="197" T="0" />
		<Point X="291" Y="207" T="0" />
		<Point X="273" Y="224" T="0" />
		<Point X="246" Y="247" T="0" />
		<Point X="217" Y="273" T="0" />
		<Point X="190" Y="298" T="0" />
		<Point X="172" Y="319" T="0" />
		<Point X="160" Y="335" T="0" />
		<Point X="155" Y="343" T="0" />
		<Point X="153" Y="347" T="0" />
		<Point X="153" Y="348" T="0" />
	</Stroke>
	<Stroke>
		<Point X="173" Y="192" T="0" />
		<Point X="175" Y="192" T="0" />
		<Point X="179" Y="191" T="0" />
		<Point X="187" Y="195" T="0" />
		<Point X="197" Y="202" T="0" />
		<Point X="209" Y="212" T="0" />
		<Point X="222" Y="227" T="0" />
		<Point X="232" Y="240" T="0" />
		<Point X="242" Y="254" T="0" />
		<Point X="250" Y="268" T="0" />
		<Point X="257" Y="282" T="0" />
		<Point X="263" Y="293" T="0" />
		<Point X="267" Y="302" T="0" />
		<Point X="270" Y="309" T="0" />
		<Point X="273" Y="313" T="0" />
	</Stroke>
</Gesture> 
