<?xml version="1.0" encoding="utf-8" standalone="yes"?>
<Gesture Name="D01">
	<Stroke>
		<Point X="148" Y="161" T="0" />
		<Point X="149" Y="161" T="0" />
		<Point X="149" Y="166" T="0" />
		<Point X="149" Y="184" T="0" />
		<Point X="147" Y="216" T="0" />
		<Point X="142" Y="263" T="0" />
		<Point X="138" Y="306" T="0" />
		<Point X="136" Y="345" T="0" />
		<Point X="134" Y="368" T="0" />
		<Point X="134" Y="380" T="0" />
		<Point X="134" Y="387" T="0" />
		<Point X="134" Y="390" T="0" />
		<Point X="134" Y="390" T="0" />
	</Stroke>
	<Stroke>
		<Point X="148" Y="157" T="0" />
		<Point X="149" Y="157" T="0" />
		<Point X="153" Y="157" T="0" />
		<Point X="163" Y="161" T="0" />
		<Point X="182" Y="168" T="0" />
		<Point X="203" Y="175" T="0" />
		<Point X="222" Y="180" T="0" />
		<Point X="233" Y="184" T="0" />
		<Point X="238" Y="188" T="0" />
		<Point X="240" Y="192" T="0" />
		<Point X="243" Y="197" T="0" />
		<Point X="247" Y="204" T="0" />
		<Point X="251" Y="216" T="0" />
		<Point X="254" Y="228" T="0" />
		<Point X="256" Y="242" T="0" />
		<Point X="255" Y="255" T="0" />
		<Point X="249" Y="268" T="0" />
		<Point X="240" Y="282" T="0" />
		<Point X="226" Y="298" T="0" />
		<Point X="210" Y="314" T="0" />
		<Point X="197" Y="329" T="0" />
		<Point X="182" Y="346" T="0" />
		<Point X="169" Y="360" T="0" />
		<Point X="159" Y="369" T="0" />
		<Point X="152" Y="371" T="0" />
		<Point X="145" Y="372" T="0" />
		<Point X="137" Y="372" T="0" />
		<Point X="128" Y="372" T="0" />
		<Point X="120" Y="372" T="0" />
		<Point X="116" Y="371" T="0" />
		<Point X="117" Y="371" T="0" />
		<Point X="118" Y="370" T="0" />
	</Stroke>
</Gesture> 
