<?xml version="1.0" encoding="utf-8" standalone="yes"?>
<Gesture Name="D02">
	<Stroke>
		<Point X="184" Y="187" T="0" />
		<Point X="184" Y="189" T="0" />
		<Point X="184" Y="204" T="0" />
		<Point X="184" Y="236" T="0" />
		<Point X="181" Y="276" T="0" />
		<Point X="179" Y="309" T="0" />
		<Point X="176" Y="334" T="0" />
		<Point X="175" Y="343" T="0" />
		<Point X="175" Y="345" T="0" />
		<Point X="175" Y="346" T="0" />
		<Point X="175" Y="347" T="0" />
		<Point X="175" Y="348" T="0" />
		<Point X="175" Y="349" T="0" />
	</Stroke>
	<Stroke>
		<Point X="187" Y="192" T="0" />
		<Point X="188" Y="192" T="0" />
		<Point X="198" Y="193" T="0" />
		<Point X="218" Y="195" T="0" />
		<Point X="244" Y="197" T="0" />
		<Point X="269" Y="199" T="0" />
		<Point X="285" Y="200" T="0" />
		<Point X="292" Y="201" T="0" />
		<Point X="294" Y="202" T="0" />
		<Point X="296" Y="208" T="0" />
		<Point X="297" Y="218" T="0" />
		<Point X="297" Y="231" T="0" />
		<Point X="297" Y="245" T="0" />
		<Point X="295" Y="260" T="0" />
		<Point X="290" Y="273" T="0" />
		<Point X="282" Y="282" T="0" />
		<Point X="274" Y="290" T="0" />
		<Point X="263" Y="298" T="0" />
		<Point X="251" Y="305" T="0" />
		<Point X="233" Y="313" T="0" />
		<Point X="215" Y="321" T="0" />
		<Point X="198" Y="329" T="0" />
		<Point X="186" Y="334" T="0" />
		<Point X="180" Y="336" T="0" />
		<Point X="177" Y="337" T="0" />
		<Point X="173" Y="337" T="0" />
		<Point X="167" Y="339" T="0" />
		<Point X="160" Y="341" T="0" />
		<Point X="155" Y="342" T="0" />
	</Stroke>
</Gesture> 
