<?xml version="1.0" encoding="utf-8" standalone="yes"?>
<Gesture Name="D03">
	<Stroke>
		<Point X="204" Y="213" T="0" />
		<Point X="204" Y="213" T="0" />
		<Point X="204" Y="214" T="0" />
		<Point X="202" Y="223" T="0" />
		<Point X="201" Y="242" T="0" />
		<Point X="198" Y="271" T="0" />
		<Point X="195" Y="303" T="0" />
		<Point X="193" Y="327" T="0" />
		<Point X="191" Y="348" T="0" />
		<Point X="190" Y="360" T="0" />
		<Point X="190" Y="368" T="0" />
		<Point X="189" Y="373" T="0" />
		<Point X="189" Y="375" T="0" />
		<Point X="189" Y="375" T="0" />
	</Stroke>
	<Stroke>
		<Point X="218" Y="215" T="0" />
		<Point X="219" Y="215" T="0" />
		<Point X="235" Y="222" T="0" />
		<Point X="260" Y="230" T="0" />
		<Point X="280" Y="235" T="0" />
		<Point X="301" Y="240" T="0" />
		<Point X="312" Y="244" T="0" />
		<Point X="318" Y="247" T="0" />
		<Point X="321" Y="250" T="0" />
		<Point X="323" Y="253" T="0" />
		<Point X="325" Y="258" T="0" />
		<Point X="325" Y="266" T="0" />
		<Point X="325" Y="279" T="0" />
		<Point X="322" Y="292" T="0" />
		<Point X="316" Y="308" T="0" />
		<Point X="305" Y="323" T="0" />
		<Point X="294" Y="335" T="0" />
		<Point X="284" Y="343" T="0" />
		<Point X="274" Y="350" T="0" />
		<Point X="264" Y="356" T="0" />
		<Point X="253" Y="359" T="0" />
		<Point X="244" Y="360" T="0" />
		<Point X="234" Y="360" T="0" />
		<Point X="222" Y="360" T="0" />
		<Point X="210" Y="360" T="0" />
		<Point X="201" Y="361" T="0" />
		<Point X="195" Y="362" T="0" />
	</Stroke>
</Gesture> 
