<?xml version="1.0" encoding="utf-8" standalone="yes"?>
<Gesture Name="D04">
	<Stroke>
		<Point X="188" Y="164" T="0" />
		<Point X="187" Y="164" T="0" />
		<Point X="187" Y="172" T="0" />
		<Point X="185" Y="187" T="0" />
		<Point X="183" Y="212" T="0" />
		<Point X="182" Y="248" T="0" />
		<Point X="181" Y="295" T="0" />
		<Point X="179" Y="332" T="0" />
		<Point X="176" Y="357" T="0" />
		<Point X="174" Y="375" T="0" />
		<Point X="173" Y="384" T="0" />
	</Stroke>
	<Stroke>
		<Point X="188" Y="171" T="0" />
		<Point X="189" Y="171" T="0" />
		<Point X="190" Y="172" T="0" />
		<Point X="193" Y="173" T="0" />
		<Point X="197" Y="174" T="0" />
		<Point X="203" Y="176" T="0" />
		<Point X="217" Y="182" T="0" />
		<Point X="235" Y="188" T="0" />
		<Point X="256" Y="196" T="0" />
		<Point X="272" Y="203" T="0" />
		<Point X="283" Y="212" T="0" />
		<Point X="290" Y="221" T="0" />
		<Point X="294" Y="231" T="0" />
		<Point X="297" Y="242" T="0" />
		<Point X="300" Y="251" T="0" />
		<Point X="301" Y="262" T="0" />
		<Point X="301" Y="272" T="0" />
		<Point X="299" Y="280" T="0" />
		<Point X="294" Y="291" T="0" />
		<Point X="285" Y="305" T="0" />
		<Point X="274" Y="320" T="0" />
		<Point X="258" Y="337" T="0" />
		<Point X="241" Y="352" T="0" />
		<Point X="226" Y="363" T="0" />
		<Point X="214" Y="368" T="0" />
		<Point X="204" Y="370" T="0" />
		<Point X="194" Y="370" T="0" />
		<Point X="187" Y="370" T="0" />
		<Point X="181" Y="370" T="0" />
		<Point X="175" Y="370" T="0" />
		<Point X="169" Y="370" T="0" />
		<Point X="163" Y="371" T="0" />
		<Point X="160" Y="372" T="0" />
		<Point X="158" Y="373" T="0" />
		<Point X="158" Y="374" T="0" />
	</Stroke>
</Gesture> 
