<?xml version="1.0" encoding="utf-8" standalone="yes"?>
<Gesture Name="D05">
	<Stroke>
		<Point X="160" Y="205" T="0" />
		<Point X="160" Y="205" T="0" />
		<Point X="160" Y="206" T="0" />
		<Point X="160" Y="218" T="0" />
		<Point X="157" Y="237" T="0" />
		<Point X="154" Y="266" T="0" />
		<Point X="148" Y="305" T="0" />
		<Point X="142" Y="345" T="0" />
		<Point X="138" Y="385" T="0" />
		<Point X="137" Y="413" T="0" />
		<Point X="139" Y="426" T="0" />
		<Point X="140" Y="430" T="0" />
		<Point X="140" Y="431" T="0" />
		<Point X="140" Y="431" T="0" />
		<Point X="141" Y="431" T="0" />
	</Stroke>
	<Stroke>
		<Point X="164" Y="203" T="0" />
		<Point X="164" Y="204" T="0" />
		<Point X="176" Y="207" T="0" />
		<Point X="196" Y="210" T="0" />
		<Point X="220" Y="214" T="0" />
		<Point X="240" Y="218" T="0" />
		<Point X="258" Y="223" T="0" />
		<Point X="269" Y="227" T="0" />
		<Point X="275" Y="233" T="0" />
		<Point X="278" Y="239" T="0" />
		<Point X="281" Y="249" T="0" />
		<Point X="282" Y="263" T="0" />
		<Point X="282" Y="282" T="0" />
		<Point X="282" Y="301" T="0" />
		<Point X="277" Y="319" T="0" />
		<Point X="270" Y="333" T="0" />
		<Point X="260" Y="349" T="0" />
		<Point X="242" Y="372" T="0" />
		<Point X="224" Y="393" T="0" />
		<Point X="205" Y="407" T="0" />
		<Point X="188" Y="413" T="0" />
		<Point X="175" Y="413" T="0" />
		<Point X="162" Y="410" T="0" />
		<Point X="150" Y="405" T="0" />
		<Point X="139" Y="401" T="0" />
		<Point X="127" Y="398" T="0" />
		<Point X="116" Y="397" T="0" />
		<Point X="107" Y="397" T="0" />
		<Point X="103" Y="399" T="0" />
	</Stroke>
</Gesture> 
