<?xml version="1.0" encoding="utf-8" standalone="yes"?>
<Gesture Name="D06">
	<Stroke>
		<Point X="148" Y="162" T="0" />
		<Point X="148" Y="162" T="0" />
		<Point X="148" Y="163" T="0" />
		<Point X="148" Y="165" T="0" />
		<Point X="147" Y="179" T="0" />
		<Point X="145" Y="203" T="0" />
		<Point X="144" Y="239" T="0" />
		<Point X="141" Y="278" T="0" />
		<Point X="139" Y="317" T="0" />
		<Point X="139" Y="352" T="0" />
		<Point X="138" Y="377" T="0" />
		<Point X="138" Y="393" T="0" />
		<Point X="138" Y="402" T="0" />
		<Point X="138" Y="407" T="0" />
		<Point X="138" Y="409" T="0" />
		<Point X="138" Y="410" T="0" />
		<Point X="138" Y="408" T="0" />
	</Stroke>
	<Stroke>
		<Point X="145" Y="167" T="0" />
		<Point X="146" Y="167" T="0" />
		<Point X="147" Y="166" T="0" />
		<Point X="148" Y="166" T="0" />
		<Point X="149" Y="166" T="0" />
		<Point X="150" Y="165" T="0" />
		<Point X="151" Y="165" T="0" />
		<Point X="152" Y="165" T="0" />
		<Point X="156" Y="165" T="0" />
		<Point X="160" Y="165" T="0" />
		<Point X="165" Y="165" T="0" />
		<Point X="172" Y="166" T="0" />
		<Point X="180" Y="169" T="0" />
		<Point X="186" Y="172" T="0" />
		<Point X="191" Y="175" T="0" />
		<Point X="198" Y="179" T="0" />
		<Point X="205" Y="183" T="0" />
		<Point X="211" Y="187" T="0" />
		<Point X="217" Y="191" T="0" />
		<Point X="222" Y="195" T="0" />
		<Point X="227" Y="202" T="0" />
		<Point X="231" Y="211" T="0" />
		<Point X="235" Y="221" T="0" />
		<Point X="238" Y="231" T="0" />
		<Point X="239" Y="243" T="0" />
		<Point X="241" Y="255" T="0" />
		<Point X="241" Y="272" T="0" />
		<Point X="241" Y="287" T="0" />
		<Point X="240" Y="301" T="0" />
		<Point X="238" Y="311" T="0" />
		<Point X="236" Y="321" T="0" />
		<Point X="232" Y="330" T="0" />
		<Point X="228" Y="339" T="0" />
		<Point X="223" Y="349" T="0" />
		<Point X="216" Y="357" T="0" />
		<Point X="209" Y="365" T="0" />
		<Point X="200" Y="372" T="0" />
		<Point X="189" Y="379" T="0" />
		<Point X="179" Y="386" T="0" />
		<Point X="170" Y="390" T="0" />
		<Point X="163" Y="392" T="0" />
		<Point X="157" Y="393" T="0" />
		<Point X="151" Y="394" T="0" />
		<Point X="146" Y="394" T="0" />
		<Point X="141" Y="395" T="0" />
		<Point X="137" Y="395" T="0" />
		<Point X="134" Y="395" T="0" />
		<Point X="132" Y="395" T="0" />
	</Stroke>
</Gesture> 
