<?xml version="1.0" encoding="utf-8" standalone="yes"?>
<Gesture Name="D07">
	<Stroke>
		<Point X="118" Y="171" T="0" />
		<Point X="118" Y="171" T="0" />
		<Point X="119" Y="174" T="0" />
		<Point X="122" Y="186" T="0" />
		<Point X="122" Y="204" T="0" />
		<Point X="122" Y="233" T="0" />
		<Point X="122" Y="264" T="0" />
		<Point X="121" Y="293" T="0" />
		<Point X="119" Y="313" T="0" />
		<Point X="117" Y="322" T="0" />
		<Point X="117" Y="326" T="0" />
		<Point X="117" Y="327" T="0" />
		<Point X="117" Y="329" T="0" />
		<Point X="117" Y="331" T="0" />
		<Point X="116" Y="334" T="0" />
		<Point X="116" Y="335" T="0" />
		<Point X="116" Y="336" T="0" />
		<Point X="115" Y="336" T="0" />
	</Stroke>
	<Stroke>
		<Point X="124" Y="165" T="0" />
		<Point X="125" Y="165" T="0" />
		<Point X="125" Y="164" T="0" />
		<Point X="128" Y="164" T="0" />
		<Point X="130" Y="164" T="0" />
		<Point X="132" Y="164" T="0" />
		<Point X="134" Y="164" T="0" />
		<Point X="140" Y="165" T="0" />
		<Point X="149" Y="167" T="0" />
		<Point X="162" Y="168" T="0" />
		<Point X="179" Y="170" T="0" />
		<Point X="196" Y="172" T="0" />
		<Point X="210" Y="174" T="0" />
		<Point X="223" Y="177" T="0" />
		<Point X="231" Y="180" T="0" />
		<Point X="239" Y="184" T="0" />
		<Point X="246" Y="189" T="0" />
		<Point X="254" Y="198" T="0" />
		<Point X="262" Y="210" T="0" />
		<Point X="270" Y="224" T="0" />
		<Point X="274" Y="238" T="0" />
		<Point X="275" Y="253" T="0" />
		<Point X="275" Y="271" T="0" />
		<Point X="271" Y="289" T="0" />
		<Point X="265" Y="307" T="0" />
		<Point X="258" Y="319" T="0" />
		<Point X="250" Y="327" T="0" />
		<Point X="241" Y="333" T="0" />
		<Point X="229" Y="338" T="0" />
		<Point X="216" Y="341" T="0" />
		<Point X="201" Y="343" T="0" />
		<Point X="186" Y="344" T="0" />
		<Point X="169" Y="345" T="0" />
		<Point X="145" Y="346" T="0" />
		<Point X="121" Y="346" T="0" />
		<Point X="106" Y="346" T="0" />
		<Point X="95" Y="346" T="0" />
		<Point X="90" Y="346" T="0" />
		<Point X="86" Y="345" T="0" />
	</Stroke>
</Gesture> 
