<?xml version="1.0" encoding="utf-8" standalone="yes"?>
<Gesture Name="D08">
	<Stroke>
		<Point X="235" Y="125" T="0" />
		<Point X="235" Y="126" T="0" />
		<Point X="233" Y="130" T="0" />
		<Point X="233" Y="146" T="0" />
		<Point X="232" Y="178" T="0" />
		<Point X="233" Y="221" T="0" />
		<Point X="234" Y="271" T="0" />
		<Point X="235" Y="318" T="0" />
		<Point X="233" Y="362" T="0" />
		<Point X="230" Y="400" T="0" />
		<Point X="226" Y="434" T="0" />
		<Point X="224" Y="453" T="0" />
		<Point X="224" Y="456" T="0" />
	</Stroke>
	<Stroke>
		<Point X="241" Y="143" T="0" />
		<Point X="242" Y="143" T="0" />
		<Point X="243" Y="143" T="0" />
		<Point X="249" Y="143" T="0" />
		<Point X="260" Y="145" T="0" />
		<Point X="279" Y="154" T="0" />
		<Point X="302" Y="164" T="0" />
		<Point X="325" Y="173" T="0" />
		<Point X="345" Y="181" T="0" />
		<Point X="361" Y="186" T="0" />
		<Point X="372" Y="190" T="0" />
		<Point X="382" Y="196" T="0" />
		<Point X="393" Y="203" T="0" />
		<Point X="403" Y="214" T="0" />
		<Point X="411" Y="228" T="0" />
		<Point X="418" Y="245" T="0" />
		<Point X="425" Y="270" T="0" />
		<Point X="428" Y="303" T="0" />
		<Point X="429" Y="337" T="0" />
		<Point X="428" Y="364" T="0" />
		<Point X="423" Y="382" T="0" />
		<Point X="419" Y="392" T="0" />
		<Point X="414" Y="398" T="0" />
		<Point X="407" Y="405" T="0" />
		<Point X="399" Y="411" T="0" />
		<Point X="387" Y="417" T="0" />
		<Point X="374" Y="422" T="0" />
		<Point X="356" Y="426" T="0" />
		<Point X="336" Y="430" T="0" />
		<Point X="312" Y="435" T="0" />
		<Point X="292" Y="439" T="0" />
		<Point X="276" Y="440" T="0" />
		<Point X="267" Y="440" T="0" />
		<Point X="261" Y="440" T="0" />
		<Point X="256" Y="441" T="0" />
		<Point X="249" Y="443" T="0" />
		<Point X="243" Y="445" T="0" />
	</Stroke>
</Gesture> 
