<?xml version="1.0" encoding="utf-8" standalone="yes"?>
<Gesture Name="D09">
	<Stroke>
		<Point X="166" Y="199" T="0" />
		<Point X="164" Y="204" T="0" />
		<Point X="164" Y="215" T="0" />
		<Point X="165" Y="234" T="0" />
		<Point X="167" Y="262" T="0" />
		<Point X="169" Y="290" T="0" />
		<Point X="169" Y="315" T="0" />
		<Point X="169" Y="338" T="0" />
		<Point X="169" Y="354" T="0" />
		<Point X="168" Y="363" T="0" />
		<Point X="167" Y="365" T="0" />
		<Point X="167" Y="365" T="0" />
	</Stroke>
	<Stroke>
		<Point X="162" Y="205" T="0" />
		<Point X="163" Y="205" T="0" />
		<Point X="165" Y="205" T="0" />
		<Point X="174" Y="206" T="0" />
		<Point X="186" Y="206" T="0" />
		<Point X="200" Y="205" T="0" />
		<Point X="210" Y="203" T="0" />
		<Point X="216" Y="202" T="0" />
		<Point X="219" Y="202" T="0" />
		<Point X="222" Y="202" T="0" />
		<Point X="226" Y="203" T="0" />
		<Point X="232" Y="206" T="0" />
		<Point X="240" Y="212" T="0" />
		<Point X="247" Y="218" T="0" />
		<Point X="254" Y="225" T="0" />
		<Point X="259" Y="232" T="0" />
		<Point X="263" Y="241" T="0" />
		<Point X="266" Y="250" T="0" />
		<Point X="268" Y="260" T="0" />
		<Point X="268" Y="273" T="0" />
		<Point X="267" Y="287" T="0" />
		<Point X="260" Y="305" T="0" />
		<Point X="254" Y="322" T="0" />
		<Point X="246" Y="338" T="0" />
		<Point X="239" Y="348" T="0" />
		<Point X="235" Y="352" T="0" />
		<Point X="232" Y="353" T="0" />
		<Point X="229" Y="355" T="0" />
		<Point X="225" Y="355" T="0" />
		<Point X="221" Y="356" T="0" />
		<Point X="217" Y="357" T="0" />
		<Point X="211" Y="357" T="0" />
		<Point X="203" Y="357" T="0" />
		<Point X="194" Y="356" T="0" />
		<Point X="187" Y="356" T="0" />
		<Point X="183" Y="356" T="0" />
		<Point X="181" Y="357" T="0" />
		<Point X="180" Y="357" T="0" />
		<Point X="179" Y="357" T="0" />
		<Point X="178" Y="357" T="0" />
	</Stroke>
</Gesture> 
