<?xml version="1.0" encoding="utf-8" standalone="yes"?>
<Gesture Name="D10">
	<Stroke>
		<Point X="234" Y="188" T="0" />
		<Point X="234" Y="188" T="0" />
		<Point X="233" Y="193" T="0" />
		<Point X="231" Y="206" T="0" />
		<Point X="228" Y="224" T="0" />
		<Point X="226" Y="249" T="0" />
		<Point X="223" Y="275" T="0" />
		<Point X="220" Y="312" T="0" />
		<Point X="218" Y="344" T="0" />
		<Point X="218" Y="366" T="0" />
		<Point X="217" Y="375" T="0" />
		<Point X="217" Y="378" T="0" />
		<Point X="217" Y="378" T="0" />
		<Point X="217" Y="376" T="0" />
	</Stroke>
	<Stroke>
		<Point X="240" Y="178" T="0" />
		<Point X="241" Y="178" T="0" />
		<Point X="242" Y="178" T="0" />
		<Point X="244" Y="178" T="0" />
		<Point X="248" Y="179" T="0" />
		<Point X="255" Y="181" T="0" />
		<Point X="267" Y="183" T="0" />
		<Point X="280" Y="185" T="0" />
		<Point X="291" Y="188" T="0" />
		<Point X="301" Y="192" T="0" />
		<Point X="309" Y="196" T="0" />
		<Point X="319" Y="202" T="0" />
		<Point X="328" Y="210" T="0" />
		<Point X="336" Y="220" T="0" />
		<Point X="345" Y="231" T="0" />
		<Point X="352" Y="244" T="0" />
		<Point X="357" Y="254" T="0" />
		<Point X="361" Y="266" T="0" />
		<Point X="364" Y="277" T="0" />
		<Point X="364" Y="289" T="0" />
		<Point X="363" Y="300" T="0" />
		<Point X="361" Y="309" T="0" />
		<Point X="356" Y="318" T="0" />
		<Point X="350" Y="326" T="0" />
		<Point X="341" Y="337" T="0" />
		<Point X="331" Y="347" T="0" />
		<Point X="321" Y="356" T="0" />
		<Point X="313" Y="361" T="0" />
		<Point X="305" Y="363" T="0" />
		<Point X="295" Y="363" T="0" />
		<Point X="285" Y="363" T="0" />
		<Point X="278" Y="363" T="0" />
		<Point X="273" Y="362" T="0" />
		<Point X="268" Y="362" T="0" />
		<Point X="262" Y="361" T="0" />
		<Point X="253" Y="361" T="0" />
		<Point X="245" Y="361" T="0" />
		<Point X="238" Y="364" T="0" />
		<Point X="235" Y="365" T="0" />
		<Point X="234" Y="365" T="0" />
		<Point X="233" Y="366" T="0" />
		<Point X="232" Y="366" T="0" />
		<Point X="231" Y="366" T="0" />
		<Point X="231" Y="367" T="0" />
		<Point X="230" Y="367" T="0" />
		<Point X="229" Y="367" T="0" />
		<Point X="228" Y="367" T="0" />
		<Point X="228" Y="368" T="0" />
	</Stroke>
</Gesture> 
