<?xml version="1.0" encoding="utf-8" standalone="yes"?>
<Gesture Name="exclamation_point01">
	<Stroke>
		<Point X="231" Y="196" T="0" />
		<Point X="231" Y="196" T="0" />
		<Point X="231" Y="197" T="0" />
		<Point X="231" Y="205" T="0" />
		<Point X="230" Y="225" T="0" />
		<Point X="229" Y="255" T="0" />
		<Point X="226" Y="297" T="0" />
		<Point X="223" Y="341" T="0" />
		<Point X="223" Y="361" T="0" />
		<Point X="223" Y="370" T="0" />
		<Point X="223" Y="375" T="0" />
	</Stroke>
	<Stroke>
		<Point X="222" Y="398" T="0" />
		<Point X="222" Y="397" T="0" />
		<Point X="221" Y="397" T="0" />
		<Point X="220" Y="396" T="0" />
		<Point X="218" Y="396" T="0" />
		<Point X="215" Y="396" T="0" />
		<Point X="212" Y="396" T="0" />
		<Point X="210" Y="396" T="0" />
		<Point X="209" Y="397" T="0" />
		<Point X="209" Y="402" T="0" />
		<Point X="209" Y="408" T="0" />
		<Point X="213" Y="412" T="0" />
		<Point X="215" Y="413" T="0" />
		<Point X="218" Y="413" T="0" />
		<Point X="220" Y="413" T="0" />
		<Point X="222" Y="413" T="0" />
		<Point X="222" Y="412" T="0" />
		<Point X="222" Y="410" T="0" />
		<Point X="222" Y="407" T="0" />
		<Point X="220" Y="406" T="0" />
		<Point X="219" Y="404" T="0" />
		<Point X="218" Y="403" T="0" />
		<Point X="216" Y="402" T="0" />
		<Point X="215" Y="402" T="0" />
	</Stroke>
</Gesture> 
