<?xml version="1.0" encoding="utf-8" standalone="yes"?>
<Gesture Name="exclamation_point10">
	<Stroke>
		<Point X="220" Y="152" T="0" />
		<Point X="220" Y="152" T="0" />
		<Point X="220" Y="157" T="0" />
		<Point X="221" Y="176" T="0" />
		<Point X="222" Y="204" T="0" />
		<Point X="225" Y="239" T="0" />
		<Point X="225" Y="274" T="0" />
		<Point X="225" Y="314" T="0" />
		<Point X="225" Y="346" T="0" />
		<Point X="227" Y="361" T="0" />
		<Point X="227" Y="364" T="0" />
		<Point X="227" Y="364" T="0" />
	</Stroke>
	<Stroke>
		<Point X="229" Y="388" T="0" />
		<Point X="229" Y="387" T="0" />
		<Point X="229" Y="385" T="0" />
		<Point X="229" Y="384" T="0" />
		<Point X="229" Y="385" T="0" />
		<Point X="229" Y="388" T="0" />
		<Point X="229" Y="390" T="0" />
		<Point X="230" Y="391" T="0" />
		<Point X="230" Y="392" T="0" />
		<Point X="231" Y="392" T="0" />
		<Point X="232" Y="392" T="0" />
		<Point X="233" Y="392" T="0" />
		<Point X="234" Y="391" T="0" />
		<Point X="235" Y="389" T="0" />
		<Point X="235" Y="388" T="0" />
		<Point X="236" Y="388" T="0" />
		<Point X="236" Y="387" T="0" />
		<Point X="236" Y="386" T="0" />
		<Point X="236" Y="385" T="0" />
		<Point X="236" Y="384" T="0" />
		<Point X="236" Y="383" T="0" />
		<Point X="236" Y="384" T="0" />
		<Point X="235" Y="384" T="0" />
		<Point X="233" Y="387" T="0" />
		<Point X="229" Y="389" T="0" />
		<Point X="222" Y="391" T="0" />
	</Stroke>
</Gesture> 
