<?xml version="1.0" encoding="utf-8" standalone="yes"?>
<Gesture Name="exclamation_point09">
	<Stroke>
		<Point X="220" Y="186" T="0" />
		<Point X="217" Y="195" T="0" />
		<Point X="211" Y="215" T="0" />
		<Point X="203" Y="245" T="0" />
		<Point X="193" Y="281" T="0" />
		<Point X="186" Y="309" T="0" />
		<Point X="182" Y="333" T="0" />
		<Point X="181" Y="346" T="0" />
		<Point X="181" Y="352" T="0" />
	</Stroke>
	<Stroke>
		<Point X="179" Y="379" T="0" />
		<Point X="178" Y="380" T="0" />
		<Point X="178" Y="381" T="0" />
		<Point X="178" Y="385" T="0" />
		<Point X="180" Y="390" T="0" />
		<Point X="184" Y="394" T="0" />
		<Point X="188" Y="396" T="0" />
		<Point X="191" Y="397" T="0" />
		<Point X="193" Y="397" T="0" />
		<Point X="196" Y="397" T="0" />
		<Point X="199" Y="395" T="0" />
		<Point X="201" Y="394" T="0" />
		<Point X="201" Y="392" T="0" />
		<Point X="201" Y="390" T="0" />
		<Point X="201" Y="388" T="0" />
		<Point X="201" Y="386" T="0" />
		<Point X="200" Y="384" T="0" />
		<Point X="197" Y="383" T="0" />
		<Point X="192" Y="382" T="0" />
		<Point X="187" Y="382" T="0" />
		<Point X="185" Y="382" T="0" />
		<Point X="184" Y="382" T="0" />
		<Point X="183" Y="383" T="0" />
		<Point X="180" Y="385" T="0" />
		<Point X="179" Y="387" T="0" />
	</Stroke>
</Gesture> 
