<?xml version="1.0" encoding="utf-8" standalone="yes"?>
<Gesture Name="exclamation_point04">
	<Stroke>
		<Point X="292" Y="141" T="0" />
		<Point X="292" Y="141" T="0" />
		<Point X="292" Y="142" T="0" />
		<Point X="291" Y="149" T="0" />
		<Point X="291" Y="164" T="0" />
		<Point X="291" Y="188" T="0" />
		<Point X="291" Y="218" T="0" />
		<Point X="290" Y="244" T="0" />
		<Point X="286" Y="275" T="0" />
		<Point X="284" Y="304" T="0" />
		<Point X="283" Y="328" T="0" />
		<Point X="282" Y="346" T="0" />
		<Point X="281" Y="356" T="0" />
	</Stroke>
	<Stroke>
		<Point X="276" Y="361" T="0" />
		<Point X="276" Y="362" T="0" />
		<Point X="275" Y="364" T="0" />
		<Point X="274" Y="371" T="0" />
		<Point X="273" Y="380" T="0" />
		<Point X="273" Y="388" T="0" />
		<Point X="273" Y="392" T="0" />
		<Point X="273" Y="393" T="0" />
		<Point X="274" Y="392" T="0" />
		<Point X="274" Y="387" T="0" />
		<Point X="275" Y="382" T="0" />
		<Point X="277" Y="377" T="0" />
		<Point X="278" Y="371" T="0" />
		<Point X="278" Y="366" T="0" />
		<Point X="278" Y="361" T="0" />
		<Point X="276" Y="357" T="0" />
		<Point X="275" Y="357" T="0" />
		<Point X="273" Y="357" T="0" />
		<Point X="269" Y="363" T="0" />
		<Point X="264" Y="369" T="0" />
		<Point X="260" Y="375" T="0" />
	</Stroke>
</Gesture> 
