<?xml version="1.0" encoding="utf-8" standalone="yes"?>
<Gesture Name="exclamation_point02">
	<Stroke>
		<Point X="273" Y="153" T="0" />
		<Point X="273" Y="153" T="0" />
		<Point X="273" Y="154" T="0" />
		<Point X="273" Y="161" T="0" />
		<Point X="273" Y="179" T="0" />
		<Point X="274" Y="208" T="0" />
		<Point X="275" Y="238" T="0" />
		<Point X="276" Y="268" T="0" />
		<Point X="278" Y="295" T="0" />
		<Point X="280" Y="315" T="0" />
		<Point X="280" Y="324" T="0" />
	</Stroke>
	<Stroke>
		<Point X="269" Y="348" T="0" />
		<Point X="269" Y="346" T="0" />
		<Point X="269" Y="345" T="0" />
		<Point X="269" Y="344" T="0" />
		<Point X="269" Y="345" T="0" />
		<Point X="269" Y="351" T="0" />
		<Point X="269" Y="357" T="0" />
		<Point X="269" Y="364" T="0" />
		<Point X="271" Y="367" T="0" />
		<Point X="274" Y="368" T="0" />
		<Point X="277" Y="369" T="0" />
		<Point X="281" Y="369" T="0" />
		<Point X="284" Y="366" T="0" />
		<Point X="286" Y="360" T="0" />
		<Point X="287" Y="354" T="0" />
		<Point X="287" Y="348" T="0" />
		<Point X="284" Y="344" T="0" />
		<Point X="282" Y="341" T="0" />
		<Point X="280" Y="341" T="0" />
		<Point X="279" Y="341" T="0" />
		<Point X="276" Y="342" T="0" />
		<Point X="272" Y="345" T="0" />
		<Point X="270" Y="348" T="0" />
		<Point X="267" Y="351" T="0" />
		<Point X="264" Y="352" T="0" />
	</Stroke>
</Gesture> 
