<?xml version="1.0" encoding="utf-8" standalone="yes"?>
<Gesture Name="exclamation_point03">
	<Stroke>
		<Point X="239" Y="158" T="0" />
		<Point X="239" Y="158" T="0" />
		<Point X="239" Y="159" T="0" />
		<Point X="239" Y="161" T="0" />
		<Point X="239" Y="177" T="0" />
		<Point X="239" Y="190" T="0" />
		<Point X="238" Y="215" T="0" />
		<Point X="236" Y="245" T="0" />
		<Point X="236" Y="270" T="0" />
		<Point X="235" Y="295" T="0" />
		<Point X="235" Y="312" T="0" />
		<Point X="237" Y="323" T="0" />
		<Point X="238" Y="329" T="0" />
		<Point X="238" Y="330" T="0" />
		<Point X="240" Y="339" T="0" />
		<Point X="241" Y="343" T="0" />
		<Point X="241" Y="347" T="0" />
	</Stroke>
	<Stroke>
		<Point X="227" Y="363" T="0" />
		<Point X="227" Y="364" T="0" />
		<Point X="228" Y="365" T="0" />
		<Point X="228" Y="367" T="0" />
		<Point X="229" Y="370" T="0" />
		<Point X="229" Y="371" T="0" />
		<Point X="230" Y="372" T="0" />
		<Point X="231" Y="373" T="0" />
		<Point X="233" Y="374" T="0" />
		<Point X="234" Y="375" T="0" />
		<Point X="236" Y="375" T="0" />
		<Point X="238" Y="375" T="0" />
		<Point X="240" Y="375" T="0" />
		<Point X="242" Y="375" T="0" />
		<Point X="244" Y="374" T="0" />
		<Point X="245" Y="374" T="0" />
		<Point X="246" Y="373" T="0" />
		<Point X="246" Y="372" T="0" />
		<Point X="246" Y="371" T="0" />
		<Point X="246" Y="369" T="0" />
		<Point X="245" Y="365" T="0" />
		<Point X="242" Y="360" T="0" />
		<Point X="239" Y="357" T="0" />
		<Point X="236" Y="356" T="0" />
		<Point X="235" Y="356" T="0" />
		<Point X="234" Y="356" T="0" />
		<Point X="233" Y="356" T="0" />
		<Point X="232" Y="357" T="0" />
		<Point X="231" Y="359" T="0" />
		<Point X="229" Y="361" T="0" />
		<Point X="227" Y="363" T="0" />
		<Point X="226" Y="366" T="0" />
		<Point X="225" Y="367" T="0" />
		<Point X="224" Y="369" T="0" />
	</Stroke>
</Gesture> 
