<?xml version="1.0" encoding="utf-8" standalone="yes"?>
<Gesture Name="exclamation_point07">
	<Stroke>
		<Point X="242" Y="157" T="0" />
		<Point X="242" Y="157" T="0" />
		<Point X="242" Y="157" T="0" />
		<Point X="242" Y="166" T="0" />
		<Point X="244" Y="181" T="0" />
		<Point X="246" Y="199" T="0" />
		<Point X="247" Y="221" T="0" />
		<Point X="248" Y="242" T="0" />
		<Point X="248" Y="259" T="0" />
		<Point X="249" Y="275" T="0" />
		<Point X="250" Y="286" T="0" />
		<Point X="250" Y="292" T="0" />
		<Point X="250" Y="296" T="0" />
		<Point X="250" Y="300" T="0" />
		<Point X="251" Y="305" T="0" />
		<Point X="251" Y="313" T="0" />
		<Point X="251" Y="321" T="0" />
		<Point X="251" Y="327" T="0" />
		<Point X="252" Y="331" T="0" />
		<Point X="252" Y="334" T="0" />
		<Point X="252" Y="337" T="0" />
	</Stroke>
	<Stroke>
		<Point X="253" Y="340" T="0" />
		<Point X="253" Y="341" T="0" />
		<Point X="252" Y="344" T="0" />
		<Point X="252" Y="345" T="0" />
		<Point X="251" Y="346" T="0" />
		<Point X="251" Y="347" T="0" />
		<Point X="251" Y="348" T="0" />
		<Point X="251" Y="349" T="0" />
		<Point X="251" Y="350" T="0" />
		<Point X="251" Y="351" T="0" />
		<Point X="251" Y="352" T="0" />
		<Point X="251" Y="354" T="0" />
		<Point X="251" Y="356" T="0" />
		<Point X="251" Y="358" T="0" />
		<Point X="251" Y="359" T="0" />
		<Point X="252" Y="359" T="0" />
		<Point X="253" Y="359" T="0" />
		<Point X="254" Y="359" T="0" />
		<Point X="255" Y="359" T="0" />
		<Point X="255" Y="358" T="0" />
		<Point X="255" Y="356" T="0" />
		<Point X="255" Y="353" T="0" />
		<Point X="255" Y="350" T="0" />
		<Point X="255" Y="348" T="0" />
		<Point X="255" Y="346" T="0" />
		<Point X="255" Y="345" T="0" />
		<Point X="255" Y="343" T="0" />
		<Point X="255" Y="342" T="0" />
		<Point X="254" Y="342" T="0" />
		<Point X="253" Y="342" T="0" />
		<Point X="252" Y="343" T="0" />
		<Point X="248" Y="348" T="0" />
		<Point X="244" Y="353" T="0" />
		<Point X="239" Y="359" T="0" />
		<Point X="236" Y="363" T="0" />
		<Point X="235" Y="366" T="0" />
		<Point X="235" Y="369" T="0" />
	</Stroke>
</Gesture> 
