<?xml version="1.0" encoding="utf-8" standalone="yes"?>
<Gesture Name="exclamation_point05">
	<Stroke>
		<Point X="259" Y="160" T="0" />
		<Point X="259" Y="160" T="0" />
		<Point X="258" Y="160" T="0" />
		<Point X="258" Y="165" T="0" />
		<Point X="257" Y="178" T="0" />
		<Point X="255" Y="204" T="0" />
		<Point X="254" Y="232" T="0" />
		<Point X="251" Y="270" T="0" />
		<Point X="246" Y="310" T="0" />
		<Point X="243" Y="339" T="0" />
		<Point X="242" Y="356" T="0" />
		<Point X="242" Y="366" T="0" />
		<Point X="241" Y="369" T="0" />
		<Point X="241" Y="370" T="0" />
	</Stroke>
	<Stroke>
		<Point X="237" Y="378" T="0" />
		<Point X="237" Y="379" T="0" />
		<Point X="236" Y="380" T="0" />
		<Point X="236" Y="384" T="0" />
		<Point X="236" Y="391" T="0" />
		<Point X="236" Y="399" T="0" />
		<Point X="238" Y="404" T="0" />
		<Point X="240" Y="406" T="0" />
		<Point X="241" Y="406" T="0" />
		<Point X="242" Y="406" T="0" />
		<Point X="243" Y="405" T="0" />
		<Point X="243" Y="404" T="0" />
		<Point X="245" Y="400" T="0" />
		<Point X="246" Y="395" T="0" />
		<Point X="246" Y="390" T="0" />
		<Point X="246" Y="386" T="0" />
		<Point X="246" Y="385" T="0" />
		<Point X="245" Y="385" T="0" />
		<Point X="244" Y="385" T="0" />
		<Point X="243" Y="385" T="0" />
		<Point X="241" Y="387" T="0" />
		<Point X="238" Y="390" T="0" />
		<Point X="234" Y="394" T="0" />
		<Point X="229" Y="399" T="0" />
		<Point X="224" Y="404" T="0" />
	</Stroke>
</Gesture> 
