<?xml version="1.0" encoding="utf-8" standalone="yes"?>
<Gesture Name="exclamation_point08">
	<Stroke>
		<Point X="239" Y="182" T="0" />
		<Point X="239" Y="182" T="0" />
		<Point X="239" Y="183" T="0" />
		<Point X="239" Y="198" T="0" />
		<Point X="239" Y="215" T="0" />
		<Point X="239" Y="233" T="0" />
		<Point X="239" Y="254" T="0" />
		<Point X="238" Y="275" T="0" />
		<Point X="238" Y="289" T="0" />
		<Point X="239" Y="302" T="0" />
		<Point X="241" Y="316" T="0" />
		<Point X="243" Y="329" T="0" />
		<Point X="245" Y="344" T="0" />
		<Point X="245" Y="355" T="0" />
		<Point X="245" Y="359" T="0" />
	</Stroke>
	<Stroke>
		<Point X="246" Y="361" T="0" />
		<Point X="245" Y="361" T="0" />
		<Point X="244" Y="362" T="0" />
		<Point X="244" Y="366" T="0" />
		<Point X="243" Y="371" T="0" />
		<Point X="243" Y="377" T="0" />
		<Point X="243" Y="380" T="0" />
		<Point X="243" Y="382" T="0" />
		<Point X="244" Y="382" T="0" />
		<Point X="245" Y="382" T="0" />
		<Point X="246" Y="382" T="0" />
		<Point X="247" Y="382" T="0" />
		<Point X="249" Y="382" T="0" />
		<Point X="250" Y="382" T="0" />
		<Point X="252" Y="380" T="0" />
		<Point X="254" Y="379" T="0" />
		<Point X="254" Y="377" T="0" />
		<Point X="255" Y="376" T="0" />
		<Point X="255" Y="375" T="0" />
		<Point X="255" Y="374" T="0" />
		<Point X="255" Y="373" T="0" />
		<Point X="253" Y="373" T="0" />
		<Point X="251" Y="373" T="0" />
		<Point X="248" Y="373" T="0" />
		<Point X="247" Y="373" T="0" />
		<Point X="245" Y="375" T="0" />
		<Point X="243" Y="378" T="0" />
		<Point X="242" Y="380" T="0" />
		<Point X="241" Y="382" T="0" />
	</Stroke>
</Gesture> 
