<?xml version="1.0" encoding="utf-8" standalone="yes"?>
<Gesture Name="exclamation_point06">
	<Stroke>
		<Point X="235" Y="143" T="0" />
		<Point X="234" Y="144" T="0" />
		<Point X="233" Y="151" T="0" />
		<Point X="232" Y="165" T="0" />
		<Point X="231" Y="186" T="0" />
		<Point X="230" Y="216" T="0" />
		<Point X="230" Y="260" T="0" />
		<Point X="231" Y="303" T="0" />
		<Point X="232" Y="330" T="0" />
		<Point X="233" Y="346" T="0" />
		<Point X="233" Y="355" T="0" />
		<Point X="233" Y="360" T="0" />
		<Point X="233" Y="361" T="0" />
	</Stroke>
	<Stroke>
		<Point X="228" Y="388" T="0" />
		<Point X="228" Y="389" T="0" />
		<Point X="228" Y="390" T="0" />
		<Point X="229" Y="397" T="0" />
		<Point X="232" Y="405" T="0" />
		<Point X="236" Y="411" T="0" />
		<Point X="239" Y="414" T="0" />
		<Point X="240" Y="415" T="0" />
		<Point X="242" Y="415" T="0" />
		<Point X="242" Y="414" T="0" />
		<Point X="243" Y="409" T="0" />
		<Point X="244" Y="403" T="0" />
		<Point X="244" Y="398" T="0" />
		<Point X="244" Y="393" T="0" />
		<Point X="241" Y="395" T="0" />
		<Point X="237" Y="399" T="0" />
		<Point X="229" Y="406" T="0" />
		<Point X="224" Y="412" T="0" />
		<Point X="219" Y="418" T="0" />
		<Point X="215" Y="423" T="0" />
	</Stroke>
</Gesture> 
