<?xml version="1.0" encoding="utf-8" standalone="yes"?>
<Gesture Name="five_point_star07">
	<Stroke>
		<Point X="120" Y="270" T="0" />
		<Point X="120" Y="270" T="0" />
		<Point X="120" Y="270" T="0" />
		<Point X="124" Y="270" T="0" />
		<Point X="139" Y="269" T="0" />
		<Point X="180" Y="267" T="0" />
		<Point X="231" Y="266" T="0" />
		<Point X="283" Y="265" T="0" />
		<Point X="323" Y="263" T="0" />
		<Point X="344" Y="261" T="0" />
		<Point X="350" Y="260" T="0" />
		<Point X="350" Y="260" T="0" />
		<Point X="348" Y="260" T="0" />
		<Point X="346" Y="261" T="0" />
		<Point X="328" Y="270" T="0" />
		<Point X="303" Y="282" T="0" />
		<Point X="270" Y="299" T="0" />
		<Point X="237" Y="325" T="0" />
		<Point X="212" Y="354" T="0" />
		<Point X="194" Y="380" T="0" />
		<Point X="187" Y="394" T="0" />
		<Point X="186" Y="399" T="0" />
		<Point X="186" Y="398" T="0" />
		<Point X="186" Y="393" T="0" />
		<Point X="188" Y="384" T="0" />
		<Point X="191" Y="371" T="0" />
		<Point X="195" Y="352" T="0" />
		<Point X="201" Y="321" T="0" />
		<Point X="205" Y="277" T="0" />
		<Point X="207" Y="241" T="0" />
		<Point X="208" Y="220" T="0" />
		<Point X="209" Y="205" T="0" />
		<Point X="211" Y="197" T="0" />
		<Point X="212" Y="193" T="0" />
		<Point X="213" Y="191" T="0" />
		<Point X="215" Y="191" T="0" />
		<Point X="223" Y="202" T="0" />
		<Point X="236" Y="226" T="0" />
		<Point X="255" Y="270" T="0" />
		<Point X="274" Y="328" T="0" />
		<Point X="282" Y="383" T="0" />
		<Point X="286" Y="422" T="0" />
		<Point X="289" Y="440" T="0" />
		<Point X="291" Y="446" T="0" />
		<Point X="291" Y="447" T="0" />
		<Point X="290" Y="446" T="0" />
		<Point X="288" Y="441" T="0" />
		<Point X="286" Y="438" T="0" />
		<Point X="285" Y="433" T="0" />
		<Point X="283" Y="425" T="0" />
		<Point X="278" Y="414" T="0" />
		<Point X="274" Y="400" T="0" />
		<Point X="265" Y="381" T="0" />
		<Point X="250" Y="357" T="0" />
		<Point X="226" Y="331" T="0" />
		<Point X="193" Y="306" T="0" />
		<Point X="166" Y="288" T="0" />
		<Point X="149" Y="279" T="0" />
		<Point X="140" Y="272" T="0" />
		<Point X="135" Y="268" T="0" />
		<Point X="131" Y="266" T="0" />
		<Point X="127" Y="264" T="0" />
		<Point X="123" Y="262" T="0" />
		<Point X="122" Y="261" T="0" />
		<Point X="121" Y="261" T="0" />
		<Point X="120" Y="260" T="0" />
		<Point X="118" Y="258" T="0" />
		<Point X="116" Y="255" T="0" />
	</Stroke>
</Gesture> 
