<?xml version="1.0" encoding="utf-8" standalone="yes"?>
<Gesture Name="five_point_star10">
	<Stroke>
		<Point X="93" Y="288" T="0" />
		<Point X="96" Y="288" T="0" />
		<Point X="100" Y="288" T="0" />
		<Point X="107" Y="288" T="0" />
		<Point X="118" Y="288" T="0" />
		<Point X="129" Y="288" T="0" />
		<Point X="144" Y="288" T="0" />
		<Point X="160" Y="286" T="0" />
		<Point X="184" Y="284" T="0" />
		<Point X="215" Y="282" T="0" />
		<Point X="249" Y="278" T="0" />
		<Point X="289" Y="274" T="0" />
		<Point X="323" Y="271" T="0" />
		<Point X="340" Y="270" T="0" />
		<Point X="345" Y="269" T="0" />
		<Point X="345" Y="269" T="0" />
		<Point X="344" Y="270" T="0" />
		<Point X="338" Y="276" T="0" />
		<Point X="326" Y="284" T="0" />
		<Point X="305" Y="299" T="0" />
		<Point X="274" Y="323" T="0" />
		<Point X="237" Y="354" T="0" />
		<Point X="207" Y="383" T="0" />
		<Point X="196" Y="395" T="0" />
		<Point X="193" Y="401" T="0" />
		<Point X="191" Y="404" T="0" />
		<Point X="191" Y="406" T="0" />
		<Point X="190" Y="407" T="0" />
		<Point X="189" Y="407" T="0" />
		<Point X="189" Y="406" T="0" />
		<Point X="189" Y="393" T="0" />
		<Point X="190" Y="377" T="0" />
		<Point X="192" Y="350" T="0" />
		<Point X="196" Y="313" T="0" />
		<Point X="199" Y="282" T="0" />
		<Point X="202" Y="251" T="0" />
		<Point X="203" Y="230" T="0" />
		<Point X="205" Y="214" T="0" />
		<Point X="206" Y="202" T="0" />
		<Point X="208" Y="197" T="0" />
		<Point X="209" Y="193" T="0" />
		<Point X="210" Y="191" T="0" />
		<Point X="210" Y="190" T="0" />
		<Point X="213" Y="192" T="0" />
		<Point X="221" Y="200" T="0" />
		<Point X="228" Y="212" T="0" />
		<Point X="237" Y="232" T="0" />
		<Point X="248" Y="263" T="0" />
		<Point X="261" Y="305" T="0" />
		<Point X="274" Y="348" T="0" />
		<Point X="285" Y="386" T="0" />
		<Point X="295" Y="416" T="0" />
		<Point X="300" Y="434" T="0" />
		<Point X="303" Y="443" T="0" />
		<Point X="304" Y="449" T="0" />
		<Point X="304" Y="450" T="0" />
		<Point X="304" Y="448" T="0" />
		<Point X="303" Y="444" T="0" />
		<Point X="297" Y="435" T="0" />
		<Point X="288" Y="423" T="0" />
		<Point X="271" Y="406" T="0" />
		<Point X="244" Y="385" T="0" />
		<Point X="210" Y="364" T="0" />
		<Point X="172" Y="344" T="0" />
		<Point X="140" Y="326" T="0" />
		<Point X="114" Y="312" T="0" />
		<Point X="95" Y="304" T="0" />
		<Point X="84" Y="299" T="0" />
		<Point X="79" Y="297" T="0" />
	</Stroke>
</Gesture> 
