<?xml version="1.0" encoding="utf-8" standalone="yes"?>
<Gesture Name="five_point_star01">
	<Stroke>
		<Point X="154" Y="272" T="0" />
		<Point X="159" Y="271" T="0" />
		<Point X="178" Y="270" T="0" />
		<Point X="211" Y="268" T="0" />
		<Point X="254" Y="267" T="0" />
		<Point X="295" Y="267" T="0" />
		<Point X="328" Y="266" T="0" />
		<Point X="350" Y="265" T="0" />
		<Point X="358" Y="264" T="0" />
		<Point X="359" Y="264" T="0" />
		<Point X="358" Y="264" T="0" />
		<Point X="355" Y="264" T="0" />
		<Point X="343" Y="269" T="0" />
		<Point X="313" Y="278" T="0" />
		<Point X="272" Y="294" T="0" />
		<Point X="236" Y="312" T="0" />
		<Point X="214" Y="324" T="0" />
		<Point X="206" Y="329" T="0" />
		<Point X="205" Y="330" T="0" />
		<Point X="206" Y="329" T="0" />
		<Point X="210" Y="320" T="0" />
		<Point X="221" Y="301" T="0" />
		<Point X="232" Y="279" T="0" />
		<Point X="242" Y="258" T="0" />
		<Point X="250" Y="241" T="0" />
		<Point X="254" Y="228" T="0" />
		<Point X="256" Y="220" T="0" />
		<Point X="258" Y="214" T="0" />
		<Point X="259" Y="211" T="0" />
		<Point X="260" Y="210" T="0" />
		<Point X="263" Y="215" T="0" />
		<Point X="268" Y="229" T="0" />
		<Point X="277" Y="256" T="0" />
		<Point X="287" Y="293" T="0" />
		<Point X="297" Y="336" T="0" />
		<Point X="304" Y="366" T="0" />
		<Point X="308" Y="382" T="0" />
		<Point X="309" Y="386" T="0" />
		<Point X="309" Y="387" T="0" />
		<Point X="309" Y="386" T="0" />
		<Point X="309" Y="384" T="0" />
		<Point X="307" Y="377" T="0" />
		<Point X="304" Y="370" T="0" />
		<Point X="300" Y="365" T="0" />
		<Point X="297" Y="361" T="0" />
		<Point X="291" Y="355" T="0" />
		<Point X="285" Y="347" T="0" />
		<Point X="275" Y="335" T="0" />
		<Point X="260" Y="318" T="0" />
		<Point X="247" Y="305" T="0" />
		<Point X="233" Y="291" T="0" />
		<Point X="219" Y="279" T="0" />
		<Point X="208" Y="269" T="0" />
		<Point X="197" Y="262" T="0" />
		<Point X="190" Y="259" T="0" />
		<Point X="186" Y="259" T="0" />
		<Point X="185" Y="259" T="0" />
		<Point X="183" Y="259" T="0" />
		<Point X="182" Y="259" T="0" />
		<Point X="181" Y="259" T="0" />
		<Point X="180" Y="259" T="0" />
		<Point X="179" Y="259" T="0" />
	</Stroke>
</Gesture> 
