<?xml version="1.0" encoding="utf-8" standalone="yes"?>
<Gesture Name="five_point_star02">
	<Stroke>
		<Point X="126" Y="238" T="0" />
		<Point X="126" Y="238" T="0" />
		<Point X="126" Y="238" T="0" />
		<Point X="127" Y="238" T="0" />
		<Point X="134" Y="239" T="0" />
		<Point X="154" Y="240" T="0" />
		<Point X="200" Y="240" T="0" />
		<Point X="262" Y="235" T="0" />
		<Point X="334" Y="226" T="0" />
		<Point X="377" Y="217" T="0" />
		<Point X="408" Y="207" T="0" />
		<Point X="415" Y="204" T="0" />
		<Point X="415" Y="207" T="0" />
		<Point X="406" Y="221" T="0" />
		<Point X="387" Y="244" T="0" />
		<Point X="354" Y="275" T="0" />
		<Point X="314" Y="310" T="0" />
		<Point X="285" Y="340" T="0" />
		<Point X="270" Y="357" T="0" />
		<Point X="260" Y="369" T="0" />
		<Point X="252" Y="379" T="0" />
		<Point X="248" Y="386" T="0" />
		<Point X="247" Y="386" T="0" />
		<Point X="247" Y="385" T="0" />
		<Point X="247" Y="382" T="0" />
		<Point X="250" Y="354" T="0" />
		<Point X="253" Y="315" T="0" />
		<Point X="256" Y="274" T="0" />
		<Point X="260" Y="231" T="0" />
		<Point X="263" Y="192" T="0" />
		<Point X="265" Y="173" T="0" />
		<Point X="266" Y="167" T="0" />
		<Point X="266" Y="166" T="0" />
		<Point X="267" Y="169" T="0" />
		<Point X="267" Y="170" T="0" />
		<Point X="274" Y="188" T="0" />
		<Point X="281" Y="217" T="0" />
		<Point X="293" Y="255" T="0" />
		<Point X="308" Y="290" T="0" />
		<Point X="319" Y="311" T="0" />
		<Point X="326" Y="325" T="0" />
		<Point X="329" Y="331" T="0" />
		<Point X="330" Y="337" T="0" />
		<Point X="330" Y="342" T="0" />
		<Point X="331" Y="343" T="0" />
		<Point X="331" Y="344" T="0" />
		<Point X="330" Y="344" T="0" />
		<Point X="326" Y="340" T="0" />
		<Point X="314" Y="326" T="0" />
		<Point X="291" Y="305" T="0" />
		<Point X="252" Y="284" T="0" />
		<Point X="221" Y="267" T="0" />
		<Point X="197" Y="259" T="0" />
		<Point X="186" Y="257" T="0" />
		<Point X="181" Y="257" T="0" />
		<Point X="178" Y="256" T="0" />
		<Point X="177" Y="255" T="0" />
		<Point X="176" Y="255" T="0" />
		<Point X="175" Y="253" T="0" />
		<Point X="172" Y="251" T="0" />
		<Point X="172" Y="250" T="0" />
		<Point X="171" Y="249" T="0" />
		<Point X="170" Y="247" T="0" />
		<Point X="168" Y="243" T="0" />
		<Point X="167" Y="240" T="0" />
		<Point X="165" Y="239" T="0" />
	</Stroke>
</Gesture> 
