<?xml version="1.0" encoding="utf-8" standalone="yes"?>
<Gesture Name="five_point_star05">
	<Stroke>
		<Point X="184" Y="294" T="0" />
		<Point X="184" Y="293" T="0" />
		<Point X="186" Y="293" T="0" />
		<Point X="191" Y="293" T="0" />
		<Point X="204" Y="292" T="0" />
		<Point X="222" Y="292" T="0" />
		<Point X="253" Y="290" T="0" />
		<Point X="293" Y="287" T="0" />
		<Point X="326" Y="285" T="0" />
		<Point X="352" Y="283" T="0" />
		<Point X="361" Y="282" T="0" />
		<Point X="363" Y="282" T="0" />
		<Point X="361" Y="284" T="0" />
		<Point X="353" Y="293" T="0" />
		<Point X="334" Y="314" T="0" />
		<Point X="309" Y="344" T="0" />
		<Point X="285" Y="374" T="0" />
		<Point X="273" Y="391" T="0" />
		<Point X="267" Y="399" T="0" />
		<Point X="267" Y="400" T="0" />
		<Point X="267" Y="399" T="0" />
		<Point X="267" Y="387" T="0" />
		<Point X="269" Y="366" T="0" />
		<Point X="275" Y="337" T="0" />
		<Point X="283" Y="301" T="0" />
		<Point X="293" Y="269" T="0" />
		<Point X="300" Y="244" T="0" />
		<Point X="303" Y="225" T="0" />
		<Point X="305" Y="213" T="0" />
		<Point X="307" Y="204" T="0" />
		<Point X="308" Y="200" T="0" />
		<Point X="308" Y="198" T="0" />
		<Point X="309" Y="198" T="0" />
		<Point X="309" Y="199" T="0" />
		<Point X="313" Y="208" T="0" />
		<Point X="317" Y="220" T="0" />
		<Point X="324" Y="239" T="0" />
		<Point X="333" Y="263" T="0" />
		<Point X="342" Y="295" T="0" />
		<Point X="351" Y="327" T="0" />
		<Point X="359" Y="355" T="0" />
		<Point X="364" Y="373" T="0" />
		<Point X="369" Y="386" T="0" />
		<Point X="370" Y="395" T="0" />
		<Point X="371" Y="400" T="0" />
		<Point X="372" Y="401" T="0" />
		<Point X="371" Y="399" T="0" />
		<Point X="367" Y="388" T="0" />
		<Point X="356" Y="365" T="0" />
		<Point X="338" Y="333" T="0" />
		<Point X="318" Y="303" T="0" />
		<Point X="295" Y="281" T="0" />
		<Point X="275" Y="269" T="0" />
		<Point X="255" Y="263" T="0" />
		<Point X="242" Y="261" T="0" />
		<Point X="235" Y="261" T="0" />
		<Point X="229" Y="262" T="0" />
		<Point X="222" Y="265" T="0" />
		<Point X="217" Y="266" T="0" />
	</Stroke>
</Gesture> 
