<?xml version="1.0" encoding="utf-8" standalone="yes"?>
<Gesture Name="five_point_star09">
	<Stroke>
		<Point X="91" Y="273" T="0" />
		<Point X="98" Y="272" T="0" />
		<Point X="111" Y="272" T="0" />
		<Point X="134" Y="271" T="0" />
		<Point X="169" Y="271" T="0" />
		<Point X="214" Y="271" T="0" />
		<Point X="254" Y="270" T="0" />
		<Point X="279" Y="270" T="0" />
		<Point X="292" Y="269" T="0" />
		<Point X="296" Y="268" T="0" />
		<Point X="297" Y="268" T="0" />
		<Point X="297" Y="268" T="0" />
		<Point X="296" Y="268" T="0" />
		<Point X="288" Y="272" T="0" />
		<Point X="275" Y="278" T="0" />
		<Point X="258" Y="286" T="0" />
		<Point X="237" Y="302" T="0" />
		<Point X="214" Y="324" T="0" />
		<Point X="190" Y="352" T="0" />
		<Point X="172" Y="373" T="0" />
		<Point X="162" Y="386" T="0" />
		<Point X="159" Y="391" T="0" />
		<Point X="159" Y="392" T="0" />
		<Point X="159" Y="391" T="0" />
		<Point X="159" Y="384" T="0" />
		<Point X="159" Y="371" T="0" />
		<Point X="159" Y="350" T="0" />
		<Point X="159" Y="323" T="0" />
		<Point X="160" Y="293" T="0" />
		<Point X="162" Y="265" T="0" />
		<Point X="166" Y="243" T="0" />
		<Point X="169" Y="226" T="0" />
		<Point X="171" Y="211" T="0" />
		<Point X="175" Y="198" T="0" />
		<Point X="177" Y="187" T="0" />
		<Point X="179" Y="182" T="0" />
		<Point X="180" Y="178" T="0" />
		<Point X="181" Y="178" T="0" />
		<Point X="182" Y="179" T="0" />
		<Point X="187" Y="187" T="0" />
		<Point X="194" Y="205" T="0" />
		<Point X="204" Y="230" T="0" />
		<Point X="215" Y="259" T="0" />
		<Point X="227" Y="286" T="0" />
		<Point X="236" Y="310" T="0" />
		<Point X="242" Y="326" T="0" />
		<Point X="247" Y="338" T="0" />
		<Point X="249" Y="345" T="0" />
		<Point X="251" Y="351" T="0" />
		<Point X="253" Y="358" T="0" />
		<Point X="253" Y="364" T="0" />
		<Point X="253" Y="366" T="0" />
		<Point X="253" Y="367" T="0" />
		<Point X="254" Y="367" T="0" />
		<Point X="253" Y="366" T="0" />
		<Point X="253" Y="364" T="0" />
		<Point X="248" Y="357" T="0" />
		<Point X="241" Y="348" T="0" />
		<Point X="228" Y="335" T="0" />
		<Point X="208" Y="322" T="0" />
		<Point X="187" Y="311" T="0" />
		<Point X="167" Y="302" T="0" />
		<Point X="151" Y="295" T="0" />
		<Point X="137" Y="290" T="0" />
		<Point X="127" Y="288" T="0" />
		<Point X="118" Y="288" T="0" />
		<Point X="114" Y="287" T="0" />
		<Point X="112" Y="286" T="0" />
		<Point X="111" Y="286" T="0" />
		<Point X="109" Y="286" T="0" />
		<Point X="106" Y="285" T="0" />
		<Point X="104" Y="283" T="0" />
		<Point X="102" Y="282" T="0" />
	</Stroke>
</Gesture> 
