<?xml version="1.0" encoding="utf-8" standalone="yes"?>
<Gesture Name="five_point_star03">
	<Stroke>
		<Point X="118" Y="277" T="0" />
		<Point X="124" Y="277" T="0" />
		<Point X="133" Y="277" T="0" />
		<Point X="154" Y="275" T="0" />
		<Point X="180" Y="271" T="0" />
		<Point X="215" Y="264" T="0" />
		<Point X="249" Y="257" T="0" />
		<Point X="278" Y="250" T="0" />
		<Point X="298" Y="244" T="0" />
		<Point X="311" Y="238" T="0" />
		<Point X="319" Y="233" T="0" />
		<Point X="322" Y="232" T="0" />
		<Point X="322" Y="234" T="0" />
		<Point X="319" Y="245" T="0" />
		<Point X="312" Y="269" T="0" />
		<Point X="300" Y="303" T="0" />
		<Point X="287" Y="343" T="0" />
		<Point X="275" Y="378" T="0" />
		<Point X="264" Y="407" T="0" />
		<Point X="256" Y="422" T="0" />
		<Point X="251" Y="431" T="0" />
		<Point X="249" Y="435" T="0" />
		<Point X="248" Y="435" T="0" />
		<Point X="246" Y="429" T="0" />
		<Point X="242" Y="415" T="0" />
		<Point X="236" Y="393" T="0" />
		<Point X="226" Y="357" T="0" />
		<Point X="219" Y="319" T="0" />
		<Point X="214" Y="278" T="0" />
		<Point X="212" Y="238" T="0" />
		<Point X="212" Y="205" T="0" />
		<Point X="213" Y="181" T="0" />
		<Point X="213" Y="168" T="0" />
		<Point X="214" Y="162" T="0" />
		<Point X="214" Y="161" T="0" />
		<Point X="219" Y="178" T="0" />
		<Point X="227" Y="208" T="0" />
		<Point X="238" Y="249" T="0" />
		<Point X="257" Y="309" T="0" />
		<Point X="275" Y="356" T="0" />
		<Point X="286" Y="389" T="0" />
		<Point X="292" Y="410" T="0" />
		<Point X="295" Y="423" T="0" />
		<Point X="296" Y="428" T="0" />
		<Point X="296" Y="432" T="0" />
		<Point X="296" Y="433" T="0" />
		<Point X="295" Y="433" T="0" />
		<Point X="290" Y="428" T="0" />
		<Point X="280" Y="416" T="0" />
		<Point X="260" Y="398" T="0" />
		<Point X="223" Y="377" T="0" />
		<Point X="183" Y="357" T="0" />
		<Point X="143" Y="336" T="0" />
		<Point X="115" Y="321" T="0" />
		<Point X="99" Y="314" T="0" />
	</Stroke>
</Gesture> 
