<?xml version="1.0" encoding="utf-8" standalone="yes"?>
<Gesture Name="five_point_star06">
	<Stroke>
		<Point X="123" Y="232" T="0" />
		<Point X="123" Y="232" T="0" />
		<Point X="124" Y="232" T="0" />
		<Point X="126" Y="232" T="0" />
		<Point X="143" Y="232" T="0" />
		<Point X="180" Y="231" T="0" />
		<Point X="235" Y="224" T="0" />
		<Point X="297" Y="216" T="0" />
		<Point X="347" Y="208" T="0" />
		<Point X="378" Y="202" T="0" />
		<Point X="391" Y="199" T="0" />
		<Point X="393" Y="197" T="0" />
		<Point X="393" Y="197" T="0" />
		<Point X="393" Y="197" T="0" />
		<Point X="393" Y="198" T="0" />
		<Point X="389" Y="206" T="0" />
		<Point X="378" Y="228" T="0" />
		<Point X="364" Y="257" T="0" />
		<Point X="348" Y="293" T="0" />
		<Point X="332" Y="330" T="0" />
		<Point X="318" Y="368" T="0" />
		<Point X="310" Y="388" T="0" />
		<Point X="306" Y="398" T="0" />
		<Point X="304" Y="401" T="0" />
		<Point X="303" Y="403" T="0" />
		<Point X="303" Y="404" T="0" />
		<Point X="303" Y="405" T="0" />
		<Point X="302" Y="405" T="0" />
		<Point X="301" Y="405" T="0" />
		<Point X="299" Y="404" T="0" />
		<Point X="299" Y="403" T="0" />
		<Point X="293" Y="390" T="0" />
		<Point X="286" Y="374" T="0" />
		<Point X="281" Y="354" T="0" />
		<Point X="277" Y="335" T="0" />
		<Point X="273" Y="306" T="0" />
		<Point X="270" Y="272" T="0" />
		<Point X="268" Y="235" T="0" />
		<Point X="267" Y="200" T="0" />
		<Point X="267" Y="175" T="0" />
		<Point X="268" Y="158" T="0" />
		<Point X="269" Y="147" T="0" />
		<Point X="270" Y="139" T="0" />
		<Point X="271" Y="135" T="0" />
		<Point X="271" Y="133" T="0" />
		<Point X="271" Y="132" T="0" />
		<Point X="274" Y="132" T="0" />
		<Point X="289" Y="141" T="0" />
		<Point X="306" Y="161" T="0" />
		<Point X="327" Y="188" T="0" />
		<Point X="349" Y="228" T="0" />
		<Point X="373" Y="281" T="0" />
		<Point X="391" Y="329" T="0" />
		<Point X="407" Y="369" T="0" />
		<Point X="416" Y="392" T="0" />
		<Point X="422" Y="406" T="0" />
		<Point X="424" Y="412" T="0" />
		<Point X="424" Y="413" T="0" />
		<Point X="423" Y="412" T="0" />
		<Point X="421" Y="408" T="0" />
		<Point X="416" Y="400" T="0" />
		<Point X="405" Y="388" T="0" />
		<Point X="380" Y="367" T="0" />
		<Point X="348" Y="347" T="0" />
		<Point X="312" Y="330" T="0" />
		<Point X="266" Y="313" T="0" />
		<Point X="219" Y="300" T="0" />
		<Point X="172" Y="290" T="0" />
		<Point X="129" Y="282" T="0" />
		<Point X="102" Y="278" T="0" />
		<Point X="88" Y="276" T="0" />
		<Point X="84" Y="275" T="0" />
		<Point X="84" Y="274" T="0" />
		<Point X="85" Y="273" T="0" />
	</Stroke>
</Gesture> 
