<?xml version="1.0" encoding="utf-8" standalone="yes"?>
<Gesture Name="five_point_star04">
	<Stroke>
		<Point X="104" Y="268" T="0" />
		<Point X="104" Y="268" T="0" />
		<Point X="105" Y="268" T="0" />
		<Point X="121" Y="265" T="0" />
		<Point X="141" Y="264" T="0" />
		<Point X="189" Y="263" T="0" />
		<Point X="232" Y="263" T="0" />
		<Point X="270" Y="263" T="0" />
		<Point X="296" Y="264" T="0" />
		<Point X="311" Y="264" T="0" />
		<Point X="313" Y="264" T="0" />
		<Point X="313" Y="265" T="0" />
		<Point X="309" Y="269" T="0" />
		<Point X="298" Y="275" T="0" />
		<Point X="270" Y="291" T="0" />
		<Point X="228" Y="316" T="0" />
		<Point X="191" Y="348" T="0" />
		<Point X="167" Y="374" T="0" />
		<Point X="157" Y="387" T="0" />
		<Point X="156" Y="389" T="0" />
		<Point X="157" Y="389" T="0" />
		<Point X="161" Y="385" T="0" />
		<Point X="170" Y="370" T="0" />
		<Point X="181" Y="349" T="0" />
		<Point X="191" Y="325" T="0" />
		<Point X="199" Y="298" T="0" />
		<Point X="203" Y="274" T="0" />
		<Point X="206" Y="253" T="0" />
		<Point X="207" Y="237" T="0" />
		<Point X="208" Y="226" T="0" />
		<Point X="209" Y="221" T="0" />
		<Point X="210" Y="218" T="0" />
		<Point X="211" Y="218" T="0" />
		<Point X="214" Y="220" T="0" />
		<Point X="218" Y="230" T="0" />
		<Point X="225" Y="247" T="0" />
		<Point X="237" Y="280" T="0" />
		<Point X="250" Y="316" T="0" />
		<Point X="260" Y="352" T="0" />
		<Point X="268" Y="381" T="0" />
		<Point X="274" Y="402" T="0" />
		<Point X="275" Y="416" T="0" />
		<Point X="275" Y="422" T="0" />
		<Point X="275" Y="423" T="0" />
		<Point X="274" Y="423" T="0" />
		<Point X="273" Y="421" T="0" />
		<Point X="270" Y="413" T="0" />
		<Point X="262" Y="396" T="0" />
		<Point X="249" Y="369" T="0" />
		<Point X="228" Y="333" T="0" />
		<Point X="208" Y="302" T="0" />
		<Point X="182" Y="270" T="0" />
		<Point X="156" Y="248" T="0" />
		<Point X="131" Y="230" T="0" />
		<Point X="117" Y="223" T="0" />
	</Stroke>
</Gesture> 
