<?xml version="1.0" encoding="utf-8" standalone="yes"?>
<Gesture Name="five_point_star08">
	<Stroke>
		<Point X="125" Y="257" T="0" />
		<Point X="125" Y="257" T="0" />
		<Point X="126" Y="256" T="0" />
		<Point X="130" Y="253" T="0" />
		<Point X="139" Y="251" T="0" />
		<Point X="158" Y="248" T="0" />
		<Point X="191" Y="244" T="0" />
		<Point X="241" Y="239" T="0" />
		<Point X="282" Y="235" T="0" />
		<Point X="310" Y="231" T="0" />
		<Point X="323" Y="229" T="0" />
		<Point X="324" Y="229" T="0" />
		<Point X="324" Y="229" T="0" />
		<Point X="323" Y="229" T="0" />
		<Point X="310" Y="236" T="0" />
		<Point X="287" Y="250" T="0" />
		<Point X="261" Y="270" T="0" />
		<Point X="238" Y="294" T="0" />
		<Point X="224" Y="313" T="0" />
		<Point X="214" Y="329" T="0" />
		<Point X="208" Y="340" T="0" />
		<Point X="206" Y="345" T="0" />
		<Point X="205" Y="345" T="0" />
		<Point X="205" Y="343" T="0" />
		<Point X="205" Y="330" T="0" />
		<Point X="206" Y="311" T="0" />
		<Point X="206" Y="282" T="0" />
		<Point X="206" Y="251" T="0" />
		<Point X="205" Y="220" T="0" />
		<Point X="205" Y="200" T="0" />
		<Point X="205" Y="186" T="0" />
		<Point X="205" Y="179" T="0" />
		<Point X="205" Y="174" T="0" />
		<Point X="205" Y="172" T="0" />
		<Point X="208" Y="173" T="0" />
		<Point X="215" Y="178" T="0" />
		<Point X="226" Y="190" T="0" />
		<Point X="242" Y="212" T="0" />
		<Point X="259" Y="244" T="0" />
		<Point X="270" Y="271" T="0" />
		<Point X="278" Y="294" T="0" />
		<Point X="282" Y="305" T="0" />
		<Point X="284" Y="313" T="0" />
		<Point X="284" Y="316" T="0" />
		<Point X="285" Y="316" T="0" />
		<Point X="284" Y="316" T="0" />
		<Point X="283" Y="314" T="0" />
		<Point X="279" Y="309" T="0" />
		<Point X="271" Y="299" T="0" />
		<Point X="256" Y="286" T="0" />
		<Point X="231" Y="269" T="0" />
		<Point X="206" Y="256" T="0" />
		<Point X="186" Y="249" T="0" />
		<Point X="174" Y="246" T="0" />
	</Stroke>
</Gesture> 
