<?xml version="1.0" encoding="utf-8" standalone="yes"?>
<Gesture Name="H01">
	<Stroke>
		<Point X="158" Y="117" T="0" />
		<Point X="158" Y="137" T="0" />
		<Point X="158" Y="142" T="0" />
		<Point X="158" Y="173" T="0" />
		<Point X="155" Y="221" T="0" />
		<Point X="152" Y="270" T="0" />
		<Point X="152" Y="317" T="0" />
		<Point X="152" Y="349" T="0" />
		<Point X="155" Y="372" T="0" />
		<Point X="156" Y="386" T="0" />
		<Point X="156" Y="396" T="0" />
	</Stroke>
	<Stroke>
		<Point X="160" Y="272" T="0" />
		<Point X="161" Y="272" T="0" />
		<Point X="171" Y="272" T="0" />
		<Point X="192" Y="272" T="0" />
		<Point X="219" Y="270" T="0" />
		<Point X="243" Y="266" T="0" />
		<Point X="258" Y="262" T="0" />
		<Point X="267" Y="260" T="0" />
		<Point X="270" Y="260" T="0" />
		<Point X="272" Y="260" T="0" />
		<Point X="278" Y="261" T="0" />
		<Point X="287" Y="263" T="0" />
		<Point X="294" Y="263" T="0" />
	</Stroke>
	<Stroke>
		<Point X="288" Y="118" T="0" />
		<Point X="288" Y="122" T="0" />
		<Point X="288" Y="136" T="0" />
		<Point X="294" Y="169" T="0" />
		<Point X="299" Y="207" T="0" />
		<Point X="304" Y="256" T="0" />
		<Point X="307" Y="305" T="0" />
		<Point X="307" Y="341" T="0" />
		<Point X="307" Y="366" T="0" />
		<Point X="307" Y="380" T="0" />
		<Point X="307" Y="389" T="0" />
		<Point X="307" Y="394" T="0" />
		<Point X="308" Y="396" T="0" />
		<Point X="308" Y="397" T="0" />
		<Point X="308" Y="398" T="0" />
		<Point X="308" Y="401" T="0" />
		<Point X="308" Y="406" T="0" />
		<Point X="308" Y="410" T="0" />
	</Stroke>
</Gesture> 
