<?xml version="1.0" encoding="utf-8" standalone="yes"?>
<Gesture Name="H02">
	<Stroke>
		<Point X="167" Y="182" T="0" />
		<Point X="167" Y="186" T="0" />
		<Point X="167" Y="205" T="0" />
		<Point X="167" Y="237" T="0" />
		<Point X="165" Y="279" T="0" />
		<Point X="163" Y="321" T="0" />
		<Point X="161" Y="352" T="0" />
		<Point X="161" Y="368" T="0" />
		<Point X="160" Y="376" T="0" />
		<Point X="159" Y="380" T="0" />
	</Stroke>
	<Stroke>
		<Point X="166" Y="309" T="0" />
		<Point X="167" Y="308" T="0" />
		<Point X="171" Y="308" T="0" />
		<Point X="179" Y="307" T="0" />
		<Point X="191" Y="306" T="0" />
		<Point X="209" Y="306" T="0" />
		<Point X="228" Y="306" T="0" />
		<Point X="247" Y="305" T="0" />
		<Point X="261" Y="304" T="0" />
		<Point X="269" Y="304" T="0" />
		<Point X="271" Y="304" T="0" />
		<Point X="273" Y="304" T="0" />
		<Point X="275" Y="304" T="0" />
		<Point X="278" Y="305" T="0" />
	</Stroke>
	<Stroke>
		<Point X="288" Y="176" T="0" />
		<Point X="288" Y="179" T="0" />
		<Point X="287" Y="195" T="0" />
		<Point X="287" Y="217" T="0" />
		<Point X="286" Y="242" T="0" />
		<Point X="286" Y="266" T="0" />
		<Point X="286" Y="291" T="0" />
		<Point X="289" Y="313" T="0" />
		<Point X="291" Y="327" T="0" />
		<Point X="292" Y="335" T="0" />
		<Point X="292" Y="341" T="0" />
		<Point X="292" Y="347" T="0" />
		<Point X="291" Y="358" T="0" />
		<Point X="290" Y="376" T="0" />
		<Point X="289" Y="391" T="0" />
		<Point X="289" Y="399" T="0" />
	</Stroke>
</Gesture> 
