<?xml version="1.0" encoding="utf-8" standalone="yes"?>
<Gesture Name="H03">
	<Stroke>
		<Point X="163" Y="167" T="0" />
		<Point X="163" Y="173" T="0" />
		<Point X="163" Y="187" T="0" />
		<Point X="165" Y="209" T="0" />
		<Point X="170" Y="244" T="0" />
		<Point X="175" Y="286" T="0" />
		<Point X="179" Y="325" T="0" />
		<Point X="181" Y="354" T="0" />
		<Point X="183" Y="368" T="0" />
		<Point X="184" Y="376" T="0" />
		<Point X="184" Y="380" T="0" />
	</Stroke>
	<Stroke>
		<Point X="186" Y="285" T="0" />
		<Point X="187" Y="285" T="0" />
		<Point X="191" Y="285" T="0" />
		<Point X="206" Y="283" T="0" />
		<Point X="226" Y="280" T="0" />
		<Point X="254" Y="273" T="0" />
		<Point X="282" Y="266" T="0" />
		<Point X="302" Y="261" T="0" />
		<Point X="315" Y="257" T="0" />
	</Stroke>
	<Stroke>
		<Point X="305" Y="141" T="0" />
		<Point X="305" Y="154" T="0" />
		<Point X="307" Y="179" T="0" />
		<Point X="313" Y="213" T="0" />
		<Point X="319" Y="250" T="0" />
		<Point X="326" Y="291" T="0" />
		<Point X="332" Y="328" T="0" />
		<Point X="336" Y="355" T="0" />
		<Point X="340" Y="375" T="0" />
		<Point X="343" Y="388" T="0" />
		<Point X="344" Y="396" T="0" />
		<Point X="345" Y="399" T="0" />
	</Stroke>
</Gesture> 
