<?xml version="1.0" encoding="utf-8" standalone="yes"?>
<Gesture Name="H04">
	<Stroke>
		<Point X="121" Y="133" T="0" />
		<Point X="128" Y="149" T="0" />
		<Point X="134" Y="167" T="0" />
		<Point X="141" Y="192" T="0" />
		<Point X="146" Y="224" T="0" />
		<Point X="150" Y="260" T="0" />
		<Point X="151" Y="291" T="0" />
		<Point X="151" Y="321" T="0" />
		<Point X="151" Y="346" T="0" />
		<Point X="149" Y="364" T="0" />
		<Point X="148" Y="378" T="0" />
		<Point X="148" Y="383" T="0" />
		<Point X="148" Y="384" T="0" />
	</Stroke>
	<Stroke>
		<Point X="152" Y="274" T="0" />
		<Point X="152" Y="273" T="0" />
		<Point X="152" Y="272" T="0" />
		<Point X="153" Y="272" T="0" />
		<Point X="163" Y="272" T="0" />
		<Point X="178" Y="272" T="0" />
		<Point X="196" Y="274" T="0" />
		<Point X="215" Y="274" T="0" />
		<Point X="229" Y="274" T="0" />
		<Point X="239" Y="272" T="0" />
		<Point X="246" Y="271" T="0" />
		<Point X="251" Y="270" T="0" />
		<Point X="258" Y="268" T="0" />
		<Point X="266" Y="267" T="0" />
		<Point X="268" Y="267" T="0" />
	</Stroke>
	<Stroke>
		<Point X="271" Y="158" T="0" />
		<Point X="271" Y="161" T="0" />
		<Point X="273" Y="180" T="0" />
		<Point X="276" Y="208" T="0" />
		<Point X="278" Y="240" T="0" />
		<Point X="279" Y="277" T="0" />
		<Point X="279" Y="308" T="0" />
		<Point X="279" Y="335" T="0" />
		<Point X="277" Y="351" T="0" />
		<Point X="276" Y="361" T="0" />
		<Point X="274" Y="370" T="0" />
		<Point X="273" Y="376" T="0" />
		<Point X="272" Y="381" T="0" />
		<Point X="270" Y="386" T="0" />
		<Point X="270" Y="389" T="0" />
	</Stroke>
</Gesture> 
