<?xml version="1.0" encoding="utf-8" standalone="yes"?>
<Gesture Name="H05">
	<Stroke>
		<Point X="124" Y="177" T="0" />
		<Point X="124" Y="181" T="0" />
		<Point X="123" Y="191" T="0" />
		<Point X="120" Y="212" T="0" />
		<Point X="116" Y="249" T="0" />
		<Point X="115" Y="296" T="0" />
		<Point X="113" Y="348" T="0" />
		<Point X="112" Y="384" T="0" />
		<Point X="112" Y="405" T="0" />
		<Point X="112" Y="415" T="0" />
	</Stroke>
	<Stroke>
		<Point X="108" Y="319" T="0" />
		<Point X="109" Y="319" T="0" />
		<Point X="114" Y="321" T="0" />
		<Point X="124" Y="324" T="0" />
		<Point X="140" Y="326" T="0" />
		<Point X="156" Y="326" T="0" />
		<Point X="173" Y="326" T="0" />
		<Point X="192" Y="323" T="0" />
		<Point X="211" Y="321" T="0" />
		<Point X="225" Y="319" T="0" />
		<Point X="232" Y="318" T="0" />
		<Point X="235" Y="316" T="0" />
		<Point X="238" Y="316" T="0" />
		<Point X="240" Y="316" T="0" />
	</Stroke>
	<Stroke>
		<Point X="260" Y="181" T="0" />
		<Point X="260" Y="183" T="0" />
		<Point X="260" Y="193" T="0" />
		<Point X="260" Y="211" T="0" />
		<Point X="258" Y="241" T="0" />
		<Point X="255" Y="287" T="0" />
		<Point X="252" Y="330" T="0" />
		<Point X="249" Y="363" T="0" />
		<Point X="247" Y="384" T="0" />
		<Point X="246" Y="398" T="0" />
		<Point X="244" Y="408" T="0" />
		<Point X="244" Y="413" T="0" />
		<Point X="243" Y="417" T="0" />
		<Point X="243" Y="420" T="0" />
		<Point X="243" Y="421" T="0" />
	</Stroke>
</Gesture> 
