<?xml version="1.0" encoding="utf-8" standalone="yes"?>
<Gesture Name="H06">
	<Stroke>
		<Point X="141" Y="181" T="0" />
		<Point X="141" Y="182" T="0" />
		<Point X="141" Y="194" T="0" />
		<Point X="141" Y="214" T="0" />
		<Point X="141" Y="241" T="0" />
		<Point X="139" Y="278" T="0" />
		<Point X="133" Y="313" T="0" />
		<Point X="126" Y="338" T="0" />
		<Point X="123" Y="352" T="0" />
	</Stroke>
	<Stroke>
		<Point X="141" Y="290" T="0" />
		<Point X="142" Y="290" T="0" />
		<Point X="143" Y="289" T="0" />
		<Point X="146" Y="289" T="0" />
		<Point X="151" Y="288" T="0" />
		<Point X="161" Y="287" T="0" />
		<Point X="174" Y="286" T="0" />
		<Point X="189" Y="286" T="0" />
		<Point X="203" Y="286" T="0" />
		<Point X="216" Y="288" T="0" />
		<Point X="226" Y="289" T="0" />
		<Point X="232" Y="289" T="0" />
	</Stroke>
	<Stroke>
		<Point X="215" Y="190" T="0" />
		<Point X="218" Y="192" T="0" />
		<Point X="221" Y="201" T="0" />
		<Point X="223" Y="214" T="0" />
		<Point X="225" Y="234" T="0" />
		<Point X="225" Y="258" T="0" />
		<Point X="224" Y="291" T="0" />
		<Point X="220" Y="320" T="0" />
		<Point X="218" Y="343" T="0" />
		<Point X="217" Y="361" T="0" />
		<Point X="217" Y="373" T="0" />
		<Point X="217" Y="380" T="0" />
		<Point X="217" Y="384" T="0" />
		<Point X="217" Y="386" T="0" />
	</Stroke>
</Gesture> 
