<?xml version="1.0" encoding="utf-8" standalone="yes"?>
<Gesture Name="H07">
	<Stroke>
		<Point X="192" Y="141" T="0" />
		<Point X="190" Y="150" T="0" />
		<Point X="188" Y="167" T="0" />
		<Point X="184" Y="196" T="0" />
		<Point X="178" Y="234" T="0" />
		<Point X="170" Y="270" T="0" />
		<Point X="164" Y="298" T="0" />
		<Point X="161" Y="316" T="0" />
		<Point X="160" Y="327" T="0" />
		<Point X="160" Y="338" T="0" />
		<Point X="160" Y="348" T="0" />
		<Point X="159" Y="355" T="0" />
	</Stroke>
	<Stroke>
		<Point X="188" Y="269" T="0" />
		<Point X="188" Y="268" T="0" />
		<Point X="189" Y="266" T="0" />
		<Point X="189" Y="264" T="0" />
		<Point X="190" Y="263" T="0" />
		<Point X="192" Y="263" T="0" />
		<Point X="199" Y="267" T="0" />
		<Point X="219" Y="274" T="0" />
		<Point X="248" Y="279" T="0" />
		<Point X="276" Y="281" T="0" />
		<Point X="291" Y="282" T="0" />
		<Point X="295" Y="282" T="0" />
		<Point X="296" Y="282" T="0" />
		<Point X="298" Y="282" T="0" />
	</Stroke>
	<Stroke>
		<Point X="291" Y="168" T="0" />
		<Point X="291" Y="169" T="0" />
		<Point X="293" Y="173" T="0" />
		<Point X="294" Y="186" T="0" />
		<Point X="296" Y="206" T="0" />
		<Point X="296" Y="233" T="0" />
		<Point X="291" Y="266" T="0" />
		<Point X="283" Y="305" T="0" />
		<Point X="278" Y="334" T="0" />
		<Point X="274" Y="352" T="0" />
		<Point X="272" Y="368" T="0" />
		<Point X="271" Y="379" T="0" />
		<Point X="271" Y="385" T="0" />
		<Point X="271" Y="389" T="0" />
	</Stroke>
</Gesture> 
