<?xml version="1.0" encoding="utf-8" standalone="yes"?>
<Gesture Name="H08">
	<Stroke>
		<Point X="210" Y="224" T="0" />
		<Point X="209" Y="226" T="0" />
		<Point X="209" Y="235" T="0" />
		<Point X="209" Y="248" T="0" />
		<Point X="207" Y="268" T="0" />
		<Point X="205" Y="295" T="0" />
		<Point X="203" Y="322" T="0" />
		<Point X="200" Y="346" T="0" />
		<Point X="200" Y="364" T="0" />
		<Point X="200" Y="376" T="0" />
		<Point X="200" Y="386" T="0" />
		<Point X="200" Y="392" T="0" />
		<Point X="200" Y="397" T="0" />
		<Point X="200" Y="399" T="0" />
		<Point X="200" Y="399" T="0" />
	</Stroke>
	<Stroke>
		<Point X="196" Y="319" T="0" />
		<Point X="196" Y="318" T="0" />
		<Point X="197" Y="318" T="0" />
		<Point X="203" Y="318" T="0" />
		<Point X="217" Y="316" T="0" />
		<Point X="239" Y="316" T="0" />
		<Point X="264" Y="315" T="0" />
		<Point X="295" Y="314" T="0" />
		<Point X="319" Y="313" T="0" />
		<Point X="329" Y="313" T="0" />
	</Stroke>
	<Stroke>
		<Point X="327" Y="232" T="0" />
		<Point X="327" Y="233" T="0" />
		<Point X="327" Y="235" T="0" />
		<Point X="328" Y="245" T="0" />
		<Point X="329" Y="265" T="0" />
		<Point X="331" Y="300" T="0" />
		<Point X="334" Y="343" T="0" />
		<Point X="337" Y="380" T="0" />
		<Point X="339" Y="406" T="0" />
		<Point X="340" Y="416" T="0" />
	</Stroke>
</Gesture> 
