<?xml version="1.0" encoding="utf-8" standalone="yes"?>
<Gesture Name="H09">
	<Stroke>
		<Point X="156" Y="165" T="0" />
		<Point X="156" Y="165" T="0" />
		<Point X="155" Y="168" T="0" />
		<Point X="152" Y="181" T="0" />
		<Point X="147" Y="204" T="0" />
		<Point X="141" Y="245" T="0" />
		<Point X="136" Y="296" T="0" />
		<Point X="129" Y="343" T="0" />
		<Point X="122" Y="382" T="0" />
		<Point X="116" Y="409" T="0" />
		<Point X="111" Y="428" T="0" />
		<Point X="110" Y="440" T="0" />
		<Point X="110" Y="445" T="0" />
		<Point X="110" Y="446" T="0" />
	</Stroke>
	<Stroke>
		<Point X="146" Y="293" T="0" />
		<Point X="147" Y="293" T="0" />
		<Point X="172" Y="300" T="0" />
		<Point X="210" Y="304" T="0" />
		<Point X="264" Y="306" T="0" />
		<Point X="315" Y="307" T="0" />
		<Point X="360" Y="307" T="0" />
		<Point X="384" Y="307" T="0" />
	</Stroke>
	<Stroke>
		<Point X="386" Y="191" T="0" />
		<Point X="386" Y="192" T="0" />
		<Point X="384" Y="208" T="0" />
		<Point X="383" Y="235" T="0" />
		<Point X="383" Y="277" T="0" />
		<Point X="383" Y="320" T="0" />
		<Point X="382" Y="362" T="0" />
		<Point X="380" Y="394" T="0" />
		<Point X="380" Y="413" T="0" />
		<Point X="379" Y="421" T="0" />
		<Point X="379" Y="426" T="0" />
		<Point X="379" Y="429" T="0" />
		<Point X="378" Y="431" T="0" />
	</Stroke>
</Gesture> 
