<?xml version="1.0" encoding="utf-8" standalone="yes"?>
<Gesture Name="H10">
	<Stroke>
		<Point X="243" Y="154" T="0" />
		<Point X="241" Y="160" T="0" />
		<Point X="238" Y="169" T="0" />
		<Point X="236" Y="180" T="0" />
		<Point X="235" Y="196" T="0" />
		<Point X="232" Y="219" T="0" />
		<Point X="230" Y="247" T="0" />
		<Point X="228" Y="282" T="0" />
		<Point X="225" Y="319" T="0" />
		<Point X="222" Y="356" T="0" />
		<Point X="219" Y="383" T="0" />
		<Point X="219" Y="404" T="0" />
		<Point X="219" Y="414" T="0" />
		<Point X="219" Y="416" T="0" />
	</Stroke>
	<Stroke>
		<Point X="225" Y="297" T="0" />
		<Point X="227" Y="297" T="0" />
		<Point X="232" Y="297" T="0" />
		<Point X="244" Y="296" T="0" />
		<Point X="270" Y="295" T="0" />
		<Point X="297" Y="295" T="0" />
		<Point X="315" Y="295" T="0" />
		<Point X="327" Y="295" T="0" />
		<Point X="334" Y="295" T="0" />
		<Point X="338" Y="295" T="0" />
		<Point X="342" Y="295" T="0" />
		<Point X="346" Y="295" T="0" />
		<Point X="351" Y="296" T="0" />
		<Point X="358" Y="297" T="0" />
		<Point X="365" Y="299" T="0" />
	</Stroke>
	<Stroke>
		<Point X="368" Y="198" T="0" />
		<Point X="368" Y="199" T="0" />
		<Point X="369" Y="205" T="0" />
		<Point X="369" Y="222" T="0" />
		<Point X="366" Y="247" T="0" />
		<Point X="360" Y="279" T="0" />
		<Point X="351" Y="319" T="0" />
		<Point X="345" Y="359" T="0" />
		<Point X="341" Y="389" T="0" />
		<Point X="341" Y="409" T="0" />
		<Point X="341" Y="420" T="0" />
		<Point X="341" Y="426" T="0" />
		<Point X="341" Y="428" T="0" />
		<Point X="341" Y="429" T="0" />
		<Point X="341" Y="430" T="0" />
		<Point X="341" Y="434" T="0" />
		<Point X="341" Y="437" T="0" />
	</Stroke>
</Gesture> 
