<?xml version="1.0" encoding="utf-8" standalone="yes"?>
<Gesture Name="half_note08">
	<Stroke>
		<Point X="289" Y="273" T="0" />
		<Point X="289" Y="273" T="0" />
		<Point X="276" Y="271" T="0" />
		<Point X="258" Y="268" T="0" />
		<Point X="234" Y="264" T="0" />
		<Point X="208" Y="264" T="0" />
		<Point X="189" Y="264" T="0" />
		<Point X="180" Y="268" T="0" />
		<Point X="176" Y="275" T="0" />
		<Point X="175" Y="286" T="0" />
		<Point X="175" Y="296" T="0" />
		<Point X="178" Y="303" T="0" />
		<Point X="182" Y="308" T="0" />
		<Point X="188" Y="312" T="0" />
		<Point X="197" Y="316" T="0" />
		<Point X="209" Y="320" T="0" />
		<Point X="224" Y="322" T="0" />
		<Point X="245" Y="322" T="0" />
		<Point X="264" Y="322" T="0" />
		<Point X="278" Y="322" T="0" />
		<Point X="288" Y="320" T="0" />
		<Point X="294" Y="318" T="0" />
		<Point X="299" Y="315" T="0" />
		<Point X="303" Y="311" T="0" />
		<Point X="305" Y="307" T="0" />
		<Point X="307" Y="302" T="0" />
		<Point X="307" Y="298" T="0" />
		<Point X="307" Y="293" T="0" />
		<Point X="305" Y="287" T="0" />
		<Point X="299" Y="281" T="0" />
		<Point X="291" Y="275" T="0" />
		<Point X="281" Y="269" T="0" />
		<Point X="272" Y="265" T="0" />
		<Point X="263" Y="262" T="0" />
		<Point X="253" Y="261" T="0" />
		<Point X="244" Y="261" T="0" />
		<Point X="239" Y="261" T="0" />
		<Point X="237" Y="261" T="0" />
	</Stroke>
	<Stroke>
		<Point X="329" Y="153" T="0" />
		<Point X="329" Y="154" T="0" />
		<Point X="328" Y="160" T="0" />
		<Point X="326" Y="171" T="0" />
		<Point X="324" Y="185" T="0" />
		<Point X="320" Y="206" T="0" />
		<Point X="316" Y="234" T="0" />
		<Point X="313" Y="263" T="0" />
		<Point X="311" Y="289" T="0" />
		<Point X="311" Y="306" T="0" />
		<Point X="311" Y="316" T="0" />
		<Point X="311" Y="323" T="0" />
		<Point X="310" Y="327" T="0" />
		<Point X="310" Y="328" T="0" />
		<Point X="309" Y="330" T="0" />
		<Point X="309" Y="331" T="0" />
		<Point X="309" Y="332" T="0" />
		<Point X="308" Y="332" T="0" />
		<Point X="308" Y="335" T="0" />
	</Stroke>
</Gesture> 
