<?xml version="1.0" encoding="utf-8" standalone="yes"?>
<Gesture Name="half_note02">
	<Stroke>
		<Point X="304" Y="261" T="0" />
		<Point X="304" Y="261" T="0" />
		<Point X="304" Y="261" T="0" />
		<Point X="303" Y="261" T="0" />
		<Point X="302" Y="261" T="0" />
		<Point X="292" Y="261" T="0" />
		<Point X="282" Y="261" T="0" />
		<Point X="268" Y="263" T="0" />
		<Point X="250" Y="269" T="0" />
		<Point X="242" Y="273" T="0" />
		<Point X="232" Y="279" T="0" />
		<Point X="227" Y="282" T="0" />
		<Point X="223" Y="286" T="0" />
		<Point X="220" Y="292" T="0" />
		<Point X="218" Y="297" T="0" />
		<Point X="217" Y="302" T="0" />
		<Point X="217" Y="308" T="0" />
		<Point X="218" Y="313" T="0" />
		<Point X="222" Y="320" T="0" />
		<Point X="227" Y="326" T="0" />
		<Point X="235" Y="331" T="0" />
		<Point X="242" Y="334" T="0" />
		<Point X="250" Y="336" T="0" />
		<Point X="255" Y="337" T="0" />
		<Point X="260" Y="337" T="0" />
		<Point X="268" Y="337" T="0" />
		<Point X="276" Y="335" T="0" />
		<Point X="285" Y="333" T="0" />
		<Point X="291" Y="330" T="0" />
		<Point X="296" Y="327" T="0" />
		<Point X="302" Y="323" T="0" />
		<Point X="305" Y="319" T="0" />
		<Point X="308" Y="313" T="0" />
		<Point X="310" Y="307" T="0" />
		<Point X="310" Y="300" T="0" />
		<Point X="308" Y="294" T="0" />
		<Point X="304" Y="289" T="0" />
		<Point X="301" Y="286" T="0" />
		<Point X="299" Y="283" T="0" />
		<Point X="297" Y="281" T="0" />
		<Point X="295" Y="280" T="0" />
		<Point X="293" Y="278" T="0" />
		<Point X="292" Y="277" T="0" />
		<Point X="290" Y="277" T="0" />
		<Point X="289" Y="276" T="0" />
		<Point X="287" Y="276" T="0" />
		<Point X="286" Y="275" T="0" />
		<Point X="283" Y="273" T="0" />
		<Point X="281" Y="272" T="0" />
		<Point X="280" Y="271" T="0" />
	</Stroke>
	<Stroke>
		<Point X="314" Y="164" T="0" />
		<Point X="314" Y="165" T="0" />
		<Point X="314" Y="175" T="0" />
		<Point X="314" Y="189" T="0" />
		<Point X="313" Y="208" T="0" />
		<Point X="312" Y="227" T="0" />
		<Point X="311" Y="247" T="0" />
		<Point X="310" Y="263" T="0" />
		<Point X="309" Y="274" T="0" />
		<Point X="308" Y="283" T="0" />
		<Point X="306" Y="295" T="0" />
		<Point X="306" Y="308" T="0" />
		<Point X="306" Y="317" T="0" />
		<Point X="306" Y="324" T="0" />
	</Stroke>
</Gesture> 
