<?xml version="1.0" encoding="utf-8" standalone="yes"?>
<Gesture Name="half_note03">
	<Stroke>
		<Point X="301" Y="246" T="0" />
		<Point X="295" Y="244" T="0" />
		<Point X="288" Y="243" T="0" />
		<Point X="276" Y="242" T="0" />
		<Point X="261" Y="242" T="0" />
		<Point X="239" Y="242" T="0" />
		<Point X="215" Y="242" T="0" />
		<Point X="192" Y="243" T="0" />
		<Point X="178" Y="246" T="0" />
		<Point X="165" Y="253" T="0" />
		<Point X="158" Y="260" T="0" />
		<Point X="155" Y="268" T="0" />
		<Point X="154" Y="277" T="0" />
		<Point X="156" Y="285" T="0" />
		<Point X="163" Y="294" T="0" />
		<Point X="178" Y="302" T="0" />
		<Point X="199" Y="310" T="0" />
		<Point X="224" Y="314" T="0" />
		<Point X="252" Y="317" T="0" />
		<Point X="279" Y="318" T="0" />
		<Point X="300" Y="318" T="0" />
		<Point X="317" Y="314" T="0" />
		<Point X="325" Y="310" T="0" />
		<Point X="330" Y="304" T="0" />
		<Point X="334" Y="298" T="0" />
		<Point X="335" Y="292" T="0" />
		<Point X="335" Y="284" T="0" />
		<Point X="331" Y="273" T="0" />
		<Point X="323" Y="262" T="0" />
		<Point X="310" Y="254" T="0" />
		<Point X="295" Y="249" T="0" />
		<Point X="277" Y="247" T="0" />
		<Point X="259" Y="246" T="0" />
		<Point X="246" Y="246" T="0" />
		<Point X="237" Y="246" T="0" />
	</Stroke>
	<Stroke>
		<Point X="338" Y="138" T="0" />
		<Point X="338" Y="144" T="0" />
		<Point X="338" Y="159" T="0" />
		<Point X="337" Y="187" T="0" />
		<Point X="333" Y="217" T="0" />
		<Point X="329" Y="255" T="0" />
		<Point X="326" Y="287" T="0" />
		<Point X="326" Y="306" T="0" />
		<Point X="326" Y="314" T="0" />
	</Stroke>
</Gesture> 
