<?xml version="1.0" encoding="utf-8" standalone="yes"?>
<Gesture Name="half_note07">
	<Stroke>
		<Point X="286" Y="264" T="0" />
		<Point X="285" Y="261" T="0" />
		<Point X="280" Y="257" T="0" />
		<Point X="270" Y="253" T="0" />
		<Point X="256" Y="250" T="0" />
		<Point X="240" Y="248" T="0" />
		<Point X="224" Y="247" T="0" />
		<Point X="215" Y="247" T="0" />
		<Point X="209" Y="247" T="0" />
		<Point X="205" Y="250" T="0" />
		<Point X="200" Y="254" T="0" />
		<Point X="194" Y="260" T="0" />
		<Point X="190" Y="266" T="0" />
		<Point X="187" Y="271" T="0" />
		<Point X="186" Y="277" T="0" />
		<Point X="186" Y="283" T="0" />
		<Point X="186" Y="290" T="0" />
		<Point X="190" Y="295" T="0" />
		<Point X="196" Y="301" T="0" />
		<Point X="205" Y="306" T="0" />
		<Point X="217" Y="311" T="0" />
		<Point X="230" Y="314" T="0" />
		<Point X="244" Y="317" T="0" />
		<Point X="260" Y="319" T="0" />
		<Point X="279" Y="319" T="0" />
		<Point X="294" Y="319" T="0" />
		<Point X="305" Y="316" T="0" />
		<Point X="313" Y="312" T="0" />
		<Point X="316" Y="309" T="0" />
		<Point X="318" Y="305" T="0" />
		<Point X="320" Y="300" T="0" />
		<Point X="321" Y="294" T="0" />
		<Point X="321" Y="287" T="0" />
		<Point X="319" Y="280" T="0" />
		<Point X="318" Y="273" T="0" />
		<Point X="315" Y="266" T="0" />
		<Point X="310" Y="259" T="0" />
		<Point X="303" Y="254" T="0" />
		<Point X="296" Y="250" T="0" />
		<Point X="290" Y="248" T="0" />
		<Point X="287" Y="248" T="0" />
		<Point X="284" Y="247" T="0" />
		<Point X="281" Y="246" T="0" />
		<Point X="277" Y="244" T="0" />
		<Point X="274" Y="244" T="0" />
	</Stroke>
	<Stroke>
		<Point X="330" Y="147" T="0" />
		<Point X="329" Y="148" T="0" />
		<Point X="329" Y="150" T="0" />
		<Point X="328" Y="155" T="0" />
		<Point X="327" Y="168" T="0" />
		<Point X="326" Y="182" T="0" />
		<Point X="324" Y="198" T="0" />
		<Point X="323" Y="219" T="0" />
		<Point X="322" Y="235" T="0" />
		<Point X="322" Y="247" T="0" />
		<Point X="322" Y="257" T="0" />
		<Point X="322" Y="268" T="0" />
		<Point X="322" Y="276" T="0" />
		<Point X="321" Y="286" T="0" />
		<Point X="321" Y="294" T="0" />
		<Point X="321" Y="300" T="0" />
		<Point X="321" Y="305" T="0" />
		<Point X="321" Y="309" T="0" />
		<Point X="321" Y="313" T="0" />
	</Stroke>
</Gesture> 
