<?xml version="1.0" encoding="utf-8" standalone="yes"?>
<Gesture Name="half_note01">
	<Stroke>
		<Point X="233" Y="245" T="0" />
		<Point X="233" Y="245" T="0" />
		<Point X="233" Y="244" T="0" />
		<Point X="225" Y="242" T="0" />
		<Point X="206" Y="241" T="0" />
		<Point X="176" Y="243" T="0" />
		<Point X="146" Y="248" T="0" />
		<Point X="123" Y="256" T="0" />
		<Point X="112" Y="263" T="0" />
		<Point X="107" Y="270" T="0" />
		<Point X="107" Y="277" T="0" />
		<Point X="113" Y="290" T="0" />
		<Point X="124" Y="301" T="0" />
		<Point X="138" Y="310" T="0" />
		<Point X="152" Y="316" T="0" />
		<Point X="172" Y="320" T="0" />
		<Point X="203" Y="322" T="0" />
		<Point X="229" Y="322" T="0" />
		<Point X="247" Y="316" T="0" />
		<Point X="257" Y="308" T="0" />
		<Point X="262" Y="296" T="0" />
		<Point X="264" Y="283" T="0" />
		<Point X="260" Y="269" T="0" />
		<Point X="253" Y="260" T="0" />
		<Point X="245" Y="254" T="0" />
		<Point X="235" Y="250" T="0" />
		<Point X="223" Y="248" T="0" />
		<Point X="208" Y="247" T="0" />
		<Point X="197" Y="246" T="0" />
		<Point X="189" Y="246" T="0" />
		<Point X="185" Y="246" T="0" />
		<Point X="183" Y="247" T="0" />
	</Stroke>
	<Stroke>
		<Point X="282" Y="140" T="0" />
		<Point X="282" Y="143" T="0" />
		<Point X="282" Y="155" T="0" />
		<Point X="282" Y="175" T="0" />
		<Point X="281" Y="195" T="0" />
		<Point X="280" Y="218" T="0" />
		<Point X="280" Y="240" T="0" />
		<Point X="280" Y="260" T="0" />
		<Point X="280" Y="273" T="0" />
		<Point X="280" Y="279" T="0" />
		<Point X="280" Y="282" T="0" />
		<Point X="280" Y="283" T="0" />
		<Point X="280" Y="287" T="0" />
		<Point X="280" Y="290" T="0" />
		<Point X="280" Y="293" T="0" />
		<Point X="280" Y="295" T="0" />
		<Point X="280" Y="298" T="0" />
		<Point X="280" Y="299" T="0" />
		<Point X="279" Y="300" T="0" />
		<Point X="278" Y="303" T="0" />
		<Point X="277" Y="306" T="0" />
		<Point X="277" Y="308" T="0" />
	</Stroke>
</Gesture> 
