<?xml version="1.0" encoding="utf-8" standalone="yes"?>
<Gesture Name="half_note09">
	<Stroke>
		<Point X="266" Y="282" T="0" />
		<Point X="266" Y="282" T="0" />
		<Point X="265" Y="282" T="0" />
		<Point X="261" Y="281" T="0" />
		<Point X="251" Y="280" T="0" />
		<Point X="240" Y="280" T="0" />
		<Point X="226" Y="280" T="0" />
		<Point X="216" Y="280" T="0" />
		<Point X="205" Y="281" T="0" />
		<Point X="193" Y="283" T="0" />
		<Point X="185" Y="288" T="0" />
		<Point X="178" Y="293" T="0" />
		<Point X="174" Y="300" T="0" />
		<Point X="174" Y="307" T="0" />
		<Point X="175" Y="314" T="0" />
		<Point X="178" Y="321" T="0" />
		<Point X="182" Y="327" T="0" />
		<Point X="189" Y="332" T="0" />
		<Point X="200" Y="338" T="0" />
		<Point X="219" Y="344" T="0" />
		<Point X="243" Y="350" T="0" />
		<Point X="268" Y="354" T="0" />
		<Point X="294" Y="355" T="0" />
		<Point X="314" Y="355" T="0" />
		<Point X="327" Y="351" T="0" />
		<Point X="334" Y="347" T="0" />
		<Point X="337" Y="341" T="0" />
		<Point X="338" Y="333" T="0" />
		<Point X="338" Y="326" T="0" />
		<Point X="338" Y="319" T="0" />
		<Point X="338" Y="311" T="0" />
		<Point X="336" Y="304" T="0" />
		<Point X="334" Y="300" T="0" />
		<Point X="330" Y="296" T="0" />
		<Point X="326" Y="293" T="0" />
		<Point X="320" Y="292" T="0" />
		<Point X="312" Y="289" T="0" />
		<Point X="305" Y="288" T="0" />
		<Point X="294" Y="285" T="0" />
		<Point X="280" Y="282" T="0" />
		<Point X="266" Y="279" T="0" />
		<Point X="254" Y="277" T="0" />
		<Point X="243" Y="275" T="0" />
		<Point X="234" Y="275" T="0" />
		<Point X="227" Y="275" T="0" />
		<Point X="224" Y="275" T="0" />
	</Stroke>
	<Stroke>
		<Point X="336" Y="165" T="0" />
		<Point X="336" Y="166" T="0" />
		<Point X="337" Y="169" T="0" />
		<Point X="339" Y="174" T="0" />
		<Point X="342" Y="183" T="0" />
		<Point X="344" Y="193" T="0" />
		<Point X="346" Y="206" T="0" />
		<Point X="347" Y="222" T="0" />
		<Point X="347" Y="238" T="0" />
		<Point X="346" Y="253" T="0" />
		<Point X="343" Y="268" T="0" />
		<Point X="340" Y="281" T="0" />
		<Point X="337" Y="292" T="0" />
		<Point X="333" Y="304" T="0" />
		<Point X="330" Y="315" T="0" />
		<Point X="327" Y="323" T="0" />
		<Point X="326" Y="327" T="0" />
		<Point X="325" Y="330" T="0" />
		<Point X="325" Y="333" T="0" />
		<Point X="324" Y="337" T="0" />
		<Point X="323" Y="341" T="0" />
		<Point X="322" Y="344" T="0" />
		<Point X="322" Y="348" T="0" />
	</Stroke>
</Gesture> 
