<?xml version="1.0" encoding="utf-8" standalone="yes"?>
<Gesture Name="half_note05">
	<Stroke>
		<Point X="341" Y="242" T="0" />
		<Point X="341" Y="241" T="0" />
		<Point X="337" Y="240" T="0" />
		<Point X="323" Y="238" T="0" />
		<Point X="301" Y="238" T="0" />
		<Point X="263" Y="239" T="0" />
		<Point X="210" Y="245" T="0" />
		<Point X="162" Y="254" T="0" />
		<Point X="134" Y="263" T="0" />
		<Point X="119" Y="271" T="0" />
		<Point X="115" Y="281" T="0" />
		<Point X="116" Y="294" T="0" />
		<Point X="123" Y="307" T="0" />
		<Point X="140" Y="319" T="0" />
		<Point X="165" Y="329" T="0" />
		<Point X="193" Y="335" T="0" />
		<Point X="220" Y="336" T="0" />
		<Point X="251" Y="333" T="0" />
		<Point X="281" Y="327" T="0" />
		<Point X="308" Y="319" T="0" />
		<Point X="324" Y="313" T="0" />
		<Point X="334" Y="307" T="0" />
		<Point X="339" Y="302" T="0" />
		<Point X="343" Y="298" T="0" />
		<Point X="345" Y="292" T="0" />
		<Point X="345" Y="285" T="0" />
		<Point X="345" Y="278" T="0" />
		<Point X="342" Y="272" T="0" />
		<Point X="336" Y="266" T="0" />
		<Point X="332" Y="263" T="0" />
		<Point X="327" Y="259" T="0" />
		<Point X="319" Y="255" T="0" />
		<Point X="307" Y="250" T="0" />
		<Point X="288" Y="244" T="0" />
		<Point X="267" Y="241" T="0" />
		<Point X="246" Y="238" T="0" />
		<Point X="234" Y="238" T="0" />
		<Point X="230" Y="239" T="0" />
		<Point X="229" Y="240" T="0" />
		<Point X="228" Y="241" T="0" />
	</Stroke>
	<Stroke>
		<Point X="370" Y="99" T="0" />
		<Point X="370" Y="100" T="0" />
		<Point X="367" Y="119" T="0" />
		<Point X="365" Y="144" T="0" />
		<Point X="365" Y="175" T="0" />
		<Point X="365" Y="210" T="0" />
		<Point X="367" Y="237" T="0" />
		<Point X="367" Y="254" T="0" />
		<Point X="367" Y="267" T="0" />
		<Point X="367" Y="279" T="0" />
		<Point X="366" Y="291" T="0" />
		<Point X="365" Y="300" T="0" />
		<Point X="363" Y="307" T="0" />
		<Point X="361" Y="312" T="0" />
		<Point X="361" Y="314" T="0" />
		<Point X="360" Y="317" T="0" />
		<Point X="358" Y="320" T="0" />
		<Point X="357" Y="323" T="0" />
	</Stroke>
</Gesture> 
