<?xml version="1.0" encoding="utf-8" standalone="yes"?>
<Gesture Name="half_note06">
	<Stroke>
		<Point X="273" Y="280" T="0" />
		<Point X="273" Y="280" T="0" />
		<Point X="273" Y="279" T="0" />
		<Point X="267" Y="277" T="0" />
		<Point X="255" Y="273" T="0" />
		<Point X="236" Y="270" T="0" />
		<Point X="205" Y="267" T="0" />
		<Point X="188" Y="267" T="0" />
		<Point X="169" Y="270" T="0" />
		<Point X="157" Y="276" T="0" />
		<Point X="147" Y="284" T="0" />
		<Point X="140" Y="295" T="0" />
		<Point X="137" Y="302" T="0" />
		<Point X="136" Y="308" T="0" />
		<Point X="136" Y="314" T="0" />
		<Point X="139" Y="323" T="0" />
		<Point X="147" Y="332" T="0" />
		<Point X="158" Y="341" T="0" />
		<Point X="171" Y="350" T="0" />
		<Point X="186" Y="358" T="0" />
		<Point X="205" Y="365" T="0" />
		<Point X="228" Y="371" T="0" />
		<Point X="248" Y="373" T="0" />
		<Point X="263" Y="373" T="0" />
		<Point X="277" Y="372" T="0" />
		<Point X="288" Y="369" T="0" />
		<Point X="299" Y="365" T="0" />
		<Point X="306" Y="360" T="0" />
		<Point X="309" Y="356" T="0" />
		<Point X="310" Y="350" T="0" />
		<Point X="310" Y="342" T="0" />
		<Point X="307" Y="333" T="0" />
		<Point X="300" Y="322" T="0" />
		<Point X="291" Y="312" T="0" />
		<Point X="281" Y="304" T="0" />
		<Point X="269" Y="297" T="0" />
		<Point X="258" Y="291" T="0" />
		<Point X="249" Y="287" T="0" />
		<Point X="239" Y="284" T="0" />
		<Point X="231" Y="282" T="0" />
		<Point X="223" Y="280" T="0" />
		<Point X="216" Y="279" T="0" />
		<Point X="210" Y="277" T="0" />
		<Point X="204" Y="276" T="0" />
		<Point X="201" Y="276" T="0" />
		<Point X="198" Y="276" T="0" />
		<Point X="197" Y="276" T="0" />
		<Point X="195" Y="276" T="0" />
	</Stroke>
	<Stroke>
		<Point X="365" Y="136" T="0" />
		<Point X="365" Y="137" T="0" />
		<Point X="364" Y="141" T="0" />
		<Point X="359" Y="151" T="0" />
		<Point X="355" Y="165" T="0" />
		<Point X="348" Y="188" T="0" />
		<Point X="341" Y="213" T="0" />
		<Point X="335" Y="242" T="0" />
		<Point X="330" Y="268" T="0" />
		<Point X="328" Y="292" T="0" />
		<Point X="326" Y="310" T="0" />
		<Point X="326" Y="324" T="0" />
		<Point X="326" Y="337" T="0" />
		<Point X="326" Y="348" T="0" />
		<Point X="326" Y="354" T="0" />
		<Point X="325" Y="357" T="0" />
		<Point X="325" Y="359" T="0" />
		<Point X="324" Y="361" T="0" />
		<Point X="323" Y="363" T="0" />
		<Point X="322" Y="365" T="0" />
		<Point X="322" Y="366" T="0" />
	</Stroke>
</Gesture> 
