<?xml version="1.0" encoding="utf-8" standalone="yes"?>
<Gesture Name="half_note10">
	<Stroke>
		<Point X="270" Y="239" T="0" />
		<Point X="266" Y="239" T="0" />
		<Point X="259" Y="238" T="0" />
		<Point X="250" Y="238" T="0" />
		<Point X="238" Y="238" T="0" />
		<Point X="221" Y="238" T="0" />
		<Point X="203" Y="238" T="0" />
		<Point X="186" Y="239" T="0" />
		<Point X="173" Y="241" T="0" />
		<Point X="161" Y="245" T="0" />
		<Point X="153" Y="251" T="0" />
		<Point X="148" Y="258" T="0" />
		<Point X="147" Y="268" T="0" />
		<Point X="148" Y="281" T="0" />
		<Point X="157" Y="291" T="0" />
		<Point X="171" Y="299" T="0" />
		<Point X="190" Y="304" T="0" />
		<Point X="217" Y="308" T="0" />
		<Point X="246" Y="310" T="0" />
		<Point X="271" Y="310" T="0" />
		<Point X="289" Y="309" T="0" />
		<Point X="298" Y="306" T="0" />
		<Point X="302" Y="303" T="0" />
		<Point X="304" Y="298" T="0" />
		<Point X="307" Y="292" T="0" />
		<Point X="310" Y="284" T="0" />
		<Point X="313" Y="275" T="0" />
		<Point X="314" Y="267" T="0" />
		<Point X="314" Y="258" T="0" />
		<Point X="312" Y="250" T="0" />
		<Point X="307" Y="243" T="0" />
		<Point X="302" Y="238" T="0" />
		<Point X="295" Y="234" T="0" />
		<Point X="288" Y="231" T="0" />
		<Point X="280" Y="229" T="0" />
		<Point X="271" Y="226" T="0" />
		<Point X="261" Y="224" T="0" />
		<Point X="251" Y="223" T="0" />
		<Point X="240" Y="223" T="0" />
		<Point X="234" Y="224" T="0" />
		<Point X="229" Y="225" T="0" />
		<Point X="228" Y="226" T="0" />
		<Point X="227" Y="227" T="0" />
		<Point X="226" Y="228" T="0" />
	</Stroke>
	<Stroke>
		<Point X="322" Y="112" T="0" />
		<Point X="322" Y="113" T="0" />
		<Point X="320" Y="119" T="0" />
		<Point X="319" Y="130" T="0" />
		<Point X="318" Y="141" T="0" />
		<Point X="317" Y="164" T="0" />
		<Point X="315" Y="185" T="0" />
		<Point X="313" Y="206" T="0" />
		<Point X="311" Y="220" T="0" />
		<Point X="310" Y="235" T="0" />
		<Point X="310" Y="250" T="0" />
		<Point X="310" Y="265" T="0" />
		<Point X="309" Y="277" T="0" />
		<Point X="309" Y="284" T="0" />
		<Point X="308" Y="290" T="0" />
		<Point X="308" Y="294" T="0" />
		<Point X="308" Y="299" T="0" />
		<Point X="308" Y="305" T="0" />
		<Point X="308" Y="311" T="0" />
		<Point X="308" Y="315" T="0" />
	</Stroke>
</Gesture> 
