<?xml version="1.0" encoding="utf-8" standalone="yes"?>
<Gesture Name="half_note04">
	<Stroke>
		<Point X="326" Y="297" T="0" />
		<Point X="322" Y="295" T="0" />
		<Point X="312" Y="291" T="0" />
		<Point X="293" Y="286" T="0" />
		<Point X="266" Y="283" T="0" />
		<Point X="231" Y="279" T="0" />
		<Point X="189" Y="278" T="0" />
		<Point X="162" Y="279" T="0" />
		<Point X="149" Y="288" T="0" />
		<Point X="143" Y="297" T="0" />
		<Point X="140" Y="312" T="0" />
		<Point X="140" Y="325" T="0" />
		<Point X="146" Y="335" T="0" />
		<Point X="158" Y="345" T="0" />
		<Point X="178" Y="353" T="0" />
		<Point X="199" Y="358" T="0" />
		<Point X="227" Y="361" T="0" />
		<Point X="254" Y="361" T="0" />
		<Point X="279" Y="361" T="0" />
		<Point X="299" Y="356" T="0" />
		<Point X="311" Y="348" T="0" />
		<Point X="317" Y="340" T="0" />
		<Point X="319" Y="328" T="0" />
		<Point X="319" Y="316" T="0" />
		<Point X="312" Y="302" T="0" />
		<Point X="300" Y="292" T="0" />
		<Point X="282" Y="283" T="0" />
		<Point X="264" Y="276" T="0" />
		<Point X="244" Y="272" T="0" />
		<Point X="227" Y="271" T="0" />
		<Point X="214" Y="271" T="0" />
		<Point X="204" Y="271" T="0" />
	</Stroke>
	<Stroke>
		<Point X="327" Y="198" T="0" />
		<Point X="327" Y="201" T="0" />
		<Point X="325" Y="218" T="0" />
		<Point X="321" Y="243" T="0" />
		<Point X="317" Y="270" T="0" />
		<Point X="314" Y="295" T="0" />
		<Point X="312" Y="312" T="0" />
		<Point X="311" Y="320" T="0" />
		<Point X="311" Y="323" T="0" />
		<Point X="311" Y="324" T="0" />
		<Point X="311" Y="325" T="0" />
		<Point X="311" Y="327" T="0" />
		<Point X="311" Y="330" T="0" />
		<Point X="311" Y="331" T="0" />
	</Stroke>
</Gesture> 
