<?xml version="1.0" encoding="utf-8" standalone="yes"?>
<Gesture Name="I01">
	<Stroke>
		<Point X="221" Y="172" T="0" />
		<Point X="221" Y="172" T="0" />
		<Point X="231" Y="172" T="0" />
		<Point X="248" Y="171" T="0" />
		<Point X="268" Y="169" T="0" />
		<Point X="282" Y="169" T="0" />
		<Point X="291" Y="169" T="0" />
		<Point X="296" Y="169" T="0" />
		<Point X="297" Y="169" T="0" />
	</Stroke>
	<Stroke>
		<Point X="272" Y="169" T="0" />
		<Point X="272" Y="170" T="0" />
		<Point X="272" Y="171" T="0" />
		<Point X="271" Y="173" T="0" />
		<Point X="271" Y="176" T="0" />
		<Point X="271" Y="180" T="0" />
		<Point X="271" Y="188" T="0" />
		<Point X="273" Y="200" T="0" />
		<Point X="276" Y="222" T="0" />
		<Point X="279" Y="256" T="0" />
		<Point X="280" Y="299" T="0" />
		<Point X="280" Y="335" T="0" />
		<Point X="280" Y="362" T="0" />
		<Point X="281" Y="381" T="0" />
		<Point X="283" Y="395" T="0" />
		<Point X="284" Y="405" T="0" />
		<Point X="285" Y="412" T="0" />
	</Stroke>
	<Stroke>
		<Point X="258" Y="409" T="0" />
		<Point X="259" Y="409" T="0" />
		<Point X="260" Y="409" T="0" />
		<Point X="267" Y="411" T="0" />
		<Point X="278" Y="413" T="0" />
		<Point X="293" Y="415" T="0" />
		<Point X="312" Y="415" T="0" />
		<Point X="325" Y="415" T="0" />
		<Point X="333" Y="415" T="0" />
		<Point X="336" Y="415" T="0" />
		<Point X="337" Y="415" T="0" />
		<Point X="338" Y="415" T="0" />
		<Point X="339" Y="414" T="0" />
		<Point X="340" Y="414" T="0" />
	</Stroke>
</Gesture> 
