<?xml version="1.0" encoding="utf-8" standalone="yes"?>
<Gesture Name="I02">
	<Stroke>
		<Point X="112" Y="208" T="0" />
		<Point X="112" Y="208" T="0" />
		<Point X="115" Y="207" T="0" />
		<Point X="125" Y="206" T="0" />
		<Point X="143" Y="206" T="0" />
		<Point X="164" Y="205" T="0" />
		<Point X="180" Y="204" T="0" />
		<Point X="189" Y="202" T="0" />
	</Stroke>
	<Stroke>
		<Point X="156" Y="203" T="0" />
		<Point X="156" Y="207" T="0" />
		<Point X="156" Y="218" T="0" />
		<Point X="156" Y="235" T="0" />
		<Point X="156" Y="256" T="0" />
		<Point X="156" Y="277" T="0" />
		<Point X="156" Y="300" T="0" />
		<Point X="156" Y="318" T="0" />
		<Point X="156" Y="335" T="0" />
		<Point X="155" Y="350" T="0" />
		<Point X="154" Y="367" T="0" />
		<Point X="152" Y="388" T="0" />
		<Point X="149" Y="404" T="0" />
		<Point X="148" Y="415" T="0" />
		<Point X="147" Y="422" T="0" />
		<Point X="147" Y="425" T="0" />
	</Stroke>
	<Stroke>
		<Point X="122" Y="422" T="0" />
		<Point X="123" Y="422" T="0" />
		<Point X="130" Y="424" T="0" />
		<Point X="139" Y="425" T="0" />
		<Point X="155" Y="425" T="0" />
		<Point X="171" Y="425" T="0" />
		<Point X="185" Y="425" T="0" />
		<Point X="194" Y="425" T="0" />
	</Stroke>
</Gesture> 
