<?xml version="1.0" encoding="utf-8" standalone="yes"?>
<Gesture Name="I03">
	<Stroke>
		<Point X="177" Y="168" T="0" />
		<Point X="178" Y="167" T="0" />
		<Point X="180" Y="166" T="0" />
		<Point X="186" Y="165" T="0" />
		<Point X="194" Y="164" T="0" />
		<Point X="200" Y="163" T="0" />
		<Point X="205" Y="162" T="0" />
		<Point X="208" Y="162" T="0" />
		<Point X="211" Y="162" T="0" />
		<Point X="215" Y="162" T="0" />
		<Point X="219" Y="162" T="0" />
		<Point X="220" Y="162" T="0" />
	</Stroke>
	<Stroke>
		<Point X="196" Y="174" T="0" />
		<Point X="196" Y="175" T="0" />
		<Point X="196" Y="180" T="0" />
		<Point X="195" Y="186" T="0" />
		<Point X="195" Y="193" T="0" />
		<Point X="195" Y="202" T="0" />
		<Point X="196" Y="211" T="0" />
		<Point X="196" Y="225" T="0" />
		<Point X="196" Y="240" T="0" />
		<Point X="196" Y="260" T="0" />
		<Point X="195" Y="286" T="0" />
		<Point X="194" Y="311" T="0" />
		<Point X="190" Y="343" T="0" />
		<Point X="185" Y="371" T="0" />
		<Point X="182" Y="391" T="0" />
		<Point X="182" Y="400" T="0" />
	</Stroke>
	<Stroke>
		<Point X="161" Y="398" T="0" />
		<Point X="161" Y="400" T="0" />
		<Point X="161" Y="402" T="0" />
		<Point X="161" Y="403" T="0" />
		<Point X="161" Y="404" T="0" />
		<Point X="164" Y="405" T="0" />
		<Point X="167" Y="407" T="0" />
		<Point X="173" Y="409" T="0" />
		<Point X="179" Y="410" T="0" />
		<Point X="182" Y="411" T="0" />
		<Point X="185" Y="412" T="0" />
	</Stroke>
</Gesture> 
