<?xml version="1.0" encoding="utf-8" standalone="yes"?>
<Gesture Name="I04">
	<Stroke>
		<Point X="192" Y="159" T="0" />
		<Point X="192" Y="159" T="0" />
		<Point X="197" Y="158" T="0" />
		<Point X="206" Y="157" T="0" />
		<Point X="218" Y="157" T="0" />
		<Point X="229" Y="157" T="0" />
		<Point X="244" Y="157" T="0" />
		<Point X="255" Y="159" T="0" />
		<Point X="264" Y="159" T="0" />
	</Stroke>
	<Stroke>
		<Point X="226" Y="157" T="0" />
		<Point X="226" Y="159" T="0" />
		<Point X="226" Y="161" T="0" />
		<Point X="226" Y="179" T="0" />
		<Point X="224" Y="206" T="0" />
		<Point X="221" Y="244" T="0" />
		<Point X="216" Y="281" T="0" />
		<Point X="209" Y="321" T="0" />
		<Point X="201" Y="366" T="0" />
		<Point X="194" Y="405" T="0" />
		<Point X="190" Y="431" T="0" />
		<Point X="190" Y="444" T="0" />
	</Stroke>
	<Stroke>
		<Point X="169" Y="418" T="0" />
		<Point X="170" Y="418" T="0" />
		<Point X="185" Y="426" T="0" />
		<Point X="206" Y="433" T="0" />
		<Point X="235" Y="439" T="0" />
		<Point X="261" Y="443" T="0" />
		<Point X="283" Y="444" T="0" />
		<Point X="294" Y="444" T="0" />
		<Point X="297" Y="444" T="0" />
		<Point X="297" Y="443" T="0" />
	</Stroke>
</Gesture> 
