<?xml version="1.0" encoding="utf-8" standalone="yes"?>
<Gesture Name="I05">
	<Stroke>
		<Point X="195" Y="171" T="0" />
		<Point X="195" Y="171" T="0" />
		<Point X="197" Y="170" T="0" />
		<Point X="204" Y="169" T="0" />
		<Point X="213" Y="167" T="0" />
		<Point X="222" Y="166" T="0" />
		<Point X="230" Y="165" T="0" />
		<Point X="237" Y="163" T="0" />
		<Point X="243" Y="161" T="0" />
		<Point X="246" Y="161" T="0" />
	</Stroke>
	<Stroke>
		<Point X="226" Y="165" T="0" />
		<Point X="226" Y="166" T="0" />
		<Point X="225" Y="168" T="0" />
		<Point X="225" Y="169" T="0" />
		<Point X="225" Y="172" T="0" />
		<Point X="225" Y="180" T="0" />
		<Point X="225" Y="202" T="0" />
		<Point X="224" Y="233" T="0" />
		<Point X="222" Y="272" T="0" />
		<Point X="219" Y="314" T="0" />
		<Point X="215" Y="354" T="0" />
		<Point X="214" Y="379" T="0" />
		<Point X="214" Y="389" T="0" />
	</Stroke>
	<Stroke>
		<Point X="179" Y="394" T="0" />
		<Point X="180" Y="394" T="0" />
		<Point X="181" Y="394" T="0" />
		<Point X="182" Y="394" T="0" />
		<Point X="184" Y="394" T="0" />
		<Point X="192" Y="394" T="0" />
		<Point X="204" Y="395" T="0" />
		<Point X="217" Y="395" T="0" />
		<Point X="228" Y="395" T="0" />
		<Point X="234" Y="395" T="0" />
		<Point X="236" Y="395" T="0" />
	</Stroke>
</Gesture> 
