<?xml version="1.0" encoding="utf-8" standalone="yes"?>
<Gesture Name="I06">
	<Stroke>
		<Point X="182" Y="168" T="0" />
		<Point X="183" Y="168" T="0" />
		<Point X="184" Y="168" T="0" />
		<Point X="187" Y="167" T="0" />
		<Point X="193" Y="166" T="0" />
		<Point X="206" Y="166" T="0" />
		<Point X="221" Y="166" T="0" />
		<Point X="237" Y="166" T="0" />
		<Point X="248" Y="166" T="0" />
		<Point X="255" Y="167" T="0" />
		<Point X="258" Y="167" T="0" />
	</Stroke>
	<Stroke>
		<Point X="233" Y="167" T="0" />
		<Point X="233" Y="168" T="0" />
		<Point X="232" Y="173" T="0" />
		<Point X="232" Y="183" T="0" />
		<Point X="232" Y="197" T="0" />
		<Point X="232" Y="215" T="0" />
		<Point X="232" Y="238" T="0" />
		<Point X="232" Y="265" T="0" />
		<Point X="232" Y="287" T="0" />
		<Point X="232" Y="304" T="0" />
		<Point X="232" Y="319" T="0" />
		<Point X="232" Y="330" T="0" />
		<Point X="232" Y="338" T="0" />
		<Point X="232" Y="342" T="0" />
	</Stroke>
	<Stroke>
		<Point X="208" Y="346" T="0" />
		<Point X="210" Y="347" T="0" />
		<Point X="215" Y="347" T="0" />
		<Point X="226" Y="347" T="0" />
		<Point X="240" Y="347" T="0" />
		<Point X="258" Y="347" T="0" />
		<Point X="276" Y="347" T="0" />
		<Point X="289" Y="347" T="0" />
		<Point X="294" Y="347" T="0" />
	</Stroke>
</Gesture> 
