<?xml version="1.0" encoding="utf-8" standalone="yes"?>
<Gesture Name="I07">
	<Stroke>
		<Point X="129" Y="116" T="0" />
		<Point X="129" Y="116" T="0" />
		<Point X="131" Y="117" T="0" />
		<Point X="138" Y="121" T="0" />
		<Point X="147" Y="125" T="0" />
		<Point X="158" Y="128" T="0" />
		<Point X="168" Y="129" T="0" />
		<Point X="175" Y="129" T="0" />
		<Point X="177" Y="129" T="0" />
		<Point X="178" Y="129" T="0" />
	</Stroke>
	<Stroke>
		<Point X="160" Y="131" T="0" />
		<Point X="160" Y="133" T="0" />
		<Point X="158" Y="140" T="0" />
		<Point X="157" Y="148" T="0" />
		<Point X="157" Y="159" T="0" />
		<Point X="156" Y="175" T="0" />
		<Point X="153" Y="193" T="0" />
		<Point X="151" Y="218" T="0" />
		<Point X="149" Y="240" T="0" />
		<Point X="147" Y="263" T="0" />
		<Point X="147" Y="283" T="0" />
		<Point X="147" Y="297" T="0" />
		<Point X="147" Y="307" T="0" />
	</Stroke>
	<Stroke>
		<Point X="132" Y="316" T="0" />
		<Point X="133" Y="316" T="0" />
		<Point X="134" Y="316" T="0" />
		<Point X="140" Y="316" T="0" />
		<Point X="151" Y="316" T="0" />
		<Point X="161" Y="316" T="0" />
		<Point X="172" Y="317" T="0" />
		<Point X="181" Y="317" T="0" />
		<Point X="188" Y="318" T="0" />
	</Stroke>
</Gesture> 
