<?xml version="1.0" encoding="utf-8" standalone="yes"?>
<Gesture Name="I08">
	<Stroke>
		<Point X="158" Y="229" T="0" />
		<Point X="161" Y="228" T="0" />
		<Point X="166" Y="226" T="0" />
		<Point X="175" Y="226" T="0" />
		<Point X="190" Y="225" T="0" />
		<Point X="208" Y="225" T="0" />
		<Point X="221" Y="227" T="0" />
		<Point X="229" Y="228" T="0" />
	</Stroke>
	<Stroke>
		<Point X="209" Y="228" T="0" />
		<Point X="209" Y="229" T="0" />
		<Point X="209" Y="235" T="0" />
		<Point X="209" Y="247" T="0" />
		<Point X="208" Y="264" T="0" />
		<Point X="206" Y="285" T="0" />
		<Point X="204" Y="309" T="0" />
		<Point X="202" Y="327" T="0" />
		<Point X="200" Y="339" T="0" />
		<Point X="200" Y="346" T="0" />
		<Point X="199" Y="350" T="0" />
		<Point X="199" Y="355" T="0" />
		<Point X="198" Y="360" T="0" />
		<Point X="198" Y="364" T="0" />
	</Stroke>
	<Stroke>
		<Point X="181" Y="375" T="0" />
		<Point X="182" Y="375" T="0" />
		<Point X="184" Y="374" T="0" />
		<Point X="187" Y="372" T="0" />
		<Point X="193" Y="370" T="0" />
		<Point X="201" Y="368" T="0" />
		<Point X="214" Y="367" T="0" />
		<Point X="231" Y="366" T="0" />
		<Point X="244" Y="365" T="0" />
		<Point X="250" Y="365" T="0" />
	</Stroke>
</Gesture> 
