<?xml version="1.0" encoding="utf-8" standalone="yes"?>
<Gesture Name="I09">
	<Stroke>
		<Point X="148" Y="199" T="0" />
		<Point X="148" Y="198" T="0" />
		<Point X="148" Y="198" T="0" />
		<Point X="157" Y="197" T="0" />
		<Point X="170" Y="196" T="0" />
		<Point X="191" Y="195" T="0" />
		<Point X="217" Y="195" T="0" />
		<Point X="242" Y="196" T="0" />
		<Point X="263" Y="198" T="0" />
		<Point X="274" Y="199" T="0" />
		<Point X="276" Y="199" T="0" />
	</Stroke>
	<Stroke>
		<Point X="226" Y="196" T="0" />
		<Point X="225" Y="196" T="0" />
		<Point X="223" Y="197" T="0" />
		<Point X="222" Y="198" T="0" />
		<Point X="221" Y="202" T="0" />
		<Point X="221" Y="212" T="0" />
		<Point X="221" Y="226" T="0" />
		<Point X="221" Y="244" T="0" />
		<Point X="221" Y="269" T="0" />
		<Point X="220" Y="294" T="0" />
		<Point X="217" Y="322" T="0" />
		<Point X="215" Y="351" T="0" />
		<Point X="213" Y="376" T="0" />
		<Point X="211" Y="394" T="0" />
		<Point X="210" Y="405" T="0" />
		<Point X="210" Y="412" T="0" />
		<Point X="209" Y="415" T="0" />
		<Point X="209" Y="418" T="0" />
		<Point X="209" Y="420" T="0" />
		<Point X="209" Y="422" T="0" />
		<Point X="208" Y="423" T="0" />
	</Stroke>
	<Stroke>
		<Point X="182" Y="426" T="0" />
		<Point X="182" Y="425" T="0" />
		<Point X="182" Y="424" T="0" />
		<Point X="183" Y="424" T="0" />
		<Point X="184" Y="424" T="0" />
		<Point X="188" Y="424" T="0" />
		<Point X="198" Y="425" T="0" />
		<Point X="212" Y="426" T="0" />
		<Point X="230" Y="429" T="0" />
		<Point X="244" Y="430" T="0" />
		<Point X="252" Y="430" T="0" />
		<Point X="256" Y="430" T="0" />
		<Point X="259" Y="430" T="0" />
		<Point X="261" Y="430" T="0" />
		<Point X="263" Y="430" T="0" />
	</Stroke>
</Gesture> 
