<?xml version="1.0" encoding="utf-8" standalone="yes"?>
<Gesture Name="I10">
	<Stroke>
		<Point X="140" Y="187" T="0" />
		<Point X="144" Y="187" T="0" />
		<Point X="152" Y="190" T="0" />
		<Point X="165" Y="193" T="0" />
		<Point X="184" Y="197" T="0" />
		<Point X="199" Y="201" T="0" />
		<Point X="209" Y="203" T="0" />
	</Stroke>
	<Stroke>
		<Point X="180" Y="200" T="0" />
		<Point X="180" Y="203" T="0" />
		<Point X="180" Y="209" T="0" />
		<Point X="180" Y="222" T="0" />
		<Point X="180" Y="240" T="0" />
		<Point X="176" Y="266" T="0" />
		<Point X="169" Y="298" T="0" />
		<Point X="161" Y="332" T="0" />
		<Point X="149" Y="367" T="0" />
		<Point X="138" Y="398" T="0" />
		<Point X="128" Y="426" T="0" />
		<Point X="125" Y="443" T="0" />
	</Stroke>
	<Stroke>
		<Point X="114" Y="426" T="0" />
		<Point X="114" Y="425" T="0" />
		<Point X="116" Y="425" T="0" />
		<Point X="122" Y="428" T="0" />
		<Point X="141" Y="431" T="0" />
		<Point X="163" Y="434" T="0" />
		<Point X="178" Y="436" T="0" />
		<Point X="187" Y="437" T="0" />
	</Stroke>
</Gesture> 
