<?xml version="1.0" encoding="utf-8" standalone="yes"?>
<Gesture Name="line10">
	<Stroke>
		<Point X="51" Y="259" T="0" />
		<Point X="58" Y="259" T="0" />
		<Point X="73" Y="259" T="0" />
		<Point X="97" Y="258" T="0" />
		<Point X="133" Y="258" T="0" />
		<Point X="184" Y="258" T="0" />
		<Point X="240" Y="258" T="0" />
		<Point X="300" Y="258" T="0" />
		<Point X="344" Y="258" T="0" />
		<Point X="365" Y="257" T="0" />
		<Point X="372" Y="257" T="0" />
		<Point X="373" Y="257" T="0" />
		<Point X="381" Y="256" T="0" />
		<Point X="392" Y="256" T="0" />
		<Point X="412" Y="256" T="0" />
		<Point X="436" Y="256" T="0" />
		<Point X="455" Y="256" T="0" />
	</Stroke>
</Gesture> 
