<?xml version="1.0" encoding="utf-8" standalone="yes"?>
<Gesture Name="line09">
	<Stroke>
		<Point X="121" Y="247" T="0" />
		<Point X="123" Y="250" T="0" />
		<Point X="140" Y="259" T="0" />
		<Point X="171" Y="268" T="0" />
		<Point X="218" Y="275" T="0" />
		<Point X="270" Y="282" T="0" />
		<Point X="311" Y="286" T="0" />
		<Point X="341" Y="289" T="0" />
		<Point X="364" Y="291" T="0" />
		<Point X="379" Y="292" T="0" />
		<Point X="391" Y="293" T="0" />
		<Point X="399" Y="293" T="0" />
		<Point X="408" Y="294" T="0" />
		<Point X="417" Y="295" T="0" />
		<Point X="426" Y="296" T="0" />
		<Point X="433" Y="296" T="0" />
	</Stroke>
</Gesture> 
