<?xml version="1.0" encoding="utf-8" standalone="yes"?>
<Gesture Name="line03">
	<Stroke>
		<Point X="116" Y="219" T="0" />
		<Point X="115" Y="220" T="0" />
		<Point X="115" Y="221" T="0" />
		<Point X="116" Y="221" T="0" />
		<Point X="126" Y="225" T="0" />
		<Point X="148" Y="229" T="0" />
		<Point X="186" Y="231" T="0" />
		<Point X="239" Y="234" T="0" />
		<Point X="299" Y="234" T="0" />
		<Point X="343" Y="234" T="0" />
		<Point X="376" Y="234" T="0" />
		<Point X="396" Y="234" T="0" />
		<Point X="408" Y="234" T="0" />
		<Point X="417" Y="235" T="0" />
		<Point X="425" Y="235" T="0" />
	</Stroke>
</Gesture> 
