<?xml version="1.0" encoding="utf-8" standalone="yes"?>
<Gesture Name="line07">
	<Stroke>
		<Point X="71" Y="275" T="0" />
		<Point X="71" Y="276" T="0" />
		<Point X="78" Y="277" T="0" />
		<Point X="102" Y="278" T="0" />
		<Point X="152" Y="277" T="0" />
		<Point X="217" Y="272" T="0" />
		<Point X="281" Y="267" T="0" />
		<Point X="322" Y="266" T="0" />
		<Point X="345" Y="264" T="0" />
		<Point X="356" Y="264" T="0" />
		<Point X="364" Y="264" T="0" />
		<Point X="371" Y="264" T="0" />
		<Point X="378" Y="265" T="0" />
		<Point X="381" Y="265" T="0" />
		<Point X="381" Y="265" T="0" />
	</Stroke>
</Gesture> 
