<?xml version="1.0" encoding="utf-8" standalone="yes"?>
<Gesture Name="line02">
	<Stroke>
		<Point X="27" Y="258" T="0" />
		<Point X="27" Y="258" T="0" />
		<Point X="30" Y="257" T="0" />
		<Point X="43" Y="258" T="0" />
		<Point X="93" Y="264" T="0" />
		<Point X="148" Y="267" T="0" />
		<Point X="207" Y="269" T="0" />
		<Point X="253" Y="270" T="0" />
		<Point X="287" Y="271" T="0" />
		<Point X="311" Y="272" T="0" />
		<Point X="327" Y="272" T="0" />
		<Point X="334" Y="272" T="0" />
		<Point X="337" Y="272" T="0" />
		<Point X="338" Y="271" T="0" />
		<Point X="339" Y="270" T="0" />
		<Point X="340" Y="269" T="0" />
	</Stroke>
</Gesture> 
