<?xml version="1.0" encoding="utf-8" standalone="yes"?>
<Gesture Name="line08">
	<Stroke>
		<Point X="120" Y="258" T="0" />
		<Point X="120" Y="258" T="0" />
		<Point X="127" Y="258" T="0" />
		<Point X="143" Y="259" T="0" />
		<Point X="179" Y="259" T="0" />
		<Point X="230" Y="259" T="0" />
		<Point X="300" Y="259" T="0" />
		<Point X="373" Y="259" T="0" />
		<Point X="434" Y="265" T="0" />
		<Point X="469" Y="269" T="0" />
		<Point X="486" Y="273" T="0" />
		<Point X="488" Y="273" T="0" />
		<Point X="488" Y="273" T="0" />
	</Stroke>
</Gesture> 
