<?xml version="1.0" encoding="utf-8" standalone="yes"?>
<Gesture Name="line01">
	<Stroke>
		<Point X="95" Y="230" T="0" />
		<Point X="99" Y="230" T="0" />
		<Point X="101" Y="230" T="0" />
		<Point X="105" Y="230" T="0" />
		<Point X="119" Y="232" T="0" />
		<Point X="161" Y="235" T="0" />
		<Point X="216" Y="237" T="0" />
		<Point X="286" Y="240" T="0" />
		<Point X="321" Y="241" T="0" />
		<Point X="352" Y="242" T="0" />
		<Point X="361" Y="242" T="0" />
		<Point X="362" Y="242" T="0" />
		<Point X="363" Y="242" T="0" />
	</Stroke>
</Gesture> 
