<?xml version="1.0" encoding="utf-8" standalone="yes"?>
<Gesture Name="N01">
	<Stroke>
		<Point X="159" Y="158" T="0" />
		<Point X="159" Y="158" T="0" />
		<Point X="159" Y="163" T="0" />
		<Point X="155" Y="180" T="0" />
		<Point X="143" Y="209" T="0" />
		<Point X="127" Y="249" T="0" />
		<Point X="108" Y="300" T="0" />
		<Point X="95" Y="349" T="0" />
		<Point X="87" Y="387" T="0" />
		<Point X="86" Y="411" T="0" />
		<Point X="86" Y="424" T="0" />
		<Point X="86" Y="427" T="0" />
		<Point X="88" Y="420" T="0" />
	</Stroke>
	<Stroke>
		<Point X="152" Y="166" T="0" />
		<Point X="152" Y="165" T="0" />
		<Point X="155" Y="163" T="0" />
		<Point X="156" Y="163" T="0" />
		<Point X="158" Y="163" T="0" />
		<Point X="160" Y="169" T="0" />
		<Point X="165" Y="181" T="0" />
		<Point X="172" Y="199" T="0" />
		<Point X="180" Y="220" T="0" />
		<Point X="188" Y="238" T="0" />
		<Point X="197" Y="257" T="0" />
		<Point X="205" Y="280" T="0" />
		<Point X="213" Y="303" T="0" />
		<Point X="221" Y="328" T="0" />
		<Point X="225" Y="350" T="0" />
		<Point X="227" Y="362" T="0" />
		<Point X="228" Y="367" T="0" />
		<Point X="228" Y="369" T="0" />
		<Point X="228" Y="372" T="0" />
		<Point X="229" Y="375" T="0" />
		<Point X="229" Y="376" T="0" />
	</Stroke>
	<Stroke>
		<Point X="259" Y="153" T="0" />
		<Point X="259" Y="154" T="0" />
		<Point X="259" Y="158" T="0" />
		<Point X="255" Y="180" T="0" />
		<Point X="251" Y="204" T="0" />
		<Point X="243" Y="241" T="0" />
		<Point X="236" Y="279" T="0" />
		<Point X="229" Y="316" T="0" />
		<Point X="225" Y="337" T="0" />
		<Point X="222" Y="350" T="0" />
		<Point X="220" Y="361" T="0" />
		<Point X="219" Y="374" T="0" />
		<Point X="217" Y="382" T="0" />
		<Point X="216" Y="387" T="0" />
		<Point X="215" Y="391" T="0" />
	</Stroke>
</Gesture> 
