<?xml version="1.0" encoding="utf-8" standalone="yes"?>
<Gesture Name="N02">
	<Stroke>
		<Point X="186" Y="177" T="0" />
		<Point X="186" Y="177" T="0" />
		<Point X="186" Y="178" T="0" />
		<Point X="186" Y="186" T="0" />
		<Point X="183" Y="216" T="0" />
		<Point X="176" Y="250" T="0" />
		<Point X="167" Y="292" T="0" />
		<Point X="161" Y="331" T="0" />
		<Point X="158" Y="361" T="0" />
		<Point X="158" Y="369" T="0" />
		<Point X="158" Y="371" T="0" />
	</Stroke>
	<Stroke>
		<Point X="191" Y="178" T="0" />
		<Point X="192" Y="178" T="0" />
		<Point X="193" Y="179" T="0" />
		<Point X="195" Y="185" T="0" />
		<Point X="198" Y="196" T="0" />
		<Point X="205" Y="215" T="0" />
		<Point X="216" Y="243" T="0" />
		<Point X="230" Y="269" T="0" />
		<Point X="240" Y="287" T="0" />
		<Point X="247" Y="301" T="0" />
		<Point X="252" Y="311" T="0" />
		<Point X="254" Y="318" T="0" />
		<Point X="255" Y="323" T="0" />
		<Point X="256" Y="329" T="0" />
		<Point X="256" Y="334" T="0" />
		<Point X="256" Y="337" T="0" />
	</Stroke>
	<Stroke>
		<Point X="282" Y="147" T="0" />
		<Point X="282" Y="148" T="0" />
		<Point X="282" Y="156" T="0" />
		<Point X="280" Y="173" T="0" />
		<Point X="274" Y="200" T="0" />
		<Point X="268" Y="234" T="0" />
		<Point X="263" Y="266" T="0" />
		<Point X="260" Y="290" T="0" />
		<Point X="260" Y="304" T="0" />
		<Point X="259" Y="312" T="0" />
		<Point X="259" Y="317" T="0" />
		<Point X="258" Y="320" T="0" />
		<Point X="258" Y="324" T="0" />
		<Point X="258" Y="328" T="0" />
		<Point X="258" Y="329" T="0" />
	</Stroke>
</Gesture> 
