<?xml version="1.0" encoding="utf-8" standalone="yes"?>
<Gesture Name="N03">
	<Stroke>
		<Point X="164" Y="200" T="0" />
		<Point X="164" Y="200" T="0" />
		<Point X="163" Y="211" T="0" />
		<Point X="159" Y="228" T="0" />
		<Point X="152" Y="259" T="0" />
		<Point X="146" Y="298" T="0" />
		<Point X="138" Y="332" T="0" />
		<Point X="132" Y="363" T="0" />
		<Point X="128" Y="379" T="0" />
		<Point X="127" Y="385" T="0" />
	</Stroke>
	<Stroke>
		<Point X="194" Y="194" T="0" />
		<Point X="194" Y="195" T="0" />
		<Point X="194" Y="200" T="0" />
		<Point X="194" Y="217" T="0" />
		<Point X="196" Y="236" T="0" />
		<Point X="200" Y="255" T="0" />
		<Point X="207" Y="275" T="0" />
		<Point X="215" Y="296" T="0" />
		<Point X="225" Y="319" T="0" />
		<Point X="233" Y="340" T="0" />
		<Point X="240" Y="357" T="0" />
		<Point X="246" Y="371" T="0" />
		<Point X="249" Y="381" T="0" />
		<Point X="251" Y="387" T="0" />
		<Point X="253" Y="392" T="0" />
	</Stroke>
	<Stroke>
		<Point X="306" Y="182" T="0" />
		<Point X="306" Y="183" T="0" />
		<Point X="306" Y="186" T="0" />
		<Point X="305" Y="200" T="0" />
		<Point X="303" Y="221" T="0" />
		<Point X="299" Y="244" T="0" />
		<Point X="295" Y="272" T="0" />
		<Point X="290" Y="302" T="0" />
		<Point X="287" Y="326" T="0" />
		<Point X="284" Y="342" T="0" />
		<Point X="283" Y="355" T="0" />
		<Point X="282" Y="366" T="0" />
		<Point X="282" Y="375" T="0" />
		<Point X="282" Y="379" T="0" />
	</Stroke>
</Gesture> 
