<?xml version="1.0" encoding="utf-8" standalone="yes"?>
<Gesture Name="N04">
	<Stroke>
		<Point X="162" Y="147" T="0" />
		<Point X="162" Y="147" T="0" />
		<Point X="162" Y="147" T="0" />
		<Point X="162" Y="150" T="0" />
		<Point X="160" Y="166" T="0" />
		<Point X="155" Y="192" T="0" />
		<Point X="147" Y="227" T="0" />
		<Point X="137" Y="263" T="0" />
		<Point X="130" Y="294" T="0" />
		<Point X="124" Y="315" T="0" />
		<Point X="122" Y="329" T="0" />
		<Point X="121" Y="337" T="0" />
		<Point X="121" Y="342" T="0" />
	</Stroke>
	<Stroke>
		<Point X="154" Y="143" T="0" />
		<Point X="156" Y="149" T="0" />
		<Point X="161" Y="167" T="0" />
		<Point X="168" Y="190" T="0" />
		<Point X="179" Y="219" T="0" />
		<Point X="190" Y="244" T="0" />
		<Point X="199" Y="266" T="0" />
		<Point X="206" Y="281" T="0" />
		<Point X="210" Y="292" T="0" />
		<Point X="211" Y="299" T="0" />
		<Point X="211" Y="305" T="0" />
		<Point X="212" Y="315" T="0" />
		<Point X="213" Y="324" T="0" />
		<Point X="215" Y="332" T="0" />
		<Point X="216" Y="333" T="0" />
	</Stroke>
	<Stroke>
		<Point X="245" Y="141" T="0" />
		<Point X="244" Y="144" T="0" />
		<Point X="243" Y="159" T="0" />
		<Point X="240" Y="182" T="0" />
		<Point X="236" Y="209" T="0" />
		<Point X="231" Y="236" T="0" />
		<Point X="227" Y="262" T="0" />
		<Point X="222" Y="287" T="0" />
		<Point X="218" Y="305" T="0" />
		<Point X="216" Y="317" T="0" />
		<Point X="214" Y="326" T="0" />
		<Point X="213" Y="331" T="0" />
		<Point X="212" Y="335" T="0" />
	</Stroke>
</Gesture> 
