<?xml version="1.0" encoding="utf-8" standalone="yes"?>
<Gesture Name="N05">
	<Stroke>
		<Point X="247" Y="184" T="0" />
		<Point X="247" Y="184" T="0" />
		<Point X="247" Y="188" T="0" />
		<Point X="244" Y="203" T="0" />
		<Point X="238" Y="223" T="0" />
		<Point X="231" Y="249" T="0" />
		<Point X="222" Y="280" T="0" />
		<Point X="216" Y="303" T="0" />
		<Point X="211" Y="322" T="0" />
		<Point X="209" Y="333" T="0" />
		<Point X="209" Y="338" T="0" />
		<Point X="209" Y="340" T="0" />
	</Stroke>
	<Stroke>
		<Point X="250" Y="166" T="0" />
		<Point X="262" Y="176" T="0" />
		<Point X="275" Y="193" T="0" />
		<Point X="289" Y="219" T="0" />
		<Point X="300" Y="242" T="0" />
		<Point X="307" Y="269" T="0" />
		<Point X="310" Y="291" T="0" />
		<Point X="313" Y="310" T="0" />
		<Point X="315" Y="325" T="0" />
		<Point X="316" Y="334" T="0" />
		<Point X="316" Y="338" T="0" />
	</Stroke>
	<Stroke>
		<Point X="330" Y="148" T="0" />
		<Point X="330" Y="149" T="0" />
		<Point X="330" Y="154" T="0" />
		<Point X="330" Y="167" T="0" />
		<Point X="329" Y="182" T="0" />
		<Point X="327" Y="205" T="0" />
		<Point X="323" Y="231" T="0" />
		<Point X="316" Y="258" T="0" />
		<Point X="312" Y="282" T="0" />
		<Point X="309" Y="296" T="0" />
		<Point X="308" Y="304" T="0" />
		<Point X="307" Y="309" T="0" />
		<Point X="307" Y="313" T="0" />
		<Point X="306" Y="316" T="0" />
		<Point X="306" Y="319" T="0" />
		<Point X="306" Y="320" T="0" />
		<Point X="306" Y="321" T="0" />
		<Point X="305" Y="322" T="0" />
		<Point X="305" Y="323" T="0" />
		<Point X="305" Y="326" T="0" />
		<Point X="305" Y="329" T="0" />
		<Point X="304" Y="333" T="0" />
		<Point X="304" Y="336" T="0" />
	</Stroke>
</Gesture> 
