<?xml version="1.0" encoding="utf-8" standalone="yes"?>
<Gesture Name="N06">
	<Stroke>
		<Point X="190" Y="125" T="0" />
		<Point X="190" Y="125" T="0" />
		<Point X="190" Y="126" T="0" />
		<Point X="191" Y="137" T="0" />
		<Point X="191" Y="149" T="0" />
		<Point X="191" Y="166" T="0" />
		<Point X="190" Y="183" T="0" />
		<Point X="187" Y="206" T="0" />
		<Point X="186" Y="230" T="0" />
		<Point X="184" Y="251" T="0" />
		<Point X="183" Y="270" T="0" />
		<Point X="180" Y="284" T="0" />
		<Point X="178" Y="295" T="0" />
		<Point X="177" Y="302" T="0" />
		<Point X="177" Y="306" T="0" />
		<Point X="176" Y="310" T="0" />
		<Point X="176" Y="311" T="0" />
		<Point X="176" Y="310" T="0" />
	</Stroke>
	<Stroke>
		<Point X="189" Y="123" T="0" />
		<Point X="190" Y="123" T="0" />
		<Point X="191" Y="123" T="0" />
		<Point X="192" Y="123" T="0" />
		<Point X="194" Y="124" T="0" />
		<Point X="199" Y="131" T="0" />
		<Point X="204" Y="141" T="0" />
		<Point X="209" Y="152" T="0" />
		<Point X="214" Y="164" T="0" />
		<Point X="220" Y="179" T="0" />
		<Point X="224" Y="194" T="0" />
		<Point X="231" Y="213" T="0" />
		<Point X="239" Y="232" T="0" />
		<Point X="245" Y="245" T="0" />
		<Point X="251" Y="253" T="0" />
		<Point X="253" Y="257" T="0" />
		<Point X="255" Y="261" T="0" />
		<Point X="257" Y="267" T="0" />
		<Point X="259" Y="272" T="0" />
		<Point X="260" Y="276" T="0" />
		<Point X="260" Y="277" T="0" />
		<Point X="260" Y="278" T="0" />
		<Point X="261" Y="280" T="0" />
		<Point X="263" Y="285" T="0" />
		<Point X="264" Y="289" T="0" />
		<Point X="265" Y="292" T="0" />
		<Point X="265" Y="293" T="0" />
		<Point X="265" Y="294" T="0" />
		<Point X="266" Y="297" T="0" />
		<Point X="267" Y="301" T="0" />
		<Point X="267" Y="305" T="0" />
		<Point X="268" Y="306" T="0" />
		<Point X="268" Y="307" T="0" />
		<Point X="268" Y="308" T="0" />
		<Point X="268" Y="309" T="0" />
	</Stroke>
	<Stroke>
		<Point X="282" Y="141" T="0" />
		<Point X="282" Y="142" T="0" />
		<Point X="282" Y="146" T="0" />
		<Point X="282" Y="156" T="0" />
		<Point X="280" Y="165" T="0" />
		<Point X="278" Y="177" T="0" />
		<Point X="276" Y="190" T="0" />
		<Point X="274" Y="202" T="0" />
		<Point X="273" Y="216" T="0" />
		<Point X="272" Y="230" T="0" />
		<Point X="271" Y="241" T="0" />
		<Point X="269" Y="251" T="0" />
		<Point X="268" Y="261" T="0" />
		<Point X="267" Y="269" T="0" />
		<Point X="267" Y="274" T="0" />
		<Point X="267" Y="279" T="0" />
		<Point X="266" Y="282" T="0" />
		<Point X="265" Y="284" T="0" />
		<Point X="265" Y="286" T="0" />
		<Point X="265" Y="288" T="0" />
		<Point X="264" Y="291" T="0" />
		<Point X="264" Y="294" T="0" />
		<Point X="264" Y="297" T="0" />
		<Point X="264" Y="300" T="0" />
		<Point X="263" Y="301" T="0" />
	</Stroke>
</Gesture> 
