<?xml version="1.0" encoding="utf-8" standalone="yes"?>
<Gesture Name="N07">
	<Stroke>
		<Point X="160" Y="182" T="0" />
		<Point X="160" Y="185" T="0" />
		<Point X="159" Y="196" T="0" />
		<Point X="158" Y="216" T="0" />
		<Point X="157" Y="250" T="0" />
		<Point X="156" Y="290" T="0" />
		<Point X="154" Y="334" T="0" />
		<Point X="151" Y="362" T="0" />
		<Point X="150" Y="374" T="0" />
		<Point X="150" Y="379" T="0" />
		<Point X="150" Y="381" T="0" />
	</Stroke>
	<Stroke>
		<Point X="169" Y="197" T="0" />
		<Point X="170" Y="197" T="0" />
		<Point X="175" Y="202" T="0" />
		<Point X="181" Y="211" T="0" />
		<Point X="188" Y="228" T="0" />
		<Point X="196" Y="251" T="0" />
		<Point X="206" Y="278" T="0" />
		<Point X="215" Y="306" T="0" />
		<Point X="225" Y="332" T="0" />
		<Point X="233" Y="353" T="0" />
		<Point X="241" Y="373" T="0" />
		<Point X="246" Y="385" T="0" />
		<Point X="249" Y="394" T="0" />
		<Point X="250" Y="399" T="0" />
	</Stroke>
	<Stroke>
		<Point X="258" Y="191" T="0" />
		<Point X="260" Y="201" T="0" />
		<Point X="261" Y="215" T="0" />
		<Point X="262" Y="233" T="0" />
		<Point X="262" Y="257" T="0" />
		<Point X="261" Y="287" T="0" />
		<Point X="258" Y="315" T="0" />
		<Point X="256" Y="338" T="0" />
		<Point X="255" Y="357" T="0" />
		<Point X="254" Y="374" T="0" />
		<Point X="254" Y="389" T="0" />
		<Point X="253" Y="403" T="0" />
		<Point X="252" Y="414" T="0" />
		<Point X="252" Y="421" T="0" />
	</Stroke>
</Gesture> 
