<?xml version="1.0" encoding="utf-8" standalone="yes"?>
<Gesture Name="N08">
	<Stroke>
		<Point X="258" Y="180" T="0" />
		<Point X="258" Y="181" T="0" />
		<Point X="257" Y="185" T="0" />
		<Point X="254" Y="197" T="0" />
		<Point X="248" Y="219" T="0" />
		<Point X="238" Y="251" T="0" />
		<Point X="226" Y="292" T="0" />
		<Point X="214" Y="330" T="0" />
		<Point X="205" Y="362" T="0" />
		<Point X="200" Y="383" T="0" />
		<Point X="198" Y="391" T="0" />
	</Stroke>
	<Stroke>
		<Point X="278" Y="196" T="0" />
		<Point X="281" Y="198" T="0" />
		<Point X="287" Y="207" T="0" />
		<Point X="293" Y="223" T="0" />
		<Point X="300" Y="242" T="0" />
		<Point X="307" Y="268" T="0" />
		<Point X="316" Y="293" T="0" />
		<Point X="321" Y="312" T="0" />
		<Point X="327" Y="329" T="0" />
		<Point X="333" Y="344" T="0" />
		<Point X="338" Y="359" T="0" />
		<Point X="342" Y="371" T="0" />
		<Point X="344" Y="379" T="0" />
	</Stroke>
	<Stroke>
		<Point X="383" Y="181" T="0" />
		<Point X="383" Y="183" T="0" />
		<Point X="383" Y="189" T="0" />
		<Point X="382" Y="210" T="0" />
		<Point X="379" Y="235" T="0" />
		<Point X="374" Y="276" T="0" />
		<Point X="368" Y="312" T="0" />
		<Point X="365" Y="339" T="0" />
		<Point X="363" Y="359" T="0" />
		<Point X="361" Y="371" T="0" />
		<Point X="359" Y="382" T="0" />
		<Point X="359" Y="390" T="0" />
		<Point X="358" Y="395" T="0" />
	</Stroke>
</Gesture> 
