<?xml version="1.0" encoding="utf-8" standalone="yes"?>
<Gesture Name="N09">
	<Stroke>
		<Point X="186" Y="195" T="0" />
		<Point X="185" Y="195" T="0" />
		<Point X="183" Y="203" T="0" />
		<Point X="181" Y="219" T="0" />
		<Point X="179" Y="246" T="0" />
		<Point X="176" Y="279" T="0" />
		<Point X="172" Y="311" T="0" />
		<Point X="169" Y="339" T="0" />
		<Point X="166" Y="355" T="0" />
		<Point X="166" Y="360" T="0" />
		<Point X="166" Y="362" T="0" />
		<Point X="166" Y="362" T="0" />
		<Point X="165" Y="362" T="0" />
	</Stroke>
	<Stroke>
		<Point X="175" Y="211" T="0" />
		<Point X="175" Y="212" T="0" />
		<Point X="176" Y="214" T="0" />
		<Point X="177" Y="215" T="0" />
		<Point X="181" Y="221" T="0" />
		<Point X="189" Y="229" T="0" />
		<Point X="199" Y="240" T="0" />
		<Point X="207" Y="251" T="0" />
		<Point X="214" Y="266" T="0" />
		<Point X="219" Y="283" T="0" />
		<Point X="223" Y="297" T="0" />
		<Point X="226" Y="311" T="0" />
		<Point X="228" Y="321" T="0" />
		<Point X="231" Y="330" T="0" />
		<Point X="233" Y="337" T="0" />
		<Point X="236" Y="346" T="0" />
		<Point X="240" Y="355" T="0" />
		<Point X="244" Y="364" T="0" />
		<Point X="247" Y="370" T="0" />
		<Point X="248" Y="373" T="0" />
	</Stroke>
	<Stroke>
		<Point X="269" Y="208" T="0" />
		<Point X="269" Y="209" T="0" />
		<Point X="269" Y="218" T="0" />
		<Point X="270" Y="236" T="0" />
		<Point X="270" Y="259" T="0" />
		<Point X="268" Y="289" T="0" />
		<Point X="265" Y="317" T="0" />
		<Point X="262" Y="341" T="0" />
		<Point X="260" Y="356" T="0" />
		<Point X="259" Y="362" T="0" />
		<Point X="259" Y="365" T="0" />
		<Point X="259" Y="366" T="0" />
		<Point X="259" Y="367" T="0" />
		<Point X="259" Y="368" T="0" />
		<Point X="259" Y="369" T="0" />
	</Stroke>
</Gesture> 
