<?xml version="1.0" encoding="utf-8" standalone="yes"?>
<Gesture Name="N10">
	<Stroke>
		<Point X="251" Y="166" T="0" />
		<Point X="250" Y="170" T="0" />
		<Point X="247" Y="177" T="0" />
		<Point X="244" Y="188" T="0" />
		<Point X="240" Y="207" T="0" />
		<Point X="237" Y="234" T="0" />
		<Point X="233" Y="268" T="0" />
		<Point X="228" Y="297" T="0" />
		<Point X="225" Y="324" T="0" />
		<Point X="223" Y="345" T="0" />
		<Point X="223" Y="358" T="0" />
	</Stroke>
	<Stroke>
		<Point X="254" Y="193" T="0" />
		<Point X="255" Y="193" T="0" />
		<Point X="268" Y="208" T="0" />
		<Point X="276" Y="222" T="0" />
		<Point X="284" Y="239" T="0" />
		<Point X="293" Y="262" T="0" />
		<Point X="302" Y="290" T="0" />
		<Point X="309" Y="313" T="0" />
		<Point X="317" Y="332" T="0" />
		<Point X="324" Y="346" T="0" />
		<Point X="329" Y="354" T="0" />
		<Point X="332" Y="356" T="0" />
	</Stroke>
	<Stroke>
		<Point X="339" Y="188" T="0" />
		<Point X="339" Y="190" T="0" />
		<Point X="338" Y="197" T="0" />
		<Point X="337" Y="208" T="0" />
		<Point X="336" Y="226" T="0" />
		<Point X="334" Y="250" T="0" />
		<Point X="329" Y="284" T="0" />
		<Point X="326" Y="309" T="0" />
		<Point X="323" Y="327" T="0" />
		<Point X="322" Y="338" T="0" />
		<Point X="322" Y="347" T="0" />
		<Point X="322" Y="353" T="0" />
		<Point X="322" Y="358" T="0" />
		<Point X="322" Y="359" T="0" />
		<Point X="322" Y="361" T="0" />
		<Point X="322" Y="363" T="0" />
	</Stroke>
</Gesture> 
