<?xml version="1.0" encoding="utf-8" standalone="yes"?>
<Gesture Name="null07">
	<Stroke>
		<Point X="299" Y="235" T="0" />
		<Point X="299" Y="231" T="0" />
		<Point X="297" Y="227" T="0" />
		<Point X="292" Y="225" T="0" />
		<Point X="283" Y="223" T="0" />
		<Point X="271" Y="222" T="0" />
		<Point X="258" Y="222" T="0" />
		<Point X="245" Y="225" T="0" />
		<Point X="234" Y="234" T="0" />
		<Point X="222" Y="248" T="0" />
		<Point X="211" Y="265" T="0" />
		<Point X="205" Y="278" T="0" />
		<Point X="205" Y="287" T="0" />
		<Point X="209" Y="293" T="0" />
		<Point X="218" Y="299" T="0" />
		<Point X="222" Y="300" T="0" />
		<Point X="263" Y="315" T="0" />
		<Point X="293" Y="320" T="0" />
		<Point X="322" Y="324" T="0" />
		<Point X="343" Y="325" T="0" />
		<Point X="356" Y="325" T="0" />
		<Point X="365" Y="324" T="0" />
		<Point X="370" Y="317" T="0" />
		<Point X="374" Y="307" T="0" />
		<Point X="376" Y="293" T="0" />
		<Point X="375" Y="277" T="0" />
		<Point X="368" Y="261" T="0" />
		<Point X="353" Y="241" T="0" />
		<Point X="336" Y="227" T="0" />
		<Point X="319" Y="217" T="0" />
		<Point X="298" Y="213" T="0" />
		<Point X="266" Y="213" T="0" />
		<Point X="235" Y="214" T="0" />
		<Point X="213" Y="217" T="0" />
		<Point X="205" Y="220" T="0" />
	</Stroke>
	<Stroke>
		<Point X="382" Y="127" T="0" />
		<Point X="381" Y="128" T="0" />
		<Point X="379" Y="131" T="0" />
		<Point X="373" Y="138" T="0" />
		<Point X="359" Y="153" T="0" />
		<Point X="333" Y="178" T="0" />
		<Point X="292" Y="216" T="0" />
		<Point X="249" Y="262" T="0" />
		<Point X="214" Y="306" T="0" />
		<Point X="182" Y="351" T="0" />
		<Point X="164" Y="381" T="0" />
		<Point X="152" Y="399" T="0" />
		<Point X="146" Y="410" T="0" />
	</Stroke>
</Gesture> 
