<?xml version="1.0" encoding="utf-8" standalone="yes"?>
<Gesture Name="null02">
	<Stroke>
		<Point X="277" Y="199" T="0" />
		<Point X="277" Y="198" T="0" />
		<Point X="274" Y="198" T="0" />
		<Point X="264" Y="197" T="0" />
		<Point X="243" Y="196" T="0" />
		<Point X="212" Y="196" T="0" />
		<Point X="175" Y="202" T="0" />
		<Point X="146" Y="212" T="0" />
		<Point X="129" Y="224" T="0" />
		<Point X="122" Y="238" T="0" />
		<Point X="122" Y="252" T="0" />
		<Point X="125" Y="264" T="0" />
		<Point X="136" Y="274" T="0" />
		<Point X="151" Y="282" T="0" />
		<Point X="172" Y="286" T="0" />
		<Point X="195" Y="285" T="0" />
		<Point X="224" Y="276" T="0" />
		<Point X="250" Y="264" T="0" />
		<Point X="264" Y="254" T="0" />
		<Point X="271" Y="244" T="0" />
		<Point X="274" Y="232" T="0" />
		<Point X="275" Y="220" T="0" />
		<Point X="272" Y="208" T="0" />
		<Point X="263" Y="197" T="0" />
		<Point X="247" Y="189" T="0" />
		<Point X="225" Y="185" T="0" />
		<Point X="197" Y="185" T="0" />
		<Point X="174" Y="192" T="0" />
		<Point X="155" Y="201" T="0" />
		<Point X="146" Y="207" T="0" />
	</Stroke>
	<Stroke>
		<Point X="280" Y="104" T="0" />
		<Point X="267" Y="121" T="0" />
		<Point X="247" Y="156" T="0" />
		<Point X="218" Y="214" T="0" />
		<Point X="184" Y="285" T="0" />
		<Point X="145" Y="360" T="0" />
		<Point X="107" Y="422" T="0" />
		<Point X="81" Y="465" T="0" />
		<Point X="72" Y="487" T="0" />
	</Stroke>
</Gesture> 
