<?xml version="1.0" encoding="utf-8" standalone="yes"?>
<Gesture Name="null04">
	<Stroke>
		<Point X="312" Y="207" T="0" />
		<Point X="310" Y="207" T="0" />
		<Point X="300" Y="206" T="0" />
		<Point X="281" Y="206" T="0" />
		<Point X="259" Y="207" T="0" />
		<Point X="242" Y="214" T="0" />
		<Point X="234" Y="222" T="0" />
		<Point X="231" Y="233" T="0" />
		<Point X="232" Y="244" T="0" />
		<Point X="240" Y="255" T="0" />
		<Point X="254" Y="266" T="0" />
		<Point X="280" Y="277" T="0" />
		<Point X="311" Y="286" T="0" />
		<Point X="352" Y="295" T="0" />
		<Point X="384" Y="301" T="0" />
		<Point X="415" Y="304" T="0" />
		<Point X="438" Y="303" T="0" />
		<Point X="456" Y="293" T="0" />
		<Point X="464" Y="279" T="0" />
		<Point X="465" Y="264" T="0" />
		<Point X="458" Y="249" T="0" />
		<Point X="444" Y="236" T="0" />
		<Point X="421" Y="222" T="0" />
		<Point X="394" Y="211" T="0" />
		<Point X="368" Y="206" T="0" />
		<Point X="340" Y="205" T="0" />
	</Stroke>
	<Stroke>
		<Point X="454" Y="119" T="0" />
		<Point X="450" Y="121" T="0" />
		<Point X="439" Y="130" T="0" />
		<Point X="421" Y="150" T="0" />
		<Point X="399" Y="182" T="0" />
		<Point X="377" Y="219" T="0" />
		<Point X="347" Y="265" T="0" />
		<Point X="311" Y="315" T="0" />
		<Point X="272" Y="360" T="0" />
		<Point X="243" Y="392" T="0" />
		<Point X="234" Y="405" T="0" />
	</Stroke>
</Gesture> 
