<?xml version="1.0" encoding="utf-8" standalone="yes"?>
<Gesture Name="null06">
	<Stroke>
		<Point X="379" Y="210" T="0" />
		<Point X="374" Y="209" T="0" />
		<Point X="351" Y="205" T="0" />
		<Point X="324" Y="203" T="0" />
		<Point X="298" Y="204" T="0" />
		<Point X="272" Y="207" T="0" />
		<Point X="252" Y="214" T="0" />
		<Point X="237" Y="224" T="0" />
		<Point X="228" Y="237" T="0" />
		<Point X="227" Y="249" T="0" />
		<Point X="230" Y="261" T="0" />
		<Point X="245" Y="274" T="0" />
		<Point X="266" Y="285" T="0" />
		<Point X="302" Y="299" T="0" />
		<Point X="344" Y="313" T="0" />
		<Point X="384" Y="323" T="0" />
		<Point X="425" Y="327" T="0" />
		<Point X="459" Y="327" T="0" />
		<Point X="481" Y="322" T="0" />
		<Point X="491" Y="315" T="0" />
		<Point X="495" Y="305" T="0" />
		<Point X="495" Y="294" T="0" />
		<Point X="491" Y="282" T="0" />
		<Point X="479" Y="269" T="0" />
		<Point X="460" Y="256" T="0" />
		<Point X="433" Y="245" T="0" />
		<Point X="397" Y="234" T="0" />
		<Point X="361" Y="226" T="0" />
		<Point X="323" Y="223" T="0" />
		<Point X="295" Y="223" T="0" />
		<Point X="274" Y="226" T="0" />
		<Point X="261" Y="231" T="0" />
		<Point X="255" Y="234" T="0" />
	</Stroke>
	<Stroke>
		<Point X="418" Y="129" T="0" />
		<Point X="418" Y="130" T="0" />
		<Point X="414" Y="132" T="0" />
		<Point X="403" Y="143" T="0" />
		<Point X="383" Y="162" T="0" />
		<Point X="353" Y="194" T="0" />
		<Point X="311" Y="239" T="0" />
		<Point X="261" Y="297" T="0" />
		<Point X="219" Y="355" T="0" />
		<Point X="193" Y="395" T="0" />
		<Point X="186" Y="414" T="0" />
		<Point X="184" Y="420" T="0" />
	</Stroke>
</Gesture> 
