<?xml version="1.0" encoding="utf-8" standalone="yes"?>
<Gesture Name="null05">
	<Stroke>
		<Point X="311" Y="260" T="0" />
		<Point X="311" Y="259" T="0" />
		<Point X="308" Y="253" T="0" />
		<Point X="300" Y="249" T="0" />
		<Point X="288" Y="247" T="0" />
		<Point X="274" Y="247" T="0" />
		<Point X="259" Y="252" T="0" />
		<Point X="246" Y="261" T="0" />
		<Point X="235" Y="274" T="0" />
		<Point X="227" Y="288" T="0" />
		<Point X="224" Y="301" T="0" />
		<Point X="228" Y="312" T="0" />
		<Point X="244" Y="324" T="0" />
		<Point X="273" Y="335" T="0" />
		<Point X="309" Y="346" T="0" />
		<Point X="354" Y="352" T="0" />
		<Point X="403" Y="355" T="0" />
		<Point X="433" Y="355" T="0" />
		<Point X="450" Y="349" T="0" />
		<Point X="453" Y="343" T="0" />
		<Point X="452" Y="331" T="0" />
		<Point X="445" Y="316" T="0" />
		<Point X="433" Y="302" T="0" />
		<Point X="416" Y="290" T="0" />
		<Point X="389" Y="277" T="0" />
		<Point X="351" Y="268" T="0" />
		<Point X="309" Y="264" T="0" />
		<Point X="264" Y="262" T="0" />
		<Point X="232" Y="262" T="0" />
		<Point X="225" Y="262" T="0" />
	</Stroke>
	<Stroke>
		<Point X="398" Y="174" T="0" />
		<Point X="397" Y="177" T="0" />
		<Point X="386" Y="196" T="0" />
		<Point X="362" Y="231" T="0" />
		<Point X="326" Y="280" T="0" />
		<Point X="288" Y="338" T="0" />
		<Point X="259" Y="387" T="0" />
		<Point X="237" Y="427" T="0" />
		<Point X="230" Y="449" T="0" />
		<Point X="229" Y="458" T="0" />
	</Stroke>
</Gesture> 
