<?xml version="1.0" encoding="utf-8" standalone="yes"?>
<Gesture Name="null03">
	<Stroke>
		<Point X="328" Y="212" T="0" />
		<Point X="321" Y="208" T="0" />
		<Point X="301" Y="202" T="0" />
		<Point X="271" Y="197" T="0" />
		<Point X="230" Y="196" T="0" />
		<Point X="198" Y="199" T="0" />
		<Point X="184" Y="208" T="0" />
		<Point X="178" Y="224" T="0" />
		<Point X="177" Y="246" T="0" />
		<Point X="182" Y="274" T="0" />
		<Point X="195" Y="301" T="0" />
		<Point X="211" Y="319" T="0" />
		<Point X="228" Y="330" T="0" />
		<Point X="246" Y="336" T="0" />
		<Point X="264" Y="338" T="0" />
		<Point X="282" Y="337" T="0" />
		<Point X="299" Y="331" T="0" />
		<Point X="310" Y="323" T="0" />
		<Point X="320" Y="312" T="0" />
		<Point X="328" Y="295" T="0" />
		<Point X="332" Y="277" T="0" />
		<Point X="331" Y="259" T="0" />
		<Point X="322" Y="244" T="0" />
		<Point X="310" Y="231" T="0" />
		<Point X="292" Y="218" T="0" />
		<Point X="271" Y="209" T="0" />
		<Point X="247" Y="203" T="0" />
		<Point X="216" Y="200" T="0" />
		<Point X="197" Y="201" T="0" />
		<Point X="185" Y="204" T="0" />
	</Stroke>
	<Stroke>
		<Point X="406" Y="90" T="0" />
		<Point X="399" Y="97" T="0" />
		<Point X="383" Y="116" T="0" />
		<Point X="359" Y="142" T="0" />
		<Point X="328" Y="172" T="0" />
		<Point X="294" Y="208" T="0" />
		<Point X="260" Y="250" T="0" />
		<Point X="235" Y="287" T="0" />
		<Point X="208" Y="329" T="0" />
		<Point X="179" Y="370" T="0" />
		<Point X="154" Y="404" T="0" />
		<Point X="137" Y="426" T="0" />
		<Point X="130" Y="435" T="0" />
		<Point X="127" Y="440" T="0" />
		<Point X="125" Y="442" T="0" />
	</Stroke>
</Gesture> 
