<?xml version="1.0" encoding="utf-8" standalone="yes"?>
<Gesture Name="null10">
	<Stroke>
		<Point X="258" Y="261" T="0" />
		<Point X="258" Y="261" T="0" />
		<Point X="258" Y="260" T="0" />
		<Point X="254" Y="258" T="0" />
		<Point X="243" Y="253" T="0" />
		<Point X="226" Y="249" T="0" />
		<Point X="208" Y="248" T="0" />
		<Point X="196" Y="248" T="0" />
		<Point X="191" Y="253" T="0" />
		<Point X="188" Y="260" T="0" />
		<Point X="187" Y="271" T="0" />
		<Point X="188" Y="282" T="0" />
		<Point X="192" Y="289" T="0" />
		<Point X="202" Y="299" T="0" />
		<Point X="216" Y="306" T="0" />
		<Point X="241" Y="314" T="0" />
		<Point X="264" Y="319" T="0" />
		<Point X="281" Y="320" T="0" />
		<Point X="296" Y="320" T="0" />
		<Point X="307" Y="317" T="0" />
		<Point X="316" Y="312" T="0" />
		<Point X="328" Y="306" T="0" />
		<Point X="337" Y="299" T="0" />
		<Point X="343" Y="293" T="0" />
		<Point X="346" Y="289" T="0" />
		<Point X="346" Y="285" T="0" />
		<Point X="346" Y="281" T="0" />
		<Point X="344" Y="278" T="0" />
		<Point X="337" Y="274" T="0" />
		<Point X="325" Y="271" T="0" />
		<Point X="301" Y="268" T="0" />
		<Point X="269" Y="265" T="0" />
		<Point X="237" Y="263" T="0" />
		<Point X="211" Y="262" T="0" />
		<Point X="190" Y="262" T="0" />
		<Point X="179" Y="262" T="0" />
		<Point X="171" Y="263" T="0" />
		<Point X="168" Y="263" T="0" />
	</Stroke>
	<Stroke>
		<Point X="306" Y="194" T="0" />
		<Point X="306" Y="195" T="0" />
		<Point X="302" Y="202" T="0" />
		<Point X="294" Y="217" T="0" />
		<Point X="278" Y="241" T="0" />
		<Point X="256" Y="275" T="0" />
		<Point X="230" Y="316" T="0" />
		<Point X="198" Y="370" T="0" />
		<Point X="173" Y="415" T="0" />
		<Point X="155" Y="452" T="0" />
		<Point X="150" Y="468" T="0" />
	</Stroke>
</Gesture> 
