<?xml version="1.0" encoding="utf-8" standalone="yes"?>
<Gesture Name="null01">
	<Stroke>
		<Point X="273" Y="203" T="0" />
		<Point X="270" Y="203" T="0" />
		<Point X="255" Y="199" T="0" />
		<Point X="229" Y="195" T="0" />
		<Point X="198" Y="195" T="0" />
		<Point X="175" Y="199" T="0" />
		<Point X="165" Y="208" T="0" />
		<Point X="162" Y="223" T="0" />
		<Point X="168" Y="242" T="0" />
		<Point X="186" Y="259" T="0" />
		<Point X="209" Y="272" T="0" />
		<Point X="233" Y="275" T="0" />
		<Point X="251" Y="275" T="0" />
		<Point X="266" Y="267" T="0" />
		<Point X="276" Y="257" T="0" />
		<Point X="279" Y="242" T="0" />
		<Point X="277" Y="226" T="0" />
		<Point X="264" Y="206" T="0" />
		<Point X="241" Y="188" T="0" />
		<Point X="218" Y="179" T="0" />
		<Point X="203" Y="179" T="0" />
		<Point X="192" Y="179" T="0" />
		<Point X="183" Y="186" T="0" />
		<Point X="174" Y="194" T="0" />
	</Stroke>
	<Stroke>
		<Point X="318" Y="120" T="0" />
		<Point X="316" Y="120" T="0" />
		<Point X="311" Y="123" T="0" />
		<Point X="293" Y="132" T="0" />
		<Point X="265" Y="151" T="0" />
		<Point X="239" Y="177" T="0" />
		<Point X="211" Y="215" T="0" />
		<Point X="179" Y="260" T="0" />
		<Point X="152" Y="301" T="0" />
		<Point X="124" Y="343" T="0" />
		<Point X="101" Y="371" T="0" />
		<Point X="92" Y="383" T="0" />
	</Stroke>
</Gesture> 
