<?xml version="1.0" encoding="utf-8" standalone="yes"?>
<Gesture Name="null09">
	<Stroke>
		<Point X="211" Y="261" T="0" />
		<Point X="207" Y="258" T="0" />
		<Point X="197" Y="254" T="0" />
		<Point X="183" Y="251" T="0" />
		<Point X="170" Y="251" T="0" />
		<Point X="162" Y="252" T="0" />
		<Point X="158" Y="258" T="0" />
		<Point X="157" Y="270" T="0" />
		<Point X="159" Y="284" T="0" />
		<Point X="167" Y="298" T="0" />
		<Point X="180" Y="309" T="0" />
		<Point X="199" Y="317" T="0" />
		<Point X="222" Y="320" T="0" />
		<Point X="243" Y="321" T="0" />
		<Point X="259" Y="320" T="0" />
		<Point X="267" Y="317" T="0" />
		<Point X="272" Y="311" T="0" />
		<Point X="275" Y="304" T="0" />
		<Point X="276" Y="296" T="0" />
		<Point X="276" Y="287" T="0" />
		<Point X="272" Y="278" T="0" />
		<Point X="266" Y="271" T="0" />
		<Point X="260" Y="266" T="0" />
		<Point X="253" Y="264" T="0" />
		<Point X="246" Y="262" T="0" />
		<Point X="230" Y="261" T="0" />
		<Point X="209" Y="259" T="0" />
		<Point X="192" Y="259" T="0" />
		<Point X="179" Y="259" T="0" />
		<Point X="172" Y="260" T="0" />
	</Stroke>
	<Stroke>
		<Point X="264" Y="191" T="0" />
		<Point X="264" Y="192" T="0" />
		<Point X="259" Y="200" T="0" />
		<Point X="246" Y="221" T="0" />
		<Point X="219" Y="261" T="0" />
		<Point X="190" Y="312" T="0" />
		<Point X="164" Y="359" T="0" />
		<Point X="149" Y="393" T="0" />
		<Point X="140" Y="420" T="0" />
		<Point X="137" Y="439" T="0" />
		<Point X="135" Y="451" T="0" />
		<Point X="135" Y="456" T="0" />
	</Stroke>
</Gesture> 
