<?xml version="1.0" encoding="utf-8" standalone="yes"?>
<Gesture Name="null08">
	<Stroke>
		<Point X="254" Y="215" T="0" />
		<Point X="248" Y="212" T="0" />
		<Point X="230" Y="208" T="0" />
		<Point X="200" Y="205" T="0" />
		<Point X="164" Y="204" T="0" />
		<Point X="131" Y="208" T="0" />
		<Point X="112" Y="216" T="0" />
		<Point X="104" Y="228" T="0" />
		<Point X="104" Y="242" T="0" />
		<Point X="110" Y="252" T="0" />
		<Point X="123" Y="261" T="0" />
		<Point X="142" Y="269" T="0" />
		<Point X="176" Y="276" T="0" />
		<Point X="213" Y="279" T="0" />
		<Point X="246" Y="280" T="0" />
		<Point X="270" Y="280" T="0" />
		<Point X="286" Y="277" T="0" />
		<Point X="296" Y="272" T="0" />
		<Point X="299" Y="266" T="0" />
		<Point X="299" Y="257" T="0" />
		<Point X="295" Y="249" T="0" />
		<Point X="283" Y="234" T="0" />
		<Point X="267" Y="223" T="0" />
		<Point X="246" Y="215" T="0" />
		<Point X="218" Y="208" T="0" />
		<Point X="192" Y="205" T="0" />
		<Point X="170" Y="205" T="0" />
	</Stroke>
	<Stroke>
		<Point X="274" Y="146" T="0" />
		<Point X="273" Y="147" T="0" />
		<Point X="271" Y="149" T="0" />
		<Point X="263" Y="161" T="0" />
		<Point X="250" Y="181" T="0" />
		<Point X="231" Y="210" T="0" />
		<Point X="205" Y="251" T="0" />
		<Point X="178" Y="298" T="0" />
		<Point X="158" Y="333" T="0" />
		<Point X="151" Y="351" T="0" />
	</Stroke>
</Gesture> 
