<?xml version="1.0" encoding="utf-8" standalone="yes"?>
<Gesture Name="P01">
	<Stroke>
		<Point X="172" Y="164" T="0" />
		<Point X="172" Y="164" T="0" />
		<Point X="173" Y="164" T="0" />
		<Point X="177" Y="165" T="0" />
		<Point X="185" Y="166" T="0" />
		<Point X="204" Y="166" T="0" />
		<Point X="230" Y="166" T="0" />
		<Point X="254" Y="166" T="0" />
		<Point X="275" Y="168" T="0" />
		<Point X="289" Y="170" T="0" />
		<Point X="296" Y="173" T="0" />
		<Point X="300" Y="176" T="0" />
		<Point X="305" Y="183" T="0" />
		<Point X="312" Y="195" T="0" />
		<Point X="319" Y="210" T="0" />
		<Point X="324" Y="224" T="0" />
		<Point X="324" Y="239" T="0" />
		<Point X="322" Y="252" T="0" />
		<Point X="311" Y="268" T="0" />
		<Point X="291" Y="286" T="0" />
		<Point X="267" Y="298" T="0" />
		<Point X="238" Y="305" T="0" />
		<Point X="209" Y="306" T="0" />
		<Point X="188" Y="305" T="0" />
		<Point X="178" Y="304" T="0" />
		<Point X="174" Y="303" T="0" />
		<Point X="171" Y="301" T="0" />
		<Point X="170" Y="298" T="0" />
		<Point X="168" Y="296" T="0" />
		<Point X="168" Y="295" T="0" />
		<Point X="167" Y="294" T="0" />
		<Point X="167" Y="291" T="0" />
		<Point X="167" Y="287" T="0" />
		<Point X="169" Y="285" T="0" />
	</Stroke>
	<Stroke>
		<Point X="183" Y="158" T="0" />
		<Point X="183" Y="160" T="0" />
		<Point X="183" Y="163" T="0" />
		<Point X="182" Y="169" T="0" />
		<Point X="181" Y="178" T="0" />
		<Point X="179" Y="193" T="0" />
		<Point X="176" Y="218" T="0" />
		<Point X="172" Y="250" T="0" />
		<Point X="167" Y="285" T="0" />
		<Point X="162" Y="324" T="0" />
		<Point X="156" Y="362" T="0" />
		<Point X="154" Y="385" T="0" />
		<Point X="154" Y="403" T="0" />
		<Point X="154" Y="415" T="0" />
		<Point X="156" Y="423" T="0" />
		<Point X="156" Y="427" T="0" />
		<Point X="156" Y="430" T="0" />
		<Point X="156" Y="433" T="0" />
	</Stroke>
</Gesture> 
