<?xml version="1.0" encoding="utf-8" standalone="yes"?>
<Gesture Name="P02">
	<Stroke>
		<Point X="180" Y="186" T="0" />
		<Point X="180" Y="186" T="0" />
		<Point X="180" Y="185" T="0" />
		<Point X="181" Y="185" T="0" />
		<Point X="186" Y="183" T="0" />
		<Point X="200" Y="182" T="0" />
		<Point X="220" Y="181" T="0" />
		<Point X="234" Y="181" T="0" />
		<Point X="243" Y="185" T="0" />
		<Point X="248" Y="189" T="0" />
		<Point X="252" Y="194" T="0" />
		<Point X="256" Y="199" T="0" />
		<Point X="258" Y="205" T="0" />
		<Point X="259" Y="213" T="0" />
		<Point X="259" Y="225" T="0" />
		<Point X="255" Y="239" T="0" />
		<Point X="249" Y="252" T="0" />
		<Point X="241" Y="262" T="0" />
		<Point X="234" Y="268" T="0" />
		<Point X="225" Y="272" T="0" />
		<Point X="218" Y="273" T="0" />
		<Point X="212" Y="274" T="0" />
		<Point X="208" Y="274" T="0" />
		<Point X="204" Y="274" T="0" />
		<Point X="201" Y="274" T="0" />
		<Point X="199" Y="274" T="0" />
		<Point X="197" Y="272" T="0" />
		<Point X="193" Y="269" T="0" />
		<Point X="189" Y="266" T="0" />
		<Point X="187" Y="264" T="0" />
		<Point X="186" Y="263" T="0" />
	</Stroke>
	<Stroke>
		<Point X="187" Y="193" T="0" />
		<Point X="187" Y="195" T="0" />
		<Point X="186" Y="218" T="0" />
		<Point X="180" Y="268" T="0" />
		<Point X="179" Y="272" T="0" />
		<Point X="177" Y="296" T="0" />
		<Point X="176" Y="313" T="0" />
		<Point X="176" Y="328" T="0" />
		<Point X="175" Y="341" T="0" />
		<Point X="175" Y="352" T="0" />
		<Point X="175" Y="360" T="0" />
		<Point X="174" Y="368" T="0" />
		<Point X="174" Y="375" T="0" />
		<Point X="174" Y="379" T="0" />
		<Point X="174" Y="381" T="0" />
	</Stroke>
</Gesture> 
