<?xml version="1.0" encoding="utf-8" standalone="yes"?>
<Gesture Name="P03">
	<Stroke>
		<Point X="111" Y="122" T="0" />
		<Point X="111" Y="124" T="0" />
		<Point X="112" Y="134" T="0" />
		<Point X="112" Y="151" T="0" />
		<Point X="113" Y="178" T="0" />
		<Point X="113" Y="213" T="0" />
		<Point X="113" Y="255" T="0" />
		<Point X="113" Y="305" T="0" />
		<Point X="110" Y="359" T="0" />
		<Point X="109" Y="403" T="0" />
		<Point X="108" Y="433" T="0" />
		<Point X="108" Y="445" T="0" />
		<Point X="109" Y="450" T="0" />
		<Point X="109" Y="451" T="0" />
	</Stroke>
	<Stroke>
		<Point X="104" Y="137" T="0" />
		<Point X="105" Y="137" T="0" />
		<Point X="106" Y="137" T="0" />
		<Point X="112" Y="136" T="0" />
		<Point X="125" Y="134" T="0" />
		<Point X="141" Y="130" T="0" />
		<Point X="160" Y="124" T="0" />
		<Point X="175" Y="120" T="0" />
		<Point X="183" Y="117" T="0" />
		<Point X="188" Y="117" T="0" />
		<Point X="190" Y="117" T="0" />
		<Point X="194" Y="121" T="0" />
		<Point X="197" Y="130" T="0" />
		<Point X="199" Y="141" T="0" />
		<Point X="201" Y="156" T="0" />
		<Point X="201" Y="175" T="0" />
		<Point X="198" Y="196" T="0" />
		<Point X="193" Y="216" T="0" />
		<Point X="185" Y="232" T="0" />
		<Point X="177" Y="246" T="0" />
		<Point X="167" Y="259" T="0" />
		<Point X="155" Y="271" T="0" />
		<Point X="141" Y="281" T="0" />
		<Point X="130" Y="288" T="0" />
		<Point X="122" Y="290" T="0" />
		<Point X="116" Y="292" T="0" />
		<Point X="110" Y="292" T="0" />
		<Point X="103" Y="292" T="0" />
		<Point X="97" Y="292" T="0" />
		<Point X="92" Y="290" T="0" />
		<Point X="90" Y="289" T="0" />
		<Point X="90" Y="289" T="0" />
	</Stroke>
</Gesture> 
