<?xml version="1.0" encoding="utf-8" standalone="yes"?>
<Gesture Name="P04">
	<Stroke>
		<Point X="200" Y="158" T="0" />
		<Point X="200" Y="158" T="0" />
		<Point X="200" Y="158" T="0" />
		<Point X="203" Y="157" T="0" />
		<Point X="211" Y="155" T="0" />
		<Point X="225" Y="154" T="0" />
		<Point X="255" Y="154" T="0" />
		<Point X="289" Y="157" T="0" />
		<Point X="326" Y="164" T="0" />
		<Point X="349" Y="172" T="0" />
		<Point X="360" Y="181" T="0" />
		<Point X="367" Y="192" T="0" />
		<Point X="373" Y="207" T="0" />
		<Point X="376" Y="221" T="0" />
		<Point X="377" Y="232" T="0" />
		<Point X="376" Y="242" T="0" />
		<Point X="372" Y="248" T="0" />
		<Point X="365" Y="254" T="0" />
		<Point X="357" Y="258" T="0" />
		<Point X="343" Y="259" T="0" />
		<Point X="324" Y="258" T="0" />
		<Point X="299" Y="253" T="0" />
		<Point X="277" Y="248" T="0" />
		<Point X="260" Y="245" T="0" />
		<Point X="253" Y="244" T="0" />
		<Point X="252" Y="244" T="0" />
		<Point X="251" Y="243" T="0" />
		<Point X="249" Y="241" T="0" />
	</Stroke>
	<Stroke>
		<Point X="217" Y="173" T="0" />
		<Point X="217" Y="172" T="0" />
		<Point X="218" Y="172" T="0" />
		<Point X="219" Y="172" T="0" />
		<Point X="220" Y="172" T="0" />
		<Point X="221" Y="172" T="0" />
		<Point X="222" Y="172" T="0" />
		<Point X="224" Y="172" T="0" />
		<Point X="230" Y="183" T="0" />
		<Point X="236" Y="201" T="0" />
		<Point X="241" Y="223" T="0" />
		<Point X="243" Y="251" T="0" />
		<Point X="243" Y="280" T="0" />
		<Point X="243" Y="310" T="0" />
		<Point X="239" Y="341" T="0" />
		<Point X="235" Y="365" T="0" />
		<Point X="231" Y="386" T="0" />
		<Point X="228" Y="398" T="0" />
		<Point X="227" Y="404" T="0" />
		<Point X="227" Y="405" T="0" />
	</Stroke>
</Gesture> 
