<?xml version="1.0" encoding="utf-8" standalone="yes"?>
<Gesture Name="P05">
	<Stroke>
		<Point X="159" Y="196" T="0" />
		<Point X="160" Y="195" T="0" />
		<Point X="163" Y="194" T="0" />
		<Point X="171" Y="192" T="0" />
		<Point X="184" Y="190" T="0" />
		<Point X="217" Y="190" T="0" />
		<Point X="254" Y="192" T="0" />
		<Point X="286" Y="196" T="0" />
		<Point X="308" Y="200" T="0" />
		<Point X="320" Y="206" T="0" />
		<Point X="327" Y="214" T="0" />
		<Point X="332" Y="225" T="0" />
		<Point X="334" Y="239" T="0" />
		<Point X="334" Y="252" T="0" />
		<Point X="331" Y="266" T="0" />
		<Point X="325" Y="276" T="0" />
		<Point X="317" Y="281" T="0" />
		<Point X="306" Y="285" T="0" />
		<Point X="290" Y="288" T="0" />
		<Point X="266" Y="288" T="0" />
		<Point X="241" Y="288" T="0" />
		<Point X="213" Y="285" T="0" />
		<Point X="187" Y="282" T="0" />
		<Point X="165" Y="280" T="0" />
		<Point X="152" Y="279" T="0" />
	</Stroke>
	<Stroke>
		<Point X="171" Y="188" T="0" />
		<Point X="170" Y="192" T="0" />
		<Point X="168" Y="199" T="0" />
		<Point X="166" Y="211" T="0" />
		<Point X="163" Y="230" T="0" />
		<Point X="161" Y="254" T="0" />
		<Point X="157" Y="287" T="0" />
		<Point X="155" Y="320" T="0" />
		<Point X="154" Y="348" T="0" />
		<Point X="154" Y="370" T="0" />
		<Point X="153" Y="388" T="0" />
		<Point X="153" Y="399" T="0" />
		<Point X="153" Y="410" T="0" />
		<Point X="153" Y="416" T="0" />
		<Point X="153" Y="418" T="0" />
		<Point X="153" Y="420" T="0" />
		<Point X="153" Y="421" T="0" />
		<Point X="153" Y="422" T="0" />
		<Point X="154" Y="425" T="0" />
	</Stroke>
</Gesture> 
