<?xml version="1.0" encoding="utf-8" standalone="yes"?>
<Gesture Name="P06">
	<Stroke>
		<Point X="170" Y="216" T="0" />
		<Point X="170" Y="215" T="0" />
		<Point X="173" Y="213" T="0" />
		<Point X="180" Y="209" T="0" />
		<Point X="191" Y="206" T="0" />
		<Point X="208" Y="202" T="0" />
		<Point X="228" Y="199" T="0" />
		<Point X="247" Y="197" T="0" />
		<Point X="263" Y="197" T="0" />
		<Point X="278" Y="198" T="0" />
		<Point X="292" Y="200" T="0" />
		<Point X="303" Y="205" T="0" />
		<Point X="311" Y="209" T="0" />
		<Point X="320" Y="216" T="0" />
		<Point X="327" Y="223" T="0" />
		<Point X="332" Y="233" T="0" />
		<Point X="336" Y="244" T="0" />
		<Point X="337" Y="255" T="0" />
		<Point X="337" Y="265" T="0" />
		<Point X="333" Y="276" T="0" />
		<Point X="326" Y="287" T="0" />
		<Point X="316" Y="298" T="0" />
		<Point X="304" Y="306" T="0" />
		<Point X="289" Y="310" T="0" />
		<Point X="271" Y="312" T="0" />
		<Point X="251" Y="312" T="0" />
		<Point X="231" Y="312" T="0" />
		<Point X="214" Y="309" T="0" />
		<Point X="201" Y="307" T="0" />
		<Point X="193" Y="305" T="0" />
		<Point X="189" Y="304" T="0" />
	</Stroke>
	<Stroke>
		<Point X="198" Y="200" T="0" />
		<Point X="197" Y="201" T="0" />
		<Point X="196" Y="205" T="0" />
		<Point X="195" Y="211" T="0" />
		<Point X="192" Y="223" T="0" />
		<Point X="186" Y="244" T="0" />
		<Point X="179" Y="272" T="0" />
		<Point X="171" Y="309" T="0" />
		<Point X="166" Y="345" T="0" />
		<Point X="163" Y="373" T="0" />
		<Point X="162" Y="404" T="0" />
		<Point X="164" Y="429" T="0" />
		<Point X="167" Y="447" T="0" />
		<Point X="171" Y="462" T="0" />
		<Point X="173" Y="470" T="0" />
	</Stroke>
</Gesture> 
