<?xml version="1.0" encoding="utf-8" standalone="yes"?>
<Gesture Name="P07">
	<Stroke>
		<Point X="132" Y="169" T="0" />
		<Point X="134" Y="168" T="0" />
		<Point X="141" Y="166" T="0" />
		<Point X="157" Y="164" T="0" />
		<Point X="177" Y="164" T="0" />
		<Point X="199" Y="164" T="0" />
		<Point X="228" Y="167" T="0" />
		<Point X="255" Y="174" T="0" />
		<Point X="276" Y="182" T="0" />
		<Point X="291" Y="192" T="0" />
		<Point X="299" Y="202" T="0" />
		<Point X="303" Y="212" T="0" />
		<Point X="304" Y="222" T="0" />
		<Point X="302" Y="235" T="0" />
		<Point X="295" Y="245" T="0" />
		<Point X="284" Y="256" T="0" />
		<Point X="270" Y="264" T="0" />
		<Point X="252" Y="271" T="0" />
		<Point X="228" Y="277" T="0" />
		<Point X="207" Y="280" T="0" />
		<Point X="189" Y="280" T="0" />
		<Point X="177" Y="280" T="0" />
		<Point X="168" Y="277" T="0" />
		<Point X="162" Y="276" T="0" />
		<Point X="157" Y="276" T="0" />
	</Stroke>
	<Stroke>
		<Point X="166" Y="162" T="0" />
		<Point X="166" Y="163" T="0" />
		<Point X="166" Y="168" T="0" />
		<Point X="164" Y="176" T="0" />
		<Point X="162" Y="189" T="0" />
		<Point X="159" Y="211" T="0" />
		<Point X="155" Y="239" T="0" />
		<Point X="151" Y="272" T="0" />
		<Point X="149" Y="301" T="0" />
		<Point X="149" Y="324" T="0" />
		<Point X="148" Y="340" T="0" />
		<Point X="148" Y="350" T="0" />
		<Point X="146" Y="357" T="0" />
		<Point X="146" Y="362" T="0" />
		<Point X="146" Y="364" T="0" />
		<Point X="146" Y="365" T="0" />
		<Point X="146" Y="366" T="0" />
		<Point X="146" Y="367" T="0" />
		<Point X="146" Y="369" T="0" />
		<Point X="146" Y="371" T="0" />
		<Point X="146" Y="373" T="0" />
	</Stroke>
</Gesture> 
