<?xml version="1.0" encoding="utf-8" standalone="yes"?>
<Gesture Name="P08">
	<Stroke>
		<Point X="171" Y="210" T="0" />
		<Point X="177" Y="206" T="0" />
		<Point X="187" Y="202" T="0" />
		<Point X="204" Y="197" T="0" />
		<Point X="232" Y="193" T="0" />
		<Point X="265" Y="191" T="0" />
		<Point X="298" Y="192" T="0" />
		<Point X="329" Y="197" T="0" />
		<Point X="350" Y="204" T="0" />
		<Point X="361" Y="212" T="0" />
		<Point X="369" Y="223" T="0" />
		<Point X="372" Y="235" T="0" />
		<Point X="374" Y="246" T="0" />
		<Point X="374" Y="256" T="0" />
		<Point X="371" Y="264" T="0" />
		<Point X="365" Y="271" T="0" />
		<Point X="355" Y="278" T="0" />
		<Point X="338" Y="286" T="0" />
		<Point X="320" Y="292" T="0" />
		<Point X="298" Y="297" T="0" />
		<Point X="276" Y="301" T="0" />
		<Point X="257" Y="302" T="0" />
		<Point X="235" Y="302" T="0" />
		<Point X="216" Y="302" T="0" />
		<Point X="208" Y="302" T="0" />
		<Point X="207" Y="302" T="0" />
		<Point X="206" Y="302" T="0" />
		<Point X="203" Y="302" T="0" />
		<Point X="196" Y="301" T="0" />
	</Stroke>
	<Stroke>
		<Point X="199" Y="211" T="0" />
		<Point X="199" Y="212" T="0" />
		<Point X="199" Y="219" T="0" />
		<Point X="197" Y="238" T="0" />
		<Point X="195" Y="267" T="0" />
		<Point X="192" Y="307" T="0" />
		<Point X="187" Y="353" T="0" />
		<Point X="182" Y="405" T="0" />
		<Point X="178" Y="447" T="0" />
		<Point X="174" Y="477" T="0" />
		<Point X="174" Y="492" T="0" />
		<Point X="174" Y="496" T="0" />
	</Stroke>
</Gesture> 
