<?xml version="1.0" encoding="utf-8" standalone="yes"?>
<Gesture Name="P09">
	<Stroke>
		<Point X="142" Y="204" T="0" />
		<Point X="143" Y="204" T="0" />
		<Point X="144" Y="205" T="0" />
		<Point X="148" Y="205" T="0" />
		<Point X="157" Y="205" T="0" />
		<Point X="175" Y="205" T="0" />
		<Point X="197" Y="206" T="0" />
		<Point X="221" Y="206" T="0" />
		<Point X="239" Y="208" T="0" />
		<Point X="254" Y="209" T="0" />
		<Point X="265" Y="212" T="0" />
		<Point X="275" Y="215" T="0" />
		<Point X="282" Y="219" T="0" />
		<Point X="288" Y="225" T="0" />
		<Point X="292" Y="235" T="0" />
		<Point X="292" Y="248" T="0" />
		<Point X="291" Y="262" T="0" />
		<Point X="283" Y="276" T="0" />
		<Point X="274" Y="286" T="0" />
		<Point X="263" Y="293" T="0" />
		<Point X="248" Y="299" T="0" />
		<Point X="233" Y="302" T="0" />
		<Point X="219" Y="303" T="0" />
		<Point X="203" Y="303" T="0" />
		<Point X="189" Y="304" T="0" />
		<Point X="175" Y="303" T="0" />
		<Point X="164" Y="302" T="0" />
		<Point X="157" Y="300" T="0" />
	</Stroke>
	<Stroke>
		<Point X="159" Y="213" T="0" />
		<Point X="159" Y="214" T="0" />
		<Point X="159" Y="224" T="0" />
		<Point X="158" Y="237" T="0" />
		<Point X="158" Y="262" T="0" />
		<Point X="157" Y="293" T="0" />
		<Point X="156" Y="327" T="0" />
		<Point X="154" Y="358" T="0" />
		<Point X="154" Y="378" T="0" />
		<Point X="153" Y="393" T="0" />
		<Point X="153" Y="402" T="0" />
		<Point X="153" Y="406" T="0" />
	</Stroke>
</Gesture> 
