<?xml version="1.0" encoding="utf-8" standalone="yes"?>
<Gesture Name="P10">
	<Stroke>
		<Point X="187" Y="192" T="0" />
		<Point X="188" Y="191" T="0" />
		<Point X="193" Y="190" T="0" />
		<Point X="202" Y="188" T="0" />
		<Point X="217" Y="188" T="0" />
		<Point X="239" Y="189" T="0" />
		<Point X="267" Y="191" T="0" />
		<Point X="294" Y="195" T="0" />
		<Point X="313" Y="199" T="0" />
		<Point X="322" Y="202" T="0" />
		<Point X="325" Y="205" T="0" />
		<Point X="327" Y="210" T="0" />
		<Point X="328" Y="218" T="0" />
		<Point X="328" Y="228" T="0" />
		<Point X="325" Y="238" T="0" />
		<Point X="320" Y="247" T="0" />
		<Point X="312" Y="254" T="0" />
		<Point X="302" Y="260" T="0" />
		<Point X="289" Y="264" T="0" />
		<Point X="273" Y="266" T="0" />
		<Point X="258" Y="266" T="0" />
		<Point X="242" Y="266" T="0" />
		<Point X="222" Y="265" T="0" />
		<Point X="202" Y="263" T="0" />
		<Point X="190" Y="263" T="0" />
		<Point X="187" Y="262" T="0" />
		<Point X="187" Y="261" T="0" />
	</Stroke>
	<Stroke>
		<Point X="198" Y="190" T="0" />
		<Point X="198" Y="191" T="0" />
		<Point X="198" Y="193" T="0" />
		<Point X="198" Y="202" T="0" />
		<Point X="196" Y="218" T="0" />
		<Point X="194" Y="238" T="0" />
		<Point X="192" Y="262" T="0" />
		<Point X="187" Y="288" T="0" />
		<Point X="182" Y="317" T="0" />
		<Point X="177" Y="340" T="0" />
		<Point X="175" Y="361" T="0" />
		<Point X="173" Y="379" T="0" />
		<Point X="172" Y="394" T="0" />
		<Point X="171" Y="404" T="0" />
		<Point X="171" Y="413" T="0" />
		<Point X="170" Y="420" T="0" />
		<Point X="170" Y="424" T="0" />
	</Stroke>
</Gesture> 
