<?xml version="1.0" encoding="utf-8" standalone="yes"?>
<Gesture Name="pitchfork08">
	<Stroke>
		<Point X="214" Y="146" T="0" />
		<Point X="212" Y="146" T="0" />
		<Point X="207" Y="152" T="0" />
		<Point X="198" Y="160" T="0" />
		<Point X="186" Y="171" T="0" />
		<Point X="175" Y="188" T="0" />
		<Point X="172" Y="203" T="0" />
		<Point X="171" Y="215" T="0" />
		<Point X="176" Y="225" T="0" />
		<Point X="184" Y="233" T="0" />
		<Point X="194" Y="240" T="0" />
		<Point X="208" Y="247" T="0" />
		<Point X="227" Y="254" T="0" />
		<Point X="251" Y="259" T="0" />
		<Point X="271" Y="260" T="0" />
		<Point X="294" Y="259" T="0" />
		<Point X="316" Y="254" T="0" />
		<Point X="337" Y="247" T="0" />
		<Point X="357" Y="237" T="0" />
		<Point X="369" Y="229" T="0" />
		<Point X="376" Y="223" T="0" />
		<Point X="378" Y="218" T="0" />
		<Point X="378" Y="215" T="0" />
		<Point X="378" Y="212" T="0" />
		<Point X="378" Y="211" T="0" />
		<Point X="377" Y="211" T="0" />
		<Point X="377" Y="212" T="0" />
		<Point X="375" Y="213" T="0" />
	</Stroke>
	<Stroke>
		<Point X="317" Y="160" T="0" />
		<Point X="316" Y="160" T="0" />
		<Point X="314" Y="161" T="0" />
		<Point X="306" Y="169" T="0" />
		<Point X="289" Y="183" T="0" />
		<Point X="266" Y="204" T="0" />
		<Point X="232" Y="231" T="0" />
		<Point X="197" Y="264" T="0" />
		<Point X="166" Y="297" T="0" />
		<Point X="141" Y="331" T="0" />
		<Point X="122" Y="361" T="0" />
		<Point X="111" Y="378" T="0" />
		<Point X="107" Y="384" T="0" />
	</Stroke>
</Gesture> 
