<?xml version="1.0" encoding="utf-8" standalone="yes"?>
<Gesture Name="pitchfork09">
	<Stroke>
		<Point X="215" Y="167" T="0" />
		<Point X="215" Y="167" T="0" />
		<Point X="215" Y="167" T="0" />
		<Point X="215" Y="168" T="0" />
		<Point X="214" Y="173" T="0" />
		<Point X="211" Y="180" T="0" />
		<Point X="209" Y="188" T="0" />
		<Point X="207" Y="197" T="0" />
		<Point X="206" Y="207" T="0" />
		<Point X="206" Y="214" T="0" />
		<Point X="210" Y="219" T="0" />
		<Point X="215" Y="227" T="0" />
		<Point X="223" Y="235" T="0" />
		<Point X="231" Y="243" T="0" />
		<Point X="242" Y="250" T="0" />
		<Point X="253" Y="255" T="0" />
		<Point X="263" Y="256" T="0" />
		<Point X="273" Y="256" T="0" />
		<Point X="282" Y="256" T="0" />
		<Point X="290" Y="252" T="0" />
		<Point X="299" Y="246" T="0" />
		<Point X="308" Y="239" T="0" />
		<Point X="315" Y="229" T="0" />
		<Point X="320" Y="221" T="0" />
		<Point X="324" Y="212" T="0" />
		<Point X="328" Y="203" T="0" />
		<Point X="329" Y="194" T="0" />
		<Point X="331" Y="187" T="0" />
		<Point X="332" Y="182" T="0" />
	</Stroke>
	<Stroke>
		<Point X="296" Y="150" T="0" />
		<Point X="296" Y="151" T="0" />
		<Point X="295" Y="152" T="0" />
		<Point X="294" Y="154" T="0" />
		<Point X="292" Y="160" T="0" />
		<Point X="289" Y="166" T="0" />
		<Point X="286" Y="177" T="0" />
		<Point X="283" Y="190" T="0" />
		<Point X="278" Y="206" T="0" />
		<Point X="271" Y="230" T="0" />
		<Point X="264" Y="256" T="0" />
		<Point X="255" Y="281" T="0" />
		<Point X="247" Y="303" T="0" />
		<Point X="243" Y="317" T="0" />
		<Point X="242" Y="328" T="0" />
		<Point X="241" Y="332" T="0" />
		<Point X="240" Y="335" T="0" />
		<Point X="240" Y="336" T="0" />
		<Point X="240" Y="337" T="0" />
		<Point X="240" Y="340" T="0" />
		<Point X="239" Y="342" T="0" />
		<Point X="239" Y="345" T="0" />
		<Point X="238" Y="349" T="0" />
		<Point X="236" Y="351" T="0" />
		<Point X="235" Y="354" T="0" />
		<Point X="235" Y="357" T="0" />
		<Point X="235" Y="358" T="0" />
	</Stroke>
</Gesture> 
