<?xml version="1.0" encoding="utf-8" standalone="yes"?>
<Gesture Name="pitchfork03">
	<Stroke>
		<Point X="157" Y="148" T="0" />
		<Point X="157" Y="148" T="0" />
		<Point X="155" Y="153" T="0" />
		<Point X="151" Y="162" T="0" />
		<Point X="147" Y="174" T="0" />
		<Point X="143" Y="189" T="0" />
		<Point X="140" Y="203" T="0" />
		<Point X="140" Y="218" T="0" />
		<Point X="143" Y="229" T="0" />
		<Point X="150" Y="241" T="0" />
		<Point X="161" Y="253" T="0" />
		<Point X="174" Y="263" T="0" />
		<Point X="189" Y="272" T="0" />
		<Point X="210" Y="280" T="0" />
		<Point X="229" Y="284" T="0" />
		<Point X="247" Y="286" T="0" />
		<Point X="258" Y="286" T="0" />
		<Point X="268" Y="282" T="0" />
		<Point X="276" Y="275" T="0" />
		<Point X="283" Y="266" T="0" />
		<Point X="288" Y="257" T="0" />
		<Point X="292" Y="247" T="0" />
		<Point X="296" Y="236" T="0" />
		<Point X="298" Y="228" T="0" />
		<Point X="299" Y="220" T="0" />
		<Point X="300" Y="215" T="0" />
		<Point X="301" Y="211" T="0" />
		<Point X="303" Y="207" T="0" />
		<Point X="304" Y="202" T="0" />
		<Point X="304" Y="198" T="0" />
		<Point X="304" Y="196" T="0" />
	</Stroke>
	<Stroke>
		<Point X="236" Y="152" T="0" />
		<Point X="235" Y="152" T="0" />
		<Point X="231" Y="156" T="0" />
		<Point X="221" Y="166" T="0" />
		<Point X="205" Y="185" T="0" />
		<Point X="186" Y="211" T="0" />
		<Point X="165" Y="243" T="0" />
		<Point X="147" Y="281" T="0" />
		<Point X="127" Y="322" T="0" />
		<Point X="111" Y="353" T="0" />
		<Point X="99" Y="378" T="0" />
		<Point X="94" Y="391" T="0" />
		<Point X="93" Y="399" T="0" />
	</Stroke>
</Gesture> 
