<?xml version="1.0" encoding="utf-8" standalone="yes"?>
<Gesture Name="pitchfork02">
	<Stroke>
		<Point X="241" Y="184" T="0" />
		<Point X="238" Y="185" T="0" />
		<Point X="231" Y="185" T="0" />
		<Point X="218" Y="185" T="0" />
		<Point X="194" Y="184" T="0" />
		<Point X="169" Y="187" T="0" />
		<Point X="152" Y="196" T="0" />
		<Point X="145" Y="207" T="0" />
		<Point X="142" Y="223" T="0" />
		<Point X="144" Y="238" T="0" />
		<Point X="154" Y="249" T="0" />
		<Point X="165" Y="255" T="0" />
		<Point X="179" Y="256" T="0" />
		<Point X="201" Y="256" T="0" />
		<Point X="229" Y="255" T="0" />
		<Point X="259" Y="251" T="0" />
		<Point X="279" Y="244" T="0" />
		<Point X="289" Y="237" T="0" />
		<Point X="291" Y="231" T="0" />
		<Point X="291" Y="224" T="0" />
		<Point X="282" Y="214" T="0" />
		<Point X="264" Y="202" T="0" />
		<Point X="236" Y="190" T="0" />
		<Point X="211" Y="184" T="0" />
		<Point X="192" Y="184" T="0" />
		<Point X="184" Y="186" T="0" />
	</Stroke>
	<Stroke>
		<Point X="266" Y="113" T="0" />
		<Point X="266" Y="115" T="0" />
		<Point X="262" Y="123" T="0" />
		<Point X="256" Y="134" T="0" />
		<Point X="242" Y="155" T="0" />
		<Point X="220" Y="186" T="0" />
		<Point X="200" Y="220" T="0" />
		<Point X="181" Y="256" T="0" />
		<Point X="166" Y="287" T="0" />
		<Point X="154" Y="314" T="0" />
		<Point X="148" Y="332" T="0" />
		<Point X="144" Y="343" T="0" />
	</Stroke>
</Gesture> 
