<?xml version="1.0" encoding="utf-8" standalone="yes"?>
<Gesture Name="pitchfork06">
	<Stroke>
		<Point X="213" Y="177" T="0" />
		<Point X="213" Y="177" T="0" />
		<Point X="212" Y="177" T="0" />
		<Point X="206" Y="185" T="0" />
		<Point X="196" Y="197" T="0" />
		<Point X="183" Y="214" T="0" />
		<Point X="174" Y="231" T="0" />
		<Point X="168" Y="246" T="0" />
		<Point X="168" Y="262" T="0" />
		<Point X="172" Y="277" T="0" />
		<Point X="177" Y="284" T="0" />
		<Point X="187" Y="293" T="0" />
		<Point X="200" Y="300" T="0" />
		<Point X="222" Y="309" T="0" />
		<Point X="251" Y="315" T="0" />
		<Point X="283" Y="317" T="0" />
		<Point X="315" Y="316" T="0" />
		<Point X="332" Y="311" T="0" />
		<Point X="341" Y="307" T="0" />
		<Point X="345" Y="300" T="0" />
		<Point X="347" Y="293" T="0" />
		<Point X="350" Y="283" T="0" />
		<Point X="352" Y="273" T="0" />
		<Point X="354" Y="264" T="0" />
		<Point X="355" Y="258" T="0" />
		<Point X="355" Y="254" T="0" />
		<Point X="355" Y="252" T="0" />
	</Stroke>
	<Stroke>
		<Point X="312" Y="189" T="0" />
		<Point X="311" Y="190" T="0" />
		<Point X="299" Y="202" T="0" />
		<Point X="277" Y="221" T="0" />
		<Point X="251" Y="245" T="0" />
		<Point X="222" Y="274" T="0" />
		<Point X="194" Y="304" T="0" />
		<Point X="165" Y="338" T="0" />
		<Point X="136" Y="370" T="0" />
		<Point X="109" Y="404" T="0" />
		<Point X="93" Y="425" T="0" />
		<Point X="90" Y="432" T="0" />
	</Stroke>
</Gesture> 
