<?xml version="1.0" encoding="utf-8" standalone="yes"?>
<Gesture Name="pitchfork01">
	<Stroke>
		<Point X="216" Y="136" T="0" />
		<Point X="216" Y="136" T="0" />
		<Point X="216" Y="137" T="0" />
		<Point X="216" Y="140" T="0" />
		<Point X="214" Y="145" T="0" />
		<Point X="213" Y="151" T="0" />
		<Point X="211" Y="157" T="0" />
		<Point X="210" Y="166" T="0" />
		<Point X="209" Y="176" T="0" />
		<Point X="209" Y="177" T="0" />
		<Point X="209" Y="190" T="0" />
		<Point X="211" Y="195" T="0" />
		<Point X="214" Y="200" T="0" />
		<Point X="218" Y="204" T="0" />
		<Point X="223" Y="209" T="0" />
		<Point X="230" Y="213" T="0" />
		<Point X="238" Y="216" T="0" />
		<Point X="248" Y="218" T="0" />
		<Point X="258" Y="219" T="0" />
		<Point X="271" Y="220" T="0" />
		<Point X="283" Y="220" T="0" />
		<Point X="290" Y="217" T="0" />
		<Point X="298" Y="213" T="0" />
		<Point X="304" Y="206" T="0" />
		<Point X="312" Y="198" T="0" />
		<Point X="318" Y="189" T="0" />
		<Point X="322" Y="181" T="0" />
		<Point X="324" Y="176" T="0" />
		<Point X="326" Y="171" T="0" />
		<Point X="328" Y="165" T="0" />
		<Point X="328" Y="161" T="0" />
		<Point X="328" Y="160" T="0" />
		<Point X="328" Y="159" T="0" />
		<Point X="328" Y="158" T="0" />
		<Point X="328" Y="156" T="0" />
	</Stroke>
	<Stroke>
		<Point X="292" Y="115" T="0" />
		<Point X="292" Y="116" T="0" />
		<Point X="289" Y="123" T="0" />
		<Point X="283" Y="139" T="0" />
		<Point X="274" Y="162" T="0" />
		<Point X="263" Y="188" T="0" />
		<Point X="251" Y="215" T="0" />
		<Point X="240" Y="243" T="0" />
		<Point X="231" Y="272" T="0" />
		<Point X="222" Y="302" T="0" />
		<Point X="214" Y="330" T="0" />
		<Point X="208" Y="355" T="0" />
		<Point X="204" Y="371" T="0" />
		<Point X="201" Y="385" T="0" />
		<Point X="200" Y="393" T="0" />
	</Stroke>
</Gesture> 
