<?xml version="1.0" encoding="utf-8" standalone="yes"?>
<Gesture Name="pitchfork04">
	<Stroke>
		<Point X="192" Y="202" T="0" />
		<Point X="191" Y="202" T="0" />
		<Point X="182" Y="204" T="0" />
		<Point X="172" Y="210" T="0" />
		<Point X="162" Y="219" T="0" />
		<Point X="153" Y="231" T="0" />
		<Point X="148" Y="245" T="0" />
		<Point X="147" Y="258" T="0" />
		<Point X="154" Y="270" T="0" />
		<Point X="168" Y="279" T="0" />
		<Point X="189" Y="288" T="0" />
		<Point X="213" Y="293" T="0" />
		<Point X="241" Y="293" T="0" />
		<Point X="268" Y="291" T="0" />
		<Point X="288" Y="283" T="0" />
		<Point X="300" Y="272" T="0" />
		<Point X="307" Y="262" T="0" />
		<Point X="310" Y="254" T="0" />
		<Point X="310" Y="247" T="0" />
		<Point X="310" Y="243" T="0" />
		<Point X="308" Y="241" T="0" />
		<Point X="305" Y="240" T="0" />
		<Point X="304" Y="240" T="0" />
	</Stroke>
	<Stroke>
		<Point X="264" Y="196" T="0" />
		<Point X="263" Y="196" T="0" />
		<Point X="260" Y="201" T="0" />
		<Point X="251" Y="211" T="0" />
		<Point X="233" Y="230" T="0" />
		<Point X="207" Y="257" T="0" />
		<Point X="177" Y="289" T="0" />
		<Point X="142" Y="333" T="0" />
		<Point X="114" Y="372" T="0" />
		<Point X="93" Y="398" T="0" />
		<Point X="87" Y="408" T="0" />
	</Stroke>
</Gesture> 
