<?xml version="1.0" encoding="utf-8" standalone="yes"?>
<Gesture Name="pitchfork07">
	<Stroke>
		<Point X="185" Y="181" T="0" />
		<Point X="185" Y="181" T="0" />
		<Point X="185" Y="181" T="0" />
		<Point X="185" Y="182" T="0" />
		<Point X="182" Y="186" T="0" />
		<Point X="177" Y="191" T="0" />
		<Point X="171" Y="197" T="0" />
		<Point X="166" Y="202" T="0" />
		<Point X="163" Y="205" T="0" />
		<Point X="161" Y="208" T="0" />
		<Point X="161" Y="209" T="0" />
		<Point X="159" Y="211" T="0" />
		<Point X="159" Y="213" T="0" />
		<Point X="158" Y="214" T="0" />
		<Point X="157" Y="217" T="0" />
		<Point X="157" Y="221" T="0" />
		<Point X="157" Y="225" T="0" />
		<Point X="157" Y="231" T="0" />
		<Point X="160" Y="238" T="0" />
		<Point X="165" Y="245" T="0" />
		<Point X="171" Y="252" T="0" />
		<Point X="177" Y="259" T="0" />
		<Point X="184" Y="265" T="0" />
		<Point X="189" Y="269" T="0" />
		<Point X="198" Y="273" T="0" />
		<Point X="205" Y="277" T="0" />
		<Point X="214" Y="280" T="0" />
		<Point X="221" Y="282" T="0" />
		<Point X="227" Y="283" T="0" />
		<Point X="234" Y="283" T="0" />
		<Point X="242" Y="283" T="0" />
		<Point X="247" Y="283" T="0" />
		<Point X="254" Y="282" T="0" />
		<Point X="259" Y="279" T="0" />
		<Point X="265" Y="275" T="0" />
		<Point X="271" Y="270" T="0" />
		<Point X="277" Y="262" T="0" />
		<Point X="284" Y="253" T="0" />
		<Point X="290" Y="242" T="0" />
		<Point X="295" Y="231" T="0" />
		<Point X="300" Y="222" T="0" />
		<Point X="304" Y="213" T="0" />
		<Point X="307" Y="207" T="0" />
		<Point X="308" Y="204" T="0" />
	</Stroke>
	<Stroke>
		<Point X="267" Y="169" T="0" />
		<Point X="266" Y="169" T="0" />
		<Point X="265" Y="171" T="0" />
		<Point X="260" Y="177" T="0" />
		<Point X="252" Y="186" T="0" />
		<Point X="240" Y="201" T="0" />
		<Point X="226" Y="218" T="0" />
		<Point X="214" Y="235" T="0" />
		<Point X="204" Y="254" T="0" />
		<Point X="193" Y="277" T="0" />
		<Point X="182" Y="302" T="0" />
		<Point X="171" Y="324" T="0" />
		<Point X="163" Y="340" T="0" />
		<Point X="158" Y="351" T="0" />
		<Point X="153" Y="359" T="0" />
		<Point X="150" Y="364" T="0" />
		<Point X="149" Y="368" T="0" />
		<Point X="148" Y="369" T="0" />
		<Point X="148" Y="370" T="0" />
	</Stroke>
</Gesture> 
