<?xml version="1.0" encoding="utf-8" standalone="yes"?>
<Gesture Name="pitchfork10">
	<Stroke>
		<Point X="201" Y="139" T="0" />
		<Point X="201" Y="139" T="0" />
		<Point X="201" Y="140" T="0" />
		<Point X="199" Y="144" T="0" />
		<Point X="198" Y="151" T="0" />
		<Point X="196" Y="160" T="0" />
		<Point X="195" Y="171" T="0" />
		<Point X="194" Y="180" T="0" />
		<Point X="194" Y="188" T="0" />
		<Point X="194" Y="194" T="0" />
		<Point X="195" Y="203" T="0" />
		<Point X="197" Y="209" T="0" />
		<Point X="198" Y="211" T="0" />
		<Point X="204" Y="225" T="0" />
		<Point X="209" Y="233" T="0" />
		<Point X="215" Y="241" T="0" />
		<Point X="223" Y="250" T="0" />
		<Point X="233" Y="257" T="0" />
		<Point X="243" Y="264" T="0" />
		<Point X="254" Y="269" T="0" />
		<Point X="261" Y="270" T="0" />
		<Point X="267" Y="271" T="0" />
		<Point X="273" Y="270" T="0" />
		<Point X="281" Y="266" T="0" />
		<Point X="288" Y="262" T="0" />
		<Point X="296" Y="253" T="0" />
		<Point X="301" Y="245" T="0" />
		<Point X="306" Y="235" T="0" />
		<Point X="312" Y="222" T="0" />
		<Point X="317" Y="211" T="0" />
		<Point X="321" Y="201" T="0" />
		<Point X="326" Y="191" T="0" />
		<Point X="329" Y="184" T="0" />
		<Point X="331" Y="180" T="0" />
		<Point X="332" Y="179" T="0" />
		<Point X="332" Y="178" T="0" />
		<Point X="332" Y="177" T="0" />
		<Point X="332" Y="176" T="0" />
	</Stroke>
	<Stroke>
		<Point X="277" Y="158" T="0" />
		<Point X="276" Y="158" T="0" />
		<Point X="274" Y="163" T="0" />
		<Point X="269" Y="174" T="0" />
		<Point X="262" Y="191" T="0" />
		<Point X="252" Y="214" T="0" />
		<Point X="240" Y="242" T="0" />
		<Point X="227" Y="275" T="0" />
		<Point X="216" Y="306" T="0" />
		<Point X="208" Y="327" T="0" />
		<Point X="203" Y="341" T="0" />
		<Point X="202" Y="347" T="0" />
		<Point X="201" Y="351" T="0" />
		<Point X="201" Y="353" T="0" />
		<Point X="201" Y="354" T="0" />
		<Point X="201" Y="355" T="0" />
		<Point X="201" Y="356" T="0" />
		<Point X="200" Y="356" T="0" />
		<Point X="200" Y="357" T="0" />
	</Stroke>
</Gesture> 
