<?xml version="1.0" encoding="utf-8" standalone="yes"?>
<Gesture Name="pitchfork05">
	<Stroke>
		<Point X="194" Y="184" T="0" />
		<Point X="194" Y="184" T="0" />
		<Point X="189" Y="189" T="0" />
		<Point X="179" Y="200" T="0" />
		<Point X="169" Y="212" T="0" />
		<Point X="162" Y="227" T="0" />
		<Point X="160" Y="244" T="0" />
		<Point X="159" Y="260" T="0" />
		<Point X="163" Y="273" T="0" />
		<Point X="172" Y="284" T="0" />
		<Point X="183" Y="292" T="0" />
		<Point X="198" Y="298" T="0" />
		<Point X="220" Y="302" T="0" />
		<Point X="251" Y="303" T="0" />
		<Point X="287" Y="302" T="0" />
		<Point X="323" Y="296" T="0" />
		<Point X="348" Y="290" T="0" />
		<Point X="364" Y="284" T="0" />
		<Point X="373" Y="278" T="0" />
		<Point X="375" Y="276" T="0" />
		<Point X="375" Y="274" T="0" />
	</Stroke>
	<Stroke>
		<Point X="316" Y="206" T="0" />
		<Point X="316" Y="207" T="0" />
		<Point X="313" Y="212" T="0" />
		<Point X="302" Y="225" T="0" />
		<Point X="279" Y="248" T="0" />
		<Point X="245" Y="284" T="0" />
		<Point X="206" Y="328" T="0" />
		<Point X="170" Y="368" T="0" />
		<Point X="143" Y="399" T="0" />
		<Point X="134" Y="413" T="0" />
	</Stroke>
</Gesture> 
