<?xml version="1.0" encoding="utf-8" standalone="yes"?>
<Gesture Name="six_point_star09">
	<Stroke>
		<Point X="138" Y="254" T="0" />
		<Point X="138" Y="254" T="0" />
		<Point X="139" Y="254" T="0" />
		<Point X="141" Y="254" T="0" />
		<Point X="154" Y="255" T="0" />
		<Point X="179" Y="257" T="0" />
		<Point X="204" Y="259" T="0" />
		<Point X="236" Y="261" T="0" />
		<Point X="256" Y="261" T="0" />
		<Point X="267" Y="261" T="0" />
		<Point X="270" Y="261" T="0" />
		<Point X="270" Y="261" T="0" />
		<Point X="270" Y="259" T="0" />
		<Point X="267" Y="253" T="0" />
		<Point X="264" Y="247" T="0" />
		<Point X="259" Y="235" T="0" />
		<Point X="253" Y="223" T="0" />
		<Point X="246" Y="212" T="0" />
		<Point X="239" Y="200" T="0" />
		<Point X="235" Y="192" T="0" />
		<Point X="232" Y="187" T="0" />
		<Point X="230" Y="183" T="0" />
		<Point X="229" Y="181" T="0" />
		<Point X="229" Y="180" T="0" />
		<Point X="228" Y="180" T="0" />
		<Point X="228" Y="179" T="0" />
		<Point X="227" Y="179" T="0" />
		<Point X="227" Y="178" T="0" />
		<Point X="227" Y="177" T="0" />
		<Point X="226" Y="176" T="0" />
		<Point X="226" Y="175" T="0" />
		<Point X="225" Y="175" T="0" />
		<Point X="219" Y="180" T="0" />
		<Point X="209" Y="188" T="0" />
		<Point X="196" Y="198" T="0" />
		<Point X="183" Y="207" T="0" />
		<Point X="171" Y="218" T="0" />
		<Point X="162" Y="227" T="0" />
		<Point X="156" Y="232" T="0" />
		<Point X="151" Y="236" T="0" />
		<Point X="147" Y="240" T="0" />
		<Point X="142" Y="244" T="0" />
		<Point X="135" Y="248" T="0" />
		<Point X="130" Y="252" T="0" />
		<Point X="128" Y="255" T="0" />
	</Stroke>
	<Stroke>
		<Point X="147" Y="206" T="0" />
		<Point X="148" Y="206" T="0" />
		<Point X="156" Y="206" T="0" />
		<Point X="173" Y="206" T="0" />
		<Point X="199" Y="207" T="0" />
		<Point X="226" Y="209" T="0" />
		<Point X="251" Y="211" T="0" />
		<Point X="274" Y="212" T="0" />
		<Point X="288" Y="213" T="0" />
		<Point X="295" Y="213" T="0" />
		<Point X="297" Y="213" T="0" />
		<Point X="297" Y="214" T="0" />
		<Point X="296" Y="214" T="0" />
		<Point X="293" Y="216" T="0" />
		<Point X="286" Y="219" T="0" />
		<Point X="277" Y="223" T="0" />
		<Point X="264" Y="232" T="0" />
		<Point X="246" Y="247" T="0" />
		<Point X="226" Y="267" T="0" />
		<Point X="214" Y="281" T="0" />
		<Point X="207" Y="292" T="0" />
		<Point X="203" Y="298" T="0" />
		<Point X="200" Y="303" T="0" />
		<Point X="197" Y="306" T="0" />
		<Point X="195" Y="309" T="0" />
		<Point X="194" Y="309" T="0" />
		<Point X="191" Y="301" T="0" />
		<Point X="188" Y="293" T="0" />
		<Point X="182" Y="279" T="0" />
		<Point X="174" Y="262" T="0" />
		<Point X="168" Y="249" T="0" />
		<Point X="163" Y="239" T="0" />
		<Point X="159" Y="233" T="0" />
		<Point X="156" Y="228" T="0" />
		<Point X="155" Y="225" T="0" />
		<Point X="155" Y="221" T="0" />
		<Point X="154" Y="219" T="0" />
		<Point X="154" Y="217" T="0" />
		<Point X="154" Y="216" T="0" />
		<Point X="154" Y="214" T="0" />
		<Point X="153" Y="213" T="0" />
		<Point X="153" Y="212" T="0" />
		<Point X="153" Y="211" T="0" />
		<Point X="152" Y="209" T="0" />
	</Stroke>
</Gesture> 
