<?xml version="1.0" encoding="utf-8" standalone="yes"?>
<Gesture Name="six_point_star08">
	<Stroke>
		<Point X="97" Y="258" T="0" />
		<Point X="98" Y="259" T="0" />
		<Point X="101" Y="260" T="0" />
		<Point X="112" Y="264" T="0" />
		<Point X="131" Y="268" T="0" />
		<Point X="156" Y="274" T="0" />
		<Point X="190" Y="278" T="0" />
		<Point X="227" Y="279" T="0" />
		<Point X="262" Y="279" T="0" />
		<Point X="285" Y="278" T="0" />
		<Point X="295" Y="276" T="0" />
		<Point X="298" Y="273" T="0" />
		<Point X="300" Y="271" T="0" />
		<Point X="301" Y="268" T="0" />
		<Point X="301" Y="267" T="0" />
		<Point X="301" Y="264" T="0" />
		<Point X="301" Y="263" T="0" />
		<Point X="300" Y="262" T="0" />
		<Point X="298" Y="260" T="0" />
		<Point X="292" Y="255" T="0" />
		<Point X="284" Y="248" T="0" />
		<Point X="272" Y="236" T="0" />
		<Point X="260" Y="223" T="0" />
		<Point X="248" Y="209" T="0" />
		<Point X="238" Y="199" T="0" />
		<Point X="231" Y="192" T="0" />
		<Point X="227" Y="189" T="0" />
		<Point X="226" Y="188" T="0" />
		<Point X="225" Y="188" T="0" />
		<Point X="225" Y="187" T="0" />
		<Point X="224" Y="187" T="0" />
		<Point X="223" Y="186" T="0" />
		<Point X="221" Y="185" T="0" />
		<Point X="220" Y="185" T="0" />
		<Point X="213" Y="192" T="0" />
		<Point X="200" Y="201" T="0" />
		<Point X="184" Y="210" T="0" />
		<Point X="169" Y="221" T="0" />
		<Point X="156" Y="229" T="0" />
		<Point X="144" Y="237" T="0" />
		<Point X="135" Y="242" T="0" />
		<Point X="129" Y="247" T="0" />
		<Point X="125" Y="250" T="0" />
		<Point X="123" Y="253" T="0" />
		<Point X="122" Y="254" T="0" />
		<Point X="121" Y="256" T="0" />
		<Point X="118" Y="258" T="0" />
		<Point X="116" Y="261" T="0" />
		<Point X="113" Y="262" T="0" />
	</Stroke>
	<Stroke>
		<Point X="132" Y="218" T="0" />
		<Point X="133" Y="218" T="0" />
		<Point X="147" Y="217" T="0" />
		<Point X="148" Y="217" T="0" />
		<Point X="166" Y="217" T="0" />
		<Point X="185" Y="217" T="0" />
		<Point X="208" Y="218" T="0" />
		<Point X="226" Y="219" T="0" />
		<Point X="240" Y="220" T="0" />
		<Point X="251" Y="220" T="0" />
		<Point X="258" Y="220" T="0" />
		<Point X="263" Y="220" T="0" />
		<Point X="270" Y="220" T="0" />
		<Point X="274" Y="219" T="0" />
		<Point X="277" Y="219" T="0" />
		<Point X="278" Y="219" T="0" />
		<Point X="278" Y="220" T="0" />
		<Point X="278" Y="222" T="0" />
		<Point X="274" Y="228" T="0" />
		<Point X="268" Y="234" T="0" />
		<Point X="261" Y="244" T="0" />
		<Point X="253" Y="252" T="0" />
		<Point X="245" Y="263" T="0" />
		<Point X="235" Y="275" T="0" />
		<Point X="225" Y="287" T="0" />
		<Point X="218" Y="294" T="0" />
		<Point X="214" Y="299" T="0" />
		<Point X="211" Y="303" T="0" />
		<Point X="209" Y="306" T="0" />
		<Point X="207" Y="309" T="0" />
		<Point X="204" Y="313" T="0" />
		<Point X="202" Y="316" T="0" />
		<Point X="199" Y="321" T="0" />
		<Point X="196" Y="325" T="0" />
		<Point X="193" Y="329" T="0" />
		<Point X="191" Y="332" T="0" />
		<Point X="190" Y="333" T="0" />
		<Point X="189" Y="331" T="0" />
		<Point X="188" Y="325" T="0" />
		<Point X="186" Y="313" T="0" />
		<Point X="182" Y="298" T="0" />
		<Point X="175" Y="283" T="0" />
		<Point X="167" Y="264" T="0" />
		<Point X="163" Y="249" T="0" />
		<Point X="159" Y="235" T="0" />
		<Point X="156" Y="225" T="0" />
		<Point X="153" Y="217" T="0" />
		<Point X="153" Y="213" T="0" />
		<Point X="152" Y="210" T="0" />
	</Stroke>
</Gesture> 
