<?xml version="1.0" encoding="utf-8" standalone="yes"?>
<Gesture Name="six_point_star03">
	<Stroke>
		<Point X="151" Y="258" T="0" />
		<Point X="154" Y="261" T="0" />
		<Point X="160" Y="264" T="0" />
		<Point X="172" Y="267" T="0" />
		<Point X="187" Y="269" T="0" />
		<Point X="205" Y="269" T="0" />
		<Point X="226" Y="269" T="0" />
		<Point X="241" Y="266" T="0" />
		<Point X="256" Y="262" T="0" />
		<Point X="265" Y="259" T="0" />
		<Point X="272" Y="257" T="0" />
		<Point X="277" Y="255" T="0" />
		<Point X="281" Y="254" T="0" />
		<Point X="285" Y="254" T="0" />
		<Point X="286" Y="254" T="0" />
		<Point X="289" Y="253" T="0" />
		<Point X="289" Y="253" T="0" />
		<Point X="287" Y="252" T="0" />
		<Point X="284" Y="249" T="0" />
		<Point X="276" Y="243" T="0" />
		<Point X="266" Y="235" T="0" />
		<Point X="255" Y="223" T="0" />
		<Point X="246" Y="213" T="0" />
		<Point X="240" Y="202" T="0" />
		<Point X="235" Y="193" T="0" />
		<Point X="232" Y="187" T="0" />
		<Point X="230" Y="181" T="0" />
		<Point X="228" Y="176" T="0" />
		<Point X="227" Y="171" T="0" />
		<Point X="226" Y="167" T="0" />
		<Point X="225" Y="164" T="0" />
		<Point X="224" Y="162" T="0" />
		<Point X="224" Y="161" T="0" />
		<Point X="223" Y="161" T="0" />
		<Point X="222" Y="161" T="0" />
		<Point X="221" Y="162" T="0" />
		<Point X="218" Y="166" T="0" />
		<Point X="209" Y="177" T="0" />
		<Point X="197" Y="190" T="0" />
		<Point X="185" Y="203" T="0" />
		<Point X="172" Y="217" T="0" />
		<Point X="161" Y="229" T="0" />
		<Point X="156" Y="235" T="0" />
		<Point X="153" Y="239" T="0" />
		<Point X="152" Y="241" T="0" />
		<Point X="151" Y="243" T="0" />
		<Point X="151" Y="245" T="0" />
		<Point X="149" Y="247" T="0" />
		<Point X="148" Y="249" T="0" />
		<Point X="147" Y="251" T="0" />
	</Stroke>
	<Stroke>
		<Point X="137" Y="201" T="0" />
		<Point X="138" Y="201" T="0" />
		<Point X="140" Y="200" T="0" />
		<Point X="146" Y="200" T="0" />
		<Point X="159" Y="200" T="0" />
		<Point X="180" Y="201" T="0" />
		<Point X="204" Y="201" T="0" />
		<Point X="225" Y="201" T="0" />
		<Point X="241" Y="200" T="0" />
		<Point X="250" Y="199" T="0" />
		<Point X="253" Y="199" T="0" />
		<Point X="254" Y="198" T="0" />
		<Point X="255" Y="198" T="0" />
		<Point X="256" Y="198" T="0" />
		<Point X="257" Y="198" T="0" />
		<Point X="262" Y="196" T="0" />
		<Point X="263" Y="196" T="0" />
		<Point X="267" Y="195" T="0" />
		<Point X="272" Y="195" T="0" />
		<Point X="278" Y="195" T="0" />
		<Point X="282" Y="195" T="0" />
		<Point X="284" Y="195" T="0" />
		<Point X="283" Y="195" T="0" />
		<Point X="282" Y="195" T="0" />
		<Point X="281" Y="196" T="0" />
		<Point X="279" Y="198" T="0" />
		<Point X="274" Y="201" T="0" />
		<Point X="267" Y="207" T="0" />
		<Point X="258" Y="215" T="0" />
		<Point X="244" Y="229" T="0" />
		<Point X="228" Y="249" T="0" />
		<Point X="215" Y="270" T="0" />
		<Point X="208" Y="284" T="0" />
		<Point X="205" Y="293" T="0" />
		<Point X="204" Y="298" T="0" />
		<Point X="204" Y="304" T="0" />
		<Point X="204" Y="308" T="0" />
		<Point X="203" Y="311" T="0" />
		<Point X="203" Y="313" T="0" />
		<Point X="202" Y="314" T="0" />
		<Point X="202" Y="315" T="0" />
		<Point X="201" Y="315" T="0" />
		<Point X="200" Y="315" T="0" />
		<Point X="195" Y="311" T="0" />
		<Point X="190" Y="303" T="0" />
		<Point X="183" Y="292" T="0" />
		<Point X="175" Y="276" T="0" />
		<Point X="166" Y="258" T="0" />
		<Point X="158" Y="239" T="0" />
		<Point X="153" Y="226" T="0" />
		<Point X="150" Y="216" T="0" />
		<Point X="147" Y="208" T="0" />
		<Point X="147" Y="202" T="0" />
		<Point X="146" Y="195" T="0" />
		<Point X="145" Y="188" T="0" />
		<Point X="145" Y="183" T="0" />
		<Point X="145" Y="181" T="0" />
	</Stroke>
</Gesture> 
