<?xml version="1.0" encoding="utf-8" standalone="yes"?>
<Gesture Name="six_point_star01">
	<Stroke>
		<Point X="177" Y="227" T="0" />
		<Point X="177" Y="227" T="0" />
		<Point X="177" Y="226" T="0" />
		<Point X="178" Y="225" T="0" />
		<Point X="181" Y="222" T="0" />
		<Point X="188" Y="216" T="0" />
		<Point X="196" Y="207" T="0" />
		<Point X="208" Y="194" T="0" />
		<Point X="219" Y="182" T="0" />
		<Point X="230" Y="168" T="0" />
		<Point X="240" Y="155" T="0" />
		<Point X="246" Y="147" T="0" />
		<Point X="252" Y="140" T="0" />
		<Point X="256" Y="136" T="0" />
		<Point X="257" Y="135" T="0" />
		<Point X="258" Y="134" T="0" />
		<Point X="260" Y="134" T="0" />
		<Point X="262" Y="134" T="0" />
		<Point X="265" Y="137" T="0" />
		<Point X="270" Y="147" T="0" />
		<Point X="274" Y="158" T="0" />
		<Point X="278" Y="169" T="0" />
		<Point X="283" Y="182" T="0" />
		<Point X="286" Y="193" T="0" />
		<Point X="287" Y="202" T="0" />
		<Point X="289" Y="209" T="0" />
		<Point X="291" Y="218" T="0" />
		<Point X="292" Y="226" T="0" />
		<Point X="293" Y="234" T="0" />
		<Point X="294" Y="238" T="0" />
		<Point X="294" Y="239" T="0" />
		<Point X="288" Y="239" T="0" />
		<Point X="281" Y="239" T="0" />
		<Point X="270" Y="237" T="0" />
		<Point X="255" Y="235" T="0" />
		<Point X="231" Y="235" T="0" />
		<Point X="206" Y="235" T="0" />
		<Point X="193" Y="234" T="0" />
		<Point X="187" Y="234" T="0" />
		<Point X="184" Y="234" T="0" />
		<Point X="181" Y="233" T="0" />
		<Point X="178" Y="233" T="0" />
		<Point X="176" Y="233" T="0" />
		<Point X="173" Y="233" T="0" />
		<Point X="170" Y="233" T="0" />
	</Stroke>
	<Stroke>
		<Point X="184" Y="174" T="0" />
		<Point X="185" Y="174" T="0" />
		<Point X="188" Y="174" T="0" />
		<Point X="200" Y="172" T="0" />
		<Point X="219" Y="172" T="0" />
		<Point X="247" Y="172" T="0" />
		<Point X="276" Y="174" T="0" />
		<Point X="303" Y="176" T="0" />
		<Point X="325" Y="179" T="0" />
		<Point X="336" Y="180" T="0" />
		<Point X="339" Y="180" T="0" />
		<Point X="340" Y="180" T="0" />
		<Point X="341" Y="180" T="0" />
		<Point X="340" Y="180" T="0" />
		<Point X="339" Y="181" T="0" />
		<Point X="335" Y="183" T="0" />
		<Point X="326" Y="187" T="0" />
		<Point X="311" Y="194" T="0" />
		<Point X="296" Y="201" T="0" />
		<Point X="276" Y="210" T="0" />
		<Point X="258" Y="219" T="0" />
		<Point X="241" Y="227" T="0" />
		<Point X="230" Y="234" T="0" />
		<Point X="225" Y="240" T="0" />
		<Point X="223" Y="243" T="0" />
		<Point X="222" Y="245" T="0" />
		<Point X="221" Y="248" T="0" />
		<Point X="219" Y="251" T="0" />
		<Point X="216" Y="254" T="0" />
		<Point X="215" Y="257" T="0" />
		<Point X="212" Y="260" T="0" />
		<Point X="209" Y="263" T="0" />
		<Point X="204" Y="270" T="0" />
		<Point X="200" Y="275" T="0" />
		<Point X="196" Y="279" T="0" />
		<Point X="196" Y="280" T="0" />
		<Point X="195" Y="280" T="0" />
		<Point X="194" Y="272" T="0" />
		<Point X="191" Y="260" T="0" />
		<Point X="189" Y="244" T="0" />
		<Point X="186" Y="225" T="0" />
		<Point X="185" Y="208" T="0" />
		<Point X="185" Y="192" T="0" />
		<Point X="184" Y="179" T="0" />
		<Point X="184" Y="169" T="0" />
		<Point X="184" Y="165" T="0" />
	</Stroke>
</Gesture> 
