<?xml version="1.0" encoding="utf-8" standalone="yes"?>
<Gesture Name="six_point_star05">
	<Stroke>
		<Point X="152" Y="263" T="0" />
		<Point X="152" Y="263" T="0" />
		<Point X="157" Y="265" T="0" />
		<Point X="165" Y="268" T="0" />
		<Point X="182" Y="272" T="0" />
		<Point X="209" Y="275" T="0" />
		<Point X="236" Y="276" T="0" />
		<Point X="260" Y="276" T="0" />
		<Point X="275" Y="276" T="0" />
		<Point X="282" Y="276" T="0" />
		<Point X="283" Y="275" T="0" />
		<Point X="283" Y="275" T="0" />
		<Point X="283" Y="274" T="0" />
		<Point X="283" Y="263" T="0" />
		<Point X="281" Y="258" T="0" />
		<Point X="277" Y="246" T="0" />
		<Point X="272" Y="232" T="0" />
		<Point X="267" Y="220" T="0" />
		<Point X="262" Y="209" T="0" />
		<Point X="258" Y="200" T="0" />
		<Point X="255" Y="194" T="0" />
		<Point X="253" Y="187" T="0" />
		<Point X="251" Y="180" T="0" />
		<Point X="251" Y="177" T="0" />
		<Point X="250" Y="174" T="0" />
		<Point X="249" Y="174" T="0" />
		<Point X="240" Y="180" T="0" />
		<Point X="226" Y="191" T="0" />
		<Point X="206" Y="208" T="0" />
		<Point X="184" Y="229" T="0" />
		<Point X="169" Y="245" T="0" />
		<Point X="159" Y="255" T="0" />
		<Point X="156" Y="259" T="0" />
		<Point X="154" Y="262" T="0" />
		<Point X="153" Y="263" T="0" />
		<Point X="151" Y="265" T="0" />
		<Point X="150" Y="267" T="0" />
		<Point X="148" Y="269" T="0" />
	</Stroke>
	<Stroke>
		<Point X="161" Y="217" T="0" />
		<Point X="162" Y="217" T="0" />
		<Point X="171" Y="217" T="0" />
		<Point X="191" Y="217" T="0" />
		<Point X="220" Y="217" T="0" />
		<Point X="251" Y="215" T="0" />
		<Point X="273" Y="212" T="0" />
		<Point X="287" Y="210" T="0" />
		<Point X="293" Y="209" T="0" />
		<Point X="295" Y="209" T="0" />
		<Point X="296" Y="209" T="0" />
		<Point X="297" Y="209" T="0" />
		<Point X="296" Y="210" T="0" />
		<Point X="294" Y="215" T="0" />
		<Point X="287" Y="225" T="0" />
		<Point X="275" Y="242" T="0" />
		<Point X="260" Y="264" T="0" />
		<Point X="245" Y="285" T="0" />
		<Point X="230" Y="309" T="0" />
		<Point X="225" Y="317" T="0" />
		<Point X="225" Y="320" T="0" />
		<Point X="225" Y="322" T="0" />
		<Point X="225" Y="324" T="0" />
		<Point X="225" Y="326" T="0" />
		<Point X="225" Y="327" T="0" />
		<Point X="224" Y="327" T="0" />
		<Point X="223" Y="325" T="0" />
		<Point X="219" Y="316" T="0" />
		<Point X="213" Y="306" T="0" />
		<Point X="207" Y="291" T="0" />
		<Point X="199" Y="272" T="0" />
		<Point X="192" Y="254" T="0" />
		<Point X="185" Y="241" T="0" />
		<Point X="180" Y="231" T="0" />
		<Point X="175" Y="225" T="0" />
		<Point X="172" Y="221" T="0" />
		<Point X="169" Y="217" T="0" />
		<Point X="167" Y="215" T="0" />
	</Stroke>
</Gesture> 
