<?xml version="1.0" encoding="utf-8" standalone="yes"?>
<Gesture Name="six_point_star06">
	<Stroke>
		<Point X="129" Y="260" T="0" />
		<Point X="129" Y="260" T="0" />
		<Point X="129" Y="260" T="0" />
		<Point X="133" Y="260" T="0" />
		<Point X="145" Y="262" T="0" />
		<Point X="167" Y="267" T="0" />
		<Point X="197" Y="273" T="0" />
		<Point X="227" Y="278" T="0" />
		<Point X="255" Y="282" T="0" />
		<Point X="275" Y="286" T="0" />
		<Point X="288" Y="287" T="0" />
		<Point X="295" Y="287" T="0" />
		<Point X="298" Y="287" T="0" />
		<Point X="299" Y="287" T="0" />
		<Point X="299" Y="287" T="0" />
		<Point X="299" Y="286" T="0" />
		<Point X="299" Y="285" T="0" />
		<Point X="299" Y="276" T="0" />
		<Point X="297" Y="265" T="0" />
		<Point X="293" Y="250" T="0" />
		<Point X="289" Y="233" T="0" />
		<Point X="286" Y="217" T="0" />
		<Point X="282" Y="203" T="0" />
		<Point X="280" Y="194" T="0" />
		<Point X="278" Y="189" T="0" />
		<Point X="277" Y="187" T="0" />
		<Point X="277" Y="186" T="0" />
		<Point X="277" Y="185" T="0" />
		<Point X="277" Y="184" T="0" />
		<Point X="276" Y="184" T="0" />
		<Point X="268" Y="185" T="0" />
		<Point X="258" Y="188" T="0" />
		<Point X="237" Y="194" T="0" />
		<Point X="211" Y="201" T="0" />
		<Point X="191" Y="208" T="0" />
		<Point X="178" Y="214" T="0" />
		<Point X="171" Y="218" T="0" />
		<Point X="167" Y="222" T="0" />
		<Point X="162" Y="226" T="0" />
		<Point X="157" Y="230" T="0" />
		<Point X="151" Y="234" T="0" />
		<Point X="146" Y="239" T="0" />
		<Point X="144" Y="242" T="0" />
		<Point X="143" Y="243" T="0" />
		<Point X="142" Y="244" T="0" />
		<Point X="142" Y="245" T="0" />
		<Point X="141" Y="247" T="0" />
		<Point X="140" Y="247" T="0" />
	</Stroke>
	<Stroke>
		<Point X="158" Y="203" T="0" />
		<Point X="159" Y="203" T="0" />
		<Point X="162" Y="203" T="0" />
		<Point X="172" Y="203" T="0" />
		<Point X="187" Y="205" T="0" />
		<Point X="205" Y="208" T="0" />
		<Point X="222" Y="213" T="0" />
		<Point X="243" Y="220" T="0" />
		<Point X="259" Y="225" T="0" />
		<Point X="272" Y="229" T="0" />
		<Point X="284" Y="231" T="0" />
		<Point X="291" Y="232" T="0" />
		<Point X="298" Y="233" T="0" />
		<Point X="303" Y="234" T="0" />
		<Point X="308" Y="235" T="0" />
		<Point X="313" Y="237" T="0" />
		<Point X="319" Y="237" T="0" />
		<Point X="325" Y="238" T="0" />
		<Point X="328" Y="239" T="0" />
		<Point X="329" Y="239" T="0" />
		<Point X="329" Y="240" T="0" />
		<Point X="326" Y="243" T="0" />
		<Point X="318" Y="247" T="0" />
		<Point X="307" Y="254" T="0" />
		<Point X="292" Y="264" T="0" />
		<Point X="279" Y="274" T="0" />
		<Point X="262" Y="286" T="0" />
		<Point X="253" Y="295" T="0" />
		<Point X="249" Y="300" T="0" />
		<Point X="246" Y="304" T="0" />
		<Point X="244" Y="308" T="0" />
		<Point X="240" Y="313" T="0" />
		<Point X="235" Y="317" T="0" />
		<Point X="230" Y="322" T="0" />
		<Point X="226" Y="325" T="0" />
		<Point X="224" Y="328" T="0" />
		<Point X="221" Y="330" T="0" />
		<Point X="221" Y="331" T="0" />
		<Point X="220" Y="331" T="0" />
		<Point X="219" Y="331" T="0" />
		<Point X="215" Y="324" T="0" />
		<Point X="208" Y="314" T="0" />
		<Point X="200" Y="300" T="0" />
		<Point X="191" Y="285" T="0" />
		<Point X="185" Y="274" T="0" />
		<Point X="179" Y="262" T="0" />
		<Point X="176" Y="253" T="0" />
		<Point X="174" Y="247" T="0" />
		<Point X="173" Y="241" T="0" />
		<Point X="171" Y="237" T="0" />
		<Point X="171" Y="233" T="0" />
		<Point X="170" Y="230" T="0" />
		<Point X="169" Y="227" T="0" />
		<Point X="169" Y="225" T="0" />
		<Point X="169" Y="221" T="0" />
		<Point X="169" Y="218" T="0" />
		<Point X="169" Y="216" T="0" />
		<Point X="169" Y="213" T="0" />
		<Point X="169" Y="210" T="0" />
		<Point X="169" Y="208" T="0" />
		<Point X="169" Y="206" T="0" />
		<Point X="169" Y="205" T="0" />
	</Stroke>
</Gesture> 
