<?xml version="1.0" encoding="utf-8" standalone="yes"?>
<Gesture Name="six_point_star04">
	<Stroke>
		<Point X="184" Y="247" T="0" />
		<Point X="184" Y="247" T="0" />
		<Point X="185" Y="247" T="0" />
		<Point X="189" Y="247" T="0" />
		<Point X="199" Y="247" T="0" />
		<Point X="213" Y="247" T="0" />
		<Point X="227" Y="247" T="0" />
		<Point X="240" Y="248" T="0" />
		<Point X="254" Y="248" T="0" />
		<Point X="267" Y="248" T="0" />
		<Point X="276" Y="246" T="0" />
		<Point X="283" Y="243" T="0" />
		<Point X="286" Y="241" T="0" />
		<Point X="287" Y="240" T="0" />
		<Point X="288" Y="239" T="0" />
		<Point X="288" Y="239" T="0" />
		<Point X="288" Y="239" T="0" />
		<Point X="288" Y="237" T="0" />
		<Point X="288" Y="233" T="0" />
		<Point X="284" Y="226" T="0" />
		<Point X="278" Y="217" T="0" />
		<Point X="268" Y="206" T="0" />
		<Point X="259" Y="195" T="0" />
		<Point X="254" Y="187" T="0" />
		<Point X="251" Y="180" T="0" />
		<Point X="249" Y="174" T="0" />
		<Point X="248" Y="169" T="0" />
		<Point X="247" Y="164" T="0" />
		<Point X="246" Y="160" T="0" />
		<Point X="245" Y="157" T="0" />
		<Point X="245" Y="156" T="0" />
		<Point X="244" Y="156" T="0" />
		<Point X="244" Y="157" T="0" />
		<Point X="242" Y="161" T="0" />
		<Point X="238" Y="170" T="0" />
		<Point X="234" Y="179" T="0" />
		<Point X="229" Y="190" T="0" />
		<Point X="226" Y="200" T="0" />
		<Point X="222" Y="210" T="0" />
		<Point X="217" Y="219" T="0" />
		<Point X="212" Y="225" T="0" />
		<Point X="209" Y="230" T="0" />
		<Point X="206" Y="233" T="0" />
		<Point X="205" Y="235" T="0" />
		<Point X="204" Y="236" T="0" />
		<Point X="204" Y="237" T="0" />
		<Point X="203" Y="238" T="0" />
	</Stroke>
	<Stroke>
		<Point X="201" Y="189" T="0" />
		<Point X="203" Y="189" T="0" />
		<Point X="213" Y="189" T="0" />
		<Point X="230" Y="189" T="0" />
		<Point X="253" Y="190" T="0" />
		<Point X="278" Y="190" T="0" />
		<Point X="298" Y="190" T="0" />
		<Point X="310" Y="189" T="0" />
		<Point X="314" Y="188" T="0" />
		<Point X="315" Y="187" T="0" />
		<Point X="314" Y="188" T="0" />
		<Point X="311" Y="190" T="0" />
		<Point X="302" Y="195" T="0" />
		<Point X="287" Y="203" T="0" />
		<Point X="272" Y="212" T="0" />
		<Point X="255" Y="224" T="0" />
		<Point X="243" Y="238" T="0" />
		<Point X="236" Y="251" T="0" />
		<Point X="232" Y="261" T="0" />
		<Point X="230" Y="267" T="0" />
		<Point X="229" Y="270" T="0" />
		<Point X="228" Y="271" T="0" />
		<Point X="228" Y="270" T="0" />
		<Point X="228" Y="265" T="0" />
		<Point X="226" Y="255" T="0" />
		<Point X="223" Y="242" T="0" />
		<Point X="219" Y="224" T="0" />
		<Point X="216" Y="208" T="0" />
		<Point X="214" Y="195" T="0" />
		<Point X="212" Y="188" T="0" />
		<Point X="211" Y="185" T="0" />
	</Stroke>
</Gesture> 
