<?xml version="1.0" encoding="utf-8" standalone="yes"?>
<Gesture Name="six_point_star10">
	<Stroke>
		<Point X="166" Y="262" T="0" />
		<Point X="166" Y="262" T="0" />
		<Point X="168" Y="263" T="0" />
		<Point X="170" Y="263" T="0" />
		<Point X="180" Y="266" T="0" />
		<Point X="204" Y="268" T="0" />
		<Point X="241" Y="270" T="0" />
		<Point X="286" Y="273" T="0" />
		<Point X="318" Y="276" T="0" />
		<Point X="334" Y="277" T="0" />
		<Point X="338" Y="277" T="0" />
		<Point X="338" Y="277" T="0" />
		<Point X="338" Y="276" T="0" />
		<Point X="337" Y="273" T="0" />
		<Point X="334" Y="264" T="0" />
		<Point X="330" Y="255" T="0" />
		<Point X="323" Y="242" T="0" />
		<Point X="316" Y="226" T="0" />
		<Point X="309" Y="209" T="0" />
		<Point X="303" Y="199" T="0" />
		<Point X="299" Y="189" T="0" />
		<Point X="296" Y="183" T="0" />
		<Point X="295" Y="180" T="0" />
		<Point X="294" Y="179" T="0" />
		<Point X="294" Y="178" T="0" />
		<Point X="294" Y="177" T="0" />
		<Point X="294" Y="176" T="0" />
		<Point X="294" Y="175" T="0" />
		<Point X="292" Y="174" T="0" />
		<Point X="292" Y="173" T="0" />
		<Point X="292" Y="172" T="0" />
		<Point X="291" Y="172" T="0" />
		<Point X="282" Y="176" T="0" />
		<Point X="266" Y="184" T="0" />
		<Point X="248" Y="194" T="0" />
		<Point X="227" Y="206" T="0" />
		<Point X="208" Y="216" T="0" />
		<Point X="194" Y="224" T="0" />
		<Point X="183" Y="231" T="0" />
		<Point X="178" Y="234" T="0" />
		<Point X="175" Y="237" T="0" />
		<Point X="174" Y="239" T="0" />
		<Point X="173" Y="240" T="0" />
		<Point X="172" Y="241" T="0" />
		<Point X="171" Y="243" T="0" />
		<Point X="171" Y="244" T="0" />
		<Point X="170" Y="244" T="0" />
		<Point X="170" Y="245" T="0" />
		<Point X="170" Y="246" T="0" />
		<Point X="169" Y="246" T="0" />
		<Point X="169" Y="248" T="0" />
	</Stroke>
	<Stroke>
		<Point X="182" Y="196" T="0" />
		<Point X="183" Y="196" T="0" />
		<Point X="185" Y="196" T="0" />
		<Point X="190" Y="195" T="0" />
		<Point X="200" Y="195" T="0" />
		<Point X="220" Y="197" T="0" />
		<Point X="243" Y="199" T="0" />
		<Point X="263" Y="200" T="0" />
		<Point X="280" Y="200" T="0" />
		<Point X="297" Y="200" T="0" />
		<Point X="313" Y="200" T="0" />
		<Point X="326" Y="200" T="0" />
		<Point X="337" Y="200" T="0" />
		<Point X="345" Y="200" T="0" />
		<Point X="350" Y="200" T="0" />
		<Point X="351" Y="200" T="0" />
		<Point X="352" Y="200" T="0" />
		<Point X="353" Y="200" T="0" />
		<Point X="353" Y="199" T="0" />
		<Point X="353" Y="200" T="0" />
		<Point X="350" Y="207" T="0" />
		<Point X="342" Y="219" T="0" />
		<Point X="334" Y="233" T="0" />
		<Point X="321" Y="251" T="0" />
		<Point X="305" Y="272" T="0" />
		<Point X="287" Y="292" T="0" />
		<Point X="275" Y="305" T="0" />
		<Point X="271" Y="311" T="0" />
		<Point X="270" Y="312" T="0" />
		<Point X="269" Y="313" T="0" />
		<Point X="269" Y="314" T="0" />
		<Point X="268" Y="316" T="0" />
		<Point X="267" Y="317" T="0" />
		<Point X="265" Y="317" T="0" />
		<Point X="263" Y="310" T="0" />
		<Point X="258" Y="303" T="0" />
		<Point X="252" Y="291" T="0" />
		<Point X="246" Y="274" T="0" />
		<Point X="238" Y="253" T="0" />
		<Point X="230" Y="229" T="0" />
		<Point X="224" Y="211" T="0" />
		<Point X="218" Y="196" T="0" />
		<Point X="213" Y="183" T="0" />
		<Point X="208" Y="174" T="0" />
		<Point X="205" Y="169" T="0" />
	</Stroke>
</Gesture> 
