<?xml version="1.0" encoding="utf-8" standalone="yes"?>
<Gesture Name="six_point_star02">
	<Stroke>
		<Point X="184" Y="270" T="0" />
		<Point X="183" Y="270" T="0" />
		<Point X="183" Y="270" T="0" />
		<Point X="184" Y="267" T="0" />
		<Point X="191" Y="258" T="0" />
		<Point X="201" Y="247" T="0" />
		<Point X="214" Y="235" T="0" />
		<Point X="225" Y="223" T="0" />
		<Point X="237" Y="212" T="0" />
		<Point X="245" Y="204" T="0" />
		<Point X="252" Y="195" T="0" />
		<Point X="258" Y="187" T="0" />
		<Point X="262" Y="181" T="0" />
		<Point X="266" Y="175" T="0" />
		<Point X="270" Y="170" T="0" />
		<Point X="273" Y="168" T="0" />
		<Point X="274" Y="167" T="0" />
		<Point X="275" Y="167" T="0" />
		<Point X="276" Y="166" T="0" />
		<Point X="280" Y="171" T="0" />
		<Point X="286" Y="180" T="0" />
		<Point X="293" Y="194" T="0" />
		<Point X="300" Y="209" T="0" />
		<Point X="304" Y="222" T="0" />
		<Point X="307" Y="236" T="0" />
		<Point X="310" Y="245" T="0" />
		<Point X="311" Y="250" T="0" />
		<Point X="312" Y="254" T="0" />
		<Point X="312" Y="257" T="0" />
		<Point X="312" Y="259" T="0" />
		<Point X="312" Y="262" T="0" />
		<Point X="312" Y="263" T="0" />
		<Point X="312" Y="264" T="0" />
		<Point X="312" Y="265" T="0" />
		<Point X="310" Y="265" T="0" />
		<Point X="307" Y="265" T="0" />
		<Point X="298" Y="264" T="0" />
		<Point X="282" Y="262" T="0" />
		<Point X="264" Y="261" T="0" />
		<Point X="245" Y="262" T="0" />
		<Point X="222" Y="268" T="0" />
		<Point X="203" Y="271" T="0" />
		<Point X="193" Y="272" T="0" />
		<Point X="189" Y="274" T="0" />
	</Stroke>
	<Stroke>
		<Point X="197" Y="208" T="0" />
		<Point X="198" Y="208" T="0" />
		<Point X="204" Y="208" T="0" />
		<Point X="213" Y="208" T="0" />
		<Point X="228" Y="210" T="0" />
		<Point X="250" Y="211" T="0" />
		<Point X="276" Y="213" T="0" />
		<Point X="302" Y="214" T="0" />
		<Point X="326" Y="215" T="0" />
		<Point X="339" Y="216" T="0" />
		<Point X="347" Y="216" T="0" />
		<Point X="350" Y="215" T="0" />
		<Point X="351" Y="215" T="0" />
		<Point X="350" Y="215" T="0" />
		<Point X="348" Y="215" T="0" />
		<Point X="344" Y="217" T="0" />
		<Point X="338" Y="219" T="0" />
		<Point X="328" Y="224" T="0" />
		<Point X="316" Y="230" T="0" />
		<Point X="300" Y="239" T="0" />
		<Point X="285" Y="247" T="0" />
		<Point X="271" Y="259" T="0" />
		<Point X="258" Y="271" T="0" />
		<Point X="246" Y="288" T="0" />
		<Point X="236" Y="306" T="0" />
		<Point X="227" Y="322" T="0" />
		<Point X="223" Y="332" T="0" />
		<Point X="221" Y="336" T="0" />
		<Point X="221" Y="334" T="0" />
		<Point X="221" Y="331" T="0" />
		<Point X="221" Y="321" T="0" />
		<Point X="221" Y="308" T="0" />
		<Point X="221" Y="295" T="0" />
		<Point X="219" Y="280" T="0" />
		<Point X="217" Y="267" T="0" />
		<Point X="213" Y="250" T="0" />
		<Point X="211" Y="237" T="0" />
		<Point X="208" Y="228" T="0" />
		<Point X="206" Y="223" T="0" />
		<Point X="206" Y="221" T="0" />
		<Point X="205" Y="220" T="0" />
		<Point X="205" Y="219" T="0" />
		<Point X="204" Y="218" T="0" />
		<Point X="204" Y="217" T="0" />
		<Point X="204" Y="216" T="0" />
		<Point X="203" Y="214" T="0" />
		<Point X="203" Y="210" T="0" />
		<Point X="203" Y="206" T="0" />
	</Stroke>
</Gesture> 
