<?xml version="1.0" encoding="utf-8" standalone="yes"?>
<Gesture Name="six_point_star07">
	<Stroke>
		<Point X="166" Y="258" T="0" />
		<Point X="166" Y="258" T="0" />
		<Point X="173" Y="258" T="0" />
		<Point X="187" Y="258" T="0" />
		<Point X="212" Y="258" T="0" />
		<Point X="244" Y="259" T="0" />
		<Point X="276" Y="260" T="0" />
		<Point X="300" Y="260" T="0" />
		<Point X="312" Y="260" T="0" />
		<Point X="315" Y="260" T="0" />
		<Point X="316" Y="260" T="0" />
		<Point X="316" Y="259" T="0" />
		<Point X="316" Y="259" T="0" />
		<Point X="316" Y="259" T="0" />
		<Point X="316" Y="258" T="0" />
		<Point X="316" Y="256" T="0" />
		<Point X="311" Y="246" T="0" />
		<Point X="303" Y="235" T="0" />
		<Point X="294" Y="222" T="0" />
		<Point X="284" Y="207" T="0" />
		<Point X="277" Y="197" T="0" />
		<Point X="274" Y="191" T="0" />
		<Point X="272" Y="187" T="0" />
		<Point X="271" Y="183" T="0" />
		<Point X="270" Y="180" T="0" />
		<Point X="269" Y="177" T="0" />
		<Point X="269" Y="176" T="0" />
		<Point X="269" Y="175" T="0" />
		<Point X="268" Y="175" T="0" />
		<Point X="267" Y="176" T="0" />
		<Point X="259" Y="184" T="0" />
		<Point X="245" Y="194" T="0" />
		<Point X="226" Y="211" T="0" />
		<Point X="206" Y="229" T="0" />
		<Point X="191" Y="244" T="0" />
		<Point X="182" Y="253" T="0" />
		<Point X="177" Y="258" T="0" />
		<Point X="175" Y="260" T="0" />
		<Point X="173" Y="262" T="0" />
		<Point X="172" Y="263" T="0" />
		<Point X="170" Y="264" T="0" />
		<Point X="170" Y="266" T="0" />
		<Point X="169" Y="266" T="0" />
	</Stroke>
	<Stroke>
		<Point X="190" Y="217" T="0" />
		<Point X="191" Y="217" T="0" />
		<Point X="195" Y="215" T="0" />
		<Point X="200" Y="214" T="0" />
		<Point X="210" Y="214" T="0" />
		<Point X="224" Y="213" T="0" />
		<Point X="240" Y="213" T="0" />
		<Point X="256" Y="213" T="0" />
		<Point X="271" Y="213" T="0" />
		<Point X="281" Y="213" T="0" />
		<Point X="288" Y="213" T="0" />
		<Point X="294" Y="213" T="0" />
		<Point X="300" Y="213" T="0" />
		<Point X="305" Y="213" T="0" />
		<Point X="310" Y="213" T="0" />
		<Point X="312" Y="213" T="0" />
		<Point X="313" Y="213" T="0" />
		<Point X="315" Y="212" T="0" />
		<Point X="319" Y="212" T="0" />
		<Point X="323" Y="211" T="0" />
		<Point X="325" Y="211" T="0" />
		<Point X="326" Y="211" T="0" />
		<Point X="325" Y="211" T="0" />
		<Point X="320" Y="215" T="0" />
		<Point X="311" Y="220" T="0" />
		<Point X="300" Y="228" T="0" />
		<Point X="288" Y="237" T="0" />
		<Point X="275" Y="249" T="0" />
		<Point X="262" Y="261" T="0" />
		<Point X="251" Y="275" T="0" />
		<Point X="243" Y="288" T="0" />
		<Point X="238" Y="297" T="0" />
		<Point X="235" Y="303" T="0" />
		<Point X="233" Y="308" T="0" />
		<Point X="231" Y="312" T="0" />
		<Point X="230" Y="314" T="0" />
		<Point X="230" Y="315" T="0" />
		<Point X="229" Y="315" T="0" />
		<Point X="223" Y="305" T="0" />
		<Point X="218" Y="298" T="0" />
		<Point X="209" Y="283" T="0" />
		<Point X="201" Y="269" T="0" />
		<Point X="194" Y="256" T="0" />
		<Point X="188" Y="245" T="0" />
		<Point X="185" Y="236" T="0" />
		<Point X="182" Y="228" T="0" />
		<Point X="180" Y="220" T="0" />
		<Point X="177" Y="213" T="0" />
		<Point X="176" Y="208" T="0" />
		<Point X="175" Y="205" T="0" />
	</Stroke>
</Gesture> 
