<?xml version="1.0" encoding="utf-8" standalone="yes"?>
<Gesture Name="T01">
	<Stroke>
		<Point X="140" Y="123" T="0" />
		<Point X="141" Y="123" T="0" />
		<Point X="144" Y="123" T="0" />
		<Point X="158" Y="124" T="0" />
		<Point X="182" Y="126" T="0" />
		<Point X="221" Y="128" T="0" />
		<Point X="271" Y="130" T="0" />
		<Point X="316" Y="133" T="0" />
		<Point X="345" Y="136" T="0" />
		<Point X="357" Y="138" T="0" />
		<Point X="360" Y="138" T="0" />
		<Point X="360" Y="139" T="0" />
		<Point X="359" Y="139" T="0" />
		<Point X="357" Y="139" T="0" />
	</Stroke>
	<Stroke>
		<Point X="257" Y="134" T="0" />
		<Point X="257" Y="135" T="0" />
		<Point X="256" Y="141" T="0" />
		<Point X="254" Y="152" T="0" />
		<Point X="248" Y="172" T="0" />
		<Point X="245" Y="194" T="0" />
		<Point X="240" Y="228" T="0" />
		<Point X="234" Y="264" T="0" />
		<Point X="227" Y="300" T="0" />
		<Point X="220" Y="335" T="0" />
		<Point X="215" Y="359" T="0" />
		<Point X="212" Y="374" T="0" />
		<Point X="210" Y="384" T="0" />
		<Point X="209" Y="389" T="0" />
	</Stroke>
</Gesture> 
