<?xml version="1.0" encoding="utf-8" standalone="yes"?>
<Gesture Name="T02">
	<Stroke>
		<Point X="123" Y="136" T="0" />
		<Point X="123" Y="136" T="0" />
		<Point X="127" Y="136" T="0" />
		<Point X="141" Y="137" T="0" />
		<Point X="166" Y="139" T="0" />
		<Point X="203" Y="142" T="0" />
		<Point X="249" Y="142" T="0" />
		<Point X="296" Y="142" T="0" />
		<Point X="330" Y="141" T="0" />
		<Point X="344" Y="141" T="0" />
	</Stroke>
	<Stroke>
		<Point X="244" Y="141" T="0" />
		<Point X="244" Y="142" T="0" />
		<Point X="244" Y="155" T="0" />
		<Point X="245" Y="171" T="0" />
		<Point X="245" Y="192" T="0" />
		<Point X="246" Y="219" T="0" />
		<Point X="248" Y="248" T="0" />
		<Point X="250" Y="268" T="0" />
		<Point X="251" Y="288" T="0" />
		<Point X="252" Y="314" T="0" />
		<Point X="254" Y="339" T="0" />
		<Point X="255" Y="354" T="0" />
		<Point X="256" Y="361" T="0" />
	</Stroke>
</Gesture> 
