<?xml version="1.0" encoding="utf-8" standalone="yes"?>
<Gesture Name="T03">
	<Stroke>
		<Point X="134" Y="225" T="0" />
		<Point X="142" Y="223" T="0" />
		<Point X="158" Y="220" T="0" />
		<Point X="185" Y="217" T="0" />
		<Point X="219" Y="217" T="0" />
		<Point X="257" Y="217" T="0" />
		<Point X="287" Y="219" T="0" />
		<Point X="310" Y="220" T="0" />
		<Point X="317" Y="220" T="0" />
	</Stroke>
	<Stroke>
		<Point X="244" Y="217" T="0" />
		<Point X="244" Y="218" T="0" />
		<Point X="244" Y="229" T="0" />
		<Point X="243" Y="250" T="0" />
		<Point X="242" Y="280" T="0" />
		<Point X="239" Y="313" T="0" />
		<Point X="235" Y="344" T="0" />
		<Point X="230" Y="379" T="0" />
		<Point X="227" Y="407" T="0" />
		<Point X="226" Y="427" T="0" />
		<Point X="225" Y="437" T="0" />
		<Point X="225" Y="443" T="0" />
		<Point X="226" Y="446" T="0" />
		<Point X="227" Y="448" T="0" />
	</Stroke>
</Gesture> 
