<?xml version="1.0" encoding="utf-8" standalone="yes"?>
<Gesture Name="T04">
	<Stroke>
		<Point X="123" Y="206" T="0" />
		<Point X="123" Y="206" T="0" />
		<Point X="129" Y="206" T="0" />
		<Point X="157" Y="209" T="0" />
		<Point X="202" Y="212" T="0" />
		<Point X="256" Y="214" T="0" />
		<Point X="306" Y="215" T="0" />
		<Point X="343" Y="215" T="0" />
		<Point X="359" Y="216" T="0" />
	</Stroke>
	<Stroke>
		<Point X="252" Y="217" T="0" />
		<Point X="252" Y="218" T="0" />
		<Point X="252" Y="219" T="0" />
		<Point X="251" Y="228" T="0" />
		<Point X="251" Y="248" T="0" />
		<Point X="251" Y="278" T="0" />
		<Point X="251" Y="313" T="0" />
		<Point X="251" Y="346" T="0" />
		<Point X="251" Y="375" T="0" />
		<Point X="250" Y="399" T="0" />
		<Point X="248" Y="419" T="0" />
		<Point X="248" Y="430" T="0" />
		<Point X="248" Y="434" T="0" />
		<Point X="248" Y="435" T="0" />
	</Stroke>
</Gesture> 
