<?xml version="1.0" encoding="utf-8" standalone="yes"?>
<Gesture Name="T05">
	<Stroke>
		<Point X="111" Y="169" T="0" />
		<Point X="112" Y="169" T="0" />
		<Point X="115" Y="169" T="0" />
		<Point X="137" Y="168" T="0" />
		<Point X="182" Y="166" T="0" />
		<Point X="238" Y="164" T="0" />
		<Point X="298" Y="160" T="0" />
		<Point X="335" Y="158" T="0" />
		<Point X="353" Y="157" T="0" />
	</Stroke>
	<Stroke>
		<Point X="236" Y="165" T="0" />
		<Point X="236" Y="166" T="0" />
		<Point X="236" Y="167" T="0" />
		<Point X="236" Y="177" T="0" />
		<Point X="236" Y="198" T="0" />
		<Point X="238" Y="224" T="0" />
		<Point X="241" Y="252" T="0" />
		<Point X="245" Y="278" T="0" />
		<Point X="249" Y="305" T="0" />
		<Point X="253" Y="328" T="0" />
		<Point X="256" Y="347" T="0" />
		<Point X="257" Y="361" T="0" />
		<Point X="259" Y="374" T="0" />
		<Point X="259" Y="384" T="0" />
		<Point X="259" Y="390" T="0" />
	</Stroke>
</Gesture> 
