<?xml version="1.0" encoding="utf-8" standalone="yes"?>
<Gesture Name="T06">
	<Stroke>
		<Point X="111" Y="192" T="0" />
		<Point X="113" Y="192" T="0" />
		<Point X="123" Y="191" T="0" />
		<Point X="142" Y="191" T="0" />
		<Point X="178" Y="192" T="0" />
		<Point X="218" Y="192" T="0" />
		<Point X="258" Y="192" T="0" />
		<Point X="296" Y="193" T="0" />
		<Point X="324" Y="195" T="0" />
		<Point X="343" Y="198" T="0" />
		<Point X="349" Y="199" T="0" />
		<Point X="350" Y="199" T="0" />
		<Point X="350" Y="199" T="0" />
	</Stroke>
	<Stroke>
		<Point X="231" Y="193" T="0" />
		<Point X="231" Y="195" T="0" />
		<Point X="231" Y="197" T="0" />
		<Point X="232" Y="212" T="0" />
		<Point X="233" Y="234" T="0" />
		<Point X="237" Y="270" T="0" />
		<Point X="238" Y="308" T="0" />
		<Point X="238" Y="350" T="0" />
		<Point X="238" Y="390" T="0" />
		<Point X="238" Y="425" T="0" />
		<Point X="237" Y="446" T="0" />
		<Point X="237" Y="457" T="0" />
	</Stroke>
</Gesture> 
