<?xml version="1.0" encoding="utf-8" standalone="yes"?>
<Gesture Name="T07">
	<Stroke>
		<Point X="103" Y="143" T="0" />
		<Point X="103" Y="143" T="0" />
		<Point X="104" Y="143" T="0" />
		<Point X="117" Y="143" T="0" />
		<Point X="151" Y="144" T="0" />
		<Point X="194" Y="145" T="0" />
		<Point X="238" Y="145" T="0" />
		<Point X="276" Y="146" T="0" />
		<Point X="299" Y="146" T="0" />
		<Point X="311" Y="146" T="0" />
		<Point X="316" Y="146" T="0" />
	</Stroke>
	<Stroke>
		<Point X="209" Y="150" T="0" />
		<Point X="208" Y="151" T="0" />
		<Point X="208" Y="153" T="0" />
		<Point X="208" Y="156" T="0" />
		<Point X="206" Y="162" T="0" />
		<Point X="206" Y="174" T="0" />
		<Point X="204" Y="196" T="0" />
		<Point X="202" Y="227" T="0" />
		<Point X="199" Y="260" T="0" />
		<Point X="197" Y="288" T="0" />
		<Point X="197" Y="315" T="0" />
		<Point X="197" Y="337" T="0" />
		<Point X="197" Y="354" T="0" />
		<Point X="199" Y="366" T="0" />
		<Point X="199" Y="373" T="0" />
		<Point X="200" Y="380" T="0" />
		<Point X="200" Y="385" T="0" />
		<Point X="200" Y="388" T="0" />
	</Stroke>
</Gesture> 
