<?xml version="1.0" encoding="utf-8" standalone="yes"?>
<Gesture Name="T08">
	<Stroke>
		<Point X="96" Y="167" T="0" />
		<Point X="98" Y="167" T="0" />
		<Point X="109" Y="164" T="0" />
		<Point X="130" Y="161" T="0" />
		<Point X="169" Y="157" T="0" />
		<Point X="233" Y="150" T="0" />
		<Point X="292" Y="145" T="0" />
		<Point X="335" Y="143" T="0" />
		<Point X="355" Y="143" T="0" />
	</Stroke>
	<Stroke>
		<Point X="211" Y="156" T="0" />
		<Point X="211" Y="159" T="0" />
		<Point X="216" Y="181" T="0" />
		<Point X="221" Y="222" T="0" />
		<Point X="223" Y="262" T="0" />
		<Point X="223" Y="307" T="0" />
		<Point X="221" Y="342" T="0" />
		<Point X="218" Y="367" T="0" />
		<Point X="217" Y="383" T="0" />
	</Stroke>
</Gesture> 
