<?xml version="1.0" encoding="utf-8" standalone="yes"?>
<Gesture Name="T09">
	<Stroke>
		<Point X="107" Y="184" T="0" />
		<Point X="107" Y="184" T="0" />
		<Point X="107" Y="184" T="0" />
		<Point X="112" Y="184" T="0" />
		<Point X="128" Y="184" T="0" />
		<Point X="160" Y="184" T="0" />
		<Point X="205" Y="184" T="0" />
		<Point X="246" Y="185" T="0" />
		<Point X="277" Y="185" T="0" />
		<Point X="292" Y="185" T="0" />
		<Point X="296" Y="185" T="0" />
		<Point X="297" Y="185" T="0" />
		<Point X="297" Y="185" T="0" />
	</Stroke>
	<Stroke>
		<Point X="197" Y="187" T="0" />
		<Point X="197" Y="188" T="0" />
		<Point X="197" Y="193" T="0" />
		<Point X="196" Y="205" T="0" />
		<Point X="196" Y="218" T="0" />
		<Point X="194" Y="240" T="0" />
		<Point X="192" Y="263" T="0" />
		<Point X="192" Y="293" T="0" />
		<Point X="192" Y="320" T="0" />
		<Point X="193" Y="345" T="0" />
		<Point X="195" Y="363" T="0" />
		<Point X="195" Y="377" T="0" />
		<Point X="196" Y="385" T="0" />
		<Point X="197" Y="390" T="0" />
		<Point X="197" Y="393" T="0" />
		<Point X="197" Y="394" T="0" />
		<Point X="197" Y="395" T="0" />
		<Point X="197" Y="396" T="0" />
		<Point X="197" Y="397" T="0" />
		<Point X="197" Y="398" T="0" />
		<Point X="198" Y="398" T="0" />
		<Point X="198" Y="399" T="0" />
	</Stroke>
</Gesture> 
