<?xml version="1.0" encoding="utf-8" standalone="yes"?>
<Gesture Name="T10">
	<Stroke>
		<Point X="121" Y="184" T="0" />
		<Point X="121" Y="184" T="0" />
		<Point X="121" Y="184" T="0" />
		<Point X="125" Y="184" T="0" />
		<Point X="146" Y="184" T="0" />
		<Point X="183" Y="183" T="0" />
		<Point X="230" Y="182" T="0" />
		<Point X="278" Y="181" T="0" />
		<Point X="311" Y="181" T="0" />
		<Point X="331" Y="181" T="0" />
		<Point X="340" Y="180" T="0" />
		<Point X="345" Y="180" T="0" />
		<Point X="350" Y="180" T="0" />
		<Point X="354" Y="179" T="0" />
		<Point X="356" Y="179" T="0" />
		<Point X="356" Y="179" T="0" />
	</Stroke>
	<Stroke>
		<Point X="233" Y="184" T="0" />
		<Point X="233" Y="185" T="0" />
		<Point X="233" Y="187" T="0" />
		<Point X="233" Y="197" T="0" />
		<Point X="233" Y="211" T="0" />
		<Point X="233" Y="228" T="0" />
		<Point X="235" Y="250" T="0" />
		<Point X="236" Y="276" T="0" />
		<Point X="241" Y="310" T="0" />
		<Point X="246" Y="345" T="0" />
		<Point X="252" Y="375" T="0" />
		<Point X="255" Y="393" T="0" />
		<Point X="256" Y="401" T="0" />
		<Point X="256" Y="405" T="0" />
		<Point X="256" Y="408" T="0" />
		<Point X="256" Y="409" T="0" />
		<Point X="256" Y="411" T="0" />
		<Point X="256" Y="412" T="0" />
		<Point X="256" Y="413" T="0" />
		<Point X="256" Y="414" T="0" />
		<Point X="256" Y="416" T="0" />
		<Point X="256" Y="417" T="0" />
	</Stroke>
</Gesture> 
