<?xml version="1.0" encoding="utf-8" standalone="yes"?>
<Gesture Name="X01">
	<Stroke>
		<Point X="311" Y="198" T="0" />
		<Point X="311" Y="198" T="0" />
		<Point X="310" Y="198" T="0" />
		<Point X="304" Y="204" T="0" />
		<Point X="283" Y="225" T="0" />
		<Point X="251" Y="263" T="0" />
		<Point X="214" Y="310" T="0" />
		<Point X="180" Y="357" T="0" />
		<Point X="151" Y="404" T="0" />
		<Point X="131" Y="441" T="0" />
		<Point X="124" Y="456" T="0" />
	</Stroke>
	<Stroke>
		<Point X="110" Y="251" T="0" />
		<Point X="114" Y="251" T="0" />
		<Point X="128" Y="262" T="0" />
		<Point X="151" Y="287" T="0" />
		<Point X="174" Y="320" T="0" />
		<Point X="196" Y="359" T="0" />
		<Point X="217" Y="400" T="0" />
		<Point X="235" Y="438" T="0" />
		<Point X="250" Y="467" T="0" />
		<Point X="261" Y="484" T="0" />
		<Point X="267" Y="493" T="0" />
		<Point X="270" Y="497" T="0" />
	</Stroke>
</Gesture> 
