<?xml version="1.0" encoding="utf-8" standalone="yes"?>
<Gesture Name="X02">
	<Stroke>
		<Point X="345" Y="211" T="0" />
		<Point X="345" Y="211" T="0" />
		<Point X="345" Y="213" T="0" />
		<Point X="335" Y="223" T="0" />
		<Point X="313" Y="240" T="0" />
		<Point X="282" Y="264" T="0" />
		<Point X="253" Y="291" T="0" />
		<Point X="216" Y="323" T="0" />
		<Point X="185" Y="347" T="0" />
		<Point X="162" Y="368" T="0" />
		<Point X="153" Y="378" T="0" />
		<Point X="152" Y="380" T="0" />
	</Stroke>
	<Stroke>
		<Point X="169" Y="206" T="0" />
		<Point X="171" Y="209" T="0" />
		<Point X="179" Y="224" T="0" />
		<Point X="195" Y="255" T="0" />
		<Point X="212" Y="295" T="0" />
		<Point X="231" Y="332" T="0" />
		<Point X="248" Y="363" T="0" />
		<Point X="263" Y="381" T="0" />
		<Point X="271" Y="391" T="0" />
		<Point X="275" Y="398" T="0" />
		<Point X="280" Y="404" T="0" />
		<Point X="284" Y="410" T="0" />
		<Point X="288" Y="415" T="0" />
		<Point X="290" Y="417" T="0" />
	</Stroke>
</Gesture> 
