<?xml version="1.0" encoding="utf-8" standalone="yes"?>
<Gesture Name="X03">
	<Stroke>
		<Point X="228" Y="174" T="0" />
		<Point X="227" Y="177" T="0" />
		<Point X="219" Y="186" T="0" />
		<Point X="197" Y="203" T="0" />
		<Point X="164" Y="229" T="0" />
		<Point X="128" Y="261" T="0" />
		<Point X="89" Y="295" T="0" />
		<Point X="52" Y="329" T="0" />
		<Point X="44" Y="337" T="0" />
		<Point X="38" Y="344" T="0" />
		<Point X="36" Y="346" T="0" />
	</Stroke>
	<Stroke>
		<Point X="53" Y="142" T="0" />
		<Point X="54" Y="143" T="0" />
		<Point X="67" Y="160" T="0" />
		<Point X="88" Y="187" T="0" />
		<Point X="113" Y="220" T="0" />
		<Point X="143" Y="256" T="0" />
		<Point X="168" Y="289" T="0" />
		<Point X="195" Y="325" T="0" />
		<Point X="210" Y="347" T="0" />
		<Point X="219" Y="362" T="0" />
		<Point X="225" Y="371" T="0" />
		<Point X="228" Y="377" T="0" />
		<Point X="229" Y="379" T="0" />
	</Stroke>
</Gesture> 
