<?xml version="1.0" encoding="utf-8" standalone="yes"?>
<Gesture Name="X04">
	<Stroke>
		<Point X="301" Y="164" T="0" />
		<Point X="301" Y="164" T="0" />
		<Point X="294" Y="172" T="0" />
		<Point X="282" Y="186" T="0" />
		<Point X="263" Y="209" T="0" />
		<Point X="241" Y="237" T="0" />
		<Point X="222" Y="260" T="0" />
		<Point X="203" Y="284" T="0" />
		<Point X="189" Y="302" T="0" />
		<Point X="181" Y="316" T="0" />
		<Point X="177" Y="323" T="0" />
		<Point X="176" Y="325" T="0" />
		<Point X="176" Y="325" T="0" />
	</Stroke>
	<Stroke>
		<Point X="177" Y="124" T="0" />
		<Point X="188" Y="135" T="0" />
		<Point X="204" Y="151" T="0" />
		<Point X="233" Y="180" T="0" />
		<Point X="263" Y="210" T="0" />
		<Point X="292" Y="241" T="0" />
		<Point X="317" Y="270" T="0" />
		<Point X="332" Y="292" T="0" />
		<Point X="339" Y="305" T="0" />
		<Point X="345" Y="315" T="0" />
		<Point X="347" Y="320" T="0" />
		<Point X="347" Y="323" T="0" />
	</Stroke>
</Gesture> 
