<?xml version="1.0" encoding="utf-8" standalone="yes"?>
<Gesture Name="X05">
	<Stroke>
		<Point X="307" Y="175" T="0" />
		<Point X="307" Y="175" T="0" />
		<Point X="307" Y="177" T="0" />
		<Point X="302" Y="188" T="0" />
		<Point X="293" Y="202" T="0" />
		<Point X="275" Y="224" T="0" />
		<Point X="248" Y="254" T="0" />
		<Point X="225" Y="280" T="0" />
		<Point X="204" Y="304" T="0" />
		<Point X="187" Y="323" T="0" />
		<Point X="177" Y="339" T="0" />
		<Point X="170" Y="351" T="0" />
		<Point X="166" Y="359" T="0" />
		<Point X="166" Y="361" T="0" />
		<Point X="166" Y="361" T="0" />
	</Stroke>
	<Stroke>
		<Point X="158" Y="158" T="0" />
		<Point X="159" Y="158" T="0" />
		<Point X="159" Y="159" T="0" />
		<Point X="169" Y="170" T="0" />
		<Point X="187" Y="193" T="0" />
		<Point X="210" Y="222" T="0" />
		<Point X="231" Y="249" T="0" />
		<Point X="252" Y="283" T="0" />
		<Point X="272" Y="315" T="0" />
		<Point X="291" Y="352" T="0" />
		<Point X="307" Y="383" T="0" />
		<Point X="315" Y="401" T="0" />
		<Point X="320" Y="410" T="0" />
		<Point X="321" Y="413" T="0" />
		<Point X="321" Y="414" T="0" />
	</Stroke>
</Gesture> 
