<?xml version="1.0" encoding="utf-8" standalone="yes"?>
<Gesture Name="X06">
	<Stroke>
		<Point X="282" Y="199" T="0" />
		<Point X="282" Y="203" T="0" />
		<Point X="276" Y="214" T="0" />
		<Point X="261" Y="232" T="0" />
		<Point X="234" Y="261" T="0" />
		<Point X="202" Y="292" T="0" />
		<Point X="176" Y="314" T="0" />
		<Point X="155" Y="331" T="0" />
		<Point X="148" Y="336" T="0" />
	</Stroke>
	<Stroke>
		<Point X="143" Y="189" T="0" />
		<Point X="147" Y="197" T="0" />
		<Point X="160" Y="217" T="0" />
		<Point X="182" Y="246" T="0" />
		<Point X="206" Y="273" T="0" />
		<Point X="232" Y="300" T="0" />
		<Point X="252" Y="324" T="0" />
		<Point X="267" Y="343" T="0" />
		<Point X="280" Y="362" T="0" />
		<Point X="287" Y="375" T="0" />
		<Point X="291" Y="384" T="0" />
	</Stroke>
</Gesture> 
