<?xml version="1.0" encoding="utf-8" standalone="yes"?>
<Gesture Name="X07">
	<Stroke>
		<Point X="264" Y="157" T="0" />
		<Point X="263" Y="159" T="0" />
		<Point X="258" Y="163" T="0" />
		<Point X="250" Y="171" T="0" />
		<Point X="232" Y="186" T="0" />
		<Point X="208" Y="207" T="0" />
		<Point X="187" Y="226" T="0" />
		<Point X="169" Y="243" T="0" />
		<Point X="155" Y="257" T="0" />
		<Point X="144" Y="269" T="0" />
		<Point X="136" Y="276" T="0" />
		<Point X="131" Y="282" T="0" />
		<Point X="129" Y="284" T="0" />
		<Point X="129" Y="284" T="0" />
	</Stroke>
	<Stroke>
		<Point X="129" Y="116" T="0" />
		<Point X="133" Y="120" T="0" />
		<Point X="149" Y="137" T="0" />
		<Point X="179" Y="167" T="0" />
		<Point X="208" Y="200" T="0" />
		<Point X="238" Y="231" T="0" />
		<Point X="260" Y="257" T="0" />
		<Point X="275" Y="276" T="0" />
		<Point X="284" Y="290" T="0" />
		<Point X="290" Y="301" T="0" />
		<Point X="294" Y="307" T="0" />
		<Point X="296" Y="313" T="0" />
		<Point X="299" Y="317" T="0" />
		<Point X="300" Y="319" T="0" />
		<Point X="300" Y="321" T="0" />
	</Stroke>
</Gesture> 
