<?xml version="1.0" encoding="utf-8" standalone="yes"?>
<Gesture Name="X08">
	<Stroke>
		<Point X="364" Y="240" T="0" />
		<Point X="361" Y="244" T="0" />
		<Point X="350" Y="256" T="0" />
		<Point X="331" Y="272" T="0" />
		<Point X="307" Y="289" T="0" />
		<Point X="279" Y="310" T="0" />
		<Point X="244" Y="334" T="0" />
		<Point X="211" Y="358" T="0" />
		<Point X="182" Y="382" T="0" />
		<Point X="165" Y="400" T="0" />
		<Point X="159" Y="408" T="0" />
		<Point X="157" Y="411" T="0" />
		<Point X="157" Y="412" T="0" />
		<Point X="156" Y="412" T="0" />
	</Stroke>
	<Stroke>
		<Point X="152" Y="228" T="0" />
		<Point X="152" Y="227" T="0" />
		<Point X="153" Y="227" T="0" />
		<Point X="155" Y="227" T="0" />
		<Point X="157" Y="227" T="0" />
		<Point X="161" Y="227" T="0" />
		<Point X="175" Y="234" T="0" />
		<Point X="199" Y="251" T="0" />
		<Point X="228" Y="277" T="0" />
		<Point X="258" Y="307" T="0" />
		<Point X="285" Y="339" T="0" />
		<Point X="312" Y="369" T="0" />
		<Point X="335" Y="393" T="0" />
		<Point X="352" Y="411" T="0" />
		<Point X="365" Y="424" T="0" />
		<Point X="373" Y="433" T="0" />
		<Point X="380" Y="442" T="0" />
		<Point X="385" Y="449" T="0" />
	</Stroke>
</Gesture> 
