<?xml version="1.0" encoding="utf-8" standalone="yes"?>
<Gesture Name="X09">
	<Stroke>
		<Point X="326" Y="236" T="0" />
		<Point X="326" Y="236" T="0" />
		<Point X="322" Y="241" T="0" />
		<Point X="304" Y="255" T="0" />
		<Point X="275" Y="273" T="0" />
		<Point X="242" Y="296" T="0" />
		<Point X="211" Y="322" T="0" />
		<Point X="192" Y="343" T="0" />
		<Point X="185" Y="354" T="0" />
	</Stroke>
	<Stroke>
		<Point X="195" Y="219" T="0" />
		<Point X="199" Y="222" T="0" />
		<Point X="211" Y="234" T="0" />
		<Point X="229" Y="256" T="0" />
		<Point X="253" Y="289" T="0" />
		<Point X="274" Y="322" T="0" />
		<Point X="293" Y="352" T="0" />
		<Point X="308" Y="373" T="0" />
		<Point X="322" Y="388" T="0" />
		<Point X="331" Y="400" T="0" />
		<Point X="336" Y="405" T="0" />
	</Stroke>
</Gesture> 
