<?xml version="1.0" encoding="utf-8" standalone="yes"?>
<Gesture Name="X10">
	<Stroke>
		<Point X="303" Y="250" T="0" />
		<Point X="303" Y="250" T="0" />
		<Point X="303" Y="250" T="0" />
		<Point X="301" Y="250" T="0" />
		<Point X="293" Y="254" T="0" />
		<Point X="273" Y="260" T="0" />
		<Point X="250" Y="266" T="0" />
		<Point X="222" Y="278" T="0" />
		<Point X="195" Y="293" T="0" />
		<Point X="171" Y="313" T="0" />
		<Point X="152" Y="331" T="0" />
		<Point X="140" Y="342" T="0" />
		<Point X="135" Y="349" T="0" />
	</Stroke>
	<Stroke>
		<Point X="155" Y="213" T="0" />
		<Point X="159" Y="215" T="0" />
		<Point X="167" Y="221" T="0" />
		<Point X="183" Y="234" T="0" />
		<Point X="206" Y="257" T="0" />
		<Point X="225" Y="281" T="0" />
		<Point X="241" Y="306" T="0" />
		<Point X="253" Y="333" T="0" />
		<Point X="261" Y="353" T="0" />
		<Point X="267" Y="371" T="0" />
		<Point X="273" Y="383" T="0" />
		<Point X="276" Y="388" T="0" />
		<Point X="278" Y="391" T="0" />
	</Stroke>
</Gesture> 
