<?xml version="1.0" encoding="utf-8" standalone="yes"?>
<Gesture Name="Pigtail9" NumPts="25">
	<Point X="114" Y="296" T="undefined" />
	<Point X="126" Y="296" T="undefined" />
	<Point X="152" Y="291" T="undefined" />
	<Point X="222" Y="277" T="undefined" />
	<Point X="266" Y="262" T="undefined" />
	<Point X="286" Y="252" T="undefined" />
	<Point X="300" Y="239" T="undefined" />
	<Point X="306" Y="230" T="undefined" />
	<Point X="306" Y="213" T="undefined" />
	<Point X="302" Y="199" T="undefined" />
	<Point X="295" Y="188" T="undefined" />
	<Point X="285" Y="176" T="undefined" />
	<Point X="279" Y="171" T="undefined" />
	<Point X="274" Y="169" T="undefined" />
	<Point X="264" Y="172" T="undefined" />
	<Point X="254" Y="184" T="undefined" />
	<Point X="247" Y="202" T="undefined" />
	<Point X="244" Y="236" T="undefined" />
	<Point X="251" Y="256" T="undefined" />
	<Point X="279" Y="287" T="undefined" />
	<Point X="322" Y="308" T="undefined" />
	<Point X="378" Y="326" T="undefined" />
	<Point X="430" Y="338" T="undefined" />
	<Point X="443" Y="338" T="undefined" />
	<Point X="449" Y="336" T="undefined" />
</Gesture>