<?xml version="1.0" encoding="utf-8" standalone="yes"?>
<Gesture Name="Pigtail1" NumPts="28">
	<Point X="86" Y="229" T="undefined" />
	<Point X="90" Y="229" T="undefined" />
	<Point X="100" Y="227" T="undefined" />
	<Point X="142" Y="221" T="undefined" />
	<Point X="212" Y="216" T="undefined" />
	<Point X="280" Y="208" T="undefined" />
	<Point X="293" Y="204" T="undefined" />
	<Point X="312" Y="196" T="undefined" />
	<Point X="316" Y="190" T="undefined" />
	<Point X="318" Y="184" T="undefined" />
	<Point X="318" Y="178" T="undefined" />
	<Point X="314" Y="170" T="undefined" />
	<Point X="306" Y="162" T="undefined" />
	<Point X="295" Y="154" T="undefined" />
	<Point X="275" Y="144" T="undefined" />
	<Point X="264" Y="144" T="undefined" />
	<Point X="251" Y="149" T="undefined" />
	<Point X="236" Y="163" T="undefined" />
	<Point X="226" Y="182" T="undefined" />
	<Point X="221" Y="203" T="undefined" />
	<Point X="223" Y="223" T="undefined" />
	<Point X="231" Y="236" T="undefined" />
	<Point X="248" Y="250" T="undefined" />
	<Point X="278" Y="264" T="undefined" />
	<Point X="340" Y="282" T="undefined" />
	<Point X="367" Y="283" T="undefined" />
	<Point X="378" Y="283" T="undefined" />
	<Point X="381" Y="280" T="undefined" />
</Gesture>