<?xml version="1.0" encoding="utf-8" standalone="yes"?>
<Gesture Name="Pigtail2" NumPts="28">
	<Point X="43" Y="257" T="undefined" />
	<Point X="46" Y="257" T="undefined" />
	<Point X="54" Y="255" T="undefined" />
	<Point X="110" Y="248" T="undefined" />
	<Point X="240" Y="236" T="undefined" />
	<Point X="274" Y="232" T="undefined" />
	<Point X="328" Y="222" T="undefined" />
	<Point X="357" Y="208" T="undefined" />
	<Point X="362" Y="197" T="undefined" />
	<Point X="362" Y="188" T="undefined" />
	<Point X="359" Y="176" T="undefined" />
	<Point X="354" Y="168" T="undefined" />
	<Point X="344" Y="160" T="undefined" />
	<Point X="328" Y="155" T="undefined" />
	<Point X="310" Y="151" T="undefined" />
	<Point X="292" Y="152" T="undefined" />
	<Point X="269" Y="162" T="undefined" />
	<Point X="248" Y="182" T="undefined" />
	<Point X="230" Y="216" T="undefined" />
	<Point X="231" Y="236" T="undefined" />
	<Point X="242" Y="256" T="undefined" />
	<Point X="266" Y="270" T="undefined" />
	<Point X="314" Y="287" T="undefined" />
	<Point X="364" Y="297" T="undefined" />
	<Point X="395" Y="300" T="undefined" />
	<Point X="410" Y="300" T="undefined" />
	<Point X="415" Y="298" T="undefined" />
	<Point X="416" Y="296" T="undefined" />
</Gesture>