<?xml version="1.0" encoding="utf-8" standalone="yes"?>
<Gesture Name="Pigtail0" NumPts="30">
	<Point X="215" Y="286" T="undefined" />
	<Point X="216" Y="286" T="undefined" />
	<Point X="218" Y="284" T="undefined" />
	<Point X="229" Y="279" T="undefined" />
	<Point X="256" Y="266" T="undefined" />
	<Point X="277" Y="252" T="undefined" />
	<Point X="293" Y="242" T="undefined" />
	<Point X="306" Y="231" T="undefined" />
	<Point X="316" Y="220" T="undefined" />
	<Point X="323" Y="209" T="undefined" />
	<Point X="329" Y="196" T="undefined" />
	<Point X="331" Y="185" T="undefined" />
	<Point X="331" Y="180" T="undefined" />
	<Point X="328" Y="176" T="undefined" />
	<Point X="324" Y="175" T="undefined" />
	<Point X="320" Y="174" T="undefined" />
	<Point X="314" Y="176" T="undefined" />
	<Point X="305" Y="182" T="undefined" />
	<Point X="294" Y="195" T="undefined" />
	<Point X="285" Y="216" T="undefined" />
	<Point X="284" Y="228" T="undefined" />
	<Point X="288" Y="240" T="undefined" />
	<Point X="299" Y="255" T="undefined" />
	<Point X="316" Y="268" T="undefined" />
	<Point X="338" Y="278" T="undefined" />
	<Point X="355" Y="281" T="undefined" />
	<Point X="364" Y="282" T="undefined" />
	<Point X="368" Y="282" T="undefined" />
	<Point X="371" Y="282" T="undefined" />
	<Point X="372" Y="282" T="undefined" />
</Gesture>