<?xml version="1.0" encoding="utf-8" standalone="yes"?>
<Gesture Name="Pigtail7" NumPts="29">
	<Point X="121" Y="236" T="undefined" />
	<Point X="128" Y="232" T="undefined" />
	<Point X="138" Y="225" T="undefined" />
	<Point X="159" Y="209" T="undefined" />
	<Point X="176" Y="193" T="undefined" />
	<Point X="187" Y="177" T="undefined" />
	<Point X="198" Y="156" T="undefined" />
	<Point X="199" Y="144" T="undefined" />
	<Point X="198" Y="135" T="undefined" />
	<Point X="194" Y="124" T="undefined" />
	<Point X="191" Y="120" T="undefined" />
	<Point X="186" Y="115" T="undefined" />
	<Point X="182" Y="112" T="undefined" />
	<Point X="178" Y="110" T="undefined" />
	<Point X="175" Y="110" T="undefined" />
	<Point X="170" Y="110" T="undefined" />
	<Point X="166" Y="114" T="undefined" />
	<Point X="162" Y="120" T="undefined" />
	<Point X="157" Y="139" T="undefined" />
	<Point X="156" Y="154" T="undefined" />
	<Point X="161" Y="171" T="undefined" />
	<Point X="179" Y="198" T="undefined" />
	<Point X="190" Y="206" T="undefined" />
	<Point X="202" Y="213" T="undefined" />
	<Point X="208" Y="213" T="undefined" />
	<Point X="212" Y="213" T="undefined" />
	<Point X="214" Y="212" T="undefined" />
	<Point X="215" Y="212" T="undefined" />
	<Point X="216" Y="212" T="undefined" />
</Gesture>