<?xml version="1.0" encoding="utf-8" standalone="yes"?>
<Gesture Name="Pigtail3" NumPts="34">
	<Point X="116" Y="304" T="undefined" />
	<Point X="116" Y="304" T="undefined" />
	<Point X="117" Y="304" T="undefined" />
	<Point X="121" Y="303" T="undefined" />
	<Point X="128" Y="302" T="undefined" />
	<Point X="142" Y="299" T="undefined" />
	<Point X="180" Y="291" T="undefined" />
	<Point X="209" Y="284" T="undefined" />
	<Point X="234" Y="275" T="undefined" />
	<Point X="258" Y="262" T="undefined" />
	<Point X="277" Y="246" T="undefined" />
	<Point X="291" Y="230" T="undefined" />
	<Point X="301" Y="213" T="undefined" />
	<Point X="308" Y="191" T="undefined" />
	<Point X="311" Y="172" T="undefined" />
	<Point X="310" Y="155" T="undefined" />
	<Point X="307" Y="148" T="undefined" />
	<Point X="300" Y="144" T="undefined" />
	<Point X="292" Y="144" T="undefined" />
	<Point X="278" Y="145" T="undefined" />
	<Point X="266" Y="151" T="undefined" />
	<Point X="252" Y="162" T="undefined" />
	<Point X="242" Y="175" T="undefined" />
	<Point X="233" Y="194" T="undefined" />
	<Point X="230" Y="220" T="undefined" />
	<Point X="237" Y="243" T="undefined" />
	<Point X="256" Y="269" T="undefined" />
	<Point X="301" Y="309" T="undefined" />
	<Point X="360" Y="346" T="undefined" />
	<Point X="416" Y="374" T="undefined" />
	<Point X="444" Y="383" T="undefined" />
	<Point X="460" Y="386" T="undefined" />
	<Point X="468" Y="382" T="undefined" />
	<Point X="468" Y="381" T="undefined" />
</Gesture>